-- MySQL dump 10.13  Distrib 8.1.0, for Linux (x86_64)
--
-- Host: localhost    Database: shoptopus
-- ------------------------------------------------------
-- Server version	8.1.0

/*!40101 SET @OLD_CHARACTER_SET_CLIENT=@@CHARACTER_SET_CLIENT */;
/*!40101 SET @OLD_CHARACTER_SET_RESULTS=@@CHARACTER_SET_RESULTS */;
/*!40101 SET @OLD_COLLATION_CONNECTION=@@COLLATION_CONNECTION */;
/*!50503 SET NAMES utf8mb4 */;
/*!40103 SET @OLD_TIME_ZONE=@@TIME_ZONE */;
/*!40103 SET TIME_ZONE='+00:00' */;
/*!40014 SET @OLD_UNIQUE_CHECKS=@@UNIQUE_CHECKS, UNIQUE_CHECKS=0 */;
/*!40014 SET @OLD_FOREIGN_KEY_CHECKS=@@FOREIGN_KEY_CHECKS, FOREIGN_KEY_CHECKS=0 */;
/*!40101 SET @OLD_SQL_MODE=@@SQL_MODE, SQL_MODE='NO_AUTO_VALUE_ON_ZERO' */;
/*!40111 SET @OLD_SQL_NOTES=@@SQL_NOTES, SQL_NOTES=0 */;

--
-- Table structure for table `access_tokens`
--

DROP TABLE IF EXISTS `access_tokens`;
/*!40101 SET @saved_cs_client     = @@character_set_client */;
/*!50503 SET character_set_client = utf8mb4 */;
CREATE TABLE `access_tokens` (
  `id` char(36) COLLATE utf8mb4_unicode_ci NOT NULL,
  `type` int NOT NULL DEFAULT '0',
  `token` varchar(120) COLLATE utf8mb4_unicode_ci NOT NULL,
  `accessable_type` varchar(255) COLLATE utf8mb4_unicode_ci NOT NULL,
  `accessable_id` char(36) COLLATE utf8mb4_unicode_ci NOT NULL,
  `user_id` char(36) COLLATE utf8mb4_unicode_ci DEFAULT NULL,
  `issuer_user_id` char(36) COLLATE utf8mb4_unicode_ci DEFAULT NULL,
  `expiry` timestamp NULL DEFAULT NULL,
  `created_at` timestamp NULL DEFAULT NULL,
  `updated_at` timestamp NULL DEFAULT NULL,
  PRIMARY KEY (`id`),
  KEY `access_tokens_accessable_type_accessable_id_index` (`accessable_type`,`accessable_id`),
  KEY `access_tokens_user_id_foreign` (`user_id`),
  KEY `access_tokens_issuer_user_id_foreign` (`issuer_user_id`),
  CONSTRAINT `access_tokens_issuer_user_id_foreign` FOREIGN KEY (`issuer_user_id`) REFERENCES `users` (`id`) ON DELETE SET NULL,
  CONSTRAINT `access_tokens_user_id_foreign` FOREIGN KEY (`user_id`) REFERENCES `users` (`id`) ON DELETE SET NULL
) ENGINE=InnoDB DEFAULT CHARSET=utf8mb4 COLLATE=utf8mb4_unicode_ci;
/*!40101 SET character_set_client = @saved_cs_client */;

--
-- Dumping data for table `access_tokens`
--

LOCK TABLES `access_tokens` WRITE;
/*!40000 ALTER TABLE `access_tokens` DISABLE KEYS */;
INSERT INTO `access_tokens` VALUES ('9a747889-02ff-491b-9578-1768e60ced36',1,'ULFHBJYLKQ11N7YGMM0T','App\\Models\\Invoice','9a747889-00a5-477b-bf11-738e34059ad7','9a7477c8-25ff-4d98-bbe7-890b083f96ce','9a7477c8-25ff-4d98-bbe7-890b083f96ce',NULL,'2023-10-25 16:11:31','2023-10-25 16:11:31'),('9a747889-3a4a-4d5c-bc87-fc7604bd0ea4',1,'I05XV0I89YC710SGNO1C','App\\Models\\Invoice','9a747889-3829-49ea-93ba-13f98a33e7e6','9a7477c7-7ead-4c61-9d86-2080d2ddf454','9a7477c7-7ead-4c61-9d86-2080d2ddf454',NULL,'2023-10-25 16:11:31','2023-10-25 16:11:31'),('9a74788a-1092-44fb-9c9e-10d889ecd7c9',1,'3D64X9O5NSG3YK5FGXZD','App\\Models\\Invoice','9a74788a-0d55-4240-b1f9-e71d309f0ab8','9a7477c6-d69d-4b04-8ae0-ba3c2032eb07','9a7477c6-d69d-4b04-8ae0-ba3c2032eb07',NULL,'2023-10-25 16:11:31','2023-10-25 16:11:31'),('9a74788a-8171-44d6-bac1-dcd7a64d9440',1,'8MWC00N759L822UM0EBD','App\\Models\\Invoice','9a74788a-7ed1-4585-b8ef-9d0d2753653b','9a7477c7-1ec4-450c-b612-c3e1d0d36f17','9a7477c7-1ec4-450c-b612-c3e1d0d36f17',NULL,'2023-10-25 16:11:32','2023-10-25 16:11:32'),('9a74788b-4b52-4828-bbf2-4ee8c63af57a',1,'BAKVG9JM9UJ5RHKZUD1U','App\\Models\\Invoice','9a74788b-46b4-46ba-962a-5e95553080ed','9a7477c6-bbd4-4684-b36d-e261bae399ac','9a7477c6-bbd4-4684-b36d-e261bae399ac',NULL,'2023-10-25 16:11:32','2023-10-25 16:11:32'),('9a74788b-aa04-40a1-abbe-28101c1ad847',1,'XUE1UONCYWYNG960HFHY','App\\Models\\Invoice','9a74788b-a7b3-41d5-8daa-6017d99a2dcf','9a7477c7-7ead-4c61-9d86-2080d2ddf454','9a7477c7-7ead-4c61-9d86-2080d2ddf454',NULL,'2023-10-25 16:11:33','2023-10-25 16:11:33'),('9a74788c-7e07-4e9f-a41b-6cc0507ed551',1,'DUUXMIW0CFIFVCKWQW5Q','App\\Models\\Invoice','9a74788c-79e5-4ec0-b3b1-543c0a6f3232','9a7477c7-969d-4b87-952e-a426043095ae','9a7477c7-969d-4b87-952e-a426043095ae',NULL,'2023-10-25 16:11:33','2023-10-25 16:11:33'),('9a74788d-7f1f-43a8-9ecb-4de2038f8060',1,'SDBOV5W6EGRXFVLYLL7R','App\\Models\\Invoice','9a74788d-7b79-42a9-a90b-608cf3f7c2bb','9a7477c8-25ff-4d98-bbe7-890b083f96ce','9a7477c8-25ff-4d98-bbe7-890b083f96ce',NULL,'2023-10-25 16:11:34','2023-10-25 16:11:34'),('9a74788e-3d33-4fd4-a17d-bc87d029cf24',1,'TI8UCMT7E9VUQ7CTR9ZM','App\\Models\\Invoice','9a74788e-3a85-4f49-b547-b61ebae9c4e1','9a7477c7-667a-4918-a02c-4319b5591f4c','9a7477c7-667a-4918-a02c-4319b5591f4c',NULL,'2023-10-25 16:11:34','2023-10-25 16:11:34'),('9a74788f-210d-4421-8927-6a905330e395',1,'82372F7WH0QTQJOO6H10','App\\Models\\Invoice','9a74788f-1d40-4575-9f48-7a52cd6f5987','9a7477c7-c67a-4f01-9724-83c4cd0f8d49','9a7477c7-c67a-4f01-9724-83c4cd0f8d49',NULL,'2023-10-25 16:11:35','2023-10-25 16:11:35'),('9a74788f-9db3-49b4-873b-a404d93de242',1,'KS7DECBWUPURX379T00C','App\\Models\\Invoice','9a74788f-9b11-43b7-940b-0c45c15e56ec','9a7477c8-25ff-4d98-bbe7-890b083f96ce','9a7477c8-25ff-4d98-bbe7-890b083f96ce',NULL,'2023-10-25 16:11:35','2023-10-25 16:11:35'),('9a747890-853e-4bee-9c46-fbb033a90e3d',1,'UOB0KVSL7798SJOWS0AX','App\\Models\\Invoice','9a747890-8185-4a9e-a7d6-fccdf620d334','9a7477c6-bbd4-4684-b36d-e261bae399ac','9a7477c6-bbd4-4684-b36d-e261bae399ac',NULL,'2023-10-25 16:11:36','2023-10-25 16:11:36'),('9a747891-6875-46df-8797-c5fe4a2b377a',1,'KOH1QXKZC85IB5ZSQGS5','App\\Models\\Invoice','9a747891-63c8-4696-95dc-2abb27ea7dc9','9a7477c6-ee5e-48b5-95f4-9d8a18c386d4','9a7477c6-ee5e-48b5-95f4-9d8a18c386d4',NULL,'2023-10-25 16:11:36','2023-10-25 16:11:36'),('9a747892-1df7-4b82-8136-d38c3d7d8a7e',1,'98D3WERDIUO15HSBK1HO','App\\Models\\Invoice','9a747892-1a09-4d03-97ea-1e1ac62acef9','9a7477c7-7ead-4c61-9d86-2080d2ddf454','9a7477c7-7ead-4c61-9d86-2080d2ddf454',NULL,'2023-10-25 16:11:37','2023-10-25 16:11:37'),('9a747892-7f4b-4f8f-844d-2072a19ce15b',1,'PEDCVI2FBB45P2I9VFSV','App\\Models\\Invoice','9a747892-7d8d-4145-af2e-d00186c1c518','9a7477c7-ae56-44de-b2df-b5460720ed54','9a7477c7-ae56-44de-b2df-b5460720ed54',NULL,'2023-10-25 16:11:37','2023-10-25 16:11:37');
/*!40000 ALTER TABLE `access_tokens` ENABLE KEYS */;
UNLOCK TABLES;

--
-- Table structure for table `addresses`
--

DROP TABLE IF EXISTS `addresses`;
/*!40101 SET @saved_cs_client     = @@character_set_client */;
/*!50503 SET character_set_client = utf8mb4 */;
CREATE TABLE `addresses` (
  `id` char(36) COLLATE utf8mb4_unicode_ci NOT NULL,
  `address_line_1` varchar(255) COLLATE utf8mb4_unicode_ci NOT NULL,
  `town` varchar(255) COLLATE utf8mb4_unicode_ci NOT NULL,
  `post_code` varchar(255) COLLATE utf8mb4_unicode_ci NOT NULL,
  `slug` varchar(255) COLLATE utf8mb4_unicode_ci NOT NULL,
  `user_id` char(36) COLLATE utf8mb4_unicode_ci NOT NULL,
  `country` varchar(255) COLLATE utf8mb4_unicode_ci NOT NULL DEFAULT 'UK',
  `name` varchar(255) COLLATE utf8mb4_unicode_ci DEFAULT NULL,
  `address_line_2` varchar(255) COLLATE utf8mb4_unicode_ci DEFAULT NULL,
  `lat` varchar(255) COLLATE utf8mb4_unicode_ci DEFAULT NULL,
  `lon` varchar(255) COLLATE utf8mb4_unicode_ci DEFAULT NULL,
  `deleted_at` timestamp NULL DEFAULT NULL,
  `created_at` timestamp NULL DEFAULT NULL,
  `updated_at` timestamp NULL DEFAULT NULL,
  PRIMARY KEY (`id`),
  KEY `addresses_user_id_foreign` (`user_id`),
  CONSTRAINT `addresses_user_id_foreign` FOREIGN KEY (`user_id`) REFERENCES `users` (`id`)
) ENGINE=InnoDB DEFAULT CHARSET=utf8mb4 COLLATE=utf8mb4_unicode_ci;
/*!40101 SET character_set_client = @saved_cs_client */;

--
-- Dumping data for table `addresses`
--

LOCK TABLES `addresses` WRITE;
/*!40000 ALTER TABLE `addresses` DISABLE KEYS */;
INSERT INTO `addresses` VALUES ('9a747881-af27-46d8-b6eb-c5f81accadfa','250 Mitchell Harbours','Isaacton','L39 3LJ','mr-darren-hall-isaacton','9a7477c6-a3c1-4f67-af2f-3af0242aa9e5','UK',NULL,NULL,'-72.545181','81.454462',NULL,'2023-10-25 16:11:26','2023-10-25 16:11:26'),('9a747881-b105-4b19-ab55-f1a85dd95b3f','67 Eden Pines','Port Sofia','L25 2NW','alice-cooper-port-sofia','9a7477c6-bbd4-4684-b36d-e261bae399ac','UK',NULL,NULL,'-10.151721','96.881978',NULL,'2023-10-25 16:11:26','2023-10-25 16:11:26'),('9a747881-b307-4056-be3e-544936377f45','8 Harris Lights','New Sashachester','BR6 9XJ','jackson-khan-new-sashachester','9a7477c6-d69d-4b04-8ae0-ba3c2032eb07','UK',NULL,NULL,'76.928937','19.370465',NULL,'2023-10-25 16:11:26','2023-10-25 16:11:26'),('9a747881-b4ab-431a-be18-e03176fb2d67','5 Allen Springs','Lake Henry','BB4 5TZ','eleanor-holmes-lake-henry','9a7477c6-ee5e-48b5-95f4-9d8a18c386d4','UK',NULL,NULL,'-88.136726','93.504511',NULL,'2023-10-25 16:11:26','2023-10-25 16:11:26'),('9a747881-b66d-41bf-9c29-b15504ebb1b2','2 Sienna Meadow','Jonesport','LN5 9WR','ian-cox-jonesport','9a7477c7-06b7-4064-b652-e54ed0ab9bf7','UK',NULL,NULL,'-67.428131','80.496620',NULL,'2023-10-25 16:11:26','2023-10-25 16:11:26'),('9a747881-b83e-48ee-b583-21b5d65746ae','Studio 19h Bailey Canyon','Eileenport','WV99 1RG','florence-cox-eileenport','9a7477c7-1ec4-450c-b612-c3e1d0d36f17','UK',NULL,NULL,'-45.469859','-147.550215',NULL,'2023-10-25 16:11:26','2023-10-25 16:11:26'),('9a747881-b9f9-4576-931a-8b89f715c0e8','Flat 45 Thomas Dam','West Jamesbury','HU14 3EB','samuel-murphy-west-jamesbury','9a7477c7-3689-4311-8dd2-da7122fbf656','UK',NULL,NULL,'68.527973','-140.453261',NULL,'2023-10-25 16:11:26','2023-10-25 16:11:26'),('9a747881-bb9c-4ddf-a00e-a7714ddaa9e5','Flat 41n Powell Centers','Woodborough','DD3 8ES','jodie-johnson-woodborough','9a7477c7-4ea9-432a-a312-783a04963eb2','UK',NULL,NULL,'71.700288','-129.193896',NULL,'2023-10-25 16:11:26','2023-10-25 16:11:26'),('9a747881-bd6c-47d6-b527-6eae46bf5bf2','Flat 76 Sarah Heights','Cooperview','BR6 9XJ','jordan-adams-cooperview','9a7477c7-667a-4918-a02c-4319b5591f4c','UK',NULL,NULL,'46.151568','175.665827',NULL,'2023-10-25 16:11:26','2023-10-25 16:11:26'),('9a747881-bf48-4af2-8446-35098bedcb53','Flat 98 Baker Lane','Alisonhaven','NP44 4PE','gavin-holmes-alisonhaven','9a7477c7-7ead-4c61-9d86-2080d2ddf454','UK',NULL,NULL,'-68.236771','172.849723',NULL,'2023-10-25 16:11:26','2023-10-25 16:11:26'),('9a747881-c0f6-45ea-8c0d-03fec7380979','Flat 61u Scott Coves','Beckyborough','EH26 0LE','gavin-holmes-beckyborough','9a7477c7-7ead-4c61-9d86-2080d2ddf454','UK',NULL,NULL,'-68.236771','172.849723',NULL,'2023-10-25 16:11:26','2023-10-25 16:11:26'),('9a747881-c2b5-4404-8025-c087631e712f','537 Ward Walk','South Tonyshire','RM14 3PA','lucy-martin-south-tonyshire','9a7477c7-969d-4b87-952e-a426043095ae','UK',NULL,NULL,'-79.796876','128.528690',NULL,'2023-10-25 16:11:26','2023-10-25 16:11:26'),('9a747881-c46f-4913-9521-a4f5ce45ad68','96 Ian Falls','Karlborough','PO17 5HZ','ashley-shaw-karlborough','9a7477c7-ae56-44de-b2df-b5460720ed54','UK',NULL,NULL,'30.519391','-39.778628',NULL,'2023-10-25 16:11:26','2023-10-25 16:11:26'),('9a747881-c65d-4b51-ba76-1eeb8a9c1729','Flat 97f Fox Cliffs','Russellland','LE11 9DA','tiffany-roberts-russellland','9a7477c7-c67a-4f01-9724-83c4cd0f8d49','UK',NULL,NULL,'-50.257994','-113.610780',NULL,'2023-10-25 16:11:26','2023-10-25 16:11:26'),('9a747881-c81d-4fc0-a2ce-58c566720c99','Flat 62a Chapman Valleys','South Martin','TR10 8QN','rosie-cook-south-martin','9a7477c7-de74-448f-8217-14bd8011981b','UK',NULL,NULL,'43.467040','-135.799870',NULL,'2023-10-25 16:11:26','2023-10-25 16:11:26'),('9a747881-c9d9-4c39-b0f0-7be802d6683c','Studio 17 Dan Land','Parkerstad','BD9 4EF','charles-shaw-parkerstad','9a7477c7-f651-4276-9796-ce8dca896fde','UK',NULL,NULL,'-35.112060','-8.659202',NULL,'2023-10-25 16:11:26','2023-10-25 16:11:26'),('9a747881-cb8e-4b92-90a5-4a9574b99a42','Studio 11 Amelia Extensions','Chelseahaven','FK3 8EP','rosie-thomas-chelseahaven','9a7477c8-0e11-4ac1-9af9-bff1f38ec974','UK',NULL,NULL,'41.790133','-67.283085',NULL,'2023-10-25 16:11:26','2023-10-25 16:11:26'),('9a747881-cd46-40f9-899b-63353fe7ba54','Studio 23 Miller Burgs','Port Gordonmouth','M44 6ZR','mr-roland-treiber-port-gordonmouth','9a7477c8-25ff-4d98-bbe7-890b083f96ce','UK',NULL,NULL,'82.270890','-47.616283',NULL,'2023-10-25 16:11:26','2023-10-25 16:11:26'),('9a747881-cf0e-4a89-85bd-3fc24d7cf61d','Studio 55 Ward Wall','Lillyfort','LA12 0HX','mr-roland-treiber-lillyfort','9a7477c8-25ff-4d98-bbe7-890b083f96ce','UK',NULL,NULL,'82.270890','-47.616283',NULL,'2023-10-25 16:11:26','2023-10-25 16:11:26');
/*!40000 ALTER TABLE `addresses` ENABLE KEYS */;
UNLOCK TABLES;

--
-- Table structure for table `banners`
--

DROP TABLE IF EXISTS `banners`;
/*!40101 SET @saved_cs_client     = @@character_set_client */;
/*!50503 SET character_set_client = utf8mb4 */;
CREATE TABLE `banners` (
  `id` char(36) COLLATE utf8mb4_unicode_ci NOT NULL,
  `title` text COLLATE utf8mb4_unicode_ci,
  `description` text COLLATE utf8mb4_unicode_ci,
  `background_image` json DEFAULT NULL,
  `show_button` tinyint(1) NOT NULL DEFAULT '0',
  `button_text` text COLLATE utf8mb4_unicode_ci,
  `button_url` varchar(255) COLLATE utf8mb4_unicode_ci DEFAULT NULL,
  `enabled` tinyint(1) NOT NULL DEFAULT '1',
  `total_clicks` bigint unsigned NOT NULL DEFAULT '0',
  `slug` varchar(255) COLLATE utf8mb4_unicode_ci NOT NULL,
  `deleted_at` timestamp NULL DEFAULT NULL,
  `created_at` timestamp NULL DEFAULT NULL,
  `updated_at` timestamp NULL DEFAULT NULL,
  PRIMARY KEY (`id`)
) ENGINE=InnoDB DEFAULT CHARSET=utf8mb4 COLLATE=utf8mb4_unicode_ci;
/*!40101 SET character_set_client = @saved_cs_client */;

--
-- Dumping data for table `banners`
--

LOCK TABLES `banners` WRITE;
/*!40000 ALTER TABLE `banners` DISABLE KEYS */;
INSERT INTO `banners` VALUES ('9a74787e-42d3-469c-80b3-65f68151c937','{\"de\":\"Schicke Styles f\\u00fcr moderne Frauen \\u2013 Entdecken Sie unsere neueste Kollektion!\",\"fr\":\"Styles chics pour les femmes modernes - Explorez notre derni\\u00e8re collection\\u00a0!\",\"en\":\"Chic Styles for Modern Women - Explore Our Latest Collection!\"}','{\"de\":\"Entdecken Sie trendige Damenbekleidung, perfekt f\\u00fcr jeden Anlass. Kaufen Sie jetzt die neuesten Mode-Must-haves!\",\"fr\":\"D\\u00e9couvrez des v\\u00eatements pour femmes tendance, parfaits pour toutes les occasions. Achetez maintenant les derniers incontournables de la mode\\u00a0!\",\"en\":\"Discover trendy ladies\' clothing, perfect for every occasion. Shop now for the latest fashion must-haves!\"}','{\"url\": \"https://shoptopus.test/sample-store-data/sample-store-1/banner-1.jpg\", \"file_name\": \"banner-1.jpg\"}',1,'{\"de\":\"Entdecken\",\"fr\":\"D\\u00e9couvrir\",\"en\":\"Discover\"}','http://localhost:3000/categories/womans-clothing-1',1,0,'chic-styles-for-modern-women-explore-our-latest-collection',NULL,'2023-10-25 16:11:23','2023-10-25 16:11:24'),('9a74787f-3788-46a6-9cd9-3913d6d1c3c3','{\"de\":\"Steigern Sie Ihren Stil mit Herren-Sneakern \\u2013 holen Sie sich jetzt die angesagtesten Sneaker!\",\"fr\":\"Am\\u00e9liorez votre style avec des baskets pour hommes - Obtenez les chaussures les plus chaudes maintenant !\",\"en\":\"Step Up Your Style with Men\'s Sneakers - Get the Hottest Kicks Now!\"}','{\"de\":\"Erweitern Sie Ihr Schuhwerk mit unserer neuesten Herren-Sneaker-Kollektion. Komfort und Stil bei jedem Schritt. Jetzt einkaufen!\",\"fr\":\"Am\\u00e9liorez votre jeu de chaussures avec notre derni\\u00e8re collection de baskets pour hommes. Confort et style \\u00e0 chaque \\u00e9tape. Achetez maintenant!\",\"en\":\"Elevate your footwear game with our latest men\'s sneakers collection. Comfort and style in every step. Shop now!\"}','{\"url\": \"https://shoptopus.test/sample-store-data/sample-store-1/banner-2.jpg\", \"file_name\": \"banner-2.jpg\"}',1,'{\"de\":\"H\\u00f6r zu\",\"fr\":\"V\\u00e9rifiez-le\",\"en\":\"Check it out\"}','http://localhost:3000/categories/mens-footwear-sneakers-1',1,0,'step-up-your-style-with-mens-sneakers-get-the-hottest-kicks-now',NULL,'2023-10-25 16:11:24','2023-10-25 16:11:24'),('9a747880-03f9-4ce1-83cc-ea5900d09d52','{\"de\":\"2\\u00a0\\u00a3 Rabatt auf alle Herrenaccessoires!\",\"fr\":\"2\\u00a0\\u20ac de r\\u00e9duction sur tous les accessoires pour hommes\\u00a0!\",\"en\":\"\\u00a32 off from all men\'s accessories!\"}','{\"de\":\"Sparen Sie mehr bei Krawatten, Schmuck und Sonnenbrillen!\",\"fr\":\"\\u00c9conomisez davantage sur les cravates, les bijoux et les lunettes de soleil\\u00a0!\",\"en\":\"Save more on ties, jewellery and sunglasses!\"}','{\"url\": \"https://shoptopus.test/sample-store-data/sample-store-1/banner-3.jpg\", \"file_name\": \"banner-3.jpg\"}',1,'{\"de\":\"H\\u00f6r zu\",\"fr\":\"V\\u00e9rifiez-le\",\"en\":\"Check it out\"}','http://localhost:3000/categories/mens-accessories-1',1,0,'ps2-off-from-all-mens-accessories',NULL,'2023-10-25 16:11:24','2023-10-25 16:11:25');
/*!40000 ALTER TABLE `banners` ENABLE KEYS */;
UNLOCK TABLES;

--
-- Table structure for table `cart_product`
--

DROP TABLE IF EXISTS `cart_product`;
/*!40101 SET @saved_cs_client     = @@character_set_client */;
/*!50503 SET character_set_client = utf8mb4 */;
CREATE TABLE `cart_product` (
  `cart_id` char(36) COLLATE utf8mb4_unicode_ci DEFAULT NULL,
  `product_id` char(36) COLLATE utf8mb4_unicode_ci DEFAULT NULL,
  `product_variant_id` char(36) COLLATE utf8mb4_unicode_ci DEFAULT NULL,
  `quantity` bigint unsigned NOT NULL DEFAULT '1',
  UNIQUE KEY `cart_product_cart_id_product_id_unique` (`cart_id`,`product_id`),
  KEY `cart_product_product_id_foreign` (`product_id`),
  KEY `cart_product_product_variant_id_foreign` (`product_variant_id`),
  CONSTRAINT `cart_product_cart_id_foreign` FOREIGN KEY (`cart_id`) REFERENCES `carts` (`id`) ON DELETE CASCADE,
  CONSTRAINT `cart_product_product_id_foreign` FOREIGN KEY (`product_id`) REFERENCES `products` (`id`) ON DELETE CASCADE,
  CONSTRAINT `cart_product_product_variant_id_foreign` FOREIGN KEY (`product_variant_id`) REFERENCES `product_variants` (`id`) ON DELETE CASCADE
) ENGINE=InnoDB DEFAULT CHARSET=utf8mb4 COLLATE=utf8mb4_unicode_ci;
/*!40101 SET character_set_client = @saved_cs_client */;

--
-- Dumping data for table `cart_product`
--

LOCK TABLES `cart_product` WRITE;
/*!40000 ALTER TABLE `cart_product` DISABLE KEYS */;
INSERT INTO `cart_product` VALUES ('9a7477c6-43d2-40e3-ba89-2e48444c233d','9a74781d-660b-42f7-9e96-ad82a8a8727b','9a747875-548b-4b6a-a290-75ec33a771f3',10),('9a7477c6-43d2-40e3-ba89-2e48444c233d','9a74785f-bb23-4d9c-890e-9c2a5424fb99',NULL,4),('9a7477c6-43d2-40e3-ba89-2e48444c233d','9a74782c-e18a-4cbe-ac40-3290e193835b','9a74786c-37d0-4b32-9640-91a5de4992b9',7),('9a7477c6-43d2-40e3-ba89-2e48444c233d','9a747855-3cdd-4ee0-b980-992ff94eaa1b',NULL,8),('9a7477c6-43d2-40e3-ba89-2e48444c233d','9a747804-8b26-41a2-8a5f-4bd7c6057dc1','9a747873-f850-4410-b5df-696cb3309e6a',4),('9a7477c6-43d2-40e3-ba89-2e48444c233d','9a747859-1df2-4b00-9a06-1d1e16b8a9ab',NULL,3),('9a7477c6-43d2-40e3-ba89-2e48444c233d','9a747849-2324-4c87-8812-df0d42b72937','9a747878-9628-4ac9-98ad-8f1d471f32e9',7),('9a7477c6-43d2-40e3-ba89-2e48444c233d','9a74781f-10cc-4cac-aa74-c373841f91c5','9a747875-6d9a-4214-b414-5ce7816e4eea',4),('9a7477c6-43d2-40e3-ba89-2e48444c233d','9a747857-33f5-401b-a760-bdd76fdad512',NULL,2),('9a7477c6-43d2-40e3-ba89-2e48444c233d','9a747830-7ee3-4148-866d-a8c603645d29','9a747876-a27a-424b-b1e3-06e1002e5a98',4),('9a7477c6-43d2-40e3-ba89-2e48444c233d','9a74780f-98d6-42f3-8756-d49a5f3e340a','9a747874-5cb8-48f9-88da-676ad1f290e6',8),('9a7477c6-43d2-40e3-ba89-2e48444c233d','9a747806-391d-4e45-8f05-a967699cf7c3','9a747874-0931-41bf-82bd-773a479b1af5',2),('9a7477c6-43d2-40e3-ba89-2e48444c233d','9a747822-9309-4a20-b742-b5a3d8b001ba','9a747875-a9ee-4884-a668-cb9c861c2f03',5),('9a7477c6-43d2-40e3-ba89-2e48444c233d','9a7477ee-d2f5-4baf-a7cb-4740c6f1efb0','9a747872-0a6f-415b-828b-3375e578bde4',8),('9a7477c6-43d2-40e3-ba89-2e48444c233d','9a74780c-0553-48c2-94c0-afe7bf9b0a5b','9a74786e-a0a4-4d40-a092-004489d2b1fe',9),('9a7477c6-43d2-40e3-ba89-2e48444c233d','9a747813-4127-43db-b202-ada230ce5277','9a747874-a681-4dd9-94d0-db7ea33d728f',7),('9a7477c6-43d2-40e3-ba89-2e48444c233d','9a74784a-cfea-4b44-93d6-22e4782675d0','9a747871-0be1-4e64-843e-2fa55edd1d7e',7),('9a7477c6-43d2-40e3-ba89-2e48444c233d','9a7477ec-d35c-4c2c-b4ca-7561477e0a93','9a747871-f558-4a68-8303-a2ec7a3f95c1',4),('9a7477c6-43d2-40e3-ba89-2e48444c233d','9a7477f2-28ae-416f-b8ce-8b73a7ff31da','9a747872-3372-459e-a113-399d6538759b',1),('9a7477c6-43d2-40e3-ba89-2e48444c233d','9a747847-75ed-4965-99bf-7a5ce965c8c7','9a747878-7e3b-452a-b8e5-fe8a462b322f',3),('9a7477c6-43d2-40e3-ba89-2e48444c233d','9a747837-fd5e-4cf2-85b4-63a666a3436a','9a747870-5171-4fbe-b5e4-b4e61e98e5a8',8),('9a7477c6-43d2-40e3-ba89-2e48444c233d','9a7477fc-4813-4a1a-9b3a-b484c1c88d7e','9a747873-6146-4191-9ce3-fbdb339dd604',10),('9a7477c6-43d2-40e3-ba89-2e48444c233d','9a74785a-b902-4c00-a22e-92ae6a7aad1b',NULL,6),('9a7477c6-43d2-40e3-ba89-2e48444c233d','9a747811-89af-4477-b351-11ee1cfd0b9b','9a747874-7cd4-47a4-a92e-d9edb991f0f4',8),('9a7477c6-43d2-40e3-ba89-2e48444c233d','9a747829-4ef1-42cc-9708-4a3bc11d5245','9a747876-1ff5-4848-87c4-b8f87e0688c0',7),('9a7477c6-43d2-40e3-ba89-2e48444c233d','9a7477f7-1c74-45c3-93e0-b0bc568265b1','9a747872-a1fe-4f31-af51-ebf19de68b9b',7),('9a7477c6-43d2-40e3-ba89-2e48444c233d','9a7477fa-d268-4d7d-9ebd-30d2560a2f2b','9a747873-00d7-48ab-bbf7-ada0c06badc0',2),('9a7477c6-43d2-40e3-ba89-2e48444c233d','9a74783f-2c3b-4e2e-87ac-b95e6e01782f','9a747877-c5f0-4062-a753-e6b93cf09d3f',10),('9a7477c6-43d2-40e3-ba89-2e48444c233d','9a747868-ccf9-4e97-9e09-96a1cc0888fe',NULL,2),('9a7477c6-43d2-40e3-ba89-2e48444c233d','9a74786a-8a10-4faf-93d8-24010007d01d',NULL,7),('9a7477c6-43d2-40e3-ba89-2e48444c233d','9a747818-5355-407e-b0c3-a0b1f5b8086a','9a747875-0e94-43ce-b58b-a79279da9ccf',4),('9a7477c6-43d2-40e3-ba89-2e48444c233d','9a74780d-d674-4712-aaa2-87e907ee492c','9a74786e-b8b1-4ebd-a4c7-dec42305cee4',8),('9a7477c6-43d2-40e3-ba89-2e48444c233d','9a7477fe-311d-4d90-9b36-4dbed6f0acca','9a747873-8fdd-4d9c-9ad9-d5355cdc0e09',8),('9a7477c7-0947-4162-b0d9-1e8c292559d5','9a747820-e766-4f7c-bf44-d6c971ef2249','9a747875-87ab-47d9-9e17-8395746c9a2c',6),('9a7477c7-0947-4162-b0d9-1e8c292559d5','9a747851-b3f9-44bc-84b0-90f1250c5c3f',NULL,2),('9a7477c7-0947-4162-b0d9-1e8c292559d5','9a747845-b20e-487e-9f86-7b4e736ba01a','9a74786f-eecd-4af2-8472-453dafd322f0',1),('9a7477c7-0947-4162-b0d9-1e8c292559d5','9a747827-84af-4f0f-80f6-4aecb04a913c','9a747876-05d0-4d81-aa04-1a1192df6dda',9),('9a7477c7-0947-4162-b0d9-1e8c292559d5','9a747813-4127-43db-b202-ada230ce5277','9a747874-a681-4dd9-94d0-db7ea33d728f',7),('9a7477c7-0947-4162-b0d9-1e8c292559d5','9a74786a-8a10-4faf-93d8-24010007d01d',NULL,3),('9a7477c7-0947-4162-b0d9-1e8c292559d5','9a74781f-10cc-4cac-aa74-c373841f91c5','9a747875-6d9a-4214-b414-5ce7816e4eea',10),('9a7477c7-0947-4162-b0d9-1e8c292559d5','9a74782b-0e42-45c0-acff-3487b1a8e4c4','9a747876-484d-4013-9ea4-0640e5e7adbd',10),('9a7477c7-0947-4162-b0d9-1e8c292559d5','9a747843-f82f-4313-9d10-2176f954d28d','9a747878-4713-4e63-a338-ee47b4cc109c',2),('9a7477c7-0947-4162-b0d9-1e8c292559d5','9a747861-6022-491e-bb41-832a84e017af',NULL,7),('9a7477c7-0947-4162-b0d9-1e8c292559d5','9a747809-b1c9-4f86-a887-d19fe25ff2d1','9a747874-43c9-42ad-ae46-4a42f14ef2ac',5),('9a7477c7-0947-4162-b0d9-1e8c292559d5','9a7477f2-28ae-416f-b8ce-8b73a7ff31da','9a747872-3b08-4042-bf9b-e73d07ded765',7),('9a7477c7-0947-4162-b0d9-1e8c292559d5','9a7477fe-311d-4d90-9b36-4dbed6f0acca','9a747873-978c-4b8b-8df8-cf129c9f57a7',3),('9a7477c7-0947-4162-b0d9-1e8c292559d5','9a747859-1df2-4b00-9a06-1d1e16b8a9ab',NULL,10),('9a7477c7-0947-4162-b0d9-1e8c292559d5','9a747832-ac4b-4ee6-8869-2e25f79bc272','9a747876-c93c-431e-846e-73414b0d71eb',5),('9a7477c7-0947-4162-b0d9-1e8c292559d5','9a747853-590b-48a1-934f-c68edde5a2bf',NULL,1),('9a7477c7-0947-4162-b0d9-1e8c292559d5','9a747839-c9d3-4710-897a-f25b5381c2c2','9a747877-643e-4cdd-af86-dc9f96c5be17',4),('9a7477c7-0947-4162-b0d9-1e8c292559d5','9a7477ec-d35c-4c2c-b4ca-7561477e0a93','9a747871-f558-4a68-8303-a2ec7a3f95c1',3),('9a7477c7-0947-4162-b0d9-1e8c292559d5','9a747806-391d-4e45-8f05-a967699cf7c3','9a747874-1105-4b9e-a7ca-a56ba708a19e',3),('9a7477c6-a658-46fa-a7c0-4fb41c30d7b4','9a7477f0-8164-446d-9856-1197abb7f283','9a747871-4b45-4521-9b4a-608f11e19679',10),('9a7477c6-a658-46fa-a7c0-4fb41c30d7b4','9a747813-4127-43db-b202-ada230ce5277','9a747874-a681-4dd9-94d0-db7ea33d728f',1),('9a7477c6-a658-46fa-a7c0-4fb41c30d7b4','9a747809-b1c9-4f86-a887-d19fe25ff2d1','9a747874-43c9-42ad-ae46-4a42f14ef2ac',2),('9a7477c6-a658-46fa-a7c0-4fb41c30d7b4','9a747859-1df2-4b00-9a06-1d1e16b8a9ab',NULL,4),('9a7477c6-a658-46fa-a7c0-4fb41c30d7b4','9a747849-2324-4c87-8812-df0d42b72937','9a747878-8e45-4d5f-b40d-2c6b9833b137',7),('9a7477c6-a658-46fa-a7c0-4fb41c30d7b4','9a7477ee-d2f5-4baf-a7cb-4740c6f1efb0','9a747872-1a14-4f50-b1ee-9f16daf9c84b',8),('9a7477c6-a658-46fa-a7c0-4fb41c30d7b4','9a74784f-ee3b-4ba2-9775-bf73635b855b',NULL,6),('9a7477c6-a658-46fa-a7c0-4fb41c30d7b4','9a747814-fdd4-4823-af61-b85220c6fb22','9a747874-e255-4ad9-9233-906781a54ed6',7),('9a7477c6-a658-46fa-a7c0-4fb41c30d7b4','9a747867-23c5-4a3f-b71e-344103911407',NULL,5),('9a7477c6-a658-46fa-a7c0-4fb41c30d7b4','9a74785f-bb23-4d9c-890e-9c2a5424fb99',NULL,7),('9a7477c6-a658-46fa-a7c0-4fb41c30d7b4','9a747808-0f26-4ac0-8b5b-1fbf9230a1d4','9a74786e-25b2-4be6-b448-26d6341599de',7),('9a7477c6-a658-46fa-a7c0-4fb41c30d7b4','9a747847-75ed-4965-99bf-7a5ce965c8c7','9a747878-6553-4502-8c4e-37ffa58a5df0',7),('9a7477c6-a658-46fa-a7c0-4fb41c30d7b4','9a747820-e766-4f7c-bf44-d6c971ef2249','9a747875-9015-4d73-830e-a26bd7cdd15b',8),('9a7477c6-a658-46fa-a7c0-4fb41c30d7b4','9a747865-18bc-4337-9e44-c555dfd6575d',NULL,5),('9a7477c6-a658-46fa-a7c0-4fb41c30d7b4','9a7477fc-4813-4a1a-9b3a-b484c1c88d7e','9a747873-77fb-4199-b51a-7a4dc0e77553',2),('9a7477c6-a658-46fa-a7c0-4fb41c30d7b4','9a74780c-0553-48c2-94c0-afe7bf9b0a5b','9a74786e-7067-43f6-b425-c11a38c85561',2),('9a7477c6-a658-46fa-a7c0-4fb41c30d7b4','9a747861-6022-491e-bb41-832a84e017af',NULL,1),('9a7477c6-a658-46fa-a7c0-4fb41c30d7b4','9a7477ff-efd1-45f7-a283-f038580e02b2','9a747873-b74a-4581-9b8e-4264c7039d23',1),('9a7477c6-a658-46fa-a7c0-4fb41c30d7b4','9a747839-c9d3-4710-897a-f25b5381c2c2','9a747877-643e-4cdd-af86-dc9f96c5be17',9),('9a7477c6-a658-46fa-a7c0-4fb41c30d7b4','9a747868-ccf9-4e97-9e09-96a1cc0888fe',NULL,5),('9a7477c6-a658-46fa-a7c0-4fb41c30d7b4','9a747837-fd5e-4cf2-85b4-63a666a3436a','9a747870-5a67-4fd0-b0a0-97025171747a',8),('9a7477c6-a658-46fa-a7c0-4fb41c30d7b4','9a747830-7ee3-4148-866d-a8c603645d29','9a747876-aa11-49e4-a750-5e1697a579fa',5),('9a7477c6-a658-46fa-a7c0-4fb41c30d7b4','9a74783b-cf57-4103-8c03-8cf70613a692','9a747877-84dc-4bd1-8d61-70a369b84dc9',4),('9a7477c6-a658-46fa-a7c0-4fb41c30d7b4','9a74784a-cfea-4b44-93d6-22e4782675d0','9a747871-03df-45c5-a81f-648b64e7e72e',6),('9a7477c6-a658-46fa-a7c0-4fb41c30d7b4','9a747851-b3f9-44bc-84b0-90f1250c5c3f',NULL,9),('9a7477c6-a658-46fa-a7c0-4fb41c30d7b4','9a74781a-0419-41e2-9396-46b0ae971b3b','9a74786f-84f1-4f46-89e0-d121bc6ed775',4),('9a7477c6-a658-46fa-a7c0-4fb41c30d7b4','9a747806-391d-4e45-8f05-a967699cf7c3','9a747874-1105-4b9e-a7ca-a56ba708a19e',10),('9a7477c6-a658-46fa-a7c0-4fb41c30d7b4','9a747845-b20e-487e-9f86-7b4e736ba01a','9a74786f-e48e-4600-b40f-20e23883e036',2),('9a7477c6-a658-46fa-a7c0-4fb41c30d7b4','9a7477f3-ed3d-43f3-970a-4fa01fb81891','9a747870-d00f-41f2-a8ef-53782d99cb00',10),('9a7477c6-a658-46fa-a7c0-4fb41c30d7b4','9a74783f-2c3b-4e2e-87ac-b95e6e01782f','9a747877-d577-45f4-a019-ae4209ca1de3',6),('9a7477c6-a658-46fa-a7c0-4fb41c30d7b4','9a7477fe-311d-4d90-9b36-4dbed6f0acca','9a747873-883a-4025-be43-b9d8be124141',2),('9a7477c6-a658-46fa-a7c0-4fb41c30d7b4','9a747834-63a6-46a1-b33d-abeb1dc773d9','9a747876-f2ea-4fb1-b88b-a0e653b357bf',9),('9a7477c6-a658-46fa-a7c0-4fb41c30d7b4','9a747840-e6ad-4739-a651-d8cdd03d72fa','9a747877-fbbb-42ae-853b-2027383f0a11',2),('9a7477c6-a658-46fa-a7c0-4fb41c30d7b4','9a74781b-ba63-4202-92e7-d594c03b5ed8','9a747875-458c-4d59-b1ac-6f9f02043d07',8),('9a7477c6-a658-46fa-a7c0-4fb41c30d7b4','9a747802-b390-45ff-93ea-746b30ccd7fe','9a747873-d6b5-4fec-9f36-72e8eeea0f2e',10),('9a7477c6-a658-46fa-a7c0-4fb41c30d7b4','9a747804-8b26-41a2-8a5f-4bd7c6057dc1','9a747873-eeea-4abc-8a74-57b737fff30e',1),('9a7477c6-a658-46fa-a7c0-4fb41c30d7b4','9a74781f-10cc-4cac-aa74-c373841f91c5','9a747875-6d9a-4214-b414-5ce7816e4eea',4),('9a7477c6-a658-46fa-a7c0-4fb41c30d7b4','9a747818-5355-407e-b0c3-a0b1f5b8086a','9a747875-0e94-43ce-b58b-a79279da9ccf',2),('9a7477c6-a658-46fa-a7c0-4fb41c30d7b4','9a74781d-660b-42f7-9e96-ad82a8a8727b','9a747875-5d26-41ca-b925-472fe3c33961',5),('9a7477c6-a658-46fa-a7c0-4fb41c30d7b4','9a74782e-df26-4d31-99a2-400a7955af50','9a747876-7f25-4515-9426-6ac3899d9a56',8),('9a7477c6-a658-46fa-a7c0-4fb41c30d7b4','9a74785c-576c-485e-b65b-057aee96b7c1',NULL,9),('9a7477c6-a658-46fa-a7c0-4fb41c30d7b4','9a747863-654e-4688-96fe-c475f58dbe10',NULL,7),('9a7477c6-a658-46fa-a7c0-4fb41c30d7b4','9a7477f2-28ae-416f-b8ce-8b73a7ff31da','9a747872-3b08-4042-bf9b-e73d07ded765',6),('9a7477c6-a658-46fa-a7c0-4fb41c30d7b4','9a74785d-fc8e-4cd6-a63e-cce30f647954',NULL,9),('9a7477c6-a658-46fa-a7c0-4fb41c30d7b4','9a74780d-d674-4712-aaa2-87e907ee492c','9a74786e-c841-4315-bb90-c4fafcbd1a64',5),('9a7477c6-a658-46fa-a7c0-4fb41c30d7b4','9a747827-84af-4f0f-80f6-4aecb04a913c','9a747876-05d0-4d81-aa04-1a1192df6dda',10);
/*!40000 ALTER TABLE `cart_product` ENABLE KEYS */;
UNLOCK TABLES;

--
-- Table structure for table `carts`
--

DROP TABLE IF EXISTS `carts`;
/*!40101 SET @saved_cs_client     = @@character_set_client */;
/*!50503 SET character_set_client = utf8mb4 */;
CREATE TABLE `carts` (
  `id` char(36) COLLATE utf8mb4_unicode_ci NOT NULL,
  `user_id` char(36) COLLATE utf8mb4_unicode_ci DEFAULT NULL,
  `ip_address` varchar(100) COLLATE utf8mb4_unicode_ci DEFAULT NULL,
  `slug` varchar(255) COLLATE utf8mb4_unicode_ci NOT NULL,
  `created_at` timestamp NULL DEFAULT NULL,
  `updated_at` timestamp NULL DEFAULT NULL,
  PRIMARY KEY (`id`),
  KEY `carts_user_id_foreign` (`user_id`),
  CONSTRAINT `carts_user_id_foreign` FOREIGN KEY (`user_id`) REFERENCES `users` (`id`) ON DELETE SET NULL
) ENGINE=InnoDB DEFAULT CHARSET=utf8mb4 COLLATE=utf8mb4_unicode_ci;
/*!40101 SET character_set_client = @saved_cs_client */;

--
-- Dumping data for table `carts`
--

LOCK TABLES `carts` WRITE;
/*!40000 ALTER TABLE `carts` DISABLE KEYS */;
INSERT INTO `carts` VALUES ('9a7477c6-43d2-40e3-ba89-2e48444c233d','9a7477c6-3cf6-4a14-8497-5eb6cf6e89cf',NULL,'mr-imogen-edwards','2023-10-25 16:09:23','2023-10-25 16:09:23'),('9a7477c6-5d6e-4d9e-a4bb-d6198670ef6f','9a7477c6-5984-493a-a275-38e635eb4e72',NULL,'mrs-rebecca-price','2023-10-25 16:09:23','2023-10-25 16:09:23'),('9a7477c6-757e-4ac3-a781-48b809956871','9a7477c6-731b-4ea4-96a3-cfe9e700960c',NULL,'miss-emma-morgan','2023-10-25 16:09:23','2023-10-25 16:09:23'),('9a7477c6-8d98-47f2-abe1-02d3e2fbf8ea','9a7477c6-8b4b-4e84-8d3c-3dfa837b345e',NULL,'laura-harrison','2023-10-25 16:09:23','2023-10-25 16:09:23'),('9a7477c6-a658-46fa-a7c0-4fb41c30d7b4','9a7477c6-a3c1-4f67-af2f-3af0242aa9e5',NULL,'mr-darren-hall','2023-10-25 16:09:23','2023-10-25 16:09:23'),('9a7477c6-be68-42ba-9d54-0dfd4a360b2e','9a7477c6-bbd4-4684-b36d-e261bae399ac',NULL,'alice-cooper','2023-10-25 16:09:23','2023-10-25 16:09:23'),('9a7477c6-d8f1-4771-bad5-238f4700787f','9a7477c6-d69d-4b04-8ae0-ba3c2032eb07',NULL,'jackson-khan','2023-10-25 16:09:24','2023-10-25 16:09:24'),('9a7477c6-f0b3-489f-9b0f-3f7d3a5af41d','9a7477c6-ee5e-48b5-95f4-9d8a18c386d4',NULL,'eleanor-holmes','2023-10-25 16:09:24','2023-10-25 16:09:24'),('9a7477c7-0947-4162-b0d9-1e8c292559d5','9a7477c7-06b7-4064-b652-e54ed0ab9bf7',NULL,'ian-cox','2023-10-25 16:09:24','2023-10-25 16:09:24'),('9a7477c7-2100-412a-9cd5-1fbd790367fa','9a7477c7-1ec4-450c-b612-c3e1d0d36f17',NULL,'florence-cox','2023-10-25 16:09:24','2023-10-25 16:09:24'),('9a7477c7-38fb-4101-8e78-e8777690e42b','9a7477c7-3689-4311-8dd2-da7122fbf656',NULL,'samuel-murphy','2023-10-25 16:09:24','2023-10-25 16:09:24'),('9a7477c7-5108-4c31-af72-f90a3dca0ca4','9a7477c7-4ea9-432a-a312-783a04963eb2',NULL,'jodie-johnson','2023-10-25 16:09:24','2023-10-25 16:09:24'),('9a7477c7-68de-41e4-8b6b-e51ad2b0d319','9a7477c7-667a-4918-a02c-4319b5591f4c',NULL,'jordan-adams','2023-10-25 16:09:24','2023-10-25 16:09:24'),('9a7477c7-8131-4f03-a80b-819e10b31fcf','9a7477c7-7ead-4c61-9d86-2080d2ddf454',NULL,'gavin-holmes','2023-10-25 16:09:24','2023-10-25 16:09:24'),('9a7477c7-98e0-4cb4-81ea-e4883b523588','9a7477c7-969d-4b87-952e-a426043095ae',NULL,'lucy-martin','2023-10-25 16:09:24','2023-10-25 16:09:24'),('9a7477c7-b0f1-4ddd-858f-e2567cd318c6','9a7477c7-ae56-44de-b2df-b5460720ed54',NULL,'ashley-shaw','2023-10-25 16:09:24','2023-10-25 16:09:24'),('9a7477c7-c8f9-4420-82bc-7089b5a7264e','9a7477c7-c67a-4f01-9724-83c4cd0f8d49',NULL,'tiffany-roberts','2023-10-25 16:09:24','2023-10-25 16:09:24'),('9a7477c7-e0c5-4098-9141-87d8937741d8','9a7477c7-de74-448f-8217-14bd8011981b',NULL,'rosie-cook','2023-10-25 16:09:24','2023-10-25 16:09:24'),('9a7477c7-f8b3-426e-b4e6-61c025ba857c','9a7477c7-f651-4276-9796-ce8dca896fde',NULL,'charles-shaw','2023-10-25 16:09:24','2023-10-25 16:09:24'),('9a7477c8-1071-4a1f-8c60-6c988caef059','9a7477c8-0e11-4ac1-9af9-bff1f38ec974',NULL,'rosie-thomas','2023-10-25 16:09:24','2023-10-25 16:09:24'),('9a7477c8-284a-47ec-8328-50aafa11af80','9a7477c8-25ff-4d98-bbe7-890b083f96ce',NULL,'mr-roland-treiber','2023-10-25 16:09:24','2023-10-25 16:09:24'),('9a747892-826c-4846-9f55-6b9e287230b4','9a7477c6-3cf6-4a14-8497-5eb6cf6e89cf',NULL,'mr-imogen-edwards-1','2023-10-25 16:11:37','2023-10-25 16:11:37'),('9a747892-84a1-4315-a116-8e84c8a35bb0','9a7477c6-5984-493a-a275-38e635eb4e72',NULL,'mrs-rebecca-price-1','2023-10-25 16:11:37','2023-10-25 16:11:37'),('9a747892-8692-422c-bb43-9a5f853b984f','9a7477c6-731b-4ea4-96a3-cfe9e700960c',NULL,'miss-emma-morgan-1','2023-10-25 16:11:37','2023-10-25 16:11:37'),('9a747892-8876-4472-9667-f971569be8d9','9a7477c6-8b4b-4e84-8d3c-3dfa837b345e',NULL,'laura-harrison-1','2023-10-25 16:11:37','2023-10-25 16:11:37'),('9a747892-8a69-4591-9487-e070636276e0','9a7477c6-a3c1-4f67-af2f-3af0242aa9e5',NULL,'mr-darren-hall-1','2023-10-25 16:11:37','2023-10-25 16:11:37'),('9a747892-8c30-4d9b-ad22-371990a1c2cd','9a7477c6-bbd4-4684-b36d-e261bae399ac',NULL,'alice-cooper-1','2023-10-25 16:11:37','2023-10-25 16:11:37'),('9a747892-8e4e-4bb8-a7c1-64febe965a45','9a7477c6-d69d-4b04-8ae0-ba3c2032eb07',NULL,'jackson-khan-1','2023-10-25 16:11:37','2023-10-25 16:11:37'),('9a747892-9048-4cc0-977f-f631cbe912ab','9a7477c6-ee5e-48b5-95f4-9d8a18c386d4',NULL,'eleanor-holmes-1','2023-10-25 16:11:37','2023-10-25 16:11:37'),('9a747892-921f-4baf-9905-ae16b713f0ab','9a7477c7-06b7-4064-b652-e54ed0ab9bf7',NULL,'ian-cox-1','2023-10-25 16:11:37','2023-10-25 16:11:37'),('9a747892-941a-452c-b887-1f2d58cd52ce','9a7477c7-1ec4-450c-b612-c3e1d0d36f17',NULL,'florence-cox-1','2023-10-25 16:11:37','2023-10-25 16:11:37'),('9a747892-960d-4410-b670-db218fa81ff4','9a7477c7-3689-4311-8dd2-da7122fbf656',NULL,'samuel-murphy-1','2023-10-25 16:11:37','2023-10-25 16:11:37'),('9a747892-97e7-4b51-af86-f8eab8960f61','9a7477c7-4ea9-432a-a312-783a04963eb2',NULL,'jodie-johnson-1','2023-10-25 16:11:37','2023-10-25 16:11:37'),('9a747892-9996-4618-a7a8-c27cb060495d','9a7477c7-667a-4918-a02c-4319b5591f4c',NULL,'jordan-adams-1','2023-10-25 16:11:37','2023-10-25 16:11:37'),('9a747892-9b86-4b16-a913-7af49f19995e','9a7477c7-7ead-4c61-9d86-2080d2ddf454',NULL,'gavin-holmes-1','2023-10-25 16:11:37','2023-10-25 16:11:37'),('9a747892-9d49-4865-b436-92307c881e5d','9a7477c7-969d-4b87-952e-a426043095ae',NULL,'lucy-martin-1','2023-10-25 16:11:37','2023-10-25 16:11:37'),('9a747892-9f08-4e1a-ac7c-c562b3fd7899','9a7477c7-ae56-44de-b2df-b5460720ed54',NULL,'ashley-shaw-1','2023-10-25 16:11:37','2023-10-25 16:11:37'),('9a747892-a0e3-4ce6-b7d9-5db1fc81d687','9a7477c7-c67a-4f01-9724-83c4cd0f8d49',NULL,'tiffany-roberts-1','2023-10-25 16:11:37','2023-10-25 16:11:37'),('9a747892-a2e2-44a9-a73d-5515c907b316','9a7477c7-de74-448f-8217-14bd8011981b',NULL,'rosie-cook-1','2023-10-25 16:11:37','2023-10-25 16:11:37'),('9a747892-a4b7-4833-88d7-914a25470146','9a7477c7-f651-4276-9796-ce8dca896fde',NULL,'charles-shaw-1','2023-10-25 16:11:37','2023-10-25 16:11:37'),('9a747892-a685-4323-833d-10c8c5020d61','9a7477c8-0e11-4ac1-9af9-bff1f38ec974',NULL,'rosie-thomas-1','2023-10-25 16:11:37','2023-10-25 16:11:37'),('9a747892-a86a-4b1a-a386-41dd7f64582d','9a7477c8-25ff-4d98-bbe7-890b083f96ce',NULL,'mr-roland-treiber-1','2023-10-25 16:11:37','2023-10-25 16:11:37');
/*!40000 ALTER TABLE `carts` ENABLE KEYS */;
UNLOCK TABLES;

--
-- Table structure for table `contents`
--

DROP TABLE IF EXISTS `contents`;
/*!40101 SET @saved_cs_client     = @@character_set_client */;
/*!50503 SET character_set_client = utf8mb4 */;
CREATE TABLE `contents` (
  `id` char(36) COLLATE utf8mb4_unicode_ci NOT NULL,
  `contentable_type` varchar(255) COLLATE utf8mb4_unicode_ci DEFAULT NULL,
  `contentable_id` char(36) COLLATE utf8mb4_unicode_ci DEFAULT NULL,
  `language_id` bigint unsigned NOT NULL,
  `type` tinyint NOT NULL,
  `text` text COLLATE utf8mb4_unicode_ci NOT NULL,
  `created_at` timestamp NULL DEFAULT NULL,
  `updated_at` timestamp NULL DEFAULT NULL,
  PRIMARY KEY (`id`),
  KEY `contents_language_id_foreign` (`language_id`),
  CONSTRAINT `contents_language_id_foreign` FOREIGN KEY (`language_id`) REFERENCES `languages` (`id`)
) ENGINE=InnoDB DEFAULT CHARSET=utf8mb4 COLLATE=utf8mb4_unicode_ci;
/*!40101 SET character_set_client = @saved_cs_client */;

--
-- Dumping data for table `contents`
--

LOCK TABLES `contents` WRITE;
/*!40000 ALTER TABLE `contents` DISABLE KEYS */;
/*!40000 ALTER TABLE `contents` ENABLE KEYS */;
UNLOCK TABLES;

--
-- Table structure for table `delivery_rules`
--

DROP TABLE IF EXISTS `delivery_rules`;
/*!40101 SET @saved_cs_client     = @@character_set_client */;
/*!50503 SET character_set_client = utf8mb4 */;
CREATE TABLE `delivery_rules` (
  `id` char(36) COLLATE utf8mb4_unicode_ci NOT NULL,
  `delivery_type_id` char(36) COLLATE utf8mb4_unicode_ci NOT NULL,
  `postcodes` json DEFAULT NULL,
  `min_weight` bigint unsigned DEFAULT NULL,
  `max_weight` bigint unsigned DEFAULT NULL,
  `min_distance` bigint unsigned DEFAULT NULL,
  `max_distance` bigint unsigned DEFAULT NULL,
  `distance_unit` varchar(255) COLLATE utf8mb4_unicode_ci NOT NULL DEFAULT 'meter',
  `lat` varchar(255) COLLATE utf8mb4_unicode_ci DEFAULT NULL,
  `lon` varchar(255) COLLATE utf8mb4_unicode_ci DEFAULT NULL,
  `status` tinyint NOT NULL DEFAULT '1',
  `slug` varchar(255) COLLATE utf8mb4_unicode_ci NOT NULL,
  `enabled` tinyint(1) NOT NULL DEFAULT '1',
  `deleted_at` timestamp NULL DEFAULT NULL,
  `created_at` timestamp NULL DEFAULT NULL,
  `updated_at` timestamp NULL DEFAULT NULL,
  PRIMARY KEY (`id`),
  KEY `delivery_rules_delivery_type_id_foreign` (`delivery_type_id`),
  CONSTRAINT `delivery_rules_delivery_type_id_foreign` FOREIGN KEY (`delivery_type_id`) REFERENCES `delivery_types` (`id`)
) ENGINE=InnoDB DEFAULT CHARSET=utf8mb4 COLLATE=utf8mb4_unicode_ci;
/*!40101 SET character_set_client = @saved_cs_client */;

--
-- Dumping data for table `delivery_rules`
--

LOCK TABLES `delivery_rules` WRITE;
/*!40000 ALTER TABLE `delivery_rules` DISABLE KEYS */;
INSERT INTO `delivery_rules` VALUES ('9a7477eb-0dc0-4f54-8711-339bc3315236','9a7477e8-7807-4398-9376-bb498dad45e4','[]',0,10000,0,4500,'meter','51.4990343','-0.0914655',1,'local-small-rule-1',1,NULL,'2023-10-25 16:09:47','2023-10-25 16:09:47'),('9a7477eb-0fbe-4d41-9530-ce84170bfb1c','9a7477e8-7807-4398-9376-bb498dad45e4','[]',0,10000,0,4500,'meter','51.8803789','-0.4376852',1,'local-small-rule-2',1,NULL,'2023-10-25 16:09:47','2023-10-25 16:09:47'),('9a7477eb-11e0-4a7a-9feb-e09f85464928','9a7477e9-1e1e-4ea6-becf-bd12ec656953','[]',10000,25000,0,4500,'meter','51.4990343','-0.0914655',1,'local-heavy-rule-1',1,NULL,'2023-10-25 16:09:47','2023-10-25 16:09:47'),('9a7477eb-142d-4111-9a1b-a1d558334910','9a7477e9-1e1e-4ea6-becf-bd12ec656953','[]',10000,25000,0,4500,'meter','51.8803789','-0.4376852',1,'local-heavy-rule-1-1',1,NULL,'2023-10-25 16:09:47','2023-10-25 16:09:47'),('9a7477eb-15f6-4a10-a8f9-99c5ee820fea','9a7477e9-bb89-4f55-b993-a5b1192b65d7','[]',0,10000,NULL,NULL,'meter',NULL,NULL,1,'standard-small-rule-1',1,NULL,'2023-10-25 16:09:47','2023-10-25 16:09:47'),('9a7477eb-17be-44df-848a-10a8f7dd3253','9a7477ea-710b-448e-8775-7fcb07cc39b1','[]',10000,15000,NULL,NULL,'meter',NULL,NULL,1,'standard-heavy-rule-1',1,NULL,'2023-10-25 16:09:47','2023-10-25 16:09:47'),('9a7477eb-197c-4914-b6cc-5f755d3ccad5','9a7477eb-0a2e-4c01-a9bd-0ffb4aa61580','[]',0,25000,NULL,NULL,'meter',NULL,NULL,1,'overnight-rule-1',1,NULL,'2023-10-25 16:09:47','2023-10-25 16:09:47');
/*!40000 ALTER TABLE `delivery_rules` ENABLE KEYS */;
UNLOCK TABLES;

--
-- Table structure for table `delivery_types`
--

DROP TABLE IF EXISTS `delivery_types`;
/*!40101 SET @saved_cs_client     = @@character_set_client */;
/*!50503 SET character_set_client = utf8mb4 */;
CREATE TABLE `delivery_types` (
  `id` char(36) COLLATE utf8mb4_unicode_ci NOT NULL,
  `name` json NOT NULL,
  `description` json NOT NULL,
  `price` decimal(8,2) NOT NULL DEFAULT '0.00',
  `slug` varchar(255) COLLATE utf8mb4_unicode_ci NOT NULL,
  `enabled` tinyint(1) NOT NULL DEFAULT '1',
  `enabled_by_default_on_creation` tinyint(1) NOT NULL DEFAULT '1',
  `deleted_at` timestamp NULL DEFAULT NULL,
  `created_at` timestamp NULL DEFAULT NULL,
  `updated_at` timestamp NULL DEFAULT NULL,
  PRIMARY KEY (`id`)
) ENGINE=InnoDB DEFAULT CHARSET=utf8mb4 COLLATE=utf8mb4_unicode_ci;
/*!40101 SET character_set_client = @saved_cs_client */;

--
-- Dumping data for table `delivery_types`
--

LOCK TABLES `delivery_types` WRITE;
/*!40000 ALTER TABLE `delivery_types` DISABLE KEYS */;
INSERT INTO `delivery_types` VALUES ('9a7477e8-7807-4398-9376-bb498dad45e4','{\"de\": \"Lokal (kostenlos bis 10 kg)\", \"en\": \"Local (free up to 10kg)\", \"fr\": \"Local (gratuit jusqu&#39;à 10kg)\"}','{\"de\": \"Sie profitieren von einer kostenlosen Lieferung im Umkreis von 5 km ab unserem Lager.\", \"en\": \"You enjoy free delivery within 5km range from our warehouse.\", \"fr\": \"Vous bénéficiez d&#39;une livraison gratuite dans un rayon de 5 km depuis notre entrepôt.\"}',0.00,'local-small-1',1,1,NULL,'2023-10-25 16:09:45','2023-10-25 16:09:46'),('9a7477e9-1e1e-4ea6-becf-bd12ec656953','{\"de\": \"Lokal schwer (10–25 kg)\", \"en\": \"Local Heavy (10-25kg)\", \"fr\": \"Lourd local (10-25kg)\"}','{\"de\": \"Wenn Sie in der Nähe wohnen, liefern wir bis zu Ihrer Haustür.\", \"en\": \"If you live nearby, we deliver to your door.\", \"fr\": \"Si vous habitez à proximité, nous livrons à votre porte.\"}',2.99,'local-heavy-1',1,1,NULL,'2023-10-25 16:09:46','2023-10-25 16:09:46'),('9a7477e9-bb89-4f55-b993-a5b1192b65d7','{\"de\": \"Standard Small (unter 5 kg)\", \"en\": \"Standard Small (under 5kg)\", \"fr\": \"Standard petit (moins de 5 kg)\"}','{\"de\": \"Zustellung per königlicher Post. (ca. 3-5 Tage)\", \"en\": \"Royal mail delivery. (approximately 3-5 days)\", \"fr\": \"Livraison du courrier royal. (environ 3 à 5 jours)\"}',7.99,'standard-small-1',1,1,NULL,'2023-10-25 16:09:46','2023-10-25 16:09:46'),('9a7477ea-710b-448e-8775-7fcb07cc39b1','{\"de\": \"Standardschwer (5 kg – 15 kg)\", \"en\": \"Standard Heavy (5kg - 15kg)\", \"fr\": \"Standard lourd (5 kg - 15 kg)\"}','{\"de\": \"DPD (ca. 4-10 Tage)\", \"en\": \"DPD (approximately 4-10 days)\", \"fr\": \"DPD (environ 4 à 10 jours)\"}',8.99,'standard-heavy-1',1,1,NULL,'2023-10-25 16:09:46','2023-10-25 16:09:47'),('9a7477eb-0a2e-4c01-a9bd-0ffb4aa61580','{\"de\": \"Übernacht-Zustellung\", \"en\": \"Overnight delivery\", \"fr\": \"Livraison le lendemain\"}','{\"de\": \"DPD über Nacht (1 Tag)\", \"en\": \"DPD overnight (1 day)\", \"fr\": \"DPD nuit (1 jour)\"}',11.99,'overnight-1',1,1,NULL,'2023-10-25 16:09:47','2023-10-25 16:09:47');
/*!40000 ALTER TABLE `delivery_types` ENABLE KEYS */;
UNLOCK TABLES;

--
-- Table structure for table `discount_rule_product`
--

DROP TABLE IF EXISTS `discount_rule_product`;
/*!40101 SET @saved_cs_client     = @@character_set_client */;
/*!50503 SET character_set_client = utf8mb4 */;
CREATE TABLE `discount_rule_product` (
  `discount_rule_id` char(36) COLLATE utf8mb4_unicode_ci NOT NULL,
  `product_id` char(36) COLLATE utf8mb4_unicode_ci DEFAULT NULL,
  UNIQUE KEY `discount_rule_product_discount_rule_id_product_id_unique` (`discount_rule_id`,`product_id`),
  KEY `discount_rule_product_product_id_foreign` (`product_id`),
  CONSTRAINT `discount_rule_product_discount_rule_id_foreign` FOREIGN KEY (`discount_rule_id`) REFERENCES `discount_rules` (`id`),
  CONSTRAINT `discount_rule_product_product_id_foreign` FOREIGN KEY (`product_id`) REFERENCES `products` (`id`) ON DELETE CASCADE
) ENGINE=InnoDB DEFAULT CHARSET=utf8mb4 COLLATE=utf8mb4_unicode_ci;
/*!40101 SET character_set_client = @saved_cs_client */;

--
-- Dumping data for table `discount_rule_product`
--

LOCK TABLES `discount_rule_product` WRITE;
/*!40000 ALTER TABLE `discount_rule_product` DISABLE KEYS */;
/*!40000 ALTER TABLE `discount_rule_product` ENABLE KEYS */;
UNLOCK TABLES;

--
-- Table structure for table `discount_rule_product_category`
--

DROP TABLE IF EXISTS `discount_rule_product_category`;
/*!40101 SET @saved_cs_client     = @@character_set_client */;
/*!50503 SET character_set_client = utf8mb4 */;
CREATE TABLE `discount_rule_product_category` (
  `discount_rule_id` char(36) COLLATE utf8mb4_unicode_ci NOT NULL,
  `product_category_id` char(36) COLLATE utf8mb4_unicode_ci NOT NULL,
  UNIQUE KEY `discount_rule_product_category` (`discount_rule_id`,`product_category_id`),
  KEY `discount_rule_product_category_product_category_id_foreign` (`product_category_id`),
  CONSTRAINT `discount_rule_product_category_discount_rule_id_foreign` FOREIGN KEY (`discount_rule_id`) REFERENCES `discount_rules` (`id`),
  CONSTRAINT `discount_rule_product_category_product_category_id_foreign` FOREIGN KEY (`product_category_id`) REFERENCES `product_categories` (`id`)
) ENGINE=InnoDB DEFAULT CHARSET=utf8mb4 COLLATE=utf8mb4_unicode_ci;
/*!40101 SET character_set_client = @saved_cs_client */;

--
-- Dumping data for table `discount_rule_product_category`
--

LOCK TABLES `discount_rule_product_category` WRITE;
/*!40000 ALTER TABLE `discount_rule_product_category` DISABLE KEYS */;
INSERT INTO `discount_rule_product_category` VALUES ('9a74787d-607f-4bb5-953b-4f43151e8cec','9a7477db-25d5-430b-8e73-87a29579a4b3'),('9a74787d-14fe-4d08-942d-658023a05211','9a7477dd-0eda-4053-b597-149f367bbe3f');
/*!40000 ALTER TABLE `discount_rule_product_category` ENABLE KEYS */;
UNLOCK TABLES;

--
-- Table structure for table `discount_rules`
--

DROP TABLE IF EXISTS `discount_rules`;
/*!40101 SET @saved_cs_client     = @@character_set_client */;
/*!50503 SET character_set_client = utf8mb4 */;
CREATE TABLE `discount_rules` (
  `id` char(36) COLLATE utf8mb4_unicode_ci NOT NULL,
  `name` text COLLATE utf8mb4_unicode_ci NOT NULL,
  `slug` varchar(255) COLLATE utf8mb4_unicode_ci NOT NULL,
  `type` tinyint NOT NULL,
  `amount` decimal(8,2) unsigned NOT NULL,
  `valid_from` datetime NOT NULL,
  `valid_until` datetime NOT NULL,
  `enabled` tinyint(1) NOT NULL DEFAULT '1',
  `deleted_at` timestamp NULL DEFAULT NULL,
  `created_at` timestamp NULL DEFAULT NULL,
  `updated_at` timestamp NULL DEFAULT NULL,
  PRIMARY KEY (`id`)
) ENGINE=InnoDB DEFAULT CHARSET=utf8mb4 COLLATE=utf8mb4_unicode_ci;
/*!40101 SET character_set_client = @saved_cs_client */;

--
-- Dumping data for table `discount_rules`
--

LOCK TABLES `discount_rules` WRITE;
/*!40000 ALTER TABLE `discount_rules` DISABLE KEYS */;
INSERT INTO `discount_rules` VALUES ('9a74787d-14fe-4d08-942d-658023a05211','{\"de\":\"5 % Rabatt auf alle Krawatten\",\"fr\":\"5\\u00a0% de r\\u00e9duction sur toutes les cravates\",\"en\":\"5% off from all ties\"}','5-off-from-all-ties',1,5.00,'2023-10-10 01:00:00','2033-10-10 01:00:00',1,NULL,'2023-10-25 16:11:23','2023-10-25 16:11:23'),('9a74787d-607f-4bb5-953b-4f43151e8cec','{\"de\":\"2\\u00a0\\u00a3 Rabatt auf alle Herrenaccessoires\",\"fr\":\"2\\u00a0\\u20ac de r\\u00e9duction sur tous les accessoires pour hommes\",\"en\":\"\\u00a32 off from all men\'s accessories\"}','2-off-from-all-mens-accessories',2,2.00,'2023-10-10 01:00:00','2033-10-10 01:00:00',1,NULL,'2023-10-25 16:11:23','2023-10-25 16:11:23');
/*!40000 ALTER TABLE `discount_rules` ENABLE KEYS */;
UNLOCK TABLES;

--
-- Table structure for table `email_archives`
--

DROP TABLE IF EXISTS `email_archives`;
/*!40101 SET @saved_cs_client     = @@character_set_client */;
/*!50503 SET character_set_client = utf8mb4 */;
CREATE TABLE `email_archives` (
  `id` bigint unsigned NOT NULL AUTO_INCREMENT,
  `address` varchar(255) COLLATE utf8mb4_unicode_ci NOT NULL,
  `subject` varchar(255) COLLATE utf8mb4_unicode_ci NOT NULL,
  `template_id` varchar(255) COLLATE utf8mb4_unicode_ci NOT NULL,
  `content` text COLLATE utf8mb4_unicode_ci NOT NULL,
  `created_at` timestamp NULL DEFAULT NULL,
  `updated_at` timestamp NULL DEFAULT NULL,
  PRIMARY KEY (`id`)
) ENGINE=InnoDB DEFAULT CHARSET=utf8mb4 COLLATE=utf8mb4_unicode_ci;
/*!40101 SET character_set_client = @saved_cs_client */;

--
-- Dumping data for table `email_archives`
--

LOCK TABLES `email_archives` WRITE;
/*!40000 ALTER TABLE `email_archives` DISABLE KEYS */;
/*!40000 ALTER TABLE `email_archives` ENABLE KEYS */;
UNLOCK TABLES;

--
-- Table structure for table `event_logs`
--

DROP TABLE IF EXISTS `event_logs`;
/*!40101 SET @saved_cs_client     = @@character_set_client */;
/*!50503 SET character_set_client = utf8mb4 */;
CREATE TABLE `event_logs` (
  `id` char(36) COLLATE utf8mb4_unicode_ci NOT NULL,
  `message` varchar(200) COLLATE utf8mb4_unicode_ci NOT NULL,
  `type` tinyint NOT NULL,
  `eventable_type` varchar(255) COLLATE utf8mb4_unicode_ci DEFAULT NULL,
  `eventable_id` char(36) COLLATE utf8mb4_unicode_ci DEFAULT NULL,
  `data` text COLLATE utf8mb4_unicode_ci NOT NULL,
  `created_at` timestamp NULL DEFAULT NULL,
  `updated_at` timestamp NULL DEFAULT NULL,
  PRIMARY KEY (`id`)
) ENGINE=InnoDB DEFAULT CHARSET=utf8mb4 COLLATE=utf8mb4_unicode_ci;
/*!40101 SET character_set_client = @saved_cs_client */;

--
-- Dumping data for table `event_logs`
--

LOCK TABLES `event_logs` WRITE;
/*!40000 ALTER TABLE `event_logs` DISABLE KEYS */;
INSERT INTO `event_logs` VALUES ('9a747881-ee9a-434a-814f-80df43f340e4','Order status was updated to On Hold',0,'App\\Models\\Order','9a747881-e7c4-43a8-87b7-efd7923f2057','{\"status\":6}','2023-10-25 16:11:26','2023-10-25 16:11:26'),('9a747881-f75e-4ccb-b29d-4a6d8b1b340c','Order status was updated to Paid',0,'App\\Models\\Order','9a747881-f6e7-454c-a22b-06beab1de90b','{\"status\":2}','2023-10-25 16:11:26','2023-10-25 16:11:26'),('9a747881-ffe7-4a31-81b4-06f83a1f8ed7','Order status was updated to On Hold',0,'App\\Models\\Order','9a747881-fee5-4356-861a-2ed25479431b','{\"status\":6}','2023-10-25 16:11:26','2023-10-25 16:11:26'),('9a747882-09c0-41de-aed4-8e3dd9487585','Order status was updated to Awaiting Payment',0,'App\\Models\\Order','9a747882-093c-4161-9610-db22d3f9064e','{\"status\":1}','2023-10-25 16:11:26','2023-10-25 16:11:26'),('9a747882-113a-4dca-92e7-4ed17e4e402f','Order status was updated to On Hold',0,'App\\Models\\Order','9a747882-10a3-40e0-b700-4e2b53b674b2','{\"status\":6}','2023-10-25 16:11:26','2023-10-25 16:11:26'),('9a747882-198c-4056-9ab6-e94f21503e2b','Order status was updated to In Transit',0,'App\\Models\\Order','9a747882-18f1-47df-9200-ecc0c8135489','{\"status\":4}','2023-10-25 16:11:26','2023-10-25 16:11:26'),('9a747882-2147-4da0-b2cc-13147c9a6cf6','Order status was updated to In Transit',0,'App\\Models\\Order','9a747882-2072-4eb9-bb8e-2929f7298682','{\"status\":4}','2023-10-25 16:11:26','2023-10-25 16:11:26'),('9a747882-2841-4d0a-acf2-8ecdbc3d979e','Order status was updated to Processing',0,'App\\Models\\Order','9a747882-27cb-4fa6-bf92-bdae316578fb','{\"status\":3}','2023-10-25 16:11:26','2023-10-25 16:11:26'),('9a747882-2dd0-4632-ab33-8a4965e5cc49','Order status was updated to On Hold',0,'App\\Models\\Order','9a747882-2d68-4801-ab38-b9c205278e15','{\"status\":6}','2023-10-25 16:11:26','2023-10-25 16:11:26'),('9a747882-34a0-4173-8989-0f06807dc0e7','Order status was updated to In Transit',0,'App\\Models\\Order','9a747882-341c-4de6-a3c2-c86c477779fe','{\"status\":4}','2023-10-25 16:11:26','2023-10-25 16:11:26'),('9a747882-3a0e-4155-8563-086f91b7d2b0','Order status was updated to On Hold',0,'App\\Models\\Order','9a747882-3991-4eba-8f05-406630dd2276','{\"status\":6}','2023-10-25 16:11:26','2023-10-25 16:11:26'),('9a747882-3fed-4eba-a286-a11f1dec8cca','Order status was updated to Paid',0,'App\\Models\\Order','9a747882-3f94-4815-b16b-98827d7ba10d','{\"status\":2}','2023-10-25 16:11:26','2023-10-25 16:11:26'),('9a747882-45d3-4c0b-a9af-9cb87b880781','Order status was updated to In Transit',0,'App\\Models\\Order','9a747882-4576-4877-aca8-116d545a99f7','{\"status\":4}','2023-10-25 16:11:26','2023-10-25 16:11:26'),('9a747882-4ba3-4ac6-959c-fbf39b0abbb1','Order status was updated to On Hold',0,'App\\Models\\Order','9a747882-4b53-43ce-aef4-8338b2152402','{\"status\":6}','2023-10-25 16:11:26','2023-10-25 16:11:26'),('9a747882-5f47-4f98-8386-546167cf9094','Order status was updated to Completed',0,'App\\Models\\Order','9a747882-5e3c-4b5d-96f4-609f8fe8b7b3','{\"status\":5}','2023-10-25 16:11:26','2023-10-25 16:11:26');
/*!40000 ALTER TABLE `event_logs` ENABLE KEYS */;
UNLOCK TABLES;

--
-- Table structure for table `failed_jobs`
--

DROP TABLE IF EXISTS `failed_jobs`;
/*!40101 SET @saved_cs_client     = @@character_set_client */;
/*!50503 SET character_set_client = utf8mb4 */;
CREATE TABLE `failed_jobs` (
  `id` char(36) COLLATE utf8mb4_unicode_ci NOT NULL,
  `uuid` varchar(255) COLLATE utf8mb4_unicode_ci NOT NULL,
  `connection` text COLLATE utf8mb4_unicode_ci NOT NULL,
  `queue` text COLLATE utf8mb4_unicode_ci NOT NULL,
  `payload` longtext COLLATE utf8mb4_unicode_ci NOT NULL,
  `exception` longtext COLLATE utf8mb4_unicode_ci NOT NULL,
  `failed_at` timestamp NOT NULL DEFAULT CURRENT_TIMESTAMP,
  PRIMARY KEY (`id`),
  UNIQUE KEY `failed_jobs_uuid_unique` (`uuid`)
) ENGINE=InnoDB DEFAULT CHARSET=utf8mb4 COLLATE=utf8mb4_unicode_ci;
/*!40101 SET character_set_client = @saved_cs_client */;

--
-- Dumping data for table `failed_jobs`
--

LOCK TABLES `failed_jobs` WRITE;
/*!40000 ALTER TABLE `failed_jobs` DISABLE KEYS */;
/*!40000 ALTER TABLE `failed_jobs` ENABLE KEYS */;
UNLOCK TABLES;

--
-- Table structure for table `favorited_products`
--

DROP TABLE IF EXISTS `favorited_products`;
/*!40101 SET @saved_cs_client     = @@character_set_client */;
/*!50503 SET character_set_client = utf8mb4 */;
CREATE TABLE `favorited_products` (
  `user_id` char(36) COLLATE utf8mb4_unicode_ci NOT NULL,
  `product_id` char(36) COLLATE utf8mb4_unicode_ci NOT NULL,
  PRIMARY KEY (`user_id`,`product_id`),
  KEY `favorited_products_product_id_foreign` (`product_id`),
  CONSTRAINT `favorited_products_product_id_foreign` FOREIGN KEY (`product_id`) REFERENCES `products` (`id`) ON DELETE CASCADE,
  CONSTRAINT `favorited_products_user_id_foreign` FOREIGN KEY (`user_id`) REFERENCES `users` (`id`) ON DELETE CASCADE
) ENGINE=InnoDB DEFAULT CHARSET=utf8mb4 COLLATE=utf8mb4_unicode_ci;
/*!40101 SET character_set_client = @saved_cs_client */;

--
-- Dumping data for table `favorited_products`
--

LOCK TABLES `favorited_products` WRITE;
/*!40000 ALTER TABLE `favorited_products` DISABLE KEYS */;
/*!40000 ALTER TABLE `favorited_products` ENABLE KEYS */;
UNLOCK TABLES;

--
-- Table structure for table `file_contents`
--

DROP TABLE IF EXISTS `file_contents`;
/*!40101 SET @saved_cs_client     = @@character_set_client */;
/*!50503 SET character_set_client = utf8mb4 */;
CREATE TABLE `file_contents` (
  `id` char(36) COLLATE utf8mb4_unicode_ci NOT NULL,
  `url` varchar(255) COLLATE utf8mb4_unicode_ci NOT NULL,
  `file_name` varchar(255) COLLATE utf8mb4_unicode_ci NOT NULL,
  `fileable_type` varchar(255) COLLATE utf8mb4_unicode_ci NOT NULL,
  `fileable_id` char(36) COLLATE utf8mb4_unicode_ci NOT NULL,
  `original_file_name` varchar(255) COLLATE utf8mb4_unicode_ci DEFAULT NULL,
  `size` varchar(50) COLLATE utf8mb4_unicode_ci DEFAULT NULL,
  `title` text COLLATE utf8mb4_unicode_ci,
  `description` text COLLATE utf8mb4_unicode_ci,
  `type` tinyint NOT NULL DEFAULT '1',
  `created_at` timestamp NULL DEFAULT NULL,
  `updated_at` timestamp NULL DEFAULT NULL,
  PRIMARY KEY (`id`),
  KEY `file_contents_fileable_type_fileable_id_index` (`fileable_type`,`fileable_id`)
) ENGINE=InnoDB DEFAULT CHARSET=utf8mb4 COLLATE=utf8mb4_unicode_ci;
/*!40101 SET character_set_client = @saved_cs_client */;

--
-- Dumping data for table `file_contents`
--

LOCK TABLES `file_contents` WRITE;
/*!40000 ALTER TABLE `file_contents` DISABLE KEYS */;
INSERT INTO `file_contents` VALUES ('9a747880-06d5-4dd9-b65a-81ada2b53bc5','https://shoptopus.test/sample-store-data/sample-store-1/product-images/ladies-boots-1.jpg','ladies-boots-1.jpg','App\\Models\\Product','9a74782c-e18a-4cbe-ac40-3290e193835b',NULL,'329','{\"en\":\"\"}','{\"en\":\"\"}',1,'2023-10-25 16:11:25','2023-10-25 16:11:25'),('9a747880-0846-45c0-bc22-04764379dcb5','https://shoptopus.test/sample-store-data/sample-store-1/product-images/ladies-boots-1-dark-blue.jpg','ladies-boots-1-dark-blue.jpg','App\\Models\\ProductVariant','9a74786c-0809-478c-b2b8-73d438acd962',NULL,'317','{\"en\":\"\"}','{\"en\":\"\"}',1,'2023-10-25 16:11:25','2023-10-25 16:11:25'),('9a747880-09e1-4542-aa6f-8631d4612d25','https://shoptopus.test/sample-store-data/sample-store-1/product-images/ladies-boots-1-dark-blue.jpg','ladies-boots-1-dark-blue.jpg','App\\Models\\ProductVariant','9a74786c-1015-4455-b840-761f01d6f59e',NULL,'317','{\"en\":\"\"}','{\"en\":\"\"}',1,'2023-10-25 16:11:25','2023-10-25 16:11:25'),('9a747880-0b9c-43f0-94e8-0154280b4bf6','https://shoptopus.test/sample-store-data/sample-store-1/product-images/ladies-boots-1-dark-blue.jpg','ladies-boots-1-dark-blue.jpg','App\\Models\\ProductVariant','9a74786c-182a-4a39-8b63-7080d1a1437f',NULL,'317','{\"en\":\"\"}','{\"en\":\"\"}',1,'2023-10-25 16:11:25','2023-10-25 16:11:25'),('9a747880-0d22-472d-b23d-e620ae11eeda','https://shoptopus.test/sample-store-data/sample-store-1/product-images/ladies-boots-1-dark-blue.jpg','ladies-boots-1-dark-blue.jpg','App\\Models\\ProductVariant','9a74786c-200c-43e1-9c82-7529390f4e56',NULL,'317','{\"en\":\"\"}','{\"en\":\"\"}',1,'2023-10-25 16:11:25','2023-10-25 16:11:25'),('9a747880-0e96-48a2-9bc9-1701f4f480ba','https://shoptopus.test/sample-store-data/sample-store-1/product-images/ladies-boots-1-dark-blue.jpg','ladies-boots-1-dark-blue.jpg','App\\Models\\ProductVariant','9a74786c-27da-4856-83bb-236ea5fd0854',NULL,'317','{\"en\":\"\"}','{\"en\":\"\"}',1,'2023-10-25 16:11:25','2023-10-25 16:11:25'),('9a747880-1004-435f-964d-ffe6cd796b6f','https://shoptopus.test/sample-store-data/sample-store-1/product-images/ladies-boots-1-green.jpg','ladies-boots-1-green.jpg','App\\Models\\ProductVariant','9a74786c-2f9c-4920-b4a4-4a4341d41333',NULL,'333','{\"en\":\"\"}','{\"en\":\"\"}',1,'2023-10-25 16:11:25','2023-10-25 16:11:25'),('9a747880-11b2-4810-a9c1-1eac8d896846','https://shoptopus.test/sample-store-data/sample-store-1/product-images/ladies-boots-1-green.jpg','ladies-boots-1-green.jpg','App\\Models\\ProductVariant','9a74786c-37d0-4b32-9640-91a5de4992b9',NULL,'333','{\"en\":\"\"}','{\"en\":\"\"}',1,'2023-10-25 16:11:25','2023-10-25 16:11:25'),('9a747880-1307-4288-93e1-b6db62e88ac0','https://shoptopus.test/sample-store-data/sample-store-1/product-images/ladies-boots-1-green.jpg','ladies-boots-1-green.jpg','App\\Models\\ProductVariant','9a74786c-3ff0-4047-bd33-00d0de51a946',NULL,'333','{\"en\":\"\"}','{\"en\":\"\"}',1,'2023-10-25 16:11:25','2023-10-25 16:11:25'),('9a747880-14b0-43eb-99b5-310cb771ea1b','https://shoptopus.test/sample-store-data/sample-store-1/product-images/ladies-boots-1-green.jpg','ladies-boots-1-green.jpg','App\\Models\\ProductVariant','9a74786c-47f1-4ba4-9179-528c3ba1c658',NULL,'333','{\"en\":\"\"}','{\"en\":\"\"}',1,'2023-10-25 16:11:25','2023-10-25 16:11:25'),('9a747880-1621-4a39-94f2-72708af1b2cb','https://shoptopus.test/sample-store-data/sample-store-1/product-images/ladies-boots-1-green.jpg','ladies-boots-1-green.jpg','App\\Models\\ProductVariant','9a74786c-50d6-4a22-b5fd-332b1b079da2',NULL,'333','{\"en\":\"\"}','{\"en\":\"\"}',1,'2023-10-25 16:11:25','2023-10-25 16:11:25'),('9a747880-17b8-40bd-8cf9-a3a47e21b1df','https://shoptopus.test/sample-store-data/sample-store-1/product-images/ladies-boots-2.jpg','ladies-boots-2.jpg','App\\Models\\Product','9a74782e-df26-4d31-99a2-400a7955af50',NULL,'337','{\"en\":\"\"}','{\"en\":\"\"}',1,'2023-10-25 16:11:25','2023-10-25 16:11:25'),('9a747880-194c-4f91-bfd6-bde00dcffaaf','https://shoptopus.test/sample-store-data/sample-store-1/product-images/ladies-boots-3.jpg','ladies-boots-3.jpg','App\\Models\\Product','9a747830-7ee3-4148-866d-a8c603645d29',NULL,'282','{\"en\":\"\"}','{\"en\":\"\"}',1,'2023-10-25 16:11:25','2023-10-25 16:11:25'),('9a747880-1abd-4de6-b41b-5b066233e7c4','https://shoptopus.test/sample-store-data/sample-store-1/product-images/ladies-hats-1.jpg','ladies-hats-1.jpg','App\\Models\\Product','9a747857-33f5-401b-a760-bdd76fdad512',NULL,'322','{\"en\":\"\"}','{\"en\":\"\"}',1,'2023-10-25 16:11:25','2023-10-25 16:11:25'),('9a747880-1c44-4cc5-b9f0-9a33042b1c67','https://shoptopus.test/sample-store-data/sample-store-1/product-images/ladies-hats-2.jpg','ladies-hats-2.jpg','App\\Models\\Product','9a747859-1df2-4b00-9a06-1d1e16b8a9ab',NULL,'343','{\"en\":\"\"}','{\"en\":\"\"}',1,'2023-10-25 16:11:25','2023-10-25 16:11:25'),('9a747880-1def-4942-92d7-757e4833fcb9','https://shoptopus.test/sample-store-data/sample-store-1/product-images/ladies-hats-3.jpg','ladies-hats-3.jpg','App\\Models\\Product','9a747859-1df2-4b00-9a06-1d1e16b8a9ab',NULL,'310','{\"en\":\"\"}','{\"en\":\"\"}',1,'2023-10-25 16:11:25','2023-10-25 16:11:25'),('9a747880-1fdc-4a55-843c-e67c24c0afd8','https://shoptopus.test/sample-store-data/sample-store-1/product-images/ladies-jewellery-1.jpg','ladies-jewellery-1.jpg','App\\Models\\Product','9a747851-b3f9-44bc-84b0-90f1250c5c3f',NULL,'275','{\"en\":\"\"}','{\"en\":\"\"}',1,'2023-10-25 16:11:25','2023-10-25 16:11:25'),('9a747880-21a6-4f00-9130-19fc6691a69e','https://shoptopus.test/sample-store-data/sample-store-1/product-images/ladies-jewellery-2.jpg','ladies-jewellery-2.jpg','App\\Models\\Product','9a747853-590b-48a1-934f-c68edde5a2bf',NULL,'316','{\"en\":\"\"}','{\"en\":\"\"}',1,'2023-10-25 16:11:25','2023-10-25 16:11:25'),('9a747880-2319-4da7-bb52-3efe95642e1e','https://shoptopus.test/sample-store-data/sample-store-1/product-images/ladies-jewellery-3.jpg','ladies-jewellery-3.jpg','App\\Models\\Product','9a747855-3cdd-4ee0-b980-992ff94eaa1b',NULL,'312','{\"en\":\"\"}','{\"en\":\"\"}',1,'2023-10-25 16:11:25','2023-10-25 16:11:25'),('9a747880-24d7-4a42-8c76-f75fef173443','https://shoptopus.test/sample-store-data/sample-store-1/product-images/ladies-jumpers-1.jpg','ladies-jumpers-1.jpg','App\\Models\\Product','9a747813-4127-43db-b202-ada230ce5277',NULL,'264','{\"en\":\"\"}','{\"en\":\"\"}',1,'2023-10-25 16:11:25','2023-10-25 16:11:25'),('9a747880-262f-4576-8795-1a442c1d355a','https://shoptopus.test/sample-store-data/sample-store-1/product-images/ladies-jumpers-2.jpg','ladies-jumpers-2.jpg','App\\Models\\Product','9a747814-fdd4-4823-af61-b85220c6fb22',NULL,'273','{\"en\":\"\"}','{\"en\":\"\"}',1,'2023-10-25 16:11:25','2023-10-25 16:11:25'),('9a747880-27a2-4ce8-98c9-d43cd66385bb','https://shoptopus.test/sample-store-data/sample-store-1/product-images/ladies-jumpers-3.jpg','ladies-jumpers-3.jpg','App\\Models\\Product','9a747816-bc2e-4056-a1cb-a79c59ff7070',NULL,'268','{\"en\":\"\"}','{\"en\":\"\"}',1,'2023-10-25 16:11:25','2023-10-25 16:11:25'),('9a747880-290d-4196-9785-d025bcd42b15','https://shoptopus.test/sample-store-data/sample-store-1/product-images/ladies-jumpers-3-bright-blue.jpg','ladies-jumpers-3-bright-blue.jpg','App\\Models\\ProductVariant','9a74786c-58c0-4c41-812c-9ac73250def2',NULL,'302','{\"en\":\"\"}','{\"en\":\"\"}',1,'2023-10-25 16:11:25','2023-10-25 16:11:25'),('9a747880-2ab5-450b-b702-dfab98529429','https://shoptopus.test/sample-store-data/sample-store-1/product-images/ladies-jumpers-3-bright-blue.jpg','ladies-jumpers-3-bright-blue.jpg','App\\Models\\ProductVariant','9a74786c-60d7-4fdd-a7e5-ce0a3513c6da',NULL,'302','{\"en\":\"\"}','{\"en\":\"\"}',1,'2023-10-25 16:11:25','2023-10-25 16:11:25'),('9a747880-2c32-41d4-8512-36e32a6289cf','https://shoptopus.test/sample-store-data/sample-store-1/product-images/ladies-jumpers-3-bright-blue.jpg','ladies-jumpers-3-bright-blue.jpg','App\\Models\\ProductVariant','9a74786c-68af-4534-835d-dbac1e927449',NULL,'302','{\"en\":\"\"}','{\"en\":\"\"}',1,'2023-10-25 16:11:25','2023-10-25 16:11:25'),('9a747880-2d99-4832-a7c2-c808cd3d11b7','https://shoptopus.test/sample-store-data/sample-store-1/product-images/ladies-jumpers-3-bright-blue.jpg','ladies-jumpers-3-bright-blue.jpg','App\\Models\\ProductVariant','9a74786c-70b3-41d2-8ad6-07f56a3cf03b',NULL,'302','{\"en\":\"\"}','{\"en\":\"\"}',1,'2023-10-25 16:11:25','2023-10-25 16:11:25'),('9a747880-2efa-4cb6-9d28-7b9b7ee06816','https://shoptopus.test/sample-store-data/sample-store-1/product-images/ladies-jumpers-3-bright-blue.jpg','ladies-jumpers-3-bright-blue.jpg','App\\Models\\ProductVariant','9a74786c-78b6-4778-8c64-628ce024df22',NULL,'302','{\"en\":\"\"}','{\"en\":\"\"}',1,'2023-10-25 16:11:25','2023-10-25 16:11:25'),('9a747880-305d-47ba-a601-488a3ee786ac','https://shoptopus.test/sample-store-data/sample-store-1/product-images/ladies-jumpers-3-green.jpg','ladies-jumpers-3-green.jpg','App\\Models\\ProductVariant','9a74786c-812f-4ee5-9ea0-b2bc7378394c',NULL,'316','{\"en\":\"\"}','{\"en\":\"\"}',1,'2023-10-25 16:11:25','2023-10-25 16:11:25'),('9a747880-31f6-4e35-b874-ca519d7c9f75','https://shoptopus.test/sample-store-data/sample-store-1/product-images/ladies-jumpers-3-green.jpg','ladies-jumpers-3-green.jpg','App\\Models\\ProductVariant','9a74786c-896b-46bb-8a39-3bfc879cd577',NULL,'316','{\"en\":\"\"}','{\"en\":\"\"}',1,'2023-10-25 16:11:25','2023-10-25 16:11:25'),('9a747880-339f-4b38-8d39-6d3608714633','https://shoptopus.test/sample-store-data/sample-store-1/product-images/ladies-jumpers-3-green.jpg','ladies-jumpers-3-green.jpg','App\\Models\\ProductVariant','9a74786c-914c-4740-a5e6-bf7e2e7620b0',NULL,'316','{\"en\":\"\"}','{\"en\":\"\"}',1,'2023-10-25 16:11:25','2023-10-25 16:11:25'),('9a747880-3515-4eeb-94e5-3e51f3c78a63','https://shoptopus.test/sample-store-data/sample-store-1/product-images/ladies-jumpers-3-green.jpg','ladies-jumpers-3-green.jpg','App\\Models\\ProductVariant','9a74786d-3982-4536-9b4b-2472d41475ef',NULL,'316','{\"en\":\"\"}','{\"en\":\"\"}',1,'2023-10-25 16:11:25','2023-10-25 16:11:25'),('9a747880-369f-4123-ae99-78c40098e31b','https://shoptopus.test/sample-store-data/sample-store-1/product-images/ladies-jumpers-3-green.jpg','ladies-jumpers-3-green.jpg','App\\Models\\ProductVariant','9a74786d-4501-43b5-beb2-a57d7564fbd1',NULL,'316','{\"en\":\"\"}','{\"en\":\"\"}',1,'2023-10-25 16:11:25','2023-10-25 16:11:25'),('9a747880-3841-49fb-9f48-796dfe37e957','https://shoptopus.test/sample-store-data/sample-store-1/product-images/ladies-platform-shoes-1.jpg','ladies-platform-shoes-1.jpg','App\\Models\\Product','9a747832-ac4b-4ee6-8869-2e25f79bc272',NULL,'347','{\"en\":\"\"}','{\"en\":\"\"}',1,'2023-10-25 16:11:25','2023-10-25 16:11:25'),('9a747880-39bf-4d2b-80db-548375ced6ec','https://shoptopus.test/sample-store-data/sample-store-1/product-images/ladies-platform-shoes-1-2.jpg','ladies-platform-shoes-1-2.jpg','App\\Models\\Product','9a747832-ac4b-4ee6-8869-2e25f79bc272',NULL,'347','{\"en\":\"\"}','{\"en\":\"\"}',1,'2023-10-25 16:11:25','2023-10-25 16:11:25'),('9a747880-3b5e-43fa-8abb-5ac0a21b1162','https://shoptopus.test/sample-store-data/sample-store-1/product-images/ladies-platform-shoes-1-3.jpg','ladies-platform-shoes-1-3.jpg','App\\Models\\Product','9a747832-ac4b-4ee6-8869-2e25f79bc272',NULL,'294','{\"en\":\"\"}','{\"en\":\"\"}',1,'2023-10-25 16:11:25','2023-10-25 16:11:25'),('9a747880-3ce8-44f5-9c81-0d294b0e6d8f','https://shoptopus.test/sample-store-data/sample-store-1/product-images/ladies-platform-shoes-2.jpg','ladies-platform-shoes-2.jpg','App\\Models\\Product','9a747834-63a6-46a1-b33d-abeb1dc773d9',NULL,'264','{\"en\":\"\"}','{\"en\":\"\"}',1,'2023-10-25 16:11:25','2023-10-25 16:11:25'),('9a747880-3ea5-4a8b-aad9-039bc5668dea','https://shoptopus.test/sample-store-data/sample-store-1/product-images/ladies-platform-shoes-3.jpg','ladies-platform-shoes-3.jpg','App\\Models\\Product','9a747836-2acb-4e2a-b26e-f6ffb98f3eca',NULL,'307','{\"en\":\"\"}','{\"en\":\"\"}',1,'2023-10-25 16:11:25','2023-10-25 16:11:25'),('9a747880-4040-42e5-b4d0-69dab39dba7c','https://shoptopus.test/sample-store-data/sample-store-1/product-images/ladies-polo-shirts-1.jpg','ladies-polo-shirts-1.jpg','App\\Models\\Product','9a747808-0f26-4ac0-8b5b-1fbf9230a1d4',NULL,'326','{\"en\":\"\"}','{\"en\":\"\"}',1,'2023-10-25 16:11:25','2023-10-25 16:11:25'),('9a747880-41a7-43c1-a7ff-ba5e3a4f89d8','https://shoptopus.test/sample-store-data/sample-store-1/product-images/ladies-polo-shirts-1-dark-blue.jpg','ladies-polo-shirts-1-dark-blue.jpg','App\\Models\\ProductVariant','9a74786d-5037-43f1-a5e6-7c07acbc6172',NULL,'344','{\"en\":\"\"}','{\"en\":\"\"}',1,'2023-10-25 16:11:25','2023-10-25 16:11:25'),('9a747880-4303-4c9b-9a82-1637db26cd4a','https://shoptopus.test/sample-store-data/sample-store-1/product-images/ladies-polo-shirts-1-dark-blue.jpg','ladies-polo-shirts-1-dark-blue.jpg','App\\Models\\ProductVariant','9a74786d-5aa0-48ab-90fc-567e6e5c2cb4',NULL,'344','{\"en\":\"\"}','{\"en\":\"\"}',1,'2023-10-25 16:11:25','2023-10-25 16:11:25'),('9a747880-44bc-4e33-bf0d-52b55afc8a09','https://shoptopus.test/sample-store-data/sample-store-1/product-images/ladies-polo-shirts-1-dark-blue.jpg','ladies-polo-shirts-1-dark-blue.jpg','App\\Models\\ProductVariant','9a74786d-638b-4d98-acca-913bd77b396d',NULL,'344','{\"en\":\"\"}','{\"en\":\"\"}',1,'2023-10-25 16:11:25','2023-10-25 16:11:25'),('9a747880-463d-4aeb-bd65-29218cd8dcc3','https://shoptopus.test/sample-store-data/sample-store-1/product-images/ladies-polo-shirts-1-dark-blue.jpg','ladies-polo-shirts-1-dark-blue.jpg','App\\Models\\ProductVariant','9a74786d-6e9d-45b8-b99e-50de8abe0a0e',NULL,'344','{\"en\":\"\"}','{\"en\":\"\"}',1,'2023-10-25 16:11:25','2023-10-25 16:11:25'),('9a747880-47e5-48eb-9a03-e68d4ea26248','https://shoptopus.test/sample-store-data/sample-store-1/product-images/ladies-polo-shirts-1-dark-blue.jpg','ladies-polo-shirts-1-dark-blue.jpg','App\\Models\\ProductVariant','9a74786d-7960-4e39-a265-14c494f15180',NULL,'344','{\"en\":\"\"}','{\"en\":\"\"}',1,'2023-10-25 16:11:25','2023-10-25 16:11:25'),('9a747880-4a05-4a7e-a576-2e98a0e387ae','https://shoptopus.test/sample-store-data/sample-store-1/product-images/ladies-polo-shirts-1-green.jpg','ladies-polo-shirts-1-green.jpg','App\\Models\\ProductVariant','9a74786d-83a7-4d89-9663-12f29fb20c9c',NULL,'321','{\"en\":\"\"}','{\"en\":\"\"}',1,'2023-10-25 16:11:25','2023-10-25 16:11:25'),('9a747880-4bb8-4238-82eb-3f78c4980dca','https://shoptopus.test/sample-store-data/sample-store-1/product-images/ladies-polo-shirts-1-green.jpg','ladies-polo-shirts-1-green.jpg','App\\Models\\ProductVariant','9a74786d-8daf-4ca7-9d14-34bc7362e160',NULL,'321','{\"en\":\"\"}','{\"en\":\"\"}',1,'2023-10-25 16:11:25','2023-10-25 16:11:25'),('9a747880-4d1c-47c0-a2be-6fef70d96313','https://shoptopus.test/sample-store-data/sample-store-1/product-images/ladies-polo-shirts-1-green.jpg','ladies-polo-shirts-1-green.jpg','App\\Models\\ProductVariant','9a74786d-9645-4efe-8463-befb0e427d55',NULL,'321','{\"en\":\"\"}','{\"en\":\"\"}',1,'2023-10-25 16:11:25','2023-10-25 16:11:25'),('9a747880-4e85-4d20-855b-41ce54f71946','https://shoptopus.test/sample-store-data/sample-store-1/product-images/ladies-polo-shirts-1-green.jpg','ladies-polo-shirts-1-green.jpg','App\\Models\\ProductVariant','9a74786d-9eb9-4a9a-a51d-7463a407b337',NULL,'321','{\"en\":\"\"}','{\"en\":\"\"}',1,'2023-10-25 16:11:25','2023-10-25 16:11:25'),('9a747880-5018-4e43-a5a3-c394cb2c59df','https://shoptopus.test/sample-store-data/sample-store-1/product-images/ladies-polo-shirts-1-green.jpg','ladies-polo-shirts-1-green.jpg','App\\Models\\ProductVariant','9a74786d-a679-4033-a393-f19a21ba9b0d',NULL,'321','{\"en\":\"\"}','{\"en\":\"\"}',1,'2023-10-25 16:11:25','2023-10-25 16:11:25'),('9a747880-5192-42db-a3df-5a5da884f654','https://shoptopus.test/sample-store-data/sample-store-1/product-images/ladies-polo-shirts-1-light-blue.jpg','ladies-polo-shirts-1-light-blue.jpg','App\\Models\\ProductVariant','9a74786d-af3f-4d33-abb9-15faa4a4338f',NULL,'270','{\"en\":\"\"}','{\"en\":\"\"}',1,'2023-10-25 16:11:25','2023-10-25 16:11:25'),('9a747880-532d-4265-a599-ab571c3824c3','https://shoptopus.test/sample-store-data/sample-store-1/product-images/ladies-polo-shirts-1-light-blue.jpg','ladies-polo-shirts-1-light-blue.jpg','App\\Models\\ProductVariant','9a74786d-b7bb-490d-b2df-5c43abbb4417',NULL,'270','{\"en\":\"\"}','{\"en\":\"\"}',1,'2023-10-25 16:11:25','2023-10-25 16:11:25'),('9a747880-54d2-4354-b310-74f2584432ae','https://shoptopus.test/sample-store-data/sample-store-1/product-images/ladies-polo-shirts-1-light-blue.jpg','ladies-polo-shirts-1-light-blue.jpg','App\\Models\\ProductVariant','9a74786d-c02e-4700-b9d3-f76bb9b6984b',NULL,'270','{\"en\":\"\"}','{\"en\":\"\"}',1,'2023-10-25 16:11:25','2023-10-25 16:11:25'),('9a747880-5642-4c45-8095-758ca957d235','https://shoptopus.test/sample-store-data/sample-store-1/product-images/ladies-polo-shirts-1-light-blue.jpg','ladies-polo-shirts-1-light-blue.jpg','App\\Models\\ProductVariant','9a74786d-c9fd-4665-8645-f742754b9f61',NULL,'270','{\"en\":\"\"}','{\"en\":\"\"}',1,'2023-10-25 16:11:25','2023-10-25 16:11:25'),('9a747880-57da-4700-9292-776a963ddf24','https://shoptopus.test/sample-store-data/sample-store-1/product-images/ladies-polo-shirts-1-light-blue.jpg','ladies-polo-shirts-1-light-blue.jpg','App\\Models\\ProductVariant','9a74786d-d2c6-4765-a3bc-fc8047f588e8',NULL,'270','{\"en\":\"\"}','{\"en\":\"\"}',1,'2023-10-25 16:11:25','2023-10-25 16:11:25'),('9a747880-5992-4d76-986e-1fb8c9c4b241','https://shoptopus.test/sample-store-data/sample-store-1/product-images/ladies-polo-shirts-1-pink.jpg','ladies-polo-shirts-1-pink.jpg','App\\Models\\ProductVariant','9a74786e-04d0-445b-bc6a-9eb976025d0b',NULL,'295','{\"en\":\"\"}','{\"en\":\"\"}',1,'2023-10-25 16:11:25','2023-10-25 16:11:25'),('9a747880-5afe-42e6-be7c-d9eee426e0fc','https://shoptopus.test/sample-store-data/sample-store-1/product-images/ladies-polo-shirts-1-pink.jpg','ladies-polo-shirts-1-pink.jpg','App\\Models\\ProductVariant','9a74786e-0d01-44a7-9921-8e1aef285be2',NULL,'295','{\"en\":\"\"}','{\"en\":\"\"}',1,'2023-10-25 16:11:25','2023-10-25 16:11:25'),('9a747880-5ce7-4679-b12b-1c8b68d9c330','https://shoptopus.test/sample-store-data/sample-store-1/product-images/ladies-polo-shirts-1-pink.jpg','ladies-polo-shirts-1-pink.jpg','App\\Models\\ProductVariant','9a74786e-158b-4e7a-b6da-2a5344560bfe',NULL,'295','{\"en\":\"\"}','{\"en\":\"\"}',1,'2023-10-25 16:11:25','2023-10-25 16:11:25'),('9a747880-5ea0-49fa-b969-c50426c6ead6','https://shoptopus.test/sample-store-data/sample-store-1/product-images/ladies-polo-shirts-1-pink.jpg','ladies-polo-shirts-1-pink.jpg','App\\Models\\ProductVariant','9a74786e-1de5-4787-9e32-afbf9e266b17',NULL,'295','{\"en\":\"\"}','{\"en\":\"\"}',1,'2023-10-25 16:11:25','2023-10-25 16:11:25'),('9a747880-605c-4d34-9cd9-d2a978457dd7','https://shoptopus.test/sample-store-data/sample-store-1/product-images/ladies-polo-shirts-1-pink.jpg','ladies-polo-shirts-1-pink.jpg','App\\Models\\ProductVariant','9a74786e-25b2-4be6-b448-26d6341599de',NULL,'295','{\"en\":\"\"}','{\"en\":\"\"}',1,'2023-10-25 16:11:25','2023-10-25 16:11:25'),('9a747880-61a8-443f-a4e9-b7ed41cd0a97','https://shoptopus.test/sample-store-data/sample-store-1/product-images/ladies-polo-shirts-1-red.jpg','ladies-polo-shirts-1-red.jpg','App\\Models\\ProductVariant','9a74786d-db2b-4c8a-b01a-72651db6752c',NULL,'332','{\"en\":\"\"}','{\"en\":\"\"}',1,'2023-10-25 16:11:25','2023-10-25 16:11:25'),('9a747880-6314-4e03-8fea-98e5b293b98a','https://shoptopus.test/sample-store-data/sample-store-1/product-images/ladies-polo-shirts-1-red.jpg','ladies-polo-shirts-1-red.jpg','App\\Models\\ProductVariant','9a74786d-e345-472f-8625-fabbc0aa4a64',NULL,'332','{\"en\":\"\"}','{\"en\":\"\"}',1,'2023-10-25 16:11:25','2023-10-25 16:11:25'),('9a747880-64a1-45d3-ae63-2cce1178f39f','https://shoptopus.test/sample-store-data/sample-store-1/product-images/ladies-polo-shirts-1-red.jpg','ladies-polo-shirts-1-red.jpg','App\\Models\\ProductVariant','9a74786d-eb6b-46b8-88d2-c51b7c2f7aed',NULL,'332','{\"en\":\"\"}','{\"en\":\"\"}',1,'2023-10-25 16:11:25','2023-10-25 16:11:25'),('9a747880-663e-4349-8e46-ac60129ef412','https://shoptopus.test/sample-store-data/sample-store-1/product-images/ladies-polo-shirts-1-red.jpg','ladies-polo-shirts-1-red.jpg','App\\Models\\ProductVariant','9a74786d-f3fc-4178-988c-de99c2fa7917',NULL,'332','{\"en\":\"\"}','{\"en\":\"\"}',1,'2023-10-25 16:11:25','2023-10-25 16:11:25'),('9a747880-67cc-4328-90b2-d2d82a7418a4','https://shoptopus.test/sample-store-data/sample-store-1/product-images/ladies-polo-shirts-1-red.jpg','ladies-polo-shirts-1-red.jpg','App\\Models\\ProductVariant','9a74786d-fc05-4b9c-acfe-cad8fb943e3a',NULL,'332','{\"en\":\"\"}','{\"en\":\"\"}',1,'2023-10-25 16:11:25','2023-10-25 16:11:25'),('9a747880-6941-4fe4-8973-4f05538281e3','https://shoptopus.test/sample-store-data/sample-store-1/product-images/ladies-polo-shirts-2.jpg','ladies-polo-shirts-2.jpg','App\\Models\\Product','9a747809-b1c9-4f86-a887-d19fe25ff2d1',NULL,'305','{\"en\":\"\"}','{\"en\":\"\"}',1,'2023-10-25 16:11:25','2023-10-25 16:11:25'),('9a747880-6ad4-4d94-9083-e510127a0f0e','https://shoptopus.test/sample-store-data/sample-store-1/product-images/ladies-polo-shirts-3.jpg','ladies-polo-shirts-3.jpg','App\\Models\\Product','9a74780c-0553-48c2-94c0-afe7bf9b0a5b',NULL,'349','{\"en\":\"\"}','{\"en\":\"\"}',1,'2023-10-25 16:11:25','2023-10-25 16:11:25'),('9a747880-6c76-40b7-a14f-44a4d734e319','https://shoptopus.test/sample-store-data/sample-store-1/product-images/ladies-polo-shirts-3-bright-blue.jpg','ladies-polo-shirts-3-bright-blue.jpg','App\\Models\\ProductVariant','9a74786e-584e-4d12-ac33-f0886b011a04',NULL,'322','{\"en\":\"\"}','{\"en\":\"\"}',1,'2023-10-25 16:11:25','2023-10-25 16:11:25'),('9a747880-6dfb-4372-ba25-698375779024','https://shoptopus.test/sample-store-data/sample-store-1/product-images/ladies-polo-shirts-3-bright-blue.jpg','ladies-polo-shirts-3-bright-blue.jpg','App\\Models\\ProductVariant','9a74786e-6084-40c0-b6b8-dee8aa4cf807',NULL,'322','{\"en\":\"\"}','{\"en\":\"\"}',1,'2023-10-25 16:11:25','2023-10-25 16:11:25'),('9a747880-6f91-47a4-ae45-22626ac595e3','https://shoptopus.test/sample-store-data/sample-store-1/product-images/ladies-polo-shirts-3-bright-blue.jpg','ladies-polo-shirts-3-bright-blue.jpg','App\\Models\\ProductVariant','9a74786e-6823-4c2e-8ec2-7293575e431a',NULL,'322','{\"en\":\"\"}','{\"en\":\"\"}',1,'2023-10-25 16:11:25','2023-10-25 16:11:25'),('9a747880-7103-4a88-979a-d05db1727eef','https://shoptopus.test/sample-store-data/sample-store-1/product-images/ladies-polo-shirts-3-bright-blue.jpg','ladies-polo-shirts-3-bright-blue.jpg','App\\Models\\ProductVariant','9a74786e-7067-43f6-b425-c11a38c85561',NULL,'322','{\"en\":\"\"}','{\"en\":\"\"}',1,'2023-10-25 16:11:25','2023-10-25 16:11:25'),('9a747880-72ab-4cb9-841f-cada82078d55','https://shoptopus.test/sample-store-data/sample-store-1/product-images/ladies-polo-shirts-3-bright-blue.jpg','ladies-polo-shirts-3-bright-blue.jpg','App\\Models\\ProductVariant','9a74786e-786c-4a39-a267-4006884c9788',NULL,'322','{\"en\":\"\"}','{\"en\":\"\"}',1,'2023-10-25 16:11:25','2023-10-25 16:11:25'),('9a747880-742e-4abf-b26f-17a18f845e70','https://shoptopus.test/sample-store-data/sample-store-1/product-images/ladies-polo-shirts-3-green.jpg','ladies-polo-shirts-3-green.jpg','App\\Models\\ProductVariant','9a74786e-2e88-4891-aed1-dd5d1a0a9350',NULL,'325','{\"en\":\"\"}','{\"en\":\"\"}',1,'2023-10-25 16:11:25','2023-10-25 16:11:25'),('9a747880-75b4-4d09-a5e7-a472914c7080','https://shoptopus.test/sample-store-data/sample-store-1/product-images/ladies-polo-shirts-3-green.jpg','ladies-polo-shirts-3-green.jpg','App\\Models\\ProductVariant','9a74786e-366b-40b9-a50b-ba0a915c07d9',NULL,'325','{\"en\":\"\"}','{\"en\":\"\"}',1,'2023-10-25 16:11:25','2023-10-25 16:11:25'),('9a747880-7734-4fa8-9818-2ddf28aa36c0','https://shoptopus.test/sample-store-data/sample-store-1/product-images/ladies-polo-shirts-3-green.jpg','ladies-polo-shirts-3-green.jpg','App\\Models\\ProductVariant','9a74786e-3e96-4a16-8862-69fbdb80715c',NULL,'325','{\"en\":\"\"}','{\"en\":\"\"}',1,'2023-10-25 16:11:25','2023-10-25 16:11:25'),('9a747880-789b-4800-a3c6-2de8a319a2fa','https://shoptopus.test/sample-store-data/sample-store-1/product-images/ladies-polo-shirts-3-green.jpg','ladies-polo-shirts-3-green.jpg','App\\Models\\ProductVariant','9a74786e-46d2-427b-8e56-ebd86c991b1e',NULL,'325','{\"en\":\"\"}','{\"en\":\"\"}',1,'2023-10-25 16:11:25','2023-10-25 16:11:25'),('9a747880-7a40-48aa-b64b-fbe4515f2244','https://shoptopus.test/sample-store-data/sample-store-1/product-images/ladies-polo-shirts-3-green.jpg','ladies-polo-shirts-3-green.jpg','App\\Models\\ProductVariant','9a74786e-4f2c-4c50-8646-87b1534bfba5',NULL,'325','{\"en\":\"\"}','{\"en\":\"\"}',1,'2023-10-25 16:11:25','2023-10-25 16:11:25'),('9a747880-7bb4-4809-9550-c00ddc76412d','https://shoptopus.test/sample-store-data/sample-store-1/product-images/ladies-polo-shirts-3-pink.jpg','ladies-polo-shirts-3-pink.jpg','App\\Models\\ProductVariant','9a74786e-804e-4d08-a3aa-c71b774f35b7',NULL,'267','{\"en\":\"\"}','{\"en\":\"\"}',1,'2023-10-25 16:11:25','2023-10-25 16:11:25'),('9a747880-7d1c-409b-808d-b94be6b3eaa3','https://shoptopus.test/sample-store-data/sample-store-1/product-images/ladies-polo-shirts-3-pink.jpg','ladies-polo-shirts-3-pink.jpg','App\\Models\\ProductVariant','9a74786e-886f-49c5-825b-2bb147c183ad',NULL,'267','{\"en\":\"\"}','{\"en\":\"\"}',1,'2023-10-25 16:11:25','2023-10-25 16:11:25'),('9a747880-7e91-4052-9b50-fd921238c543','https://shoptopus.test/sample-store-data/sample-store-1/product-images/ladies-polo-shirts-3-pink.jpg','ladies-polo-shirts-3-pink.jpg','App\\Models\\ProductVariant','9a74786e-905e-41e5-9b1d-9318bc6f2178',NULL,'267','{\"en\":\"\"}','{\"en\":\"\"}',1,'2023-10-25 16:11:25','2023-10-25 16:11:25'),('9a747880-8060-49e9-9620-853c8573a0fd','https://shoptopus.test/sample-store-data/sample-store-1/product-images/ladies-polo-shirts-3-pink.jpg','ladies-polo-shirts-3-pink.jpg','App\\Models\\ProductVariant','9a74786e-9898-4a5c-ae12-bc1959cd885a',NULL,'267','{\"en\":\"\"}','{\"en\":\"\"}',1,'2023-10-25 16:11:25','2023-10-25 16:11:25'),('9a747880-81cb-46f5-b4b9-fa70062ef38a','https://shoptopus.test/sample-store-data/sample-store-1/product-images/ladies-polo-shirts-3-pink.jpg','ladies-polo-shirts-3-pink.jpg','App\\Models\\ProductVariant','9a74786e-a0a4-4d40-a092-004489d2b1fe',NULL,'267','{\"en\":\"\"}','{\"en\":\"\"}',1,'2023-10-25 16:11:25','2023-10-25 16:11:25'),('9a747880-8365-46bf-a923-b8a902cf018f','https://shoptopus.test/sample-store-data/sample-store-1/product-images/ladies-polo-shirts-3_1.jpg','ladies-polo-shirts-3_1.jpg','App\\Models\\Product','9a74780c-0553-48c2-94c0-afe7bf9b0a5b',NULL,'333','{\"en\":\"\"}','{\"en\":\"\"}',1,'2023-10-25 16:11:25','2023-10-25 16:11:25'),('9a747880-8547-49fd-b73b-78a8c3fa7f9a','https://shoptopus.test/sample-store-data/sample-store-1/product-images/size-chart.jpg','size-chart.jpg','App\\Models\\Product','9a747808-0f26-4ac0-8b5b-1fbf9230a1d4',NULL,'274','{\"en\":\"\"}','{\"en\":\"\"}',1,'2023-10-25 16:11:25','2023-10-25 16:11:25'),('9a747880-86e1-4472-8e94-0fc51426d1fc','https://shoptopus.test/sample-store-data/sample-store-1/product-images/size-chart.jpg','size-chart.jpg','App\\Models\\Product','9a747809-b1c9-4f86-a887-d19fe25ff2d1',NULL,'265','{\"en\":\"\"}','{\"en\":\"\"}',1,'2023-10-25 16:11:25','2023-10-25 16:11:25'),('9a747880-8847-480e-a0df-4cd5db15afb4','https://shoptopus.test/sample-store-data/sample-store-1/product-images/size-chart.jpg','size-chart.jpg','App\\Models\\Product','9a74780c-0553-48c2-94c0-afe7bf9b0a5b',NULL,'344','{\"en\":\"\"}','{\"en\":\"\"}',1,'2023-10-25 16:11:25','2023-10-25 16:11:25'),('9a747880-89e3-4cf2-b739-05b9fa06b173','https://shoptopus.test/sample-store-data/sample-store-1/product-images/ladies-sandals-1.jpg','ladies-sandals-1.jpg','App\\Models\\Product','9a747827-84af-4f0f-80f6-4aecb04a913c',NULL,'301','{\"en\":\"\"}','{\"en\":\"\"}',1,'2023-10-25 16:11:25','2023-10-25 16:11:25'),('9a747880-8b7c-4a11-b59c-b6ece95177f1','https://shoptopus.test/sample-store-data/sample-store-1/product-images/ladies-sandals-2.jpg','ladies-sandals-2.jpg','App\\Models\\Product','9a747829-4ef1-42cc-9708-4a3bc11d5245',NULL,'338','{\"en\":\"\"}','{\"en\":\"\"}',1,'2023-10-25 16:11:25','2023-10-25 16:11:25'),('9a747880-8d19-45fd-bb4e-3f7693da3f58','https://shoptopus.test/sample-store-data/sample-store-1/product-images/ladies-sandals-3.jpg','ladies-sandals-3.jpg','App\\Models\\Product','9a74782b-0e42-45c0-acff-3487b1a8e4c4',NULL,'276','{\"en\":\"\"}','{\"en\":\"\"}',1,'2023-10-25 16:11:25','2023-10-25 16:11:25'),('9a747880-8e84-4211-8440-7b07e56dbdb8','https://shoptopus.test/sample-store-data/sample-store-1/product-images/ladies-skirts-1.jpg','ladies-skirts-1.jpg','App\\Models\\Product','9a74780d-d674-4712-aaa2-87e907ee492c',NULL,'291','{\"en\":\"\"}','{\"en\":\"\"}',1,'2023-10-25 16:11:25','2023-10-25 16:11:25'),('9a747880-9015-48a4-bbe5-6ef94f78f15b','https://shoptopus.test/sample-store-data/sample-store-1/product-images/ladies-skirts-1-bright-green.jpg','ladies-skirts-1-bright-green.jpg','App\\Models\\ProductVariant','9a74786e-a943-4063-98c4-c4f1b31682cd',NULL,'329','{\"en\":\"\"}','{\"en\":\"\"}',1,'2023-10-25 16:11:25','2023-10-25 16:11:25'),('9a747880-9184-45c7-a045-091889f910aa','https://shoptopus.test/sample-store-data/sample-store-1/product-images/ladies-skirts-1-bright-green.jpg','ladies-skirts-1-bright-green.jpg','App\\Models\\ProductVariant','9a74786e-b131-4c9c-9ad1-9bdc4c0b387d',NULL,'329','{\"en\":\"\"}','{\"en\":\"\"}',1,'2023-10-25 16:11:25','2023-10-25 16:11:25'),('9a747880-9329-4922-8f07-4c676f7558d8','https://shoptopus.test/sample-store-data/sample-store-1/product-images/ladies-skirts-1-bright-green.jpg','ladies-skirts-1-bright-green.jpg','App\\Models\\ProductVariant','9a74786e-b8b1-4ebd-a4c7-dec42305cee4',NULL,'329','{\"en\":\"\"}','{\"en\":\"\"}',1,'2023-10-25 16:11:25','2023-10-25 16:11:25'),('9a747880-94ef-42a5-9048-03471b62bf74','https://shoptopus.test/sample-store-data/sample-store-1/product-images/ladies-skirts-1-bright-green.jpg','ladies-skirts-1-bright-green.jpg','App\\Models\\ProductVariant','9a74786e-c099-4e33-bca8-a220977d0402',NULL,'329','{\"en\":\"\"}','{\"en\":\"\"}',1,'2023-10-25 16:11:25','2023-10-25 16:11:25'),('9a747880-96d1-482a-8415-e0527fa3fe9b','https://shoptopus.test/sample-store-data/sample-store-1/product-images/ladies-skirts-1-bright-green.jpg','ladies-skirts-1-bright-green.jpg','App\\Models\\ProductVariant','9a74786e-c841-4315-bb90-c4fafcbd1a64',NULL,'329','{\"en\":\"\"}','{\"en\":\"\"}',1,'2023-10-25 16:11:25','2023-10-25 16:11:25'),('9a747880-988d-48ed-894a-221f27c01b83','https://shoptopus.test/sample-store-data/sample-store-1/product-images/ladies-skirts-1-dark-blue.jpg','ladies-skirts-1-dark-blue.jpg','App\\Models\\ProductVariant','9a74786e-d03c-47ca-978e-0b02b3d5c68d',NULL,'262','{\"en\":\"\"}','{\"en\":\"\"}',1,'2023-10-25 16:11:25','2023-10-25 16:11:25'),('9a747880-9a36-4ec9-a488-ca7dbb105c38','https://shoptopus.test/sample-store-data/sample-store-1/product-images/ladies-skirts-1-dark-blue.jpg','ladies-skirts-1-dark-blue.jpg','App\\Models\\ProductVariant','9a74786e-d8af-4a8b-9224-ec709ec80c3e',NULL,'262','{\"en\":\"\"}','{\"en\":\"\"}',1,'2023-10-25 16:11:25','2023-10-25 16:11:25'),('9a747880-9bbf-4192-9734-81593c8a5036','https://shoptopus.test/sample-store-data/sample-store-1/product-images/ladies-skirts-1-dark-blue.jpg','ladies-skirts-1-dark-blue.jpg','App\\Models\\ProductVariant','9a74786e-e1a3-4276-84f7-8e73cd5b080a',NULL,'262','{\"en\":\"\"}','{\"en\":\"\"}',1,'2023-10-25 16:11:25','2023-10-25 16:11:25'),('9a747880-9d42-43b0-8154-51c946f18850','https://shoptopus.test/sample-store-data/sample-store-1/product-images/ladies-skirts-1-dark-blue.jpg','ladies-skirts-1-dark-blue.jpg','App\\Models\\ProductVariant','9a74786e-ea5b-4769-a545-1992018d607d',NULL,'262','{\"en\":\"\"}','{\"en\":\"\"}',1,'2023-10-25 16:11:25','2023-10-25 16:11:25'),('9a747880-9ea7-40d3-af07-d504dfedbcd0','https://shoptopus.test/sample-store-data/sample-store-1/product-images/ladies-skirts-1-dark-blue.jpg','ladies-skirts-1-dark-blue.jpg','App\\Models\\ProductVariant','9a74786e-f2c8-4db9-a8b0-5b1bdfc10756',NULL,'262','{\"en\":\"\"}','{\"en\":\"\"}',1,'2023-10-25 16:11:25','2023-10-25 16:11:25'),('9a747880-a05e-4a0e-b6ec-ea3096ec22d0','https://shoptopus.test/sample-store-data/sample-store-1/product-images/ladies-skirts-2.jpg','ladies-skirts-2.jpg','App\\Models\\Product','9a74780f-98d6-42f3-8756-d49a5f3e340a',NULL,'342','{\"en\":\"\"}','{\"en\":\"\"}',1,'2023-10-25 16:11:25','2023-10-25 16:11:25'),('9a747880-a1fa-4c98-84e8-1c546e2fc632','https://shoptopus.test/sample-store-data/sample-store-1/product-images/ladies-skirts-3.jpg','ladies-skirts-3.jpg','App\\Models\\Product','9a747811-89af-4477-b351-11ee1cfd0b9b',NULL,'271','{\"en\":\"\"}','{\"en\":\"\"}',1,'2023-10-25 16:11:25','2023-10-25 16:11:25'),('9a747880-a363-4caf-80c8-b0eda2dde7f7','https://shoptopus.test/sample-store-data/sample-store-1/product-images/ladies-sneakers-1.jpg','ladies-sneakers-1.jpg','App\\Models\\Product','9a747822-9309-4a20-b742-b5a3d8b001ba',NULL,'337','{\"en\":\"\"}','{\"en\":\"\"}',1,'2023-10-25 16:11:25','2023-10-25 16:11:25'),('9a747880-a4b8-457c-a6d3-9de8fdc59e73','https://shoptopus.test/sample-store-data/sample-store-1/product-images/ladies-sneakers-2.jpg','ladies-sneakers-2.jpg','App\\Models\\Product','9a747824-1d85-4967-aa32-7c06af994493',NULL,'302','{\"en\":\"\"}','{\"en\":\"\"}',1,'2023-10-25 16:11:25','2023-10-25 16:11:25'),('9a747880-a620-4c14-9f91-d3349ea7c0cc','https://shoptopus.test/sample-store-data/sample-store-1/product-images/ladies-sneakers-2-green.jpg','ladies-sneakers-2-green.jpg','App\\Models\\ProductVariant','9a74786e-fa84-4c84-9610-c036d2670f36',NULL,'340','{\"en\":\"\"}','{\"en\":\"\"}',1,'2023-10-25 16:11:25','2023-10-25 16:11:25'),('9a747880-a7e3-4652-b2e3-59b96b43794b','https://shoptopus.test/sample-store-data/sample-store-1/product-images/ladies-sneakers-2-green.jpg','ladies-sneakers-2-green.jpg','App\\Models\\ProductVariant','9a74786f-0279-4593-bbb6-7162ab703f97',NULL,'340','{\"en\":\"\"}','{\"en\":\"\"}',1,'2023-10-25 16:11:25','2023-10-25 16:11:25'),('9a747880-a95e-4c75-b84b-cfb35aa82e7c','https://shoptopus.test/sample-store-data/sample-store-1/product-images/ladies-sneakers-2-green.jpg','ladies-sneakers-2-green.jpg','App\\Models\\ProductVariant','9a74786f-0aee-4027-9e70-dceae2df7dc6',NULL,'340','{\"en\":\"\"}','{\"en\":\"\"}',1,'2023-10-25 16:11:25','2023-10-25 16:11:25'),('9a747880-aada-4ba2-8705-3b3a9aa14904','https://shoptopus.test/sample-store-data/sample-store-1/product-images/ladies-sneakers-2-green.jpg','ladies-sneakers-2-green.jpg','App\\Models\\ProductVariant','9a74786f-12ae-4c18-a902-843c699424ea',NULL,'340','{\"en\":\"\"}','{\"en\":\"\"}',1,'2023-10-25 16:11:25','2023-10-25 16:11:25'),('9a747880-ac61-4d0d-a1ce-14e03e3a1742','https://shoptopus.test/sample-store-data/sample-store-1/product-images/ladies-sneakers-2-green.jpg','ladies-sneakers-2-green.jpg','App\\Models\\ProductVariant','9a74786f-1aa8-4d2e-a6fe-7a884c1e74b1',NULL,'340','{\"en\":\"\"}','{\"en\":\"\"}',1,'2023-10-25 16:11:25','2023-10-25 16:11:25'),('9a747880-adf6-4a45-b18c-b2ed48000e2d','https://shoptopus.test/sample-store-data/sample-store-1/product-images/ladies-sneakers-2-red.jpg','ladies-sneakers-2-red.jpg','App\\Models\\ProductVariant','9a74786f-225f-4c35-a5f7-6d31bb2dd4e2',NULL,'340','{\"en\":\"\"}','{\"en\":\"\"}',1,'2023-10-25 16:11:25','2023-10-25 16:11:25'),('9a747880-af99-4da3-86e8-00cf7163aced','https://shoptopus.test/sample-store-data/sample-store-1/product-images/ladies-sneakers-2-red.jpg','ladies-sneakers-2-red.jpg','App\\Models\\ProductVariant','9a74786f-2a58-4fea-b936-9313003c9364',NULL,'340','{\"en\":\"\"}','{\"en\":\"\"}',1,'2023-10-25 16:11:25','2023-10-25 16:11:25'),('9a747880-b10d-4fb8-81a7-e5ef031bee1a','https://shoptopus.test/sample-store-data/sample-store-1/product-images/ladies-sneakers-2-red.jpg','ladies-sneakers-2-red.jpg','App\\Models\\ProductVariant','9a74786f-32c4-4e2a-ad53-c56f9f369235',NULL,'340','{\"en\":\"\"}','{\"en\":\"\"}',1,'2023-10-25 16:11:25','2023-10-25 16:11:25'),('9a747880-b27a-49de-87b6-2c241220c710','https://shoptopus.test/sample-store-data/sample-store-1/product-images/ladies-sneakers-2-red.jpg','ladies-sneakers-2-red.jpg','App\\Models\\ProductVariant','9a74786f-3a3f-47fc-b202-b7aaef7ad7a0',NULL,'340','{\"en\":\"\"}','{\"en\":\"\"}',1,'2023-10-25 16:11:25','2023-10-25 16:11:25'),('9a747880-b433-4036-8e5a-e4de1204f5d2','https://shoptopus.test/sample-store-data/sample-store-1/product-images/ladies-sneakers-2-red.jpg','ladies-sneakers-2-red.jpg','App\\Models\\ProductVariant','9a74786f-42a3-477a-8161-3a36d808a007',NULL,'340','{\"en\":\"\"}','{\"en\":\"\"}',1,'2023-10-25 16:11:25','2023-10-25 16:11:25'),('9a747880-b5be-4c84-a886-4a8be13d8c6d','https://shoptopus.test/sample-store-data/sample-store-1/product-images/ladies-sneakers-3.jpg','ladies-sneakers-3.jpg','App\\Models\\Product','9a747825-dafc-4675-94cc-189a9a255a04',NULL,'284','{\"en\":\"\"}','{\"en\":\"\"}',1,'2023-10-25 16:11:25','2023-10-25 16:11:25'),('9a747880-b763-4e74-8870-223104778305','https://shoptopus.test/sample-store-data/sample-store-1/product-images/ladies-socks-1.jpg','ladies-socks-1.jpg','App\\Models\\Product','9a74781d-660b-42f7-9e96-ad82a8a8727b',NULL,'311','{\"en\":\"\"}','{\"en\":\"\"}',1,'2023-10-25 16:11:25','2023-10-25 16:11:25'),('9a747880-b941-4c34-b2f8-e9dcd18c870d','https://shoptopus.test/sample-store-data/sample-store-1/product-images/ladies-socks-1_1.jpg','ladies-socks-1_1.jpg','App\\Models\\Product','9a74781d-660b-42f7-9e96-ad82a8a8727b',NULL,'335','{\"en\":\"\"}','{\"en\":\"\"}',1,'2023-10-25 16:11:25','2023-10-25 16:11:25'),('9a747880-baff-4210-973b-5cb9232a0b87','https://shoptopus.test/sample-store-data/sample-store-1/product-images/ladies-socks-2.jpg','ladies-socks-2.jpg','App\\Models\\Product','9a74781f-10cc-4cac-aa74-c373841f91c5',NULL,'332','{\"en\":\"\"}','{\"en\":\"\"}',1,'2023-10-25 16:11:25','2023-10-25 16:11:25'),('9a747880-bcb6-4b78-af86-0fd5b4cb2fc1','https://shoptopus.test/sample-store-data/sample-store-1/product-images/ladies-socks-3.jpg','ladies-socks-3.jpg','App\\Models\\Product','9a747820-e766-4f7c-bf44-d6c971ef2249',NULL,'331','{\"en\":\"\"}','{\"en\":\"\"}',1,'2023-10-25 16:11:25','2023-10-25 16:11:25'),('9a747880-be31-4b2f-9fe4-0b365d16f585','https://shoptopus.test/sample-store-data/sample-store-1/product-images/ladies-sunglasses-1.jpg','ladies-sunglasses-1.jpg','App\\Models\\Product','9a74784c-aca2-423c-bfe7-17161b6f4175',NULL,'292','{\"en\":\"\"}','{\"en\":\"\"}',1,'2023-10-25 16:11:25','2023-10-25 16:11:25'),('9a747880-bfa5-4fb0-b3a9-60097c38f669','https://shoptopus.test/sample-store-data/sample-store-1/product-images/ladies-sunglasses-2.jpg','ladies-sunglasses-2.jpg','App\\Models\\Product','9a74784e-46b6-46de-bbbf-78da6699b9fc',NULL,'341','{\"en\":\"\"}','{\"en\":\"\"}',1,'2023-10-25 16:11:25','2023-10-25 16:11:25'),('9a747880-c161-43a8-b5e9-c89ba859c39b','https://shoptopus.test/sample-store-data/sample-store-1/product-images/ladies-sunglasses-3.jpg','ladies-sunglasses-3.jpg','App\\Models\\Product','9a74784f-ee3b-4ba2-9775-bf73635b855b',NULL,'299','{\"en\":\"\"}','{\"en\":\"\"}',1,'2023-10-25 16:11:25','2023-10-25 16:11:25'),('9a747880-c2e0-40dc-a7d4-3c59c4d44667','https://shoptopus.test/sample-store-data/sample-store-1/product-images/ladies-trousers-1.jpg','ladies-trousers-1.jpg','App\\Models\\Product','9a747818-5355-407e-b0c3-a0b1f5b8086a',NULL,'281','{\"en\":\"\"}','{\"en\":\"\"}',1,'2023-10-25 16:11:25','2023-10-25 16:11:25'),('9a747880-c476-4707-a3be-4877a47ccd28','https://shoptopus.test/sample-store-data/sample-store-1/product-images/ladies-trousers-1_1.jpg','ladies-trousers-1_1.jpg','App\\Models\\Product','9a747818-5355-407e-b0c3-a0b1f5b8086a',NULL,'293','{\"en\":\"\"}','{\"en\":\"\"}',1,'2023-10-25 16:11:25','2023-10-25 16:11:25'),('9a747880-c600-4128-9846-3e5d6e83e18e','https://shoptopus.test/sample-store-data/sample-store-1/product-images/ladies-trousers-2.jpg','ladies-trousers-2.jpg','App\\Models\\Product','9a74781a-0419-41e2-9396-46b0ae971b3b',NULL,'295','{\"en\":\"\"}','{\"en\":\"\"}',1,'2023-10-25 16:11:25','2023-10-25 16:11:25'),('9a747880-c7e3-4208-802c-34914dc19eb9','https://shoptopus.test/sample-store-data/sample-store-1/product-images/ladies-trousers-2-bright-blue.jpg','ladies-trousers-2-bright-blue.jpg','App\\Models\\ProductVariant','9a74786f-4a3e-4bbc-b75f-4146a523f8c9',NULL,'252','{\"en\":\"\"}','{\"en\":\"\"}',1,'2023-10-25 16:11:25','2023-10-25 16:11:25'),('9a747880-c960-44c8-baef-16cfbb2eaf44','https://shoptopus.test/sample-store-data/sample-store-1/product-images/ladies-trousers-2-bright-blue.jpg','ladies-trousers-2-bright-blue.jpg','App\\Models\\ProductVariant','9a74786f-52ad-41c9-99ec-cb9af6346909',NULL,'252','{\"en\":\"\"}','{\"en\":\"\"}',1,'2023-10-25 16:11:25','2023-10-25 16:11:25'),('9a747880-caca-46c2-ab0c-4d145aa5b170','https://shoptopus.test/sample-store-data/sample-store-1/product-images/ladies-trousers-2-bright-blue.jpg','ladies-trousers-2-bright-blue.jpg','App\\Models\\ProductVariant','9a74786f-5b2e-4640-96ca-01d14c415a84',NULL,'252','{\"en\":\"\"}','{\"en\":\"\"}',1,'2023-10-25 16:11:25','2023-10-25 16:11:25'),('9a747880-cc53-41b1-9ae6-f929b8d57fcd','https://shoptopus.test/sample-store-data/sample-store-1/product-images/ladies-trousers-2-bright-blue.jpg','ladies-trousers-2-bright-blue.jpg','App\\Models\\ProductVariant','9a74786f-6336-42e0-902a-bda2ae4283ed',NULL,'252','{\"en\":\"\"}','{\"en\":\"\"}',1,'2023-10-25 16:11:25','2023-10-25 16:11:25'),('9a747880-ce0c-4c90-b745-79d47eac80ef','https://shoptopus.test/sample-store-data/sample-store-1/product-images/ladies-trousers-2-bright-blue.jpg','ladies-trousers-2-bright-blue.jpg','App\\Models\\ProductVariant','9a74786f-6c23-4478-81e3-aa6cb2e391d8',NULL,'252','{\"en\":\"\"}','{\"en\":\"\"}',1,'2023-10-25 16:11:25','2023-10-25 16:11:25'),('9a747880-cf92-40b7-8175-a32ceb21e904','https://shoptopus.test/sample-store-data/sample-store-1/product-images/ladies-trousers-2-green.jpg','ladies-trousers-2-green.jpg','App\\Models\\ProductVariant','9a74786f-743f-4b99-bc5c-1359e01e1e79',NULL,'310','{\"en\":\"\"}','{\"en\":\"\"}',1,'2023-10-25 16:11:25','2023-10-25 16:11:25'),('9a747880-d117-40a4-9a02-0fb3342f9b0f','https://shoptopus.test/sample-store-data/sample-store-1/product-images/ladies-trousers-2-green.jpg','ladies-trousers-2-green.jpg','App\\Models\\ProductVariant','9a74786f-7cd8-41c3-8f9b-61108f1510e1',NULL,'310','{\"en\":\"\"}','{\"en\":\"\"}',1,'2023-10-25 16:11:25','2023-10-25 16:11:25'),('9a747880-d283-428c-97f6-1a32a4ec0f15','https://shoptopus.test/sample-store-data/sample-store-1/product-images/ladies-trousers-2-green.jpg','ladies-trousers-2-green.jpg','App\\Models\\ProductVariant','9a74786f-84f1-4f46-89e0-d121bc6ed775',NULL,'310','{\"en\":\"\"}','{\"en\":\"\"}',1,'2023-10-25 16:11:25','2023-10-25 16:11:25'),('9a747880-d440-40a7-b002-ce370924e987','https://shoptopus.test/sample-store-data/sample-store-1/product-images/ladies-trousers-2-green.jpg','ladies-trousers-2-green.jpg','App\\Models\\ProductVariant','9a74786f-8e42-451b-849f-489f878fd6cd',NULL,'310','{\"en\":\"\"}','{\"en\":\"\"}',1,'2023-10-25 16:11:25','2023-10-25 16:11:25'),('9a747880-d5c5-40cd-b89a-18ac10c3b0b7','https://shoptopus.test/sample-store-data/sample-store-1/product-images/ladies-trousers-2-green.jpg','ladies-trousers-2-green.jpg','App\\Models\\ProductVariant','9a74786f-96c0-4038-8487-54d04dfb1c3a',NULL,'310','{\"en\":\"\"}','{\"en\":\"\"}',1,'2023-10-25 16:11:25','2023-10-25 16:11:25'),('9a747880-d753-4345-b0d9-972d56882705','https://shoptopus.test/sample-store-data/sample-store-1/product-images/ladies-trousers-3.jpg','ladies-trousers-3.jpg','App\\Models\\Product','9a74781b-ba63-4202-92e7-d594c03b5ed8',NULL,'292','{\"en\":\"\"}','{\"en\":\"\"}',1,'2023-10-25 16:11:25','2023-10-25 16:11:25'),('9a747880-d8e2-44f2-aa68-3bdadd3e8a98','https://shoptopus.test/sample-store-data/sample-store-1/product-images/ladies-trousers-3_1.jpg','ladies-trousers-3_1.jpg','App\\Models\\Product','9a74781b-ba63-4202-92e7-d594c03b5ed8',NULL,'327','{\"en\":\"\"}','{\"en\":\"\"}',1,'2023-10-25 16:11:25','2023-10-25 16:11:25'),('9a747880-da96-49b5-9a47-fdd175e39ee2','https://shoptopus.test/sample-store-data/sample-store-1/product-images/mens-boots-1.jpg','mens-boots-1.jpg','App\\Models\\Product','9a747842-6a35-4a29-9cc8-3e6ab4c8d128',NULL,'338','{\"en\":\"\"}','{\"en\":\"\"}',1,'2023-10-25 16:11:25','2023-10-25 16:11:25'),('9a747880-dc6a-4b4b-abb0-f34a5f5345f2','https://shoptopus.test/sample-store-data/sample-store-1/product-images/mens-boots-2.jpg','mens-boots-2.jpg','App\\Models\\Product','9a747843-f82f-4313-9d10-2176f954d28d',NULL,'262','{\"en\":\"\"}','{\"en\":\"\"}',1,'2023-10-25 16:11:25','2023-10-25 16:11:25'),('9a747880-de60-4aad-8311-aef4082aa2e8','https://shoptopus.test/sample-store-data/sample-store-1/product-images/mens-boots-3.jpg','mens-boots-3.jpg','App\\Models\\Product','9a747845-b20e-487e-9f86-7b4e736ba01a',NULL,'350','{\"en\":\"\"}','{\"en\":\"\"}',1,'2023-10-25 16:11:25','2023-10-25 16:11:25'),('9a747880-dfd2-48be-b8ec-cea7d5ea714f','https://shoptopus.test/sample-store-data/sample-store-1/product-images/mens-boots-3-black-1.jpg','mens-boots-3-black-1.jpg','App\\Models\\ProductVariant','9a74786f-9ef0-4b9a-b511-4455038c6eae',NULL,'270','{\"en\":\"\"}','{\"en\":\"\"}',1,'2023-10-25 16:11:25','2023-10-25 16:11:25'),('9a747880-e189-4219-9cd6-7b657b2f6dd4','https://shoptopus.test/sample-store-data/sample-store-1/product-images/mens-boots-3-black-1.jpg','mens-boots-3-black-1.jpg','App\\Models\\ProductVariant','9a74786f-aac1-4eb0-bfc9-32c12d492af4',NULL,'270','{\"en\":\"\"}','{\"en\":\"\"}',1,'2023-10-25 16:11:25','2023-10-25 16:11:25'),('9a747880-e329-4581-b6f2-d120fa8f3d76','https://shoptopus.test/sample-store-data/sample-store-1/product-images/mens-boots-3-black-1.jpg','mens-boots-3-black-1.jpg','App\\Models\\ProductVariant','9a74786f-b48a-4112-81ab-465ba3a245ad',NULL,'270','{\"en\":\"\"}','{\"en\":\"\"}',1,'2023-10-25 16:11:25','2023-10-25 16:11:25'),('9a747880-e4be-4b04-ba32-3076d7a440c1','https://shoptopus.test/sample-store-data/sample-store-1/product-images/mens-boots-3-black-1.jpg','mens-boots-3-black-1.jpg','App\\Models\\ProductVariant','9a74786f-c1e9-470c-93c1-fbc836fb6a88',NULL,'270','{\"en\":\"\"}','{\"en\":\"\"}',1,'2023-10-25 16:11:25','2023-10-25 16:11:25'),('9a747880-e62f-4bed-ac77-de80e7a137cd','https://shoptopus.test/sample-store-data/sample-store-1/product-images/mens-boots-3-black-1.jpg','mens-boots-3-black-1.jpg','App\\Models\\ProductVariant','9a74786f-cd6a-4a8a-8211-3e5c091a34f6',NULL,'270','{\"en\":\"\"}','{\"en\":\"\"}',1,'2023-10-25 16:11:25','2023-10-25 16:11:25'),('9a747880-e7c2-4b2b-a29d-8f5385ffb3d2','https://shoptopus.test/sample-store-data/sample-store-1/product-images/mens-boots-3-black-2.jpg','mens-boots-3-black-2.jpg','App\\Models\\ProductVariant','9a74786f-9ef0-4b9a-b511-4455038c6eae',NULL,'286','{\"en\":\"\"}','{\"en\":\"\"}',1,'2023-10-25 16:11:25','2023-10-25 16:11:25'),('9a747880-e958-4672-9860-b868fca4694f','https://shoptopus.test/sample-store-data/sample-store-1/product-images/mens-boots-3-black-2.jpg','mens-boots-3-black-2.jpg','App\\Models\\ProductVariant','9a74786f-aac1-4eb0-bfc9-32c12d492af4',NULL,'286','{\"en\":\"\"}','{\"en\":\"\"}',1,'2023-10-25 16:11:25','2023-10-25 16:11:25'),('9a747880-eae0-4210-b368-bc5594417d6b','https://shoptopus.test/sample-store-data/sample-store-1/product-images/mens-boots-3-black-2.jpg','mens-boots-3-black-2.jpg','App\\Models\\ProductVariant','9a74786f-b48a-4112-81ab-465ba3a245ad',NULL,'286','{\"en\":\"\"}','{\"en\":\"\"}',1,'2023-10-25 16:11:25','2023-10-25 16:11:25'),('9a747880-ec4d-49af-ad95-45ec2f442510','https://shoptopus.test/sample-store-data/sample-store-1/product-images/mens-boots-3-black-2.jpg','mens-boots-3-black-2.jpg','App\\Models\\ProductVariant','9a74786f-c1e9-470c-93c1-fbc836fb6a88',NULL,'286','{\"en\":\"\"}','{\"en\":\"\"}',1,'2023-10-25 16:11:25','2023-10-25 16:11:25'),('9a747880-edd6-4b6b-adc1-1cfc67adf66b','https://shoptopus.test/sample-store-data/sample-store-1/product-images/mens-boots-3-black-2.jpg','mens-boots-3-black-2.jpg','App\\Models\\ProductVariant','9a74786f-cd6a-4a8a-8211-3e5c091a34f6',NULL,'286','{\"en\":\"\"}','{\"en\":\"\"}',1,'2023-10-25 16:11:25','2023-10-25 16:11:25'),('9a747880-ef8c-4615-9a14-03d2e1e0c485','https://shoptopus.test/sample-store-data/sample-store-1/product-images/mens-boots-3-black-3.jpg','mens-boots-3-black-3.jpg','App\\Models\\ProductVariant','9a74786f-9ef0-4b9a-b511-4455038c6eae',NULL,'265','{\"en\":\"\"}','{\"en\":\"\"}',1,'2023-10-25 16:11:25','2023-10-25 16:11:25'),('9a747880-f113-45ba-a199-75c2e7f72007','https://shoptopus.test/sample-store-data/sample-store-1/product-images/mens-boots-3-black-3.jpg','mens-boots-3-black-3.jpg','App\\Models\\ProductVariant','9a74786f-aac1-4eb0-bfc9-32c12d492af4',NULL,'265','{\"en\":\"\"}','{\"en\":\"\"}',1,'2023-10-25 16:11:25','2023-10-25 16:11:26'),('9a747880-f2b9-4c23-a276-f03bc06d9c81','https://shoptopus.test/sample-store-data/sample-store-1/product-images/mens-boots-3-black-3.jpg','mens-boots-3-black-3.jpg','App\\Models\\ProductVariant','9a74786f-b48a-4112-81ab-465ba3a245ad',NULL,'265','{\"en\":\"\"}','{\"en\":\"\"}',1,'2023-10-25 16:11:26','2023-10-25 16:11:26'),('9a747880-f446-4de4-9c80-82089617ebc1','https://shoptopus.test/sample-store-data/sample-store-1/product-images/mens-boots-3-black-3.jpg','mens-boots-3-black-3.jpg','App\\Models\\ProductVariant','9a74786f-c1e9-470c-93c1-fbc836fb6a88',NULL,'265','{\"en\":\"\"}','{\"en\":\"\"}',1,'2023-10-25 16:11:26','2023-10-25 16:11:26'),('9a747880-f5fc-416e-8b8e-919d962691aa','https://shoptopus.test/sample-store-data/sample-store-1/product-images/mens-boots-3-black-3.jpg','mens-boots-3-black-3.jpg','App\\Models\\ProductVariant','9a74786f-cd6a-4a8a-8211-3e5c091a34f6',NULL,'265','{\"en\":\"\"}','{\"en\":\"\"}',1,'2023-10-25 16:11:26','2023-10-25 16:11:26'),('9a747880-f790-48b2-b421-0018e3bfbd81','https://shoptopus.test/sample-store-data/sample-store-1/product-images/mens-boots-3-blue-1.jpg','mens-boots-3-blue-1.jpg','App\\Models\\ProductVariant','9a74786f-d8ac-4627-b3f4-0d3bd2e6dca9',NULL,'333','{\"en\":\"\"}','{\"en\":\"\"}',1,'2023-10-25 16:11:26','2023-10-25 16:11:26'),('9a747880-f92b-4ef0-ae2a-04b7716682a2','https://shoptopus.test/sample-store-data/sample-store-1/product-images/mens-boots-3-blue-1.jpg','mens-boots-3-blue-1.jpg','App\\Models\\ProductVariant','9a74786f-e48e-4600-b40f-20e23883e036',NULL,'333','{\"en\":\"\"}','{\"en\":\"\"}',1,'2023-10-25 16:11:26','2023-10-25 16:11:26'),('9a747880-fab9-46d0-b169-1a64cbc2c85a','https://shoptopus.test/sample-store-data/sample-store-1/product-images/mens-boots-3-blue-1.jpg','mens-boots-3-blue-1.jpg','App\\Models\\ProductVariant','9a74786f-eecd-4af2-8472-453dafd322f0',NULL,'333','{\"en\":\"\"}','{\"en\":\"\"}',1,'2023-10-25 16:11:26','2023-10-25 16:11:26'),('9a747880-fc5d-4e40-a574-cd93c5c7251a','https://shoptopus.test/sample-store-data/sample-store-1/product-images/mens-boots-3-blue-1.jpg','mens-boots-3-blue-1.jpg','App\\Models\\ProductVariant','9a74786f-f82d-4114-b6df-6b3fe732024c',NULL,'333','{\"en\":\"\"}','{\"en\":\"\"}',1,'2023-10-25 16:11:26','2023-10-25 16:11:26'),('9a747880-fdd7-4f09-8678-71eefce35950','https://shoptopus.test/sample-store-data/sample-store-1/product-images/mens-boots-3-blue-1.jpg','mens-boots-3-blue-1.jpg','App\\Models\\ProductVariant','9a747870-022d-4fec-b3c7-73621bc5bcb7',NULL,'333','{\"en\":\"\"}','{\"en\":\"\"}',1,'2023-10-25 16:11:26','2023-10-25 16:11:26'),('9a747881-002e-4098-84e7-6cd56f149bea','https://shoptopus.test/sample-store-data/sample-store-1/product-images/mens-boots-3-blue-2.jpg','mens-boots-3-blue-2.jpg','App\\Models\\ProductVariant','9a74786f-d8ac-4627-b3f4-0d3bd2e6dca9',NULL,'250','{\"en\":\"\"}','{\"en\":\"\"}',1,'2023-10-25 16:11:26','2023-10-25 16:11:26'),('9a747881-01b4-4089-b138-dff82e5a80f6','https://shoptopus.test/sample-store-data/sample-store-1/product-images/mens-boots-3-blue-2.jpg','mens-boots-3-blue-2.jpg','App\\Models\\ProductVariant','9a74786f-e48e-4600-b40f-20e23883e036',NULL,'250','{\"en\":\"\"}','{\"en\":\"\"}',1,'2023-10-25 16:11:26','2023-10-25 16:11:26'),('9a747881-0359-420f-9c56-c6509844934e','https://shoptopus.test/sample-store-data/sample-store-1/product-images/mens-boots-3-blue-2.jpg','mens-boots-3-blue-2.jpg','App\\Models\\ProductVariant','9a74786f-eecd-4af2-8472-453dafd322f0',NULL,'250','{\"en\":\"\"}','{\"en\":\"\"}',1,'2023-10-25 16:11:26','2023-10-25 16:11:26'),('9a747881-04eb-410f-b17e-baee008abc64','https://shoptopus.test/sample-store-data/sample-store-1/product-images/mens-boots-3-blue-2.jpg','mens-boots-3-blue-2.jpg','App\\Models\\ProductVariant','9a74786f-f82d-4114-b6df-6b3fe732024c',NULL,'250','{\"en\":\"\"}','{\"en\":\"\"}',1,'2023-10-25 16:11:26','2023-10-25 16:11:26'),('9a747881-0668-47b2-aa09-cd5d57d32249','https://shoptopus.test/sample-store-data/sample-store-1/product-images/mens-boots-3-blue-2.jpg','mens-boots-3-blue-2.jpg','App\\Models\\ProductVariant','9a747870-022d-4fec-b3c7-73621bc5bcb7',NULL,'250','{\"en\":\"\"}','{\"en\":\"\"}',1,'2023-10-25 16:11:26','2023-10-25 16:11:26'),('9a747881-0802-493b-980c-c79be7cd62c1','https://shoptopus.test/sample-store-data/sample-store-1/product-images/mens-jewellery-1.jpg','mens-jewellery-1.jpg','App\\Models\\Product','9a747867-23c5-4a3f-b71e-344103911407',NULL,'335','{\"en\":\"\"}','{\"en\":\"\"}',1,'2023-10-25 16:11:26','2023-10-25 16:11:26'),('9a747881-09ba-4c9c-bb26-7a33f9113a3f','https://shoptopus.test/sample-store-data/sample-store-1/product-images/mens-jewellery-2.jpg','mens-jewellery-2.jpg','App\\Models\\Product','9a747868-ccf9-4e97-9e09-96a1cc0888fe',NULL,'259','{\"en\":\"\"}','{\"en\":\"\"}',1,'2023-10-25 16:11:26','2023-10-25 16:11:26'),('9a747881-0b48-41d5-8794-d4b37887324b','https://shoptopus.test/sample-store-data/sample-store-1/product-images/mens-jewellery-3.jpg','mens-jewellery-3.jpg','App\\Models\\Product','9a74786a-8a10-4faf-93d8-24010007d01d',NULL,'300','{\"en\":\"\"}','{\"en\":\"\"}',1,'2023-10-25 16:11:26','2023-10-25 16:11:26'),('9a747881-0ceb-4198-84c9-382ae3abd05e','https://shoptopus.test/sample-store-data/sample-store-1/product-images/mens-jumpers-1.jpg','mens-jumpers-1.jpg','App\\Models\\Product','9a7477f7-1c74-45c3-93e0-b0bc568265b1',NULL,'329','{\"en\":\"\"}','{\"en\":\"\"}',1,'2023-10-25 16:11:26','2023-10-25 16:11:26'),('9a747881-0e70-4adb-a0a2-fb1f6791b08a','https://shoptopus.test/sample-store-data/sample-store-1/product-images/mens-jumpers-2.jpg','mens-jumpers-2.jpg','App\\Models\\Product','9a7477f8-f3a4-4a28-ab49-b20f28d9bd1e',NULL,'286','{\"en\":\"\"}','{\"en\":\"\"}',1,'2023-10-25 16:11:26','2023-10-25 16:11:26'),('9a747881-103d-4989-bb6d-0772908e4700','https://shoptopus.test/sample-store-data/sample-store-1/product-images/mens-jumpers-3.jpg','mens-jumpers-3.jpg','App\\Models\\Product','9a7477fa-d268-4d7d-9ebd-30d2560a2f2b',NULL,'254','{\"en\":\"\"}','{\"en\":\"\"}',1,'2023-10-25 16:11:26','2023-10-25 16:11:26'),('9a747881-11dc-4781-bd99-779ed8ab0a93','https://shoptopus.test/sample-store-data/sample-store-1/product-images/mens-loafers-1.jpg','mens-loafers-1.jpg','App\\Models\\Product','9a747837-fd5e-4cf2-85b4-63a666a3436a',NULL,'254','{\"en\":\"\"}','{\"en\":\"\"}',1,'2023-10-25 16:11:26','2023-10-25 16:11:26'),('9a747881-1351-4265-a60d-e63b6bbbba6d','https://shoptopus.test/sample-store-data/sample-store-1/product-images/mens-loafers-1-gray.jpg','mens-loafers-1-gray.jpg','App\\Models\\ProductVariant','9a747870-0c8c-4ee2-a677-70c4bf63d328',NULL,'327','{\"en\":\"\"}','{\"en\":\"\"}',1,'2023-10-25 16:11:26','2023-10-25 16:11:26'),('9a747881-14e3-49db-bbfb-b1e09ccd78c0','https://shoptopus.test/sample-store-data/sample-store-1/product-images/mens-loafers-1-gray.jpg','mens-loafers-1-gray.jpg','App\\Models\\ProductVariant','9a747870-16cb-4f0e-813a-b49a06714e1b',NULL,'327','{\"en\":\"\"}','{\"en\":\"\"}',1,'2023-10-25 16:11:26','2023-10-25 16:11:26'),('9a747881-1689-4ce0-ac97-8bf3d3dd8459','https://shoptopus.test/sample-store-data/sample-store-1/product-images/mens-loafers-1-gray.jpg','mens-loafers-1-gray.jpg','App\\Models\\ProductVariant','9a747870-204f-4afe-b2f0-5a862ddcb266',NULL,'327','{\"en\":\"\"}','{\"en\":\"\"}',1,'2023-10-25 16:11:26','2023-10-25 16:11:26'),('9a747881-1815-4d1e-857d-4a16f18f9773','https://shoptopus.test/sample-store-data/sample-store-1/product-images/mens-loafers-1-gray.jpg','mens-loafers-1-gray.jpg','App\\Models\\ProductVariant','9a747870-287d-47d6-b4bf-3699f1acd087',NULL,'327','{\"en\":\"\"}','{\"en\":\"\"}',1,'2023-10-25 16:11:26','2023-10-25 16:11:26'),('9a747881-1996-4ad2-b80e-2612fbe5922e','https://shoptopus.test/sample-store-data/sample-store-1/product-images/mens-loafers-1-gray.jpg','mens-loafers-1-gray.jpg','App\\Models\\ProductVariant','9a747870-30cd-45a0-8e3f-b19b93280fba',NULL,'327','{\"en\":\"\"}','{\"en\":\"\"}',1,'2023-10-25 16:11:26','2023-10-25 16:11:26'),('9a747881-1b49-4055-b475-50d6c4f66d1b','https://shoptopus.test/sample-store-data/sample-store-1/product-images/mens-loafers-1-green.jpg','mens-loafers-1-green.jpg','App\\Models\\ProductVariant','9a747870-3934-4c02-baf2-4fb8e565dd8c',NULL,'331','{\"en\":\"\"}','{\"en\":\"\"}',1,'2023-10-25 16:11:26','2023-10-25 16:11:26'),('9a747881-1ce1-4d64-93f8-6519ea681c6b','https://shoptopus.test/sample-store-data/sample-store-1/product-images/mens-loafers-1-green.jpg','mens-loafers-1-green.jpg','App\\Models\\ProductVariant','9a747870-413f-41ed-9e62-8368628d3216',NULL,'331','{\"en\":\"\"}','{\"en\":\"\"}',1,'2023-10-25 16:11:26','2023-10-25 16:11:26'),('9a747881-1e5d-4515-b8bc-db789eccae4e','https://shoptopus.test/sample-store-data/sample-store-1/product-images/mens-loafers-1-green.jpg','mens-loafers-1-green.jpg','App\\Models\\ProductVariant','9a747870-4967-4219-b93d-4fe58ad6cb52',NULL,'331','{\"en\":\"\"}','{\"en\":\"\"}',1,'2023-10-25 16:11:26','2023-10-25 16:11:26'),('9a747881-1fe2-4ae8-9afa-4715249d4920','https://shoptopus.test/sample-store-data/sample-store-1/product-images/mens-loafers-1-green.jpg','mens-loafers-1-green.jpg','App\\Models\\ProductVariant','9a747870-5171-4fbe-b5e4-b4e61e98e5a8',NULL,'331','{\"en\":\"\"}','{\"en\":\"\"}',1,'2023-10-25 16:11:26','2023-10-25 16:11:26'),('9a747881-2161-4334-ab4a-484895796a8e','https://shoptopus.test/sample-store-data/sample-store-1/product-images/mens-loafers-1-green.jpg','mens-loafers-1-green.jpg','App\\Models\\ProductVariant','9a747870-5a67-4fd0-b0a0-97025171747a',NULL,'331','{\"en\":\"\"}','{\"en\":\"\"}',1,'2023-10-25 16:11:26','2023-10-25 16:11:26'),('9a747881-22ea-4497-860f-a55b71da08b7','https://shoptopus.test/sample-store-data/sample-store-1/product-images/mens-loafers-2.jpg','mens-loafers-2.jpg','App\\Models\\Product','9a747839-c9d3-4710-897a-f25b5381c2c2',NULL,'264','{\"en\":\"\"}','{\"en\":\"\"}',1,'2023-10-25 16:11:26','2023-10-25 16:11:26'),('9a747881-247c-4709-90fd-3f77b5d10b88','https://shoptopus.test/sample-store-data/sample-store-1/product-images/mens-loafers-3.jpg','mens-loafers-3.jpg','App\\Models\\Product','9a74783b-cf57-4103-8c03-8cf70613a692',NULL,'251','{\"en\":\"\"}','{\"en\":\"\"}',1,'2023-10-25 16:11:26','2023-10-25 16:11:26'),('9a747881-262b-4b53-bcb1-23b754bce09a','https://shoptopus.test/sample-store-data/sample-store-1/product-images/mens-sandals-1.jpg','mens-sandals-1.jpg','App\\Models\\Product','9a74783d-65ac-4ef3-ae5f-8d321cd07f5c',NULL,'294','{\"en\":\"\"}','{\"en\":\"\"}',1,'2023-10-25 16:11:26','2023-10-25 16:11:26'),('9a747881-2841-4b98-afe1-dae6706f43ff','https://shoptopus.test/sample-store-data/sample-store-1/product-images/mens-sandals-2.jpg','mens-sandals-2.jpg','App\\Models\\Product','9a74783f-2c3b-4e2e-87ac-b95e6e01782f',NULL,'254','{\"en\":\"\"}','{\"en\":\"\"}',1,'2023-10-25 16:11:26','2023-10-25 16:11:26'),('9a747881-2a19-455a-bde7-d4bb9e8ee330','https://shoptopus.test/sample-store-data/sample-store-1/product-images/mens-sandals-2-2.jpg','mens-sandals-2-2.jpg','App\\Models\\Product','9a74783f-2c3b-4e2e-87ac-b95e6e01782f',NULL,'284','{\"en\":\"\"}','{\"en\":\"\"}',1,'2023-10-25 16:11:26','2023-10-25 16:11:26'),('9a747881-2bc2-40a5-9392-99caf26a0c60','https://shoptopus.test/sample-store-data/sample-store-1/product-images/mens-sandals-3.jpg','mens-sandals-3.jpg','App\\Models\\Product','9a747840-e6ad-4739-a651-d8cdd03d72fa',NULL,'280','{\"en\":\"\"}','{\"en\":\"\"}',1,'2023-10-25 16:11:26','2023-10-25 16:11:26'),('9a747881-2d35-41da-a607-0c2401490467','https://shoptopus.test/sample-store-data/sample-store-1/product-images/mens-shirt-1.jpg','mens-shirt-1.jpg','App\\Models\\Product','9a7477f2-28ae-416f-b8ce-8b73a7ff31da',NULL,'349','{\"en\":\"\"}','{\"en\":\"\"}',1,'2023-10-25 16:11:26','2023-10-25 16:11:26'),('9a747881-2ea5-4f75-9aa8-b0f825c5aa67','https://shoptopus.test/sample-store-data/sample-store-1/product-images/mens-shirt-2.jpg','mens-shirt-2.jpg','App\\Models\\Product','9a7477f3-ed3d-43f3-970a-4fa01fb81891',NULL,'329','{\"en\":\"\"}','{\"en\":\"\"}',1,'2023-10-25 16:11:26','2023-10-25 16:11:26'),('9a747881-303a-4b09-acca-138096ca8a5f','https://shoptopus.test/sample-store-data/sample-store-1/product-images/mens-shirt-2-midnightblue.jpg','mens-shirt-2-midnightblue.jpg','App\\Models\\ProductVariant','9a747870-629f-4ed4-9c5d-d823da2074c4',NULL,'297','{\"en\":\"\"}','{\"en\":\"\"}',1,'2023-10-25 16:11:26','2023-10-25 16:11:26'),('9a747881-31f5-4031-8783-ab3807586b33','https://shoptopus.test/sample-store-data/sample-store-1/product-images/mens-shirt-2-midnightblue.jpg','mens-shirt-2-midnightblue.jpg','App\\Models\\ProductVariant','9a747870-6b7d-4eca-9cde-92b11873e350',NULL,'297','{\"en\":\"\"}','{\"en\":\"\"}',1,'2023-10-25 16:11:26','2023-10-25 16:11:26'),('9a747881-3374-45d7-9654-bad44bd09c61','https://shoptopus.test/sample-store-data/sample-store-1/product-images/mens-shirt-2-midnightblue.jpg','mens-shirt-2-midnightblue.jpg','App\\Models\\ProductVariant','9a747870-7452-4596-90cf-e7064ec79a3d',NULL,'297','{\"en\":\"\"}','{\"en\":\"\"}',1,'2023-10-25 16:11:26','2023-10-25 16:11:26'),('9a747881-3510-4044-a7d1-a2db6a546681','https://shoptopus.test/sample-store-data/sample-store-1/product-images/mens-shirt-2-midnightblue.jpg','mens-shirt-2-midnightblue.jpg','App\\Models\\ProductVariant','9a747870-7cb9-46ff-8bb9-cb0d9fec4bce',NULL,'297','{\"en\":\"\"}','{\"en\":\"\"}',1,'2023-10-25 16:11:26','2023-10-25 16:11:26'),('9a747881-36af-4ea9-8cf8-22bcb3a67e47','https://shoptopus.test/sample-store-data/sample-store-1/product-images/mens-shirt-2-midnightblue.jpg','mens-shirt-2-midnightblue.jpg','App\\Models\\ProductVariant','9a747870-8532-4c38-813a-6a024f7150d4',NULL,'297','{\"en\":\"\"}','{\"en\":\"\"}',1,'2023-10-25 16:11:26','2023-10-25 16:11:26'),('9a747881-3895-4d49-b25f-c2c50f73eb34','https://shoptopus.test/sample-store-data/sample-store-1/product-images/mens-shirt-2-bright-green.jpg','mens-shirt-2-bright-green.jpg','App\\Models\\ProductVariant','9a747870-8d59-476b-81c1-b747cd64316f',NULL,'331','{\"en\":\"\"}','{\"en\":\"\"}',1,'2023-10-25 16:11:26','2023-10-25 16:11:26'),('9a747881-3a1d-488e-bf52-8ed786f25ce8','https://shoptopus.test/sample-store-data/sample-store-1/product-images/mens-shirt-2-bright-green.jpg','mens-shirt-2-bright-green.jpg','App\\Models\\ProductVariant','9a747870-958a-4827-b193-b992e5a44f10',NULL,'331','{\"en\":\"\"}','{\"en\":\"\"}',1,'2023-10-25 16:11:26','2023-10-25 16:11:26'),('9a747881-3b95-4ad7-bf57-8de5f73f717f','https://shoptopus.test/sample-store-data/sample-store-1/product-images/mens-shirt-2-bright-green.jpg','mens-shirt-2-bright-green.jpg','App\\Models\\ProductVariant','9a747870-9df1-4d32-8a10-4a4b682eefc0',NULL,'331','{\"en\":\"\"}','{\"en\":\"\"}',1,'2023-10-25 16:11:26','2023-10-25 16:11:26'),('9a747881-3d77-4fec-aaed-3e6c54bd36c0','https://shoptopus.test/sample-store-data/sample-store-1/product-images/mens-shirt-2-bright-green.jpg','mens-shirt-2-bright-green.jpg','App\\Models\\ProductVariant','9a747870-a653-4027-b195-235e5f4d9d1d',NULL,'331','{\"en\":\"\"}','{\"en\":\"\"}',1,'2023-10-25 16:11:26','2023-10-25 16:11:26'),('9a747881-3f14-4812-a329-4bd5f1a074db','https://shoptopus.test/sample-store-data/sample-store-1/product-images/mens-shirt-2-bright-green.jpg','mens-shirt-2-bright-green.jpg','App\\Models\\ProductVariant','9a747870-ad6f-4b83-9122-f49b379810a2',NULL,'331','{\"en\":\"\"}','{\"en\":\"\"}',1,'2023-10-25 16:11:26','2023-10-25 16:11:26'),('9a747881-4085-46cc-acea-63b8ef580cab','https://shoptopus.test/sample-store-data/sample-store-1/product-images/mens-shirt-2-bright-red.jpg','mens-shirt-2-bright-red.jpg','App\\Models\\ProductVariant','9a747870-b605-4256-bd06-e067aa3bf6ef',NULL,'349','{\"en\":\"\"}','{\"en\":\"\"}',1,'2023-10-25 16:11:26','2023-10-25 16:11:26'),('9a747881-4202-4262-8141-9a572d562fe5','https://shoptopus.test/sample-store-data/sample-store-1/product-images/mens-shirt-2-bright-red.jpg','mens-shirt-2-bright-red.jpg','App\\Models\\ProductVariant','9a747870-bebc-4a69-bdb5-602bc740edae',NULL,'349','{\"en\":\"\"}','{\"en\":\"\"}',1,'2023-10-25 16:11:26','2023-10-25 16:11:26'),('9a747881-43b9-4f3d-a27e-c106b5c95f4e','https://shoptopus.test/sample-store-data/sample-store-1/product-images/mens-shirt-2-bright-red.jpg','mens-shirt-2-bright-red.jpg','App\\Models\\ProductVariant','9a747870-c754-4bef-9646-eebdd8f33743',NULL,'349','{\"en\":\"\"}','{\"en\":\"\"}',1,'2023-10-25 16:11:26','2023-10-25 16:11:26'),('9a747881-4534-4d8e-85f7-7839c8c112e0','https://shoptopus.test/sample-store-data/sample-store-1/product-images/mens-shirt-2-bright-red.jpg','mens-shirt-2-bright-red.jpg','App\\Models\\ProductVariant','9a747870-d00f-41f2-a8ef-53782d99cb00',NULL,'349','{\"en\":\"\"}','{\"en\":\"\"}',1,'2023-10-25 16:11:26','2023-10-25 16:11:26'),('9a747881-469f-4463-abaf-85d0dc8b0bd1','https://shoptopus.test/sample-store-data/sample-store-1/product-images/mens-shirt-2-bright-red.jpg','mens-shirt-2-bright-red.jpg','App\\Models\\ProductVariant','9a747870-d8af-40af-8d99-cf41c4df3528',NULL,'349','{\"en\":\"\"}','{\"en\":\"\"}',1,'2023-10-25 16:11:26','2023-10-25 16:11:26'),('9a747881-4830-44a3-b9d7-7fefadddf65b','https://shoptopus.test/sample-store-data/sample-store-1/product-images/mens-shirt-3.jpg','mens-shirt-3.jpg','App\\Models\\Product','9a7477f5-8cfb-44d7-b099-c3222c1d589b',NULL,'272','{\"en\":\"\"}','{\"en\":\"\"}',1,'2023-10-25 16:11:26','2023-10-25 16:11:26'),('9a747881-49fb-4fbb-bbbd-7da6d515698e','https://shoptopus.test/sample-store-data/sample-store-1/product-images/mens-sneakers-1.jpg','mens-sneakers-1.jpg','App\\Models\\Product','9a747847-75ed-4965-99bf-7a5ce965c8c7',NULL,'305','{\"en\":\"\"}','{\"en\":\"\"}',1,'2023-10-25 16:11:26','2023-10-25 16:11:26'),('9a747881-4b85-4f2b-8caf-5d05c7e4e2f6','https://shoptopus.test/sample-store-data/sample-store-1/product-images/mens-sneakers-1 2.jpg','mens-sneakers-1 2.jpg','App\\Models\\Product','9a747847-75ed-4965-99bf-7a5ce965c8c7',NULL,'279','{\"en\":\"\"}','{\"en\":\"\"}',1,'2023-10-25 16:11:26','2023-10-25 16:11:26'),('9a747881-4d07-4633-ae5b-476595f5f144','https://shoptopus.test/sample-store-data/sample-store-1/product-images/mens-sneakers-2.jpg','mens-sneakers-2.jpg','App\\Models\\Product','9a747849-2324-4c87-8812-df0d42b72937',NULL,'271','{\"en\":\"\"}','{\"en\":\"\"}',1,'2023-10-25 16:11:26','2023-10-25 16:11:26'),('9a747881-4ea1-43e4-b7ff-ada99822679b','https://shoptopus.test/sample-store-data/sample-store-1/product-images/mens-sneakers-2 2.jpg','mens-sneakers-2 2.jpg','App\\Models\\Product','9a747849-2324-4c87-8812-df0d42b72937',NULL,'295','{\"en\":\"\"}','{\"en\":\"\"}',1,'2023-10-25 16:11:26','2023-10-25 16:11:26'),('9a747881-5052-4b99-b04e-50b5b1d766ff','https://shoptopus.test/sample-store-data/sample-store-1/product-images/mens-sneakers-3.jpg','mens-sneakers-3.jpg','App\\Models\\Product','9a74784a-cfea-4b44-93d6-22e4782675d0',NULL,'295','{\"en\":\"\"}','{\"en\":\"\"}',1,'2023-10-25 16:11:26','2023-10-25 16:11:26'),('9a747881-51e0-4e60-ac8b-8a2f68635699','https://shoptopus.test/sample-store-data/sample-store-1/product-images/mens-sneakers-3 2.jpg','mens-sneakers-3 2.jpg','App\\Models\\Product','9a74784a-cfea-4b44-93d6-22e4782675d0',NULL,'278','{\"en\":\"\"}','{\"en\":\"\"}',1,'2023-10-25 16:11:26','2023-10-25 16:11:26'),('9a747881-5389-4751-8d96-0fc47731bbe8','https://shoptopus.test/sample-store-data/sample-store-1/product-images/mens-sneakers-3-2-red.jpg','mens-sneakers-3-2-red.jpg','App\\Models\\ProductVariant','9a747870-e1d2-41aa-bbb6-e27eee5b0d16',NULL,'331','{\"en\":\"\"}','{\"en\":\"\"}',1,'2023-10-25 16:11:26','2023-10-25 16:11:26'),('9a747881-551e-4589-afe5-4fa183e67e5c','https://shoptopus.test/sample-store-data/sample-store-1/product-images/mens-sneakers-3-2-red.jpg','mens-sneakers-3-2-red.jpg','App\\Models\\ProductVariant','9a747870-ea85-46dc-9b57-a5eed147aaf4',NULL,'331','{\"en\":\"\"}','{\"en\":\"\"}',1,'2023-10-25 16:11:26','2023-10-25 16:11:26'),('9a747881-56d1-4fe6-99d0-f4b7ff0a3dbf','https://shoptopus.test/sample-store-data/sample-store-1/product-images/mens-sneakers-3-2-red.jpg','mens-sneakers-3-2-red.jpg','App\\Models\\ProductVariant','9a747870-f313-4dd2-bace-f0a8a880a979',NULL,'331','{\"en\":\"\"}','{\"en\":\"\"}',1,'2023-10-25 16:11:26','2023-10-25 16:11:26'),('9a747881-5866-4822-a922-7769a5342129','https://shoptopus.test/sample-store-data/sample-store-1/product-images/mens-sneakers-3-2-red.jpg','mens-sneakers-3-2-red.jpg','App\\Models\\ProductVariant','9a747870-fb87-4fa5-8641-f938afca6bb1',NULL,'331','{\"en\":\"\"}','{\"en\":\"\"}',1,'2023-10-25 16:11:26','2023-10-25 16:11:26'),('9a747881-59ef-4d63-8a34-229317ae93c1','https://shoptopus.test/sample-store-data/sample-store-1/product-images/mens-sneakers-3-2-red.jpg','mens-sneakers-3-2-red.jpg','App\\Models\\ProductVariant','9a747871-03df-45c5-a81f-648b64e7e72e',NULL,'331','{\"en\":\"\"}','{\"en\":\"\"}',1,'2023-10-25 16:11:26','2023-10-25 16:11:26'),('9a747881-5b53-4e37-b1e7-432c36051541','https://shoptopus.test/sample-store-data/sample-store-1/product-images/mens-sneakers-3-2-green.jpg','mens-sneakers-3-2-green.jpg','App\\Models\\ProductVariant','9a747871-0be1-4e64-843e-2fa55edd1d7e',NULL,'305','{\"en\":\"\"}','{\"en\":\"\"}',1,'2023-10-25 16:11:26','2023-10-25 16:11:26'),('9a747881-5cd5-432d-af21-b04be3c9bf86','https://shoptopus.test/sample-store-data/sample-store-1/product-images/mens-sneakers-3-2-green.jpg','mens-sneakers-3-2-green.jpg','App\\Models\\ProductVariant','9a747871-1380-4c02-ad4c-a7cc6aa7abac',NULL,'305','{\"en\":\"\"}','{\"en\":\"\"}',1,'2023-10-25 16:11:26','2023-10-25 16:11:26'),('9a747881-5e9b-4948-bcae-aaa546352a13','https://shoptopus.test/sample-store-data/sample-store-1/product-images/mens-sneakers-3-2-green.jpg','mens-sneakers-3-2-green.jpg','App\\Models\\ProductVariant','9a747871-1c73-4727-9128-729ef47e977d',NULL,'305','{\"en\":\"\"}','{\"en\":\"\"}',1,'2023-10-25 16:11:26','2023-10-25 16:11:26'),('9a747881-6012-4d13-a5a1-c64bda7aec74','https://shoptopus.test/sample-store-data/sample-store-1/product-images/mens-sneakers-3-2-green.jpg','mens-sneakers-3-2-green.jpg','App\\Models\\ProductVariant','9a747871-230d-46ef-bca5-6cc6a989885b',NULL,'305','{\"en\":\"\"}','{\"en\":\"\"}',1,'2023-10-25 16:11:26','2023-10-25 16:11:26'),('9a747881-6184-4b51-86f4-9ea494912eb6','https://shoptopus.test/sample-store-data/sample-store-1/product-images/mens-sneakers-3-2-green.jpg','mens-sneakers-3-2-green.jpg','App\\Models\\ProductVariant','9a747871-2af3-4a62-ba8e-5ab52ed3a308',NULL,'305','{\"en\":\"\"}','{\"en\":\"\"}',1,'2023-10-25 16:11:26','2023-10-25 16:11:26'),('9a747881-6343-43a1-9f8d-7c66b0b4c640','https://shoptopus.test/sample-store-data/sample-store-1/product-images/mens-socks-1.jpg','mens-socks-1.jpg','App\\Models\\Product','9a747802-b390-45ff-93ea-746b30ccd7fe',NULL,'350','{\"en\":\"\"}','{\"en\":\"\"}',1,'2023-10-25 16:11:26','2023-10-25 16:11:26'),('9a747881-64c9-4f1f-8dc5-eb6c2af63240','https://shoptopus.test/sample-store-data/sample-store-1/product-images/mens-socks-2.jpg','mens-socks-2.jpg','App\\Models\\Product','9a747804-8b26-41a2-8a5f-4bd7c6057dc1',NULL,'294','{\"en\":\"\"}','{\"en\":\"\"}',1,'2023-10-25 16:11:26','2023-10-25 16:11:26'),('9a747881-6666-4188-b72c-b0f4e7ebbaef','https://shoptopus.test/sample-store-data/sample-store-1/product-images/mens-socks-3.jpg','mens-socks-3.jpg','App\\Models\\Product','9a747806-391d-4e45-8f05-a967699cf7c3',NULL,'327','{\"en\":\"\"}','{\"en\":\"\"}',1,'2023-10-25 16:11:26','2023-10-25 16:11:26'),('9a747881-67fe-44df-9bee-7eb125ba4f32','https://shoptopus.test/sample-store-data/sample-store-1/product-images/mens-sunglasses-1.jpg','mens-sunglasses-1.jpg','App\\Models\\Product','9a747861-6022-491e-bb41-832a84e017af',NULL,'339','{\"en\":\"\"}','{\"en\":\"\"}',1,'2023-10-25 16:11:26','2023-10-25 16:11:26'),('9a747881-69ac-45e6-b146-608b69229aa6','https://shoptopus.test/sample-store-data/sample-store-1/product-images/mens-sunglasses-2.jpg','mens-sunglasses-2.jpg','App\\Models\\Product','9a747863-654e-4688-96fe-c475f58dbe10',NULL,'347','{\"en\":\"\"}','{\"en\":\"\"}',1,'2023-10-25 16:11:26','2023-10-25 16:11:26'),('9a747881-6b62-4293-95e5-1e03e6b4db77','https://shoptopus.test/sample-store-data/sample-store-1/product-images/mens-sunglasses-3.jpg','mens-sunglasses-3.jpg','App\\Models\\Product','9a747865-18bc-4337-9e44-c555dfd6575d',NULL,'250','{\"en\":\"\"}','{\"en\":\"\"}',1,'2023-10-25 16:11:26','2023-10-25 16:11:26'),('9a747881-6cf1-4f88-a306-8be5f473f2e9','https://shoptopus.test/sample-store-data/sample-store-1/product-images/mens-t-shirts-1.jpg','mens-t-shirts-1.jpg','App\\Models\\Product','9a7477ec-d35c-4c2c-b4ca-7561477e0a93',NULL,'312','{\"en\":\"\"}','{\"en\":\"\"}',1,'2023-10-25 16:11:26','2023-10-25 16:11:26'),('9a747881-6e57-422d-a85b-101821ec1056','https://shoptopus.test/sample-store-data/sample-store-1/product-images/mens-t-shirts-2.jpg','mens-t-shirts-2.jpg','App\\Models\\Product','9a7477ee-d2f5-4baf-a7cb-4740c6f1efb0',NULL,'308','{\"en\":\"\"}','{\"en\":\"\"}',1,'2023-10-25 16:11:26','2023-10-25 16:11:26'),('9a747881-6fce-4a49-ab20-b0d82f6c1dae','https://shoptopus.test/sample-store-data/sample-store-1/product-images/mens-t-shirts-3.jpg','mens-t-shirts-3.jpg','App\\Models\\Product','9a7477f0-8164-446d-9856-1197abb7f283',NULL,'275','{\"en\":\"\"}','{\"en\":\"\"}',1,'2023-10-25 16:11:26','2023-10-25 16:11:26'),('9a747881-7198-4d72-9073-7fd1e8925811','https://shoptopus.test/sample-store-data/sample-store-1/product-images/mens-t-shirts-3-white.jpg','mens-t-shirts-3-white.jpg','App\\Models\\ProductVariant','9a747871-3325-44f0-ad9a-9c31262e64ea',NULL,'328','{\"en\":\"\"}','{\"en\":\"\"}',1,'2023-10-25 16:11:26','2023-10-25 16:11:26'),('9a747881-730e-46ee-82f4-6426b2283374','https://shoptopus.test/sample-store-data/sample-store-1/product-images/mens-t-shirts-3-white.jpg','mens-t-shirts-3-white.jpg','App\\Models\\ProductVariant','9a747871-3b3d-429d-bb05-f01d2c446b22',NULL,'328','{\"en\":\"\"}','{\"en\":\"\"}',1,'2023-10-25 16:11:26','2023-10-25 16:11:26'),('9a747881-74a9-4756-9b11-19ba81256dc0','https://shoptopus.test/sample-store-data/sample-store-1/product-images/mens-t-shirts-3-white.jpg','mens-t-shirts-3-white.jpg','App\\Models\\ProductVariant','9a747871-4392-466d-93bb-76bcbb3a4bd3',NULL,'328','{\"en\":\"\"}','{\"en\":\"\"}',1,'2023-10-25 16:11:26','2023-10-25 16:11:26'),('9a747881-7632-422a-a809-339df77a614a','https://shoptopus.test/sample-store-data/sample-store-1/product-images/mens-t-shirts-3-white.jpg','mens-t-shirts-3-white.jpg','App\\Models\\ProductVariant','9a747871-4b45-4521-9b4a-608f11e19679',NULL,'328','{\"en\":\"\"}','{\"en\":\"\"}',1,'2023-10-25 16:11:26','2023-10-25 16:11:26'),('9a747881-77da-4296-851d-ada0c9f2de1e','https://shoptopus.test/sample-store-data/sample-store-1/product-images/mens-t-shirts-3-white.jpg','mens-t-shirts-3-white.jpg','App\\Models\\ProductVariant','9a747871-5334-45f5-b267-c56a3be16e76',NULL,'328','{\"en\":\"\"}','{\"en\":\"\"}',1,'2023-10-25 16:11:26','2023-10-25 16:11:26'),('9a747881-794e-4472-b2f9-620f9ffefe52','https://shoptopus.test/sample-store-data/sample-store-1/product-images/mens-t-shirts-3-blue.jpg','mens-t-shirts-3-blue.jpg','App\\Models\\ProductVariant','9a747871-5b1d-4002-a412-f5fdd466107b',NULL,'299','{\"en\":\"\"}','{\"en\":\"\"}',1,'2023-10-25 16:11:26','2023-10-25 16:11:26'),('9a747881-7b03-4332-b5d2-2aa5960905da','https://shoptopus.test/sample-store-data/sample-store-1/product-images/mens-t-shirts-3-blue.jpg','mens-t-shirts-3-blue.jpg','App\\Models\\ProductVariant','9a747871-6328-4421-b24c-db0518e1c216',NULL,'299','{\"en\":\"\"}','{\"en\":\"\"}',1,'2023-10-25 16:11:26','2023-10-25 16:11:26'),('9a747881-7c7c-4439-9706-ce716936da01','https://shoptopus.test/sample-store-data/sample-store-1/product-images/mens-t-shirts-3-blue.jpg','mens-t-shirts-3-blue.jpg','App\\Models\\ProductVariant','9a747871-6af8-4bd7-adde-3b6be02360bd',NULL,'299','{\"en\":\"\"}','{\"en\":\"\"}',1,'2023-10-25 16:11:26','2023-10-25 16:11:26'),('9a747881-7e49-41df-9b22-e4eee98faba6','https://shoptopus.test/sample-store-data/sample-store-1/product-images/mens-t-shirts-3-blue.jpg','mens-t-shirts-3-blue.jpg','App\\Models\\ProductVariant','9a747871-732d-4e66-aa7b-8a660b394b9a',NULL,'299','{\"en\":\"\"}','{\"en\":\"\"}',1,'2023-10-25 16:11:26','2023-10-25 16:11:26'),('9a747881-7fef-494c-b146-9542d6a481c1','https://shoptopus.test/sample-store-data/sample-store-1/product-images/mens-t-shirts-3-blue.jpg','mens-t-shirts-3-blue.jpg','App\\Models\\ProductVariant','9a747871-7b28-4caf-afb9-9a5c0a217bce',NULL,'299','{\"en\":\"\"}','{\"en\":\"\"}',1,'2023-10-25 16:11:26','2023-10-25 16:11:26'),('9a747881-8173-4b77-b3f6-e6ed058187d2','https://shoptopus.test/sample-store-data/sample-store-1/product-images/mens-t-shirts-3-green.jpg','mens-t-shirts-3-green.jpg','App\\Models\\ProductVariant','9a747871-8396-4cdd-a4b3-0c16279d5b38',NULL,'347','{\"en\":\"\"}','{\"en\":\"\"}',1,'2023-10-25 16:11:26','2023-10-25 16:11:26'),('9a747881-82c9-42cc-9aca-2090b93d66ec','https://shoptopus.test/sample-store-data/sample-store-1/product-images/mens-t-shirts-3-green.jpg','mens-t-shirts-3-green.jpg','App\\Models\\ProductVariant','9a747871-8c1d-40e0-95a8-c044768baedb',NULL,'347','{\"en\":\"\"}','{\"en\":\"\"}',1,'2023-10-25 16:11:26','2023-10-25 16:11:26'),('9a747881-8463-4a50-9e03-281d716f653e','https://shoptopus.test/sample-store-data/sample-store-1/product-images/mens-t-shirts-3-green.jpg','mens-t-shirts-3-green.jpg','App\\Models\\ProductVariant','9a747871-93e0-410f-adff-00099aa1673d',NULL,'347','{\"en\":\"\"}','{\"en\":\"\"}',1,'2023-10-25 16:11:26','2023-10-25 16:11:26'),('9a747881-85f5-4ae6-8c7c-86a179aacf34','https://shoptopus.test/sample-store-data/sample-store-1/product-images/mens-t-shirts-3-green.jpg','mens-t-shirts-3-green.jpg','App\\Models\\ProductVariant','9a747871-9c40-4bc0-a85d-53ab5f155b97',NULL,'347','{\"en\":\"\"}','{\"en\":\"\"}',1,'2023-10-25 16:11:26','2023-10-25 16:11:26'),('9a747881-8777-4021-90e0-31b10f7927a1','https://shoptopus.test/sample-store-data/sample-store-1/product-images/mens-t-shirts-3-green.jpg','mens-t-shirts-3-green.jpg','App\\Models\\ProductVariant','9a747871-a43e-41ac-961e-3295f024144c',NULL,'347','{\"en\":\"\"}','{\"en\":\"\"}',1,'2023-10-25 16:11:26','2023-10-25 16:11:26'),('9a747881-890e-4144-a6a4-8e7408d6bd2e','https://shoptopus.test/sample-store-data/sample-store-1/product-images/mens-t-shirts-3-orange.jpg','mens-t-shirts-3-orange.jpg','App\\Models\\ProductVariant','9a747871-ac8a-466f-99db-2419ff1a1c35',NULL,'300','{\"en\":\"\"}','{\"en\":\"\"}',1,'2023-10-25 16:11:26','2023-10-25 16:11:26'),('9a747881-8aa4-45b1-8bd2-66739f7510e0','https://shoptopus.test/sample-store-data/sample-store-1/product-images/mens-t-shirts-3-orange.jpg','mens-t-shirts-3-orange.jpg','App\\Models\\ProductVariant','9a747871-b496-49a7-a22a-8f2ae85b0d4a',NULL,'300','{\"en\":\"\"}','{\"en\":\"\"}',1,'2023-10-25 16:11:26','2023-10-25 16:11:26'),('9a747881-8c4a-41aa-bb07-6255ca9cae01','https://shoptopus.test/sample-store-data/sample-store-1/product-images/mens-t-shirts-3-orange.jpg','mens-t-shirts-3-orange.jpg','App\\Models\\ProductVariant','9a747871-bc9a-45c4-b80f-36c69e335ae1',NULL,'300','{\"en\":\"\"}','{\"en\":\"\"}',1,'2023-10-25 16:11:26','2023-10-25 16:11:26'),('9a747881-8d9b-4290-bdcf-46f947698ed4','https://shoptopus.test/sample-store-data/sample-store-1/product-images/mens-t-shirts-3-orange.jpg','mens-t-shirts-3-orange.jpg','App\\Models\\ProductVariant','9a747871-c4c5-43e4-9b0d-ad8abbe17507',NULL,'300','{\"en\":\"\"}','{\"en\":\"\"}',1,'2023-10-25 16:11:26','2023-10-25 16:11:26'),('9a747881-8f0d-424f-9f08-ecbbf606a182','https://shoptopus.test/sample-store-data/sample-store-1/product-images/mens-t-shirts-3-orange.jpg','mens-t-shirts-3-orange.jpg','App\\Models\\ProductVariant','9a747871-cd0c-4429-a7b7-58bf4c951e5c',NULL,'300','{\"en\":\"\"}','{\"en\":\"\"}',1,'2023-10-25 16:11:26','2023-10-25 16:11:26'),('9a747881-915f-4666-8da0-a9f326af3733','https://shoptopus.test/sample-store-data/sample-store-1/product-images/mens-trousers-1.jpg','mens-trousers-1.jpg','App\\Models\\Product','9a7477fc-4813-4a1a-9b3a-b484c1c88d7e',NULL,'266','{\"en\":\"\"}','{\"en\":\"\"}',1,'2023-10-25 16:11:26','2023-10-25 16:11:26'),('9a747881-92c2-40aa-a9b8-a7c18a0daf67','https://shoptopus.test/sample-store-data/sample-store-1/product-images/mens-trousers-2.jpg','mens-trousers-2.jpg','App\\Models\\Product','9a7477fe-311d-4d90-9b36-4dbed6f0acca',NULL,'327','{\"en\":\"\"}','{\"en\":\"\"}',1,'2023-10-25 16:11:26','2023-10-25 16:11:26'),('9a747881-945e-45f7-97d0-73702fef3f05','https://shoptopus.test/sample-store-data/sample-store-1/product-images/mens-trousers-3.jpg','mens-trousers-3.jpg','App\\Models\\Product','9a7477ff-efd1-45f7-a283-f038580e02b2',NULL,'307','{\"en\":\"\"}','{\"en\":\"\"}',1,'2023-10-25 16:11:26','2023-10-25 16:11:26'),('9a747881-9607-494d-9cbc-958fef46922c','https://shoptopus.test/sample-store-data/sample-store-1/product-images/size-chart-shoes.jpg','size-chart-shoes.jpg','App\\Models\\Product','9a747847-75ed-4965-99bf-7a5ce965c8c7',NULL,'280','{\"en\":\"\"}','{\"en\":\"\"}',1,'2023-10-25 16:11:26','2023-10-25 16:11:26'),('9a747881-97a3-4364-8601-184cc41d403d','https://shoptopus.test/sample-store-data/sample-store-1/product-images/size-chart-shoes.jpg','size-chart-shoes.jpg','App\\Models\\Product','9a747849-2324-4c87-8812-df0d42b72937',NULL,'336','{\"en\":\"\"}','{\"en\":\"\"}',1,'2023-10-25 16:11:26','2023-10-25 16:11:26'),('9a747881-9946-4702-8d61-e84e8f0aebcc','https://shoptopus.test/sample-store-data/sample-store-1/product-images/size-chart-shoes.jpg','size-chart-shoes.jpg','App\\Models\\Product','9a74784a-cfea-4b44-93d6-22e4782675d0',NULL,'278','{\"en\":\"\"}','{\"en\":\"\"}',1,'2023-10-25 16:11:26','2023-10-25 16:11:26'),('9a747881-9ad2-401e-9cd5-7ff187151b91','https://shoptopus.test/sample-store-data/sample-store-1/product-images/size-chart-shoes.jpg','size-chart-shoes.jpg','App\\Models\\Product','9a747842-6a35-4a29-9cc8-3e6ab4c8d128',NULL,'275','{\"en\":\"\"}','{\"en\":\"\"}',1,'2023-10-25 16:11:26','2023-10-25 16:11:26'),('9a747881-9c36-4f66-8ab5-a14abb96fa0e','https://shoptopus.test/sample-store-data/sample-store-1/product-images/size-chart-shoes.jpg','size-chart-shoes.jpg','App\\Models\\Product','9a747843-f82f-4313-9d10-2176f954d28d',NULL,'270','{\"en\":\"\"}','{\"en\":\"\"}',1,'2023-10-25 16:11:26','2023-10-25 16:11:26'),('9a747881-9dbc-4652-912d-b4a079eb45ab','https://shoptopus.test/sample-store-data/sample-store-1/product-images/size-chart-shoes.jpg','size-chart-shoes.jpg','App\\Models\\Product','9a747845-b20e-487e-9f86-7b4e736ba01a',NULL,'303','{\"en\":\"\"}','{\"en\":\"\"}',1,'2023-10-25 16:11:26','2023-10-25 16:11:26'),('9a747881-9f61-40ba-9e28-57dc7a2f1ef1','https://shoptopus.test/sample-store-data/sample-store-1/product-images/soze-chart-jumper.jpg','soze-chart-jumper.jpg','App\\Models\\Product','9a7477f7-1c74-45c3-93e0-b0bc568265b1',NULL,'317','{\"en\":\"\"}','{\"en\":\"\"}',1,'2023-10-25 16:11:26','2023-10-25 16:11:26'),('9a747881-a11e-420d-8dc7-689edb81733b','https://shoptopus.test/sample-store-data/sample-store-1/product-images/soze-chart-jumper.jpg','soze-chart-jumper.jpg','App\\Models\\Product','9a7477f8-f3a4-4a28-ab49-b20f28d9bd1e',NULL,'306','{\"en\":\"\"}','{\"en\":\"\"}',1,'2023-10-25 16:11:26','2023-10-25 16:11:26'),('9a747881-a2db-4909-a15d-b37bd386de8c','https://shoptopus.test/sample-store-data/sample-store-1/product-images/soze-chart-jumper.jpg','soze-chart-jumper.jpg','App\\Models\\Product','9a7477fa-d268-4d7d-9ebd-30d2560a2f2b',NULL,'300','{\"en\":\"\"}','{\"en\":\"\"}',1,'2023-10-25 16:11:26','2023-10-25 16:11:26'),('9a747881-a517-4ff4-ab54-bb8b8ab13ef9','https://shoptopus.test/sample-store-data/sample-store-1/product-images/ties-1.jpg','ties-1.jpg','App\\Models\\Product','9a74785c-576c-485e-b65b-057aee96b7c1',NULL,'278','{\"en\":\"\"}','{\"en\":\"\"}',1,'2023-10-25 16:11:26','2023-10-25 16:11:26'),('9a747881-a711-40d2-b2eb-99a899fa55a6','https://shoptopus.test/sample-store-data/sample-store-1/product-images/ties-1-2.jpg','ties-1-2.jpg','App\\Models\\Product','9a74785c-576c-485e-b65b-057aee96b7c1',NULL,'289','{\"en\":\"\"}','{\"en\":\"\"}',1,'2023-10-25 16:11:26','2023-10-25 16:11:26'),('9a747881-a89a-4b44-bba5-1e4a3713d17e','https://shoptopus.test/sample-store-data/sample-store-1/product-images/ties-1-3.jpg','ties-1-3.jpg','App\\Models\\Product','9a74785c-576c-485e-b65b-057aee96b7c1',NULL,'289','{\"en\":\"\"}','{\"en\":\"\"}',1,'2023-10-25 16:11:26','2023-10-25 16:11:26'),('9a747881-aa2f-4848-b8d5-8ae58dbf46c3','https://shoptopus.test/sample-store-data/sample-store-1/product-images/ties-2.jpg','ties-2.jpg','App\\Models\\Product','9a74785d-fc8e-4cd6-a63e-cce30f647954',NULL,'254','{\"en\":\"\"}','{\"en\":\"\"}',1,'2023-10-25 16:11:26','2023-10-25 16:11:26'),('9a747881-abe1-44ba-ab4e-2c8753610798','https://shoptopus.test/sample-store-data/sample-store-1/product-images/ties-3.jpg','ties-3.jpg','App\\Models\\Product','9a74785f-bb23-4d9c-890e-9c2a5424fb99',NULL,'268','{\"en\":\"\"}','{\"en\":\"\"}',1,'2023-10-25 16:11:26','2023-10-25 16:11:26');
/*!40000 ALTER TABLE `file_contents` ENABLE KEYS */;
UNLOCK TABLES;

--
-- Table structure for table `invoices`
--

DROP TABLE IF EXISTS `invoices`;
/*!40101 SET @saved_cs_client     = @@character_set_client */;
/*!50503 SET character_set_client = utf8mb4 */;
CREATE TABLE `invoices` (
  `id` char(36) COLLATE utf8mb4_unicode_ci NOT NULL,
  `user_id` char(36) COLLATE utf8mb4_unicode_ci DEFAULT NULL,
  `order_id` char(36) COLLATE utf8mb4_unicode_ci DEFAULT NULL,
  `address` json NOT NULL,
  `payment` json NOT NULL,
  `products` json NOT NULL,
  `voucher_code` json DEFAULT NULL,
  `delivery_type` json DEFAULT NULL,
  `totals` json NOT NULL,
  `valid` tinyint(1) NOT NULL DEFAULT '1',
  `slug` varchar(255) COLLATE utf8mb4_unicode_ci NOT NULL,
  `deleted_at` timestamp NULL DEFAULT NULL,
  `created_at` timestamp NULL DEFAULT NULL,
  `updated_at` timestamp NULL DEFAULT NULL,
  PRIMARY KEY (`id`),
  KEY `invoices_user_id_foreign` (`user_id`),
  KEY `invoices_order_id_foreign` (`order_id`),
  CONSTRAINT `invoices_order_id_foreign` FOREIGN KEY (`order_id`) REFERENCES `orders` (`id`) ON DELETE SET NULL,
  CONSTRAINT `invoices_user_id_foreign` FOREIGN KEY (`user_id`) REFERENCES `users` (`id`) ON DELETE SET NULL
) ENGINE=InnoDB DEFAULT CHARSET=utf8mb4 COLLATE=utf8mb4_unicode_ci;
/*!40101 SET character_set_client = @saved_cs_client */;

--
-- Dumping data for table `invoices`
--

LOCK TABLES `invoices` WRITE;
/*!40000 ALTER TABLE `invoices` DISABLE KEYS */;
INSERT INTO `invoices` VALUES ('9a747889-00a5-477b-bf11-738e34059ad7','9a7477c8-25ff-4d98-bbe7-890b083f96ce','9a747881-e7c4-43a8-87b7-efd7923f2057','{\"id\": \"9a747881-cf0e-4a89-85bd-3fc24d7cf61d\", \"lat\": \"82.270890\", \"lon\": \"-47.616283\", \"name\": null, \"slug\": \"mr-roland-treiber-lillyfort\", \"town\": \"Lillyfort\", \"country\": \"UK\", \"user_id\": \"9a7477c8-25ff-4d98-bbe7-890b083f96ce\", \"post_code\": \"LA12 0HX\", \"created_at\": \"2023-10-25T16:11:26.000000Z\", \"deleted_at\": null, \"updated_at\": \"2023-10-25T16:11:26.000000Z\", \"address_line_1\": \"Studio 55 Ward Wall\", \"address_line_2\": null, \"google_maps_url\": \"https://www.google.com/maps/@82.270890,-47.616283,14z\"}','{\"amount\": \"1635.07\", \"source\": {\"id\": \"9a747881-d3ea-4ec9-90f1-88dddf910e08\", \"name\": \"sed eaque\", \"slug\": \"treiber-sed-eaque\", \"brand\": \"mastercard\", \"user_id\": \"9a7477c8-25ff-4d98-bbe7-890b083f96ce\", \"exp_year\": \"2025\", \"exp_month\": \"11\", \"last_four\": \"8753\", \"source_id\": \"iut7Y6mFcjIHNtH9SwIpU5Ll6QxwR50yhurj35tdgd1HpVk6HSwB7OjKeMmjOySGNXpXvRaTIN1D8z3sW8714XxzmYg4cNXw5dwrtLjH45pwyN9kcLeRaeNyjpuVBNq4Giwh2Zf9knx68tsPBuC4zB\", \"created_at\": \"2023-10-25T16:11:26.000000Z\", \"deleted_at\": null, \"updated_at\": \"2023-10-25T16:11:26.000000Z\", \"stripe_user_id\": \"dMJTT7kAHCPCJaw4xsDhdXQVEgqrRt29s5yU1kgY9nPa1q087UjiFUfVZPWaQQqnAg6RGYWSRFzLcDkCGCVWhETAfuGseCi3AAmY2K00ix7YCXnpExuabR9N\", \"payment_method_id\": 1}, \"created_at\": \"25-10-2023 16:11\", \"payment_ref\": \"NnVkoVGH2L\"}','[{\"id\": \"9a747882-b7d2-4479-95db-b7f922ca9834\", \"sku\": \"M-TR001\", \"name\": \"Classic Dress Trousers - (Size) XS\", \"type\": \"product_variant\", \"urls\": null, \"image\": \"/9j/4AAQSkZJRgABAQEAYABgAAD//gA7Q1JFQVRPUjogZ2QtanBlZyB2MS4wICh1c2luZyBJSkcgSlBFRyB2ODApLCBxdWFsaXR5ID0gODAK/9sAQwAGBAUGBQQGBgUGBwcGCAoQCgoJCQoUDg8MEBcUGBgXFBYWGh0lHxobIxwWFiAsICMmJykqKRkfLTAtKDAlKCko/9sAQwEHBwcKCAoTCgoTKBoWGigoKCgoKCgoKCgoKCgoKCgoKCgoKCgoKCgoKCgoKCgoKCgoKCgoKCgoKCgoKCgoKCgo/8AAEQgAMgAyAwEiAAIRAQMRAf/EAB8AAAEFAQEBAQEBAAAAAAAAAAABAgMEBQYHCAkKC//EALUQAAIBAwMCBAMFBQQEAAABfQECAwAEEQUSITFBBhNRYQcicRQygZGhCCNCscEVUtHwJDNicoIJChYXGBkaJSYnKCkqNDU2Nzg5OkNERUZHSElKU1RVVldYWVpjZGVmZ2hpanN0dXZ3eHl6g4SFhoeIiYqSk5SVlpeYmZqio6Slpqeoqaqys7S1tre4ubrCw8TFxsfIycrS09TV1tfY2drh4uPk5ebn6Onq8fLz9PX29/j5+v/EAB8BAAMBAQEBAQEBAQEAAAAAAAABAgMEBQYHCAkKC//EALURAAIBAgQEAwQHBQQEAAECdwABAgMRBAUhMQYSQVEHYXETIjKBCBRCkaGxwQkjM1LwFWJy0QoWJDThJfEXGBkaJicoKSo1Njc4OTpDREVGR0hJSlNUVVZXWFlaY2RlZmdoaWpzdHV2d3h5eoKDhIWGh4iJipKTlJWWl5iZmqKjpKWmp6ipqrKztLW2t7i5usLDxMXGx8jJytLT1NXW19jZ2uLj5OXm5+jp6vLz9PX29/j5+v/aAAwDAQACEQMRAD8A+qaKKKAPkj4zePvEA+Ims2ul67qVjZWsogSG2uGjAKqAx+Ujq2a4J/iB4ugdXj8Wa7uBBAa9kYfkTg0/40O8PxQ8Tgcf6a5/M5/rXEsZVcxyhldTgqwwQaLln6OaReDUNJsr0DAuYEmA9Nyg/wBat1k+EU8vwpoqHqtlAP8AyGta1BAUUUUAFFFFAHwp8e49nxZ8SKO9wrfmin+tVvjRpaaL8TdZsY12rG0TAf70KMf1Nbfxht/tnx71G2xkTX9vFj6rGKsftRW/kfFy8kx/r7aCT64Xb/7LSLPsTRE8vRdPT+7bxj8lFXaq6Uc6XZn1hT/0EVapkBRRRQAUUUUAfGnjFftP7UUcOMhtctFP03R5q5+12nl/EqwcD/WaXGfyllH9KL+AzftbpHjpq0cn/fKBv6VZ/bHTb420ST+9p238pX/xpFH1TobbtE09vW3jP/joq7VDQARoOmg9RbRj/wAdFX6ZIUUUUAFFFFAGadB0c6uNVOlaedUHS8+zJ53TH38bunHWnapomlas8b6rpljetH9w3NukhT6bgcUUUhmgoCgBQABwAO1FFFMQUUUUAf/Z\", \"amount\": 7, \"full_price\": \"195.93\", \"product_id\": \"9a7477fc-4813-4a1a-9b3a-b484c1c88d7e\", \"unit_price\": \"27.99\", \"final_price\": \"195.93\", \"unit_discount\": \"0.00\", \"total_discount\": \"0.00\", \"product_variant_id\": \"9a747873-1083-43a5-bfb8-ec14f78a4730\", \"original_unit_price\": \"27.99\"}, {\"id\": \"9a747882-9e0d-4c21-ad1d-13b16973c8b2\", \"sku\": \"M-TR003\", \"name\": \"Sporty Track Pants - (Size) XL\", \"type\": \"product_variant\", \"urls\": null, \"image\": \"/9j/4AAQSkZJRgABAQEAYABgAAD//gA7Q1JFQVRPUjogZ2QtanBlZyB2MS4wICh1c2luZyBJSkcgSlBFRyB2ODApLCBxdWFsaXR5ID0gODAK/9sAQwAGBAUGBQQGBgUGBwcGCAoQCgoJCQoUDg8MEBcUGBgXFBYWGh0lHxobIxwWFiAsICMmJykqKRkfLTAtKDAlKCko/9sAQwEHBwcKCAoTCgoTKBoWGigoKCgoKCgoKCgoKCgoKCgoKCgoKCgoKCgoKCgoKCgoKCgoKCgoKCgoKCgoKCgoKCgo/8AAEQgAMgAyAwEiAAIRAQMRAf/EAB8AAAEFAQEBAQEBAAAAAAAAAAABAgMEBQYHCAkKC//EALUQAAIBAwMCBAMFBQQEAAABfQECAwAEEQUSITFBBhNRYQcicRQygZGhCCNCscEVUtHwJDNicoIJChYXGBkaJSYnKCkqNDU2Nzg5OkNERUZHSElKU1RVVldYWVpjZGVmZ2hpanN0dXZ3eHl6g4SFhoeIiYqSk5SVlpeYmZqio6Slpqeoqaqys7S1tre4ubrCw8TFxsfIycrS09TV1tfY2drh4uPk5ebn6Onq8fLz9PX29/j5+v/EAB8BAAMBAQEBAQEBAQEAAAAAAAABAgMEBQYHCAkKC//EALURAAIBAgQEAwQHBQQEAAECdwABAgMRBAUhMQYSQVEHYXETIjKBCBRCkaGxwQkjM1LwFWJy0QoWJDThJfEXGBkaJicoKSo1Njc4OTpDREVGR0hJSlNUVVZXWFlaY2RlZmdoaWpzdHV2d3h5eoKDhIWGh4iJipKTlJWWl5iZmqKjpKWmp6ipqrKztLW2t7i5usLDxMXGx8jJytLT1NXW19jZ2uLj5OXm5+jp6vLz9PX29/j5+v/aAAwDAQACEQMRAD8A+qaKKKAPi34l/Grxg/jTWrbRdcmtNKt7qSK3SKOMHap253bcnOM8nvWT4Y+NHjOy8Q6bcanr13dWEc6GeGUgrJHn5gcD0zXmN87m+naU5dnbcT65qexjimWYz3Cw+XEXXKljI3ACjHc56njg0AfpeCGAKkEHkEUVR0F1l0LTpEOVe2jYH1BUVeoAKKKKACiiigD83PiDp7aT408Qafg5tr+eIe4EhA/TFUNSsbrSdSu9Pv4zFd2srQyof4WU4I/MV6Z8dbNLL9oLUkKjypbu2mIx13JGW/UmtL9rDw7/AGP8TTqMSbbfV7dZ8gceYvyOPyCn/gVAH174OOfCOhn/AKcYP/Ra1r1yvwovhqPwz8LXO4MzabArEf3lQK36g11VABRRRQAUUUUAfGP7Rtq9x+0BDDGCHuBZqp9ScKK9N/bL0+KXwNouokDz7fUfIU99skbFh+ca/lWJ8VvC+ual+0p4c1CLRr+XSUuLHddxQM8W1JAWLMAQuOc5x611P7YiM3wssivRNViY/Ty5R/WgDe/Zgnkm+DGiiQ58p7iNT7ec5/rXqteR/srSb/g1pg/uXFwv/kQn+teuUAFFFFABRRRQAVDd2tveQmG8giuIiclJUDqT9DRRQA63ghtoVitoo4Yl6JGoUD8BUlFFABRRRQB//9k=\", \"amount\": 4, \"full_price\": \"91.96\", \"product_id\": \"9a7477ff-efd1-45f7-a283-f038580e02b2\", \"unit_price\": \"22.99\", \"final_price\": \"91.96\", \"unit_discount\": \"0.00\", \"total_discount\": \"0.00\", \"product_variant_id\": \"9a747873-c7b8-466c-ac85-db83cf32fbe5\", \"original_unit_price\": \"22.99\"}, {\"id\": \"9a747882-a6de-464f-bbcc-7aca5d3c342f\", \"sku\": \"W-S003\", \"name\": \"Floral Midi Skirt - (Size) XS\", \"type\": \"product_variant\", \"urls\": null, \"image\": \"/9j/4AAQSkZJRgABAQEAYABgAAD//gA7Q1JFQVRPUjogZ2QtanBlZyB2MS4wICh1c2luZyBJSkcgSlBFRyB2ODApLCBxdWFsaXR5ID0gODAK/9sAQwAGBAUGBQQGBgUGBwcGCAoQCgoJCQoUDg8MEBcUGBgXFBYWGh0lHxobIxwWFiAsICMmJykqKRkfLTAtKDAlKCko/9sAQwEHBwcKCAoTCgoTKBoWGigoKCgoKCgoKCgoKCgoKCgoKCgoKCgoKCgoKCgoKCgoKCgoKCgoKCgoKCgoKCgoKCgo/8AAEQgAMgAyAwEiAAIRAQMRAf/EAB8AAAEFAQEBAQEBAAAAAAAAAAABAgMEBQYHCAkKC//EALUQAAIBAwMCBAMFBQQEAAABfQECAwAEEQUSITFBBhNRYQcicRQygZGhCCNCscEVUtHwJDNicoIJChYXGBkaJSYnKCkqNDU2Nzg5OkNERUZHSElKU1RVVldYWVpjZGVmZ2hpanN0dXZ3eHl6g4SFhoeIiYqSk5SVlpeYmZqio6Slpqeoqaqys7S1tre4ubrCw8TFxsfIycrS09TV1tfY2drh4uPk5ebn6Onq8fLz9PX29/j5+v/EAB8BAAMBAQEBAQEBAQEAAAAAAAABAgMEBQYHCAkKC//EALURAAIBAgQEAwQHBQQEAAECdwABAgMRBAUhMQYSQVEHYXETIjKBCBRCkaGxwQkjM1LwFWJy0QoWJDThJfEXGBkaJicoKSo1Njc4OTpDREVGR0hJSlNUVVZXWFlaY2RlZmdoaWpzdHV2d3h5eoKDhIWGh4iJipKTlJWWl5iZmqKjpKWmp6ipqrKztLW2t7i5usLDxMXGx8jJytLT1NXW19jZ2uLj5OXm5+jp6vLz9PX29/j5+v/aAAwDAQACEQMRAD8A+qayfFuq/wBheFtX1UAM1nayzqp6MyqSB+JwK1q89+O0oHw+mtWSR1vLmCFhG207Q4c/N24QjPvSbsrsaV3Y8RPxM8XCCaddemnjjkW2WVIkCIG37pJlKgq6jBx90YGalX4keK2Eso8RHY0kdqJ08t4IUIAMzjblWzg4Py/MRxxXERWV3BrP9k6rDLFqKRzSySROCxRmV98h6SDGV2/7OeaS2Y6rewWmoNNYahOlxLctHCo+VpY5VllQcMCCBjjG3Paua73v/wAN3N7dLf12Pqb4MeKLvxV4TlutSkjku4rqSNmjYMNpwyjIA6BscgHiu9rw79nvWo7zXdetvtEclzLEk0qpEI8lXYCTA4O9ZE544VR2r3GuiN7amEt9AoooqhBXjH7U90yeBLKxRZSbu8wSgJACxu3zAfw5wD6Zz2r2evD/ANqJ7WDTfDVzqF5JbWsN25byvvsSoUbR3xncR6CplsOO54hZxrN5aWrf2OLq3hkQXVwSbvyxjbE56B/NI2njHbtUEshitbm3lnNjPmTcLmQ5kjjwGhhlHUEYTb7e2KfYKqme2t5UudHtQ8KTsQWvmGySO3AIDL0IGMZ447VW0COYx2EU0kK6ZZBxdXkiKYolk2SCEqT8v7wMpxjOccYrl6tv+v8Ag+R0eSPcvga8Vl4yu4jZ/wBnnUIWmtrb5XURBYjlXA45IyvTPr1r3qvmX4ATy3Xji2+zaNBYWcEU2SXAlCuoZVKn5iOQc9+O+a+mq3pK0bGNTV3CiiitSAr59/az1JtOi8MskkIYreMscsHm72AiHA7EBicnj65r6Crwr9pewur2+8LtY6Wb+ZGmU4x8sbbPMHI2jKgjJ6EioqNKLuXBXkjxm+lZ5Uur5Z724K/bY7+ytwirNuXblTjeFAPTPUjHeqULQyWQW6tBqNhePNO7W8ggm8uNWA80cAEt82Ovy9O1NtlazmsmuXuo7qXzrXTLdo8JaOzgK28H51AGD1PTg961nFHFpRe/3rpWlyrMti8ZJnd1AbEnPB5Yeue3WuVK39f11+Ru9f6/r/M9V+C+o3T+PPDSXA82S6jlNxNPbiF0kW3I8tP7wGD27E/T6er5b+EGnahJ8RPDurak2oTSO8kkSI2+CGN7ZgN3fcFIBboSeuev1JW9C3LoZVb82oUUUVsZBTZY0ljaOVFdGGGVhkEehFFFDApJoulI0LJplirQf6oiBAY+c/LxxzzxU0VhZxTyzxWluk0rbpJFjAZzjGSccnAAoorMtksEENuhS3ijiQnJVFCjPrxUlFFaEBRRRQB//9k=\", \"amount\": 6, \"full_price\": \"137.94\", \"product_id\": \"9a747811-89af-4477-b351-11ee1cfd0b9b\", \"unit_price\": \"22.99\", \"final_price\": \"137.94\", \"unit_discount\": \"0.00\", \"total_discount\": \"0.00\", \"product_variant_id\": \"9a747874-7480-47e3-89c7-5b4382a5ada9\", \"original_unit_price\": \"22.99\"}, {\"id\": \"9a747882-8b8d-4722-85c3-0ac25fa1150a\", \"sku\": \"W-TR003\", \"name\": \"Sporty Track Pants - (Size) L\", \"type\": \"product_variant\", \"urls\": null, \"image\": \"/9j/4AAQSkZJRgABAQEAYABgAAD//gA7Q1JFQVRPUjogZ2QtanBlZyB2MS4wICh1c2luZyBJSkcgSlBFRyB2ODApLCBxdWFsaXR5ID0gODAK/9sAQwAGBAUGBQQGBgUGBwcGCAoQCgoJCQoUDg8MEBcUGBgXFBYWGh0lHxobIxwWFiAsICMmJykqKRkfLTAtKDAlKCko/9sAQwEHBwcKCAoTCgoTKBoWGigoKCgoKCgoKCgoKCgoKCgoKCgoKCgoKCgoKCgoKCgoKCgoKCgoKCgoKCgoKCgoKCgo/8AAEQgAMgAyAwEiAAIRAQMRAf/EAB8AAAEFAQEBAQEBAAAAAAAAAAABAgMEBQYHCAkKC//EALUQAAIBAwMCBAMFBQQEAAABfQECAwAEEQUSITFBBhNRYQcicRQygZGhCCNCscEVUtHwJDNicoIJChYXGBkaJSYnKCkqNDU2Nzg5OkNERUZHSElKU1RVVldYWVpjZGVmZ2hpanN0dXZ3eHl6g4SFhoeIiYqSk5SVlpeYmZqio6Slpqeoqaqys7S1tre4ubrCw8TFxsfIycrS09TV1tfY2drh4uPk5ebn6Onq8fLz9PX29/j5+v/EAB8BAAMBAQEBAQEBAQEAAAAAAAABAgMEBQYHCAkKC//EALURAAIBAgQEAwQHBQQEAAECdwABAgMRBAUhMQYSQVEHYXETIjKBCBRCkaGxwQkjM1LwFWJy0QoWJDThJfEXGBkaJicoKSo1Njc4OTpDREVGR0hJSlNUVVZXWFlaY2RlZmdoaWpzdHV2d3h5eoKDhIWGh4iJipKTlJWWl5iZmqKjpKWmp6ipqrKztLW2t7i5usLDxMXGx8jJytLT1NXW19jZ2uLj5OXm5+jp6vLz9PX29/j5+v/aAAwDAQACEQMRAD8A3LGDpxW1bwDHSqlgnA4rat06cUizlPEtzqem+INDms7R7mzecRSRohYsWDKex5AYEe4HrmptD8Pavpeu6/LqFmq2k0iSrcCVdiqqBQuMDknJ6D6V6f4UuVjultNis0yyMob1G3/GqPxVlmj0F4LURBj+9baTkhCGIx3GAaxUHzOSZ0e0XKqbRyssAqpND7VpxHzbWGTBBZASD24qCRc1rcx20M7yKKu+WPSimA2wHArYtx0rIsegrYg7UEmT4p8Wy+GjbtaTRQzorMTIoIKsQO/+7Xn178UdZ1bUbeS8uLFrGKTbKY4sZj3YIHJ5Irf+Ltup06CbaNxV0JP5/wCNeNeB41vdU0LT5EAAv1LqBjK7t38jXXThD2e3czcnzH0uoYQJ5nDkZb6nrVaXrV246VQlPNca0Nr31EyKKi3e1FMQ2xkQAc1sQSJxzV230UKB8lX49KAH3adibnnfxXUP4SeWPG6KQN+BBH8yK8T+GDNN4/0RigGckn3VG/8Aia+i/ibpLSeB9U8pMvGiy49QrAn9Aa8K+DWnlvHNrPMypBaQSsXdgvJG3GDzn5q6YNKk7kPV6HvM8ikVnzyDnFX7ma15CSq3+7zWfJ8+RGrn8K5bGiZB5g9aKd9nn/55t+VFFh3PVUAx0FSY4ooqzMyvFChvD+phgCDaygg9/kNfOvgy2gHxUnUQxbfso42DH36KKr7I49T6Gs7S2SJdtvCvHZAKmMUY6RoPwFFFQIi2L/dX8qKKKAP/2Q==\", \"amount\": 6, \"full_price\": \"137.94\", \"product_id\": \"9a74781b-ba63-4202-92e7-d594c03b5ed8\", \"unit_price\": \"22.99\", \"final_price\": \"137.94\", \"unit_discount\": \"0.00\", \"total_discount\": \"0.00\", \"product_variant_id\": \"9a747875-3d36-4aad-9092-cb69458cdb04\", \"original_unit_price\": \"22.99\"}, {\"id\": \"9a747882-e0c8-47e4-8140-f2bacf284219\", \"sku\": \"W-SK002\", \"name\": \"Sporty Ankle Socks - (Size) 8\", \"type\": \"product_variant\", \"urls\": null, \"image\": \"/9j/4AAQSkZJRgABAQEAYABgAAD//gA7Q1JFQVRPUjogZ2QtanBlZyB2MS4wICh1c2luZyBJSkcgSlBFRyB2ODApLCBxdWFsaXR5ID0gODAK/9sAQwAGBAUGBQQGBgUGBwcGCAoQCgoJCQoUDg8MEBcUGBgXFBYWGh0lHxobIxwWFiAsICMmJykqKRkfLTAtKDAlKCko/9sAQwEHBwcKCAoTCgoTKBoWGigoKCgoKCgoKCgoKCgoKCgoKCgoKCgoKCgoKCgoKCgoKCgoKCgoKCgoKCgoKCgoKCgo/8AAEQgAMgAyAwEiAAIRAQMRAf/EAB8AAAEFAQEBAQEBAAAAAAAAAAABAgMEBQYHCAkKC//EALUQAAIBAwMCBAMFBQQEAAABfQECAwAEEQUSITFBBhNRYQcicRQygZGhCCNCscEVUtHwJDNicoIJChYXGBkaJSYnKCkqNDU2Nzg5OkNERUZHSElKU1RVVldYWVpjZGVmZ2hpanN0dXZ3eHl6g4SFhoeIiYqSk5SVlpeYmZqio6Slpqeoqaqys7S1tre4ubrCw8TFxsfIycrS09TV1tfY2drh4uPk5ebn6Onq8fLz9PX29/j5+v/EAB8BAAMBAQEBAQEBAQEAAAAAAAABAgMEBQYHCAkKC//EALURAAIBAgQEAwQHBQQEAAECdwABAgMRBAUhMQYSQVEHYXETIjKBCBRCkaGxwQkjM1LwFWJy0QoWJDThJfEXGBkaJicoKSo1Njc4OTpDREVGR0hJSlNUVVZXWFlaY2RlZmdoaWpzdHV2d3h5eoKDhIWGh4iJipKTlJWWl5iZmqKjpKWmp6ipqrKztLW2t7i5usLDxMXGx8jJytLT1NXW19jZ2uLj5OXm5+jp6vLz9PX29/j5+v/aAAwDAQACEQMRAD8A9gUACmkgVJ5ZfGCoB9TimzJBAM3N0iD25pkjN1PWQVXOo6TGoZpi4JwCTgE1S1XxDb28Mf8AZ6wNIzYyRvwME96BpXNtTkZFNOCa5mx8S3cmoW6XMubd32uigAYIxnj0zn8K3tzRzNG3UHFK45RsT7faijNFMmxj69EZ7KP53QRygkoxBOQQBx7kVSVsiPMsjY4wT7VtXKFredQMtsJUe45FcxEsu3cy7QWGCTkAUhjPEltGbQXSLm4iydxJyF2nP9K5eGV2ijbznZCykBmJz09a7j7OXTy5EGHB6jFcrd6P/ZsCW0sn7wRjy3zhSBwP5UpLqbUn0H6bIX1C3zG2zzACT09K792LwQzH74/dv/vL/wDWxXmYZnWKUuxIOMdArDqK9D0O6GoWf+1KmSPSRev5j+dEdgqrqXhJxRVbcaKLmJfQYlFcxBH5bXtuTkxSEDPcdq6nHziuf1eP7Pr77jsS7iXDHoGFMENTcBwxyOevaqPiVBPpkcp5aB+f909f1x+dTlbtLoR+V5gH93+ND6e/T8q0bTSrq6XYLZmt3BDiVSpwfrQOLs7nncYVLuW3+bypMfNj/Vv0B+h6fl610nhCW5t7meKUYaNRMCv3SQR0/A/pW83gNpA0c+oGOAjG1UXcR9SOvvXQ6XoOn6cvyCSZ9u0vIckj3/8A1UktTWdSLVkILGCYCVZVCv8AMBnoDRWmI7YAAW8QA7YoqrGFzHPUVQ8QIkj2wdVYYPBGfSiigEdRpkEMcUQjijQFRkKoGasXJKkBSQPQUUUAQNULmiigTIs0UUUwP//Z\", \"amount\": 9, \"full_price\": \"130.50\", \"product_id\": \"9a74781f-10cc-4cac-aa74-c373841f91c5\", \"unit_price\": \"14.50\", \"final_price\": \"130.50\", \"unit_discount\": \"0.00\", \"total_discount\": \"0.00\", \"product_variant_id\": \"9a747875-6535-42c8-9a70-ad66370fcbff\", \"original_unit_price\": \"14.50\"}, {\"id\": \"9a747882-af18-4f54-baaf-86e17e8460f1\", \"sku\": \"W-BO001\", \"name\": \"Classic Ankle Boots - (Size) 9.5, (Colour) Dark Green\", \"type\": \"product_variant\", \"urls\": null, \"image\": \"/9j/4AAQSkZJRgABAQEAYABgAAD//gA7Q1JFQVRPUjogZ2QtanBlZyB2MS4wICh1c2luZyBJSkcgSlBFRyB2ODApLCBxdWFsaXR5ID0gODAK/9sAQwAGBAUGBQQGBgUGBwcGCAoQCgoJCQoUDg8MEBcUGBgXFBYWGh0lHxobIxwWFiAsICMmJykqKRkfLTAtKDAlKCko/9sAQwEHBwcKCAoTCgoTKBoWGigoKCgoKCgoKCgoKCgoKCgoKCgoKCgoKCgoKCgoKCgoKCgoKCgoKCgoKCgoKCgoKCgo/8AAEQgAMgAyAwEiAAIRAQMRAf/EAB8AAAEFAQEBAQEBAAAAAAAAAAABAgMEBQYHCAkKC//EALUQAAIBAwMCBAMFBQQEAAABfQECAwAEEQUSITFBBhNRYQcicRQygZGhCCNCscEVUtHwJDNicoIJChYXGBkaJSYnKCkqNDU2Nzg5OkNERUZHSElKU1RVVldYWVpjZGVmZ2hpanN0dXZ3eHl6g4SFhoeIiYqSk5SVlpeYmZqio6Slpqeoqaqys7S1tre4ubrCw8TFxsfIycrS09TV1tfY2drh4uPk5ebn6Onq8fLz9PX29/j5+v/EAB8BAAMBAQEBAQEBAQEAAAAAAAABAgMEBQYHCAkKC//EALURAAIBAgQEAwQHBQQEAAECdwABAgMRBAUhMQYSQVEHYXETIjKBCBRCkaGxwQkjM1LwFWJy0QoWJDThJfEXGBkaJicoKSo1Njc4OTpDREVGR0hJSlNUVVZXWFlaY2RlZmdoaWpzdHV2d3h5eoKDhIWGh4iJipKTlJWWl5iZmqKjpKWmp6ipqrKztLW2t7i5usLDxMXGx8jJytLT1NXW19jZ2uLj5OXm5+jp6vLz9PX29/j5+v/aAAwDAQACEQMRAD8A9Hs7c8VrwWxx0qaytMAZFakUGO1fHKLkfWV8Tdnyn4ztvsXxB8Z2BHEhjuh+Kgk/+RKwPDT4Yc967P4z+XB8Y7lEwGuNOUP9QpP8kFcDoblZWHoa+kpa0437I86i7yZ1+q3eLVgWzxW/8GLcyWWszjo0yJn6An/2auB1e4OwjPavY/gTYZ8CTTEfNNeSNn2Cqv8ASuXHO1Fno0JqnNM1TbcmiugNlyeKK8XmPY+toh1f4oeDdB1aXTdS1cR3cJ2yqkEkgQ+hKqRn27Vi698e/B2nWrNpb3Wq3GPljihaJc/7TOBgfQGvHPjV8N9d0TxFqutpbtd6ReXMlz58ILeTvYsVkHUYz16e/avKa92jg6Timnc+MnVk3qdfqXiS78X/ABFXWNQVYpbqdF8uP7saABQoz7Dn15pNHIa5lC5+8az/AAjas95LeEfJbIce8jAhR/M/hXQ6Rpz2l1KJByDz9a7GklZG2FT1ZV1PJYg19FfAJA3w2gwQSLiUEDtznn8Dn8a+edXxJcFQdq/xH0r079nbX2tfEl3ocjH7NfR+ZCpP3ZEH9VBz/uiuTFQ56bR21NFc9yNuMniitExjNFeL7Ij2zNNrYMhDD5SOc14n8Q/DvwuspJrnUYLV7w5Pk2R2lm99pAH413vx3l1uL4c3i+GrO4u7uZ1jlW3QtIsXJYgDnsB34Jr5B0/xHBZ3Dpqun5lDHPmKVI9sV9EsOo6o82lVi/jdjrtMtItQ1NX0+xSx0yJ90UKjr7k9z71e1k22nWrecp8zn5h/F71lRfEHSYogIoHQ46Dp/Kud1HWL7xfqcOn6NZz3VxMdscMQyWP+Hr0+ta8j2On29OPUytU1QzSkQgLGD949M/411nwPmaT4m6EoLEmYjPT+E1yV74P8VWmoNb33h7VEcZAxauysQf4SBg/hXp3wG8D+JofiTpF7e6Lf2ljbO7yzXEBiUDYwH3gM5JA4qvZxtY5auMnN2WiPqv7OfSitfYvpRXJ9UiR9YZFqPFjNj+4a+UviPY2kt5O8lrA78/M0YJoorqe5NL4WeMrDF9vC+Um3eRjaMV9efs8aZYWuiXFxbWVrDO7bXkjiVWYDoCQMmiirZkevkDPQUY5oopCCiiigR//Z\", \"amount\": 4, \"full_price\": \"113.00\", \"product_id\": \"9a74782c-e18a-4cbe-ac40-3290e193835b\", \"unit_price\": \"28.25\", \"final_price\": \"113.00\", \"unit_discount\": \"0.00\", \"total_discount\": \"0.00\", \"product_variant_id\": \"9a74786c-47f1-4ba4-9179-528c3ba1c658\", \"original_unit_price\": \"28.25\"}, {\"id\": \"9a747882-c875-4fb4-8695-aa77a056f5fa\", \"sku\": \"W-BO003\", \"name\": \"Fashion Knee-High Boots - (Size) 8.5\", \"type\": \"product_variant\", \"urls\": null, \"image\": \"/9j/4AAQSkZJRgABAQEAYABgAAD//gA7Q1JFQVRPUjogZ2QtanBlZyB2MS4wICh1c2luZyBJSkcgSlBFRyB2ODApLCBxdWFsaXR5ID0gODAK/9sAQwAGBAUGBQQGBgUGBwcGCAoQCgoJCQoUDg8MEBcUGBgXFBYWGh0lHxobIxwWFiAsICMmJykqKRkfLTAtKDAlKCko/9sAQwEHBwcKCAoTCgoTKBoWGigoKCgoKCgoKCgoKCgoKCgoKCgoKCgoKCgoKCgoKCgoKCgoKCgoKCgoKCgoKCgoKCgo/8AAEQgAMgAyAwEiAAIRAQMRAf/EAB8AAAEFAQEBAQEBAAAAAAAAAAABAgMEBQYHCAkKC//EALUQAAIBAwMCBAMFBQQEAAABfQECAwAEEQUSITFBBhNRYQcicRQygZGhCCNCscEVUtHwJDNicoIJChYXGBkaJSYnKCkqNDU2Nzg5OkNERUZHSElKU1RVVldYWVpjZGVmZ2hpanN0dXZ3eHl6g4SFhoeIiYqSk5SVlpeYmZqio6Slpqeoqaqys7S1tre4ubrCw8TFxsfIycrS09TV1tfY2drh4uPk5ebn6Onq8fLz9PX29/j5+v/EAB8BAAMBAQEBAQEBAQEAAAAAAAABAgMEBQYHCAkKC//EALURAAIBAgQEAwQHBQQEAAECdwABAgMRBAUhMQYSQVEHYXETIjKBCBRCkaGxwQkjM1LwFWJy0QoWJDThJfEXGBkaJicoKSo1Njc4OTpDREVGR0hJSlNUVVZXWFlaY2RlZmdoaWpzdHV2d3h5eoKDhIWGh4iJipKTlJWWl5iZmqKjpKWmp6ipqrKztLW2t7i5usLDxMXGx8jJytLT1NXW19jZ2uLj5OXm5+jp6vLz9PX29/j5+v/aAAwDAQACEQMRAD8A+qaCQoJPAHJoqC+z9huNuc+W2MfSgD518a/GnxNpWuQW9imniGQbirQkkc+u6vZPh/4jvfEFvcG/jgR4ljYGEEA7t3Yk/wB2vkn4gHd4otz1Hlhv1FfUPweUfYLx/VYl/Rj/AFrKLbZ6FelCNK6Wp6FRRRWp54UUUUAFBGRg9KKKAPiD4lwm28YRwYwYgYiPcPg/yr6e+DHOg3jdxMqflGh/9mr52+N0Qg+JU4X+KeRvxLk/1r6J+DB26FfRk/P9oVz9DEg/9lNZR+I9Ku70bnoNFFFanmhRRRQAUUUUAfFHxB1SLXPEV1eo2JjIz4I+6Sc4r2j4L+JY0e3WZgI71Ehdiekg+7+ZJH1YVxnw0+H2meJfGfxE0vV1kH2a6xbTRuQ0LeZICR2PQcHisO+03U/hl4hm0rWFaewmO6GaMELIv95fQ+o6g/gTlZp3PSU4VI+zPr6ivE/DHxVvpWhtoom1pRgYgtpGnx7lQQT74Hv617YOlaJ3OCdNwdmFFFFMgKKKKAAAAkgDJpskaSgCRFcDkBhmiigBVUKMKAB6CloooAKKKKAP/9k=\", \"amount\": 10, \"full_price\": \"299.90\", \"product_id\": \"9a747830-7ee3-4148-866d-a8c603645d29\", \"unit_price\": \"29.99\", \"final_price\": \"299.90\", \"unit_discount\": \"0.00\", \"total_discount\": \"0.00\", \"product_variant_id\": \"9a747876-a27a-424b-b1e3-06e1002e5a98\", \"original_unit_price\": \"29.99\"}, {\"id\": \"9a747882-bfa7-4edb-ad49-31dd7aa8e6a6\", \"sku\": \"M-LO001\", \"name\": \"Classic Leather Loafers - (Size) 9, (Colour) Dark Gray\", \"type\": \"product_variant\", \"urls\": null, \"image\": \"/9j/4AAQSkZJRgABAQEAYABgAAD//gA7Q1JFQVRPUjogZ2QtanBlZyB2MS4wICh1c2luZyBJSkcgSlBFRyB2ODApLCBxdWFsaXR5ID0gODAK/9sAQwAGBAUGBQQGBgUGBwcGCAoQCgoJCQoUDg8MEBcUGBgXFBYWGh0lHxobIxwWFiAsICMmJykqKRkfLTAtKDAlKCko/9sAQwEHBwcKCAoTCgoTKBoWGigoKCgoKCgoKCgoKCgoKCgoKCgoKCgoKCgoKCgoKCgoKCgoKCgoKCgoKCgoKCgoKCgo/8AAEQgAMgAyAwEiAAIRAQMRAf/EAB8AAAEFAQEBAQEBAAAAAAAAAAABAgMEBQYHCAkKC//EALUQAAIBAwMCBAMFBQQEAAABfQECAwAEEQUSITFBBhNRYQcicRQygZGhCCNCscEVUtHwJDNicoIJChYXGBkaJSYnKCkqNDU2Nzg5OkNERUZHSElKU1RVVldYWVpjZGVmZ2hpanN0dXZ3eHl6g4SFhoeIiYqSk5SVlpeYmZqio6Slpqeoqaqys7S1tre4ubrCw8TFxsfIycrS09TV1tfY2drh4uPk5ebn6Onq8fLz9PX29/j5+v/EAB8BAAMBAQEBAQEBAQEAAAAAAAABAgMEBQYHCAkKC//EALURAAIBAgQEAwQHBQQEAAECdwABAgMRBAUhMQYSQVEHYXETIjKBCBRCkaGxwQkjM1LwFWJy0QoWJDThJfEXGBkaJicoKSo1Njc4OTpDREVGR0hJSlNUVVZXWFlaY2RlZmdoaWpzdHV2d3h5eoKDhIWGh4iJipKTlJWWl5iZmqKjpKWmp6ipqrKztLW2t7i5usLDxMXGx8jJytLT1NXW19jZ2uLj5OXm5+jp6vLz9PX29/j5+v/aAAwDAQACEQMRAD8A1YTaqOY8H6f/AF6laazx0wR7GogXIztcfVRTXV2zw3/fsVwKJ6N0R3F1Bn5WYfRBWdcXkSqTlz+Ap+sTJp1hLd3W9IYxydgzknAH51wi+MLeeYLcxvbo/CSZDJ9GOODWkYXVyHPWx0Nxfxk/xflWfLfRnOVJ/AVKbO4uEDxDcjDIZcEEfWq82l3QBOCPriq5ULmIftUX90/kKKj/ALPuPainyi5j1CaYW0Ek1zNFHDGNzMxwAK4Bvi3ptvqLW11YXUUYOFlG1gR2bHHH50vj/XUu/DVxAiyA70ZiRwQGHv8ASvKHjgukVJvmUfdIPK/T29qqnSUldkTqNOx7H4l1GPxd4auINGmt7j7sgMRO9cHPzIQGA/CvI7HVNX8MawtwI2jkU4YModHHQgg8EH3re8AP/Y/iWC4jiimCqRl+cZGOB617Gtvo3iGPydUhhWUjiRhjP/Ah/WtI05xjdLQiUot76nPeC9U0XV5TLZ20entNHmS1hY7BJn5nRScAYA+UdOa6d9GeUExSxsK5+X4W3ul3bXHhvUrXymO77LdhtoPqrKMg/hXQeHNH1wXobWUt4UiztMc+8Pxj0B/Oi9KUNNGg/eKWuqK58PTZ++v50V2f9nr/AH0/M0VzcxtY8z1TwxNNGwRAyn+HFed634NntXaWCKSI9cAfKa9y+1N1Ea474NNllSTho0I9KUakkXKmnufNsV01hcj7UktvMp4ccA/0NddpXjQRRhZjFKP7wbafy5r1O60vSrtCtxp8D56kgVkTeBvDMxy+kR/8BYj+tdUMU0c8sPfqXPh14vl1DVEs4nD2u0kox3FeO3oK9N8yKQDeq1wXh/TdO8PRMmk2UdsrHLYOSfqSc1pvq7L1/pWNSftJXSsaQjyKzZ1gWDH8P60Vx51lv8kUVnZllVQNx4qF/wDWGiis0asZk5PJqNZH80je2PrRRVIhjZJH/vt+dRmRznLsfxooq0QyLcfU0UUUxn//2Q==\", \"amount\": 2, \"full_price\": \"59.98\", \"product_id\": \"9a747837-fd5e-4cf2-85b4-63a666a3436a\", \"unit_price\": \"29.99\", \"final_price\": \"59.98\", \"unit_discount\": \"0.00\", \"total_discount\": \"0.00\", \"product_variant_id\": \"9a747870-204f-4afe-b2f0-5a862ddcb266\", \"original_unit_price\": \"29.99\"}, {\"id\": \"9a747882-d83c-478e-86b8-29b2c0eadadd\", \"sku\": \"M-LO003\", \"name\": \"Fashion Slip-On Loafers - (Size) 9.5\", \"type\": \"product_variant\", \"urls\": null, \"image\": \"/9j/4AAQSkZJRgABAQEAYABgAAD//gA7Q1JFQVRPUjogZ2QtanBlZyB2MS4wICh1c2luZyBJSkcgSlBFRyB2ODApLCBxdWFsaXR5ID0gODAK/9sAQwAGBAUGBQQGBgUGBwcGCAoQCgoJCQoUDg8MEBcUGBgXFBYWGh0lHxobIxwWFiAsICMmJykqKRkfLTAtKDAlKCko/9sAQwEHBwcKCAoTCgoTKBoWGigoKCgoKCgoKCgoKCgoKCgoKCgoKCgoKCgoKCgoKCgoKCgoKCgoKCgoKCgoKCgoKCgo/8AAEQgAMgAyAwEiAAIRAQMRAf/EAB8AAAEFAQEBAQEBAAAAAAAAAAABAgMEBQYHCAkKC//EALUQAAIBAwMCBAMFBQQEAAABfQECAwAEEQUSITFBBhNRYQcicRQygZGhCCNCscEVUtHwJDNicoIJChYXGBkaJSYnKCkqNDU2Nzg5OkNERUZHSElKU1RVVldYWVpjZGVmZ2hpanN0dXZ3eHl6g4SFhoeIiYqSk5SVlpeYmZqio6Slpqeoqaqys7S1tre4ubrCw8TFxsfIycrS09TV1tfY2drh4uPk5ebn6Onq8fLz9PX29/j5+v/EAB8BAAMBAQEBAQEBAQEAAAAAAAABAgMEBQYHCAkKC//EALURAAIBAgQEAwQHBQQEAAECdwABAgMRBAUhMQYSQVEHYXETIjKBCBRCkaGxwQkjM1LwFWJy0QoWJDThJfEXGBkaJicoKSo1Njc4OTpDREVGR0hJSlNUVVZXWFlaY2RlZmdoaWpzdHV2d3h5eoKDhIWGh4iJipKTlJWWl5iZmqKjpKWmp6ipqrKztLW2t7i5usLDxMXGx8jJytLT1NXW19jZ2uLj5OXm5+jp6vLz9PX29/j5+v/aAAwDAQACEQMRAD8A6UJz0rJ1zxJo+gz20OrXsdtJcZ8sMCc46kkDgc96wPiJ4/XwfdWMCWIu3nBd/wB5s2KDgdjyefyryP4keKIPFmoW13bxSpaxwCMo+MxvuJPT8PrSSKPo62nhuoEmtpUliYZV0YMp/EVLtr5f8L+IdV8NTiTTLlljPLwOd0b/AIf1HNe6eDfHFl4hXyJYzZ6ig+aBz973U9x+tKwHVbKjdMg1YGCOOaRloGVPL9qKs0UAfPvxdsrg+Mrh7jcY7hFaBj04AGB+OR+NcfFBJuVUUmU/KBjO7/ZI719IeNvDMHiLSmt5RtnTLQy90b/A14va3B0HVrtLqJf7QiBiKOMncccj6jv7+9UhGBh9C1WCLUoHjWN0kaMjJUZBx7g10mtW5utMj12zutl3E4H7vhnXswx6cAn/AOvWhrCW3iTwul/O4GpQFYYguCZOo2MOwGOvJOcfTjNO1S50MeW6+bp0xIeFuit0OPQ4/wA8UBseu/DXx82ooun61IovAcJLjAcds+9enZzivlSJlWUXNk25RzjuPYivdPhr4kbWNLEVyxNxCdhYnlhjgn3/AMKTQI7jH1opwJx2opDFZM+9eV/F/wAJPcpHrdlEWlgXbOq9SnZvqP5fSvWMjtTHUMuDyD2oEeBeCvsusR3OlvdC2ln2sgY8M69CPf2o1rQpdP1CZL6BHikIY5XKlvX/AD613Xir4Y6fqcr3WlyHT7sncdg+Qn1x2/CuYu9F8eWsJspXhvbfG1ZXG8gfXGfzqrgLpvw80bW7RLvSri4sZT96NX3KD3HPPWuz8I+DRoDAJJuGdxbOSx9TVf4eaHfaVBtumJz8zEjGSTk13RY4GakA2/SilDcdqKAHjtTx1oooAa1IKKKAGkc0yXtRRQBFmiiigD//2Q==\", \"amount\": 3, \"full_price\": \"89.97\", \"product_id\": \"9a74783b-cf57-4103-8c03-8cf70613a692\", \"unit_price\": \"29.99\", \"final_price\": \"89.97\", \"unit_discount\": \"0.00\", \"total_discount\": \"0.00\", \"product_variant_id\": \"9a747877-84dc-4bd1-8d61-70a369b84dc9\", \"original_unit_price\": \"29.99\"}, {\"id\": \"9a747882-e932-4ef5-8693-191bfc291d1b\", \"sku\": \"M-SA002\", \"name\": \"Sporty Outdoor Sandals - (Size) 8\", \"type\": \"product_variant\", \"urls\": null, \"image\": \"/9j/4AAQSkZJRgABAQEAYABgAAD//gA7Q1JFQVRPUjogZ2QtanBlZyB2MS4wICh1c2luZyBJSkcgSlBFRyB2ODApLCBxdWFsaXR5ID0gODAK/9sAQwAGBAUGBQQGBgUGBwcGCAoQCgoJCQoUDg8MEBcUGBgXFBYWGh0lHxobIxwWFiAsICMmJykqKRkfLTAtKDAlKCko/9sAQwEHBwcKCAoTCgoTKBoWGigoKCgoKCgoKCgoKCgoKCgoKCgoKCgoKCgoKCgoKCgoKCgoKCgoKCgoKCgoKCgoKCgo/8AAEQgAMgAyAwEiAAIRAQMRAf/EAB8AAAEFAQEBAQEBAAAAAAAAAAABAgMEBQYHCAkKC//EALUQAAIBAwMCBAMFBQQEAAABfQECAwAEEQUSITFBBhNRYQcicRQygZGhCCNCscEVUtHwJDNicoIJChYXGBkaJSYnKCkqNDU2Nzg5OkNERUZHSElKU1RVVldYWVpjZGVmZ2hpanN0dXZ3eHl6g4SFhoeIiYqSk5SVlpeYmZqio6Slpqeoqaqys7S1tre4ubrCw8TFxsfIycrS09TV1tfY2drh4uPk5ebn6Onq8fLz9PX29/j5+v/EAB8BAAMBAQEBAQEBAQEAAAAAAAABAgMEBQYHCAkKC//EALURAAIBAgQEAwQHBQQEAAECdwABAgMRBAUhMQYSQVEHYXETIjKBCBRCkaGxwQkjM1LwFWJy0QoWJDThJfEXGBkaJicoKSo1Njc4OTpDREVGR0hJSlNUVVZXWFlaY2RlZmdoaWpzdHV2d3h5eoKDhIWGh4iJipKTlJWWl5iZmqKjpKWmp6ipqrKztLW2t7i5usLDxMXGx8jJytLT1NXW19jZ2uLj5OXm5+jp6vLz9PX29/j5+v/aAAwDAQACEQMRAD8A+qaKKhvLmO0tZbiYkRxqWbAyePT1NICavKPj98ULj4c6RYLpdrFc6nfs4jMxOyJVxliO5+YADI7nnGD5ofi/8Q9Gnv7G/tLK5Cudl7NAfk3YKgbCFIww6jPrXk3iTSdT8Y6s+s+Idbku7mVQSTHjaP7qgcKB6AYrSnBz1WpMpKO56/4U+MHjrQF07UPiHp4l0jV1821wIo5AmAQyBcHGGHDjJ4wa+k9MvbfU9Otr6ykEttcRrLG4/iVhkGvibWTda5b2VvfTo0Gn2cdpbRN8qJHGvAGepOMk9zXtXw28UXemaPpd7qF9M2m7I7cxSSFlVRhMgHpg+lKu1TsnuOknUvY94oooqRhXkf7SGs6ro3hexk0+aOG0luBHPiTbK7cbFTg98sf92vXK+X/2j/FOm+JfENp4eslaWbSnkEkgY7TKwXKrjrtwQffIpwjzMTdkeY6jf6hq2o3NzqF3NEt3ceayl3ZE3MT0J6D0A7V2p8PeGknW5s725msI4REIxMQJG7yNg8E/3RgD37+dfaZbaOOOQBoY+FJPOfcnH8qtaW8mranDY6Ysn2yUhV254/2iR0A6k1pUhFq0J8rCm2neUbnSXei6dYR/2xq09ymiFtsNnu3TXLjsp/hT1J59K7X4daJrPxO1myvNStP7L8G6dIskdvECouGQgogJxlR3IGOMdeR3PgLwfpXiC+a51iBdSttHjSyt1uFDI0uA8jlehPKe3WvYIYo4YkjhRY40G1VUYAHoBXLC80pTdzabUW4wVh1FFFamRyHxG8daZ4L0pnuriL+0ZlItbZj80jdMkDooPU/h1r491e/Nld3E7CLMkjOzKuCpYknH4nP4/l6V+07ol7a+OLbXZfNl0yeGOLKDPlbM5T2znI7ZJrybS00bU9Yb+1k1S8gUkRR2aAtJyeWGePwzVRqcidlqLk5nqXIJLPWkjgtE8+ZztWNVy5P0713/AIfsrzSPs3hnwzYWz+Kr4Ezyqcrbx8kbmPGcc+n14zpeG9A16+h+z+FPDEmgWLYBu7m3PnOPbPH5nFev+AfBEvhq1cQIEup+bm6mcPNMck/MR9TxWdSTrW5lY0ilSvys6rwhocHhnw9aaXDIZTEpMkzfemkJyzn3JJNbIYHpVa3tPLA8xy7epq0AB0oJCiiiqEIVDDDAEe9CoqjCqAPYUUUALRRRSAKKKKACiiimB//Z\", \"amount\": 2, \"full_price\": \"47.00\", \"product_id\": \"9a74783f-2c3b-4e2e-87ac-b95e6e01782f\", \"unit_price\": \"23.50\", \"final_price\": \"47.00\", \"unit_discount\": \"0.00\", \"total_discount\": \"0.00\", \"product_variant_id\": \"9a747877-bde4-49fa-8bbd-cc7874bc59dd\", \"original_unit_price\": \"23.50\"}, {\"id\": \"9a747882-951f-4ee8-bf9e-fb7af7a38d20\", \"sku\": \"M-BO001\", \"name\": \"Classic Leather Boots - (Size) 10\", \"type\": \"product_variant\", \"urls\": null, \"image\": \"/9j/4AAQSkZJRgABAQEAYABgAAD//gA7Q1JFQVRPUjogZ2QtanBlZyB2MS4wICh1c2luZyBJSkcgSlBFRyB2ODApLCBxdWFsaXR5ID0gODAK/9sAQwAGBAUGBQQGBgUGBwcGCAoQCgoJCQoUDg8MEBcUGBgXFBYWGh0lHxobIxwWFiAsICMmJykqKRkfLTAtKDAlKCko/9sAQwEHBwcKCAoTCgoTKBoWGigoKCgoKCgoKCgoKCgoKCgoKCgoKCgoKCgoKCgoKCgoKCgoKCgoKCgoKCgoKCgoKCgo/8AAEQgAMgAyAwEiAAIRAQMRAf/EAB8AAAEFAQEBAQEBAAAAAAAAAAABAgMEBQYHCAkKC//EALUQAAIBAwMCBAMFBQQEAAABfQECAwAEEQUSITFBBhNRYQcicRQygZGhCCNCscEVUtHwJDNicoIJChYXGBkaJSYnKCkqNDU2Nzg5OkNERUZHSElKU1RVVldYWVpjZGVmZ2hpanN0dXZ3eHl6g4SFhoeIiYqSk5SVlpeYmZqio6Slpqeoqaqys7S1tre4ubrCw8TFxsfIycrS09TV1tfY2drh4uPk5ebn6Onq8fLz9PX29/j5+v/EAB8BAAMBAQEBAQEBAQEAAAAAAAABAgMEBQYHCAkKC//EALURAAIBAgQEAwQHBQQEAAECdwABAgMRBAUhMQYSQVEHYXETIjKBCBRCkaGxwQkjM1LwFWJy0QoWJDThJfEXGBkaJicoKSo1Njc4OTpDREVGR0hJSlNUVVZXWFlaY2RlZmdoaWpzdHV2d3h5eoKDhIWGh4iJipKTlJWWl5iZmqKjpKWmp6ipqrKztLW2t7i5usLDxMXGx8jJytLT1NXW19jZ2uLj5OXm5+jp6vLz9PX29/j5+v/aAAwDAQACEQMRAD8A8NstGe7dRGuyQjKlGJBrovD/AIamMxj1GEDb0OOeteo6XoVvGiBYxnoCB0rpoh4Z0wQRa1eFr6SNpxAijIRQTyT9DWDqnSqaONsPDgQ+RNZrJA6/eI6HHrVXUdBtQ/lMpjWEblHXdV+++JSaTrs9re6TE9hFIU/cyMH2Z4YE8E4wegqTxPr3hHTGtrrV9YuPJu4Eure3tbZmllibOCS2FXoR1OCDWak3qjSdJw3R5jqkZDyMyjk/eH1rFd/lbaDnOa7nUfiF4QkCpZ+EpbiyKjLT37JKG7/dGPT9au+GtF8OePI7248M2t3ZXVgqyTWMsgl3oc5ZGwCcEcgjv17VrGdtzB0pLU4FPMKKdvUf3aK9XXwY20Yhlxj+7/8AWoqvaIOQ6/QNKgnQx3VzNHIp3CSAeUT/AENcF+0JZRaRp+j6gG86RpXtnDMAzxMuSBj0x17Z969E0G+06ecLZ3UsUmcGKdHQg/RgK8q/ahmbf4djadHQLOdg4IP7vn9P51lHcq7uVvhlJo3iTW7R9bdZikXkFZ14mZeFLe5TGPdW9K1v2ifCtvp3gnR5rG3l8vTZzBC65YLbyAttZjk/K4AGezeua8R8P6gtneRucgqwIPoa+ovAvjiz1TRxY649vNE67GEnIYHswNZSl7OZ3um61PmTufJdpOqnZKfk6jIyAf8ACvoP4PeJ/BWkzWV3Ar6dq6w+TMyf6ucYGQcj1wexyPSk8Z/Bjw9qMk154X1q205my32eaQNFn0B6r+v0r5/vYrjStQntJmQywSGNijZUkHGQe4rbSqtDm/hO09UfcI1/w8wDLe4B5AEg4/SiviYavdgACWT8zRUezn3L/wBnPphdfu0t7eWCQS7iQMEOvB4xjO3/AIFj2HavMfiuPFPjHVLCOW0s7mS2DRwmwBy4OM7icZ+6OeB1q/pmuxW7O11GLvPygSYIVfQAgj866vSPiBbWUii1sY7dOmIiF/UDOPbNbKMo7HLKcGjyWT4UeL7ZYmawjeRxuMSTKWX2Pao7zw54n0mPF9o+rwIOrrbM4/MHFfQNv44W6O6MQAnse1RXOrai0xk0zUI7FGGGQQCUN7/MSB+Ap8k5bolVVD4ZNHzjZXMJukTyLy5nJAAf5R9Co5P/AH0K948MeCPBM1ja/wBuaffXl/OqtseEQrFxnAUNk/7zEk4HNa9jIrS+beJp09wRhpRZiNiPqp4NX5XjBBhZkwcjDGhwn0QvaQesmZ5+GvgdiSnh2HaeRmabOPwNFaS3R2jc5J7naOf0oqPZ1R89I+byTnqanhY7upooroMTUgZsL8x/Out8OSO0DhnYgdMmiinDcmWxtW7NnqfzrSRjs6n86KK0IJwTgc0UUUgP/9k=\", \"amount\": 1, \"full_price\": \"27.99\", \"product_id\": \"9a747842-6a35-4a29-9cc8-3e6ab4c8d128\", \"unit_price\": \"27.99\", \"final_price\": \"27.99\", \"unit_discount\": \"0.00\", \"total_discount\": \"0.00\", \"product_variant_id\": \"9a747878-2cb0-4807-8457-15643d1516c9\", \"original_unit_price\": \"27.99\"}, {\"id\": \"9a747882-cf87-4ebd-b82a-ffdf0feb88bb\", \"sku\": \"W-SG002\", \"name\": \"Vintage Round Sunglasses\", \"type\": \"product\", \"urls\": null, \"image\": \"/9j/4AAQSkZJRgABAQEAYABgAAD//gA7Q1JFQVRPUjogZ2QtanBlZyB2MS4wICh1c2luZyBJSkcgSlBFRyB2ODApLCBxdWFsaXR5ID0gODAK/9sAQwAGBAUGBQQGBgUGBwcGCAoQCgoJCQoUDg8MEBcUGBgXFBYWGh0lHxobIxwWFiAsICMmJykqKRkfLTAtKDAlKCko/9sAQwEHBwcKCAoTCgoTKBoWGigoKCgoKCgoKCgoKCgoKCgoKCgoKCgoKCgoKCgoKCgoKCgoKCgoKCgoKCgoKCgoKCgo/8AAEQgAGQAyAwEiAAIRAQMRAf/EAB8AAAEFAQEBAQEBAAAAAAAAAAABAgMEBQYHCAkKC//EALUQAAIBAwMCBAMFBQQEAAABfQECAwAEEQUSITFBBhNRYQcicRQygZGhCCNCscEVUtHwJDNicoIJChYXGBkaJSYnKCkqNDU2Nzg5OkNERUZHSElKU1RVVldYWVpjZGVmZ2hpanN0dXZ3eHl6g4SFhoeIiYqSk5SVlpeYmZqio6Slpqeoqaqys7S1tre4ubrCw8TFxsfIycrS09TV1tfY2drh4uPk5ebn6Onq8fLz9PX29/j5+v/EAB8BAAMBAQEBAQEBAQEAAAAAAAABAgMEBQYHCAkKC//EALURAAIBAgQEAwQHBQQEAAECdwABAgMRBAUhMQYSQVEHYXETIjKBCBRCkaGxwQkjM1LwFWJy0QoWJDThJfEXGBkaJicoKSo1Njc4OTpDREVGR0hJSlNUVVZXWFlaY2RlZmdoaWpzdHV2d3h5eoKDhIWGh4iJipKTlJWWl5iZmqKjpKWmp6ipqrKztLW2t7i5usLDxMXGx8jJytLT1NXW19jZ2uLj5OXm5+jp6vLz9PX29/j5+v/aAAwDAQACEQMRAD8A+iPGfjHRPBllb3fiG6e3gnl8mMrC8hLYJxhQewrK074p+EdSmjh07Up7ueT7sUNjcO5/AJmq/wAcPD7+IPh9erbRGW8sXW+gVRkkp94AdyULge5FfKi/vNjQ5dmx5ZTkknpjHegD7V03XbDULl7aF54rlU8zybm3kgcrnG4K6gsM4GRkDNWP7V04SeX9vtPM/u+cufyzXzD8cdB1zRbTwxHc6vqVxHc2u2Q3c5lSO6AUuo9FYZwPY15rPptjOpNzaW7nHLMgyPx60AfeasrqGUhlPQg5pc84rxL4B/DPTrT4c2NzrMV1LNfu16kLXMiLFG5/djarAcoFJyM8+1enaFpEGk65qKWFjHaWDW9uFMagB5A0u4+pOCnJoA36KKKACuftfBXhq01c6pbaJYxX+/zPNWIDD/3gOgb3AzXQUUAZPinw7pvijRpdM1m3E1q5DDBwyMOjqeoYeteZ2HwG0WHUVkvtUvr2xVs/ZXVF8wf3XYDkeuAtexUUAIiqihUAVQMAAYAFLRRQAUUUUAf/2Q==\", \"amount\": 10, \"full_price\": \"225.00\", \"product_id\": \"9a74784e-46b6-46de-bbbf-78da6699b9fc\", \"unit_price\": \"22.50\", \"final_price\": \"225.00\", \"unit_discount\": \"0.00\", \"total_discount\": \"0.00\", \"original_unit_price\": \"22.50\"}, {\"id\": \"9a747882-f0bc-4b88-a0f2-5ecc130250e8\", \"sku\": \"W-ER003\", \"name\": \"Statement Tassel Earrings\", \"type\": \"product\", \"urls\": null, \"image\": \"/9j/4AAQSkZJRgABAQEAYABgAAD//gA7Q1JFQVRPUjogZ2QtanBlZyB2MS4wICh1c2luZyBJSkcgSlBFRyB2ODApLCBxdWFsaXR5ID0gODAK/9sAQwAGBAUGBQQGBgUGBwcGCAoQCgoJCQoUDg8MEBcUGBgXFBYWGh0lHxobIxwWFiAsICMmJykqKRkfLTAtKDAlKCko/9sAQwEHBwcKCAoTCgoTKBoWGigoKCgoKCgoKCgoKCgoKCgoKCgoKCgoKCgoKCgoKCgoKCgoKCgoKCgoKCgoKCgoKCgo/8AAEQgAMgAyAwEiAAIRAQMRAf/EAB8AAAEFAQEBAQEBAAAAAAAAAAABAgMEBQYHCAkKC//EALUQAAIBAwMCBAMFBQQEAAABfQECAwAEEQUSITFBBhNRYQcicRQygZGhCCNCscEVUtHwJDNicoIJChYXGBkaJSYnKCkqNDU2Nzg5OkNERUZHSElKU1RVVldYWVpjZGVmZ2hpanN0dXZ3eHl6g4SFhoeIiYqSk5SVlpeYmZqio6Slpqeoqaqys7S1tre4ubrCw8TFxsfIycrS09TV1tfY2drh4uPk5ebn6Onq8fLz9PX29/j5+v/EAB8BAAMBAQEBAQEBAQEAAAAAAAABAgMEBQYHCAkKC//EALURAAIBAgQEAwQHBQQEAAECdwABAgMRBAUhMQYSQVEHYXETIjKBCBRCkaGxwQkjM1LwFWJy0QoWJDThJfEXGBkaJicoKSo1Njc4OTpDREVGR0hJSlNUVVZXWFlaY2RlZmdoaWpzdHV2d3h5eoKDhIWGh4iJipKTlJWWl5iZmqKjpKWmp6ipqrKztLW2t7i5usLDxMXGx8jJytLT1NXW19jZ2uLj5OXm5+jp6vLz9PX29/j5+v/aAAwDAQACEQMRAD8A+qaiuZ1hXJxnGeTgAepPYVLWD46uZLbwxd+SgeWUCFQc4G44ycc8DNITdldm7G29FYgrkA4PUUtVtMuftum2t1gL58SSYBzjcAf61ZoGQRXIlnMajjbuBz2z6eh5x64NT1y+m6lJL491S0MaiIWyKrZOSYyCfb/ltjj+7XUUCTT2Cij86KBhXl3x+8Sjw/oGmKsQllnuwwQkD5UHOD2OWX8+/Q+o187/ALUGoRtrWh2LknyYzcAKSDuLYHPbhTmqgrsip8LPYPhheC+8B6PKrM22Hyju6/KSv9K6ivMv2f71bjwZNbLjFrdMo+hVW789Sa9B1m7Ww0i9vHOFggeU/wDAVJ/pRJa2Cm+aCZ4j4D8Ypq/xhuYlQpE09wiOp4kUglcj1wg/MfU+9V8bfDrUorTxrZXv8X26N3OTtO5gGwD9D+vpivsmnNWIou9/UKKKKg2CvlH9oN5bz4lhWwsULxxqTxkBEJ/VumP5V9XV558Vvh8vjCTSri2McVxbzqs7YGXhJAP1K9QPTP0N05KL1CyejOU/ZzedLvXYWRzAUhbeAdu75uPrhs/5OPQ/ircSW3gDV2hGXeNYgPXe6qf0Jra0DRrDQdNjsdLt0ggTk4HLt3Zj3Jx1q7cQRXMEkFxGksMilXRxkMD2Ioc7z5hQioqyPhvw9DKkFy6/NIZflC8Mc4A4HQ89M+3HNfb+mSSTadayzKySvEjOrDBBIGQfevOPh/8ACyz8Pa7qV/qCR3RW4LWO4AhE6hiD/EOnsQTyea9Qp1Jc1kJQUW2uoUUUVmUFFFFABRRRQAUUUUAJRRRQB//Z\", \"amount\": 3, \"full_price\": \"74.97\", \"product_id\": \"9a747855-3cdd-4ee0-b980-992ff94eaa1b\", \"unit_price\": \"24.99\", \"final_price\": \"74.97\", \"unit_discount\": \"0.00\", \"total_discount\": \"0.00\", \"original_unit_price\": \"24.99\"}]',NULL,'{\"id\": \"9a7477e9-1e1e-4ea6-becf-bd12ec656953\", \"name\": {\"de\": \"Lokal schwer (10–25 kg)\", \"en\": \"Local Heavy (10-25kg)\", \"fr\": \"Lourd local (10-25kg)\"}, \"slug\": \"local-heavy-1\", \"price\": 2.99, \"enabled\": true, \"created_at\": \"2023-10-25T16:09:46.000000Z\", \"deleted_at\": null, \"updated_at\": \"2023-10-25T16:09:46.000000Z\", \"description\": {\"de\": \"Wenn Sie in der Nähe wohnen, liefern wir bis zu Ihrer Haustür.\", \"en\": \"If you live nearby, we deliver to your door.\", \"fr\": \"Si vous habitez à proximité, nous livrons à votre porte.\"}, \"enabled_by_default_on_creation\": true}','{\"delivery\": 2.99, \"subtotal\": 1632.08, \"total_payable\": 1635.07, \"applied_discount\": 0}',1,'mr-roland-treiber-lillyfort',NULL,'2023-10-25 16:11:31','2023-10-25 16:11:31'),('9a747889-3829-49ea-93ba-13f98a33e7e6','9a7477c7-7ead-4c61-9d86-2080d2ddf454','9a747881-f6e7-454c-a22b-06beab1de90b','{\"id\": \"9a747881-bf48-4af2-8446-35098bedcb53\", \"lat\": \"-68.236771\", \"lon\": \"172.849723\", \"name\": null, \"slug\": \"gavin-holmes-alisonhaven\", \"town\": \"Alisonhaven\", \"country\": \"UK\", \"user_id\": \"9a7477c7-7ead-4c61-9d86-2080d2ddf454\", \"post_code\": \"NP44 4PE\", \"created_at\": \"2023-10-25T16:11:26.000000Z\", \"deleted_at\": null, \"updated_at\": \"2023-10-25T16:11:26.000000Z\", \"address_line_1\": \"Flat 98 Baker Lane\", \"address_line_2\": null, \"google_maps_url\": \"https://www.google.com/maps/@-68.236771,172.849723,14z\"}','{\"amount\": \"455.31\", \"source\": {\"id\": \"9a747881-d5e7-45af-b4ad-7a6eb7a4e317\", \"name\": \"qui et\", \"slug\": \"holmes-qui-et\", \"brand\": \"american express\", \"user_id\": \"9a7477c7-7ead-4c61-9d86-2080d2ddf454\", \"exp_year\": \"2024\", \"exp_month\": \"1\", \"last_four\": \"9460\", \"source_id\": \"3sgpFgsn5nuHG7DAsCnAvavFBNyzg29XIBfeDnlfuC6dxuvKaupaUmt7U7qTULXsGVNfTnVEocDmiHcRyn0rKaWSGmgR5hgriqEazr6i6zVrEySDGbmxT0KZO4yp2n3XH0pdn5Xr8FOAqXvGxyDWpf\", \"created_at\": \"2023-10-25T16:11:26.000000Z\", \"deleted_at\": null, \"updated_at\": \"2023-10-25T16:11:26.000000Z\", \"stripe_user_id\": \"e0nRpC2lXYKoLdhqiLqDuu8D8z3K37WPRs50ENXWj0gmZelrTXykgAyV0K1NwXto6qGIhnDIONqq6vYqNx2pdRruXJlrVmJdh9JdaRShrJdT1EWMYUy77Gf3\", \"payment_method_id\": 1}, \"created_at\": \"25-10-2023 16:11\", \"payment_ref\": \"uHDC06WmMg\"}','[{\"id\": \"9a747882-f9a6-4424-a1ff-e9948a5f3525\", \"sku\": \"M-SK002\", \"name\": \"Sporty Ankle Socks - (Size) 9\", \"type\": \"product_variant\", \"urls\": null, \"image\": \"/9j/4AAQSkZJRgABAQEAYABgAAD//gA7Q1JFQVRPUjogZ2QtanBlZyB2MS4wICh1c2luZyBJSkcgSlBFRyB2ODApLCBxdWFsaXR5ID0gODAK/9sAQwAGBAUGBQQGBgUGBwcGCAoQCgoJCQoUDg8MEBcUGBgXFBYWGh0lHxobIxwWFiAsICMmJykqKRkfLTAtKDAlKCko/9sAQwEHBwcKCAoTCgoTKBoWGigoKCgoKCgoKCgoKCgoKCgoKCgoKCgoKCgoKCgoKCgoKCgoKCgoKCgoKCgoKCgoKCgo/8AAEQgAMgAyAwEiAAIRAQMRAf/EAB8AAAEFAQEBAQEBAAAAAAAAAAABAgMEBQYHCAkKC//EALUQAAIBAwMCBAMFBQQEAAABfQECAwAEEQUSITFBBhNRYQcicRQygZGhCCNCscEVUtHwJDNicoIJChYXGBkaJSYnKCkqNDU2Nzg5OkNERUZHSElKU1RVVldYWVpjZGVmZ2hpanN0dXZ3eHl6g4SFhoeIiYqSk5SVlpeYmZqio6Slpqeoqaqys7S1tre4ubrCw8TFxsfIycrS09TV1tfY2drh4uPk5ebn6Onq8fLz9PX29/j5+v/EAB8BAAMBAQEBAQEBAQEAAAAAAAABAgMEBQYHCAkKC//EALURAAIBAgQEAwQHBQQEAAECdwABAgMRBAUhMQYSQVEHYXETIjKBCBRCkaGxwQkjM1LwFWJy0QoWJDThJfEXGBkaJicoKSo1Njc4OTpDREVGR0hJSlNUVVZXWFlaY2RlZmdoaWpzdHV2d3h5eoKDhIWGh4iJipKTlJWWl5iZmqKjpKWmp6ipqrKztLW2t7i5usLDxMXGx8jJytLT1NXW19jZ2uLj5OXm5+jp6vLz9PX29/j5+v/aAAwDAQACEQMRAD8A+qay/E+u2HhnQbzWNWl8qytU3uQMk9gAO5JIAHvWpXxF+0RqE+pfFPXIlvLiezt5EjiheQskTLGocKDwPmDdKAPqLwt8V/CniGHSPJ1AW17qjMkFlP8A64MGIwwXIXOOMnmu7r82ra6uLO6W4gkdLmMDy5FbaYyOhBHQiux8IfE3xP4X0qTTPD9/5Ru7n7TLI0Qkff0IBYEc4GeOw560AfelFeJ+DPj/AKRr/iQabeWa6bZLbmR7+5uFVfMVcsNuMBTzg7snjjmvVvDPiPSfFGmf2hoN7He2e9ojIgIww6gggEdR+YoA1qKKKAOa8aeM9K8KadPPeytLdIhaO0hUvJI2OBgA4z6nAr4W1a6m1PVLy9u8i6uJnmlyMEsxLH9TX2F8VPBj6hnU9Fs7i41GV1WcRz7fkC4DBScZ4Ucfka+a/E/hWWZ/PsIbue7Y5dpLhCv055qk7CaucC8YOFYYqtJAc5H3frWlMjQzPDcqElQ4YelMkhZQO47j0qL9y5JLZmWHZY3jUqFbGcda96/Zr8Tajod+1o5I8P3BzKrrjEpwN6/QAA+v4ceJsBzXvvwM0GfxBaWNtNAY4IF82aXP/LMsdowe7Dp2wM+1Mk+oaKKKACvLPiB8N47ny7nw3Y2EX+sN1FKzAODggqOVGMNxgda9TooA+Kte8Ow31so06HS7dsbjLllI79hj8TXB3AazunglljnK8b4m3D86+zPHXw7TUhBP4Yh03T7pWbzgY/LWUHHUqDggj05zXDTfCHxBdq0d1HoLqe7yO3/tOhpMTVz530Swj1nV4LUvst+ZJ5OAUjXqc9vT6kV9v/DfQV8PeE7O1MQiuJFEsy4A2sR93AOOBgcccEjrXmvgj4HPo+sW1/ql7ZYhKuYbWIkOwx1Y4wMjPTnJFe4IoVQBk/WoUWpN30IjFqTd9BaKKKs0CiiigAooooAKKKKACiiigD//2Q==\", \"amount\": 4, \"full_price\": \"58.00\", \"product_id\": \"9a747804-8b26-41a2-8a5f-4bd7c6057dc1\", \"unit_price\": \"14.50\", \"final_price\": \"58.00\", \"unit_discount\": \"0.00\", \"total_discount\": \"0.00\", \"product_variant_id\": \"9a747873-eeea-4abc-8a74-57b737fff30e\", \"original_unit_price\": \"14.50\"}, {\"id\": \"9a747883-0364-48e0-9e17-efd347d30f8c\", \"sku\": \"W-J002\", \"name\": \"Casual V-Neck Jumper - (Size) S\", \"type\": \"product_variant\", \"urls\": null, \"image\": \"/9j/4AAQSkZJRgABAQEAYABgAAD//gA7Q1JFQVRPUjogZ2QtanBlZyB2MS4wICh1c2luZyBJSkcgSlBFRyB2ODApLCBxdWFsaXR5ID0gODAK/9sAQwAGBAUGBQQGBgUGBwcGCAoQCgoJCQoUDg8MEBcUGBgXFBYWGh0lHxobIxwWFiAsICMmJykqKRkfLTAtKDAlKCko/9sAQwEHBwcKCAoTCgoTKBoWGigoKCgoKCgoKCgoKCgoKCgoKCgoKCgoKCgoKCgoKCgoKCgoKCgoKCgoKCgoKCgoKCgo/8AAEQgAMgAyAwEiAAIRAQMRAf/EAB8AAAEFAQEBAQEBAAAAAAAAAAABAgMEBQYHCAkKC//EALUQAAIBAwMCBAMFBQQEAAABfQECAwAEEQUSITFBBhNRYQcicRQygZGhCCNCscEVUtHwJDNicoIJChYXGBkaJSYnKCkqNDU2Nzg5OkNERUZHSElKU1RVVldYWVpjZGVmZ2hpanN0dXZ3eHl6g4SFhoeIiYqSk5SVlpeYmZqio6Slpqeoqaqys7S1tre4ubrCw8TFxsfIycrS09TV1tfY2drh4uPk5ebn6Onq8fLz9PX29/j5+v/EAB8BAAMBAQEBAQEBAQEAAAAAAAABAgMEBQYHCAkKC//EALURAAIBAgQEAwQHBQQEAAECdwABAgMRBAUhMQYSQVEHYXETIjKBCBRCkaGxwQkjM1LwFWJy0QoWJDThJfEXGBkaJicoKSo1Njc4OTpDREVGR0hJSlNUVVZXWFlaY2RlZmdoaWpzdHV2d3h5eoKDhIWGh4iJipKTlJWWl5iZmqKjpKWmp6ipqrKztLW2t7i5usLDxMXGx8jJytLT1NXW19jZ2uLj5OXm5+jp6vLz9PX29/j5+v/aAAwDAQACEQMRAD8A6/yuaS4aK1t3nuJFjiQZZmOABWkIcmvJ/jFqV0skdnau3l85UDgn2Pcj8h9aJS5UXGPM7FHVPFl54m8RW+i6JOLS3mk2ecW2kr/E7HsoGTx6V1PjnwrP8NtCXXNP8Sy6jmSNLi3lxhd3RgMnj2PPvXkHgG5OheObGfWLaKSGYNH5Vym5Rkcbh9cV7P8AGTxBHpHw6tIWtNNmudTjS28xIgcKi8nIJ6ZXA7Zz7VzuclI6lCLjcv8AhXXbXxFpyz2xCyrxJH3U/wBR71rNF7V4V8MHu7G/iltjuhccH0PdT/n+VfQ6w7kVsdRmuiMr6HNOHLqjJ8o0VqeR7UVRmaSwe1cd418P2Ec0WsXW5mQhAh6EnoPYDBPFejLD7Vx/xbj8rwjvGeJ1/wDQWppKTSY1JrY4C00nSJdZGo3GnRXUoGF3MePpzjNdrrs+ma/oaaXe6Lavap80aMM+X7qRgqevIrzPwRrpubC2MiF22AMxPU9D+tdc2obJFZVwK09hBvmsNVZJWuaPhDw5pNpNLbW1t5SyAMqZLBSDkEE5IPFdy1vx0rkvC16t34qWNB0wh/74z/WvR2tvapnFRehN29zC+z0VtfZvaioAnSPnpXD/ABrYReDFT+OS4QD8AxNeiJHzXlf7RU8Ft4c0sTsw8y5KAIMsQRg4HfqKqHxITPG/AqbNNBiUgeY5J9fmPSu1mBNsWHVea4bR/Eeh6ZBFZzNPD5ShQX2c49dpPNdNp3ijSLj/AFDTTJ0YCFmGPwFdKEdb4PBg8ew+Ww8p5Yz/AN9xqf617e8PtXgXg+4tH8caU9lL5kMksOcggo28rtOfYLX0Y8YrCruhozPK9qKveWPSishlNK8M/ayJGi+G8HH+mN/JaKKun8SFLY+dIfmxu+bnvzT4/lj3Lwy4wR1FFFei9jhW57h8M5Hn1TwZJM7SSMxyznJOJxjJPpX1E9FFcFXc7o7EVFFFZDP/2Q==\", \"amount\": 10, \"full_price\": \"215.00\", \"product_id\": \"9a747814-fdd4-4823-af61-b85220c6fb22\", \"unit_price\": \"21.50\", \"final_price\": \"215.00\", \"unit_discount\": \"0.00\", \"total_discount\": \"0.00\", \"product_variant_id\": \"9a747874-d28d-4652-b561-1ea1c131cff4\", \"original_unit_price\": \"21.50\"}, {\"id\": \"9a747883-0b0b-4305-9954-a11545045580\", \"sku\": \"W-ER003\", \"name\": \"Statement Tassel Earrings\", \"type\": \"product\", \"urls\": null, \"image\": \"/9j/4AAQSkZJRgABAQEAYABgAAD//gA7Q1JFQVRPUjogZ2QtanBlZyB2MS4wICh1c2luZyBJSkcgSlBFRyB2ODApLCBxdWFsaXR5ID0gODAK/9sAQwAGBAUGBQQGBgUGBwcGCAoQCgoJCQoUDg8MEBcUGBgXFBYWGh0lHxobIxwWFiAsICMmJykqKRkfLTAtKDAlKCko/9sAQwEHBwcKCAoTCgoTKBoWGigoKCgoKCgoKCgoKCgoKCgoKCgoKCgoKCgoKCgoKCgoKCgoKCgoKCgoKCgoKCgoKCgo/8AAEQgAMgAyAwEiAAIRAQMRAf/EAB8AAAEFAQEBAQEBAAAAAAAAAAABAgMEBQYHCAkKC//EALUQAAIBAwMCBAMFBQQEAAABfQECAwAEEQUSITFBBhNRYQcicRQygZGhCCNCscEVUtHwJDNicoIJChYXGBkaJSYnKCkqNDU2Nzg5OkNERUZHSElKU1RVVldYWVpjZGVmZ2hpanN0dXZ3eHl6g4SFhoeIiYqSk5SVlpeYmZqio6Slpqeoqaqys7S1tre4ubrCw8TFxsfIycrS09TV1tfY2drh4uPk5ebn6Onq8fLz9PX29/j5+v/EAB8BAAMBAQEBAQEBAQEAAAAAAAABAgMEBQYHCAkKC//EALURAAIBAgQEAwQHBQQEAAECdwABAgMRBAUhMQYSQVEHYXETIjKBCBRCkaGxwQkjM1LwFWJy0QoWJDThJfEXGBkaJicoKSo1Njc4OTpDREVGR0hJSlNUVVZXWFlaY2RlZmdoaWpzdHV2d3h5eoKDhIWGh4iJipKTlJWWl5iZmqKjpKWmp6ipqrKztLW2t7i5usLDxMXGx8jJytLT1NXW19jZ2uLj5OXm5+jp6vLz9PX29/j5+v/aAAwDAQACEQMRAD8A+qaiuZ1hXJxnGeTgAepPYVLWD46uZLbwxd+SgeWUCFQc4G44ycc8DNITdldm7G29FYgrkA4PUUtVtMuftum2t1gL58SSYBzjcAf61ZoGQRXIlnMajjbuBz2z6eh5x64NT1y+m6lJL491S0MaiIWyKrZOSYyCfb/ltjj+7XUUCTT2Cij86KBhXl3x+8Sjw/oGmKsQllnuwwQkD5UHOD2OWX8+/Q+o187/ALUGoRtrWh2LknyYzcAKSDuLYHPbhTmqgrsip8LPYPhheC+8B6PKrM22Hyju6/KSv9K6ivMv2f71bjwZNbLjFrdMo+hVW789Sa9B1m7Ww0i9vHOFggeU/wDAVJ/pRJa2Cm+aCZ4j4D8Ypq/xhuYlQpE09wiOp4kUglcj1wg/MfU+9V8bfDrUorTxrZXv8X26N3OTtO5gGwD9D+vpivsmnNWIou9/UKKKKg2CvlH9oN5bz4lhWwsULxxqTxkBEJ/VumP5V9XV558Vvh8vjCTSri2McVxbzqs7YGXhJAP1K9QPTP0N05KL1CyejOU/ZzedLvXYWRzAUhbeAdu75uPrhs/5OPQ/ircSW3gDV2hGXeNYgPXe6qf0Jra0DRrDQdNjsdLt0ggTk4HLt3Zj3Jx1q7cQRXMEkFxGksMilXRxkMD2Ioc7z5hQioqyPhvw9DKkFy6/NIZflC8Mc4A4HQ89M+3HNfb+mSSTadayzKySvEjOrDBBIGQfevOPh/8ACyz8Pa7qV/qCR3RW4LWO4AhE6hiD/EOnsQTyea9Qp1Jc1kJQUW2uoUUUVmUFFFFABRRRQAUUUUAJRRRQB//Z\", \"amount\": 9, \"full_price\": \"224.91\", \"product_id\": \"9a747855-3cdd-4ee0-b980-992ff94eaa1b\", \"unit_price\": \"24.99\", \"final_price\": \"224.91\", \"unit_discount\": \"0.00\", \"total_discount\": \"0.00\", \"original_unit_price\": \"24.99\"}]','{\"id\": \"9a7477e7-b7e3-4398-a928-21499757b2a3\", \"code\": \"BVG0MEUCLM\", \"slug\": \"10%-off-1\", \"type\": 1, \"value\": \"10%\", \"amount\": 10, \"enabled\": true, \"created_at\": \"2023-10-25T16:09:45.000000Z\", \"deleted_at\": null, \"updated_at\": \"2023-10-25T16:09:45.000000Z\", \"valid_from\": \"2023-10-12T08:00:00.000000Z\", \"valid_until\": \"2024-10-12T08:00:00.000000Z\"}','{\"id\": \"9a7477e9-bb89-4f55-b993-a5b1192b65d7\", \"name\": {\"de\": \"Standard Small (unter 5 kg)\", \"en\": \"Standard Small (under 5kg)\", \"fr\": \"Standard petit (moins de 5 kg)\"}, \"slug\": \"standard-small-1\", \"price\": 7.99, \"enabled\": true, \"created_at\": \"2023-10-25T16:09:46.000000Z\", \"deleted_at\": null, \"updated_at\": \"2023-10-25T16:09:46.000000Z\", \"description\": {\"de\": \"Zustellung per königlicher Post. (ca. 3-5 Tage)\", \"en\": \"Royal mail delivery. (approximately 3-5 days)\", \"fr\": \"Livraison du courrier royal. (environ 3 à 5 jours)\"}, \"enabled_by_default_on_creation\": true}','{\"delivery\": 7.99, \"subtotal\": 497.91, \"total_payable\": 455.31, \"applied_discount\": 42.6}',1,'gavin-holmes-alisonhaven',NULL,'2023-10-25 16:11:31','2023-10-25 16:11:31'),('9a74788a-0d55-4240-b1f9-e71d309f0ab8','9a7477c6-d69d-4b04-8ae0-ba3c2032eb07','9a747881-fee5-4356-861a-2ed25479431b','{\"id\": \"9a747881-b307-4056-be3e-544936377f45\", \"lat\": \"76.928937\", \"lon\": \"19.370465\", \"name\": null, \"slug\": \"jackson-khan-new-sashachester\", \"town\": \"New Sashachester\", \"country\": \"UK\", \"user_id\": \"9a7477c6-d69d-4b04-8ae0-ba3c2032eb07\", \"post_code\": \"BR6 9XJ\", \"created_at\": \"2023-10-25T16:11:26.000000Z\", \"deleted_at\": null, \"updated_at\": \"2023-10-25T16:11:26.000000Z\", \"address_line_1\": \"8 Harris Lights\", \"address_line_2\": null, \"google_maps_url\": \"https://www.google.com/maps/@76.928937,19.370465,14z\"}','{\"amount\": \"1869.62\", \"source\": {\"id\": \"9a747881-d7ce-4dde-8af4-8423f6facf20\", \"name\": \"enim tempora\", \"slug\": \"khan-enim-tempora\", \"brand\": \"visa\", \"user_id\": \"9a7477c6-d69d-4b04-8ae0-ba3c2032eb07\", \"exp_year\": \"2023\", \"exp_month\": \"12\", \"last_four\": \"8782\", \"source_id\": \"NBgFo10HIRi89TwxbgIkjZgyUsWnQpZ9hLHOznS1EHTxXRKVDKNxeW41OFq6OTpotA7WLwDieu3HRKXlmxp00Dl9c9AY2yLCwECjShZfHaehZtdR7hhB4IOiXdgamIwo0xZZN5Vqe4aL3Q1M4bBM8G\", \"created_at\": \"2023-10-25T16:11:26.000000Z\", \"deleted_at\": null, \"updated_at\": \"2023-10-25T16:11:26.000000Z\", \"stripe_user_id\": \"cKMjLpXOwG7SdrcaPKRYJV2p7XLHStlhYDzBsU6WOYrDM610CXFk61co6I4SNg4JmqnBS5hZe2w3XZOoBrVxdd6kqXy0E8qGT1KADBDOOZ8x40dyDi7mvHKl\", \"payment_method_id\": 1}, \"created_at\": \"25-10-2023 16:11\", \"payment_ref\": \"Pgr632V99b\"}','[{\"id\": \"9a747883-3506-41ad-a985-7495deb931bc\", \"sku\": \"M-S003\", \"name\": \"Casual Checkered Shirt - (Size) S\", \"type\": \"product_variant\", \"urls\": null, \"image\": \"/9j/4AAQSkZJRgABAQEAYABgAAD//gA7Q1JFQVRPUjogZ2QtanBlZyB2MS4wICh1c2luZyBJSkcgSlBFRyB2ODApLCBxdWFsaXR5ID0gODAK/9sAQwAGBAUGBQQGBgUGBwcGCAoQCgoJCQoUDg8MEBcUGBgXFBYWGh0lHxobIxwWFiAsICMmJykqKRkfLTAtKDAlKCko/9sAQwEHBwcKCAoTCgoTKBoWGigoKCgoKCgoKCgoKCgoKCgoKCgoKCgoKCgoKCgoKCgoKCgoKCgoKCgoKCgoKCgoKCgo/8AAEQgAMgAyAwEiAAIRAQMRAf/EAB8AAAEFAQEBAQEBAAAAAAAAAAABAgMEBQYHCAkKC//EALUQAAIBAwMCBAMFBQQEAAABfQECAwAEEQUSITFBBhNRYQcicRQygZGhCCNCscEVUtHwJDNicoIJChYXGBkaJSYnKCkqNDU2Nzg5OkNERUZHSElKU1RVVldYWVpjZGVmZ2hpanN0dXZ3eHl6g4SFhoeIiYqSk5SVlpeYmZqio6Slpqeoqaqys7S1tre4ubrCw8TFxsfIycrS09TV1tfY2drh4uPk5ebn6Onq8fLz9PX29/j5+v/EAB8BAAMBAQEBAQEBAQEAAAAAAAABAgMEBQYHCAkKC//EALURAAIBAgQEAwQHBQQEAAECdwABAgMRBAUhMQYSQVEHYXETIjKBCBRCkaGxwQkjM1LwFWJy0QoWJDThJfEXGBkaJicoKSo1Njc4OTpDREVGR0hJSlNUVVZXWFlaY2RlZmdoaWpzdHV2d3h5eoKDhIWGh4iJipKTlJWWl5iZmqKjpKWmp6ipqrKztLW2t7i5usLDxMXGx8jJytLT1NXW19jZ2uLj5OXm5+jp6vLz9PX29/j5+v/aAAwDAQACEQMRAD8A+qaztX1rT9IQNf3CxkjIUAliPoK0a8O8Ya2s/iO6JBIdmiUFeyg47+w/OqiribI/i94qm8Q6GsOhm4t4oJS+8MQZWGV2so/h59TXHfCjV9V8P6qNV1LzWjdBH9n8w7GViOenX8O3vXTWs7tpblYHI85vu8fx/SqKytDpVkqQybAEGd+f41z2rbkV7GSqSaPbtJ8X6PqU6W8dx5VyxwI5RtJPoD0NdBXzpc3cUt9MjcSQDzBwRg9jkfjXu/hfUhq/h+xvs5aWMb/98cN+oNZSjY0jK6/rsjUoooqBlW/nePTJ5oUZ5REWRFGSTjgV4Ffx3F5qRhRD5sAMhzzgDBPPbhD+dfQkH+pj/wB0fyrL8URR/wBhajLsQTC2cK5Az06Z+tXCViZq+qPDrWe6a0uVEbhN4Iz/AMAJ9O5qtNLdNFpyvEQGIGBz0wR/Krlr9qazuT5akmTjk9Ny/wC1VeRbyOxs22KxGDktz1Xjr+Fb/wDAMrrW3n+SGW8Uv9tvcTRNtuEaMA88ptJx+Egr1/4WyyN4elhljaMwzsqgrt+UgHj8d1VPhP5dxo10ZokM0V02CygkAqoyPrt/Su8rCUr6GsY2MyYt5z8n7xopZv8AWv8A7xopFl+H/Ux/7orE8drI/hS+WIkMdnT03rn9M1uQ/wCqT/dFZPi6Ce58OXsVoheZlGFHU/MCf0zSW4nseJ2aXIs7n7pw6/8AstVZlnTT7MJGq5YHbgD+Jefx61et7adLG4DSxKRJjBQcYKiqxtpv7Ns2eeHAAOQgHAKmun/gHOn+v5I7j4SyyQa7rFpLwssaTKM9CCQR/wCPfrXqNeYfDrS71PFU1+ysbI2zASYwrMWXAB78A16fWE9zan8KM2b/AFr/AO8aKJR+9f8A3jRSLGRSP5SfO33R3p/mP/fb86KKQGRr0EL2ckjRRtISMsVBP51yvhKGKTVSjxIyKXwpUEDnsKKK2Xwv5Gf2vv8AyPQBI4AAdgB70vmP/fb86KKyNDOlkfzX+dup70UUVQH/2Q==\", \"amount\": 7, \"full_price\": \"174.93\", \"product_id\": \"9a7477f5-8cfb-44d7-b099-c3222c1d589b\", \"unit_price\": \"24.99\", \"final_price\": \"174.93\", \"unit_discount\": \"0.00\", \"total_discount\": \"0.00\", \"product_variant_id\": \"9a747872-5b5a-4076-a0b5-d09497ef2c8f\", \"original_unit_price\": \"24.99\"}, {\"id\": \"9a747883-1ada-40e7-9ca3-d90c616dcc69\", \"sku\": \"W-S003\", \"name\": \"Floral Midi Skirt - (Size) XS\", \"type\": \"product_variant\", \"urls\": null, \"image\": \"/9j/4AAQSkZJRgABAQEAYABgAAD//gA7Q1JFQVRPUjogZ2QtanBlZyB2MS4wICh1c2luZyBJSkcgSlBFRyB2ODApLCBxdWFsaXR5ID0gODAK/9sAQwAGBAUGBQQGBgUGBwcGCAoQCgoJCQoUDg8MEBcUGBgXFBYWGh0lHxobIxwWFiAsICMmJykqKRkfLTAtKDAlKCko/9sAQwEHBwcKCAoTCgoTKBoWGigoKCgoKCgoKCgoKCgoKCgoKCgoKCgoKCgoKCgoKCgoKCgoKCgoKCgoKCgoKCgoKCgo/8AAEQgAMgAyAwEiAAIRAQMRAf/EAB8AAAEFAQEBAQEBAAAAAAAAAAABAgMEBQYHCAkKC//EALUQAAIBAwMCBAMFBQQEAAABfQECAwAEEQUSITFBBhNRYQcicRQygZGhCCNCscEVUtHwJDNicoIJChYXGBkaJSYnKCkqNDU2Nzg5OkNERUZHSElKU1RVVldYWVpjZGVmZ2hpanN0dXZ3eHl6g4SFhoeIiYqSk5SVlpeYmZqio6Slpqeoqaqys7S1tre4ubrCw8TFxsfIycrS09TV1tfY2drh4uPk5ebn6Onq8fLz9PX29/j5+v/EAB8BAAMBAQEBAQEBAQEAAAAAAAABAgMEBQYHCAkKC//EALURAAIBAgQEAwQHBQQEAAECdwABAgMRBAUhMQYSQVEHYXETIjKBCBRCkaGxwQkjM1LwFWJy0QoWJDThJfEXGBkaJicoKSo1Njc4OTpDREVGR0hJSlNUVVZXWFlaY2RlZmdoaWpzdHV2d3h5eoKDhIWGh4iJipKTlJWWl5iZmqKjpKWmp6ipqrKztLW2t7i5usLDxMXGx8jJytLT1NXW19jZ2uLj5OXm5+jp6vLz9PX29/j5+v/aAAwDAQACEQMRAD8A+qayfFuq/wBheFtX1UAM1nayzqp6MyqSB+JwK1q89+O0oHw+mtWSR1vLmCFhG207Q4c/N24QjPvSbsrsaV3Y8RPxM8XCCaddemnjjkW2WVIkCIG37pJlKgq6jBx90YGalX4keK2Eso8RHY0kdqJ08t4IUIAMzjblWzg4Py/MRxxXERWV3BrP9k6rDLFqKRzSySROCxRmV98h6SDGV2/7OeaS2Y6rewWmoNNYahOlxLctHCo+VpY5VllQcMCCBjjG3Paua73v/wAN3N7dLf12Pqb4MeKLvxV4TlutSkjku4rqSNmjYMNpwyjIA6BscgHiu9rw79nvWo7zXdetvtEclzLEk0qpEI8lXYCTA4O9ZE544VR2r3GuiN7amEt9AoooqhBXjH7U90yeBLKxRZSbu8wSgJACxu3zAfw5wD6Zz2r2evD/ANqJ7WDTfDVzqF5JbWsN25byvvsSoUbR3xncR6CplsOO54hZxrN5aWrf2OLq3hkQXVwSbvyxjbE56B/NI2njHbtUEshitbm3lnNjPmTcLmQ5kjjwGhhlHUEYTb7e2KfYKqme2t5UudHtQ8KTsQWvmGySO3AIDL0IGMZ447VW0COYx2EU0kK6ZZBxdXkiKYolk2SCEqT8v7wMpxjOccYrl6tv+v8Ag+R0eSPcvga8Vl4yu4jZ/wBnnUIWmtrb5XURBYjlXA45IyvTPr1r3qvmX4ATy3Xji2+zaNBYWcEU2SXAlCuoZVKn5iOQc9+O+a+mq3pK0bGNTV3CiiitSAr59/az1JtOi8MskkIYreMscsHm72AiHA7EBicnj65r6Crwr9pewur2+8LtY6Wb+ZGmU4x8sbbPMHI2jKgjJ6EioqNKLuXBXkjxm+lZ5Uur5Z724K/bY7+ytwirNuXblTjeFAPTPUjHeqULQyWQW6tBqNhePNO7W8ggm8uNWA80cAEt82Ovy9O1NtlazmsmuXuo7qXzrXTLdo8JaOzgK28H51AGD1PTg961nFHFpRe/3rpWlyrMti8ZJnd1AbEnPB5Yeue3WuVK39f11+Ru9f6/r/M9V+C+o3T+PPDSXA82S6jlNxNPbiF0kW3I8tP7wGD27E/T6er5b+EGnahJ8RPDurak2oTSO8kkSI2+CGN7ZgN3fcFIBboSeuev1JW9C3LoZVb82oUUUVsZBTZY0ljaOVFdGGGVhkEehFFFDApJoulI0LJplirQf6oiBAY+c/LxxzzxU0VhZxTyzxWluk0rbpJFjAZzjGSccnAAoorMtksEENuhS3ijiQnJVFCjPrxUlFFaEBRRRQB//9k=\", \"amount\": 2, \"full_price\": \"45.98\", \"product_id\": \"9a747811-89af-4477-b351-11ee1cfd0b9b\", \"unit_price\": \"22.99\", \"final_price\": \"45.98\", \"unit_discount\": \"0.00\", \"total_discount\": \"0.00\", \"product_variant_id\": \"9a747874-7480-47e3-89c7-5b4382a5ada9\", \"original_unit_price\": \"22.99\"}, {\"id\": \"9a747883-1266-4ab8-849a-c0cd113622d4\", \"sku\": \"W-TR001\", \"name\": \"Classic Dress Trousers - (Size) XL\", \"type\": \"product_variant\", \"urls\": null, \"image\": \"/9j/4AAQSkZJRgABAQEAYABgAAD//gA7Q1JFQVRPUjogZ2QtanBlZyB2MS4wICh1c2luZyBJSkcgSlBFRyB2ODApLCBxdWFsaXR5ID0gODAK/9sAQwAGBAUGBQQGBgUGBwcGCAoQCgoJCQoUDg8MEBcUGBgXFBYWGh0lHxobIxwWFiAsICMmJykqKRkfLTAtKDAlKCko/9sAQwEHBwcKCAoTCgoTKBoWGigoKCgoKCgoKCgoKCgoKCgoKCgoKCgoKCgoKCgoKCgoKCgoKCgoKCgoKCgoKCgoKCgo/8AAEQgAMgAyAwEiAAIRAQMRAf/EAB8AAAEFAQEBAQEBAAAAAAAAAAABAgMEBQYHCAkKC//EALUQAAIBAwMCBAMFBQQEAAABfQECAwAEEQUSITFBBhNRYQcicRQygZGhCCNCscEVUtHwJDNicoIJChYXGBkaJSYnKCkqNDU2Nzg5OkNERUZHSElKU1RVVldYWVpjZGVmZ2hpanN0dXZ3eHl6g4SFhoeIiYqSk5SVlpeYmZqio6Slpqeoqaqys7S1tre4ubrCw8TFxsfIycrS09TV1tfY2drh4uPk5ebn6Onq8fLz9PX29/j5+v/EAB8BAAMBAQEBAQEBAQEAAAAAAAABAgMEBQYHCAkKC//EALURAAIBAgQEAwQHBQQEAAECdwABAgMRBAUhMQYSQVEHYXETIjKBCBRCkaGxwQkjM1LwFWJy0QoWJDThJfEXGBkaJicoKSo1Njc4OTpDREVGR0hJSlNUVVZXWFlaY2RlZmdoaWpzdHV2d3h5eoKDhIWGh4iJipKTlJWWl5iZmqKjpKWmp6ipqrKztLW2t7i5usLDxMXGx8jJytLT1NXW19jZ2uLj5OXm5+jp6vLz9PX29/j5+v/aAAwDAQACEQMRAD8A7yGOrZUiNivUDIpkK1YkU+RJjOdpxjr0qgPlXw54JvfEujC6tYpWmmuDI0gXdwq8dSPvMzd/4a7jRvgpq2oQzB5XRgdhRkjXPH97zD7dj1r0n4U6RZ213dabptzcJbW8CIqE7grEbmPPqWP4YrqNNk1CLVNT01Z4Umgfh87i5KKRwR8o6dz3+tQ8RNN8rsmdKwsLWmrtepzXhb+0n8OWa65az2upRKYp0mTaSykruHYg4zkcc1ZuE4rbuoHhPlSvvdOCdxPPU8nnrmsu4Wne+pzySi7Io7T6UVPtooEbUNXIhVCFxV2JxVMDP8OWtvpfjR4rVDHFPbB9u4kBtzZwD0HTgcVn2jNH8TNbYHh/LfGf9gD+lP1iSS08SWl7AzF/IZNpPykZ/wDrj8qpWVyz/EHUYwwO+CN246EKB/7MKwlud1O/Ld9jpbnLszHqTms64WtKUiqFxg1qcJV2e1FTgCigCeKBverkUDe9XRo98p+Xy2/GrUFlfxn5rZHHtIKsRzmu26wxQ3MzBVjJXLHA+Yf4gVznhW1e88X3moQjfbXUW6KVehUEDH1+WtL412viO48L2lp4d068N3Jdxsz2/wA+FUE4OOnzBeTxVL4D6hd3Oqaro+p6VLaPaKJId8bKUGcFWzxn5hjHoazcbu50wqWg0/M7RtMkPrUEmjO3Y1362a/3akFip/hFWcx5z/YsnoaK9G+wL/doo0AorUsdFFAEh6VNB1oooGWUqVaKKTAdRRRSA//Z\", \"amount\": 4, \"full_price\": \"119.96\", \"product_id\": \"9a747818-5355-407e-b0c3-a0b1f5b8086a\", \"unit_price\": \"29.99\", \"final_price\": \"119.96\", \"unit_discount\": \"0.00\", \"total_discount\": \"0.00\", \"product_variant_id\": \"9a747875-19ac-4716-9d46-f4319e821e64\", \"original_unit_price\": \"29.99\"}, {\"id\": \"9a747883-4cd1-4f10-a762-7af6497c5ae6\", \"sku\": \"W-TR003\", \"name\": \"Sporty Track Pants - (Size) XS\", \"type\": \"product_variant\", \"urls\": null, \"image\": \"/9j/4AAQSkZJRgABAQEAYABgAAD//gA7Q1JFQVRPUjogZ2QtanBlZyB2MS4wICh1c2luZyBJSkcgSlBFRyB2ODApLCBxdWFsaXR5ID0gODAK/9sAQwAGBAUGBQQGBgUGBwcGCAoQCgoJCQoUDg8MEBcUGBgXFBYWGh0lHxobIxwWFiAsICMmJykqKRkfLTAtKDAlKCko/9sAQwEHBwcKCAoTCgoTKBoWGigoKCgoKCgoKCgoKCgoKCgoKCgoKCgoKCgoKCgoKCgoKCgoKCgoKCgoKCgoKCgoKCgo/8AAEQgAMgAyAwEiAAIRAQMRAf/EAB8AAAEFAQEBAQEBAAAAAAAAAAABAgMEBQYHCAkKC//EALUQAAIBAwMCBAMFBQQEAAABfQECAwAEEQUSITFBBhNRYQcicRQygZGhCCNCscEVUtHwJDNicoIJChYXGBkaJSYnKCkqNDU2Nzg5OkNERUZHSElKU1RVVldYWVpjZGVmZ2hpanN0dXZ3eHl6g4SFhoeIiYqSk5SVlpeYmZqio6Slpqeoqaqys7S1tre4ubrCw8TFxsfIycrS09TV1tfY2drh4uPk5ebn6Onq8fLz9PX29/j5+v/EAB8BAAMBAQEBAQEBAQEAAAAAAAABAgMEBQYHCAkKC//EALURAAIBAgQEAwQHBQQEAAECdwABAgMRBAUhMQYSQVEHYXETIjKBCBRCkaGxwQkjM1LwFWJy0QoWJDThJfEXGBkaJicoKSo1Njc4OTpDREVGR0hJSlNUVVZXWFlaY2RlZmdoaWpzdHV2d3h5eoKDhIWGh4iJipKTlJWWl5iZmqKjpKWmp6ipqrKztLW2t7i5usLDxMXGx8jJytLT1NXW19jZ2uLj5OXm5+jp6vLz9PX29/j5+v/aAAwDAQACEQMRAD8A3LGDpxW1bwDHSqlgnA4rat06cUizlPEtzqem+INDms7R7mzecRSRohYsWDKex5AYEe4HrmptD8Pavpeu6/LqFmq2k0iSrcCVdiqqBQuMDknJ6D6V6f4UuVjultNis0yyMob1G3/GqPxVlmj0F4LURBj+9baTkhCGIx3GAaxUHzOSZ0e0XKqbRyssAqpND7VpxHzbWGTBBZASD24qCRc1rcx20M7yKKu+WPSimA2wHArYtx0rIsegrYg7UEmT4p8Wy+GjbtaTRQzorMTIoIKsQO/+7Xn178UdZ1bUbeS8uLFrGKTbKY4sZj3YIHJ5Irf+Ltup06CbaNxV0JP5/wCNeNeB41vdU0LT5EAAv1LqBjK7t38jXXThD2e3czcnzH0uoYQJ5nDkZb6nrVaXrV246VQlPNca0Nr31EyKKi3e1FMQ2xkQAc1sQSJxzV230UKB8lX49KAH3adibnnfxXUP4SeWPG6KQN+BBH8yK8T+GDNN4/0RigGckn3VG/8Aia+i/ibpLSeB9U8pMvGiy49QrAn9Aa8K+DWnlvHNrPMypBaQSsXdgvJG3GDzn5q6YNKk7kPV6HvM8ikVnzyDnFX7ma15CSq3+7zWfJ8+RGrn8K5bGiZB5g9aKd9nn/55t+VFFh3PVUAx0FSY4ooqzMyvFChvD+phgCDaygg9/kNfOvgy2gHxUnUQxbfso42DH36KKr7I49T6Gs7S2SJdtvCvHZAKmMUY6RoPwFFFQIi2L/dX8qKKKAP/2Q==\", \"amount\": 5, \"full_price\": \"114.95\", \"product_id\": \"9a74781b-ba63-4202-92e7-d594c03b5ed8\", \"unit_price\": \"22.99\", \"final_price\": \"114.95\", \"unit_discount\": \"0.00\", \"total_discount\": \"0.00\", \"product_variant_id\": \"9a747875-24f7-44a8-8a14-7f4f3abea286\", \"original_unit_price\": \"22.99\"}, {\"id\": \"9a747883-22fe-4fee-a469-2f9cefe5ae4c\", \"sku\": \"W-SN002\", \"name\": \"Sporty Running Sneakers - (Size) 9, (Colour) Bright Green\", \"type\": \"product_variant\", \"urls\": null, \"image\": \"/9j/4AAQSkZJRgABAQEAYABgAAD//gA7Q1JFQVRPUjogZ2QtanBlZyB2MS4wICh1c2luZyBJSkcgSlBFRyB2ODApLCBxdWFsaXR5ID0gODAK/9sAQwAGBAUGBQQGBgUGBwcGCAoQCgoJCQoUDg8MEBcUGBgXFBYWGh0lHxobIxwWFiAsICMmJykqKRkfLTAtKDAlKCko/9sAQwEHBwcKCAoTCgoTKBoWGigoKCgoKCgoKCgoKCgoKCgoKCgoKCgoKCgoKCgoKCgoKCgoKCgoKCgoKCgoKCgoKCgo/8AAEQgAMgAyAwEiAAIRAQMRAf/EAB8AAAEFAQEBAQEBAAAAAAAAAAABAgMEBQYHCAkKC//EALUQAAIBAwMCBAMFBQQEAAABfQECAwAEEQUSITFBBhNRYQcicRQygZGhCCNCscEVUtHwJDNicoIJChYXGBkaJSYnKCkqNDU2Nzg5OkNERUZHSElKU1RVVldYWVpjZGVmZ2hpanN0dXZ3eHl6g4SFhoeIiYqSk5SVlpeYmZqio6Slpqeoqaqys7S1tre4ubrCw8TFxsfIycrS09TV1tfY2drh4uPk5ebn6Onq8fLz9PX29/j5+v/EAB8BAAMBAQEBAQEBAQEAAAAAAAABAgMEBQYHCAkKC//EALURAAIBAgQEAwQHBQQEAAECdwABAgMRBAUhMQYSQVEHYXETIjKBCBRCkaGxwQkjM1LwFWJy0QoWJDThJfEXGBkaJicoKSo1Njc4OTpDREVGR0hJSlNUVVZXWFlaY2RlZmdoaWpzdHV2d3h5eoKDhIWGh4iJipKTlJWWl5iZmqKjpKWmp6ipqrKztLW2t7i5usLDxMXGx8jJytLT1NXW19jZ2uLj5OXm5+jp6vLz9PX29/j5+v/aAAwDAQACEQMRAD8AzbSJV4hiye7Ma0YLRdwdHAfvSRnzB7U+7Y2Gn3F4cBYY2kyemQOAfqcD8a8tJyaiup7cmoRcn0MHxNJYXlrNamWZ5g6xKY49ymQsFC5yOcn3r2GIW/h7wzbq5EccEIHPGMCvnPXPG7fa9O0/T5Vi03TfJmhGwHfcBVMjv/eO/djOeOPet/XPGep+LbGH7QkcEIHKw5w59ee3tXTisOo2jDZdTkweJc25VN3sjH+IOvzeJdQb5iLVD8i+vvVbwnYxSHawbcPQVLFpplYfLzXceHNEjgiV5I9r+o4zWLajHlRuk5y5mQroNttH7qLp/dFFdJ9ig/uCisuY25UV1sA5DQMEJ6qelcf8UdXNlpZ0kyrvIWScp1ORlU/I7j/wH0ru9OdM4dWTPQueDXlnj/wlrWo+JJ5bWGedZWG0bDtC4AyGHHbkHB9j1rqwjipuUumxx41ScFGPV6nm+hWFxq96LW3Xofmb+6K9m0jw/cx2kUaxgBFCgtyeBTvDng+LwnYfadQuImunG6THQYGcD2HrXK3Wu+Ib/wAS2tzphuI7BpfKVuiEDG78hXQqUsQ9HaP5s5XWjhlqry3a7I9Et9GS2xLfTRRJ6uwUfrW7YT2k8bLZ3EM4TG4IwO30rxy8ur2fV5Had5ImbBLFmBH1xxXUfDqKWXVbm7j3fZo4zBuHR3JVjj6AD/voVdfL40qbm5aozw2ZyrVVBR0Z6HtHofzoqPy5PQ/nRXkntkNqFGAJTGfpnNa0UcZQbwsmO5rk7SeULhZlI9CORV+K/uIeh8wUyTlfijqC215FaywObSWMA7W2cgk4z7+nfFYFhd6rrdrFpOlReXZw5AGfljB65Pv19ep9a9GvLm0v1AvLXJXjp+mD1HtzTreaOGIR6fAUA6kpsA/T+VejTx7p0lBLVHlVctVSs6jej3MbQvh9ZxBZNZuJrnuYY28pD7HGW/IiusAsbGJYrSO3toIxtSKIYVR/MnuSeTWduLZaZS/1fAqrc3TqCEghA+ua5amIqVdJM7qWGp0dYIvnUIMn95RWF9quf7sH/fNFYWN7kKn5EPerFqxy3J6UUU2CLkHzDLcn3qVycdaKKQzMu3bzFG449M0rE7aKKYikWOTyfzooopiP/9k=\", \"amount\": 1, \"full_price\": \"27.95\", \"product_id\": \"9a747824-1d85-4967-aa32-7c06af994493\", \"unit_price\": \"27.95\", \"final_price\": \"27.95\", \"unit_discount\": \"0.00\", \"total_discount\": \"0.00\", \"product_variant_id\": \"9a74786f-0aee-4027-9e70-dceae2df7dc6\", \"original_unit_price\": \"27.95\"}, {\"id\": \"9a747883-4420-40df-959b-f322cabe8a81\", \"sku\": \"W-BO001\", \"name\": \"Classic Ankle Boots - (Size) 8.5, (Colour) Midnight Blue\", \"type\": \"product_variant\", \"urls\": null, \"image\": \"/9j/4AAQSkZJRgABAQEAYABgAAD//gA7Q1JFQVRPUjogZ2QtanBlZyB2MS4wICh1c2luZyBJSkcgSlBFRyB2ODApLCBxdWFsaXR5ID0gODAK/9sAQwAGBAUGBQQGBgUGBwcGCAoQCgoJCQoUDg8MEBcUGBgXFBYWGh0lHxobIxwWFiAsICMmJykqKRkfLTAtKDAlKCko/9sAQwEHBwcKCAoTCgoTKBoWGigoKCgoKCgoKCgoKCgoKCgoKCgoKCgoKCgoKCgoKCgoKCgoKCgoKCgoKCgoKCgoKCgo/8AAEQgAMgAyAwEiAAIRAQMRAf/EAB8AAAEFAQEBAQEBAAAAAAAAAAABAgMEBQYHCAkKC//EALUQAAIBAwMCBAMFBQQEAAABfQECAwAEEQUSITFBBhNRYQcicRQygZGhCCNCscEVUtHwJDNicoIJChYXGBkaJSYnKCkqNDU2Nzg5OkNERUZHSElKU1RVVldYWVpjZGVmZ2hpanN0dXZ3eHl6g4SFhoeIiYqSk5SVlpeYmZqio6Slpqeoqaqys7S1tre4ubrCw8TFxsfIycrS09TV1tfY2drh4uPk5ebn6Onq8fLz9PX29/j5+v/EAB8BAAMBAQEBAQEBAQEAAAAAAAABAgMEBQYHCAkKC//EALURAAIBAgQEAwQHBQQEAAECdwABAgMRBAUhMQYSQVEHYXETIjKBCBRCkaGxwQkjM1LwFWJy0QoWJDThJfEXGBkaJicoKSo1Njc4OTpDREVGR0hJSlNUVVZXWFlaY2RlZmdoaWpzdHV2d3h5eoKDhIWGh4iJipKTlJWWl5iZmqKjpKWmp6ipqrKztLW2t7i5usLDxMXGx8jJytLT1NXW19jZ2uLj5OXm5+jp6vLz9PX29/j5+v/aAAwDAQACEQMRAD8A9Hs7c8VrwWxx0qaytMAZFakUGO1fHKLkfWV8Tdnyn4ztvsXxB8Z2BHEhjuh+Kgk/+RKwPDT4Yc967P4z+XB8Y7lEwGuNOUP9QpP8kFcDoblZWHoa+kpa0437I86i7yZ1+q3eLVgWzxW/8GLcyWWszjo0yJn6An/2auB1e4OwjPavY/gTYZ8CTTEfNNeSNn2Cqv8ASuXHO1Fno0JqnNM1TbcmiugNlyeKK8XmPY+toh1f4oeDdB1aXTdS1cR3cJ2yqkEkgQ+hKqRn27Vi698e/B2nWrNpb3Wq3GPljihaJc/7TOBgfQGvHPjV8N9d0TxFqutpbtd6ReXMlz58ILeTvYsVkHUYz16e/avKa92jg6Timnc+MnVk3qdfqXiS78X/ABFXWNQVYpbqdF8uP7saABQoz7Dn15pNHIa5lC5+8az/AAjas95LeEfJbIce8jAhR/M/hXQ6Rpz2l1KJByDz9a7GklZG2FT1ZV1PJYg19FfAJA3w2gwQSLiUEDtznn8Dn8a+edXxJcFQdq/xH0r079nbX2tfEl3ocjH7NfR+ZCpP3ZEH9VBz/uiuTFQ56bR21NFc9yNuMniitExjNFeL7Ij2zNNrYMhDD5SOc14n8Q/DvwuspJrnUYLV7w5Pk2R2lm99pAH413vx3l1uL4c3i+GrO4u7uZ1jlW3QtIsXJYgDnsB34Jr5B0/xHBZ3Dpqun5lDHPmKVI9sV9EsOo6o82lVi/jdjrtMtItQ1NX0+xSx0yJ90UKjr7k9z71e1k22nWrecp8zn5h/F71lRfEHSYogIoHQ46Dp/Kud1HWL7xfqcOn6NZz3VxMdscMQyWP+Hr0+ta8j2On29OPUytU1QzSkQgLGD949M/411nwPmaT4m6EoLEmYjPT+E1yV74P8VWmoNb33h7VEcZAxauysQf4SBg/hXp3wG8D+JofiTpF7e6Lf2ljbO7yzXEBiUDYwH3gM5JA4qvZxtY5auMnN2WiPqv7OfSitfYvpRXJ9UiR9YZFqPFjNj+4a+UviPY2kt5O8lrA78/M0YJoorqe5NL4WeMrDF9vC+Um3eRjaMV9efs8aZYWuiXFxbWVrDO7bXkjiVWYDoCQMmiirZkevkDPQUY5oopCCiiigR//Z\", \"amount\": 6, \"full_price\": \"167.70\", \"product_id\": \"9a74782c-e18a-4cbe-ac40-3290e193835b\", \"unit_price\": \"27.95\", \"final_price\": \"167.70\", \"unit_discount\": \"0.00\", \"total_discount\": \"0.00\", \"product_variant_id\": \"9a74786c-1015-4455-b840-761f01d6f59e\", \"original_unit_price\": \"27.95\"}, {\"id\": \"9a747883-2c4b-4104-93f3-a643530fb91c\", \"sku\": \"W-BO003\", \"name\": \"Fashion Knee-High Boots - (Size) 10\", \"type\": \"product_variant\", \"urls\": null, \"image\": \"/9j/4AAQSkZJRgABAQEAYABgAAD//gA7Q1JFQVRPUjogZ2QtanBlZyB2MS4wICh1c2luZyBJSkcgSlBFRyB2ODApLCBxdWFsaXR5ID0gODAK/9sAQwAGBAUGBQQGBgUGBwcGCAoQCgoJCQoUDg8MEBcUGBgXFBYWGh0lHxobIxwWFiAsICMmJykqKRkfLTAtKDAlKCko/9sAQwEHBwcKCAoTCgoTKBoWGigoKCgoKCgoKCgoKCgoKCgoKCgoKCgoKCgoKCgoKCgoKCgoKCgoKCgoKCgoKCgoKCgo/8AAEQgAMgAyAwEiAAIRAQMRAf/EAB8AAAEFAQEBAQEBAAAAAAAAAAABAgMEBQYHCAkKC//EALUQAAIBAwMCBAMFBQQEAAABfQECAwAEEQUSITFBBhNRYQcicRQygZGhCCNCscEVUtHwJDNicoIJChYXGBkaJSYnKCkqNDU2Nzg5OkNERUZHSElKU1RVVldYWVpjZGVmZ2hpanN0dXZ3eHl6g4SFhoeIiYqSk5SVlpeYmZqio6Slpqeoqaqys7S1tre4ubrCw8TFxsfIycrS09TV1tfY2drh4uPk5ebn6Onq8fLz9PX29/j5+v/EAB8BAAMBAQEBAQEBAQEAAAAAAAABAgMEBQYHCAkKC//EALURAAIBAgQEAwQHBQQEAAECdwABAgMRBAUhMQYSQVEHYXETIjKBCBRCkaGxwQkjM1LwFWJy0QoWJDThJfEXGBkaJicoKSo1Njc4OTpDREVGR0hJSlNUVVZXWFlaY2RlZmdoaWpzdHV2d3h5eoKDhIWGh4iJipKTlJWWl5iZmqKjpKWmp6ipqrKztLW2t7i5usLDxMXGx8jJytLT1NXW19jZ2uLj5OXm5+jp6vLz9PX29/j5+v/aAAwDAQACEQMRAD8A+qaCQoJPAHJoqC+z9huNuc+W2MfSgD518a/GnxNpWuQW9imniGQbirQkkc+u6vZPh/4jvfEFvcG/jgR4ljYGEEA7t3Yk/wB2vkn4gHd4otz1Hlhv1FfUPweUfYLx/VYl/Rj/AFrKLbZ6FelCNK6Wp6FRRRWp54UUUUAFBGRg9KKKAPiD4lwm28YRwYwYgYiPcPg/yr6e+DHOg3jdxMqflGh/9mr52+N0Qg+JU4X+KeRvxLk/1r6J+DB26FfRk/P9oVz9DEg/9lNZR+I9Ku70bnoNFFFanmhRRRQAUUUUAfFHxB1SLXPEV1eo2JjIz4I+6Sc4r2j4L+JY0e3WZgI71Ehdiekg+7+ZJH1YVxnw0+H2meJfGfxE0vV1kH2a6xbTRuQ0LeZICR2PQcHisO+03U/hl4hm0rWFaewmO6GaMELIv95fQ+o6g/gTlZp3PSU4VI+zPr6ivE/DHxVvpWhtoom1pRgYgtpGnx7lQQT74Hv617YOlaJ3OCdNwdmFFFFMgKKKKAAAAkgDJpskaSgCRFcDkBhmiigBVUKMKAB6CloooAKKKKAP/9k=\", \"amount\": 6, \"full_price\": \"179.94\", \"product_id\": \"9a747830-7ee3-4148-866d-a8c603645d29\", \"unit_price\": \"29.99\", \"final_price\": \"179.94\", \"unit_discount\": \"0.00\", \"total_discount\": \"0.00\", \"product_variant_id\": \"9a747876-b956-419f-bae0-e53653122b92\", \"original_unit_price\": \"29.99\"}, {\"id\": \"9a747883-6518-4118-8842-edc7bd924eef\", \"sku\": \"M-LO001\", \"name\": \"Classic Leather Loafers - (Size) 10, (Colour) Dark Gray\", \"type\": \"product_variant\", \"urls\": null, \"image\": \"/9j/4AAQSkZJRgABAQEAYABgAAD//gA7Q1JFQVRPUjogZ2QtanBlZyB2MS4wICh1c2luZyBJSkcgSlBFRyB2ODApLCBxdWFsaXR5ID0gODAK/9sAQwAGBAUGBQQGBgUGBwcGCAoQCgoJCQoUDg8MEBcUGBgXFBYWGh0lHxobIxwWFiAsICMmJykqKRkfLTAtKDAlKCko/9sAQwEHBwcKCAoTCgoTKBoWGigoKCgoKCgoKCgoKCgoKCgoKCgoKCgoKCgoKCgoKCgoKCgoKCgoKCgoKCgoKCgoKCgo/8AAEQgAMgAyAwEiAAIRAQMRAf/EAB8AAAEFAQEBAQEBAAAAAAAAAAABAgMEBQYHCAkKC//EALUQAAIBAwMCBAMFBQQEAAABfQECAwAEEQUSITFBBhNRYQcicRQygZGhCCNCscEVUtHwJDNicoIJChYXGBkaJSYnKCkqNDU2Nzg5OkNERUZHSElKU1RVVldYWVpjZGVmZ2hpanN0dXZ3eHl6g4SFhoeIiYqSk5SVlpeYmZqio6Slpqeoqaqys7S1tre4ubrCw8TFxsfIycrS09TV1tfY2drh4uPk5ebn6Onq8fLz9PX29/j5+v/EAB8BAAMBAQEBAQEBAQEAAAAAAAABAgMEBQYHCAkKC//EALURAAIBAgQEAwQHBQQEAAECdwABAgMRBAUhMQYSQVEHYXETIjKBCBRCkaGxwQkjM1LwFWJy0QoWJDThJfEXGBkaJicoKSo1Njc4OTpDREVGR0hJSlNUVVZXWFlaY2RlZmdoaWpzdHV2d3h5eoKDhIWGh4iJipKTlJWWl5iZmqKjpKWmp6ipqrKztLW2t7i5usLDxMXGx8jJytLT1NXW19jZ2uLj5OXm5+jp6vLz9PX29/j5+v/aAAwDAQACEQMRAD8A1YTaqOY8H6f/AF6laazx0wR7GogXIztcfVRTXV2zw3/fsVwKJ6N0R3F1Bn5WYfRBWdcXkSqTlz+Ap+sTJp1hLd3W9IYxydgzknAH51wi+MLeeYLcxvbo/CSZDJ9GOODWkYXVyHPWx0Nxfxk/xflWfLfRnOVJ/AVKbO4uEDxDcjDIZcEEfWq82l3QBOCPriq5ULmIftUX90/kKKj/ALPuPainyi5j1CaYW0Ek1zNFHDGNzMxwAK4Bvi3ptvqLW11YXUUYOFlG1gR2bHHH50vj/XUu/DVxAiyA70ZiRwQGHv8ASvKHjgukVJvmUfdIPK/T29qqnSUldkTqNOx7H4l1GPxd4auINGmt7j7sgMRO9cHPzIQGA/CvI7HVNX8MawtwI2jkU4YModHHQgg8EH3re8AP/Y/iWC4jiimCqRl+cZGOB617Gtvo3iGPydUhhWUjiRhjP/Ah/WtI05xjdLQiUot76nPeC9U0XV5TLZ20entNHmS1hY7BJn5nRScAYA+UdOa6d9GeUExSxsK5+X4W3ul3bXHhvUrXymO77LdhtoPqrKMg/hXQeHNH1wXobWUt4UiztMc+8Pxj0B/Oi9KUNNGg/eKWuqK58PTZ++v50V2f9nr/AH0/M0VzcxtY8z1TwxNNGwRAyn+HFed634NntXaWCKSI9cAfKa9y+1N1Ea474NNllSTho0I9KUakkXKmnufNsV01hcj7UktvMp4ccA/0NddpXjQRRhZjFKP7wbafy5r1O60vSrtCtxp8D56kgVkTeBvDMxy+kR/8BYj+tdUMU0c8sPfqXPh14vl1DVEs4nD2u0kox3FeO3oK9N8yKQDeq1wXh/TdO8PRMmk2UdsrHLYOSfqSc1pvq7L1/pWNSftJXSsaQjyKzZ1gWDH8P60Vx51lv8kUVnZllVQNx4qF/wDWGiis0asZk5PJqNZH80je2PrRRVIhjZJH/vt+dRmRznLsfxooq0QyLcfU0UUUxn//2Q==\", \"amount\": 3, \"full_price\": \"89.97\", \"product_id\": \"9a747837-fd5e-4cf2-85b4-63a666a3436a\", \"unit_price\": \"29.99\", \"final_price\": \"89.97\", \"unit_discount\": \"0.00\", \"total_discount\": \"0.00\", \"product_variant_id\": \"9a747870-30cd-45a0-8e3f-b19b93280fba\", \"original_unit_price\": \"29.99\"}, {\"id\": \"9a747883-55e3-4c0e-b1cd-11c5f3fd56c9\", \"sku\": \"M-BO001\", \"name\": \"Classic Leather Boots - (Size) 9\", \"type\": \"product_variant\", \"urls\": null, \"image\": \"/9j/4AAQSkZJRgABAQEAYABgAAD//gA7Q1JFQVRPUjogZ2QtanBlZyB2MS4wICh1c2luZyBJSkcgSlBFRyB2ODApLCBxdWFsaXR5ID0gODAK/9sAQwAGBAUGBQQGBgUGBwcGCAoQCgoJCQoUDg8MEBcUGBgXFBYWGh0lHxobIxwWFiAsICMmJykqKRkfLTAtKDAlKCko/9sAQwEHBwcKCAoTCgoTKBoWGigoKCgoKCgoKCgoKCgoKCgoKCgoKCgoKCgoKCgoKCgoKCgoKCgoKCgoKCgoKCgoKCgo/8AAEQgAMgAyAwEiAAIRAQMRAf/EAB8AAAEFAQEBAQEBAAAAAAAAAAABAgMEBQYHCAkKC//EALUQAAIBAwMCBAMFBQQEAAABfQECAwAEEQUSITFBBhNRYQcicRQygZGhCCNCscEVUtHwJDNicoIJChYXGBkaJSYnKCkqNDU2Nzg5OkNERUZHSElKU1RVVldYWVpjZGVmZ2hpanN0dXZ3eHl6g4SFhoeIiYqSk5SVlpeYmZqio6Slpqeoqaqys7S1tre4ubrCw8TFxsfIycrS09TV1tfY2drh4uPk5ebn6Onq8fLz9PX29/j5+v/EAB8BAAMBAQEBAQEBAQEAAAAAAAABAgMEBQYHCAkKC//EALURAAIBAgQEAwQHBQQEAAECdwABAgMRBAUhMQYSQVEHYXETIjKBCBRCkaGxwQkjM1LwFWJy0QoWJDThJfEXGBkaJicoKSo1Njc4OTpDREVGR0hJSlNUVVZXWFlaY2RlZmdoaWpzdHV2d3h5eoKDhIWGh4iJipKTlJWWl5iZmqKjpKWmp6ipqrKztLW2t7i5usLDxMXGx8jJytLT1NXW19jZ2uLj5OXm5+jp6vLz9PX29/j5+v/aAAwDAQACEQMRAD8A8NstGe7dRGuyQjKlGJBrovD/AIamMxj1GEDb0OOeteo6XoVvGiBYxnoCB0rpoh4Z0wQRa1eFr6SNpxAijIRQTyT9DWDqnSqaONsPDgQ+RNZrJA6/eI6HHrVXUdBtQ/lMpjWEblHXdV+++JSaTrs9re6TE9hFIU/cyMH2Z4YE8E4wegqTxPr3hHTGtrrV9YuPJu4Eure3tbZmllibOCS2FXoR1OCDWak3qjSdJw3R5jqkZDyMyjk/eH1rFd/lbaDnOa7nUfiF4QkCpZ+EpbiyKjLT37JKG7/dGPT9au+GtF8OePI7248M2t3ZXVgqyTWMsgl3oc5ZGwCcEcgjv17VrGdtzB0pLU4FPMKKdvUf3aK9XXwY20Yhlxj+7/8AWoqvaIOQ6/QNKgnQx3VzNHIp3CSAeUT/AENcF+0JZRaRp+j6gG86RpXtnDMAzxMuSBj0x17Z969E0G+06ecLZ3UsUmcGKdHQg/RgK8q/ahmbf4djadHQLOdg4IP7vn9P51lHcq7uVvhlJo3iTW7R9bdZikXkFZ14mZeFLe5TGPdW9K1v2ifCtvp3gnR5rG3l8vTZzBC65YLbyAttZjk/K4AGezeua8R8P6gtneRucgqwIPoa+ovAvjiz1TRxY649vNE67GEnIYHswNZSl7OZ3um61PmTufJdpOqnZKfk6jIyAf8ACvoP4PeJ/BWkzWV3Ar6dq6w+TMyf6ucYGQcj1wexyPSk8Z/Bjw9qMk154X1q205my32eaQNFn0B6r+v0r5/vYrjStQntJmQywSGNijZUkHGQe4rbSqtDm/hO09UfcI1/w8wDLe4B5AEg4/SiviYavdgACWT8zRUezn3L/wBnPphdfu0t7eWCQS7iQMEOvB4xjO3/AIFj2HavMfiuPFPjHVLCOW0s7mS2DRwmwBy4OM7icZ+6OeB1q/pmuxW7O11GLvPygSYIVfQAgj866vSPiBbWUii1sY7dOmIiF/UDOPbNbKMo7HLKcGjyWT4UeL7ZYmawjeRxuMSTKWX2Pao7zw54n0mPF9o+rwIOrrbM4/MHFfQNv44W6O6MQAnse1RXOrai0xk0zUI7FGGGQQCUN7/MSB+Ap8k5bolVVD4ZNHzjZXMJukTyLy5nJAAf5R9Co5P/AH0K948MeCPBM1ja/wBuaffXl/OqtseEQrFxnAUNk/7zEk4HNa9jIrS+beJp09wRhpRZiNiPqp4NX5XjBBhZkwcjDGhwn0QvaQesmZ5+GvgdiSnh2HaeRmabOPwNFaS3R2jc5J7naOf0oqPZ1R89I+byTnqanhY7upooroMTUgZsL8x/Out8OSO0DhnYgdMmiinDcmWxtW7NnqfzrSRjs6n86KK0IJwTgc0UUUgP/9k=\", \"amount\": 5, \"full_price\": \"139.95\", \"product_id\": \"9a747842-6a35-4a29-9cc8-3e6ab4c8d128\", \"unit_price\": \"27.99\", \"final_price\": \"139.95\", \"unit_discount\": \"0.00\", \"total_discount\": \"0.00\", \"product_variant_id\": \"9a747878-1cbc-4699-a170-d2e03393d1be\", \"original_unit_price\": \"27.99\"}, {\"id\": \"9a747883-7d32-4e19-bb38-cf57d944d0a8\", \"sku\": \"M-BO003\", \"name\": \"Outdoor Hiking Boots - (Size) 9, (Colour) Black\", \"type\": \"product_variant\", \"urls\": null, \"image\": \"/9j/4AAQSkZJRgABAQEAYABgAAD//gA7Q1JFQVRPUjogZ2QtanBlZyB2MS4wICh1c2luZyBJSkcgSlBFRyB2ODApLCBxdWFsaXR5ID0gODAK/9sAQwAGBAUGBQQGBgUGBwcGCAoQCgoJCQoUDg8MEBcUGBgXFBYWGh0lHxobIxwWFiAsICMmJykqKRkfLTAtKDAlKCko/9sAQwEHBwcKCAoTCgoTKBoWGigoKCgoKCgoKCgoKCgoKCgoKCgoKCgoKCgoKCgoKCgoKCgoKCgoKCgoKCgoKCgoKCgo/8AAEQgAMgAyAwEiAAIRAQMRAf/EAB8AAAEFAQEBAQEBAAAAAAAAAAABAgMEBQYHCAkKC//EALUQAAIBAwMCBAMFBQQEAAABfQECAwAEEQUSITFBBhNRYQcicRQygZGhCCNCscEVUtHwJDNicoIJChYXGBkaJSYnKCkqNDU2Nzg5OkNERUZHSElKU1RVVldYWVpjZGVmZ2hpanN0dXZ3eHl6g4SFhoeIiYqSk5SVlpeYmZqio6Slpqeoqaqys7S1tre4ubrCw8TFxsfIycrS09TV1tfY2drh4uPk5ebn6Onq8fLz9PX29/j5+v/EAB8BAAMBAQEBAQEBAQEAAAAAAAABAgMEBQYHCAkKC//EALURAAIBAgQEAwQHBQQEAAECdwABAgMRBAUhMQYSQVEHYXETIjKBCBRCkaGxwQkjM1LwFWJy0QoWJDThJfEXGBkaJicoKSo1Njc4OTpDREVGR0hJSlNUVVZXWFlaY2RlZmdoaWpzdHV2d3h5eoKDhIWGh4iJipKTlJWWl5iZmqKjpKWmp6ipqrKztLW2t7i5usLDxMXGx8jJytLT1NXW19jZ2uLj5OXm5+jp6vLz9PX29/j5+v/aAAwDAQACEQMRAD8A+qa4P4meLr3wpfaI9usDWErSNeBhmQopT7nboW6+1d5Xzt8VdTbxH4huhAd1lADaRkHrgncw+rEj6AVMnZDSuev+BvHWkeMrOefTGdPJ271lwDhs4PB9jW/p2pWWoozWNzHMFJDBTypBxyOo5Br5Wjjh0fTYLWCJVRUO4YyTxknOR+fvXb/AyPf46nmgY+UNNxIAwIzvGAevr7dKiNRt2KcbHvtFFFakBRRRQByHxO1qXSNAWK1dori+c28cw42HaW4PrgHH4+lfPOnxymO1aRdssYKtnOcgkGvdPjP4k8P6J4ejtvEMVxcNdNut4rfAkDJg7wSRjBI+ucYIzXgfhjXxrom81VW5gxuCjAZT0P5isqqdrouDszQ1ETMrHINsU2nkrg/3iR7V1Pwo1EWvjXTpGjEUdzFJa4BBwTtKg8Z6oK55YkkjNvJKQXOQckAc8dKxxJLpmoJdW0lxHdRyEwyoxyCDwcAn9fes6epU2fXtFfFc/wAS/HKXzC78RXySLkbRhRn6AYz+FeifCr41a1c+JLHRvE/lXdveSLBHchAkkbMcLuxwQSQOme+a6LmR9IUUUUwPmb9qSxux4v0q9Me60ksxEhI43q7Fh+TL+deQ+Gr9tK1dZxxGfkmTGDtPX+XH0r7r1XS7DV7Q2uqWdveW5OfLnjDrn1we/vXLj4W+CQXP/CPWhL9SSxP4c8fhSsB4ZcXtpBYx3jXMX2eTiOXrk+n14qjNd2V+sfl3sQkAI5cxk5+uPSvV/FXwmSGKd/CscL2sxBl0q5bEZ45MbnO09ODx7ivIPEPw/wBT0u4kihs9UtHHIie2e4ib/dkjDAjkdefWsvZpO6L529Gc54ti02S8BtGJvlUbwpDI3tuz1rsvgP4AvNe8RWOu3cEsGlafIs6vIpXzpFIKqvqAQCT7Y71y+heBPF3iG8gt7XS7pIWcBp5YDHEozySxA/Ic19p28YhgjiGMIoUYGBwPStIqysS3cfRRRVCCiiigAooooAKKKKACiiigD//Z\", \"amount\": 9, \"full_price\": \"269.91\", \"product_id\": \"9a747845-b20e-487e-9f86-7b4e736ba01a\", \"unit_price\": \"29.99\", \"final_price\": \"269.91\", \"unit_discount\": \"0.00\", \"total_discount\": \"0.00\", \"product_variant_id\": \"9a74786f-b48a-4112-81ab-465ba3a245ad\", \"original_unit_price\": \"29.99\"}, {\"id\": \"9a747883-5cc8-4fad-adb0-f34b6d3ff762\", \"sku\": \"W-HA002\", \"name\": \"Classic Fedora Hat\", \"type\": \"product\", \"urls\": null, \"image\": \"/9j/4AAQSkZJRgABAQEAYABgAAD//gA7Q1JFQVRPUjogZ2QtanBlZyB2MS4wICh1c2luZyBJSkcgSlBFRyB2ODApLCBxdWFsaXR5ID0gODAK/9sAQwAGBAUGBQQGBgUGBwcGCAoQCgoJCQoUDg8MEBcUGBgXFBYWGh0lHxobIxwWFiAsICMmJykqKRkfLTAtKDAlKCko/9sAQwEHBwcKCAoTCgoTKBoWGigoKCgoKCgoKCgoKCgoKCgoKCgoKCgoKCgoKCgoKCgoKCgoKCgoKCgoKCgoKCgoKCgo/8AAEQgAMgAyAwEiAAIRAQMRAf/EAB8AAAEFAQEBAQEBAAAAAAAAAAABAgMEBQYHCAkKC//EALUQAAIBAwMCBAMFBQQEAAABfQECAwAEEQUSITFBBhNRYQcicRQygZGhCCNCscEVUtHwJDNicoIJChYXGBkaJSYnKCkqNDU2Nzg5OkNERUZHSElKU1RVVldYWVpjZGVmZ2hpanN0dXZ3eHl6g4SFhoeIiYqSk5SVlpeYmZqio6Slpqeoqaqys7S1tre4ubrCw8TFxsfIycrS09TV1tfY2drh4uPk5ebn6Onq8fLz9PX29/j5+v/EAB8BAAMBAQEBAQEBAQEAAAAAAAABAgMEBQYHCAkKC//EALURAAIBAgQEAwQHBQQEAAECdwABAgMRBAUhMQYSQVEHYXETIjKBCBRCkaGxwQkjM1LwFWJy0QoWJDThJfEXGBkaJicoKSo1Njc4OTpDREVGR0hJSlNUVVZXWFlaY2RlZmdoaWpzdHV2d3h5eoKDhIWGh4iJipKTlJWWl5iZmqKjpKWmp6ipqrKztLW2t7i5usLDxMXGx8jJytLT1NXW19jZ2uLj5OXm5+jp6vLz9PX29/j5+v/aAAwDAQACEQMRAD8A6nFZOoa/p1ixWSfzJB/BENx/wFc7rWrXOoO0cTtDa9Ao4LD3/wAKw5LXA+Uc1aRKidBeeOo0LLaafJM45w0gXH14OKztP8ZXd3q6TRWsi6fsO+N2GA3sep5HpjFef34ZXunvrp0/esI4YjtJx0JP5Vp+F7yWXT4w7iWUZDtnqfWonLlWh9HkGWYfGYjkr3t/X9afeeo6Tr7Xt+IJokjVwdmCc59DW+RXlFzdpYx/armdbdIyCHY4we2PevRPDepNrOlwX6tEYJV+XZnJPQk+n0/WlF3OrirKcPgakJ4dpJrWN9fX5/oaOKKdRVnyBw4hJHSmtCAMn8639T0/7PKXjH7ljn/dPpWVcRFgqKcEnFXdWuapX2OJ1LQRNM09yyzAcgDIJP4dqWxvbaIiy07y2lztG0fKD6D1P0rrvHnheSPw6x0+ebzTaT3Ty9h5aqdvtncf++a8z+GN3Yw63pxvYk820mBfIPzLjAbgE+n+TXFUqcyvE+my/GzwMPZ0l78t32XRIpeKNEurm+F1c3cl1CrFWUjHlH0x2/ECvSfgus0NpeQeYWtQ2VU9m9fbj+Vdn8TNQ05/BN0m5VN5H5cRCbDIxGARnnj19q4H4MmbT7m70+4Z3jlQSQyMpAcrwcHv1FRRqOT1PLx8W3KUtW97nqm2il59qK7TyB7KGUqwBU8EGuZ1/SLpUMunAydymcMPp6101GaW6sVGTi7oq2d6J/BOoG64/wBHeN1bjBIKnNfOGn2ktv4ria3B3xFgGjPX5SMj8cYr6EuIPtcWtaeOfOh3qvqev8xXL+F/C6RP5sygyM53HHQAkY/SvPg+WTgexP34qfc5u10q81nxRpn/AAk073TynCwFycIOcn/AV9D6rounp4eijS3jRowDGQOVI6EV5YbR7f4h6adnBjOT6dP8f0r1/VJMWK56AVhVdpW7GkVdepxdFMZyWJ55NFemqiaPGdJp2Je9AoorQyKNn/yNB/69l/8AQmq5pSjzFGBjn+dFFef/AMvpHsw/gRILlR/wnVrwPuGu41YA28IIBBI4NFFYVf4j+RrT+BHKTKBM4AAAY4Aooor1Y7I8aW7P/9k=\", \"amount\": 10, \"full_price\": \"185.00\", \"product_id\": \"9a747859-1df2-4b00-9a06-1d1e16b8a9ab\", \"unit_price\": \"18.50\", \"final_price\": \"185.00\", \"unit_discount\": \"0.00\", \"total_discount\": \"0.00\", \"original_unit_price\": \"18.50\"}, {\"id\": \"9a747883-7308-40cf-b69a-c6a14572636e\", \"sku\": \"M-SG002\", \"name\": \"Sporty Wraparound Sunglasses\", \"type\": \"product\", \"urls\": null, \"image\": \"/9j/4AAQSkZJRgABAQEAYABgAAD//gA7Q1JFQVRPUjogZ2QtanBlZyB2MS4wICh1c2luZyBJSkcgSlBFRyB2ODApLCBxdWFsaXR5ID0gODAK/9sAQwAGBAUGBQQGBgUGBwcGCAoQCgoJCQoUDg8MEBcUGBgXFBYWGh0lHxobIxwWFiAsICMmJykqKRkfLTAtKDAlKCko/9sAQwEHBwcKCAoTCgoTKBoWGigoKCgoKCgoKCgoKCgoKCgoKCgoKCgoKCgoKCgoKCgoKCgoKCgoKCgoKCgoKCgoKCgo/8AAEQgAMgAyAwEiAAIRAQMRAf/EAB8AAAEFAQEBAQEBAAAAAAAAAAABAgMEBQYHCAkKC//EALUQAAIBAwMCBAMFBQQEAAABfQECAwAEEQUSITFBBhNRYQcicRQygZGhCCNCscEVUtHwJDNicoIJChYXGBkaJSYnKCkqNDU2Nzg5OkNERUZHSElKU1RVVldYWVpjZGVmZ2hpanN0dXZ3eHl6g4SFhoeIiYqSk5SVlpeYmZqio6Slpqeoqaqys7S1tre4ubrCw8TFxsfIycrS09TV1tfY2drh4uPk5ebn6Onq8fLz9PX29/j5+v/EAB8BAAMBAQEBAQEBAQEAAAAAAAABAgMEBQYHCAkKC//EALURAAIBAgQEAwQHBQQEAAECdwABAgMRBAUhMQYSQVEHYXETIjKBCBRCkaGxwQkjM1LwFWJy0QoWJDThJfEXGBkaJicoKSo1Njc4OTpDREVGR0hJSlNUVVZXWFlaY2RlZmdoaWpzdHV2d3h5eoKDhIWGh4iJipKTlJWWl5iZmqKjpKWmp6ipqrKztLW2t7i5usLDxMXGx8jJytLT1NXW19jZ2uLj5OXm5+jp6vLz9PX29/j5+v/aAAwDAQACEQMRAD8A+qaKKgvLy2soTNeXENvEOryuEUfiaAJ6K5638Z+H57mOGLUoz5r+XHKUdYZG7KspGwk9gDk10NABRRUD3tql7HZvcwLdyKXSAyAOyjqQvUigCeiiigDwz41+LfFWi+KBpunXotNLkto50aFAJHyWV13kEggqDkf3hWD4Y+JPgnSLj7V4i0TUzrCrkXc8xv8Ad7qzkbT/AMBH1r1D4y+EbjxLoUVzpcQl1Sx3GOLIBmjbG9ATwDlVIz3XHGc15L8Lvh5qWv6rqv8Abdpfabpn2GaylWeJomleTGAFYDIUgPnplVoA7fUfjX4dvbea1uPD2qXVnKpR45kgIcHsVMh4rK0L43eEfDUElnev4mWBpC1ul7Ckvkpx+7V1YllHbcSR0rx+70+/0G+uNI1tSmpWjFJM9HXPyuvqrDkH+oNavgKBLz4i+FFaJZtuoK+0jPRWOfwxn8KdgPoIeI/EviyNB4T0x9K06UAnVNTTaxU944ep9ieK1v8AhCrO2tkk04hdZFxFctqdwPNmlZSA29upBTcu0EABuMV1lFIAooooAKKKKAMLxR4R0HxTHEmv6bDeeVny3bKumeu11IYfgaoeFfh54Z8K373uiad5VyylRJLM8zKD1CtIWK59jXWUUAFFFFABRRRQAUUUUAFFFFABRRRQAUUUUAf/2Q==\", \"amount\": 7, \"full_price\": \"136.50\", \"product_id\": \"9a747863-654e-4688-96fe-c475f58dbe10\", \"unit_price\": \"17.50\", \"final_price\": \"122.50\", \"unit_discount\": \"2.00\", \"total_discount\": \"14.00\", \"original_unit_price\": \"19.50\"}, {\"id\": \"9a747883-3c03-4435-b21c-2b4948811250\", \"sku\": \"M-BR001\", \"name\": \"Leather Cuff Bracelet\", \"type\": \"product\", \"urls\": null, \"image\": \"/9j/4AAQSkZJRgABAQEAYABgAAD//gA7Q1JFQVRPUjogZ2QtanBlZyB2MS4wICh1c2luZyBJSkcgSlBFRyB2ODApLCBxdWFsaXR5ID0gODAK/9sAQwAGBAUGBQQGBgUGBwcGCAoQCgoJCQoUDg8MEBcUGBgXFBYWGh0lHxobIxwWFiAsICMmJykqKRkfLTAtKDAlKCko/9sAQwEHBwcKCAoTCgoTKBoWGigoKCgoKCgoKCgoKCgoKCgoKCgoKCgoKCgoKCgoKCgoKCgoKCgoKCgoKCgoKCgoKCgo/8AAEQgAMgAyAwEiAAIRAQMRAf/EAB8AAAEFAQEBAQEBAAAAAAAAAAABAgMEBQYHCAkKC//EALUQAAIBAwMCBAMFBQQEAAABfQECAwAEEQUSITFBBhNRYQcicRQygZGhCCNCscEVUtHwJDNicoIJChYXGBkaJSYnKCkqNDU2Nzg5OkNERUZHSElKU1RVVldYWVpjZGVmZ2hpanN0dXZ3eHl6g4SFhoeIiYqSk5SVlpeYmZqio6Slpqeoqaqys7S1tre4ubrCw8TFxsfIycrS09TV1tfY2drh4uPk5ebn6Onq8fLz9PX29/j5+v/EAB8BAAMBAQEBAQEBAQEAAAAAAAABAgMEBQYHCAkKC//EALURAAIBAgQEAwQHBQQEAAECdwABAgMRBAUhMQYSQVEHYXETIjKBCBRCkaGxwQkjM1LwFWJy0QoWJDThJfEXGBkaJicoKSo1Njc4OTpDREVGR0hJSlNUVVZXWFlaY2RlZmdoaWpzdHV2d3h5eoKDhIWGh4iJipKTlJWWl5iZmqKjpKWmp6ipqrKztLW2t7i5usLDxMXGx8jJytLT1NXW19jZ2uLj5OXm5+jp6vLz9PX29/j5+v/aAAwDAQACEQMRAD8A+qa+d1+M+qy/HZNDgMbeHmvhpfk+WNxfds8wN1+/+GO2ea+iK+FPC/Px6sFycf8ACRKf/JigD7rorE8TeKdJ8OW5k1O6VXxlYUIMjfQf1PFeS6t8fJLPUI0g8NvLascZNzh2HqBtwKAPdaKyPCviGy8TaPDqOnmRUcfNHKu1427qw9a16ACiiigBHZURncgKoySewr8/dUv7L/hLr240yW5iumvXngvI2IKkuSOByuOORzxX6BSIsiMjgMjAgg9xX56eP/Dk3hHxtqekTuiNBK7Rtu3Fo+WQ4GcErjg+v40dQO18M6frep3VzPPe5uGjPlvOd+5vUE557Z7ZrrfC8GlQL9sumkmv8FZGuG3MjA4II9iMVozqmqfB3R/FGkusl1p0K2t6UGPMVPlVyPXGAfr/ALNeP3PiN5ryV1Yq0nLY7kcZ/LH5VSYHvehfECx0LXbeVnCWszCK5UHjaeA/1H6ivflIZQVIIPII71+dGqahNO4YMc9DX278D9Zk1z4W6BdXDFp0hNu5PUmNigJ9yFB/Gkw3O6ooopAFfP37Uvw2Gtac3jCwnt7e6023K3SSnb50YPy7T/eGSMHrkDsAfoGsLxz4atvGHhPUdBvZHigvIwvmJ1RgwZW98MoOO9AHxJ8O/iDfeENJ1fS4Y4LvTtUi8uWG4BIRsYLLgjnBI/L0rn7qwkhuZJEBMauVB9s4/lXZeJ/gv4u8O6qLc2D3loXwl3bIXQrnqcDKn2NeyeEfgzNqNij62rWMMnzFc/vcewH3fx59qYHiXhvwXc6jqCQS4EpXeYurBfU+g9zX2D8KfD7+GfBFjp8qlJMvKyH+HcxIH1xitLwx4U0XwzaC30exjhzy0hG6Rz6sx5JrcpXAKKKKACiiigAooooAKKKKACiiigD/2Q==\", \"amount\": 5, \"full_price\": \"94.95\", \"product_id\": \"9a747867-23c5-4a3f-b71e-344103911407\", \"unit_price\": \"16.99\", \"final_price\": \"84.95\", \"unit_discount\": \"2.00\", \"total_discount\": \"10.00\", \"original_unit_price\": \"18.99\"}, {\"id\": \"9a747883-6bdd-4fea-99b8-b1b33d50819c\", \"sku\": \"M-BR003\", \"name\": \"Beaded Charm Bracelet\", \"type\": \"product\", \"urls\": null, \"image\": \"/9j/4AAQSkZJRgABAQEAYABgAAD//gA7Q1JFQVRPUjogZ2QtanBlZyB2MS4wICh1c2luZyBJSkcgSlBFRyB2ODApLCBxdWFsaXR5ID0gODAK/9sAQwAGBAUGBQQGBgUGBwcGCAoQCgoJCQoUDg8MEBcUGBgXFBYWGh0lHxobIxwWFiAsICMmJykqKRkfLTAtKDAlKCko/9sAQwEHBwcKCAoTCgoTKBoWGigoKCgoKCgoKCgoKCgoKCgoKCgoKCgoKCgoKCgoKCgoKCgoKCgoKCgoKCgoKCgoKCgo/8AAEQgAMgAyAwEiAAIRAQMRAf/EAB8AAAEFAQEBAQEBAAAAAAAAAAABAgMEBQYHCAkKC//EALUQAAIBAwMCBAMFBQQEAAABfQECAwAEEQUSITFBBhNRYQcicRQygZGhCCNCscEVUtHwJDNicoIJChYXGBkaJSYnKCkqNDU2Nzg5OkNERUZHSElKU1RVVldYWVpjZGVmZ2hpanN0dXZ3eHl6g4SFhoeIiYqSk5SVlpeYmZqio6Slpqeoqaqys7S1tre4ubrCw8TFxsfIycrS09TV1tfY2drh4uPk5ebn6Onq8fLz9PX29/j5+v/EAB8BAAMBAQEBAQEBAQEAAAAAAAABAgMEBQYHCAkKC//EALURAAIBAgQEAwQHBQQEAAECdwABAgMRBAUhMQYSQVEHYXETIjKBCBRCkaGxwQkjM1LwFWJy0QoWJDThJfEXGBkaJicoKSo1Njc4OTpDREVGR0hJSlNUVVZXWFlaY2RlZmdoaWpzdHV2d3h5eoKDhIWGh4iJipKTlJWWl5iZmqKjpKWmp6ipqrKztLW2t7i5usLDxMXGx8jJytLT1NXW19jZ2uLj5OXm5+jp6vLz9PX29/j5+v/aAAwDAQACEQMRAD8A+qaKKKQBRRRQAUUUUAFFFFAHNePPGWneDdLS61DfJNKSsECD5pSMZ57AZGTXi8vjj4neN7nHg+xWz090kQTCMKuexLPkhu3y45rtP2g/Cd74j0O0utM+a808uyRHJEisBuAA/i+UY/GvHfBPxC8c6NpkGn2VpcmD7UY0Eln5jqE+8nqTk4wSDngY6VpFK3mSzvovh18UtRhd9T8ZGB5YY1MS3D4UhgSDtGDwOowSSfxvf8Kx8exLO9t47mE0s0UhcyP8wXOc8c9sduOc9qng74u674i8YX2h6hpMUEYSTcoibdAVP3Wz1zyDkDn8q2/EfxJsvh5pu2az+0NIR5NrEREqjBJOeQBx0A7isZVnGoqZagnHmOb1G1+NHhWHz7e+i1qCPzZHB2yfQAHDHjBA7cjHr13wn+Kv/CU3MWja5Zmz1sBhlfuSlRluDyjcE456de1cRrP7ScIDJpWjAEx43zyFtj4BJ2gDKjJxyM47dKz/AIRWGs+LfiTD4puIpLe0T/SWkCbVdzlBGO3AHJ7dD1rbdakbbH05RRRWZQjorjDqGHoRWDeeD9Bu/NMmmwJJKctJEuxyfXcMGt+igDlIPAml2wxZXGo2wJywjumIY9shsg1l+JPhZpHiO3EGq3+qSxg7gPMQYPqMJXf0UuVXv1Hfoec6T8GPBWnTrL/ZZumWPy1F1IZFVfZTx+ld7p9haadax21hbQ21vGu1I4kCqo9ABVmimIKKKKACiiigAooooAKKKKACiiigD//Z\", \"amount\": 6, \"full_price\": \"149.94\", \"product_id\": \"9a74786a-8a10-4faf-93d8-24010007d01d\", \"unit_price\": \"22.99\", \"final_price\": \"137.94\", \"unit_discount\": \"2.00\", \"total_discount\": \"12.00\", \"original_unit_price\": \"24.99\"}]',NULL,'{\"id\": \"9a7477e9-bb89-4f55-b993-a5b1192b65d7\", \"name\": {\"de\": \"Standard Small (unter 5 kg)\", \"en\": \"Standard Small (under 5kg)\", \"fr\": \"Standard petit (moins de 5 kg)\"}, \"slug\": \"standard-small-1\", \"price\": 7.99, \"enabled\": true, \"created_at\": \"2023-10-25T16:09:46.000000Z\", \"deleted_at\": null, \"updated_at\": \"2023-10-25T16:09:46.000000Z\", \"description\": {\"de\": \"Zustellung per königlicher Post. (ca. 3-5 Tage)\", \"en\": \"Royal mail delivery. (approximately 3-5 days)\", \"fr\": \"Livraison du courrier royal. (environ 3 à 5 jours)\"}, \"enabled_by_default_on_creation\": true}','{\"delivery\": 7.99, \"subtotal\": 1861.63, \"total_payable\": 1869.62, \"applied_discount\": 28.01}',1,'jackson-khan-new-sashachester',NULL,'2023-10-25 16:11:31','2023-10-25 16:11:31'),('9a74788a-7ed1-4585-b8ef-9d0d2753653b','9a7477c7-1ec4-450c-b612-c3e1d0d36f17','9a747882-093c-4161-9610-db22d3f9064e','{\"id\": \"9a747881-b83e-48ee-b583-21b5d65746ae\", \"lat\": \"-45.469859\", \"lon\": \"-147.550215\", \"name\": null, \"slug\": \"florence-cox-eileenport\", \"town\": \"Eileenport\", \"country\": \"UK\", \"user_id\": \"9a7477c7-1ec4-450c-b612-c3e1d0d36f17\", \"post_code\": \"WV99 1RG\", \"created_at\": \"2023-10-25T16:11:26.000000Z\", \"deleted_at\": null, \"updated_at\": \"2023-10-25T16:11:26.000000Z\", \"address_line_1\": \"Studio 19h Bailey Canyon\", \"address_line_2\": null, \"google_maps_url\": \"https://www.google.com/maps/@-45.469859,-147.550215,14z\"}','{\"amount\": \"952.18\", \"source\": {\"id\": \"9a747881-d99f-4650-ad1d-984bdd041792\", \"name\": \"rem quam\", \"slug\": \"cox-rem-quam\", \"brand\": \"american express\", \"user_id\": \"9a7477c7-1ec4-450c-b612-c3e1d0d36f17\", \"exp_year\": \"2024\", \"exp_month\": \"11\", \"last_four\": \"3567\", \"source_id\": \"hP9fWVuTUCA16F4JSISdLuV4Gp4CzfLGco4aVs0mPyU6s6UaxeilLu3iP6SssWpFhO7qxXe6WsKEbuNoDR6JceXBUyMkj4HpK3Pku4dKt5Y2yInCqMNuHFk0t0liZzdLVI4ybjwEdiN3fTYZYwo508\", \"created_at\": \"2023-10-25T16:11:26.000000Z\", \"deleted_at\": null, \"updated_at\": \"2023-10-25T16:11:26.000000Z\", \"stripe_user_id\": \"fPJLADMKfzFVNMfCxZfH7f9dYUDLsHDTwNntMoKoV0LIxH2MC6mlp9ku1O1ivEWU9AoxJFe8nIGqNIvngni67fyws309FlGfykAwpc8z8Z4Y7LDM5jnwIeAo\", \"payment_method_id\": 1}, \"created_at\": \"25-10-2023 16:11\", \"payment_ref\": \"91RSyspomS\"}','[{\"id\": \"9a747883-8d97-43f0-8da5-5ccf6b502516\", \"sku\": \"M-S003\", \"name\": \"Casual Checkered Shirt - (Size) S\", \"type\": \"product_variant\", \"urls\": null, \"image\": \"/9j/4AAQSkZJRgABAQEAYABgAAD//gA7Q1JFQVRPUjogZ2QtanBlZyB2MS4wICh1c2luZyBJSkcgSlBFRyB2ODApLCBxdWFsaXR5ID0gODAK/9sAQwAGBAUGBQQGBgUGBwcGCAoQCgoJCQoUDg8MEBcUGBgXFBYWGh0lHxobIxwWFiAsICMmJykqKRkfLTAtKDAlKCko/9sAQwEHBwcKCAoTCgoTKBoWGigoKCgoKCgoKCgoKCgoKCgoKCgoKCgoKCgoKCgoKCgoKCgoKCgoKCgoKCgoKCgoKCgo/8AAEQgAMgAyAwEiAAIRAQMRAf/EAB8AAAEFAQEBAQEBAAAAAAAAAAABAgMEBQYHCAkKC//EALUQAAIBAwMCBAMFBQQEAAABfQECAwAEEQUSITFBBhNRYQcicRQygZGhCCNCscEVUtHwJDNicoIJChYXGBkaJSYnKCkqNDU2Nzg5OkNERUZHSElKU1RVVldYWVpjZGVmZ2hpanN0dXZ3eHl6g4SFhoeIiYqSk5SVlpeYmZqio6Slpqeoqaqys7S1tre4ubrCw8TFxsfIycrS09TV1tfY2drh4uPk5ebn6Onq8fLz9PX29/j5+v/EAB8BAAMBAQEBAQEBAQEAAAAAAAABAgMEBQYHCAkKC//EALURAAIBAgQEAwQHBQQEAAECdwABAgMRBAUhMQYSQVEHYXETIjKBCBRCkaGxwQkjM1LwFWJy0QoWJDThJfEXGBkaJicoKSo1Njc4OTpDREVGR0hJSlNUVVZXWFlaY2RlZmdoaWpzdHV2d3h5eoKDhIWGh4iJipKTlJWWl5iZmqKjpKWmp6ipqrKztLW2t7i5usLDxMXGx8jJytLT1NXW19jZ2uLj5OXm5+jp6vLz9PX29/j5+v/aAAwDAQACEQMRAD8A+qaztX1rT9IQNf3CxkjIUAliPoK0a8O8Ya2s/iO6JBIdmiUFeyg47+w/OqiribI/i94qm8Q6GsOhm4t4oJS+8MQZWGV2so/h59TXHfCjV9V8P6qNV1LzWjdBH9n8w7GViOenX8O3vXTWs7tpblYHI85vu8fx/SqKytDpVkqQybAEGd+f41z2rbkV7GSqSaPbtJ8X6PqU6W8dx5VyxwI5RtJPoD0NdBXzpc3cUt9MjcSQDzBwRg9jkfjXu/hfUhq/h+xvs5aWMb/98cN+oNZSjY0jK6/rsjUoooqBlW/nePTJ5oUZ5REWRFGSTjgV4Ffx3F5qRhRD5sAMhzzgDBPPbhD+dfQkH+pj/wB0fyrL8URR/wBhajLsQTC2cK5Az06Z+tXCViZq+qPDrWe6a0uVEbhN4Iz/AMAJ9O5qtNLdNFpyvEQGIGBz0wR/Krlr9qazuT5akmTjk9Ny/wC1VeRbyOxs22KxGDktz1Xjr+Fb/wDAMrrW3n+SGW8Uv9tvcTRNtuEaMA88ptJx+Egr1/4WyyN4elhljaMwzsqgrt+UgHj8d1VPhP5dxo10ZokM0V02CygkAqoyPrt/Su8rCUr6GsY2MyYt5z8n7xopZv8AWv8A7xopFl+H/Ux/7orE8drI/hS+WIkMdnT03rn9M1uQ/wCqT/dFZPi6Ce58OXsVoheZlGFHU/MCf0zSW4nseJ2aXIs7n7pw6/8AstVZlnTT7MJGq5YHbgD+Jefx61et7adLG4DSxKRJjBQcYKiqxtpv7Ns2eeHAAOQgHAKmun/gHOn+v5I7j4SyyQa7rFpLwssaTKM9CCQR/wCPfrXqNeYfDrS71PFU1+ysbI2zASYwrMWXAB78A16fWE9zan8KM2b/AFr/AO8aKJR+9f8A3jRSLGRSP5SfO33R3p/mP/fb86KKQGRr0EL2ckjRRtISMsVBP51yvhKGKTVSjxIyKXwpUEDnsKKK2Xwv5Gf2vv8AyPQBI4AAdgB70vmP/fb86KKyNDOlkfzX+dup70UUVQH/2Q==\", \"amount\": 5, \"full_price\": \"124.95\", \"product_id\": \"9a7477f5-8cfb-44d7-b099-c3222c1d589b\", \"unit_price\": \"24.99\", \"final_price\": \"124.95\", \"unit_discount\": \"0.00\", \"total_discount\": \"0.00\", \"product_variant_id\": \"9a747872-5b5a-4076-a0b5-d09497ef2c8f\", \"original_unit_price\": \"24.99\"}, {\"id\": \"9a747883-b05e-4df6-b426-4caa3d17b0d6\", \"sku\": \"M-TR003\", \"name\": \"Sporty Track Pants - (Size) XS\", \"type\": \"product_variant\", \"urls\": null, \"image\": \"/9j/4AAQSkZJRgABAQEAYABgAAD//gA7Q1JFQVRPUjogZ2QtanBlZyB2MS4wICh1c2luZyBJSkcgSlBFRyB2ODApLCBxdWFsaXR5ID0gODAK/9sAQwAGBAUGBQQGBgUGBwcGCAoQCgoJCQoUDg8MEBcUGBgXFBYWGh0lHxobIxwWFiAsICMmJykqKRkfLTAtKDAlKCko/9sAQwEHBwcKCAoTCgoTKBoWGigoKCgoKCgoKCgoKCgoKCgoKCgoKCgoKCgoKCgoKCgoKCgoKCgoKCgoKCgoKCgoKCgo/8AAEQgAMgAyAwEiAAIRAQMRAf/EAB8AAAEFAQEBAQEBAAAAAAAAAAABAgMEBQYHCAkKC//EALUQAAIBAwMCBAMFBQQEAAABfQECAwAEEQUSITFBBhNRYQcicRQygZGhCCNCscEVUtHwJDNicoIJChYXGBkaJSYnKCkqNDU2Nzg5OkNERUZHSElKU1RVVldYWVpjZGVmZ2hpanN0dXZ3eHl6g4SFhoeIiYqSk5SVlpeYmZqio6Slpqeoqaqys7S1tre4ubrCw8TFxsfIycrS09TV1tfY2drh4uPk5ebn6Onq8fLz9PX29/j5+v/EAB8BAAMBAQEBAQEBAQEAAAAAAAABAgMEBQYHCAkKC//EALURAAIBAgQEAwQHBQQEAAECdwABAgMRBAUhMQYSQVEHYXETIjKBCBRCkaGxwQkjM1LwFWJy0QoWJDThJfEXGBkaJicoKSo1Njc4OTpDREVGR0hJSlNUVVZXWFlaY2RlZmdoaWpzdHV2d3h5eoKDhIWGh4iJipKTlJWWl5iZmqKjpKWmp6ipqrKztLW2t7i5usLDxMXGx8jJytLT1NXW19jZ2uLj5OXm5+jp6vLz9PX29/j5+v/aAAwDAQACEQMRAD8A+qaKKKAPi34l/Grxg/jTWrbRdcmtNKt7qSK3SKOMHap253bcnOM8nvWT4Y+NHjOy8Q6bcanr13dWEc6GeGUgrJHn5gcD0zXmN87m+naU5dnbcT65qexjimWYz3Cw+XEXXKljI3ACjHc56njg0AfpeCGAKkEHkEUVR0F1l0LTpEOVe2jYH1BUVeoAKKKKACiiigD83PiDp7aT408Qafg5tr+eIe4EhA/TFUNSsbrSdSu9Pv4zFd2srQyof4WU4I/MV6Z8dbNLL9oLUkKjypbu2mIx13JGW/UmtL9rDw7/AGP8TTqMSbbfV7dZ8gceYvyOPyCn/gVAH174OOfCOhn/AKcYP/Ra1r1yvwovhqPwz8LXO4MzabArEf3lQK36g11VABRRRQAUUUUAfGP7Rtq9x+0BDDGCHuBZqp9ScKK9N/bL0+KXwNouokDz7fUfIU99skbFh+ca/lWJ8VvC+ual+0p4c1CLRr+XSUuLHddxQM8W1JAWLMAQuOc5x611P7YiM3wssivRNViY/Ty5R/WgDe/Zgnkm+DGiiQ58p7iNT7ec5/rXqteR/srSb/g1pg/uXFwv/kQn+teuUAFFFFABRRRQAVDd2tveQmG8giuIiclJUDqT9DRRQA63ghtoVitoo4Yl6JGoUD8BUlFFABRRRQB//9k=\", \"amount\": 2, \"full_price\": \"45.98\", \"product_id\": \"9a7477ff-efd1-45f7-a283-f038580e02b2\", \"unit_price\": \"22.99\", \"final_price\": \"45.98\", \"unit_discount\": \"0.00\", \"total_discount\": \"0.00\", \"product_variant_id\": \"9a747873-a768-4c2d-8303-4eb0a505892d\", \"original_unit_price\": \"22.99\"}, {\"id\": \"9a747883-8453-4c59-99bd-845a15a79aa8\", \"sku\": \"W-TR001\", \"name\": \"Classic Dress Trousers - (Size) M\", \"type\": \"product_variant\", \"urls\": null, \"image\": \"/9j/4AAQSkZJRgABAQEAYABgAAD//gA7Q1JFQVRPUjogZ2QtanBlZyB2MS4wICh1c2luZyBJSkcgSlBFRyB2ODApLCBxdWFsaXR5ID0gODAK/9sAQwAGBAUGBQQGBgUGBwcGCAoQCgoJCQoUDg8MEBcUGBgXFBYWGh0lHxobIxwWFiAsICMmJykqKRkfLTAtKDAlKCko/9sAQwEHBwcKCAoTCgoTKBoWGigoKCgoKCgoKCgoKCgoKCgoKCgoKCgoKCgoKCgoKCgoKCgoKCgoKCgoKCgoKCgoKCgo/8AAEQgAMgAyAwEiAAIRAQMRAf/EAB8AAAEFAQEBAQEBAAAAAAAAAAABAgMEBQYHCAkKC//EALUQAAIBAwMCBAMFBQQEAAABfQECAwAEEQUSITFBBhNRYQcicRQygZGhCCNCscEVUtHwJDNicoIJChYXGBkaJSYnKCkqNDU2Nzg5OkNERUZHSElKU1RVVldYWVpjZGVmZ2hpanN0dXZ3eHl6g4SFhoeIiYqSk5SVlpeYmZqio6Slpqeoqaqys7S1tre4ubrCw8TFxsfIycrS09TV1tfY2drh4uPk5ebn6Onq8fLz9PX29/j5+v/EAB8BAAMBAQEBAQEBAQEAAAAAAAABAgMEBQYHCAkKC//EALURAAIBAgQEAwQHBQQEAAECdwABAgMRBAUhMQYSQVEHYXETIjKBCBRCkaGxwQkjM1LwFWJy0QoWJDThJfEXGBkaJicoKSo1Njc4OTpDREVGR0hJSlNUVVZXWFlaY2RlZmdoaWpzdHV2d3h5eoKDhIWGh4iJipKTlJWWl5iZmqKjpKWmp6ipqrKztLW2t7i5usLDxMXGx8jJytLT1NXW19jZ2uLj5OXm5+jp6vLz9PX29/j5+v/aAAwDAQACEQMRAD8A7yGOrZUiNivUDIpkK1YkU+RJjOdpxjr0qgPlXw54JvfEujC6tYpWmmuDI0gXdwq8dSPvMzd/4a7jRvgpq2oQzB5XRgdhRkjXPH97zD7dj1r0n4U6RZ213dabptzcJbW8CIqE7grEbmPPqWP4YrqNNk1CLVNT01Z4Umgfh87i5KKRwR8o6dz3+tQ8RNN8rsmdKwsLWmrtepzXhb+0n8OWa65az2upRKYp0mTaSykruHYg4zkcc1ZuE4rbuoHhPlSvvdOCdxPPU8nnrmsu4Wne+pzySi7Io7T6UVPtooEbUNXIhVCFxV2JxVMDP8OWtvpfjR4rVDHFPbB9u4kBtzZwD0HTgcVn2jNH8TNbYHh/LfGf9gD+lP1iSS08SWl7AzF/IZNpPykZ/wDrj8qpWVyz/EHUYwwO+CN246EKB/7MKwlud1O/Ld9jpbnLszHqTms64WtKUiqFxg1qcJV2e1FTgCigCeKBverkUDe9XRo98p+Xy2/GrUFlfxn5rZHHtIKsRzmu26wxQ3MzBVjJXLHA+Yf4gVznhW1e88X3moQjfbXUW6KVehUEDH1+WtL412viO48L2lp4d068N3Jdxsz2/wA+FUE4OOnzBeTxVL4D6hd3Oqaro+p6VLaPaKJId8bKUGcFWzxn5hjHoazcbu50wqWg0/M7RtMkPrUEmjO3Y1362a/3akFip/hFWcx5z/YsnoaK9G+wL/doo0AorUsdFFAEh6VNB1oooGWUqVaKKTAdRRRSA//Z\", \"amount\": 9, \"full_price\": \"269.91\", \"product_id\": \"9a747818-5355-407e-b0c3-a0b1f5b8086a\", \"unit_price\": \"29.99\", \"final_price\": \"269.91\", \"unit_discount\": \"0.00\", \"total_discount\": \"0.00\", \"product_variant_id\": \"9a747875-061f-46ce-b54f-eb3638d12bc6\", \"original_unit_price\": \"29.99\"}, {\"id\": \"9a747883-9ee8-4171-8a70-8b76cdf9460c\", \"sku\": \"W-BO003\", \"name\": \"Fashion Knee-High Boots - (Size) 8.5\", \"type\": \"product_variant\", \"urls\": null, \"image\": \"/9j/4AAQSkZJRgABAQEAYABgAAD//gA7Q1JFQVRPUjogZ2QtanBlZyB2MS4wICh1c2luZyBJSkcgSlBFRyB2ODApLCBxdWFsaXR5ID0gODAK/9sAQwAGBAUGBQQGBgUGBwcGCAoQCgoJCQoUDg8MEBcUGBgXFBYWGh0lHxobIxwWFiAsICMmJykqKRkfLTAtKDAlKCko/9sAQwEHBwcKCAoTCgoTKBoWGigoKCgoKCgoKCgoKCgoKCgoKCgoKCgoKCgoKCgoKCgoKCgoKCgoKCgoKCgoKCgoKCgo/8AAEQgAMgAyAwEiAAIRAQMRAf/EAB8AAAEFAQEBAQEBAAAAAAAAAAABAgMEBQYHCAkKC//EALUQAAIBAwMCBAMFBQQEAAABfQECAwAEEQUSITFBBhNRYQcicRQygZGhCCNCscEVUtHwJDNicoIJChYXGBkaJSYnKCkqNDU2Nzg5OkNERUZHSElKU1RVVldYWVpjZGVmZ2hpanN0dXZ3eHl6g4SFhoeIiYqSk5SVlpeYmZqio6Slpqeoqaqys7S1tre4ubrCw8TFxsfIycrS09TV1tfY2drh4uPk5ebn6Onq8fLz9PX29/j5+v/EAB8BAAMBAQEBAQEBAQEAAAAAAAABAgMEBQYHCAkKC//EALURAAIBAgQEAwQHBQQEAAECdwABAgMRBAUhMQYSQVEHYXETIjKBCBRCkaGxwQkjM1LwFWJy0QoWJDThJfEXGBkaJicoKSo1Njc4OTpDREVGR0hJSlNUVVZXWFlaY2RlZmdoaWpzdHV2d3h5eoKDhIWGh4iJipKTlJWWl5iZmqKjpKWmp6ipqrKztLW2t7i5usLDxMXGx8jJytLT1NXW19jZ2uLj5OXm5+jp6vLz9PX29/j5+v/aAAwDAQACEQMRAD8A+qaCQoJPAHJoqC+z9huNuc+W2MfSgD518a/GnxNpWuQW9imniGQbirQkkc+u6vZPh/4jvfEFvcG/jgR4ljYGEEA7t3Yk/wB2vkn4gHd4otz1Hlhv1FfUPweUfYLx/VYl/Rj/AFrKLbZ6FelCNK6Wp6FRRRWp54UUUUAFBGRg9KKKAPiD4lwm28YRwYwYgYiPcPg/yr6e+DHOg3jdxMqflGh/9mr52+N0Qg+JU4X+KeRvxLk/1r6J+DB26FfRk/P9oVz9DEg/9lNZR+I9Ku70bnoNFFFanmhRRRQAUUUUAfFHxB1SLXPEV1eo2JjIz4I+6Sc4r2j4L+JY0e3WZgI71Ehdiekg+7+ZJH1YVxnw0+H2meJfGfxE0vV1kH2a6xbTRuQ0LeZICR2PQcHisO+03U/hl4hm0rWFaewmO6GaMELIv95fQ+o6g/gTlZp3PSU4VI+zPr6ivE/DHxVvpWhtoom1pRgYgtpGnx7lQQT74Hv617YOlaJ3OCdNwdmFFFFMgKKKKAAAAkgDJpskaSgCRFcDkBhmiigBVUKMKAB6CloooAKKKKAP/9k=\", \"amount\": 5, \"full_price\": \"149.95\", \"product_id\": \"9a747830-7ee3-4148-866d-a8c603645d29\", \"unit_price\": \"29.99\", \"final_price\": \"149.95\", \"unit_discount\": \"0.00\", \"total_discount\": \"0.00\", \"product_variant_id\": \"9a747876-a27a-424b-b1e3-06e1002e5a98\", \"original_unit_price\": \"29.99\"}, {\"id\": \"9a747883-960d-4302-a3a8-9b29faeb523d\", \"sku\": \"M-LO001\", \"name\": \"Classic Leather Loafers - (Size) 9, (Colour) Dark Gray\", \"type\": \"product_variant\", \"urls\": null, \"image\": \"/9j/4AAQSkZJRgABAQEAYABgAAD//gA7Q1JFQVRPUjogZ2QtanBlZyB2MS4wICh1c2luZyBJSkcgSlBFRyB2ODApLCBxdWFsaXR5ID0gODAK/9sAQwAGBAUGBQQGBgUGBwcGCAoQCgoJCQoUDg8MEBcUGBgXFBYWGh0lHxobIxwWFiAsICMmJykqKRkfLTAtKDAlKCko/9sAQwEHBwcKCAoTCgoTKBoWGigoKCgoKCgoKCgoKCgoKCgoKCgoKCgoKCgoKCgoKCgoKCgoKCgoKCgoKCgoKCgoKCgo/8AAEQgAMgAyAwEiAAIRAQMRAf/EAB8AAAEFAQEBAQEBAAAAAAAAAAABAgMEBQYHCAkKC//EALUQAAIBAwMCBAMFBQQEAAABfQECAwAEEQUSITFBBhNRYQcicRQygZGhCCNCscEVUtHwJDNicoIJChYXGBkaJSYnKCkqNDU2Nzg5OkNERUZHSElKU1RVVldYWVpjZGVmZ2hpanN0dXZ3eHl6g4SFhoeIiYqSk5SVlpeYmZqio6Slpqeoqaqys7S1tre4ubrCw8TFxsfIycrS09TV1tfY2drh4uPk5ebn6Onq8fLz9PX29/j5+v/EAB8BAAMBAQEBAQEBAQEAAAAAAAABAgMEBQYHCAkKC//EALURAAIBAgQEAwQHBQQEAAECdwABAgMRBAUhMQYSQVEHYXETIjKBCBRCkaGxwQkjM1LwFWJy0QoWJDThJfEXGBkaJicoKSo1Njc4OTpDREVGR0hJSlNUVVZXWFlaY2RlZmdoaWpzdHV2d3h5eoKDhIWGh4iJipKTlJWWl5iZmqKjpKWmp6ipqrKztLW2t7i5usLDxMXGx8jJytLT1NXW19jZ2uLj5OXm5+jp6vLz9PX29/j5+v/aAAwDAQACEQMRAD8A1YTaqOY8H6f/AF6laazx0wR7GogXIztcfVRTXV2zw3/fsVwKJ6N0R3F1Bn5WYfRBWdcXkSqTlz+Ap+sTJp1hLd3W9IYxydgzknAH51wi+MLeeYLcxvbo/CSZDJ9GOODWkYXVyHPWx0Nxfxk/xflWfLfRnOVJ/AVKbO4uEDxDcjDIZcEEfWq82l3QBOCPriq5ULmIftUX90/kKKj/ALPuPainyi5j1CaYW0Ek1zNFHDGNzMxwAK4Bvi3ptvqLW11YXUUYOFlG1gR2bHHH50vj/XUu/DVxAiyA70ZiRwQGHv8ASvKHjgukVJvmUfdIPK/T29qqnSUldkTqNOx7H4l1GPxd4auINGmt7j7sgMRO9cHPzIQGA/CvI7HVNX8MawtwI2jkU4YModHHQgg8EH3re8AP/Y/iWC4jiimCqRl+cZGOB617Gtvo3iGPydUhhWUjiRhjP/Ah/WtI05xjdLQiUot76nPeC9U0XV5TLZ20entNHmS1hY7BJn5nRScAYA+UdOa6d9GeUExSxsK5+X4W3ul3bXHhvUrXymO77LdhtoPqrKMg/hXQeHNH1wXobWUt4UiztMc+8Pxj0B/Oi9KUNNGg/eKWuqK58PTZ++v50V2f9nr/AH0/M0VzcxtY8z1TwxNNGwRAyn+HFed634NntXaWCKSI9cAfKa9y+1N1Ea474NNllSTho0I9KUakkXKmnufNsV01hcj7UktvMp4ccA/0NddpXjQRRhZjFKP7wbafy5r1O60vSrtCtxp8D56kgVkTeBvDMxy+kR/8BYj+tdUMU0c8sPfqXPh14vl1DVEs4nD2u0kox3FeO3oK9N8yKQDeq1wXh/TdO8PRMmk2UdsrHLYOSfqSc1pvq7L1/pWNSftJXSsaQjyKzZ1gWDH8P60Vx51lv8kUVnZllVQNx4qF/wDWGiis0asZk5PJqNZH80je2PrRRVIhjZJH/vt+dRmRznLsfxooq0QyLcfU0UUUxn//2Q==\", \"amount\": 4, \"full_price\": \"119.96\", \"product_id\": \"9a747837-fd5e-4cf2-85b4-63a666a3436a\", \"unit_price\": \"29.99\", \"final_price\": \"119.96\", \"unit_discount\": \"0.00\", \"total_discount\": \"0.00\", \"product_variant_id\": \"9a747870-204f-4afe-b2f0-5a862ddcb266\", \"original_unit_price\": \"29.99\"}, {\"id\": \"9a747883-b954-4901-863b-07947e0a43d1\", \"sku\": \"M-SA002\", \"name\": \"Sporty Outdoor Sandals - (Size) 8\", \"type\": \"product_variant\", \"urls\": null, \"image\": \"/9j/4AAQSkZJRgABAQEAYABgAAD//gA7Q1JFQVRPUjogZ2QtanBlZyB2MS4wICh1c2luZyBJSkcgSlBFRyB2ODApLCBxdWFsaXR5ID0gODAK/9sAQwAGBAUGBQQGBgUGBwcGCAoQCgoJCQoUDg8MEBcUGBgXFBYWGh0lHxobIxwWFiAsICMmJykqKRkfLTAtKDAlKCko/9sAQwEHBwcKCAoTCgoTKBoWGigoKCgoKCgoKCgoKCgoKCgoKCgoKCgoKCgoKCgoKCgoKCgoKCgoKCgoKCgoKCgoKCgo/8AAEQgAMgAyAwEiAAIRAQMRAf/EAB8AAAEFAQEBAQEBAAAAAAAAAAABAgMEBQYHCAkKC//EALUQAAIBAwMCBAMFBQQEAAABfQECAwAEEQUSITFBBhNRYQcicRQygZGhCCNCscEVUtHwJDNicoIJChYXGBkaJSYnKCkqNDU2Nzg5OkNERUZHSElKU1RVVldYWVpjZGVmZ2hpanN0dXZ3eHl6g4SFhoeIiYqSk5SVlpeYmZqio6Slpqeoqaqys7S1tre4ubrCw8TFxsfIycrS09TV1tfY2drh4uPk5ebn6Onq8fLz9PX29/j5+v/EAB8BAAMBAQEBAQEBAQEAAAAAAAABAgMEBQYHCAkKC//EALURAAIBAgQEAwQHBQQEAAECdwABAgMRBAUhMQYSQVEHYXETIjKBCBRCkaGxwQkjM1LwFWJy0QoWJDThJfEXGBkaJicoKSo1Njc4OTpDREVGR0hJSlNUVVZXWFlaY2RlZmdoaWpzdHV2d3h5eoKDhIWGh4iJipKTlJWWl5iZmqKjpKWmp6ipqrKztLW2t7i5usLDxMXGx8jJytLT1NXW19jZ2uLj5OXm5+jp6vLz9PX29/j5+v/aAAwDAQACEQMRAD8A+qaKKhvLmO0tZbiYkRxqWbAyePT1NICavKPj98ULj4c6RYLpdrFc6nfs4jMxOyJVxliO5+YADI7nnGD5ofi/8Q9Gnv7G/tLK5Cudl7NAfk3YKgbCFIww6jPrXk3iTSdT8Y6s+s+Idbku7mVQSTHjaP7qgcKB6AYrSnBz1WpMpKO56/4U+MHjrQF07UPiHp4l0jV1821wIo5AmAQyBcHGGHDjJ4wa+k9MvbfU9Otr6ykEttcRrLG4/iVhkGvibWTda5b2VvfTo0Gn2cdpbRN8qJHGvAGepOMk9zXtXw28UXemaPpd7qF9M2m7I7cxSSFlVRhMgHpg+lKu1TsnuOknUvY94oooqRhXkf7SGs6ro3hexk0+aOG0luBHPiTbK7cbFTg98sf92vXK+X/2j/FOm+JfENp4eslaWbSnkEkgY7TKwXKrjrtwQffIpwjzMTdkeY6jf6hq2o3NzqF3NEt3ceayl3ZE3MT0J6D0A7V2p8PeGknW5s725msI4REIxMQJG7yNg8E/3RgD37+dfaZbaOOOQBoY+FJPOfcnH8qtaW8mranDY6Ysn2yUhV254/2iR0A6k1pUhFq0J8rCm2neUbnSXei6dYR/2xq09ymiFtsNnu3TXLjsp/hT1J59K7X4daJrPxO1myvNStP7L8G6dIskdvECouGQgogJxlR3IGOMdeR3PgLwfpXiC+a51iBdSttHjSyt1uFDI0uA8jlehPKe3WvYIYo4YkjhRY40G1VUYAHoBXLC80pTdzabUW4wVh1FFFamRyHxG8daZ4L0pnuriL+0ZlItbZj80jdMkDooPU/h1r491e/Nld3E7CLMkjOzKuCpYknH4nP4/l6V+07ol7a+OLbXZfNl0yeGOLKDPlbM5T2znI7ZJrybS00bU9Yb+1k1S8gUkRR2aAtJyeWGePwzVRqcidlqLk5nqXIJLPWkjgtE8+ZztWNVy5P0713/AIfsrzSPs3hnwzYWz+Kr4Ezyqcrbx8kbmPGcc+n14zpeG9A16+h+z+FPDEmgWLYBu7m3PnOPbPH5nFev+AfBEvhq1cQIEup+bm6mcPNMck/MR9TxWdSTrW5lY0ilSvys6rwhocHhnw9aaXDIZTEpMkzfemkJyzn3JJNbIYHpVa3tPLA8xy7epq0AB0oJCiiiqEIVDDDAEe9CoqjCqAPYUUUALRRRSAKKKKACiiimB//Z\", \"amount\": 5, \"full_price\": \"117.50\", \"product_id\": \"9a74783f-2c3b-4e2e-87ac-b95e6e01782f\", \"unit_price\": \"23.50\", \"final_price\": \"117.50\", \"unit_discount\": \"0.00\", \"total_discount\": \"0.00\", \"product_variant_id\": \"9a747877-bde4-49fa-8bbd-cc7874bc59dd\", \"original_unit_price\": \"23.50\"}, {\"id\": \"9a747883-a6e2-4db2-a8ba-d5841bc4147c\", \"sku\": \"M-TI001\", \"name\": \"Classic Silk Tie\", \"type\": \"product\", \"urls\": null, \"image\": \"/9j/4AAQSkZJRgABAQEAYABgAAD//gA7Q1JFQVRPUjogZ2QtanBlZyB2MS4wICh1c2luZyBJSkcgSlBFRyB2ODApLCBxdWFsaXR5ID0gODAK/9sAQwAGBAUGBQQGBgUGBwcGCAoQCgoJCQoUDg8MEBcUGBgXFBYWGh0lHxobIxwWFiAsICMmJykqKRkfLTAtKDAlKCko/9sAQwEHBwcKCAoTCgoTKBoWGigoKCgoKCgoKCgoKCgoKCgoKCgoKCgoKCgoKCgoKCgoKCgoKCgoKCgoKCgoKCgoKCgo/8AAEQgAMgAyAwEiAAIRAQMRAf/EAB8AAAEFAQEBAQEBAAAAAAAAAAABAgMEBQYHCAkKC//EALUQAAIBAwMCBAMFBQQEAAABfQECAwAEEQUSITFBBhNRYQcicRQygZGhCCNCscEVUtHwJDNicoIJChYXGBkaJSYnKCkqNDU2Nzg5OkNERUZHSElKU1RVVldYWVpjZGVmZ2hpanN0dXZ3eHl6g4SFhoeIiYqSk5SVlpeYmZqio6Slpqeoqaqys7S1tre4ubrCw8TFxsfIycrS09TV1tfY2drh4uPk5ebn6Onq8fLz9PX29/j5+v/EAB8BAAMBAQEBAQEBAQEAAAAAAAABAgMEBQYHCAkKC//EALURAAIBAgQEAwQHBQQEAAECdwABAgMRBAUhMQYSQVEHYXETIjKBCBRCkaGxwQkjM1LwFWJy0QoWJDThJfEXGBkaJicoKSo1Njc4OTpDREVGR0hJSlNUVVZXWFlaY2RlZmdoaWpzdHV2d3h5eoKDhIWGh4iJipKTlJWWl5iZmqKjpKWmp6ipqrKztLW2t7i5usLDxMXGx8jJytLT1NXW19jZ2uLj5OXm5+jp6vLz9PX29/j5+v/aAAwDAQACEQMRAD8A2/jv4vv7rxDcaNaXM0Wm2gEckce5UncjLF3BHC8DaSOjHniuJ0nX9Q0W7SCS8mWyUESM07lFZSOOzcg8jr0PA6SfEO7e38R6/K8cTTTalcx8sUdVDDGOm7njGSOB06ChDc6dfWV99jCwbBI6mQhPJUIAR7/M204/hVfSuKtO3vNHXRu/dT3X9eTO8tby+ju5Fubq4X7RGRFM8jFQQdvUnAOTjk9sZzwOO1PxB4mtpDHeXl3JErExrIWCNgnO3nkDBGfcYzmtTwBrNr/wjdtq8arc3IYobWFFhQSIAGlIGeuFwMA5LepqDVnnufDbq07alh0nbbkkR/MrLlgPmHJwDz2PXF0G3U5LX7+RyLEe77OW/l+v9XO2+EnxVxqUejazeSSRSEKj3Em8xEkAYfqVJI4bpnr2r6Br4h0bQ7i90U6i6K1s0rkKIthXGOR2YDAyATjJ9a+pfg14kfxH4JtTdNm/sv8ARbjJJLFR8rZIBORjn1zXdOEIaRlfp8yfaub95Wf5nc0UUVmUfNH7Qvhu3g1hdZ8gGG45kAcgiUY6DBB3YB/AmvEdOvXs7kSzbAkkUiMuDhcuW7Z64C57Z9q+6vFPh2x8Q6XNZahAs0MgwVP8wexr5k8c/BDVbC4uJPD91E9q7bisoPmAenofrgGs5Q5lY1pzULyOJ+GWuNbate6awxbXe2ZSpKskijGUYcKcHqeOMcZr09vP0m4htLlmvThmh/c5Lqg3Ko7tnGAvU5HXg14onh3WvD2t29xJJJFPE/yykZEeeNwHPIzkY5zyK940JbaWMy3UsVxdSgTmNwQQ5Y8gYzn5iNzgMcDgAAnDEJU/eauv1/T+uhjGM51EoddDlNE1Ce7ur7TrC2uIJbp/NjjyBvKkK3yFvlbIJyBnnPGOe++EepSeHvEclnqTmFruVbWSKRNpDgfKwOezErjHIYGvO/E19bX72c0FqkWpwSB5Cx+UYI9MEk7W+oPbinx6y91LBcyWsNq1nKGMMOeGXPO7klvmJz7j0zXTKhUqNVacfk9/l3uKrUjR0k72+7X8rH19RWf4fvG1DQdNvHILXFtHMSOhLKD/AFoqhp3NCqt7arMh4GatUUDPJPHvhWC7hdxEN30rxLRb6+8MeKDaXsziyeRwuSADG+MgE9+Mc+1fXt7Yx3KkMBzXl3xE+FVrr1vvgJhnGcMBkVNWnGrHlkONlJSa2dzybW9Caa1M+jkTWsp3NgFgCQfl55LZB57YORXNT2bxSMyBoWdASyxj5vXgj378571vTeD/ABz4Odn08S3lugIURtkgcnofqfzNFj4wWWRLfWtPjhuQqBlkiK7TkKeCPRc++T35pLFVcPbmV13/AMzWpToT20v+H9fM+ivB2oCHwjocRZspYwKePSNaK4ay1m8gs4IiVBjjVcCJsDAxRWMsXG+pqsFPp+R7XRRRXScgUUUUAQzRoRyin6iuW8T6Tp15bP8Aa7C0nwCR5sKtj8xRRSZRR07QtI/s+1/4ldh/ql/5d09B7UUUVwPc9FH/2Q==\", \"amount\": 7, \"full_price\": \"139.93\", \"product_id\": \"9a74785c-576c-485e-b65b-057aee96b7c1\", \"unit_price\": \"17.99\", \"final_price\": \"125.93\", \"unit_discount\": \"2.00\", \"total_discount\": \"14.00\", \"original_unit_price\": \"19.99\"}]','{\"id\": \"9a7477e7-b27a-4739-be79-c854a2c02908\", \"code\": \"12XU6N1EWB\", \"slug\": \"2-off-1\", \"type\": 2, \"value\": \"£2\", \"amount\": 2, \"enabled\": true, \"created_at\": \"2023-10-25T16:09:45.000000Z\", \"deleted_at\": null, \"updated_at\": \"2023-10-25T16:09:45.000000Z\", \"valid_from\": \"2023-10-12T08:00:00.000000Z\", \"valid_until\": \"2024-10-12T08:00:00.000000Z\"}','{\"id\": \"9a7477e8-7807-4398-9376-bb498dad45e4\", \"name\": {\"de\": \"Lokal (kostenlos bis 10 kg)\", \"en\": \"Local (free up to 10kg)\", \"fr\": \"Local (gratuit jusqu&#39;à 10kg)\"}, \"slug\": \"local-small-1\", \"price\": 0, \"enabled\": true, \"created_at\": \"2023-10-25T16:09:45.000000Z\", \"deleted_at\": null, \"updated_at\": \"2023-10-25T16:09:46.000000Z\", \"description\": {\"de\": \"Sie profitieren von einer kostenlosen Lieferung im Umkreis von 5 km ab unserem Lager.\", \"en\": \"You enjoy free delivery within 5km range from our warehouse.\", \"fr\": \"Vous bénéficiez d&#39;une livraison gratuite dans un rayon de 5 km depuis notre entrepôt.\"}, \"enabled_by_default_on_creation\": true}','{\"delivery\": 0, \"subtotal\": 954.18, \"total_payable\": 952.18, \"applied_discount\": 16}',1,'florence-cox-eileenport',NULL,'2023-10-25 16:11:32','2023-10-25 16:11:32'),('9a74788b-46b4-46ba-962a-5e95553080ed','9a7477c6-bbd4-4684-b36d-e261bae399ac','9a747882-10a3-40e0-b700-4e2b53b674b2','{\"id\": \"9a747881-b105-4b19-ab55-f1a85dd95b3f\", \"lat\": \"-10.151721\", \"lon\": \"96.881978\", \"name\": null, \"slug\": \"alice-cooper-port-sofia\", \"town\": \"Port Sofia\", \"country\": \"UK\", \"user_id\": \"9a7477c6-bbd4-4684-b36d-e261bae399ac\", \"post_code\": \"L25 2NW\", \"created_at\": \"2023-10-25T16:11:26.000000Z\", \"deleted_at\": null, \"updated_at\": \"2023-10-25T16:11:26.000000Z\", \"address_line_1\": \"67 Eden Pines\", \"address_line_2\": null, \"google_maps_url\": \"https://www.google.com/maps/@-10.151721,96.881978,14z\"}','{\"amount\": \"1625.93\", \"source\": {\"id\": \"9a747881-db39-45b8-9b16-6e49368308c0\", \"name\": \"nulla odit\", \"slug\": \"cooper-nulla-odit\", \"brand\": \"mastercard\", \"user_id\": \"9a7477c6-bbd4-4684-b36d-e261bae399ac\", \"exp_year\": \"2022\", \"exp_month\": \"2\", \"last_four\": \"4950\", \"source_id\": \"CkoLIBfxSHQlx6ZbeJ0YqaWGtq1OWXAOqpTo6G85eNi3SQ0UbvCIVOG75HTbeS57ffjznNOd9bHcSIn39kMKSzSCm52Ndw28MwUtK1xVxlH5ooiVHv3n5JcgmsESXJhJYYYSsCpTGREoaTVbEEU4Dt\", \"created_at\": \"2023-10-25T16:11:26.000000Z\", \"deleted_at\": null, \"updated_at\": \"2023-10-25T16:11:26.000000Z\", \"stripe_user_id\": \"6cTk4gl95vybPXrJlCRfumLn6gzYgW81mldDFIHQqnLy3EANa0wNizMHpqb6GncZb5HZi7wNM6iLqMNNcyk2h4wV0wDj4ydm9xgARpX2JeKtfK4gcQ8iNZCR\", \"payment_method_id\": 3}, \"created_at\": \"25-10-2023 16:11\", \"payment_ref\": \"z1fEFqIhqB\"}','[{\"id\": \"9a747883-f82b-4591-918e-b7dfcd614d13\", \"sku\": \"M-TR001\", \"name\": \"Classic Dress Trousers - (Size) XL\", \"type\": \"product_variant\", \"urls\": null, \"image\": \"/9j/4AAQSkZJRgABAQEAYABgAAD//gA7Q1JFQVRPUjogZ2QtanBlZyB2MS4wICh1c2luZyBJSkcgSlBFRyB2ODApLCBxdWFsaXR5ID0gODAK/9sAQwAGBAUGBQQGBgUGBwcGCAoQCgoJCQoUDg8MEBcUGBgXFBYWGh0lHxobIxwWFiAsICMmJykqKRkfLTAtKDAlKCko/9sAQwEHBwcKCAoTCgoTKBoWGigoKCgoKCgoKCgoKCgoKCgoKCgoKCgoKCgoKCgoKCgoKCgoKCgoKCgoKCgoKCgoKCgo/8AAEQgAMgAyAwEiAAIRAQMRAf/EAB8AAAEFAQEBAQEBAAAAAAAAAAABAgMEBQYHCAkKC//EALUQAAIBAwMCBAMFBQQEAAABfQECAwAEEQUSITFBBhNRYQcicRQygZGhCCNCscEVUtHwJDNicoIJChYXGBkaJSYnKCkqNDU2Nzg5OkNERUZHSElKU1RVVldYWVpjZGVmZ2hpanN0dXZ3eHl6g4SFhoeIiYqSk5SVlpeYmZqio6Slpqeoqaqys7S1tre4ubrCw8TFxsfIycrS09TV1tfY2drh4uPk5ebn6Onq8fLz9PX29/j5+v/EAB8BAAMBAQEBAQEBAQEAAAAAAAABAgMEBQYHCAkKC//EALURAAIBAgQEAwQHBQQEAAECdwABAgMRBAUhMQYSQVEHYXETIjKBCBRCkaGxwQkjM1LwFWJy0QoWJDThJfEXGBkaJicoKSo1Njc4OTpDREVGR0hJSlNUVVZXWFlaY2RlZmdoaWpzdHV2d3h5eoKDhIWGh4iJipKTlJWWl5iZmqKjpKWmp6ipqrKztLW2t7i5usLDxMXGx8jJytLT1NXW19jZ2uLj5OXm5+jp6vLz9PX29/j5+v/aAAwDAQACEQMRAD8A+qaKKKAPkj4zePvEA+Ims2ul67qVjZWsogSG2uGjAKqAx+Ujq2a4J/iB4ugdXj8Wa7uBBAa9kYfkTg0/40O8PxQ8Tgcf6a5/M5/rXEsZVcxyhldTgqwwQaLln6OaReDUNJsr0DAuYEmA9Nyg/wBat1k+EU8vwpoqHqtlAP8AyGta1BAUUUUAFFFFAHwp8e49nxZ8SKO9wrfmin+tVvjRpaaL8TdZsY12rG0TAf70KMf1Nbfxht/tnx71G2xkTX9vFj6rGKsftRW/kfFy8kx/r7aCT64Xb/7LSLPsTRE8vRdPT+7bxj8lFXaq6Uc6XZn1hT/0EVapkBRRRQAUUUUAfGnjFftP7UUcOMhtctFP03R5q5+12nl/EqwcD/WaXGfyllH9KL+AzftbpHjpq0cn/fKBv6VZ/bHTb420ST+9p238pX/xpFH1TobbtE09vW3jP/joq7VDQARoOmg9RbRj/wAdFX6ZIUUUUAFFFFAGadB0c6uNVOlaedUHS8+zJ53TH38bunHWnapomlas8b6rpljetH9w3NukhT6bgcUUUhmgoCgBQABwAO1FFFMQUUUUAf/Z\", \"amount\": 4, \"full_price\": \"111.96\", \"product_id\": \"9a7477fc-4813-4a1a-9b3a-b484c1c88d7e\", \"unit_price\": \"27.99\", \"final_price\": \"111.96\", \"unit_discount\": \"0.00\", \"total_discount\": \"0.00\", \"product_variant_id\": \"9a747873-77fb-4199-b51a-7a4dc0e77553\", \"original_unit_price\": \"27.99\"}, {\"id\": \"9a747883-e662-49fc-81a1-9e1e0a043bb6\", \"sku\": \"W-P002\", \"name\": \"Sporty Performance Polo - (Size) S\", \"type\": \"product_variant\", \"urls\": null, \"image\": \"/9j/4AAQSkZJRgABAQEAYABgAAD//gA7Q1JFQVRPUjogZ2QtanBlZyB2MS4wICh1c2luZyBJSkcgSlBFRyB2ODApLCBxdWFsaXR5ID0gODAK/9sAQwAGBAUGBQQGBgUGBwcGCAoQCgoJCQoUDg8MEBcUGBgXFBYWGh0lHxobIxwWFiAsICMmJykqKRkfLTAtKDAlKCko/9sAQwEHBwcKCAoTCgoTKBoWGigoKCgoKCgoKCgoKCgoKCgoKCgoKCgoKCgoKCgoKCgoKCgoKCgoKCgoKCgoKCgoKCgo/8AAEQgAMgAyAwEiAAIRAQMRAf/EAB8AAAEFAQEBAQEBAAAAAAAAAAABAgMEBQYHCAkKC//EALUQAAIBAwMCBAMFBQQEAAABfQECAwAEEQUSITFBBhNRYQcicRQygZGhCCNCscEVUtHwJDNicoIJChYXGBkaJSYnKCkqNDU2Nzg5OkNERUZHSElKU1RVVldYWVpjZGVmZ2hpanN0dXZ3eHl6g4SFhoeIiYqSk5SVlpeYmZqio6Slpqeoqaqys7S1tre4ubrCw8TFxsfIycrS09TV1tfY2drh4uPk5ebn6Onq8fLz9PX29/j5+v/EAB8BAAMBAQEBAQEBAQEAAAAAAAABAgMEBQYHCAkKC//EALURAAIBAgQEAwQHBQQEAAECdwABAgMRBAUhMQYSQVEHYXETIjKBCBRCkaGxwQkjM1LwFWJy0QoWJDThJfEXGBkaJicoKSo1Njc4OTpDREVGR0hJSlNUVVZXWFlaY2RlZmdoaWpzdHV2d3h5eoKDhIWGh4iJipKTlJWWl5iZmqKjpKWmp6ipqrKztLW2t7i5usLDxMXGx8jJytLT1NXW19jZ2uLj5OXm5+jp6vLz9PX29/j5+v/aAAwDAQACEQMRAD8A8y8PWDMUwCS/AwPzr6A8E6fFb6aLeNDI8gAOckE4/LvXjHw7mSa/iF3m3jDgAlsb8jt6cA/pXS6z8WYvDuprBZ2/2+xjba8hfkDuFGMZB7557V4NWFWpPlijouktTt/E/iGW48VJ4K0GSytLxYPtN/fXJAS2TICgZ6sSy/TI6dRmeE/E99pni+78G6jrEWou8Rkhu4UVSzLnfGcE4x1654Oa4Xwb44j1X4uW+rQ2jSS3y/Y5FaMY8sEFHbOeQQo4PYdKyfGmraxafFDTtXlsLhYbKRxC7QBRISW6lRg5zjNddGEoRVPyNoqKiptdT27xDFdGHytPQrkfM69c+1ccfACSzi41GVnPLEZ6/wCeT+VcxJ8aNTCrmxtck44Q/wDxVQWnxc1rV9QgtLe1tYpbgZG5S3bPr7elCpyWxo5Um7ydzfm8J24lfYqKu44G3oKKyJvE/iBJnQ/YSVYj/UH/AOKopWkVzUTm9Xt5dGna0STZJb2+G2nkMz4PP+6BXJ6kgkg2t0LAHH1r2KP4jaKJQ8vhHSriWXAZ5EVicDjJIPbFaFr470W4miWPwTojA8YFshb2x8vWnDFSitYfkcMopvc9e8M/DvwzaWwvdGsRp08qiN5ITkkKfu/PnjKg8Yzir2qx6X4U0S51m4D+YkW+R3YyN64UEnHPYcVk+F9W1O4hnV7kRRwyFEUx8nABOfzP5V5l8cdT1a5CWM94PsbEB0XgnPHWvVjJSjzoxmnFuDOA+L8LXuvWmqrCFN6iyMQoXPIIJ98H9K4bwgWi8VaHKq7gJoQR7EgH+dexNq2l6VZW2o61oa6nZzW8UMImOdjKDnB+hFZh8c+CVvYHtvBFpFcRMpR0crtI6HivNnibybjF2N3T5PdbMrU79F1K7Gekrj9TRVa/1/R5764l/siceZIzYE/Ayc/3aKjm8mM5CKYM6gkZ6jmus8Fzu/iXR40USA3UYIPI++OK5W30XU2OY4GbP+wwx+ldR4M0TVrbWorq6jSKCJZXyzY52Ntz+OKqSi9Lijuj6gttS0eQywabqWl3U6sfPEd3GWB6lQufwJP09a87+JOiTXVvLdT7BucLGNwLMx7KPbrXz1quoNatLIuN0nysduOPwqlpMdybj7TY3M0UpJZpIXZSM+4Ir1lTa9xbHM5J+91PSvGN0X+Gvh2GTChGnBz6h8fyry5phHOhUg812/iKyv8A/hCNAtzGWfbJccP0UsQOvXPBrz65tbyJ/ngZceteZCCV1c66t3Z+SNVplLE5PJoqiEmIB2/rRT5TM+19NsLPycfZLf8A79r/AIVn+PbO2j8I6g0dvCrBAQVQAjkUUV5S+NGkfjXqfHXiL/WTDtuNdb4ljS31+ZIEWJPJhO1BtGTGuTxRRX1H/L1ej/Q4Xsdf4K/f+J9Hgm/eQjT2by35XO0c46V1muWNptf/AEWD/v2KKK+er/xf67ndW+JeiOQNrb5P7iL/AL4FFFFIzP/Z\", \"amount\": 5, \"full_price\": \"97.50\", \"product_id\": \"9a747809-b1c9-4f86-a887-d19fe25ff2d1\", \"unit_price\": \"19.50\", \"final_price\": \"97.50\", \"unit_discount\": \"0.00\", \"total_discount\": \"0.00\", \"product_variant_id\": \"9a747874-28e5-4b9a-9063-10d28e5f6dcb\", \"original_unit_price\": \"19.50\"}, {\"id\": \"9a747884-094e-4a1b-a66a-f6c35d25776a\", \"sku\": \"W-S001\", \"name\": \"Elegant A-Line Skirt - (Size) L, (Colour) Bright Green\", \"type\": \"product_variant\", \"urls\": null, \"image\": \"/9j/4AAQSkZJRgABAQEAYABgAAD//gA7Q1JFQVRPUjogZ2QtanBlZyB2MS4wICh1c2luZyBJSkcgSlBFRyB2ODApLCBxdWFsaXR5ID0gODAK/9sAQwAGBAUGBQQGBgUGBwcGCAoQCgoJCQoUDg8MEBcUGBgXFBYWGh0lHxobIxwWFiAsICMmJykqKRkfLTAtKDAlKCko/9sAQwEHBwcKCAoTCgoTKBoWGigoKCgoKCgoKCgoKCgoKCgoKCgoKCgoKCgoKCgoKCgoKCgoKCgoKCgoKCgoKCgoKCgo/8AAEQgAMgAyAwEiAAIRAQMRAf/EAB8AAAEFAQEBAQEBAAAAAAAAAAABAgMEBQYHCAkKC//EALUQAAIBAwMCBAMFBQQEAAABfQECAwAEEQUSITFBBhNRYQcicRQygZGhCCNCscEVUtHwJDNicoIJChYXGBkaJSYnKCkqNDU2Nzg5OkNERUZHSElKU1RVVldYWVpjZGVmZ2hpanN0dXZ3eHl6g4SFhoeIiYqSk5SVlpeYmZqio6Slpqeoqaqys7S1tre4ubrCw8TFxsfIycrS09TV1tfY2drh4uPk5ebn6Onq8fLz9PX29/j5+v/EAB8BAAMBAQEBAQEBAQEAAAAAAAABAgMEBQYHCAkKC//EALURAAIBAgQEAwQHBQQEAAECdwABAgMRBAUhMQYSQVEHYXETIjKBCBRCkaGxwQkjM1LwFWJy0QoWJDThJfEXGBkaJicoKSo1Njc4OTpDREVGR0hJSlNUVVZXWFlaY2RlZmdoaWpzdHV2d3h5eoKDhIWGh4iJipKTlJWWl5iZmqKjpKWmp6ipqrKztLW2t7i5usLDxMXGx8jJytLT1NXW19jZ2uLj5OXm5+jp6vLz9PX29/j5+v/aAAwDAQACEQMRAD8A+k7T7orQiHfNZ1qflFUfEsVrd2Zhvo0eFPn+Y4AP50Uoc8kjOtVVKLkzYvbBJ8vGQkvXd61z+paWk4KTH7NdH7sinCv/APXrjdT0GwSP/R5JLbPKtFdTRforVxev6RqVrHi313UELfMgluEdfw3813f2bKSvFnAs1pp2kmjofEWiX1vdJHd+YUZsBySRj2NW9LgNvp8UT8Fc/wA6840rW/F9jqEMd7ry3NkXAePMbkr+GcGvTDOHOc9a5a2GnQtzdTvo4mGIXudCbBoqPzBRWBsegi5S3tHmkOERSx/CuYv9RRzELyVYwym4lZjgKMgBf1P/AHzTvE14wsYLWP707jdj+6K4vWb5p5tbaOOCZYpI7MCY/IQib2/8elI/CvYwGH9xTfU8HMsReo6a2X5sng1M6x4hvvLnSW2iYRR+Wcrj61zHxC1BbfxjArvtjS3I56dq2fh9abN8v2WO2DNu2RklfrXH+PLM6v4wSJWIJfbx+Fery2dl0PKi1zO5NZkanoWp6gLC3hsoZIolcRgPOxcbiT2AGOnc+1dHpl75lpEd2TtwT9OK0/EGnwaT4AezgULHGinHvkHNcPoN2N1xCDyjhsemRz+oavOzGPPS5l0Z6uVztVce6O3FyMdaKxhNx1orwz6Cx6Dc232meO43sxjHEfr9DXn+pW58O6Iw1qdDeSzTXMgjbKszuSME47YFd7az8DmsXxzZxX+lh5FB2cHNdcMxqUIbXSOKWV0cTU1dmxPBDrLoqTqVbcucqQRXKaFCNS+IU7HlbYFm9iTxXC6lf3GlyE6bcS20qjG6JypI9DjqK9X+A2jFvDs2taqxuL3UHLF27KvAGB+NbwzqEk246mNXhypTfuzTRa8fSrJpEkG4BXwD+deX2kLQavPcIf3ciBWGe4JP9TXq3j2CxKsPK5Ho7D+teVtKPMOOmaitmcatJ04RLw+UTw1RVJyv6G0Lk4HNFZgm4FFeZc9Wx6xaHim69zod5n/nnRRTqfAyaX8Rep89awSbl8mvo/4UgD4faVgY/dH/ANCNFFcNM9nEbI5vx2Tubk968xY/MaKK2pbM48T0JAeBRRRWpzH/2Q==\", \"amount\": 7, \"full_price\": \"202.93\", \"product_id\": \"9a74780d-d674-4712-aaa2-87e907ee492c\", \"unit_price\": \"28.99\", \"final_price\": \"202.93\", \"unit_discount\": \"0.00\", \"total_discount\": \"0.00\", \"product_variant_id\": \"9a74786e-c099-4e33-bca8-a220977d0402\", \"original_unit_price\": \"28.99\"}, {\"id\": \"9a747884-1230-4a9e-8206-0ea4beda9e18\", \"sku\": \"W-S003\", \"name\": \"Floral Midi Skirt - (Size) L\", \"type\": \"product_variant\", \"urls\": null, \"image\": \"/9j/4AAQSkZJRgABAQEAYABgAAD//gA7Q1JFQVRPUjogZ2QtanBlZyB2MS4wICh1c2luZyBJSkcgSlBFRyB2ODApLCBxdWFsaXR5ID0gODAK/9sAQwAGBAUGBQQGBgUGBwcGCAoQCgoJCQoUDg8MEBcUGBgXFBYWGh0lHxobIxwWFiAsICMmJykqKRkfLTAtKDAlKCko/9sAQwEHBwcKCAoTCgoTKBoWGigoKCgoKCgoKCgoKCgoKCgoKCgoKCgoKCgoKCgoKCgoKCgoKCgoKCgoKCgoKCgoKCgo/8AAEQgAMgAyAwEiAAIRAQMRAf/EAB8AAAEFAQEBAQEBAAAAAAAAAAABAgMEBQYHCAkKC//EALUQAAIBAwMCBAMFBQQEAAABfQECAwAEEQUSITFBBhNRYQcicRQygZGhCCNCscEVUtHwJDNicoIJChYXGBkaJSYnKCkqNDU2Nzg5OkNERUZHSElKU1RVVldYWVpjZGVmZ2hpanN0dXZ3eHl6g4SFhoeIiYqSk5SVlpeYmZqio6Slpqeoqaqys7S1tre4ubrCw8TFxsfIycrS09TV1tfY2drh4uPk5ebn6Onq8fLz9PX29/j5+v/EAB8BAAMBAQEBAQEBAQEAAAAAAAABAgMEBQYHCAkKC//EALURAAIBAgQEAwQHBQQEAAECdwABAgMRBAUhMQYSQVEHYXETIjKBCBRCkaGxwQkjM1LwFWJy0QoWJDThJfEXGBkaJicoKSo1Njc4OTpDREVGR0hJSlNUVVZXWFlaY2RlZmdoaWpzdHV2d3h5eoKDhIWGh4iJipKTlJWWl5iZmqKjpKWmp6ipqrKztLW2t7i5usLDxMXGx8jJytLT1NXW19jZ2uLj5OXm5+jp6vLz9PX29/j5+v/aAAwDAQACEQMRAD8A+qayfFuq/wBheFtX1UAM1nayzqp6MyqSB+JwK1q89+O0oHw+mtWSR1vLmCFhG207Q4c/N24QjPvSbsrsaV3Y8RPxM8XCCaddemnjjkW2WVIkCIG37pJlKgq6jBx90YGalX4keK2Eso8RHY0kdqJ08t4IUIAMzjblWzg4Py/MRxxXERWV3BrP9k6rDLFqKRzSySROCxRmV98h6SDGV2/7OeaS2Y6rewWmoNNYahOlxLctHCo+VpY5VllQcMCCBjjG3Paua73v/wAN3N7dLf12Pqb4MeKLvxV4TlutSkjku4rqSNmjYMNpwyjIA6BscgHiu9rw79nvWo7zXdetvtEclzLEk0qpEI8lXYCTA4O9ZE544VR2r3GuiN7amEt9AoooqhBXjH7U90yeBLKxRZSbu8wSgJACxu3zAfw5wD6Zz2r2evD/ANqJ7WDTfDVzqF5JbWsN25byvvsSoUbR3xncR6CplsOO54hZxrN5aWrf2OLq3hkQXVwSbvyxjbE56B/NI2njHbtUEshitbm3lnNjPmTcLmQ5kjjwGhhlHUEYTb7e2KfYKqme2t5UudHtQ8KTsQWvmGySO3AIDL0IGMZ447VW0COYx2EU0kK6ZZBxdXkiKYolk2SCEqT8v7wMpxjOccYrl6tv+v8Ag+R0eSPcvga8Vl4yu4jZ/wBnnUIWmtrb5XURBYjlXA45IyvTPr1r3qvmX4ATy3Xji2+zaNBYWcEU2SXAlCuoZVKn5iOQc9+O+a+mq3pK0bGNTV3CiiitSAr59/az1JtOi8MskkIYreMscsHm72AiHA7EBicnj65r6Crwr9pewur2+8LtY6Wb+ZGmU4x8sbbPMHI2jKgjJ6EioqNKLuXBXkjxm+lZ5Uur5Z724K/bY7+ytwirNuXblTjeFAPTPUjHeqULQyWQW6tBqNhePNO7W8ggm8uNWA80cAEt82Ovy9O1NtlazmsmuXuo7qXzrXTLdo8JaOzgK28H51AGD1PTg961nFHFpRe/3rpWlyrMti8ZJnd1AbEnPB5Yeue3WuVK39f11+Ru9f6/r/M9V+C+o3T+PPDSXA82S6jlNxNPbiF0kW3I8tP7wGD27E/T6er5b+EGnahJ8RPDurak2oTSO8kkSI2+CGN7ZgN3fcFIBboSeuev1JW9C3LoZVb82oUUUVsZBTZY0ljaOVFdGGGVhkEehFFFDApJoulI0LJplirQf6oiBAY+c/LxxzzxU0VhZxTyzxWluk0rbpJFjAZzjGSccnAAoorMtksEENuhS3ijiQnJVFCjPrxUlFFaEBRRRQB//9k=\", \"amount\": 2, \"full_price\": \"45.98\", \"product_id\": \"9a747811-89af-4477-b351-11ee1cfd0b9b\", \"unit_price\": \"22.99\", \"final_price\": \"45.98\", \"unit_discount\": \"0.00\", \"total_discount\": \"0.00\", \"product_variant_id\": \"9a747874-8cdf-49bf-95cf-504bd2288899\", \"original_unit_price\": \"22.99\"}, {\"id\": \"9a747883-ef75-48fd-9b4e-7b9e389126d7\", \"sku\": \"W-TR003\", \"name\": \"Sporty Track Pants - (Size) XL\", \"type\": \"product_variant\", \"urls\": null, \"image\": \"/9j/4AAQSkZJRgABAQEAYABgAAD//gA7Q1JFQVRPUjogZ2QtanBlZyB2MS4wICh1c2luZyBJSkcgSlBFRyB2ODApLCBxdWFsaXR5ID0gODAK/9sAQwAGBAUGBQQGBgUGBwcGCAoQCgoJCQoUDg8MEBcUGBgXFBYWGh0lHxobIxwWFiAsICMmJykqKRkfLTAtKDAlKCko/9sAQwEHBwcKCAoTCgoTKBoWGigoKCgoKCgoKCgoKCgoKCgoKCgoKCgoKCgoKCgoKCgoKCgoKCgoKCgoKCgoKCgoKCgo/8AAEQgAMgAyAwEiAAIRAQMRAf/EAB8AAAEFAQEBAQEBAAAAAAAAAAABAgMEBQYHCAkKC//EALUQAAIBAwMCBAMFBQQEAAABfQECAwAEEQUSITFBBhNRYQcicRQygZGhCCNCscEVUtHwJDNicoIJChYXGBkaJSYnKCkqNDU2Nzg5OkNERUZHSElKU1RVVldYWVpjZGVmZ2hpanN0dXZ3eHl6g4SFhoeIiYqSk5SVlpeYmZqio6Slpqeoqaqys7S1tre4ubrCw8TFxsfIycrS09TV1tfY2drh4uPk5ebn6Onq8fLz9PX29/j5+v/EAB8BAAMBAQEBAQEBAQEAAAAAAAABAgMEBQYHCAkKC//EALURAAIBAgQEAwQHBQQEAAECdwABAgMRBAUhMQYSQVEHYXETIjKBCBRCkaGxwQkjM1LwFWJy0QoWJDThJfEXGBkaJicoKSo1Njc4OTpDREVGR0hJSlNUVVZXWFlaY2RlZmdoaWpzdHV2d3h5eoKDhIWGh4iJipKTlJWWl5iZmqKjpKWmp6ipqrKztLW2t7i5usLDxMXGx8jJytLT1NXW19jZ2uLj5OXm5+jp6vLz9PX29/j5+v/aAAwDAQACEQMRAD8A3LGDpxW1bwDHSqlgnA4rat06cUizlPEtzqem+INDms7R7mzecRSRohYsWDKex5AYEe4HrmptD8Pavpeu6/LqFmq2k0iSrcCVdiqqBQuMDknJ6D6V6f4UuVjultNis0yyMob1G3/GqPxVlmj0F4LURBj+9baTkhCGIx3GAaxUHzOSZ0e0XKqbRyssAqpND7VpxHzbWGTBBZASD24qCRc1rcx20M7yKKu+WPSimA2wHArYtx0rIsegrYg7UEmT4p8Wy+GjbtaTRQzorMTIoIKsQO/+7Xn178UdZ1bUbeS8uLFrGKTbKY4sZj3YIHJ5Irf+Ltup06CbaNxV0JP5/wCNeNeB41vdU0LT5EAAv1LqBjK7t38jXXThD2e3czcnzH0uoYQJ5nDkZb6nrVaXrV246VQlPNca0Nr31EyKKi3e1FMQ2xkQAc1sQSJxzV230UKB8lX49KAH3adibnnfxXUP4SeWPG6KQN+BBH8yK8T+GDNN4/0RigGckn3VG/8Aia+i/ibpLSeB9U8pMvGiy49QrAn9Aa8K+DWnlvHNrPMypBaQSsXdgvJG3GDzn5q6YNKk7kPV6HvM8ikVnzyDnFX7ma15CSq3+7zWfJ8+RGrn8K5bGiZB5g9aKd9nn/55t+VFFh3PVUAx0FSY4ooqzMyvFChvD+phgCDaygg9/kNfOvgy2gHxUnUQxbfso42DH36KKr7I49T6Gs7S2SJdtvCvHZAKmMUY6RoPwFFFQIi2L/dX8qKKKAP/2Q==\", \"amount\": 4, \"full_price\": \"91.96\", \"product_id\": \"9a74781b-ba63-4202-92e7-d594c03b5ed8\", \"unit_price\": \"22.99\", \"final_price\": \"91.96\", \"unit_discount\": \"0.00\", \"total_discount\": \"0.00\", \"product_variant_id\": \"9a747875-458c-4d59-b1ac-6f9f02043d07\", \"original_unit_price\": \"22.99\"}, {\"id\": \"9a747883-dc57-4474-85e8-bc474e5949db\", \"sku\": \"W-SK002\", \"name\": \"Sporty Ankle Socks - (Size) 9\", \"type\": \"product_variant\", \"urls\": null, \"image\": \"/9j/4AAQSkZJRgABAQEAYABgAAD//gA7Q1JFQVRPUjogZ2QtanBlZyB2MS4wICh1c2luZyBJSkcgSlBFRyB2ODApLCBxdWFsaXR5ID0gODAK/9sAQwAGBAUGBQQGBgUGBwcGCAoQCgoJCQoUDg8MEBcUGBgXFBYWGh0lHxobIxwWFiAsICMmJykqKRkfLTAtKDAlKCko/9sAQwEHBwcKCAoTCgoTKBoWGigoKCgoKCgoKCgoKCgoKCgoKCgoKCgoKCgoKCgoKCgoKCgoKCgoKCgoKCgoKCgoKCgo/8AAEQgAMgAyAwEiAAIRAQMRAf/EAB8AAAEFAQEBAQEBAAAAAAAAAAABAgMEBQYHCAkKC//EALUQAAIBAwMCBAMFBQQEAAABfQECAwAEEQUSITFBBhNRYQcicRQygZGhCCNCscEVUtHwJDNicoIJChYXGBkaJSYnKCkqNDU2Nzg5OkNERUZHSElKU1RVVldYWVpjZGVmZ2hpanN0dXZ3eHl6g4SFhoeIiYqSk5SVlpeYmZqio6Slpqeoqaqys7S1tre4ubrCw8TFxsfIycrS09TV1tfY2drh4uPk5ebn6Onq8fLz9PX29/j5+v/EAB8BAAMBAQEBAQEBAQEAAAAAAAABAgMEBQYHCAkKC//EALURAAIBAgQEAwQHBQQEAAECdwABAgMRBAUhMQYSQVEHYXETIjKBCBRCkaGxwQkjM1LwFWJy0QoWJDThJfEXGBkaJicoKSo1Njc4OTpDREVGR0hJSlNUVVZXWFlaY2RlZmdoaWpzdHV2d3h5eoKDhIWGh4iJipKTlJWWl5iZmqKjpKWmp6ipqrKztLW2t7i5usLDxMXGx8jJytLT1NXW19jZ2uLj5OXm5+jp6vLz9PX29/j5+v/aAAwDAQACEQMRAD8A9gUACmkgVJ5ZfGCoB9TimzJBAM3N0iD25pkjN1PWQVXOo6TGoZpi4JwCTgE1S1XxDb28Mf8AZ6wNIzYyRvwME96BpXNtTkZFNOCa5mx8S3cmoW6XMubd32uigAYIxnj0zn8K3tzRzNG3UHFK45RsT7faijNFMmxj69EZ7KP53QRygkoxBOQQBx7kVSVsiPMsjY4wT7VtXKFredQMtsJUe45FcxEsu3cy7QWGCTkAUhjPEltGbQXSLm4iydxJyF2nP9K5eGV2ijbznZCykBmJz09a7j7OXTy5EGHB6jFcrd6P/ZsCW0sn7wRjy3zhSBwP5UpLqbUn0H6bIX1C3zG2zzACT09K792LwQzH74/dv/vL/wDWxXmYZnWKUuxIOMdArDqK9D0O6GoWf+1KmSPSRev5j+dEdgqrqXhJxRVbcaKLmJfQYlFcxBH5bXtuTkxSEDPcdq6nHziuf1eP7Pr77jsS7iXDHoGFMENTcBwxyOevaqPiVBPpkcp5aB+f909f1x+dTlbtLoR+V5gH93+ND6e/T8q0bTSrq6XYLZmt3BDiVSpwfrQOLs7nncYVLuW3+bypMfNj/Vv0B+h6fl610nhCW5t7meKUYaNRMCv3SQR0/A/pW83gNpA0c+oGOAjG1UXcR9SOvvXQ6XoOn6cvyCSZ9u0vIckj3/8A1UktTWdSLVkILGCYCVZVCv8AMBnoDRWmI7YAAW8QA7YoqrGFzHPUVQ8QIkj2wdVYYPBGfSiigEdRpkEMcUQjijQFRkKoGasXJKkBSQPQUUUAQNULmiigTIs0UUUwP//Z\", \"amount\": 5, \"full_price\": \"72.50\", \"product_id\": \"9a74781f-10cc-4cac-aa74-c373841f91c5\", \"unit_price\": \"14.50\", \"final_price\": \"72.50\", \"unit_discount\": \"0.00\", \"total_discount\": \"0.00\", \"product_variant_id\": \"9a747875-6d9a-4214-b414-5ce7816e4eea\", \"original_unit_price\": \"14.50\"}, {\"id\": \"9a747883-ccb2-4087-ba73-4eca30125716\", \"sku\": \"W-SA002\", \"name\": \"Strappy Beach Sandals - (Size) 10\", \"type\": \"product_variant\", \"urls\": null, \"image\": \"/9j/4AAQSkZJRgABAQEAYABgAAD//gA7Q1JFQVRPUjogZ2QtanBlZyB2MS4wICh1c2luZyBJSkcgSlBFRyB2ODApLCBxdWFsaXR5ID0gODAK/9sAQwAGBAUGBQQGBgUGBwcGCAoQCgoJCQoUDg8MEBcUGBgXFBYWGh0lHxobIxwWFiAsICMmJykqKRkfLTAtKDAlKCko/9sAQwEHBwcKCAoTCgoTKBoWGigoKCgoKCgoKCgoKCgoKCgoKCgoKCgoKCgoKCgoKCgoKCgoKCgoKCgoKCgoKCgoKCgo/8AAEQgAMgAyAwEiAAIRAQMRAf/EAB8AAAEFAQEBAQEBAAAAAAAAAAABAgMEBQYHCAkKC//EALUQAAIBAwMCBAMFBQQEAAABfQECAwAEEQUSITFBBhNRYQcicRQygZGhCCNCscEVUtHwJDNicoIJChYXGBkaJSYnKCkqNDU2Nzg5OkNERUZHSElKU1RVVldYWVpjZGVmZ2hpanN0dXZ3eHl6g4SFhoeIiYqSk5SVlpeYmZqio6Slpqeoqaqys7S1tre4ubrCw8TFxsfIycrS09TV1tfY2drh4uPk5ebn6Onq8fLz9PX29/j5+v/EAB8BAAMBAQEBAQEBAQEAAAAAAAABAgMEBQYHCAkKC//EALURAAIBAgQEAwQHBQQEAAECdwABAgMRBAUhMQYSQVEHYXETIjKBCBRCkaGxwQkjM1LwFWJy0QoWJDThJfEXGBkaJicoKSo1Njc4OTpDREVGR0hJSlNUVVZXWFlaY2RlZmdoaWpzdHV2d3h5eoKDhIWGh4iJipKTlJWWl5iZmqKjpKWmp6ipqrKztLW2t7i5usLDxMXGx8jJytLT1NXW19jZ2uLj5OXm5+jp6vLz9PX29/j5+v/aAAwDAQACEQMRAD8A+qaKKKACiioby6gsrd57qVYoU5Zm6CgCais6013SLyLzLXVLGZP70c6sB+RqlpvirT9R8T32h23mNdWkfmO+BsPIBAOeoLClew1FvY3qKKKYgrI8VeIbHwxo02p6mziCPHyoMsx9AK1mJCkqMkDgetfMi+P77xhe6hp/i3T9loRtRUTENuPR3zkZYKB/9aolLl0NaVPnd3sXdU+I+r+J4HmFyLCyMv7u1hbDBc4XzCOTuyOOmSPatnwz8QLK7sJ9M8WMS13F+6lUnyC3UYXA2kHHQ/UADNefalpsMHiy5FiqiG7iQBPvBCFXH0bcoI+o6iprl4nvIEnVFKsu9GG5XQHG/wBwOOcg8jn5RURWt7tvqjrmoW5ZRsns13815npF/wDDjwxYavbWq6XqzK1i9zJqFnkIGUZxuHO44OBn+IVxPw0eTVbm8vNP1LUNNeKDarNvkkO6QD5jnnk55J6dK6bwt4xvNJmuNDjjurrTrmMi1aZWLW5IwRnGCo6/Qdj17H4OaEdJTVpHkEjTNGAQOgAb/GqlPmXLHfv2+RCUIc0px1tb1d9/0sei26lII1LtIVUAu/VuOp96KfRWhxHK+ItcuYrmW0s2WFk4LYBY8e9eWXfhyJZ5pVto2Mr73ZQAWOc5P417jf6XYahj7dZ29wR0MkYYj8aqR+GdEjYFNLtAf+uYNYzpuRvTqqGx4Cuk3mrXBsoftT3A4Aa3IRVJI2r0yAAp4J68Y6V3nhn4SQtaRt4ouHuJCqh7eE7IyR0Jx378d+a9Ut7aC2XbbwRRD0jQL/KpaqEOVWFUrObuZFt4a0W2jhSHTbYLD9zKbiPzrVijSJAkSKiDoqjAFOoq0ktjJtvcKKKKYgooooAKKKKACiiigAooooA//9k=\", \"amount\": 7, \"full_price\": \"164.50\", \"product_id\": \"9a747829-4ef1-42cc-9708-4a3bc11d5245\", \"unit_price\": \"23.50\", \"final_price\": \"164.50\", \"unit_discount\": \"0.00\", \"total_discount\": \"0.00\", \"product_variant_id\": \"9a747876-3825-43c2-8819-ae827598edb4\", \"original_unit_price\": \"23.50\"}, {\"id\": \"9a747884-1ad2-4077-b5c6-08b2ac481b79\", \"sku\": \"M-LO001\", \"name\": \"Classic Leather Loafers - (Size) 8.5, (Colour) Dark Gray\", \"type\": \"product_variant\", \"urls\": null, \"image\": \"/9j/4AAQSkZJRgABAQEAYABgAAD//gA7Q1JFQVRPUjogZ2QtanBlZyB2MS4wICh1c2luZyBJSkcgSlBFRyB2ODApLCBxdWFsaXR5ID0gODAK/9sAQwAGBAUGBQQGBgUGBwcGCAoQCgoJCQoUDg8MEBcUGBgXFBYWGh0lHxobIxwWFiAsICMmJykqKRkfLTAtKDAlKCko/9sAQwEHBwcKCAoTCgoTKBoWGigoKCgoKCgoKCgoKCgoKCgoKCgoKCgoKCgoKCgoKCgoKCgoKCgoKCgoKCgoKCgoKCgo/8AAEQgAMgAyAwEiAAIRAQMRAf/EAB8AAAEFAQEBAQEBAAAAAAAAAAABAgMEBQYHCAkKC//EALUQAAIBAwMCBAMFBQQEAAABfQECAwAEEQUSITFBBhNRYQcicRQygZGhCCNCscEVUtHwJDNicoIJChYXGBkaJSYnKCkqNDU2Nzg5OkNERUZHSElKU1RVVldYWVpjZGVmZ2hpanN0dXZ3eHl6g4SFhoeIiYqSk5SVlpeYmZqio6Slpqeoqaqys7S1tre4ubrCw8TFxsfIycrS09TV1tfY2drh4uPk5ebn6Onq8fLz9PX29/j5+v/EAB8BAAMBAQEBAQEBAQEAAAAAAAABAgMEBQYHCAkKC//EALURAAIBAgQEAwQHBQQEAAECdwABAgMRBAUhMQYSQVEHYXETIjKBCBRCkaGxwQkjM1LwFWJy0QoWJDThJfEXGBkaJicoKSo1Njc4OTpDREVGR0hJSlNUVVZXWFlaY2RlZmdoaWpzdHV2d3h5eoKDhIWGh4iJipKTlJWWl5iZmqKjpKWmp6ipqrKztLW2t7i5usLDxMXGx8jJytLT1NXW19jZ2uLj5OXm5+jp6vLz9PX29/j5+v/aAAwDAQACEQMRAD8A1YTaqOY8H6f/AF6laazx0wR7GogXIztcfVRTXV2zw3/fsVwKJ6N0R3F1Bn5WYfRBWdcXkSqTlz+Ap+sTJp1hLd3W9IYxydgzknAH51wi+MLeeYLcxvbo/CSZDJ9GOODWkYXVyHPWx0Nxfxk/xflWfLfRnOVJ/AVKbO4uEDxDcjDIZcEEfWq82l3QBOCPriq5ULmIftUX90/kKKj/ALPuPainyi5j1CaYW0Ek1zNFHDGNzMxwAK4Bvi3ptvqLW11YXUUYOFlG1gR2bHHH50vj/XUu/DVxAiyA70ZiRwQGHv8ASvKHjgukVJvmUfdIPK/T29qqnSUldkTqNOx7H4l1GPxd4auINGmt7j7sgMRO9cHPzIQGA/CvI7HVNX8MawtwI2jkU4YModHHQgg8EH3re8AP/Y/iWC4jiimCqRl+cZGOB617Gtvo3iGPydUhhWUjiRhjP/Ah/WtI05xjdLQiUot76nPeC9U0XV5TLZ20entNHmS1hY7BJn5nRScAYA+UdOa6d9GeUExSxsK5+X4W3ul3bXHhvUrXymO77LdhtoPqrKMg/hXQeHNH1wXobWUt4UiztMc+8Pxj0B/Oi9KUNNGg/eKWuqK58PTZ++v50V2f9nr/AH0/M0VzcxtY8z1TwxNNGwRAyn+HFed634NntXaWCKSI9cAfKa9y+1N1Ea474NNllSTho0I9KUakkXKmnufNsV01hcj7UktvMp4ccA/0NddpXjQRRhZjFKP7wbafy5r1O60vSrtCtxp8D56kgVkTeBvDMxy+kR/8BYj+tdUMU0c8sPfqXPh14vl1DVEs4nD2u0kox3FeO3oK9N8yKQDeq1wXh/TdO8PRMmk2UdsrHLYOSfqSc1pvq7L1/pWNSftJXSsaQjyKzZ1gWDH8P60Vx51lv8kUVnZllVQNx4qF/wDWGiis0asZk5PJqNZH80je2PrRRVIhjZJH/vt+dRmRznLsfxooq0QyLcfU0UUUxn//2Q==\", \"amount\": 6, \"full_price\": \"179.94\", \"product_id\": \"9a747837-fd5e-4cf2-85b4-63a666a3436a\", \"unit_price\": \"29.99\", \"final_price\": \"179.94\", \"unit_discount\": \"0.00\", \"total_discount\": \"0.00\", \"product_variant_id\": \"9a747870-16cb-4f0e-813a-b49a06714e1b\", \"original_unit_price\": \"29.99\"}, {\"id\": \"9a747883-c3a9-4c6a-83d0-43ab3595ac98\", \"sku\": \"M-BO003\", \"name\": \"Outdoor Hiking Boots - (Size) 9.5, (Colour) Midnight Blue\", \"type\": \"product_variant\", \"urls\": null, \"image\": \"/9j/4AAQSkZJRgABAQEAYABgAAD//gA7Q1JFQVRPUjogZ2QtanBlZyB2MS4wICh1c2luZyBJSkcgSlBFRyB2ODApLCBxdWFsaXR5ID0gODAK/9sAQwAGBAUGBQQGBgUGBwcGCAoQCgoJCQoUDg8MEBcUGBgXFBYWGh0lHxobIxwWFiAsICMmJykqKRkfLTAtKDAlKCko/9sAQwEHBwcKCAoTCgoTKBoWGigoKCgoKCgoKCgoKCgoKCgoKCgoKCgoKCgoKCgoKCgoKCgoKCgoKCgoKCgoKCgoKCgo/8AAEQgAMgAyAwEiAAIRAQMRAf/EAB8AAAEFAQEBAQEBAAAAAAAAAAABAgMEBQYHCAkKC//EALUQAAIBAwMCBAMFBQQEAAABfQECAwAEEQUSITFBBhNRYQcicRQygZGhCCNCscEVUtHwJDNicoIJChYXGBkaJSYnKCkqNDU2Nzg5OkNERUZHSElKU1RVVldYWVpjZGVmZ2hpanN0dXZ3eHl6g4SFhoeIiYqSk5SVlpeYmZqio6Slpqeoqaqys7S1tre4ubrCw8TFxsfIycrS09TV1tfY2drh4uPk5ebn6Onq8fLz9PX29/j5+v/EAB8BAAMBAQEBAQEBAQEAAAAAAAABAgMEBQYHCAkKC//EALURAAIBAgQEAwQHBQQEAAECdwABAgMRBAUhMQYSQVEHYXETIjKBCBRCkaGxwQkjM1LwFWJy0QoWJDThJfEXGBkaJicoKSo1Njc4OTpDREVGR0hJSlNUVVZXWFlaY2RlZmdoaWpzdHV2d3h5eoKDhIWGh4iJipKTlJWWl5iZmqKjpKWmp6ipqrKztLW2t7i5usLDxMXGx8jJytLT1NXW19jZ2uLj5OXm5+jp6vLz9PX29/j5+v/aAAwDAQACEQMRAD8A+qa4P4meLr3wpfaI9usDWErSNeBhmQopT7nboW6+1d5Xzt8VdTbxH4huhAd1lADaRkHrgncw+rEj6AVMnZDSuev+BvHWkeMrOefTGdPJ271lwDhs4PB9jW/p2pWWoozWNzHMFJDBTypBxyOo5Br5Wjjh0fTYLWCJVRUO4YyTxknOR+fvXb/AyPf46nmgY+UNNxIAwIzvGAevr7dKiNRt2KcbHvtFFFakBRRRQByHxO1qXSNAWK1dori+c28cw42HaW4PrgHH4+lfPOnxymO1aRdssYKtnOcgkGvdPjP4k8P6J4ejtvEMVxcNdNut4rfAkDJg7wSRjBI+ucYIzXgfhjXxrom81VW5gxuCjAZT0P5isqqdrouDszQ1ETMrHINsU2nkrg/3iR7V1Pwo1EWvjXTpGjEUdzFJa4BBwTtKg8Z6oK55YkkjNvJKQXOQckAc8dKxxJLpmoJdW0lxHdRyEwyoxyCDwcAn9fes6epU2fXtFfFc/wAS/HKXzC78RXySLkbRhRn6AYz+FeifCr41a1c+JLHRvE/lXdveSLBHchAkkbMcLuxwQSQOme+a6LmR9IUUUUwPmb9qSxux4v0q9Me60ksxEhI43q7Fh+TL+deQ+Gr9tK1dZxxGfkmTGDtPX+XH0r7r1XS7DV7Q2uqWdveW5OfLnjDrn1we/vXLj4W+CQXP/CPWhL9SSxP4c8fhSsB4ZcXtpBYx3jXMX2eTiOXrk+n14qjNd2V+sfl3sQkAI5cxk5+uPSvV/FXwmSGKd/CscL2sxBl0q5bEZ45MbnO09ODx7ivIPEPw/wBT0u4kihs9UtHHIie2e4ib/dkjDAjkdefWsvZpO6L529Gc54ti02S8BtGJvlUbwpDI3tuz1rsvgP4AvNe8RWOu3cEsGlafIs6vIpXzpFIKqvqAQCT7Y71y+heBPF3iG8gt7XS7pIWcBp5YDHEozySxA/Ic19p28YhgjiGMIoUYGBwPStIqysS3cfRRRVCCiiigAooooAKKKKACiiigD//Z\", \"amount\": 4, \"full_price\": \"119.96\", \"product_id\": \"9a747845-b20e-487e-9f86-7b4e736ba01a\", \"unit_price\": \"29.99\", \"final_price\": \"119.96\", \"unit_discount\": \"0.00\", \"total_discount\": \"0.00\", \"product_variant_id\": \"9a74786f-f82d-4114-b6df-6b3fe732024c\", \"original_unit_price\": \"29.99\"}, {\"id\": \"9a747883-ff3a-4326-9410-53051cd4c436\", \"sku\": \"W-SG002\", \"name\": \"Vintage Round Sunglasses\", \"type\": \"product\", \"urls\": null, \"image\": \"/9j/4AAQSkZJRgABAQEAYABgAAD//gA7Q1JFQVRPUjogZ2QtanBlZyB2MS4wICh1c2luZyBJSkcgSlBFRyB2ODApLCBxdWFsaXR5ID0gODAK/9sAQwAGBAUGBQQGBgUGBwcGCAoQCgoJCQoUDg8MEBcUGBgXFBYWGh0lHxobIxwWFiAsICMmJykqKRkfLTAtKDAlKCko/9sAQwEHBwcKCAoTCgoTKBoWGigoKCgoKCgoKCgoKCgoKCgoKCgoKCgoKCgoKCgoKCgoKCgoKCgoKCgoKCgoKCgoKCgo/8AAEQgAGQAyAwEiAAIRAQMRAf/EAB8AAAEFAQEBAQEBAAAAAAAAAAABAgMEBQYHCAkKC//EALUQAAIBAwMCBAMFBQQEAAABfQECAwAEEQUSITFBBhNRYQcicRQygZGhCCNCscEVUtHwJDNicoIJChYXGBkaJSYnKCkqNDU2Nzg5OkNERUZHSElKU1RVVldYWVpjZGVmZ2hpanN0dXZ3eHl6g4SFhoeIiYqSk5SVlpeYmZqio6Slpqeoqaqys7S1tre4ubrCw8TFxsfIycrS09TV1tfY2drh4uPk5ebn6Onq8fLz9PX29/j5+v/EAB8BAAMBAQEBAQEBAQEAAAAAAAABAgMEBQYHCAkKC//EALURAAIBAgQEAwQHBQQEAAECdwABAgMRBAUhMQYSQVEHYXETIjKBCBRCkaGxwQkjM1LwFWJy0QoWJDThJfEXGBkaJicoKSo1Njc4OTpDREVGR0hJSlNUVVZXWFlaY2RlZmdoaWpzdHV2d3h5eoKDhIWGh4iJipKTlJWWl5iZmqKjpKWmp6ipqrKztLW2t7i5usLDxMXGx8jJytLT1NXW19jZ2uLj5OXm5+jp6vLz9PX29/j5+v/aAAwDAQACEQMRAD8A+iPGfjHRPBllb3fiG6e3gnl8mMrC8hLYJxhQewrK074p+EdSmjh07Up7ueT7sUNjcO5/AJmq/wAcPD7+IPh9erbRGW8sXW+gVRkkp94AdyULge5FfKi/vNjQ5dmx5ZTkknpjHegD7V03XbDULl7aF54rlU8zybm3kgcrnG4K6gsM4GRkDNWP7V04SeX9vtPM/u+cufyzXzD8cdB1zRbTwxHc6vqVxHc2u2Q3c5lSO6AUuo9FYZwPY15rPptjOpNzaW7nHLMgyPx60AfeasrqGUhlPQg5pc84rxL4B/DPTrT4c2NzrMV1LNfu16kLXMiLFG5/djarAcoFJyM8+1enaFpEGk65qKWFjHaWDW9uFMagB5A0u4+pOCnJoA36KKKACuftfBXhq01c6pbaJYxX+/zPNWIDD/3gOgb3AzXQUUAZPinw7pvijRpdM1m3E1q5DDBwyMOjqeoYeteZ2HwG0WHUVkvtUvr2xVs/ZXVF8wf3XYDkeuAtexUUAIiqihUAVQMAAYAFLRRQAUUUUAf/2Q==\", \"amount\": 4, \"full_price\": \"90.00\", \"product_id\": \"9a74784e-46b6-46de-bbbf-78da6699b9fc\", \"unit_price\": \"22.50\", \"final_price\": \"90.00\", \"unit_discount\": \"0.00\", \"total_discount\": \"0.00\", \"original_unit_price\": \"22.50\"}, {\"id\": \"9a747883-d3a0-47f4-9d96-fa595cdd53ee\", \"sku\": \"W-ER001\", \"name\": \"Crystal Drop Earrings\", \"type\": \"product\", \"urls\": null, \"image\": \"/9j/4AAQSkZJRgABAQEAYABgAAD//gA7Q1JFQVRPUjogZ2QtanBlZyB2MS4wICh1c2luZyBJSkcgSlBFRyB2ODApLCBxdWFsaXR5ID0gODAK/9sAQwAGBAUGBQQGBgUGBwcGCAoQCgoJCQoUDg8MEBcUGBgXFBYWGh0lHxobIxwWFiAsICMmJykqKRkfLTAtKDAlKCko/9sAQwEHBwcKCAoTCgoTKBoWGigoKCgoKCgoKCgoKCgoKCgoKCgoKCgoKCgoKCgoKCgoKCgoKCgoKCgoKCgoKCgoKCgo/8AAEQgAMgAyAwEiAAIRAQMRAf/EAB8AAAEFAQEBAQEBAAAAAAAAAAABAgMEBQYHCAkKC//EALUQAAIBAwMCBAMFBQQEAAABfQECAwAEEQUSITFBBhNRYQcicRQygZGhCCNCscEVUtHwJDNicoIJChYXGBkaJSYnKCkqNDU2Nzg5OkNERUZHSElKU1RVVldYWVpjZGVmZ2hpanN0dXZ3eHl6g4SFhoeIiYqSk5SVlpeYmZqio6Slpqeoqaqys7S1tre4ubrCw8TFxsfIycrS09TV1tfY2drh4uPk5ebn6Onq8fLz9PX29/j5+v/EAB8BAAMBAQEBAQEBAQEAAAAAAAABAgMEBQYHCAkKC//EALURAAIBAgQEAwQHBQQEAAECdwABAgMRBAUhMQYSQVEHYXETIjKBCBRCkaGxwQkjM1LwFWJy0QoWJDThJfEXGBkaJicoKSo1Njc4OTpDREVGR0hJSlNUVVZXWFlaY2RlZmdoaWpzdHV2d3h5eoKDhIWGh4iJipKTlJWWl5iZmqKjpKWmp6ipqrKztLW2t7i5usLDxMXGx8jJytLT1NXW19jZ2uLj5OXm5+jp6vLz9PX29/j5+v/aAAwDAQACEQMRAD8A+qaKK4bxFrbR6pe2/wBomE0K/uoIzt529Tz83XOPpQB3NFZnhy6mu9KjkuMmQEruJB3AdDkcHI9Kfr9xNbaVNLb/AOsG0Z6YBIBOe3HegDQorgNB1k/2nYw+bci4mbZJE/z7+PvHBwvC7s/44rv6ACiiigArD8RWkEskLm0Msx6srbSVBHBPf+nWtuRxGjOxwqgkn2rir+7tNWt4NUjuhLHbSNE8UbKdrE7XBywA27TnOT8pxzQB2FkYzZwGFPLjKDamMbRjpUk20ROXXcu05GM5FVNPvobiR4YpFcxorZXpgj/P50++vI7VoFkcIZn2Anp/nt+NAGX4fgijuJXWzWFm+ZW3bto/u+3at6uGivNN006hrk14tvbxqIS7FQCo3MGyOgyW4OO5PWuysbgXdnDOowJFDY9PagCeiiigBk8YlgkjPR1K/mK85sPC1tm8ktkeKYZLqVZUY7mLAjpncSSep616TWbNaRT3hnC4IUqw3EBs45I6Z469fegDC8GaRNa6ne3wu/Ns5Y1ijiAGFKk5YHvn/D0qz420mbUorGaK5aGO0kaSVFAPmqVxg10cG3ywFXYB/D6UshAQkjPt60AedXnhmzksYbmeM3A3ExmNd6qpHXGedwxx64rvdLgNtp9vCwwyoMj0NVms4ftENy0S7k3YHJ6nP0zx/hWmDkZFABRRRQAHoag/hNFFACw/6xvpSXPWP/eoooAQfdNTp90UUUALRRRQB//Z\", \"amount\": 10, \"full_price\": \"199.90\", \"product_id\": \"9a747851-b3f9-44bc-84b0-90f1250c5c3f\", \"unit_price\": \"19.99\", \"final_price\": \"199.90\", \"unit_discount\": \"0.00\", \"total_discount\": \"0.00\", \"original_unit_price\": \"19.99\"}, {\"id\": \"9a747884-21d5-4575-86e9-f1e2391fe608\", \"sku\": \"W-HA002\", \"name\": \"Classic Fedora Hat\", \"type\": \"product\", \"urls\": null, \"image\": \"/9j/4AAQSkZJRgABAQEAYABgAAD//gA7Q1JFQVRPUjogZ2QtanBlZyB2MS4wICh1c2luZyBJSkcgSlBFRyB2ODApLCBxdWFsaXR5ID0gODAK/9sAQwAGBAUGBQQGBgUGBwcGCAoQCgoJCQoUDg8MEBcUGBgXFBYWGh0lHxobIxwWFiAsICMmJykqKRkfLTAtKDAlKCko/9sAQwEHBwcKCAoTCgoTKBoWGigoKCgoKCgoKCgoKCgoKCgoKCgoKCgoKCgoKCgoKCgoKCgoKCgoKCgoKCgoKCgoKCgo/8AAEQgAMgAyAwEiAAIRAQMRAf/EAB8AAAEFAQEBAQEBAAAAAAAAAAABAgMEBQYHCAkKC//EALUQAAIBAwMCBAMFBQQEAAABfQECAwAEEQUSITFBBhNRYQcicRQygZGhCCNCscEVUtHwJDNicoIJChYXGBkaJSYnKCkqNDU2Nzg5OkNERUZHSElKU1RVVldYWVpjZGVmZ2hpanN0dXZ3eHl6g4SFhoeIiYqSk5SVlpeYmZqio6Slpqeoqaqys7S1tre4ubrCw8TFxsfIycrS09TV1tfY2drh4uPk5ebn6Onq8fLz9PX29/j5+v/EAB8BAAMBAQEBAQEBAQEAAAAAAAABAgMEBQYHCAkKC//EALURAAIBAgQEAwQHBQQEAAECdwABAgMRBAUhMQYSQVEHYXETIjKBCBRCkaGxwQkjM1LwFWJy0QoWJDThJfEXGBkaJicoKSo1Njc4OTpDREVGR0hJSlNUVVZXWFlaY2RlZmdoaWpzdHV2d3h5eoKDhIWGh4iJipKTlJWWl5iZmqKjpKWmp6ipqrKztLW2t7i5usLDxMXGx8jJytLT1NXW19jZ2uLj5OXm5+jp6vLz9PX29/j5+v/aAAwDAQACEQMRAD8A6nFZOoa/p1ixWSfzJB/BENx/wFc7rWrXOoO0cTtDa9Ao4LD3/wAKw5LXA+Uc1aRKidBeeOo0LLaafJM45w0gXH14OKztP8ZXd3q6TRWsi6fsO+N2GA3sep5HpjFef34ZXunvrp0/esI4YjtJx0JP5Vp+F7yWXT4w7iWUZDtnqfWonLlWh9HkGWYfGYjkr3t/X9afeeo6Tr7Xt+IJokjVwdmCc59DW+RXlFzdpYx/armdbdIyCHY4we2PevRPDepNrOlwX6tEYJV+XZnJPQk+n0/WlF3OrirKcPgakJ4dpJrWN9fX5/oaOKKdRVnyBw4hJHSmtCAMn8639T0/7PKXjH7ljn/dPpWVcRFgqKcEnFXdWuapX2OJ1LQRNM09yyzAcgDIJP4dqWxvbaIiy07y2lztG0fKD6D1P0rrvHnheSPw6x0+ebzTaT3Ty9h5aqdvtncf++a8z+GN3Yw63pxvYk820mBfIPzLjAbgE+n+TXFUqcyvE+my/GzwMPZ0l78t32XRIpeKNEurm+F1c3cl1CrFWUjHlH0x2/ECvSfgus0NpeQeYWtQ2VU9m9fbj+Vdn8TNQ05/BN0m5VN5H5cRCbDIxGARnnj19q4H4MmbT7m70+4Z3jlQSQyMpAcrwcHv1FRRqOT1PLx8W3KUtW97nqm2il59qK7TyB7KGUqwBU8EGuZ1/SLpUMunAydymcMPp6101GaW6sVGTi7oq2d6J/BOoG64/wBHeN1bjBIKnNfOGn2ktv4ria3B3xFgGjPX5SMj8cYr6EuIPtcWtaeOfOh3qvqev8xXL+F/C6RP5sygyM53HHQAkY/SvPg+WTgexP34qfc5u10q81nxRpn/AAk073TynCwFycIOcn/AV9D6rounp4eijS3jRowDGQOVI6EV5YbR7f4h6adnBjOT6dP8f0r1/VJMWK56AVhVdpW7GkVdepxdFMZyWJ55NFemqiaPGdJp2Je9AoorQyKNn/yNB/69l/8AQmq5pSjzFGBjn+dFFef/AMvpHsw/gRILlR/wnVrwPuGu41YA28IIBBI4NFFYVf4j+RrT+BHKTKBM4AAAY4Aooor1Y7I8aW7P/9k=\", \"amount\": 3, \"full_price\": \"55.50\", \"product_id\": \"9a747859-1df2-4b00-9a06-1d1e16b8a9ab\", \"unit_price\": \"18.50\", \"final_price\": \"55.50\", \"unit_discount\": \"0.00\", \"total_discount\": \"0.00\", \"original_unit_price\": \"18.50\"}, {\"id\": \"9a747884-309c-4833-accb-9694643c36e8\", \"sku\": \"M-TI003\", \"name\": \"Modern Skinny Tie\", \"type\": \"product\", \"urls\": null, \"image\": \"/9j/4AAQSkZJRgABAQEAYABgAAD//gA7Q1JFQVRPUjogZ2QtanBlZyB2MS4wICh1c2luZyBJSkcgSlBFRyB2ODApLCBxdWFsaXR5ID0gODAK/9sAQwAGBAUGBQQGBgUGBwcGCAoQCgoJCQoUDg8MEBcUGBgXFBYWGh0lHxobIxwWFiAsICMmJykqKRkfLTAtKDAlKCko/9sAQwEHBwcKCAoTCgoTKBoWGigoKCgoKCgoKCgoKCgoKCgoKCgoKCgoKCgoKCgoKCgoKCgoKCgoKCgoKCgoKCgoKCgo/8AAEQgAKAAyAwEiAAIRAQMRAf/EAB8AAAEFAQEBAQEBAAAAAAAAAAABAgMEBQYHCAkKC//EALUQAAIBAwMCBAMFBQQEAAABfQECAwAEEQUSITFBBhNRYQcicRQygZGhCCNCscEVUtHwJDNicoIJChYXGBkaJSYnKCkqNDU2Nzg5OkNERUZHSElKU1RVVldYWVpjZGVmZ2hpanN0dXZ3eHl6g4SFhoeIiYqSk5SVlpeYmZqio6Slpqeoqaqys7S1tre4ubrCw8TFxsfIycrS09TV1tfY2drh4uPk5ebn6Onq8fLz9PX29/j5+v/EAB8BAAMBAQEBAQEBAQEAAAAAAAABAgMEBQYHCAkKC//EALURAAIBAgQEAwQHBQQEAAECdwABAgMRBAUhMQYSQVEHYXETIjKBCBRCkaGxwQkjM1LwFWJy0QoWJDThJfEXGBkaJicoKSo1Njc4OTpDREVGR0hJSlNUVVZXWFlaY2RlZmdoaWpzdHV2d3h5eoKDhIWGh4iJipKTlJWWl5iZmqKjpKWmp6ipqrKztLW2t7i5usLDxMXGx8jJytLT1NXW19jZ2uLj5OXm5+jp6vLz9PX29/j5+v/aAAwDAQACEQMRAD8A+qaKK8y+NvjYeH9HOmWF2kOp3i4ZwfmhjPVgBzuPQenJ9KcYuTshpXdjH+KHxTFncyaV4evY43jJWe6RfMYHuqDpx3JP09a4TQvHWuW90J7bUdTumB+YS/vFb6g5rzqGaJX22du08p6NKNxP0UcfnmppZJQR/aF3sx0jB3MP+AjgfpXdGEYqx0RSSsfTHhv4p2N4Ei1i2ms5+hkRd8Z/AZI/X616DaXVveQLNaTRzRN0ZGBFfC2o6wN6W1hHMCT88pcbj/sqAOPrzUfhnxfq/h3X4L+wvJYRCyl0EhxIMgYYdGz3yM/lWM6UfskSguh950VU0+/ivbC2u48hJ4llXPowBH86K5jEyvHPie28KaDNf3BjMx+WCJ3C+Y/YfTufavkLxBfnVdTudR1W8e7vJ3Lv5S4GfTJ6AdBgdK9I+P8AfQ3vjprWeacpZQJGIkAwpYbyck9SGXt2FeYlrdSRBZ+Y3YyuW/QYrspQtG/c6IRsrle3lurkNHZxiGEfe2nA/wCBMetV7tbaxieW4l89lGRHB3PYbv8ACrUltdSkNeSJbxj7qudoH0Uc/pUl14Sv9U0+KTSmmfLbgwjwGx6DrVSlyobdkcXZyG4mUqowELZB6s2Sc/gOntW94N8PXfijxBpmi2sZfz5d7ygZKIOrHvgf/qrsvBPwI8VasyLd+TpmnZLebNkyAE8gKOT04yRX0x8PPh5onga1caZDvvJQBNdScu/t7D2/PNYOokjNzsjqbS0itbSG3iXEcSLGo9ABgUVYorAyPnL4peG/FN94+1a50zRJri1kZDHOkKNuAjUdTz2x+Fcwvgbx7cfImj3sYPH30jH8xRRW6rNLY19o0tjb0H4GeIby6ik1qa1tLYsDIgkLyEdxwMfrXvWgeFNN0aGNIYldkAAJHTHoKKKznNz3IlJy3N8DAwOlFFFQSFFFFAH/2Q==\", \"amount\": 5, \"full_price\": \"124.95\", \"product_id\": \"9a74785f-bb23-4d9c-890e-9c2a5424fb99\", \"unit_price\": \"22.99\", \"final_price\": \"114.95\", \"unit_discount\": \"2.00\", \"total_discount\": \"10.00\", \"original_unit_price\": \"24.99\"}, {\"id\": \"9a747884-2958-4756-9a27-bbe8793f0db0\", \"sku\": \"M-BR003\", \"name\": \"Beaded Charm Bracelet\", \"type\": \"product\", \"urls\": null, \"image\": \"/9j/4AAQSkZJRgABAQEAYABgAAD//gA7Q1JFQVRPUjogZ2QtanBlZyB2MS4wICh1c2luZyBJSkcgSlBFRyB2ODApLCBxdWFsaXR5ID0gODAK/9sAQwAGBAUGBQQGBgUGBwcGCAoQCgoJCQoUDg8MEBcUGBgXFBYWGh0lHxobIxwWFiAsICMmJykqKRkfLTAtKDAlKCko/9sAQwEHBwcKCAoTCgoTKBoWGigoKCgoKCgoKCgoKCgoKCgoKCgoKCgoKCgoKCgoKCgoKCgoKCgoKCgoKCgoKCgoKCgo/8AAEQgAMgAyAwEiAAIRAQMRAf/EAB8AAAEFAQEBAQEBAAAAAAAAAAABAgMEBQYHCAkKC//EALUQAAIBAwMCBAMFBQQEAAABfQECAwAEEQUSITFBBhNRYQcicRQygZGhCCNCscEVUtHwJDNicoIJChYXGBkaJSYnKCkqNDU2Nzg5OkNERUZHSElKU1RVVldYWVpjZGVmZ2hpanN0dXZ3eHl6g4SFhoeIiYqSk5SVlpeYmZqio6Slpqeoqaqys7S1tre4ubrCw8TFxsfIycrS09TV1tfY2drh4uPk5ebn6Onq8fLz9PX29/j5+v/EAB8BAAMBAQEBAQEBAQEAAAAAAAABAgMEBQYHCAkKC//EALURAAIBAgQEAwQHBQQEAAECdwABAgMRBAUhMQYSQVEHYXETIjKBCBRCkaGxwQkjM1LwFWJy0QoWJDThJfEXGBkaJicoKSo1Njc4OTpDREVGR0hJSlNUVVZXWFlaY2RlZmdoaWpzdHV2d3h5eoKDhIWGh4iJipKTlJWWl5iZmqKjpKWmp6ipqrKztLW2t7i5usLDxMXGx8jJytLT1NXW19jZ2uLj5OXm5+jp6vLz9PX29/j5+v/aAAwDAQACEQMRAD8A+qaKKKQBRRRQAUUUUAFFFFAHNePPGWneDdLS61DfJNKSsECD5pSMZ57AZGTXi8vjj4neN7nHg+xWz090kQTCMKuexLPkhu3y45rtP2g/Cd74j0O0utM+a808uyRHJEisBuAA/i+UY/GvHfBPxC8c6NpkGn2VpcmD7UY0Eln5jqE+8nqTk4wSDngY6VpFK3mSzvovh18UtRhd9T8ZGB5YY1MS3D4UhgSDtGDwOowSSfxvf8Kx8exLO9t47mE0s0UhcyP8wXOc8c9sduOc9qng74u674i8YX2h6hpMUEYSTcoibdAVP3Wz1zyDkDn8q2/EfxJsvh5pu2az+0NIR5NrEREqjBJOeQBx0A7isZVnGoqZagnHmOb1G1+NHhWHz7e+i1qCPzZHB2yfQAHDHjBA7cjHr13wn+Kv/CU3MWja5Zmz1sBhlfuSlRluDyjcE456de1cRrP7ScIDJpWjAEx43zyFtj4BJ2gDKjJxyM47dKz/AIRWGs+LfiTD4puIpLe0T/SWkCbVdzlBGO3AHJ7dD1rbdakbbH05RRRWZQjorjDqGHoRWDeeD9Bu/NMmmwJJKctJEuxyfXcMGt+igDlIPAml2wxZXGo2wJywjumIY9shsg1l+JPhZpHiO3EGq3+qSxg7gPMQYPqMJXf0UuVXv1Hfoec6T8GPBWnTrL/ZZumWPy1F1IZFVfZTx+ld7p9haadax21hbQ21vGu1I4kCqo9ABVmimIKKKKACiiigAooooAKKKKACiiigD//Z\", \"amount\": 7, \"full_price\": \"174.93\", \"product_id\": \"9a74786a-8a10-4faf-93d8-24010007d01d\", \"unit_price\": \"22.99\", \"final_price\": \"160.93\", \"unit_discount\": \"2.00\", \"total_discount\": \"14.00\", \"original_unit_price\": \"24.99\"}]','{\"id\": \"9a7477e7-b459-4207-91e8-90d44e67f9aa\", \"code\": \"3MQVN1ST3T\", \"slug\": \"5%-off-1\", \"type\": 1, \"value\": \"5%\", \"amount\": 5, \"enabled\": true, \"created_at\": \"2023-10-25T16:09:45.000000Z\", \"deleted_at\": null, \"updated_at\": \"2023-10-25T16:09:45.000000Z\", \"valid_from\": \"2023-10-12T08:00:00.000000Z\", \"valid_until\": \"2024-10-12T08:00:00.000000Z\"}','{\"id\": \"9a7477e9-1e1e-4ea6-becf-bd12ec656953\", \"name\": {\"de\": \"Lokal schwer (10–25 kg)\", \"en\": \"Local Heavy (10-25kg)\", \"fr\": \"Lourd local (10-25kg)\"}, \"slug\": \"local-heavy-1\", \"price\": 2.99, \"enabled\": true, \"created_at\": \"2023-10-25T16:09:46.000000Z\", \"deleted_at\": null, \"updated_at\": \"2023-10-25T16:09:46.000000Z\", \"description\": {\"de\": \"Wenn Sie in der Nähe wohnen, liefern wir bis zu Ihrer Haustür.\", \"en\": \"If you live nearby, we deliver to your door.\", \"fr\": \"Si vous habitez à proximité, nous livrons à votre porte.\"}, \"enabled_by_default_on_creation\": true}','{\"delivery\": 2.99, \"subtotal\": 1708.51, \"total_payable\": 1625.93, \"applied_discount\": 106.58}',1,'alice-cooper-port-sofia',NULL,'2023-10-25 16:11:32','2023-10-25 16:11:32'),('9a74788b-a7b3-41d5-8daa-6017d99a2dcf','9a7477c7-7ead-4c61-9d86-2080d2ddf454','9a747882-18f1-47df-9200-ecc0c8135489','{\"id\": \"9a747881-bf48-4af2-8446-35098bedcb53\", \"lat\": \"-68.236771\", \"lon\": \"172.849723\", \"name\": null, \"slug\": \"gavin-holmes-alisonhaven\", \"town\": \"Alisonhaven\", \"country\": \"UK\", \"user_id\": \"9a7477c7-7ead-4c61-9d86-2080d2ddf454\", \"post_code\": \"NP44 4PE\", \"created_at\": \"2023-10-25T16:11:26.000000Z\", \"deleted_at\": null, \"updated_at\": \"2023-10-25T16:11:26.000000Z\", \"address_line_1\": \"Flat 98 Baker Lane\", \"address_line_2\": null, \"google_maps_url\": \"https://www.google.com/maps/@-68.236771,172.849723,14z\"}','{\"amount\": \"772.52\", \"source\": {\"id\": \"9a747881-d5e7-45af-b4ad-7a6eb7a4e317\", \"name\": \"qui et\", \"slug\": \"holmes-qui-et\", \"brand\": \"american express\", \"user_id\": \"9a7477c7-7ead-4c61-9d86-2080d2ddf454\", \"exp_year\": \"2024\", \"exp_month\": \"1\", \"last_four\": \"9460\", \"source_id\": \"3sgpFgsn5nuHG7DAsCnAvavFBNyzg29XIBfeDnlfuC6dxuvKaupaUmt7U7qTULXsGVNfTnVEocDmiHcRyn0rKaWSGmgR5hgriqEazr6i6zVrEySDGbmxT0KZO4yp2n3XH0pdn5Xr8FOAqXvGxyDWpf\", \"created_at\": \"2023-10-25T16:11:26.000000Z\", \"deleted_at\": null, \"updated_at\": \"2023-10-25T16:11:26.000000Z\", \"stripe_user_id\": \"e0nRpC2lXYKoLdhqiLqDuu8D8z3K37WPRs50ENXWj0gmZelrTXykgAyV0K1NwXto6qGIhnDIONqq6vYqNx2pdRruXJlrVmJdh9JdaRShrJdT1EWMYUy77Gf3\", \"payment_method_id\": 1}, \"created_at\": \"25-10-2023 16:11\", \"payment_ref\": \"TwSaXQ3tKV\"}','[{\"id\": \"9a747884-42bb-4235-8a9d-802dbdece39c\", \"sku\": \"M-J002\", \"name\": \"Casual V-Neck Modern Jumper - (Size) S\", \"type\": \"product_variant\", \"urls\": null, \"image\": \"/9j/4AAQSkZJRgABAQEAYABgAAD//gA7Q1JFQVRPUjogZ2QtanBlZyB2MS4wICh1c2luZyBJSkcgSlBFRyB2ODApLCBxdWFsaXR5ID0gODAK/9sAQwAGBAUGBQQGBgUGBwcGCAoQCgoJCQoUDg8MEBcUGBgXFBYWGh0lHxobIxwWFiAsICMmJykqKRkfLTAtKDAlKCko/9sAQwEHBwcKCAoTCgoTKBoWGigoKCgoKCgoKCgoKCgoKCgoKCgoKCgoKCgoKCgoKCgoKCgoKCgoKCgoKCgoKCgoKCgo/8AAEQgAMgAyAwEiAAIRAQMRAf/EAB8AAAEFAQEBAQEBAAAAAAAAAAABAgMEBQYHCAkKC//EALUQAAIBAwMCBAMFBQQEAAABfQECAwAEEQUSITFBBhNRYQcicRQygZGhCCNCscEVUtHwJDNicoIJChYXGBkaJSYnKCkqNDU2Nzg5OkNERUZHSElKU1RVVldYWVpjZGVmZ2hpanN0dXZ3eHl6g4SFhoeIiYqSk5SVlpeYmZqio6Slpqeoqaqys7S1tre4ubrCw8TFxsfIycrS09TV1tfY2drh4uPk5ebn6Onq8fLz9PX29/j5+v/EAB8BAAMBAQEBAQEBAQEAAAAAAAABAgMEBQYHCAkKC//EALURAAIBAgQEAwQHBQQEAAECdwABAgMRBAUhMQYSQVEHYXETIjKBCBRCkaGxwQkjM1LwFWJy0QoWJDThJfEXGBkaJicoKSo1Njc4OTpDREVGR0hJSlNUVVZXWFlaY2RlZmdoaWpzdHV2d3h5eoKDhIWGh4iJipKTlJWWl5iZmqKjpKWmp6ipqrKztLW2t7i5usLDxMXGx8jJytLT1NXW19jZ2uLj5OXm5+jp6vLz9PX29/j5+v/aAAwDAQACEQMRAD8A6dVqVRxz0pi1zfxPtru68DanHYTtDLsBO3q65+ZfbIpt21ZCTbsjobLULG9eSOzvLaeSP76xSqxX6gHirTLXhvw98AX1jrWl6imoTwukuZkWPZhcZ2kk859hjHevdazp1Y1FeLNatCdFpTViB1yKqyrV4ioJVrQyKWaKkMZzRQBIrgck8UjXKRwhptx8wZWPbzj0x/nrVGacpCSOpIX8yB/WrU0Yhvo5JTv86VIoxj7i7eR/M/XFfN57mU8HVpxh2b9Xsr+W7+49jLMHGvCUpen/AA3nsZXhjSbmGSSZtsIMrNGgGSFzgBjnB+XA4xW/NJPpxlu7jyzbFAr/AOwATzj8f5VdgUKPlHQ4NLqJfyx5aq+CDtJxkf5zXx6zTF4uoqK1Un8O33dU/me9UoUYrnlpZb+RG+0hXiYNE43Kw5BBqJhTdPMMWnJaxqUMRwiFSML6fh0/CnGvv8nxVTE4ZOsmpRdnfS9uvz6+dz5XHUY0azUHdPVEW2ilor1TjOf371AJ6EH8jmrrTSTGNmYbw6AEDp8wrKjbpRql2tlpsl277FgIkLYJ6EenNcWNwkKsJVOS81FpfNHThsRKEowcrRumzsbNi0jt2JzVi8U7Qw6VwNl8SdBUnfeorHqFt5D/AEFalp460fU7u2srS4dpJ2IBMRVScZxkn2r4DLcpx1PHU6joySTV207W69D6LGY7DSoyiqiba7o6DtUbdKk7VDIa/TD5QjzRTM0UDOaTrVHxh/yKWqf9cDRRVx3M3seFyf8AH1H/ALtdR4WJGu6OQcH7XDz/AMDFFFd/RnnS3ifRZ6VA/SiivOPUK1FFFIZ//9k=\", \"amount\": 5, \"full_price\": \"107.50\", \"product_id\": \"9a7477f8-f3a4-4a28-ab49-b20f28d9bd1e\", \"unit_price\": \"21.50\", \"final_price\": \"107.50\", \"unit_discount\": \"0.00\", \"total_discount\": \"0.00\", \"product_variant_id\": \"9a747872-b2a3-458b-bf9c-7a8224cd9440\", \"original_unit_price\": \"21.50\"}, {\"id\": \"9a747884-3986-4e28-90f0-83a80b50d2c1\", \"sku\": \"W-P002\", \"name\": \"Sporty Performance Polo - (Size) XS\", \"type\": \"product_variant\", \"urls\": null, \"image\": \"/9j/4AAQSkZJRgABAQEAYABgAAD//gA7Q1JFQVRPUjogZ2QtanBlZyB2MS4wICh1c2luZyBJSkcgSlBFRyB2ODApLCBxdWFsaXR5ID0gODAK/9sAQwAGBAUGBQQGBgUGBwcGCAoQCgoJCQoUDg8MEBcUGBgXFBYWGh0lHxobIxwWFiAsICMmJykqKRkfLTAtKDAlKCko/9sAQwEHBwcKCAoTCgoTKBoWGigoKCgoKCgoKCgoKCgoKCgoKCgoKCgoKCgoKCgoKCgoKCgoKCgoKCgoKCgoKCgoKCgo/8AAEQgAMgAyAwEiAAIRAQMRAf/EAB8AAAEFAQEBAQEBAAAAAAAAAAABAgMEBQYHCAkKC//EALUQAAIBAwMCBAMFBQQEAAABfQECAwAEEQUSITFBBhNRYQcicRQygZGhCCNCscEVUtHwJDNicoIJChYXGBkaJSYnKCkqNDU2Nzg5OkNERUZHSElKU1RVVldYWVpjZGVmZ2hpanN0dXZ3eHl6g4SFhoeIiYqSk5SVlpeYmZqio6Slpqeoqaqys7S1tre4ubrCw8TFxsfIycrS09TV1tfY2drh4uPk5ebn6Onq8fLz9PX29/j5+v/EAB8BAAMBAQEBAQEBAQEAAAAAAAABAgMEBQYHCAkKC//EALURAAIBAgQEAwQHBQQEAAECdwABAgMRBAUhMQYSQVEHYXETIjKBCBRCkaGxwQkjM1LwFWJy0QoWJDThJfEXGBkaJicoKSo1Njc4OTpDREVGR0hJSlNUVVZXWFlaY2RlZmdoaWpzdHV2d3h5eoKDhIWGh4iJipKTlJWWl5iZmqKjpKWmp6ipqrKztLW2t7i5usLDxMXGx8jJytLT1NXW19jZ2uLj5OXm5+jp6vLz9PX29/j5+v/aAAwDAQACEQMRAD8A8y8PWDMUwCS/AwPzr6A8E6fFb6aLeNDI8gAOckE4/LvXjHw7mSa/iF3m3jDgAlsb8jt6cA/pXS6z8WYvDuprBZ2/2+xjba8hfkDuFGMZB7557V4NWFWpPlijouktTt/E/iGW48VJ4K0GSytLxYPtN/fXJAS2TICgZ6sSy/TI6dRmeE/E99pni+78G6jrEWou8Rkhu4UVSzLnfGcE4x1654Oa4Xwb44j1X4uW+rQ2jSS3y/Y5FaMY8sEFHbOeQQo4PYdKyfGmraxafFDTtXlsLhYbKRxC7QBRISW6lRg5zjNddGEoRVPyNoqKiptdT27xDFdGHytPQrkfM69c+1ccfACSzi41GVnPLEZ6/wCeT+VcxJ8aNTCrmxtck44Q/wDxVQWnxc1rV9QgtLe1tYpbgZG5S3bPr7elCpyWxo5Um7ydzfm8J24lfYqKu44G3oKKyJvE/iBJnQ/YSVYj/UH/AOKopWkVzUTm9Xt5dGna0STZJb2+G2nkMz4PP+6BXJ6kgkg2t0LAHH1r2KP4jaKJQ8vhHSriWXAZ5EVicDjJIPbFaFr470W4miWPwTojA8YFshb2x8vWnDFSitYfkcMopvc9e8M/DvwzaWwvdGsRp08qiN5ITkkKfu/PnjKg8Yzir2qx6X4U0S51m4D+YkW+R3YyN64UEnHPYcVk+F9W1O4hnV7kRRwyFEUx8nABOfzP5V5l8cdT1a5CWM94PsbEB0XgnPHWvVjJSjzoxmnFuDOA+L8LXuvWmqrCFN6iyMQoXPIIJ98H9K4bwgWi8VaHKq7gJoQR7EgH+dexNq2l6VZW2o61oa6nZzW8UMImOdjKDnB+hFZh8c+CVvYHtvBFpFcRMpR0crtI6HivNnibybjF2N3T5PdbMrU79F1K7Gekrj9TRVa/1/R5764l/siceZIzYE/Ayc/3aKjm8mM5CKYM6gkZ6jmus8Fzu/iXR40USA3UYIPI++OK5W30XU2OY4GbP+wwx+ldR4M0TVrbWorq6jSKCJZXyzY52Ntz+OKqSi9Lijuj6gttS0eQywabqWl3U6sfPEd3GWB6lQufwJP09a87+JOiTXVvLdT7BucLGNwLMx7KPbrXz1quoNatLIuN0nysduOPwqlpMdybj7TY3M0UpJZpIXZSM+4Ir1lTa9xbHM5J+91PSvGN0X+Gvh2GTChGnBz6h8fyry5phHOhUg812/iKyv8A/hCNAtzGWfbJccP0UsQOvXPBrz65tbyJ/ngZceteZCCV1c66t3Z+SNVplLE5PJoqiEmIB2/rRT5TM+19NsLPycfZLf8A79r/AIVn+PbO2j8I6g0dvCrBAQVQAjkUUV5S+NGkfjXqfHXiL/WTDtuNdb4ljS31+ZIEWJPJhO1BtGTGuTxRRX1H/L1ej/Q4Xsdf4K/f+J9Hgm/eQjT2by35XO0c46V1muWNptf/AEWD/v2KKK+er/xf67ndW+JeiOQNrb5P7iL/AL4FFFFIzP/Z\", \"amount\": 5, \"full_price\": \"97.50\", \"product_id\": \"9a747809-b1c9-4f86-a887-d19fe25ff2d1\", \"unit_price\": \"19.50\", \"final_price\": \"97.50\", \"unit_discount\": \"0.00\", \"total_discount\": \"0.00\", \"product_variant_id\": \"9a747874-18fc-4581-80b2-1c3827c4a915\", \"original_unit_price\": \"19.50\"}, {\"id\": \"9a747884-5460-4f1d-aa29-524e5873396b\", \"sku\": \"W-BO001\", \"name\": \"Classic Ankle Boots - (Size) 9.5, (Colour) Midnight Blue\", \"type\": \"product_variant\", \"urls\": null, \"image\": \"/9j/4AAQSkZJRgABAQEAYABgAAD//gA7Q1JFQVRPUjogZ2QtanBlZyB2MS4wICh1c2luZyBJSkcgSlBFRyB2ODApLCBxdWFsaXR5ID0gODAK/9sAQwAGBAUGBQQGBgUGBwcGCAoQCgoJCQoUDg8MEBcUGBgXFBYWGh0lHxobIxwWFiAsICMmJykqKRkfLTAtKDAlKCko/9sAQwEHBwcKCAoTCgoTKBoWGigoKCgoKCgoKCgoKCgoKCgoKCgoKCgoKCgoKCgoKCgoKCgoKCgoKCgoKCgoKCgoKCgo/8AAEQgAMgAyAwEiAAIRAQMRAf/EAB8AAAEFAQEBAQEBAAAAAAAAAAABAgMEBQYHCAkKC//EALUQAAIBAwMCBAMFBQQEAAABfQECAwAEEQUSITFBBhNRYQcicRQygZGhCCNCscEVUtHwJDNicoIJChYXGBkaJSYnKCkqNDU2Nzg5OkNERUZHSElKU1RVVldYWVpjZGVmZ2hpanN0dXZ3eHl6g4SFhoeIiYqSk5SVlpeYmZqio6Slpqeoqaqys7S1tre4ubrCw8TFxsfIycrS09TV1tfY2drh4uPk5ebn6Onq8fLz9PX29/j5+v/EAB8BAAMBAQEBAQEBAQEAAAAAAAABAgMEBQYHCAkKC//EALURAAIBAgQEAwQHBQQEAAECdwABAgMRBAUhMQYSQVEHYXETIjKBCBRCkaGxwQkjM1LwFWJy0QoWJDThJfEXGBkaJicoKSo1Njc4OTpDREVGR0hJSlNUVVZXWFlaY2RlZmdoaWpzdHV2d3h5eoKDhIWGh4iJipKTlJWWl5iZmqKjpKWmp6ipqrKztLW2t7i5usLDxMXGx8jJytLT1NXW19jZ2uLj5OXm5+jp6vLz9PX29/j5+v/aAAwDAQACEQMRAD8A9Hs7c8VrwWxx0qaytMAZFakUGO1fHKLkfWV8Tdnyn4ztvsXxB8Z2BHEhjuh+Kgk/+RKwPDT4Yc967P4z+XB8Y7lEwGuNOUP9QpP8kFcDoblZWHoa+kpa0437I86i7yZ1+q3eLVgWzxW/8GLcyWWszjo0yJn6An/2auB1e4OwjPavY/gTYZ8CTTEfNNeSNn2Cqv8ASuXHO1Fno0JqnNM1TbcmiugNlyeKK8XmPY+toh1f4oeDdB1aXTdS1cR3cJ2yqkEkgQ+hKqRn27Vi698e/B2nWrNpb3Wq3GPljihaJc/7TOBgfQGvHPjV8N9d0TxFqutpbtd6ReXMlz58ILeTvYsVkHUYz16e/avKa92jg6Timnc+MnVk3qdfqXiS78X/ABFXWNQVYpbqdF8uP7saABQoz7Dn15pNHIa5lC5+8az/AAjas95LeEfJbIce8jAhR/M/hXQ6Rpz2l1KJByDz9a7GklZG2FT1ZV1PJYg19FfAJA3w2gwQSLiUEDtznn8Dn8a+edXxJcFQdq/xH0r079nbX2tfEl3ocjH7NfR+ZCpP3ZEH9VBz/uiuTFQ56bR21NFc9yNuMniitExjNFeL7Ij2zNNrYMhDD5SOc14n8Q/DvwuspJrnUYLV7w5Pk2R2lm99pAH413vx3l1uL4c3i+GrO4u7uZ1jlW3QtIsXJYgDnsB34Jr5B0/xHBZ3Dpqun5lDHPmKVI9sV9EsOo6o82lVi/jdjrtMtItQ1NX0+xSx0yJ90UKjr7k9z71e1k22nWrecp8zn5h/F71lRfEHSYogIoHQ46Dp/Kud1HWL7xfqcOn6NZz3VxMdscMQyWP+Hr0+ta8j2On29OPUytU1QzSkQgLGD949M/411nwPmaT4m6EoLEmYjPT+E1yV74P8VWmoNb33h7VEcZAxauysQf4SBg/hXp3wG8D+JofiTpF7e6Lf2ljbO7yzXEBiUDYwH3gM5JA4qvZxtY5auMnN2WiPqv7OfSitfYvpRXJ9UiR9YZFqPFjNj+4a+UviPY2kt5O8lrA78/M0YJoorqe5NL4WeMrDF9vC+Um3eRjaMV9efs8aZYWuiXFxbWVrDO7bXkjiVWYDoCQMmiirZkevkDPQUY5oopCCiiigR//Z\", \"amount\": 9, \"full_price\": \"254.25\", \"product_id\": \"9a74782c-e18a-4cbe-ac40-3290e193835b\", \"unit_price\": \"28.25\", \"final_price\": \"254.25\", \"unit_discount\": \"0.00\", \"total_discount\": \"0.00\", \"product_variant_id\": \"9a74786c-200c-43e1-9c82-7529390f4e56\", \"original_unit_price\": \"28.25\"}, {\"id\": \"9a747884-4c18-4127-971f-01322b4eb9e4\", \"sku\": \"W-PS002\", \"name\": \"Chunky Heel Platform Sandals - (Size) 8\", \"type\": \"product_variant\", \"urls\": null, \"image\": \"/9j/4AAQSkZJRgABAQEAYABgAAD//gA7Q1JFQVRPUjogZ2QtanBlZyB2MS4wICh1c2luZyBJSkcgSlBFRyB2ODApLCBxdWFsaXR5ID0gODAK/9sAQwAGBAUGBQQGBgUGBwcGCAoQCgoJCQoUDg8MEBcUGBgXFBYWGh0lHxobIxwWFiAsICMmJykqKRkfLTAtKDAlKCko/9sAQwEHBwcKCAoTCgoTKBoWGigoKCgoKCgoKCgoKCgoKCgoKCgoKCgoKCgoKCgoKCgoKCgoKCgoKCgoKCgoKCgoKCgo/8AAEQgAMgAyAwEiAAIRAQMRAf/EAB8AAAEFAQEBAQEBAAAAAAAAAAABAgMEBQYHCAkKC//EALUQAAIBAwMCBAMFBQQEAAABfQECAwAEEQUSITFBBhNRYQcicRQygZGhCCNCscEVUtHwJDNicoIJChYXGBkaJSYnKCkqNDU2Nzg5OkNERUZHSElKU1RVVldYWVpjZGVmZ2hpanN0dXZ3eHl6g4SFhoeIiYqSk5SVlpeYmZqio6Slpqeoqaqys7S1tre4ubrCw8TFxsfIycrS09TV1tfY2drh4uPk5ebn6Onq8fLz9PX29/j5+v/EAB8BAAMBAQEBAQEBAQEAAAAAAAABAgMEBQYHCAkKC//EALURAAIBAgQEAwQHBQQEAAECdwABAgMRBAUhMQYSQVEHYXETIjKBCBRCkaGxwQkjM1LwFWJy0QoWJDThJfEXGBkaJicoKSo1Njc4OTpDREVGR0hJSlNUVVZXWFlaY2RlZmdoaWpzdHV2d3h5eoKDhIWGh4iJipKTlJWWl5iZmqKjpKWmp6ipqrKztLW2t7i5usLDxMXGx8jJytLT1NXW19jZ2uLj5OXm5+jp6vLz9PX29/j5+v/aAAwDAQACEQMRAD8A91ReatRL0qGMc1aTtQBg2AMl7duennP+QJA/lXY6enl2cK/7Ofz5rk9DHmxs3/PRv5muxX7orOkup0VnokcWkC3evajKSf31wIT9Fwn9K7bGBgdK5XRof+JrOo6C7lP5MTXVmnBbsVV7IZiiloqzE5+Mc1m+JtdsdCsBJf3McDznyoQ7AbnI/p1JrQR68b+MXibRptTm0bUwFurGS2mi3ruDKXRnx6fKSPwpPYcFdnp2k31lZW1l9puoIjKyKoeQAsxIwAO5z2rtWdUjLOQFUZJPavG/Dur6HIu7wjov9oTQEqkyW/kopBycyOBjkk8Z78VvfGbXb/Sfhpe6hpkogvVaEqRhgCZFyORyOopQ00NKju7s2PCOqrqOovLHa3EcM7PNFK4XaysSR0JI4PcCuxJrxjwZrV7p2tWNhqUzl7iBb+3W1hASSKUlmznJGwsRgHsMZ6V6vBfRXUKywOHjYAhh3HWnDTQVTo0Xd1FVPP8AeiqMjESYZr5h+LJNz8XtRKjcF8sEeoEK5H5A19LS20i5KHPtXyz46upD8UdUeKNpZTOYlRRksdmzGPWkI9g03U9V0jX7rwhZNabbdfNtru6lJdoGGUAQD5iv3ScjpTfEjzeKvBuo6HFcl4oJwh1Cd1/fOj7nAUYGFzjj0xjivN/ja8s2raLdzQGKVtPSNg2VIZScj/x4Vw+nTzeZtLts2n5TKWHQjoeO5/OkovdGzqJq0kfQXjH4d3vibwz4ZitNRtPtWmwLEs4zskTaoyCM/wB0fnXUfC7wpeeFLS/hvLiKYXEiugjyduFxjJ/CtfwM6yeENGIAA+yRcAYH3RXQDGKoyHfjRSZooAo1Sa1t5LlZZIInkU5DsgJB+tFFAiHxBplhqFoRf2VrdBOVE0Svj6ZFcvpHhzQxegjRtNBB/wCfVP8ACiioe5a2PQoUVI1VFCqBgADAAqYdBRRVkhRRRQB//9k=\", \"amount\": 6, \"full_price\": \"177.00\", \"product_id\": \"9a747834-63a6-46a1-b33d-abeb1dc773d9\", \"unit_price\": \"29.50\", \"final_price\": \"177.00\", \"unit_discount\": \"0.00\", \"total_discount\": \"0.00\", \"product_variant_id\": \"9a747876-e8d6-4528-8956-47b1cb3a2692\", \"original_unit_price\": \"29.50\"}, {\"id\": \"9a747884-65dd-4b24-9a0c-a1335dc3d2e3\", \"sku\": \"M-BO003\", \"name\": \"Outdoor Hiking Boots - (Size) 8.5, (Colour) Midnight Blue\", \"type\": \"product_variant\", \"urls\": null, \"image\": \"/9j/4AAQSkZJRgABAQEAYABgAAD//gA7Q1JFQVRPUjogZ2QtanBlZyB2MS4wICh1c2luZyBJSkcgSlBFRyB2ODApLCBxdWFsaXR5ID0gODAK/9sAQwAGBAUGBQQGBgUGBwcGCAoQCgoJCQoUDg8MEBcUGBgXFBYWGh0lHxobIxwWFiAsICMmJykqKRkfLTAtKDAlKCko/9sAQwEHBwcKCAoTCgoTKBoWGigoKCgoKCgoKCgoKCgoKCgoKCgoKCgoKCgoKCgoKCgoKCgoKCgoKCgoKCgoKCgoKCgo/8AAEQgAMgAyAwEiAAIRAQMRAf/EAB8AAAEFAQEBAQEBAAAAAAAAAAABAgMEBQYHCAkKC//EALUQAAIBAwMCBAMFBQQEAAABfQECAwAEEQUSITFBBhNRYQcicRQygZGhCCNCscEVUtHwJDNicoIJChYXGBkaJSYnKCkqNDU2Nzg5OkNERUZHSElKU1RVVldYWVpjZGVmZ2hpanN0dXZ3eHl6g4SFhoeIiYqSk5SVlpeYmZqio6Slpqeoqaqys7S1tre4ubrCw8TFxsfIycrS09TV1tfY2drh4uPk5ebn6Onq8fLz9PX29/j5+v/EAB8BAAMBAQEBAQEBAQEAAAAAAAABAgMEBQYHCAkKC//EALURAAIBAgQEAwQHBQQEAAECdwABAgMRBAUhMQYSQVEHYXETIjKBCBRCkaGxwQkjM1LwFWJy0QoWJDThJfEXGBkaJicoKSo1Njc4OTpDREVGR0hJSlNUVVZXWFlaY2RlZmdoaWpzdHV2d3h5eoKDhIWGh4iJipKTlJWWl5iZmqKjpKWmp6ipqrKztLW2t7i5usLDxMXGx8jJytLT1NXW19jZ2uLj5OXm5+jp6vLz9PX29/j5+v/aAAwDAQACEQMRAD8A+qa4P4meLr3wpfaI9usDWErSNeBhmQopT7nboW6+1d5Xzt8VdTbxH4huhAd1lADaRkHrgncw+rEj6AVMnZDSuev+BvHWkeMrOefTGdPJ271lwDhs4PB9jW/p2pWWoozWNzHMFJDBTypBxyOo5Br5Wjjh0fTYLWCJVRUO4YyTxknOR+fvXb/AyPf46nmgY+UNNxIAwIzvGAevr7dKiNRt2KcbHvtFFFakBRRRQByHxO1qXSNAWK1dori+c28cw42HaW4PrgHH4+lfPOnxymO1aRdssYKtnOcgkGvdPjP4k8P6J4ejtvEMVxcNdNut4rfAkDJg7wSRjBI+ucYIzXgfhjXxrom81VW5gxuCjAZT0P5isqqdrouDszQ1ETMrHINsU2nkrg/3iR7V1Pwo1EWvjXTpGjEUdzFJa4BBwTtKg8Z6oK55YkkjNvJKQXOQckAc8dKxxJLpmoJdW0lxHdRyEwyoxyCDwcAn9fes6epU2fXtFfFc/wAS/HKXzC78RXySLkbRhRn6AYz+FeifCr41a1c+JLHRvE/lXdveSLBHchAkkbMcLuxwQSQOme+a6LmR9IUUUUwPmb9qSxux4v0q9Me60ksxEhI43q7Fh+TL+deQ+Gr9tK1dZxxGfkmTGDtPX+XH0r7r1XS7DV7Q2uqWdveW5OfLnjDrn1we/vXLj4W+CQXP/CPWhL9SSxP4c8fhSsB4ZcXtpBYx3jXMX2eTiOXrk+n14qjNd2V+sfl3sQkAI5cxk5+uPSvV/FXwmSGKd/CscL2sxBl0q5bEZ45MbnO09ODx7ivIPEPw/wBT0u4kihs9UtHHIie2e4ib/dkjDAjkdefWsvZpO6L529Gc54ti02S8BtGJvlUbwpDI3tuz1rsvgP4AvNe8RWOu3cEsGlafIs6vIpXzpFIKqvqAQCT7Y71y+heBPF3iG8gt7XS7pIWcBp5YDHEozySxA/Ic19p28YhgjiGMIoUYGBwPStIqysS3cfRRRVCCiiigAooooAKKKKACiiigD//Z\", \"amount\": 1, \"full_price\": \"29.99\", \"product_id\": \"9a747845-b20e-487e-9f86-7b4e736ba01a\", \"unit_price\": \"29.99\", \"final_price\": \"29.99\", \"unit_discount\": \"0.00\", \"total_discount\": \"0.00\", \"product_variant_id\": \"9a74786f-e48e-4600-b40f-20e23883e036\", \"original_unit_price\": \"29.99\"}, {\"id\": \"9a747884-5bab-4703-ae20-d66d5556c3be\", \"sku\": \"M-TI003\", \"name\": \"Modern Skinny Tie\", \"type\": \"product\", \"urls\": null, \"image\": \"/9j/4AAQSkZJRgABAQEAYABgAAD//gA7Q1JFQVRPUjogZ2QtanBlZyB2MS4wICh1c2luZyBJSkcgSlBFRyB2ODApLCBxdWFsaXR5ID0gODAK/9sAQwAGBAUGBQQGBgUGBwcGCAoQCgoJCQoUDg8MEBcUGBgXFBYWGh0lHxobIxwWFiAsICMmJykqKRkfLTAtKDAlKCko/9sAQwEHBwcKCAoTCgoTKBoWGigoKCgoKCgoKCgoKCgoKCgoKCgoKCgoKCgoKCgoKCgoKCgoKCgoKCgoKCgoKCgoKCgo/8AAEQgAKAAyAwEiAAIRAQMRAf/EAB8AAAEFAQEBAQEBAAAAAAAAAAABAgMEBQYHCAkKC//EALUQAAIBAwMCBAMFBQQEAAABfQECAwAEEQUSITFBBhNRYQcicRQygZGhCCNCscEVUtHwJDNicoIJChYXGBkaJSYnKCkqNDU2Nzg5OkNERUZHSElKU1RVVldYWVpjZGVmZ2hpanN0dXZ3eHl6g4SFhoeIiYqSk5SVlpeYmZqio6Slpqeoqaqys7S1tre4ubrCw8TFxsfIycrS09TV1tfY2drh4uPk5ebn6Onq8fLz9PX29/j5+v/EAB8BAAMBAQEBAQEBAQEAAAAAAAABAgMEBQYHCAkKC//EALURAAIBAgQEAwQHBQQEAAECdwABAgMRBAUhMQYSQVEHYXETIjKBCBRCkaGxwQkjM1LwFWJy0QoWJDThJfEXGBkaJicoKSo1Njc4OTpDREVGR0hJSlNUVVZXWFlaY2RlZmdoaWpzdHV2d3h5eoKDhIWGh4iJipKTlJWWl5iZmqKjpKWmp6ipqrKztLW2t7i5usLDxMXGx8jJytLT1NXW19jZ2uLj5OXm5+jp6vLz9PX29/j5+v/aAAwDAQACEQMRAD8A+qaKK8y+NvjYeH9HOmWF2kOp3i4ZwfmhjPVgBzuPQenJ9KcYuTshpXdjH+KHxTFncyaV4evY43jJWe6RfMYHuqDpx3JP09a4TQvHWuW90J7bUdTumB+YS/vFb6g5rzqGaJX22du08p6NKNxP0UcfnmppZJQR/aF3sx0jB3MP+AjgfpXdGEYqx0RSSsfTHhv4p2N4Ei1i2ms5+hkRd8Z/AZI/X616DaXVveQLNaTRzRN0ZGBFfC2o6wN6W1hHMCT88pcbj/sqAOPrzUfhnxfq/h3X4L+wvJYRCyl0EhxIMgYYdGz3yM/lWM6UfskSguh950VU0+/ivbC2u48hJ4llXPowBH86K5jEyvHPie28KaDNf3BjMx+WCJ3C+Y/YfTufavkLxBfnVdTudR1W8e7vJ3Lv5S4GfTJ6AdBgdK9I+P8AfQ3vjprWeacpZQJGIkAwpYbyck9SGXt2FeYlrdSRBZ+Y3YyuW/QYrspQtG/c6IRsrle3lurkNHZxiGEfe2nA/wCBMetV7tbaxieW4l89lGRHB3PYbv8ACrUltdSkNeSJbxj7qudoH0Uc/pUl14Sv9U0+KTSmmfLbgwjwGx6DrVSlyobdkcXZyG4mUqowELZB6s2Sc/gOntW94N8PXfijxBpmi2sZfz5d7ygZKIOrHvgf/qrsvBPwI8VasyLd+TpmnZLebNkyAE8gKOT04yRX0x8PPh5onga1caZDvvJQBNdScu/t7D2/PNYOokjNzsjqbS0itbSG3iXEcSLGo9ABgUVYorAyPnL4peG/FN94+1a50zRJri1kZDHOkKNuAjUdTz2x+Fcwvgbx7cfImj3sYPH30jH8xRRW6rNLY19o0tjb0H4GeIby6ik1qa1tLYsDIgkLyEdxwMfrXvWgeFNN0aGNIYldkAAJHTHoKKKznNz3IlJy3N8DAwOlFFFQSFFFFAH/2Q==\", \"amount\": 7, \"full_price\": \"174.93\", \"product_id\": \"9a74785f-bb23-4d9c-890e-9c2a5424fb99\", \"unit_price\": \"22.99\", \"final_price\": \"160.93\", \"unit_discount\": \"2.00\", \"total_discount\": \"14.00\", \"original_unit_price\": \"24.99\"}]','{\"id\": \"9a7477e7-b637-48d5-aa8e-f3bc1573f9c5\", \"code\": \"B73UYS7FW1\", \"slug\": \"7.5%-off-1\", \"type\": 1, \"value\": \"7.5%\", \"amount\": 7.5, \"enabled\": true, \"created_at\": \"2023-10-25T16:09:45.000000Z\", \"deleted_at\": null, \"updated_at\": \"2023-10-25T16:09:45.000000Z\", \"valid_from\": \"2023-10-12T08:00:00.000000Z\", \"valid_until\": \"2024-10-12T08:00:00.000000Z\"}','{\"id\": \"9a7477e9-bb89-4f55-b993-a5b1192b65d7\", \"name\": {\"de\": \"Standard Small (unter 5 kg)\", \"en\": \"Standard Small (under 5kg)\", \"fr\": \"Standard petit (moins de 5 kg)\"}, \"slug\": \"standard-small-1\", \"price\": 7.99, \"enabled\": true, \"created_at\": \"2023-10-25T16:09:46.000000Z\", \"deleted_at\": null, \"updated_at\": \"2023-10-25T16:09:46.000000Z\", \"description\": {\"de\": \"Zustellung per königlicher Post. (ca. 3-5 Tage)\", \"en\": \"Royal mail delivery. (approximately 3-5 days)\", \"fr\": \"Livraison du courrier royal. (environ 3 à 5 jours)\"}, \"enabled_by_default_on_creation\": true}','{\"delivery\": 7.99, \"subtotal\": 827.17, \"total_payable\": 772.52, \"applied_discount\": 68.65}',1,'gavin-holmes-alisonhaven-1',NULL,'2023-10-25 16:11:33','2023-10-25 16:11:33'),('9a74788c-79e5-4ec0-b3b1-543c0a6f3232','9a7477c7-969d-4b87-952e-a426043095ae','9a747882-2072-4eb9-bb8e-2929f7298682','{\"id\": \"9a747881-c2b5-4404-8025-c087631e712f\", \"lat\": \"-79.796876\", \"lon\": \"128.528690\", \"name\": null, \"slug\": \"lucy-martin-south-tonyshire\", \"town\": \"South Tonyshire\", \"country\": \"UK\", \"user_id\": \"9a7477c7-969d-4b87-952e-a426043095ae\", \"post_code\": \"RM14 3PA\", \"created_at\": \"2023-10-25T16:11:26.000000Z\", \"deleted_at\": null, \"updated_at\": \"2023-10-25T16:11:26.000000Z\", \"address_line_1\": \"537 Ward Walk\", \"address_line_2\": null, \"google_maps_url\": \"https://www.google.com/maps/@-79.796876,128.528690,14z\"}','{\"amount\": \"1565.58\", \"source\": {\"id\": \"9a747881-dcef-4604-adbb-2f4f650ea09d\", \"name\": \"aut incidunt\", \"slug\": \"martin-aut-incidunt\", \"brand\": \"american express\", \"user_id\": \"9a7477c7-969d-4b87-952e-a426043095ae\", \"exp_year\": \"2025\", \"exp_month\": \"6\", \"last_four\": \"4490\", \"source_id\": \"4TaW6nlynwtEkcx54v4JqNI5WG986xvaQVlEYRyVSERFzfmUt8PL9r23OAFJVT07aX5Mfs7t3TlSvNrYgqy7VKRiDR6i1ChU3d9Z6jK1hkr45rhO79Htz5gG6c7bgdLctruTCQJPjXqkoca9qPttvh\", \"created_at\": \"2023-10-25T16:11:26.000000Z\", \"deleted_at\": null, \"updated_at\": \"2023-10-25T16:11:26.000000Z\", \"stripe_user_id\": \"x9pcX4ouOcEUdX97uwq4zV500th91PXO2il98uAAxgbCB7Fj66qXqviFzeN2RFI0oSX42GI8nKj6CXtFqqdZxk064jlRjtLWnePul5C4Bpx5cnQmpQLlyiYE\", \"payment_method_id\": 4}, \"created_at\": \"25-10-2023 16:11\", \"payment_ref\": \"ySCmbOBZWE\"}','[{\"id\": \"9a747884-a9c2-4d32-ac25-b64394c5a621\", \"sku\": \"M-S001\", \"name\": \"Classic Dress Shirt - (Size) XS\", \"type\": \"product_variant\", \"urls\": null, \"image\": \"/9j/4AAQSkZJRgABAQEAYABgAAD//gA7Q1JFQVRPUjogZ2QtanBlZyB2MS4wICh1c2luZyBJSkcgSlBFRyB2ODApLCBxdWFsaXR5ID0gODAK/9sAQwAGBAUGBQQGBgUGBwcGCAoQCgoJCQoUDg8MEBcUGBgXFBYWGh0lHxobIxwWFiAsICMmJykqKRkfLTAtKDAlKCko/9sAQwEHBwcKCAoTCgoTKBoWGigoKCgoKCgoKCgoKCgoKCgoKCgoKCgoKCgoKCgoKCgoKCgoKCgoKCgoKCgoKCgoKCgo/8AAEQgAMgAyAwEiAAIRAQMRAf/EAB8AAAEFAQEBAQEBAAAAAAAAAAABAgMEBQYHCAkKC//EALUQAAIBAwMCBAMFBQQEAAABfQECAwAEEQUSITFBBhNRYQcicRQygZGhCCNCscEVUtHwJDNicoIJChYXGBkaJSYnKCkqNDU2Nzg5OkNERUZHSElKU1RVVldYWVpjZGVmZ2hpanN0dXZ3eHl6g4SFhoeIiYqSk5SVlpeYmZqio6Slpqeoqaqys7S1tre4ubrCw8TFxsfIycrS09TV1tfY2drh4uPk5ebn6Onq8fLz9PX29/j5+v/EAB8BAAMBAQEBAQEBAQEAAAAAAAABAgMEBQYHCAkKC//EALURAAIBAgQEAwQHBQQEAAECdwABAgMRBAUhMQYSQVEHYXETIjKBCBRCkaGxwQkjM1LwFWJy0QoWJDThJfEXGBkaJicoKSo1Njc4OTpDREVGR0hJSlNUVVZXWFlaY2RlZmdoaWpzdHV2d3h5eoKDhIWGh4iJipKTlJWWl5iZmqKjpKWmp6ipqrKztLW2t7i5usLDxMXGx8jJytLT1NXW19jZ2uLj5OXm5+jp6vLz9PX29/j5+v/aAAwDAQACEQMRAD8A41jgcVe8NeH7nxRqhs7dxFGq75JSuQo7ceprMmfanFeufDTT/wCxvCX9oyjbPeMJiT2QfdH5ZP8AwKvnslwH1zEKMl7q1ZeMr+xp3W5b8O/Duy0BXkti09zIMSSTHqOuABwOefWta68IW2p+YmpIlzBLhirDDZHQ5HPT8q6eCdJYwRjJp8hTygHLqAAcoxB/Svu4whTjyRgrWtt0Z4rnJ7yffc8f8W/DlNC0yfUtJuJnih+aS3k+Yhe5B9uvPbPNchBJvUGveDdw3t/c2DMJEEI3oWycNuGD9QK8OvtPfSdWu7B8kwSFAT3XsfxGD+NfF8SZbHDONamrJ7+p6uAxDqXjJ7Bn2opKK+TPRM7w9pTa5r1npwYqsr5dh2QDLfoDXdfGnxLH4f8ADQ0nTjtu7mMRQqh5iQcFvwHA96y/BzxeGbK61u9khE7RgRxE5bY3IGPU4z9MV5xrt1c6/rkl9fsWlnkAA7IueFHsK+6wFeGX4RSi06k/vXr+n/APLxFGdatyzi1GP4+h9XWUflxIPQCrMg3Lj1XH6UyMYWn5yB9BX1T1dzyjxaLWpNI+O1zbTSFbfUII4uegZVJX+bD6mtL4o2Yh120vFGFuoMN7snB/QrXC/Gbzbb4jSXVuds0Kwyxn0IGR+ortfGOqR6zoPh+7DxrKUZjGrZ+8Fyfwx+tfN5vWjicHXhLeEtPv/wCHO/DxdOrBraSOYwKKUDiivz657Rz95JLLBFDJIzRRZ2KTwueuKx70mJd6cMpyDWxJjBrLv1yhBr1qMndXIlqfTnhDXrHxNolvqOm3MU6PGpdUbJifHKMOxB9a1of9WD22ivgy21rVvDuqXh0XUrzT2kbDm2maPcM5AODz1qe48deKrqyls7nxFqs1tKux45Lp2DL6HJ6V+iQxacU2tzxZYN30eh6t8Rtcs/EPjbUG05lkhtdtt5qtkSFRyR7ZJH4ZrpLnVIL7QtOt/KVZoDtUqeibQOfqf5V478PFDwT5/vj+Vej2g2qMV8NnFZqtUiurPaw/7unyI0AeKKZv9qK+esaHPTVn3n3TRRXqUtzNnmfiL/kLT/h/KsxelFFfa0P4cPRHI9zvPh1/qJ/+ug/lXpFv0oor5DOP95kddL4S1iiiivHNT//Z\", \"amount\": 8, \"full_price\": \"231.92\", \"product_id\": \"9a7477f2-28ae-416f-b8ce-8b73a7ff31da\", \"unit_price\": \"28.99\", \"final_price\": \"231.92\", \"unit_discount\": \"0.00\", \"total_discount\": \"0.00\", \"product_variant_id\": \"9a747872-2af4-44e6-b4a0-af65836a3a9b\", \"original_unit_price\": \"28.99\"}, {\"id\": \"9a747884-77da-46bd-adf2-93a2b28c8040\", \"sku\": \"M-J002\", \"name\": \"Casual V-Neck Modern Jumper - (Size) S\", \"type\": \"product_variant\", \"urls\": null, \"image\": \"/9j/4AAQSkZJRgABAQEAYABgAAD//gA7Q1JFQVRPUjogZ2QtanBlZyB2MS4wICh1c2luZyBJSkcgSlBFRyB2ODApLCBxdWFsaXR5ID0gODAK/9sAQwAGBAUGBQQGBgUGBwcGCAoQCgoJCQoUDg8MEBcUGBgXFBYWGh0lHxobIxwWFiAsICMmJykqKRkfLTAtKDAlKCko/9sAQwEHBwcKCAoTCgoTKBoWGigoKCgoKCgoKCgoKCgoKCgoKCgoKCgoKCgoKCgoKCgoKCgoKCgoKCgoKCgoKCgoKCgo/8AAEQgAMgAyAwEiAAIRAQMRAf/EAB8AAAEFAQEBAQEBAAAAAAAAAAABAgMEBQYHCAkKC//EALUQAAIBAwMCBAMFBQQEAAABfQECAwAEEQUSITFBBhNRYQcicRQygZGhCCNCscEVUtHwJDNicoIJChYXGBkaJSYnKCkqNDU2Nzg5OkNERUZHSElKU1RVVldYWVpjZGVmZ2hpanN0dXZ3eHl6g4SFhoeIiYqSk5SVlpeYmZqio6Slpqeoqaqys7S1tre4ubrCw8TFxsfIycrS09TV1tfY2drh4uPk5ebn6Onq8fLz9PX29/j5+v/EAB8BAAMBAQEBAQEBAQEAAAAAAAABAgMEBQYHCAkKC//EALURAAIBAgQEAwQHBQQEAAECdwABAgMRBAUhMQYSQVEHYXETIjKBCBRCkaGxwQkjM1LwFWJy0QoWJDThJfEXGBkaJicoKSo1Njc4OTpDREVGR0hJSlNUVVZXWFlaY2RlZmdoaWpzdHV2d3h5eoKDhIWGh4iJipKTlJWWl5iZmqKjpKWmp6ipqrKztLW2t7i5usLDxMXGx8jJytLT1NXW19jZ2uLj5OXm5+jp6vLz9PX29/j5+v/aAAwDAQACEQMRAD8A6dVqVRxz0pi1zfxPtru68DanHYTtDLsBO3q65+ZfbIpt21ZCTbsjobLULG9eSOzvLaeSP76xSqxX6gHirTLXhvw98AX1jrWl6imoTwukuZkWPZhcZ2kk859hjHevdazp1Y1FeLNatCdFpTViB1yKqyrV4ioJVrQyKWaKkMZzRQBIrgck8UjXKRwhptx8wZWPbzj0x/nrVGacpCSOpIX8yB/WrU0Yhvo5JTv86VIoxj7i7eR/M/XFfN57mU8HVpxh2b9Xsr+W7+49jLMHGvCUpen/AA3nsZXhjSbmGSSZtsIMrNGgGSFzgBjnB+XA4xW/NJPpxlu7jyzbFAr/AOwATzj8f5VdgUKPlHQ4NLqJfyx5aq+CDtJxkf5zXx6zTF4uoqK1Un8O33dU/me9UoUYrnlpZb+RG+0hXiYNE43Kw5BBqJhTdPMMWnJaxqUMRwiFSML6fh0/CnGvv8nxVTE4ZOsmpRdnfS9uvz6+dz5XHUY0azUHdPVEW2ilor1TjOf371AJ6EH8jmrrTSTGNmYbw6AEDp8wrKjbpRql2tlpsl277FgIkLYJ6EenNcWNwkKsJVOS81FpfNHThsRKEowcrRumzsbNi0jt2JzVi8U7Qw6VwNl8SdBUnfeorHqFt5D/AEFalp460fU7u2srS4dpJ2IBMRVScZxkn2r4DLcpx1PHU6joySTV207W69D6LGY7DSoyiqiba7o6DtUbdKk7VDIa/TD5QjzRTM0UDOaTrVHxh/yKWqf9cDRRVx3M3seFyf8AH1H/ALtdR4WJGu6OQcH7XDz/AMDFFFd/RnnS3ifRZ6VA/SiivOPUK1FFFIZ//9k=\", \"amount\": 2, \"full_price\": \"43.00\", \"product_id\": \"9a7477f8-f3a4-4a28-ab49-b20f28d9bd1e\", \"unit_price\": \"21.50\", \"final_price\": \"43.00\", \"unit_discount\": \"0.00\", \"total_discount\": \"0.00\", \"product_variant_id\": \"9a747872-b2a3-458b-bf9c-7a8224cd9440\", \"original_unit_price\": \"21.50\"}, {\"id\": \"9a747884-cd62-4cb1-949b-bf3301ae8d74\", \"sku\": \"W-P002\", \"name\": \"Sporty Performance Polo - (Size) S\", \"type\": \"product_variant\", \"urls\": null, \"image\": \"/9j/4AAQSkZJRgABAQEAYABgAAD//gA7Q1JFQVRPUjogZ2QtanBlZyB2MS4wICh1c2luZyBJSkcgSlBFRyB2ODApLCBxdWFsaXR5ID0gODAK/9sAQwAGBAUGBQQGBgUGBwcGCAoQCgoJCQoUDg8MEBcUGBgXFBYWGh0lHxobIxwWFiAsICMmJykqKRkfLTAtKDAlKCko/9sAQwEHBwcKCAoTCgoTKBoWGigoKCgoKCgoKCgoKCgoKCgoKCgoKCgoKCgoKCgoKCgoKCgoKCgoKCgoKCgoKCgoKCgo/8AAEQgAMgAyAwEiAAIRAQMRAf/EAB8AAAEFAQEBAQEBAAAAAAAAAAABAgMEBQYHCAkKC//EALUQAAIBAwMCBAMFBQQEAAABfQECAwAEEQUSITFBBhNRYQcicRQygZGhCCNCscEVUtHwJDNicoIJChYXGBkaJSYnKCkqNDU2Nzg5OkNERUZHSElKU1RVVldYWVpjZGVmZ2hpanN0dXZ3eHl6g4SFhoeIiYqSk5SVlpeYmZqio6Slpqeoqaqys7S1tre4ubrCw8TFxsfIycrS09TV1tfY2drh4uPk5ebn6Onq8fLz9PX29/j5+v/EAB8BAAMBAQEBAQEBAQEAAAAAAAABAgMEBQYHCAkKC//EALURAAIBAgQEAwQHBQQEAAECdwABAgMRBAUhMQYSQVEHYXETIjKBCBRCkaGxwQkjM1LwFWJy0QoWJDThJfEXGBkaJicoKSo1Njc4OTpDREVGR0hJSlNUVVZXWFlaY2RlZmdoaWpzdHV2d3h5eoKDhIWGh4iJipKTlJWWl5iZmqKjpKWmp6ipqrKztLW2t7i5usLDxMXGx8jJytLT1NXW19jZ2uLj5OXm5+jp6vLz9PX29/j5+v/aAAwDAQACEQMRAD8A8y8PWDMUwCS/AwPzr6A8E6fFb6aLeNDI8gAOckE4/LvXjHw7mSa/iF3m3jDgAlsb8jt6cA/pXS6z8WYvDuprBZ2/2+xjba8hfkDuFGMZB7557V4NWFWpPlijouktTt/E/iGW48VJ4K0GSytLxYPtN/fXJAS2TICgZ6sSy/TI6dRmeE/E99pni+78G6jrEWou8Rkhu4UVSzLnfGcE4x1654Oa4Xwb44j1X4uW+rQ2jSS3y/Y5FaMY8sEFHbOeQQo4PYdKyfGmraxafFDTtXlsLhYbKRxC7QBRISW6lRg5zjNddGEoRVPyNoqKiptdT27xDFdGHytPQrkfM69c+1ccfACSzi41GVnPLEZ6/wCeT+VcxJ8aNTCrmxtck44Q/wDxVQWnxc1rV9QgtLe1tYpbgZG5S3bPr7elCpyWxo5Um7ydzfm8J24lfYqKu44G3oKKyJvE/iBJnQ/YSVYj/UH/AOKopWkVzUTm9Xt5dGna0STZJb2+G2nkMz4PP+6BXJ6kgkg2t0LAHH1r2KP4jaKJQ8vhHSriWXAZ5EVicDjJIPbFaFr470W4miWPwTojA8YFshb2x8vWnDFSitYfkcMopvc9e8M/DvwzaWwvdGsRp08qiN5ITkkKfu/PnjKg8Yzir2qx6X4U0S51m4D+YkW+R3YyN64UEnHPYcVk+F9W1O4hnV7kRRwyFEUx8nABOfzP5V5l8cdT1a5CWM94PsbEB0XgnPHWvVjJSjzoxmnFuDOA+L8LXuvWmqrCFN6iyMQoXPIIJ98H9K4bwgWi8VaHKq7gJoQR7EgH+dexNq2l6VZW2o61oa6nZzW8UMImOdjKDnB+hFZh8c+CVvYHtvBFpFcRMpR0crtI6HivNnibybjF2N3T5PdbMrU79F1K7Gekrj9TRVa/1/R5764l/siceZIzYE/Ayc/3aKjm8mM5CKYM6gkZ6jmus8Fzu/iXR40USA3UYIPI++OK5W30XU2OY4GbP+wwx+ldR4M0TVrbWorq6jSKCJZXyzY52Ntz+OKqSi9Lijuj6gttS0eQywabqWl3U6sfPEd3GWB6lQufwJP09a87+JOiTXVvLdT7BucLGNwLMx7KPbrXz1quoNatLIuN0nysduOPwqlpMdybj7TY3M0UpJZpIXZSM+4Ir1lTa9xbHM5J+91PSvGN0X+Gvh2GTChGnBz6h8fyry5phHOhUg812/iKyv8A/hCNAtzGWfbJccP0UsQOvXPBrz65tbyJ/ngZceteZCCV1c66t3Z+SNVplLE5PJoqiEmIB2/rRT5TM+19NsLPycfZLf8A79r/AIVn+PbO2j8I6g0dvCrBAQVQAjkUUV5S+NGkfjXqfHXiL/WTDtuNdb4ljS31+ZIEWJPJhO1BtGTGuTxRRX1H/L1ej/Q4Xsdf4K/f+J9Hgm/eQjT2by35XO0c46V1muWNptf/AEWD/v2KKK+er/xf67ndW+JeiOQNrb5P7iL/AL4FFFFIzP/Z\", \"amount\": 9, \"full_price\": \"175.50\", \"product_id\": \"9a747809-b1c9-4f86-a887-d19fe25ff2d1\", \"unit_price\": \"19.50\", \"final_price\": \"175.50\", \"unit_discount\": \"0.00\", \"total_discount\": \"0.00\", \"product_variant_id\": \"9a747874-28e5-4b9a-9063-10d28e5f6dcb\", \"original_unit_price\": \"19.50\"}, {\"id\": \"9a747884-819a-47a6-b7af-d7c9dc87bd3f\", \"sku\": \"W-S001\", \"name\": \"Elegant A-Line Skirt - (Size) XS, (Colour) Midnight Blue\", \"type\": \"product_variant\", \"urls\": null, \"image\": \"/9j/4AAQSkZJRgABAQEAYABgAAD//gA7Q1JFQVRPUjogZ2QtanBlZyB2MS4wICh1c2luZyBJSkcgSlBFRyB2ODApLCBxdWFsaXR5ID0gODAK/9sAQwAGBAUGBQQGBgUGBwcGCAoQCgoJCQoUDg8MEBcUGBgXFBYWGh0lHxobIxwWFiAsICMmJykqKRkfLTAtKDAlKCko/9sAQwEHBwcKCAoTCgoTKBoWGigoKCgoKCgoKCgoKCgoKCgoKCgoKCgoKCgoKCgoKCgoKCgoKCgoKCgoKCgoKCgoKCgo/8AAEQgAMgAyAwEiAAIRAQMRAf/EAB8AAAEFAQEBAQEBAAAAAAAAAAABAgMEBQYHCAkKC//EALUQAAIBAwMCBAMFBQQEAAABfQECAwAEEQUSITFBBhNRYQcicRQygZGhCCNCscEVUtHwJDNicoIJChYXGBkaJSYnKCkqNDU2Nzg5OkNERUZHSElKU1RVVldYWVpjZGVmZ2hpanN0dXZ3eHl6g4SFhoeIiYqSk5SVlpeYmZqio6Slpqeoqaqys7S1tre4ubrCw8TFxsfIycrS09TV1tfY2drh4uPk5ebn6Onq8fLz9PX29/j5+v/EAB8BAAMBAQEBAQEBAQEAAAAAAAABAgMEBQYHCAkKC//EALURAAIBAgQEAwQHBQQEAAECdwABAgMRBAUhMQYSQVEHYXETIjKBCBRCkaGxwQkjM1LwFWJy0QoWJDThJfEXGBkaJicoKSo1Njc4OTpDREVGR0hJSlNUVVZXWFlaY2RlZmdoaWpzdHV2d3h5eoKDhIWGh4iJipKTlJWWl5iZmqKjpKWmp6ipqrKztLW2t7i5usLDxMXGx8jJytLT1NXW19jZ2uLj5OXm5+jp6vLz9PX29/j5+v/aAAwDAQACEQMRAD8A+k7T7orQiHfNZ1qflFUfEsVrd2Zhvo0eFPn+Y4AP50Uoc8kjOtVVKLkzYvbBJ8vGQkvXd61z+paWk4KTH7NdH7sinCv/APXrjdT0GwSP/R5JLbPKtFdTRforVxev6RqVrHi313UELfMgluEdfw3813f2bKSvFnAs1pp2kmjofEWiX1vdJHd+YUZsBySRj2NW9LgNvp8UT8Fc/wA6840rW/F9jqEMd7ry3NkXAePMbkr+GcGvTDOHOc9a5a2GnQtzdTvo4mGIXudCbBoqPzBRWBsegi5S3tHmkOERSx/CuYv9RRzELyVYwym4lZjgKMgBf1P/AHzTvE14wsYLWP707jdj+6K4vWb5p5tbaOOCZYpI7MCY/IQib2/8elI/CvYwGH9xTfU8HMsReo6a2X5sng1M6x4hvvLnSW2iYRR+Wcrj61zHxC1BbfxjArvtjS3I56dq2fh9abN8v2WO2DNu2RklfrXH+PLM6v4wSJWIJfbx+Fery2dl0PKi1zO5NZkanoWp6gLC3hsoZIolcRgPOxcbiT2AGOnc+1dHpl75lpEd2TtwT9OK0/EGnwaT4AezgULHGinHvkHNcPoN2N1xCDyjhsemRz+oavOzGPPS5l0Z6uVztVce6O3FyMdaKxhNx1orwz6Cx6Dc232meO43sxjHEfr9DXn+pW58O6Iw1qdDeSzTXMgjbKszuSME47YFd7az8DmsXxzZxX+lh5FB2cHNdcMxqUIbXSOKWV0cTU1dmxPBDrLoqTqVbcucqQRXKaFCNS+IU7HlbYFm9iTxXC6lf3GlyE6bcS20qjG6JypI9DjqK9X+A2jFvDs2taqxuL3UHLF27KvAGB+NbwzqEk246mNXhypTfuzTRa8fSrJpEkG4BXwD+deX2kLQavPcIf3ciBWGe4JP9TXq3j2CxKsPK5Ho7D+teVtKPMOOmaitmcatJ04RLw+UTw1RVJyv6G0Lk4HNFZgm4FFeZc9Wx6xaHim69zod5n/nnRRTqfAyaX8Rep89awSbl8mvo/4UgD4faVgY/dH/ANCNFFcNM9nEbI5vx2Tubk968xY/MaKK2pbM48T0JAeBRRRWpzH/2Q==\", \"amount\": 3, \"full_price\": \"86.97\", \"product_id\": \"9a74780d-d674-4712-aaa2-87e907ee492c\", \"unit_price\": \"28.99\", \"final_price\": \"86.97\", \"unit_discount\": \"0.00\", \"total_discount\": \"0.00\", \"product_variant_id\": \"9a74786e-d03c-47ca-978e-0b02b3d5c68d\", \"original_unit_price\": \"28.99\"}, {\"id\": \"9a747884-c3c2-4e97-9e05-0af28445171c\", \"sku\": \"W-J002\", \"name\": \"Casual V-Neck Jumper - (Size) L\", \"type\": \"product_variant\", \"urls\": null, \"image\": \"/9j/4AAQSkZJRgABAQEAYABgAAD//gA7Q1JFQVRPUjogZ2QtanBlZyB2MS4wICh1c2luZyBJSkcgSlBFRyB2ODApLCBxdWFsaXR5ID0gODAK/9sAQwAGBAUGBQQGBgUGBwcGCAoQCgoJCQoUDg8MEBcUGBgXFBYWGh0lHxobIxwWFiAsICMmJykqKRkfLTAtKDAlKCko/9sAQwEHBwcKCAoTCgoTKBoWGigoKCgoKCgoKCgoKCgoKCgoKCgoKCgoKCgoKCgoKCgoKCgoKCgoKCgoKCgoKCgoKCgo/8AAEQgAMgAyAwEiAAIRAQMRAf/EAB8AAAEFAQEBAQEBAAAAAAAAAAABAgMEBQYHCAkKC//EALUQAAIBAwMCBAMFBQQEAAABfQECAwAEEQUSITFBBhNRYQcicRQygZGhCCNCscEVUtHwJDNicoIJChYXGBkaJSYnKCkqNDU2Nzg5OkNERUZHSElKU1RVVldYWVpjZGVmZ2hpanN0dXZ3eHl6g4SFhoeIiYqSk5SVlpeYmZqio6Slpqeoqaqys7S1tre4ubrCw8TFxsfIycrS09TV1tfY2drh4uPk5ebn6Onq8fLz9PX29/j5+v/EAB8BAAMBAQEBAQEBAQEAAAAAAAABAgMEBQYHCAkKC//EALURAAIBAgQEAwQHBQQEAAECdwABAgMRBAUhMQYSQVEHYXETIjKBCBRCkaGxwQkjM1LwFWJy0QoWJDThJfEXGBkaJicoKSo1Njc4OTpDREVGR0hJSlNUVVZXWFlaY2RlZmdoaWpzdHV2d3h5eoKDhIWGh4iJipKTlJWWl5iZmqKjpKWmp6ipqrKztLW2t7i5usLDxMXGx8jJytLT1NXW19jZ2uLj5OXm5+jp6vLz9PX29/j5+v/aAAwDAQACEQMRAD8A6/yuaS4aK1t3nuJFjiQZZmOABWkIcmvJ/jFqV0skdnau3l85UDgn2Pcj8h9aJS5UXGPM7FHVPFl54m8RW+i6JOLS3mk2ecW2kr/E7HsoGTx6V1PjnwrP8NtCXXNP8Sy6jmSNLi3lxhd3RgMnj2PPvXkHgG5OheObGfWLaKSGYNH5Vym5Rkcbh9cV7P8AGTxBHpHw6tIWtNNmudTjS28xIgcKi8nIJ6ZXA7Zz7VzuclI6lCLjcv8AhXXbXxFpyz2xCyrxJH3U/wBR71rNF7V4V8MHu7G/iltjuhccH0PdT/n+VfQ6w7kVsdRmuiMr6HNOHLqjJ8o0VqeR7UVRmaSwe1cd418P2Ec0WsXW5mQhAh6EnoPYDBPFejLD7Vx/xbj8rwjvGeJ1/wDQWppKTSY1JrY4C00nSJdZGo3GnRXUoGF3MePpzjNdrrs+ma/oaaXe6Lavap80aMM+X7qRgqevIrzPwRrpubC2MiF22AMxPU9D+tdc2obJFZVwK09hBvmsNVZJWuaPhDw5pNpNLbW1t5SyAMqZLBSDkEE5IPFdy1vx0rkvC16t34qWNB0wh/74z/WvR2tvapnFRehN29zC+z0VtfZvaioAnSPnpXD/ABrYReDFT+OS4QD8AxNeiJHzXlf7RU8Ft4c0sTsw8y5KAIMsQRg4HfqKqHxITPG/AqbNNBiUgeY5J9fmPSu1mBNsWHVea4bR/Eeh6ZBFZzNPD5ShQX2c49dpPNdNp3ijSLj/AFDTTJ0YCFmGPwFdKEdb4PBg8ew+Ww8p5Yz/AN9xqf617e8PtXgXg+4tH8caU9lL5kMksOcggo28rtOfYLX0Y8YrCruhozPK9qKveWPSishlNK8M/ayJGi+G8HH+mN/JaKKun8SFLY+dIfmxu+bnvzT4/lj3Lwy4wR1FFFei9jhW57h8M5Hn1TwZJM7SSMxyznJOJxjJPpX1E9FFcFXc7o7EVFFFZDP/2Q==\", \"amount\": 10, \"full_price\": \"215.00\", \"product_id\": \"9a747814-fdd4-4823-af61-b85220c6fb22\", \"unit_price\": \"21.50\", \"final_price\": \"215.00\", \"unit_discount\": \"0.00\", \"total_discount\": \"0.00\", \"product_variant_id\": \"9a747874-e255-4ad9-9233-906781a54ed6\", \"original_unit_price\": \"21.50\"}, {\"id\": \"9a747884-6ee3-4eae-8faa-a53e395fa624\", \"sku\": \"W-SK002\", \"name\": \"Sporty Ankle Socks - (Size) 10\", \"type\": \"product_variant\", \"urls\": null, \"image\": \"/9j/4AAQSkZJRgABAQEAYABgAAD//gA7Q1JFQVRPUjogZ2QtanBlZyB2MS4wICh1c2luZyBJSkcgSlBFRyB2ODApLCBxdWFsaXR5ID0gODAK/9sAQwAGBAUGBQQGBgUGBwcGCAoQCgoJCQoUDg8MEBcUGBgXFBYWGh0lHxobIxwWFiAsICMmJykqKRkfLTAtKDAlKCko/9sAQwEHBwcKCAoTCgoTKBoWGigoKCgoKCgoKCgoKCgoKCgoKCgoKCgoKCgoKCgoKCgoKCgoKCgoKCgoKCgoKCgoKCgo/8AAEQgAMgAyAwEiAAIRAQMRAf/EAB8AAAEFAQEBAQEBAAAAAAAAAAABAgMEBQYHCAkKC//EALUQAAIBAwMCBAMFBQQEAAABfQECAwAEEQUSITFBBhNRYQcicRQygZGhCCNCscEVUtHwJDNicoIJChYXGBkaJSYnKCkqNDU2Nzg5OkNERUZHSElKU1RVVldYWVpjZGVmZ2hpanN0dXZ3eHl6g4SFhoeIiYqSk5SVlpeYmZqio6Slpqeoqaqys7S1tre4ubrCw8TFxsfIycrS09TV1tfY2drh4uPk5ebn6Onq8fLz9PX29/j5+v/EAB8BAAMBAQEBAQEBAQEAAAAAAAABAgMEBQYHCAkKC//EALURAAIBAgQEAwQHBQQEAAECdwABAgMRBAUhMQYSQVEHYXETIjKBCBRCkaGxwQkjM1LwFWJy0QoWJDThJfEXGBkaJicoKSo1Njc4OTpDREVGR0hJSlNUVVZXWFlaY2RlZmdoaWpzdHV2d3h5eoKDhIWGh4iJipKTlJWWl5iZmqKjpKWmp6ipqrKztLW2t7i5usLDxMXGx8jJytLT1NXW19jZ2uLj5OXm5+jp6vLz9PX29/j5+v/aAAwDAQACEQMRAD8A9gUACmkgVJ5ZfGCoB9TimzJBAM3N0iD25pkjN1PWQVXOo6TGoZpi4JwCTgE1S1XxDb28Mf8AZ6wNIzYyRvwME96BpXNtTkZFNOCa5mx8S3cmoW6XMubd32uigAYIxnj0zn8K3tzRzNG3UHFK45RsT7faijNFMmxj69EZ7KP53QRygkoxBOQQBx7kVSVsiPMsjY4wT7VtXKFredQMtsJUe45FcxEsu3cy7QWGCTkAUhjPEltGbQXSLm4iydxJyF2nP9K5eGV2ijbznZCykBmJz09a7j7OXTy5EGHB6jFcrd6P/ZsCW0sn7wRjy3zhSBwP5UpLqbUn0H6bIX1C3zG2zzACT09K792LwQzH74/dv/vL/wDWxXmYZnWKUuxIOMdArDqK9D0O6GoWf+1KmSPSRev5j+dEdgqrqXhJxRVbcaKLmJfQYlFcxBH5bXtuTkxSEDPcdq6nHziuf1eP7Pr77jsS7iXDHoGFMENTcBwxyOevaqPiVBPpkcp5aB+f909f1x+dTlbtLoR+V5gH93+ND6e/T8q0bTSrq6XYLZmt3BDiVSpwfrQOLs7nncYVLuW3+bypMfNj/Vv0B+h6fl610nhCW5t7meKUYaNRMCv3SQR0/A/pW83gNpA0c+oGOAjG1UXcR9SOvvXQ6XoOn6cvyCSZ9u0vIckj3/8A1UktTWdSLVkILGCYCVZVCv8AMBnoDRWmI7YAAW8QA7YoqrGFzHPUVQ8QIkj2wdVYYPBGfSiigEdRpkEMcUQjijQFRkKoGasXJKkBSQPQUUUAQNULmiigTIs0UUUwP//Z\", \"amount\": 3, \"full_price\": \"43.50\", \"product_id\": \"9a74781f-10cc-4cac-aa74-c373841f91c5\", \"unit_price\": \"14.50\", \"final_price\": \"43.50\", \"unit_discount\": \"0.00\", \"total_discount\": \"0.00\", \"product_variant_id\": \"9a747875-7683-4e53-a401-844bbae517a0\", \"original_unit_price\": \"14.50\"}, {\"id\": \"9a747884-d53f-445c-84b0-338187ede940\", \"sku\": \"W-BO001\", \"name\": \"Classic Ankle Boots - (Size) 8.5, (Colour) Dark Green\", \"type\": \"product_variant\", \"urls\": null, \"image\": \"/9j/4AAQSkZJRgABAQEAYABgAAD//gA7Q1JFQVRPUjogZ2QtanBlZyB2MS4wICh1c2luZyBJSkcgSlBFRyB2ODApLCBxdWFsaXR5ID0gODAK/9sAQwAGBAUGBQQGBgUGBwcGCAoQCgoJCQoUDg8MEBcUGBgXFBYWGh0lHxobIxwWFiAsICMmJykqKRkfLTAtKDAlKCko/9sAQwEHBwcKCAoTCgoTKBoWGigoKCgoKCgoKCgoKCgoKCgoKCgoKCgoKCgoKCgoKCgoKCgoKCgoKCgoKCgoKCgoKCgo/8AAEQgAMgAyAwEiAAIRAQMRAf/EAB8AAAEFAQEBAQEBAAAAAAAAAAABAgMEBQYHCAkKC//EALUQAAIBAwMCBAMFBQQEAAABfQECAwAEEQUSITFBBhNRYQcicRQygZGhCCNCscEVUtHwJDNicoIJChYXGBkaJSYnKCkqNDU2Nzg5OkNERUZHSElKU1RVVldYWVpjZGVmZ2hpanN0dXZ3eHl6g4SFhoeIiYqSk5SVlpeYmZqio6Slpqeoqaqys7S1tre4ubrCw8TFxsfIycrS09TV1tfY2drh4uPk5ebn6Onq8fLz9PX29/j5+v/EAB8BAAMBAQEBAQEBAQEAAAAAAAABAgMEBQYHCAkKC//EALURAAIBAgQEAwQHBQQEAAECdwABAgMRBAUhMQYSQVEHYXETIjKBCBRCkaGxwQkjM1LwFWJy0QoWJDThJfEXGBkaJicoKSo1Njc4OTpDREVGR0hJSlNUVVZXWFlaY2RlZmdoaWpzdHV2d3h5eoKDhIWGh4iJipKTlJWWl5iZmqKjpKWmp6ipqrKztLW2t7i5usLDxMXGx8jJytLT1NXW19jZ2uLj5OXm5+jp6vLz9PX29/j5+v/aAAwDAQACEQMRAD8A9Hs7c8VrwWxx0qaytMAZFakUGO1fHKLkfWV8Tdnyn4ztvsXxB8Z2BHEhjuh+Kgk/+RKwPDT4Yc967P4z+XB8Y7lEwGuNOUP9QpP8kFcDoblZWHoa+kpa0437I86i7yZ1+q3eLVgWzxW/8GLcyWWszjo0yJn6An/2auB1e4OwjPavY/gTYZ8CTTEfNNeSNn2Cqv8ASuXHO1Fno0JqnNM1TbcmiugNlyeKK8XmPY+toh1f4oeDdB1aXTdS1cR3cJ2yqkEkgQ+hKqRn27Vi698e/B2nWrNpb3Wq3GPljihaJc/7TOBgfQGvHPjV8N9d0TxFqutpbtd6ReXMlz58ILeTvYsVkHUYz16e/avKa92jg6Timnc+MnVk3qdfqXiS78X/ABFXWNQVYpbqdF8uP7saABQoz7Dn15pNHIa5lC5+8az/AAjas95LeEfJbIce8jAhR/M/hXQ6Rpz2l1KJByDz9a7GklZG2FT1ZV1PJYg19FfAJA3w2gwQSLiUEDtznn8Dn8a+edXxJcFQdq/xH0r079nbX2tfEl3ocjH7NfR+ZCpP3ZEH9VBz/uiuTFQ56bR21NFc9yNuMniitExjNFeL7Ij2zNNrYMhDD5SOc14n8Q/DvwuspJrnUYLV7w5Pk2R2lm99pAH413vx3l1uL4c3i+GrO4u7uZ1jlW3QtIsXJYgDnsB34Jr5B0/xHBZ3Dpqun5lDHPmKVI9sV9EsOo6o82lVi/jdjrtMtItQ1NX0+xSx0yJ90UKjr7k9z71e1k22nWrecp8zn5h/F71lRfEHSYogIoHQ46Dp/Kud1HWL7xfqcOn6NZz3VxMdscMQyWP+Hr0+ta8j2On29OPUytU1QzSkQgLGD949M/411nwPmaT4m6EoLEmYjPT+E1yV74P8VWmoNb33h7VEcZAxauysQf4SBg/hXp3wG8D+JofiTpF7e6Lf2ljbO7yzXEBiUDYwH3gM5JA4qvZxtY5auMnN2WiPqv7OfSitfYvpRXJ9UiR9YZFqPFjNj+4a+UviPY2kt5O8lrA78/M0YJoorqe5NL4WeMrDF9vC+Um3eRjaMV9efs8aZYWuiXFxbWVrDO7bXkjiVWYDoCQMmiirZkevkDPQUY5oopCCiiigR//Z\", \"amount\": 2, \"full_price\": \"55.90\", \"product_id\": \"9a74782c-e18a-4cbe-ac40-3290e193835b\", \"unit_price\": \"27.95\", \"final_price\": \"55.90\", \"unit_discount\": \"0.00\", \"total_discount\": \"0.00\", \"product_variant_id\": \"9a74786c-37d0-4b32-9640-91a5de4992b9\", \"original_unit_price\": \"27.95\"}, {\"id\": \"9a747884-de18-4301-942f-b8ec8b3af0db\", \"sku\": \"W-BO003\", \"name\": \"Fashion Knee-High Boots - (Size) 9.5\", \"type\": \"product_variant\", \"urls\": null, \"image\": \"/9j/4AAQSkZJRgABAQEAYABgAAD//gA7Q1JFQVRPUjogZ2QtanBlZyB2MS4wICh1c2luZyBJSkcgSlBFRyB2ODApLCBxdWFsaXR5ID0gODAK/9sAQwAGBAUGBQQGBgUGBwcGCAoQCgoJCQoUDg8MEBcUGBgXFBYWGh0lHxobIxwWFiAsICMmJykqKRkfLTAtKDAlKCko/9sAQwEHBwcKCAoTCgoTKBoWGigoKCgoKCgoKCgoKCgoKCgoKCgoKCgoKCgoKCgoKCgoKCgoKCgoKCgoKCgoKCgoKCgo/8AAEQgAMgAyAwEiAAIRAQMRAf/EAB8AAAEFAQEBAQEBAAAAAAAAAAABAgMEBQYHCAkKC//EALUQAAIBAwMCBAMFBQQEAAABfQECAwAEEQUSITFBBhNRYQcicRQygZGhCCNCscEVUtHwJDNicoIJChYXGBkaJSYnKCkqNDU2Nzg5OkNERUZHSElKU1RVVldYWVpjZGVmZ2hpanN0dXZ3eHl6g4SFhoeIiYqSk5SVlpeYmZqio6Slpqeoqaqys7S1tre4ubrCw8TFxsfIycrS09TV1tfY2drh4uPk5ebn6Onq8fLz9PX29/j5+v/EAB8BAAMBAQEBAQEBAQEAAAAAAAABAgMEBQYHCAkKC//EALURAAIBAgQEAwQHBQQEAAECdwABAgMRBAUhMQYSQVEHYXETIjKBCBRCkaGxwQkjM1LwFWJy0QoWJDThJfEXGBkaJicoKSo1Njc4OTpDREVGR0hJSlNUVVZXWFlaY2RlZmdoaWpzdHV2d3h5eoKDhIWGh4iJipKTlJWWl5iZmqKjpKWmp6ipqrKztLW2t7i5usLDxMXGx8jJytLT1NXW19jZ2uLj5OXm5+jp6vLz9PX29/j5+v/aAAwDAQACEQMRAD8A+qaCQoJPAHJoqC+z9huNuc+W2MfSgD518a/GnxNpWuQW9imniGQbirQkkc+u6vZPh/4jvfEFvcG/jgR4ljYGEEA7t3Yk/wB2vkn4gHd4otz1Hlhv1FfUPweUfYLx/VYl/Rj/AFrKLbZ6FelCNK6Wp6FRRRWp54UUUUAFBGRg9KKKAPiD4lwm28YRwYwYgYiPcPg/yr6e+DHOg3jdxMqflGh/9mr52+N0Qg+JU4X+KeRvxLk/1r6J+DB26FfRk/P9oVz9DEg/9lNZR+I9Ku70bnoNFFFanmhRRRQAUUUUAfFHxB1SLXPEV1eo2JjIz4I+6Sc4r2j4L+JY0e3WZgI71Ehdiekg+7+ZJH1YVxnw0+H2meJfGfxE0vV1kH2a6xbTRuQ0LeZICR2PQcHisO+03U/hl4hm0rWFaewmO6GaMELIv95fQ+o6g/gTlZp3PSU4VI+zPr6ivE/DHxVvpWhtoom1pRgYgtpGnx7lQQT74Hv617YOlaJ3OCdNwdmFFFFMgKKKKAAAAkgDJpskaSgCRFcDkBhmiigBVUKMKAB6CloooAKKKKAP/9k=\", \"amount\": 5, \"full_price\": \"149.95\", \"product_id\": \"9a747830-7ee3-4148-866d-a8c603645d29\", \"unit_price\": \"29.99\", \"final_price\": \"149.95\", \"unit_discount\": \"0.00\", \"total_discount\": \"0.00\", \"product_variant_id\": \"9a747876-b14f-4b44-be71-2fa785ccae12\", \"original_unit_price\": \"29.99\"}, {\"id\": \"9a747884-a198-4250-938e-a00f31561421\", \"sku\": \"W-PS002\", \"name\": \"Chunky Heel Platform Sandals - (Size) 9\", \"type\": \"product_variant\", \"urls\": null, \"image\": \"/9j/4AAQSkZJRgABAQEAYABgAAD//gA7Q1JFQVRPUjogZ2QtanBlZyB2MS4wICh1c2luZyBJSkcgSlBFRyB2ODApLCBxdWFsaXR5ID0gODAK/9sAQwAGBAUGBQQGBgUGBwcGCAoQCgoJCQoUDg8MEBcUGBgXFBYWGh0lHxobIxwWFiAsICMmJykqKRkfLTAtKDAlKCko/9sAQwEHBwcKCAoTCgoTKBoWGigoKCgoKCgoKCgoKCgoKCgoKCgoKCgoKCgoKCgoKCgoKCgoKCgoKCgoKCgoKCgoKCgo/8AAEQgAMgAyAwEiAAIRAQMRAf/EAB8AAAEFAQEBAQEBAAAAAAAAAAABAgMEBQYHCAkKC//EALUQAAIBAwMCBAMFBQQEAAABfQECAwAEEQUSITFBBhNRYQcicRQygZGhCCNCscEVUtHwJDNicoIJChYXGBkaJSYnKCkqNDU2Nzg5OkNERUZHSElKU1RVVldYWVpjZGVmZ2hpanN0dXZ3eHl6g4SFhoeIiYqSk5SVlpeYmZqio6Slpqeoqaqys7S1tre4ubrCw8TFxsfIycrS09TV1tfY2drh4uPk5ebn6Onq8fLz9PX29/j5+v/EAB8BAAMBAQEBAQEBAQEAAAAAAAABAgMEBQYHCAkKC//EALURAAIBAgQEAwQHBQQEAAECdwABAgMRBAUhMQYSQVEHYXETIjKBCBRCkaGxwQkjM1LwFWJy0QoWJDThJfEXGBkaJicoKSo1Njc4OTpDREVGR0hJSlNUVVZXWFlaY2RlZmdoaWpzdHV2d3h5eoKDhIWGh4iJipKTlJWWl5iZmqKjpKWmp6ipqrKztLW2t7i5usLDxMXGx8jJytLT1NXW19jZ2uLj5OXm5+jp6vLz9PX29/j5+v/aAAwDAQACEQMRAD8A91ReatRL0qGMc1aTtQBg2AMl7duennP+QJA/lXY6enl2cK/7Ofz5rk9DHmxs3/PRv5muxX7orOkup0VnokcWkC3evajKSf31wIT9Fwn9K7bGBgdK5XRof+JrOo6C7lP5MTXVmnBbsVV7IZiiloqzE5+Mc1m+JtdsdCsBJf3McDznyoQ7AbnI/p1JrQR68b+MXibRptTm0bUwFurGS2mi3ruDKXRnx6fKSPwpPYcFdnp2k31lZW1l9puoIjKyKoeQAsxIwAO5z2rtWdUjLOQFUZJPavG/Dur6HIu7wjov9oTQEqkyW/kopBycyOBjkk8Z78VvfGbXb/Sfhpe6hpkogvVaEqRhgCZFyORyOopQ00NKju7s2PCOqrqOovLHa3EcM7PNFK4XaysSR0JI4PcCuxJrxjwZrV7p2tWNhqUzl7iBb+3W1hASSKUlmznJGwsRgHsMZ6V6vBfRXUKywOHjYAhh3HWnDTQVTo0Xd1FVPP8AeiqMjESYZr5h+LJNz8XtRKjcF8sEeoEK5H5A19LS20i5KHPtXyz46upD8UdUeKNpZTOYlRRksdmzGPWkI9g03U9V0jX7rwhZNabbdfNtru6lJdoGGUAQD5iv3ScjpTfEjzeKvBuo6HFcl4oJwh1Cd1/fOj7nAUYGFzjj0xjivN/ja8s2raLdzQGKVtPSNg2VIZScj/x4Vw+nTzeZtLts2n5TKWHQjoeO5/OkovdGzqJq0kfQXjH4d3vibwz4ZitNRtPtWmwLEs4zskTaoyCM/wB0fnXUfC7wpeeFLS/hvLiKYXEiugjyduFxjJ/CtfwM6yeENGIAA+yRcAYH3RXQDGKoyHfjRSZooAo1Sa1t5LlZZIInkU5DsgJB+tFFAiHxBplhqFoRf2VrdBOVE0Svj6ZFcvpHhzQxegjRtNBB/wCfVP8ACiioe5a2PQoUVI1VFCqBgADAAqYdBRRVkhRRRQB//9k=\", \"amount\": 1, \"full_price\": \"29.50\", \"product_id\": \"9a747834-63a6-46a1-b33d-abeb1dc773d9\", \"unit_price\": \"29.50\", \"final_price\": \"29.50\", \"unit_discount\": \"0.00\", \"total_discount\": \"0.00\", \"product_variant_id\": \"9a747876-fb5e-4a81-b57f-ecaa62032a01\", \"original_unit_price\": \"29.50\"}, {\"id\": \"9a747884-b215-4f6e-8130-bbcc1fd078d4\", \"sku\": \"M-LO001\", \"name\": \"Classic Leather Loafers - (Size) 8.5, (Colour) Dark Green\", \"type\": \"product_variant\", \"urls\": null, \"image\": \"/9j/4AAQSkZJRgABAQEAYABgAAD//gA7Q1JFQVRPUjogZ2QtanBlZyB2MS4wICh1c2luZyBJSkcgSlBFRyB2ODApLCBxdWFsaXR5ID0gODAK/9sAQwAGBAUGBQQGBgUGBwcGCAoQCgoJCQoUDg8MEBcUGBgXFBYWGh0lHxobIxwWFiAsICMmJykqKRkfLTAtKDAlKCko/9sAQwEHBwcKCAoTCgoTKBoWGigoKCgoKCgoKCgoKCgoKCgoKCgoKCgoKCgoKCgoKCgoKCgoKCgoKCgoKCgoKCgoKCgo/8AAEQgAMgAyAwEiAAIRAQMRAf/EAB8AAAEFAQEBAQEBAAAAAAAAAAABAgMEBQYHCAkKC//EALUQAAIBAwMCBAMFBQQEAAABfQECAwAEEQUSITFBBhNRYQcicRQygZGhCCNCscEVUtHwJDNicoIJChYXGBkaJSYnKCkqNDU2Nzg5OkNERUZHSElKU1RVVldYWVpjZGVmZ2hpanN0dXZ3eHl6g4SFhoeIiYqSk5SVlpeYmZqio6Slpqeoqaqys7S1tre4ubrCw8TFxsfIycrS09TV1tfY2drh4uPk5ebn6Onq8fLz9PX29/j5+v/EAB8BAAMBAQEBAQEBAQEAAAAAAAABAgMEBQYHCAkKC//EALURAAIBAgQEAwQHBQQEAAECdwABAgMRBAUhMQYSQVEHYXETIjKBCBRCkaGxwQkjM1LwFWJy0QoWJDThJfEXGBkaJicoKSo1Njc4OTpDREVGR0hJSlNUVVZXWFlaY2RlZmdoaWpzdHV2d3h5eoKDhIWGh4iJipKTlJWWl5iZmqKjpKWmp6ipqrKztLW2t7i5usLDxMXGx8jJytLT1NXW19jZ2uLj5OXm5+jp6vLz9PX29/j5+v/aAAwDAQACEQMRAD8A1YTaqOY8H6f/AF6laazx0wR7GogXIztcfVRTXV2zw3/fsVwKJ6N0R3F1Bn5WYfRBWdcXkSqTlz+Ap+sTJp1hLd3W9IYxydgzknAH51wi+MLeeYLcxvbo/CSZDJ9GOODWkYXVyHPWx0Nxfxk/xflWfLfRnOVJ/AVKbO4uEDxDcjDIZcEEfWq82l3QBOCPriq5ULmIftUX90/kKKj/ALPuPainyi5j1CaYW0Ek1zNFHDGNzMxwAK4Bvi3ptvqLW11YXUUYOFlG1gR2bHHH50vj/XUu/DVxAiyA70ZiRwQGHv8ASvKHjgukVJvmUfdIPK/T29qqnSUldkTqNOx7H4l1GPxd4auINGmt7j7sgMRO9cHPzIQGA/CvI7HVNX8MawtwI2jkU4YModHHQgg8EH3re8AP/Y/iWC4jiimCqRl+cZGOB617Gtvo3iGPydUhhWUjiRhjP/Ah/WtI05xjdLQiUot76nPeC9U0XV5TLZ20entNHmS1hY7BJn5nRScAYA+UdOa6d9GeUExSxsK5+X4W3ul3bXHhvUrXymO77LdhtoPqrKMg/hXQeHNH1wXobWUt4UiztMc+8Pxj0B/Oi9KUNNGg/eKWuqK58PTZ++v50V2f9nr/AH0/M0VzcxtY8z1TwxNNGwRAyn+HFed634NntXaWCKSI9cAfKa9y+1N1Ea474NNllSTho0I9KUakkXKmnufNsV01hcj7UktvMp4ccA/0NddpXjQRRhZjFKP7wbafy5r1O60vSrtCtxp8D56kgVkTeBvDMxy+kR/8BYj+tdUMU0c8sPfqXPh14vl1DVEs4nD2u0kox3FeO3oK9N8yKQDeq1wXh/TdO8PRMmk2UdsrHLYOSfqSc1pvq7L1/pWNSftJXSsaQjyKzZ1gWDH8P60Vx51lv8kUVnZllVQNx4qF/wDWGiis0asZk5PJqNZH80je2PrRRVIhjZJH/vt+dRmRznLsfxooq0QyLcfU0UUUxn//2Q==\", \"amount\": 6, \"full_price\": \"179.94\", \"product_id\": \"9a747837-fd5e-4cf2-85b4-63a666a3436a\", \"unit_price\": \"29.99\", \"final_price\": \"179.94\", \"unit_discount\": \"0.00\", \"total_discount\": \"0.00\", \"product_variant_id\": \"9a747870-413f-41ed-9e62-8368628d3216\", \"original_unit_price\": \"29.99\"}, {\"id\": \"9a747884-bb24-4355-a8a4-f41639b8c26a\", \"sku\": \"M-LO003\", \"name\": \"Fashion Slip-On Loafers - (Size) 8\", \"type\": \"product_variant\", \"urls\": null, \"image\": \"/9j/4AAQSkZJRgABAQEAYABgAAD//gA7Q1JFQVRPUjogZ2QtanBlZyB2MS4wICh1c2luZyBJSkcgSlBFRyB2ODApLCBxdWFsaXR5ID0gODAK/9sAQwAGBAUGBQQGBgUGBwcGCAoQCgoJCQoUDg8MEBcUGBgXFBYWGh0lHxobIxwWFiAsICMmJykqKRkfLTAtKDAlKCko/9sAQwEHBwcKCAoTCgoTKBoWGigoKCgoKCgoKCgoKCgoKCgoKCgoKCgoKCgoKCgoKCgoKCgoKCgoKCgoKCgoKCgoKCgo/8AAEQgAMgAyAwEiAAIRAQMRAf/EAB8AAAEFAQEBAQEBAAAAAAAAAAABAgMEBQYHCAkKC//EALUQAAIBAwMCBAMFBQQEAAABfQECAwAEEQUSITFBBhNRYQcicRQygZGhCCNCscEVUtHwJDNicoIJChYXGBkaJSYnKCkqNDU2Nzg5OkNERUZHSElKU1RVVldYWVpjZGVmZ2hpanN0dXZ3eHl6g4SFhoeIiYqSk5SVlpeYmZqio6Slpqeoqaqys7S1tre4ubrCw8TFxsfIycrS09TV1tfY2drh4uPk5ebn6Onq8fLz9PX29/j5+v/EAB8BAAMBAQEBAQEBAQEAAAAAAAABAgMEBQYHCAkKC//EALURAAIBAgQEAwQHBQQEAAECdwABAgMRBAUhMQYSQVEHYXETIjKBCBRCkaGxwQkjM1LwFWJy0QoWJDThJfEXGBkaJicoKSo1Njc4OTpDREVGR0hJSlNUVVZXWFlaY2RlZmdoaWpzdHV2d3h5eoKDhIWGh4iJipKTlJWWl5iZmqKjpKWmp6ipqrKztLW2t7i5usLDxMXGx8jJytLT1NXW19jZ2uLj5OXm5+jp6vLz9PX29/j5+v/aAAwDAQACEQMRAD8A6UJz0rJ1zxJo+gz20OrXsdtJcZ8sMCc46kkDgc96wPiJ4/XwfdWMCWIu3nBd/wB5s2KDgdjyefyryP4keKIPFmoW13bxSpaxwCMo+MxvuJPT8PrSSKPo62nhuoEmtpUliYZV0YMp/EVLtr5f8L+IdV8NTiTTLlljPLwOd0b/AIf1HNe6eDfHFl4hXyJYzZ6ig+aBz973U9x+tKwHVbKjdMg1YGCOOaRloGVPL9qKs0UAfPvxdsrg+Mrh7jcY7hFaBj04AGB+OR+NcfFBJuVUUmU/KBjO7/ZI719IeNvDMHiLSmt5RtnTLQy90b/A14va3B0HVrtLqJf7QiBiKOMncccj6jv7+9UhGBh9C1WCLUoHjWN0kaMjJUZBx7g10mtW5utMj12zutl3E4H7vhnXswx6cAn/AOvWhrCW3iTwul/O4GpQFYYguCZOo2MOwGOvJOcfTjNO1S50MeW6+bp0xIeFuit0OPQ4/wA8UBseu/DXx82ooun61IovAcJLjAcds+9enZzivlSJlWUXNk25RzjuPYivdPhr4kbWNLEVyxNxCdhYnlhjgn3/AMKTQI7jH1opwJx2opDFZM+9eV/F/wAJPcpHrdlEWlgXbOq9SnZvqP5fSvWMjtTHUMuDyD2oEeBeCvsusR3OlvdC2ln2sgY8M69CPf2o1rQpdP1CZL6BHikIY5XKlvX/AD613Xir4Y6fqcr3WlyHT7sncdg+Qn1x2/CuYu9F8eWsJspXhvbfG1ZXG8gfXGfzqrgLpvw80bW7RLvSri4sZT96NX3KD3HPPWuz8I+DRoDAJJuGdxbOSx9TVf4eaHfaVBtumJz8zEjGSTk13RY4GakA2/SilDcdqKAHjtTx1oooAa1IKKKAGkc0yXtRRQBFmiiigD//2Q==\", \"amount\": 3, \"full_price\": \"89.97\", \"product_id\": \"9a74783b-cf57-4103-8c03-8cf70613a692\", \"unit_price\": \"29.99\", \"final_price\": \"89.97\", \"unit_discount\": \"0.00\", \"total_discount\": \"0.00\", \"product_variant_id\": \"9a747877-6c76-44ff-aa0b-f96534ebaa43\", \"original_unit_price\": \"29.99\"}, {\"id\": \"9a747884-8aaf-4cca-a098-135590ac6b28\", \"sku\": \"M-SA002\", \"name\": \"Sporty Outdoor Sandals - (Size) 9\", \"type\": \"product_variant\", \"urls\": null, \"image\": \"/9j/4AAQSkZJRgABAQEAYABgAAD//gA7Q1JFQVRPUjogZ2QtanBlZyB2MS4wICh1c2luZyBJSkcgSlBFRyB2ODApLCBxdWFsaXR5ID0gODAK/9sAQwAGBAUGBQQGBgUGBwcGCAoQCgoJCQoUDg8MEBcUGBgXFBYWGh0lHxobIxwWFiAsICMmJykqKRkfLTAtKDAlKCko/9sAQwEHBwcKCAoTCgoTKBoWGigoKCgoKCgoKCgoKCgoKCgoKCgoKCgoKCgoKCgoKCgoKCgoKCgoKCgoKCgoKCgoKCgo/8AAEQgAMgAyAwEiAAIRAQMRAf/EAB8AAAEFAQEBAQEBAAAAAAAAAAABAgMEBQYHCAkKC//EALUQAAIBAwMCBAMFBQQEAAABfQECAwAEEQUSITFBBhNRYQcicRQygZGhCCNCscEVUtHwJDNicoIJChYXGBkaJSYnKCkqNDU2Nzg5OkNERUZHSElKU1RVVldYWVpjZGVmZ2hpanN0dXZ3eHl6g4SFhoeIiYqSk5SVlpeYmZqio6Slpqeoqaqys7S1tre4ubrCw8TFxsfIycrS09TV1tfY2drh4uPk5ebn6Onq8fLz9PX29/j5+v/EAB8BAAMBAQEBAQEBAQEAAAAAAAABAgMEBQYHCAkKC//EALURAAIBAgQEAwQHBQQEAAECdwABAgMRBAUhMQYSQVEHYXETIjKBCBRCkaGxwQkjM1LwFWJy0QoWJDThJfEXGBkaJicoKSo1Njc4OTpDREVGR0hJSlNUVVZXWFlaY2RlZmdoaWpzdHV2d3h5eoKDhIWGh4iJipKTlJWWl5iZmqKjpKWmp6ipqrKztLW2t7i5usLDxMXGx8jJytLT1NXW19jZ2uLj5OXm5+jp6vLz9PX29/j5+v/aAAwDAQACEQMRAD8A+qaKKhvLmO0tZbiYkRxqWbAyePT1NICavKPj98ULj4c6RYLpdrFc6nfs4jMxOyJVxliO5+YADI7nnGD5ofi/8Q9Gnv7G/tLK5Cudl7NAfk3YKgbCFIww6jPrXk3iTSdT8Y6s+s+Idbku7mVQSTHjaP7qgcKB6AYrSnBz1WpMpKO56/4U+MHjrQF07UPiHp4l0jV1821wIo5AmAQyBcHGGHDjJ4wa+k9MvbfU9Otr6ykEttcRrLG4/iVhkGvibWTda5b2VvfTo0Gn2cdpbRN8qJHGvAGepOMk9zXtXw28UXemaPpd7qF9M2m7I7cxSSFlVRhMgHpg+lKu1TsnuOknUvY94oooqRhXkf7SGs6ro3hexk0+aOG0luBHPiTbK7cbFTg98sf92vXK+X/2j/FOm+JfENp4eslaWbSnkEkgY7TKwXKrjrtwQffIpwjzMTdkeY6jf6hq2o3NzqF3NEt3ceayl3ZE3MT0J6D0A7V2p8PeGknW5s725msI4REIxMQJG7yNg8E/3RgD37+dfaZbaOOOQBoY+FJPOfcnH8qtaW8mranDY6Ysn2yUhV254/2iR0A6k1pUhFq0J8rCm2neUbnSXei6dYR/2xq09ymiFtsNnu3TXLjsp/hT1J59K7X4daJrPxO1myvNStP7L8G6dIskdvECouGQgogJxlR3IGOMdeR3PgLwfpXiC+a51iBdSttHjSyt1uFDI0uA8jlehPKe3WvYIYo4YkjhRY40G1VUYAHoBXLC80pTdzabUW4wVh1FFFamRyHxG8daZ4L0pnuriL+0ZlItbZj80jdMkDooPU/h1r491e/Nld3E7CLMkjOzKuCpYknH4nP4/l6V+07ol7a+OLbXZfNl0yeGOLKDPlbM5T2znI7ZJrybS00bU9Yb+1k1S8gUkRR2aAtJyeWGePwzVRqcidlqLk5nqXIJLPWkjgtE8+ZztWNVy5P0713/AIfsrzSPs3hnwzYWz+Kr4Ezyqcrbx8kbmPGcc+n14zpeG9A16+h+z+FPDEmgWLYBu7m3PnOPbPH5nFev+AfBEvhq1cQIEup+bm6mcPNMck/MR9TxWdSTrW5lY0ilSvys6rwhocHhnw9aaXDIZTEpMkzfemkJyzn3JJNbIYHpVa3tPLA8xy7epq0AB0oJCiiiqEIVDDDAEe9CoqjCqAPYUUUALRRRSAKKKKACiiimB//Z\", \"amount\": 5, \"full_price\": \"117.50\", \"product_id\": \"9a74783f-2c3b-4e2e-87ac-b95e6e01782f\", \"unit_price\": \"23.50\", \"final_price\": \"117.50\", \"unit_discount\": \"0.00\", \"total_discount\": \"0.00\", \"product_variant_id\": \"9a747877-cdea-4dad-ab27-fa253b94ebe9\", \"original_unit_price\": \"23.50\"}, {\"id\": \"9a747884-98e7-4a9b-a07c-5b2d01c5e539\", \"sku\": \"W-ER003\", \"name\": \"Statement Tassel Earrings\", \"type\": \"product\", \"urls\": null, \"image\": \"/9j/4AAQSkZJRgABAQEAYABgAAD//gA7Q1JFQVRPUjogZ2QtanBlZyB2MS4wICh1c2luZyBJSkcgSlBFRyB2ODApLCBxdWFsaXR5ID0gODAK/9sAQwAGBAUGBQQGBgUGBwcGCAoQCgoJCQoUDg8MEBcUGBgXFBYWGh0lHxobIxwWFiAsICMmJykqKRkfLTAtKDAlKCko/9sAQwEHBwcKCAoTCgoTKBoWGigoKCgoKCgoKCgoKCgoKCgoKCgoKCgoKCgoKCgoKCgoKCgoKCgoKCgoKCgoKCgoKCgo/8AAEQgAMgAyAwEiAAIRAQMRAf/EAB8AAAEFAQEBAQEBAAAAAAAAAAABAgMEBQYHCAkKC//EALUQAAIBAwMCBAMFBQQEAAABfQECAwAEEQUSITFBBhNRYQcicRQygZGhCCNCscEVUtHwJDNicoIJChYXGBkaJSYnKCkqNDU2Nzg5OkNERUZHSElKU1RVVldYWVpjZGVmZ2hpanN0dXZ3eHl6g4SFhoeIiYqSk5SVlpeYmZqio6Slpqeoqaqys7S1tre4ubrCw8TFxsfIycrS09TV1tfY2drh4uPk5ebn6Onq8fLz9PX29/j5+v/EAB8BAAMBAQEBAQEBAQEAAAAAAAABAgMEBQYHCAkKC//EALURAAIBAgQEAwQHBQQEAAECdwABAgMRBAUhMQYSQVEHYXETIjKBCBRCkaGxwQkjM1LwFWJy0QoWJDThJfEXGBkaJicoKSo1Njc4OTpDREVGR0hJSlNUVVZXWFlaY2RlZmdoaWpzdHV2d3h5eoKDhIWGh4iJipKTlJWWl5iZmqKjpKWmp6ipqrKztLW2t7i5usLDxMXGx8jJytLT1NXW19jZ2uLj5OXm5+jp6vLz9PX29/j5+v/aAAwDAQACEQMRAD8A+qaiuZ1hXJxnGeTgAepPYVLWD46uZLbwxd+SgeWUCFQc4G44ycc8DNITdldm7G29FYgrkA4PUUtVtMuftum2t1gL58SSYBzjcAf61ZoGQRXIlnMajjbuBz2z6eh5x64NT1y+m6lJL491S0MaiIWyKrZOSYyCfb/ltjj+7XUUCTT2Cij86KBhXl3x+8Sjw/oGmKsQllnuwwQkD5UHOD2OWX8+/Q+o187/ALUGoRtrWh2LknyYzcAKSDuLYHPbhTmqgrsip8LPYPhheC+8B6PKrM22Hyju6/KSv9K6ivMv2f71bjwZNbLjFrdMo+hVW789Sa9B1m7Ww0i9vHOFggeU/wDAVJ/pRJa2Cm+aCZ4j4D8Ypq/xhuYlQpE09wiOp4kUglcj1wg/MfU+9V8bfDrUorTxrZXv8X26N3OTtO5gGwD9D+vpivsmnNWIou9/UKKKKg2CvlH9oN5bz4lhWwsULxxqTxkBEJ/VumP5V9XV558Vvh8vjCTSri2McVxbzqs7YGXhJAP1K9QPTP0N05KL1CyejOU/ZzedLvXYWRzAUhbeAdu75uPrhs/5OPQ/ircSW3gDV2hGXeNYgPXe6qf0Jra0DRrDQdNjsdLt0ggTk4HLt3Zj3Jx1q7cQRXMEkFxGksMilXRxkMD2Ioc7z5hQioqyPhvw9DKkFy6/NIZflC8Mc4A4HQ89M+3HNfb+mSSTadayzKySvEjOrDBBIGQfevOPh/8ACyz8Pa7qV/qCR3RW4LWO4AhE6hiD/EOnsQTyea9Qp1Jc1kJQUW2uoUUUVmUFFFFABRRRQAUUUUAJRRRQB//Z\", \"amount\": 3, \"full_price\": \"74.97\", \"product_id\": \"9a747855-3cdd-4ee0-b980-992ff94eaa1b\", \"unit_price\": \"24.99\", \"final_price\": \"74.97\", \"unit_discount\": \"0.00\", \"total_discount\": \"0.00\", \"original_unit_price\": \"24.99\"}, {\"id\": \"9a747884-91b7-4f80-9e2e-a4c32dd41c88\", \"sku\": \"M-TI003\", \"name\": \"Modern Skinny Tie\", \"type\": \"product\", \"urls\": null, \"image\": \"/9j/4AAQSkZJRgABAQEAYABgAAD//gA7Q1JFQVRPUjogZ2QtanBlZyB2MS4wICh1c2luZyBJSkcgSlBFRyB2ODApLCBxdWFsaXR5ID0gODAK/9sAQwAGBAUGBQQGBgUGBwcGCAoQCgoJCQoUDg8MEBcUGBgXFBYWGh0lHxobIxwWFiAsICMmJykqKRkfLTAtKDAlKCko/9sAQwEHBwcKCAoTCgoTKBoWGigoKCgoKCgoKCgoKCgoKCgoKCgoKCgoKCgoKCgoKCgoKCgoKCgoKCgoKCgoKCgoKCgo/8AAEQgAKAAyAwEiAAIRAQMRAf/EAB8AAAEFAQEBAQEBAAAAAAAAAAABAgMEBQYHCAkKC//EALUQAAIBAwMCBAMFBQQEAAABfQECAwAEEQUSITFBBhNRYQcicRQygZGhCCNCscEVUtHwJDNicoIJChYXGBkaJSYnKCkqNDU2Nzg5OkNERUZHSElKU1RVVldYWVpjZGVmZ2hpanN0dXZ3eHl6g4SFhoeIiYqSk5SVlpeYmZqio6Slpqeoqaqys7S1tre4ubrCw8TFxsfIycrS09TV1tfY2drh4uPk5ebn6Onq8fLz9PX29/j5+v/EAB8BAAMBAQEBAQEBAQEAAAAAAAABAgMEBQYHCAkKC//EALURAAIBAgQEAwQHBQQEAAECdwABAgMRBAUhMQYSQVEHYXETIjKBCBRCkaGxwQkjM1LwFWJy0QoWJDThJfEXGBkaJicoKSo1Njc4OTpDREVGR0hJSlNUVVZXWFlaY2RlZmdoaWpzdHV2d3h5eoKDhIWGh4iJipKTlJWWl5iZmqKjpKWmp6ipqrKztLW2t7i5usLDxMXGx8jJytLT1NXW19jZ2uLj5OXm5+jp6vLz9PX29/j5+v/aAAwDAQACEQMRAD8A+qaKK8y+NvjYeH9HOmWF2kOp3i4ZwfmhjPVgBzuPQenJ9KcYuTshpXdjH+KHxTFncyaV4evY43jJWe6RfMYHuqDpx3JP09a4TQvHWuW90J7bUdTumB+YS/vFb6g5rzqGaJX22du08p6NKNxP0UcfnmppZJQR/aF3sx0jB3MP+AjgfpXdGEYqx0RSSsfTHhv4p2N4Ei1i2ms5+hkRd8Z/AZI/X616DaXVveQLNaTRzRN0ZGBFfC2o6wN6W1hHMCT88pcbj/sqAOPrzUfhnxfq/h3X4L+wvJYRCyl0EhxIMgYYdGz3yM/lWM6UfskSguh950VU0+/ivbC2u48hJ4llXPowBH86K5jEyvHPie28KaDNf3BjMx+WCJ3C+Y/YfTufavkLxBfnVdTudR1W8e7vJ3Lv5S4GfTJ6AdBgdK9I+P8AfQ3vjprWeacpZQJGIkAwpYbyck9SGXt2FeYlrdSRBZ+Y3YyuW/QYrspQtG/c6IRsrle3lurkNHZxiGEfe2nA/wCBMetV7tbaxieW4l89lGRHB3PYbv8ACrUltdSkNeSJbxj7qudoH0Uc/pUl14Sv9U0+KTSmmfLbgwjwGx6DrVSlyobdkcXZyG4mUqowELZB6s2Sc/gOntW94N8PXfijxBpmi2sZfz5d7ygZKIOrHvgf/qrsvBPwI8VasyLd+TpmnZLebNkyAE8gKOT04yRX0x8PPh5onga1caZDvvJQBNdScu/t7D2/PNYOokjNzsjqbS0itbSG3iXEcSLGo9ABgUVYorAyPnL4peG/FN94+1a50zRJri1kZDHOkKNuAjUdTz2x+Fcwvgbx7cfImj3sYPH30jH8xRRW6rNLY19o0tjb0H4GeIby6ik1qa1tLYsDIgkLyEdxwMfrXvWgeFNN0aGNIYldkAAJHTHoKKKznNz3IlJy3N8DAwOlFFFQSFFFFAH/2Q==\", \"amount\": 3, \"full_price\": \"74.97\", \"product_id\": \"9a74785f-bb23-4d9c-890e-9c2a5424fb99\", \"unit_price\": \"22.99\", \"final_price\": \"68.97\", \"unit_discount\": \"2.00\", \"total_discount\": \"6.00\", \"original_unit_price\": \"24.99\"}]',NULL,'{\"id\": \"9a7477e9-1e1e-4ea6-becf-bd12ec656953\", \"name\": {\"de\": \"Lokal schwer (10–25 kg)\", \"en\": \"Local Heavy (10-25kg)\", \"fr\": \"Lourd local (10-25kg)\"}, \"slug\": \"local-heavy-1\", \"price\": 2.99, \"enabled\": true, \"created_at\": \"2023-10-25T16:09:46.000000Z\", \"deleted_at\": null, \"updated_at\": \"2023-10-25T16:09:46.000000Z\", \"description\": {\"de\": \"Wenn Sie in der Nähe wohnen, liefern wir bis zu Ihrer Haustür.\", \"en\": \"If you live nearby, we deliver to your door.\", \"fr\": \"Si vous habitez à proximité, nous livrons à votre porte.\"}, \"enabled_by_default_on_creation\": true}','{\"delivery\": 2.99, \"subtotal\": 1562.59, \"total_payable\": 1565.58, \"applied_discount\": 3.01}',1,'lucy-martin-south-tonyshire',NULL,'2023-10-25 16:11:33','2023-10-25 16:11:33'),('9a74788d-7b79-42a9-a90b-608cf3f7c2bb','9a7477c8-25ff-4d98-bbe7-890b083f96ce','9a747882-27cb-4fa6-bf92-bdae316578fb','{\"id\": \"9a747881-cd46-40f9-899b-63353fe7ba54\", \"lat\": \"82.270890\", \"lon\": \"-47.616283\", \"name\": null, \"slug\": \"mr-roland-treiber-port-gordonmouth\", \"town\": \"Port Gordonmouth\", \"country\": \"UK\", \"user_id\": \"9a7477c8-25ff-4d98-bbe7-890b083f96ce\", \"post_code\": \"M44 6ZR\", \"created_at\": \"2023-10-25T16:11:26.000000Z\", \"deleted_at\": null, \"updated_at\": \"2023-10-25T16:11:26.000000Z\", \"address_line_1\": \"Studio 23 Miller Burgs\", \"address_line_2\": null, \"google_maps_url\": \"https://www.google.com/maps/@82.270890,-47.616283,14z\"}','{\"amount\": \"2554.16\", \"source\": {\"id\": \"9a747881-d3ea-4ec9-90f1-88dddf910e08\", \"name\": \"sed eaque\", \"slug\": \"treiber-sed-eaque\", \"brand\": \"mastercard\", \"user_id\": \"9a7477c8-25ff-4d98-bbe7-890b083f96ce\", \"exp_year\": \"2025\", \"exp_month\": \"11\", \"last_four\": \"8753\", \"source_id\": \"iut7Y6mFcjIHNtH9SwIpU5Ll6QxwR50yhurj35tdgd1HpVk6HSwB7OjKeMmjOySGNXpXvRaTIN1D8z3sW8714XxzmYg4cNXw5dwrtLjH45pwyN9kcLeRaeNyjpuVBNq4Giwh2Zf9knx68tsPBuC4zB\", \"created_at\": \"2023-10-25T16:11:26.000000Z\", \"deleted_at\": null, \"updated_at\": \"2023-10-25T16:11:26.000000Z\", \"stripe_user_id\": \"dMJTT7kAHCPCJaw4xsDhdXQVEgqrRt29s5yU1kgY9nPa1q087UjiFUfVZPWaQQqnAg6RGYWSRFzLcDkCGCVWhETAfuGseCi3AAmY2K00ix7YCXnpExuabR9N\", \"payment_method_id\": 1}, \"created_at\": \"25-10-2023 16:11\", \"payment_ref\": \"5ZxROD6Aoz\"}','[{\"id\": \"9a747885-3fd5-4291-a19e-2ed4c950fe16\", \"sku\": \"M-S001\", \"name\": \"Classic Dress Shirt - (Size) M\", \"type\": \"product_variant\", \"urls\": null, \"image\": \"/9j/4AAQSkZJRgABAQEAYABgAAD//gA7Q1JFQVRPUjogZ2QtanBlZyB2MS4wICh1c2luZyBJSkcgSlBFRyB2ODApLCBxdWFsaXR5ID0gODAK/9sAQwAGBAUGBQQGBgUGBwcGCAoQCgoJCQoUDg8MEBcUGBgXFBYWGh0lHxobIxwWFiAsICMmJykqKRkfLTAtKDAlKCko/9sAQwEHBwcKCAoTCgoTKBoWGigoKCgoKCgoKCgoKCgoKCgoKCgoKCgoKCgoKCgoKCgoKCgoKCgoKCgoKCgoKCgoKCgo/8AAEQgAMgAyAwEiAAIRAQMRAf/EAB8AAAEFAQEBAQEBAAAAAAAAAAABAgMEBQYHCAkKC//EALUQAAIBAwMCBAMFBQQEAAABfQECAwAEEQUSITFBBhNRYQcicRQygZGhCCNCscEVUtHwJDNicoIJChYXGBkaJSYnKCkqNDU2Nzg5OkNERUZHSElKU1RVVldYWVpjZGVmZ2hpanN0dXZ3eHl6g4SFhoeIiYqSk5SVlpeYmZqio6Slpqeoqaqys7S1tre4ubrCw8TFxsfIycrS09TV1tfY2drh4uPk5ebn6Onq8fLz9PX29/j5+v/EAB8BAAMBAQEBAQEBAQEAAAAAAAABAgMEBQYHCAkKC//EALURAAIBAgQEAwQHBQQEAAECdwABAgMRBAUhMQYSQVEHYXETIjKBCBRCkaGxwQkjM1LwFWJy0QoWJDThJfEXGBkaJicoKSo1Njc4OTpDREVGR0hJSlNUVVZXWFlaY2RlZmdoaWpzdHV2d3h5eoKDhIWGh4iJipKTlJWWl5iZmqKjpKWmp6ipqrKztLW2t7i5usLDxMXGx8jJytLT1NXW19jZ2uLj5OXm5+jp6vLz9PX29/j5+v/aAAwDAQACEQMRAD8A41jgcVe8NeH7nxRqhs7dxFGq75JSuQo7ceprMmfanFeufDTT/wCxvCX9oyjbPeMJiT2QfdH5ZP8AwKvnslwH1zEKMl7q1ZeMr+xp3W5b8O/Duy0BXkti09zIMSSTHqOuABwOefWta68IW2p+YmpIlzBLhirDDZHQ5HPT8q6eCdJYwRjJp8hTygHLqAAcoxB/Svu4whTjyRgrWtt0Z4rnJ7yffc8f8W/DlNC0yfUtJuJnih+aS3k+Yhe5B9uvPbPNchBJvUGveDdw3t/c2DMJEEI3oWycNuGD9QK8OvtPfSdWu7B8kwSFAT3XsfxGD+NfF8SZbHDONamrJ7+p6uAxDqXjJ7Bn2opKK+TPRM7w9pTa5r1npwYqsr5dh2QDLfoDXdfGnxLH4f8ADQ0nTjtu7mMRQqh5iQcFvwHA96y/BzxeGbK61u9khE7RgRxE5bY3IGPU4z9MV5xrt1c6/rkl9fsWlnkAA7IueFHsK+6wFeGX4RSi06k/vXr+n/APLxFGdatyzi1GP4+h9XWUflxIPQCrMg3Lj1XH6UyMYWn5yB9BX1T1dzyjxaLWpNI+O1zbTSFbfUII4uegZVJX+bD6mtL4o2Yh120vFGFuoMN7snB/QrXC/Gbzbb4jSXVuds0Kwyxn0IGR+ortfGOqR6zoPh+7DxrKUZjGrZ+8Fyfwx+tfN5vWjicHXhLeEtPv/wCHO/DxdOrBraSOYwKKUDiivz657Rz95JLLBFDJIzRRZ2KTwueuKx70mJd6cMpyDWxJjBrLv1yhBr1qMndXIlqfTnhDXrHxNolvqOm3MU6PGpdUbJifHKMOxB9a1of9WD22ivgy21rVvDuqXh0XUrzT2kbDm2maPcM5AODz1qe48deKrqyls7nxFqs1tKux45Lp2DL6HJ6V+iQxacU2tzxZYN30eh6t8Rtcs/EPjbUG05lkhtdtt5qtkSFRyR7ZJH4ZrpLnVIL7QtOt/KVZoDtUqeibQOfqf5V478PFDwT5/vj+Vej2g2qMV8NnFZqtUiurPaw/7unyI0AeKKZv9qK+esaHPTVn3n3TRRXqUtzNnmfiL/kLT/h/KsxelFFfa0P4cPRHI9zvPh1/qJ/+ug/lXpFv0oor5DOP95kddL4S1iiiivHNT//Z\", \"amount\": 6, \"full_price\": \"173.94\", \"product_id\": \"9a7477f2-28ae-416f-b8ce-8b73a7ff31da\", \"unit_price\": \"28.99\", \"final_price\": \"173.94\", \"unit_discount\": \"0.00\", \"total_discount\": \"0.00\", \"product_variant_id\": \"9a747872-3b08-4042-bf9b-e73d07ded765\", \"original_unit_price\": \"28.99\"}, {\"id\": \"9a747885-4901-4d93-93af-0c71cfa472e9\", \"sku\": \"M-TR001\", \"name\": \"Classic Dress Trousers - (Size) S\", \"type\": \"product_variant\", \"urls\": null, \"image\": \"/9j/4AAQSkZJRgABAQEAYABgAAD//gA7Q1JFQVRPUjogZ2QtanBlZyB2MS4wICh1c2luZyBJSkcgSlBFRyB2ODApLCBxdWFsaXR5ID0gODAK/9sAQwAGBAUGBQQGBgUGBwcGCAoQCgoJCQoUDg8MEBcUGBgXFBYWGh0lHxobIxwWFiAsICMmJykqKRkfLTAtKDAlKCko/9sAQwEHBwcKCAoTCgoTKBoWGigoKCgoKCgoKCgoKCgoKCgoKCgoKCgoKCgoKCgoKCgoKCgoKCgoKCgoKCgoKCgoKCgo/8AAEQgAMgAyAwEiAAIRAQMRAf/EAB8AAAEFAQEBAQEBAAAAAAAAAAABAgMEBQYHCAkKC//EALUQAAIBAwMCBAMFBQQEAAABfQECAwAEEQUSITFBBhNRYQcicRQygZGhCCNCscEVUtHwJDNicoIJChYXGBkaJSYnKCkqNDU2Nzg5OkNERUZHSElKU1RVVldYWVpjZGVmZ2hpanN0dXZ3eHl6g4SFhoeIiYqSk5SVlpeYmZqio6Slpqeoqaqys7S1tre4ubrCw8TFxsfIycrS09TV1tfY2drh4uPk5ebn6Onq8fLz9PX29/j5+v/EAB8BAAMBAQEBAQEBAQEAAAAAAAABAgMEBQYHCAkKC//EALURAAIBAgQEAwQHBQQEAAECdwABAgMRBAUhMQYSQVEHYXETIjKBCBRCkaGxwQkjM1LwFWJy0QoWJDThJfEXGBkaJicoKSo1Njc4OTpDREVGR0hJSlNUVVZXWFlaY2RlZmdoaWpzdHV2d3h5eoKDhIWGh4iJipKTlJWWl5iZmqKjpKWmp6ipqrKztLW2t7i5usLDxMXGx8jJytLT1NXW19jZ2uLj5OXm5+jp6vLz9PX29/j5+v/aAAwDAQACEQMRAD8A+qaKKKAPkj4zePvEA+Ims2ul67qVjZWsogSG2uGjAKqAx+Ujq2a4J/iB4ugdXj8Wa7uBBAa9kYfkTg0/40O8PxQ8Tgcf6a5/M5/rXEsZVcxyhldTgqwwQaLln6OaReDUNJsr0DAuYEmA9Nyg/wBat1k+EU8vwpoqHqtlAP8AyGta1BAUUUUAFFFFAHwp8e49nxZ8SKO9wrfmin+tVvjRpaaL8TdZsY12rG0TAf70KMf1Nbfxht/tnx71G2xkTX9vFj6rGKsftRW/kfFy8kx/r7aCT64Xb/7LSLPsTRE8vRdPT+7bxj8lFXaq6Uc6XZn1hT/0EVapkBRRRQAUUUUAfGnjFftP7UUcOMhtctFP03R5q5+12nl/EqwcD/WaXGfyllH9KL+AzftbpHjpq0cn/fKBv6VZ/bHTb420ST+9p238pX/xpFH1TobbtE09vW3jP/joq7VDQARoOmg9RbRj/wAdFX6ZIUUUUAFFFFAGadB0c6uNVOlaedUHS8+zJ53TH38bunHWnapomlas8b6rpljetH9w3NukhT6bgcUUUhmgoCgBQABwAO1FFFMQUUUUAf/Z\", \"amount\": 9, \"full_price\": \"251.91\", \"product_id\": \"9a7477fc-4813-4a1a-9b3a-b484c1c88d7e\", \"unit_price\": \"27.99\", \"final_price\": \"251.91\", \"unit_discount\": \"0.00\", \"total_discount\": \"0.00\", \"product_variant_id\": \"9a747873-240d-486b-afa2-52cb3b57fb86\", \"original_unit_price\": \"27.99\"}, {\"id\": \"9a747885-001c-4d4e-82d4-04c4eed6be84\", \"sku\": \"M-TR003\", \"name\": \"Sporty Track Pants - (Size) M\", \"type\": \"product_variant\", \"urls\": null, \"image\": \"/9j/4AAQSkZJRgABAQEAYABgAAD//gA7Q1JFQVRPUjogZ2QtanBlZyB2MS4wICh1c2luZyBJSkcgSlBFRyB2ODApLCBxdWFsaXR5ID0gODAK/9sAQwAGBAUGBQQGBgUGBwcGCAoQCgoJCQoUDg8MEBcUGBgXFBYWGh0lHxobIxwWFiAsICMmJykqKRkfLTAtKDAlKCko/9sAQwEHBwcKCAoTCgoTKBoWGigoKCgoKCgoKCgoKCgoKCgoKCgoKCgoKCgoKCgoKCgoKCgoKCgoKCgoKCgoKCgoKCgo/8AAEQgAMgAyAwEiAAIRAQMRAf/EAB8AAAEFAQEBAQEBAAAAAAAAAAABAgMEBQYHCAkKC//EALUQAAIBAwMCBAMFBQQEAAABfQECAwAEEQUSITFBBhNRYQcicRQygZGhCCNCscEVUtHwJDNicoIJChYXGBkaJSYnKCkqNDU2Nzg5OkNERUZHSElKU1RVVldYWVpjZGVmZ2hpanN0dXZ3eHl6g4SFhoeIiYqSk5SVlpeYmZqio6Slpqeoqaqys7S1tre4ubrCw8TFxsfIycrS09TV1tfY2drh4uPk5ebn6Onq8fLz9PX29/j5+v/EAB8BAAMBAQEBAQEBAQEAAAAAAAABAgMEBQYHCAkKC//EALURAAIBAgQEAwQHBQQEAAECdwABAgMRBAUhMQYSQVEHYXETIjKBCBRCkaGxwQkjM1LwFWJy0QoWJDThJfEXGBkaJicoKSo1Njc4OTpDREVGR0hJSlNUVVZXWFlaY2RlZmdoaWpzdHV2d3h5eoKDhIWGh4iJipKTlJWWl5iZmqKjpKWmp6ipqrKztLW2t7i5usLDxMXGx8jJytLT1NXW19jZ2uLj5OXm5+jp6vLz9PX29/j5+v/aAAwDAQACEQMRAD8A+qaKKKAPi34l/Grxg/jTWrbRdcmtNKt7qSK3SKOMHap253bcnOM8nvWT4Y+NHjOy8Q6bcanr13dWEc6GeGUgrJHn5gcD0zXmN87m+naU5dnbcT65qexjimWYz3Cw+XEXXKljI3ACjHc56njg0AfpeCGAKkEHkEUVR0F1l0LTpEOVe2jYH1BUVeoAKKKKACiiigD83PiDp7aT408Qafg5tr+eIe4EhA/TFUNSsbrSdSu9Pv4zFd2srQyof4WU4I/MV6Z8dbNLL9oLUkKjypbu2mIx13JGW/UmtL9rDw7/AGP8TTqMSbbfV7dZ8gceYvyOPyCn/gVAH174OOfCOhn/AKcYP/Ra1r1yvwovhqPwz8LXO4MzabArEf3lQK36g11VABRRRQAUUUUAfGP7Rtq9x+0BDDGCHuBZqp9ScKK9N/bL0+KXwNouokDz7fUfIU99skbFh+ca/lWJ8VvC+ual+0p4c1CLRr+XSUuLHddxQM8W1JAWLMAQuOc5x611P7YiM3wssivRNViY/Ty5R/WgDe/Zgnkm+DGiiQ58p7iNT7ec5/rXqteR/srSb/g1pg/uXFwv/kQn+teuUAFFFFABRRRQAVDd2tveQmG8giuIiclJUDqT9DRRQA63ghtoVitoo4Yl6JGoUD8BUlFFABRRRQB//9k=\", \"amount\": 9, \"full_price\": \"206.91\", \"product_id\": \"9a7477ff-efd1-45f7-a283-f038580e02b2\", \"unit_price\": \"22.99\", \"final_price\": \"206.91\", \"unit_discount\": \"0.00\", \"total_discount\": \"0.00\", \"product_variant_id\": \"9a747873-b74a-4581-9b8e-4264c7039d23\", \"original_unit_price\": \"22.99\"}, {\"id\": \"9a747885-368d-4ac2-8f8d-f25c956abb99\", \"sku\": \"W-P002\", \"name\": \"Sporty Performance Polo - (Size) XS\", \"type\": \"product_variant\", \"urls\": null, \"image\": \"/9j/4AAQSkZJRgABAQEAYABgAAD//gA7Q1JFQVRPUjogZ2QtanBlZyB2MS4wICh1c2luZyBJSkcgSlBFRyB2ODApLCBxdWFsaXR5ID0gODAK/9sAQwAGBAUGBQQGBgUGBwcGCAoQCgoJCQoUDg8MEBcUGBgXFBYWGh0lHxobIxwWFiAsICMmJykqKRkfLTAtKDAlKCko/9sAQwEHBwcKCAoTCgoTKBoWGigoKCgoKCgoKCgoKCgoKCgoKCgoKCgoKCgoKCgoKCgoKCgoKCgoKCgoKCgoKCgoKCgo/8AAEQgAMgAyAwEiAAIRAQMRAf/EAB8AAAEFAQEBAQEBAAAAAAAAAAABAgMEBQYHCAkKC//EALUQAAIBAwMCBAMFBQQEAAABfQECAwAEEQUSITFBBhNRYQcicRQygZGhCCNCscEVUtHwJDNicoIJChYXGBkaJSYnKCkqNDU2Nzg5OkNERUZHSElKU1RVVldYWVpjZGVmZ2hpanN0dXZ3eHl6g4SFhoeIiYqSk5SVlpeYmZqio6Slpqeoqaqys7S1tre4ubrCw8TFxsfIycrS09TV1tfY2drh4uPk5ebn6Onq8fLz9PX29/j5+v/EAB8BAAMBAQEBAQEBAQEAAAAAAAABAgMEBQYHCAkKC//EALURAAIBAgQEAwQHBQQEAAECdwABAgMRBAUhMQYSQVEHYXETIjKBCBRCkaGxwQkjM1LwFWJy0QoWJDThJfEXGBkaJicoKSo1Njc4OTpDREVGR0hJSlNUVVZXWFlaY2RlZmdoaWpzdHV2d3h5eoKDhIWGh4iJipKTlJWWl5iZmqKjpKWmp6ipqrKztLW2t7i5usLDxMXGx8jJytLT1NXW19jZ2uLj5OXm5+jp6vLz9PX29/j5+v/aAAwDAQACEQMRAD8A8y8PWDMUwCS/AwPzr6A8E6fFb6aLeNDI8gAOckE4/LvXjHw7mSa/iF3m3jDgAlsb8jt6cA/pXS6z8WYvDuprBZ2/2+xjba8hfkDuFGMZB7557V4NWFWpPlijouktTt/E/iGW48VJ4K0GSytLxYPtN/fXJAS2TICgZ6sSy/TI6dRmeE/E99pni+78G6jrEWou8Rkhu4UVSzLnfGcE4x1654Oa4Xwb44j1X4uW+rQ2jSS3y/Y5FaMY8sEFHbOeQQo4PYdKyfGmraxafFDTtXlsLhYbKRxC7QBRISW6lRg5zjNddGEoRVPyNoqKiptdT27xDFdGHytPQrkfM69c+1ccfACSzi41GVnPLEZ6/wCeT+VcxJ8aNTCrmxtck44Q/wDxVQWnxc1rV9QgtLe1tYpbgZG5S3bPr7elCpyWxo5Um7ydzfm8J24lfYqKu44G3oKKyJvE/iBJnQ/YSVYj/UH/AOKopWkVzUTm9Xt5dGna0STZJb2+G2nkMz4PP+6BXJ6kgkg2t0LAHH1r2KP4jaKJQ8vhHSriWXAZ5EVicDjJIPbFaFr470W4miWPwTojA8YFshb2x8vWnDFSitYfkcMopvc9e8M/DvwzaWwvdGsRp08qiN5ITkkKfu/PnjKg8Yzir2qx6X4U0S51m4D+YkW+R3YyN64UEnHPYcVk+F9W1O4hnV7kRRwyFEUx8nABOfzP5V5l8cdT1a5CWM94PsbEB0XgnPHWvVjJSjzoxmnFuDOA+L8LXuvWmqrCFN6iyMQoXPIIJ98H9K4bwgWi8VaHKq7gJoQR7EgH+dexNq2l6VZW2o61oa6nZzW8UMImOdjKDnB+hFZh8c+CVvYHtvBFpFcRMpR0crtI6HivNnibybjF2N3T5PdbMrU79F1K7Gekrj9TRVa/1/R5764l/siceZIzYE/Ayc/3aKjm8mM5CKYM6gkZ6jmus8Fzu/iXR40USA3UYIPI++OK5W30XU2OY4GbP+wwx+ldR4M0TVrbWorq6jSKCJZXyzY52Ntz+OKqSi9Lijuj6gttS0eQywabqWl3U6sfPEd3GWB6lQufwJP09a87+JOiTXVvLdT7BucLGNwLMx7KPbrXz1quoNatLIuN0nysduOPwqlpMdybj7TY3M0UpJZpIXZSM+4Ir1lTa9xbHM5J+91PSvGN0X+Gvh2GTChGnBz6h8fyry5phHOhUg812/iKyv8A/hCNAtzGWfbJccP0UsQOvXPBrz65tbyJ/ngZceteZCCV1c66t3Z+SNVplLE5PJoqiEmIB2/rRT5TM+19NsLPycfZLf8A79r/AIVn+PbO2j8I6g0dvCrBAQVQAjkUUV5S+NGkfjXqfHXiL/WTDtuNdb4ljS31+ZIEWJPJhO1BtGTGuTxRRX1H/L1ej/Q4Xsdf4K/f+J9Hgm/eQjT2by35XO0c46V1muWNptf/AEWD/v2KKK+er/xf67ndW+JeiOQNrb5P7iL/AL4FFFFIzP/Z\", \"amount\": 9, \"full_price\": \"175.50\", \"product_id\": \"9a747809-b1c9-4f86-a887-d19fe25ff2d1\", \"unit_price\": \"19.50\", \"final_price\": \"175.50\", \"unit_discount\": \"0.00\", \"total_discount\": \"0.00\", \"product_variant_id\": \"9a747874-18fc-4581-80b2-1c3827c4a915\", \"original_unit_price\": \"19.50\"}, {\"id\": \"9a747885-5ae1-44de-8b65-863d70e3583b\", \"sku\": \"W-J002\", \"name\": \"Casual V-Neck Jumper - (Size) S\", \"type\": \"product_variant\", \"urls\": null, \"image\": \"/9j/4AAQSkZJRgABAQEAYABgAAD//gA7Q1JFQVRPUjogZ2QtanBlZyB2MS4wICh1c2luZyBJSkcgSlBFRyB2ODApLCBxdWFsaXR5ID0gODAK/9sAQwAGBAUGBQQGBgUGBwcGCAoQCgoJCQoUDg8MEBcUGBgXFBYWGh0lHxobIxwWFiAsICMmJykqKRkfLTAtKDAlKCko/9sAQwEHBwcKCAoTCgoTKBoWGigoKCgoKCgoKCgoKCgoKCgoKCgoKCgoKCgoKCgoKCgoKCgoKCgoKCgoKCgoKCgoKCgo/8AAEQgAMgAyAwEiAAIRAQMRAf/EAB8AAAEFAQEBAQEBAAAAAAAAAAABAgMEBQYHCAkKC//EALUQAAIBAwMCBAMFBQQEAAABfQECAwAEEQUSITFBBhNRYQcicRQygZGhCCNCscEVUtHwJDNicoIJChYXGBkaJSYnKCkqNDU2Nzg5OkNERUZHSElKU1RVVldYWVpjZGVmZ2hpanN0dXZ3eHl6g4SFhoeIiYqSk5SVlpeYmZqio6Slpqeoqaqys7S1tre4ubrCw8TFxsfIycrS09TV1tfY2drh4uPk5ebn6Onq8fLz9PX29/j5+v/EAB8BAAMBAQEBAQEBAQEAAAAAAAABAgMEBQYHCAkKC//EALURAAIBAgQEAwQHBQQEAAECdwABAgMRBAUhMQYSQVEHYXETIjKBCBRCkaGxwQkjM1LwFWJy0QoWJDThJfEXGBkaJicoKSo1Njc4OTpDREVGR0hJSlNUVVZXWFlaY2RlZmdoaWpzdHV2d3h5eoKDhIWGh4iJipKTlJWWl5iZmqKjpKWmp6ipqrKztLW2t7i5usLDxMXGx8jJytLT1NXW19jZ2uLj5OXm5+jp6vLz9PX29/j5+v/aAAwDAQACEQMRAD8A6/yuaS4aK1t3nuJFjiQZZmOABWkIcmvJ/jFqV0skdnau3l85UDgn2Pcj8h9aJS5UXGPM7FHVPFl54m8RW+i6JOLS3mk2ecW2kr/E7HsoGTx6V1PjnwrP8NtCXXNP8Sy6jmSNLi3lxhd3RgMnj2PPvXkHgG5OheObGfWLaKSGYNH5Vym5Rkcbh9cV7P8AGTxBHpHw6tIWtNNmudTjS28xIgcKi8nIJ6ZXA7Zz7VzuclI6lCLjcv8AhXXbXxFpyz2xCyrxJH3U/wBR71rNF7V4V8MHu7G/iltjuhccH0PdT/n+VfQ6w7kVsdRmuiMr6HNOHLqjJ8o0VqeR7UVRmaSwe1cd418P2Ec0WsXW5mQhAh6EnoPYDBPFejLD7Vx/xbj8rwjvGeJ1/wDQWppKTSY1JrY4C00nSJdZGo3GnRXUoGF3MePpzjNdrrs+ma/oaaXe6Lavap80aMM+X7qRgqevIrzPwRrpubC2MiF22AMxPU9D+tdc2obJFZVwK09hBvmsNVZJWuaPhDw5pNpNLbW1t5SyAMqZLBSDkEE5IPFdy1vx0rkvC16t34qWNB0wh/74z/WvR2tvapnFRehN29zC+z0VtfZvaioAnSPnpXD/ABrYReDFT+OS4QD8AxNeiJHzXlf7RU8Ft4c0sTsw8y5KAIMsQRg4HfqKqHxITPG/AqbNNBiUgeY5J9fmPSu1mBNsWHVea4bR/Eeh6ZBFZzNPD5ShQX2c49dpPNdNp3ijSLj/AFDTTJ0YCFmGPwFdKEdb4PBg8ew+Ww8p5Yz/AN9xqf617e8PtXgXg+4tH8caU9lL5kMksOcggo28rtOfYLX0Y8YrCruhozPK9qKveWPSishlNK8M/ayJGi+G8HH+mN/JaKKun8SFLY+dIfmxu+bnvzT4/lj3Lwy4wR1FFFei9jhW57h8M5Hn1TwZJM7SSMxyznJOJxjJPpX1E9FFcFXc7o7EVFFFZDP/2Q==\", \"amount\": 6, \"full_price\": \"129.00\", \"product_id\": \"9a747814-fdd4-4823-af61-b85220c6fb22\", \"unit_price\": \"21.50\", \"final_price\": \"129.00\", \"unit_discount\": \"0.00\", \"total_discount\": \"0.00\", \"product_variant_id\": \"9a747874-d28d-4652-b561-1ea1c131cff4\", \"original_unit_price\": \"21.50\"}, {\"id\": \"9a747885-6ba5-4642-8b0c-939cd1702830\", \"sku\": \"W-TR001\", \"name\": \"Classic Dress Trousers - (Size) S\", \"type\": \"product_variant\", \"urls\": null, \"image\": \"/9j/4AAQSkZJRgABAQEAYABgAAD//gA7Q1JFQVRPUjogZ2QtanBlZyB2MS4wICh1c2luZyBJSkcgSlBFRyB2ODApLCBxdWFsaXR5ID0gODAK/9sAQwAGBAUGBQQGBgUGBwcGCAoQCgoJCQoUDg8MEBcUGBgXFBYWGh0lHxobIxwWFiAsICMmJykqKRkfLTAtKDAlKCko/9sAQwEHBwcKCAoTCgoTKBoWGigoKCgoKCgoKCgoKCgoKCgoKCgoKCgoKCgoKCgoKCgoKCgoKCgoKCgoKCgoKCgoKCgo/8AAEQgAMgAyAwEiAAIRAQMRAf/EAB8AAAEFAQEBAQEBAAAAAAAAAAABAgMEBQYHCAkKC//EALUQAAIBAwMCBAMFBQQEAAABfQECAwAEEQUSITFBBhNRYQcicRQygZGhCCNCscEVUtHwJDNicoIJChYXGBkaJSYnKCkqNDU2Nzg5OkNERUZHSElKU1RVVldYWVpjZGVmZ2hpanN0dXZ3eHl6g4SFhoeIiYqSk5SVlpeYmZqio6Slpqeoqaqys7S1tre4ubrCw8TFxsfIycrS09TV1tfY2drh4uPk5ebn6Onq8fLz9PX29/j5+v/EAB8BAAMBAQEBAQEBAQEAAAAAAAABAgMEBQYHCAkKC//EALURAAIBAgQEAwQHBQQEAAECdwABAgMRBAUhMQYSQVEHYXETIjKBCBRCkaGxwQkjM1LwFWJy0QoWJDThJfEXGBkaJicoKSo1Njc4OTpDREVGR0hJSlNUVVZXWFlaY2RlZmdoaWpzdHV2d3h5eoKDhIWGh4iJipKTlJWWl5iZmqKjpKWmp6ipqrKztLW2t7i5usLDxMXGx8jJytLT1NXW19jZ2uLj5OXm5+jp6vLz9PX29/j5+v/aAAwDAQACEQMRAD8A7yGOrZUiNivUDIpkK1YkU+RJjOdpxjr0qgPlXw54JvfEujC6tYpWmmuDI0gXdwq8dSPvMzd/4a7jRvgpq2oQzB5XRgdhRkjXPH97zD7dj1r0n4U6RZ213dabptzcJbW8CIqE7grEbmPPqWP4YrqNNk1CLVNT01Z4Umgfh87i5KKRwR8o6dz3+tQ8RNN8rsmdKwsLWmrtepzXhb+0n8OWa65az2upRKYp0mTaSykruHYg4zkcc1ZuE4rbuoHhPlSvvdOCdxPPU8nnrmsu4Wne+pzySi7Io7T6UVPtooEbUNXIhVCFxV2JxVMDP8OWtvpfjR4rVDHFPbB9u4kBtzZwD0HTgcVn2jNH8TNbYHh/LfGf9gD+lP1iSS08SWl7AzF/IZNpPykZ/wDrj8qpWVyz/EHUYwwO+CN246EKB/7MKwlud1O/Ld9jpbnLszHqTms64WtKUiqFxg1qcJV2e1FTgCigCeKBverkUDe9XRo98p+Xy2/GrUFlfxn5rZHHtIKsRzmu26wxQ3MzBVjJXLHA+Yf4gVznhW1e88X3moQjfbXUW6KVehUEDH1+WtL412viO48L2lp4d068N3Jdxsz2/wA+FUE4OOnzBeTxVL4D6hd3Oqaro+p6VLaPaKJId8bKUGcFWzxn5hjHoazcbu50wqWg0/M7RtMkPrUEmjO3Y1362a/3akFip/hFWcx5z/YsnoaK9G+wL/doo0AorUsdFFAEh6VNB1oooGWUqVaKKTAdRRRSA//Z\", \"amount\": 2, \"full_price\": \"59.98\", \"product_id\": \"9a747818-5355-407e-b0c3-a0b1f5b8086a\", \"unit_price\": \"29.99\", \"final_price\": \"59.98\", \"unit_discount\": \"0.00\", \"total_discount\": \"0.00\", \"product_variant_id\": \"9a747874-fdbd-40a6-b116-3a56f74248da\", \"original_unit_price\": \"29.99\"}, {\"id\": \"9a747884-f002-494b-bcd4-6cc7996476a9\", \"sku\": \"W-TR003\", \"name\": \"Sporty Track Pants - (Size) XL\", \"type\": \"product_variant\", \"urls\": null, \"image\": \"/9j/4AAQSkZJRgABAQEAYABgAAD//gA7Q1JFQVRPUjogZ2QtanBlZyB2MS4wICh1c2luZyBJSkcgSlBFRyB2ODApLCBxdWFsaXR5ID0gODAK/9sAQwAGBAUGBQQGBgUGBwcGCAoQCgoJCQoUDg8MEBcUGBgXFBYWGh0lHxobIxwWFiAsICMmJykqKRkfLTAtKDAlKCko/9sAQwEHBwcKCAoTCgoTKBoWGigoKCgoKCgoKCgoKCgoKCgoKCgoKCgoKCgoKCgoKCgoKCgoKCgoKCgoKCgoKCgoKCgo/8AAEQgAMgAyAwEiAAIRAQMRAf/EAB8AAAEFAQEBAQEBAAAAAAAAAAABAgMEBQYHCAkKC//EALUQAAIBAwMCBAMFBQQEAAABfQECAwAEEQUSITFBBhNRYQcicRQygZGhCCNCscEVUtHwJDNicoIJChYXGBkaJSYnKCkqNDU2Nzg5OkNERUZHSElKU1RVVldYWVpjZGVmZ2hpanN0dXZ3eHl6g4SFhoeIiYqSk5SVlpeYmZqio6Slpqeoqaqys7S1tre4ubrCw8TFxsfIycrS09TV1tfY2drh4uPk5ebn6Onq8fLz9PX29/j5+v/EAB8BAAMBAQEBAQEBAQEAAAAAAAABAgMEBQYHCAkKC//EALURAAIBAgQEAwQHBQQEAAECdwABAgMRBAUhMQYSQVEHYXETIjKBCBRCkaGxwQkjM1LwFWJy0QoWJDThJfEXGBkaJicoKSo1Njc4OTpDREVGR0hJSlNUVVZXWFlaY2RlZmdoaWpzdHV2d3h5eoKDhIWGh4iJipKTlJWWl5iZmqKjpKWmp6ipqrKztLW2t7i5usLDxMXGx8jJytLT1NXW19jZ2uLj5OXm5+jp6vLz9PX29/j5+v/aAAwDAQACEQMRAD8A3LGDpxW1bwDHSqlgnA4rat06cUizlPEtzqem+INDms7R7mzecRSRohYsWDKex5AYEe4HrmptD8Pavpeu6/LqFmq2k0iSrcCVdiqqBQuMDknJ6D6V6f4UuVjultNis0yyMob1G3/GqPxVlmj0F4LURBj+9baTkhCGIx3GAaxUHzOSZ0e0XKqbRyssAqpND7VpxHzbWGTBBZASD24qCRc1rcx20M7yKKu+WPSimA2wHArYtx0rIsegrYg7UEmT4p8Wy+GjbtaTRQzorMTIoIKsQO/+7Xn178UdZ1bUbeS8uLFrGKTbKY4sZj3YIHJ5Irf+Ltup06CbaNxV0JP5/wCNeNeB41vdU0LT5EAAv1LqBjK7t38jXXThD2e3czcnzH0uoYQJ5nDkZb6nrVaXrV246VQlPNca0Nr31EyKKi3e1FMQ2xkQAc1sQSJxzV230UKB8lX49KAH3adibnnfxXUP4SeWPG6KQN+BBH8yK8T+GDNN4/0RigGckn3VG/8Aia+i/ibpLSeB9U8pMvGiy49QrAn9Aa8K+DWnlvHNrPMypBaQSsXdgvJG3GDzn5q6YNKk7kPV6HvM8ikVnzyDnFX7ma15CSq3+7zWfJ8+RGrn8K5bGiZB5g9aKd9nn/55t+VFFh3PVUAx0FSY4ooqzMyvFChvD+phgCDaygg9/kNfOvgy2gHxUnUQxbfso42DH36KKr7I49T6Gs7S2SJdtvCvHZAKmMUY6RoPwFFFQIi2L/dX8qKKKAP/2Q==\", \"amount\": 5, \"full_price\": \"114.95\", \"product_id\": \"9a74781b-ba63-4202-92e7-d594c03b5ed8\", \"unit_price\": \"22.99\", \"final_price\": \"114.95\", \"unit_discount\": \"0.00\", \"total_discount\": \"0.00\", \"product_variant_id\": \"9a747875-458c-4d59-b1ac-6f9f02043d07\", \"original_unit_price\": \"22.99\"}, {\"id\": \"9a747885-086e-4ba3-823d-c40361c30ffd\", \"sku\": \"W-BO001\", \"name\": \"Classic Ankle Boots - (Size) 8, (Colour) Dark Green\", \"type\": \"product_variant\", \"urls\": null, \"image\": \"/9j/4AAQSkZJRgABAQEAYABgAAD//gA7Q1JFQVRPUjogZ2QtanBlZyB2MS4wICh1c2luZyBJSkcgSlBFRyB2ODApLCBxdWFsaXR5ID0gODAK/9sAQwAGBAUGBQQGBgUGBwcGCAoQCgoJCQoUDg8MEBcUGBgXFBYWGh0lHxobIxwWFiAsICMmJykqKRkfLTAtKDAlKCko/9sAQwEHBwcKCAoTCgoTKBoWGigoKCgoKCgoKCgoKCgoKCgoKCgoKCgoKCgoKCgoKCgoKCgoKCgoKCgoKCgoKCgoKCgo/8AAEQgAMgAyAwEiAAIRAQMRAf/EAB8AAAEFAQEBAQEBAAAAAAAAAAABAgMEBQYHCAkKC//EALUQAAIBAwMCBAMFBQQEAAABfQECAwAEEQUSITFBBhNRYQcicRQygZGhCCNCscEVUtHwJDNicoIJChYXGBkaJSYnKCkqNDU2Nzg5OkNERUZHSElKU1RVVldYWVpjZGVmZ2hpanN0dXZ3eHl6g4SFhoeIiYqSk5SVlpeYmZqio6Slpqeoqaqys7S1tre4ubrCw8TFxsfIycrS09TV1tfY2drh4uPk5ebn6Onq8fLz9PX29/j5+v/EAB8BAAMBAQEBAQEBAQEAAAAAAAABAgMEBQYHCAkKC//EALURAAIBAgQEAwQHBQQEAAECdwABAgMRBAUhMQYSQVEHYXETIjKBCBRCkaGxwQkjM1LwFWJy0QoWJDThJfEXGBkaJicoKSo1Njc4OTpDREVGR0hJSlNUVVZXWFlaY2RlZmdoaWpzdHV2d3h5eoKDhIWGh4iJipKTlJWWl5iZmqKjpKWmp6ipqrKztLW2t7i5usLDxMXGx8jJytLT1NXW19jZ2uLj5OXm5+jp6vLz9PX29/j5+v/aAAwDAQACEQMRAD8A9Hs7c8VrwWxx0qaytMAZFakUGO1fHKLkfWV8Tdnyn4ztvsXxB8Z2BHEhjuh+Kgk/+RKwPDT4Yc967P4z+XB8Y7lEwGuNOUP9QpP8kFcDoblZWHoa+kpa0437I86i7yZ1+q3eLVgWzxW/8GLcyWWszjo0yJn6An/2auB1e4OwjPavY/gTYZ8CTTEfNNeSNn2Cqv8ASuXHO1Fno0JqnNM1TbcmiugNlyeKK8XmPY+toh1f4oeDdB1aXTdS1cR3cJ2yqkEkgQ+hKqRn27Vi698e/B2nWrNpb3Wq3GPljihaJc/7TOBgfQGvHPjV8N9d0TxFqutpbtd6ReXMlz58ILeTvYsVkHUYz16e/avKa92jg6Timnc+MnVk3qdfqXiS78X/ABFXWNQVYpbqdF8uP7saABQoz7Dn15pNHIa5lC5+8az/AAjas95LeEfJbIce8jAhR/M/hXQ6Rpz2l1KJByDz9a7GklZG2FT1ZV1PJYg19FfAJA3w2gwQSLiUEDtznn8Dn8a+edXxJcFQdq/xH0r079nbX2tfEl3ocjH7NfR+ZCpP3ZEH9VBz/uiuTFQ56bR21NFc9yNuMniitExjNFeL7Ij2zNNrYMhDD5SOc14n8Q/DvwuspJrnUYLV7w5Pk2R2lm99pAH413vx3l1uL4c3i+GrO4u7uZ1jlW3QtIsXJYgDnsB34Jr5B0/xHBZ3Dpqun5lDHPmKVI9sV9EsOo6o82lVi/jdjrtMtItQ1NX0+xSx0yJ90UKjr7k9z71e1k22nWrecp8zn5h/F71lRfEHSYogIoHQ46Dp/Kud1HWL7xfqcOn6NZz3VxMdscMQyWP+Hr0+ta8j2On29OPUytU1QzSkQgLGD949M/411nwPmaT4m6EoLEmYjPT+E1yV74P8VWmoNb33h7VEcZAxauysQf4SBg/hXp3wG8D+JofiTpF7e6Lf2ljbO7yzXEBiUDYwH3gM5JA4qvZxtY5auMnN2WiPqv7OfSitfYvpRXJ9UiR9YZFqPFjNj+4a+UviPY2kt5O8lrA78/M0YJoorqe5NL4WeMrDF9vC+Um3eRjaMV9efs8aZYWuiXFxbWVrDO7bXkjiVWYDoCQMmiirZkevkDPQUY5oopCCiiigR//Z\", \"amount\": 3, \"full_price\": \"83.85\", \"product_id\": \"9a74782c-e18a-4cbe-ac40-3290e193835b\", \"unit_price\": \"27.95\", \"final_price\": \"83.85\", \"unit_discount\": \"0.00\", \"total_discount\": \"0.00\", \"product_variant_id\": \"9a74786c-2f9c-4920-b4a4-4a4341d41333\", \"original_unit_price\": \"27.95\"}, {\"id\": \"9a747885-639c-4ee9-8c0c-92607bbb7947\", \"sku\": \"M-LO001\", \"name\": \"Classic Leather Loafers - (Size) 8.5, (Colour) Dark Green\", \"type\": \"product_variant\", \"urls\": null, \"image\": \"/9j/4AAQSkZJRgABAQEAYABgAAD//gA7Q1JFQVRPUjogZ2QtanBlZyB2MS4wICh1c2luZyBJSkcgSlBFRyB2ODApLCBxdWFsaXR5ID0gODAK/9sAQwAGBAUGBQQGBgUGBwcGCAoQCgoJCQoUDg8MEBcUGBgXFBYWGh0lHxobIxwWFiAsICMmJykqKRkfLTAtKDAlKCko/9sAQwEHBwcKCAoTCgoTKBoWGigoKCgoKCgoKCgoKCgoKCgoKCgoKCgoKCgoKCgoKCgoKCgoKCgoKCgoKCgoKCgoKCgo/8AAEQgAMgAyAwEiAAIRAQMRAf/EAB8AAAEFAQEBAQEBAAAAAAAAAAABAgMEBQYHCAkKC//EALUQAAIBAwMCBAMFBQQEAAABfQECAwAEEQUSITFBBhNRYQcicRQygZGhCCNCscEVUtHwJDNicoIJChYXGBkaJSYnKCkqNDU2Nzg5OkNERUZHSElKU1RVVldYWVpjZGVmZ2hpanN0dXZ3eHl6g4SFhoeIiYqSk5SVlpeYmZqio6Slpqeoqaqys7S1tre4ubrCw8TFxsfIycrS09TV1tfY2drh4uPk5ebn6Onq8fLz9PX29/j5+v/EAB8BAAMBAQEBAQEBAQEAAAAAAAABAgMEBQYHCAkKC//EALURAAIBAgQEAwQHBQQEAAECdwABAgMRBAUhMQYSQVEHYXETIjKBCBRCkaGxwQkjM1LwFWJy0QoWJDThJfEXGBkaJicoKSo1Njc4OTpDREVGR0hJSlNUVVZXWFlaY2RlZmdoaWpzdHV2d3h5eoKDhIWGh4iJipKTlJWWl5iZmqKjpKWmp6ipqrKztLW2t7i5usLDxMXGx8jJytLT1NXW19jZ2uLj5OXm5+jp6vLz9PX29/j5+v/aAAwDAQACEQMRAD8A1YTaqOY8H6f/AF6laazx0wR7GogXIztcfVRTXV2zw3/fsVwKJ6N0R3F1Bn5WYfRBWdcXkSqTlz+Ap+sTJp1hLd3W9IYxydgzknAH51wi+MLeeYLcxvbo/CSZDJ9GOODWkYXVyHPWx0Nxfxk/xflWfLfRnOVJ/AVKbO4uEDxDcjDIZcEEfWq82l3QBOCPriq5ULmIftUX90/kKKj/ALPuPainyi5j1CaYW0Ek1zNFHDGNzMxwAK4Bvi3ptvqLW11YXUUYOFlG1gR2bHHH50vj/XUu/DVxAiyA70ZiRwQGHv8ASvKHjgukVJvmUfdIPK/T29qqnSUldkTqNOx7H4l1GPxd4auINGmt7j7sgMRO9cHPzIQGA/CvI7HVNX8MawtwI2jkU4YModHHQgg8EH3re8AP/Y/iWC4jiimCqRl+cZGOB617Gtvo3iGPydUhhWUjiRhjP/Ah/WtI05xjdLQiUot76nPeC9U0XV5TLZ20entNHmS1hY7BJn5nRScAYA+UdOa6d9GeUExSxsK5+X4W3ul3bXHhvUrXymO77LdhtoPqrKMg/hXQeHNH1wXobWUt4UiztMc+8Pxj0B/Oi9KUNNGg/eKWuqK58PTZ++v50V2f9nr/AH0/M0VzcxtY8z1TwxNNGwRAyn+HFed634NntXaWCKSI9cAfKa9y+1N1Ea474NNllSTho0I9KUakkXKmnufNsV01hcj7UktvMp4ccA/0NddpXjQRRhZjFKP7wbafy5r1O60vSrtCtxp8D56kgVkTeBvDMxy+kR/8BYj+tdUMU0c8sPfqXPh14vl1DVEs4nD2u0kox3FeO3oK9N8yKQDeq1wXh/TdO8PRMmk2UdsrHLYOSfqSc1pvq7L1/pWNSftJXSsaQjyKzZ1gWDH8P60Vx51lv8kUVnZllVQNx4qF/wDWGiis0asZk5PJqNZH80je2PrRRVIhjZJH/vt+dRmRznLsfxooq0QyLcfU0UUUxn//2Q==\", \"amount\": 1, \"full_price\": \"29.99\", \"product_id\": \"9a747837-fd5e-4cf2-85b4-63a666a3436a\", \"unit_price\": \"29.99\", \"final_price\": \"29.99\", \"unit_discount\": \"0.00\", \"total_discount\": \"0.00\", \"product_variant_id\": \"9a747870-413f-41ed-9e62-8368628d3216\", \"original_unit_price\": \"29.99\"}, {\"id\": \"9a747885-51e4-44ac-9d91-e09d92b034ca\", \"sku\": \"M-BO001\", \"name\": \"Classic Leather Boots - (Size) 8\", \"type\": \"product_variant\", \"urls\": null, \"image\": \"/9j/4AAQSkZJRgABAQEAYABgAAD//gA7Q1JFQVRPUjogZ2QtanBlZyB2MS4wICh1c2luZyBJSkcgSlBFRyB2ODApLCBxdWFsaXR5ID0gODAK/9sAQwAGBAUGBQQGBgUGBwcGCAoQCgoJCQoUDg8MEBcUGBgXFBYWGh0lHxobIxwWFiAsICMmJykqKRkfLTAtKDAlKCko/9sAQwEHBwcKCAoTCgoTKBoWGigoKCgoKCgoKCgoKCgoKCgoKCgoKCgoKCgoKCgoKCgoKCgoKCgoKCgoKCgoKCgoKCgo/8AAEQgAMgAyAwEiAAIRAQMRAf/EAB8AAAEFAQEBAQEBAAAAAAAAAAABAgMEBQYHCAkKC//EALUQAAIBAwMCBAMFBQQEAAABfQECAwAEEQUSITFBBhNRYQcicRQygZGhCCNCscEVUtHwJDNicoIJChYXGBkaJSYnKCkqNDU2Nzg5OkNERUZHSElKU1RVVldYWVpjZGVmZ2hpanN0dXZ3eHl6g4SFhoeIiYqSk5SVlpeYmZqio6Slpqeoqaqys7S1tre4ubrCw8TFxsfIycrS09TV1tfY2drh4uPk5ebn6Onq8fLz9PX29/j5+v/EAB8BAAMBAQEBAQEBAQEAAAAAAAABAgMEBQYHCAkKC//EALURAAIBAgQEAwQHBQQEAAECdwABAgMRBAUhMQYSQVEHYXETIjKBCBRCkaGxwQkjM1LwFWJy0QoWJDThJfEXGBkaJicoKSo1Njc4OTpDREVGR0hJSlNUVVZXWFlaY2RlZmdoaWpzdHV2d3h5eoKDhIWGh4iJipKTlJWWl5iZmqKjpKWmp6ipqrKztLW2t7i5usLDxMXGx8jJytLT1NXW19jZ2uLj5OXm5+jp6vLz9PX29/j5+v/aAAwDAQACEQMRAD8A8NstGe7dRGuyQjKlGJBrovD/AIamMxj1GEDb0OOeteo6XoVvGiBYxnoCB0rpoh4Z0wQRa1eFr6SNpxAijIRQTyT9DWDqnSqaONsPDgQ+RNZrJA6/eI6HHrVXUdBtQ/lMpjWEblHXdV+++JSaTrs9re6TE9hFIU/cyMH2Z4YE8E4wegqTxPr3hHTGtrrV9YuPJu4Eure3tbZmllibOCS2FXoR1OCDWak3qjSdJw3R5jqkZDyMyjk/eH1rFd/lbaDnOa7nUfiF4QkCpZ+EpbiyKjLT37JKG7/dGPT9au+GtF8OePI7248M2t3ZXVgqyTWMsgl3oc5ZGwCcEcgjv17VrGdtzB0pLU4FPMKKdvUf3aK9XXwY20Yhlxj+7/8AWoqvaIOQ6/QNKgnQx3VzNHIp3CSAeUT/AENcF+0JZRaRp+j6gG86RpXtnDMAzxMuSBj0x17Z969E0G+06ecLZ3UsUmcGKdHQg/RgK8q/ahmbf4djadHQLOdg4IP7vn9P51lHcq7uVvhlJo3iTW7R9bdZikXkFZ14mZeFLe5TGPdW9K1v2ifCtvp3gnR5rG3l8vTZzBC65YLbyAttZjk/K4AGezeua8R8P6gtneRucgqwIPoa+ovAvjiz1TRxY649vNE67GEnIYHswNZSl7OZ3um61PmTufJdpOqnZKfk6jIyAf8ACvoP4PeJ/BWkzWV3Ar6dq6w+TMyf6ucYGQcj1wexyPSk8Z/Bjw9qMk154X1q205my32eaQNFn0B6r+v0r5/vYrjStQntJmQywSGNijZUkHGQe4rbSqtDm/hO09UfcI1/w8wDLe4B5AEg4/SiviYavdgACWT8zRUezn3L/wBnPphdfu0t7eWCQS7iQMEOvB4xjO3/AIFj2HavMfiuPFPjHVLCOW0s7mS2DRwmwBy4OM7icZ+6OeB1q/pmuxW7O11GLvPygSYIVfQAgj866vSPiBbWUii1sY7dOmIiF/UDOPbNbKMo7HLKcGjyWT4UeL7ZYmawjeRxuMSTKWX2Pao7zw54n0mPF9o+rwIOrrbM4/MHFfQNv44W6O6MQAnse1RXOrai0xk0zUI7FGGGQQCUN7/MSB+Ap8k5bolVVD4ZNHzjZXMJukTyLy5nJAAf5R9Co5P/AH0K948MeCPBM1ja/wBuaffXl/OqtseEQrFxnAUNk/7zEk4HNa9jIrS+beJp09wRhpRZiNiPqp4NX5XjBBhZkwcjDGhwn0QvaQesmZ5+GvgdiSnh2HaeRmabOPwNFaS3R2jc5J7naOf0oqPZ1R89I+byTnqanhY7upooroMTUgZsL8x/Out8OSO0DhnYgdMmiinDcmWxtW7NnqfzrSRjs6n86KK0IJwTgc0UUUgP/9k=\", \"amount\": 8, \"full_price\": \"223.92\", \"product_id\": \"9a747842-6a35-4a29-9cc8-3e6ab4c8d128\", \"unit_price\": \"27.99\", \"final_price\": \"223.92\", \"unit_discount\": \"0.00\", \"total_discount\": \"0.00\", \"product_variant_id\": \"9a747878-0b45-490f-8dff-35c5a247d589\", \"original_unit_price\": \"27.99\"}, {\"id\": \"9a747884-e701-4042-8c84-d915f79928be\", \"sku\": \"M-SN002\", \"name\": \"Classic Canvas Sneakers - (Size) 9.5\", \"type\": \"product_variant\", \"urls\": null, \"image\": \"/9j/4AAQSkZJRgABAQEAYABgAAD//gA7Q1JFQVRPUjogZ2QtanBlZyB2MS4wICh1c2luZyBJSkcgSlBFRyB2ODApLCBxdWFsaXR5ID0gODAK/9sAQwAGBAUGBQQGBgUGBwcGCAoQCgoJCQoUDg8MEBcUGBgXFBYWGh0lHxobIxwWFiAsICMmJykqKRkfLTAtKDAlKCko/9sAQwEHBwcKCAoTCgoTKBoWGigoKCgoKCgoKCgoKCgoKCgoKCgoKCgoKCgoKCgoKCgoKCgoKCgoKCgoKCgoKCgoKCgo/8AAEQgAMgAyAwEiAAIRAQMRAf/EAB8AAAEFAQEBAQEBAAAAAAAAAAABAgMEBQYHCAkKC//EALUQAAIBAwMCBAMFBQQEAAABfQECAwAEEQUSITFBBhNRYQcicRQygZGhCCNCscEVUtHwJDNicoIJChYXGBkaJSYnKCkqNDU2Nzg5OkNERUZHSElKU1RVVldYWVpjZGVmZ2hpanN0dXZ3eHl6g4SFhoeIiYqSk5SVlpeYmZqio6Slpqeoqaqys7S1tre4ubrCw8TFxsfIycrS09TV1tfY2drh4uPk5ebn6Onq8fLz9PX29/j5+v/EAB8BAAMBAQEBAQEBAQEAAAAAAAABAgMEBQYHCAkKC//EALURAAIBAgQEAwQHBQQEAAECdwABAgMRBAUhMQYSQVEHYXETIjKBCBRCkaGxwQkjM1LwFWJy0QoWJDThJfEXGBkaJicoKSo1Njc4OTpDREVGR0hJSlNUVVZXWFlaY2RlZmdoaWpzdHV2d3h5eoKDhIWGh4iJipKTlJWWl5iZmqKjpKWmp6ipqrKztLW2t7i5usLDxMXGx8jJytLT1NXW19jZ2uLj5OXm5+jp6vLz9PX29/j5+v/aAAwDAQACEQMRAD8AwwaX61LYW7Xt7BbR/fmkWNfqTis+81nTn1Y2mmw3JiU+X5srqd7Z6gADA9ufrWaTZs2kWqt6ypgW0httNbeAvmSNLtaXcATgHjAzgY680hspUjZ5sRIozlv4vYetGpLHrepR6qs5gtlj8u7Ksy5WNBncFyQNo6Acn1zkXBJvUicmtiC7hNvJtYqSRnAOSPY+9Vz0qvqLy2ery21vbC4tlcKr26ngEAjIGcnBHv2NTtnOCCCKU48rHCXMgyaKTJoqCzQ0m+bR5v7XFuLhbJlfyy23eScAZ7dz+FcZNrMH2hZ9OtbaOSVix+Ynyz6Zb+ld1Z2UGt+HL7S7a4ji1iRt8Ucp2iZQBwp/vAjP+eK+lfDpJvDs0d3C0Woqh27jjDjoD6jP861i0kZSu2YemajObFI7i4WeWST3dm5wFHGM8n/PFdFobJIl/p6OI7m/i22zZwpnGdik9gckZ96890WPUDKttBMYHyySIRgqM84OOv410Vzp9zpdtCjzCQkbldRjaeuPwqp9xQ7G5d+KNCWGCPUVu9IvogEms/IZAHHB6LkjPqap3t1FfKNQttzQSyuglwQshAU5GR1wwB9wT3r0bw/8SNO1XToodUu4LXUowBNFdEKkhHG9SeOfSuP+JnieDWtTsrbT5o57e1QlpImyhZscA9DgDt61LaaHG6Zgb6KqBzjv+VFZmo6dFcAMDkcgjjB9q9J+GuoSanp11a6hdvPcW75Bk5ZoSOme5BB5PPNecE063ubqyuUubCYwXKdGHIPsR3FCYmrnSeItNjmubqaRIG3uWQROFAxkKPyx9aw7zUNOtbBbe+nhjuHUExp8xDY68ZrJ8T3aa8FOrWk0E6knz7IgqxPdkP8AQ5rjbrTY43/cakHX0lidG/LBrZTT0Zk4tbHWxGG6iVyoIPY9qnSNV6AD6ViaA06o/nlmBwAT7cVuA5ArJ76Gi2HUUZ9qKBlgAbRSyAZ6dqKKkYxwMdBVWVV5+UflRRTQhIQMdBU0YGelFFAEoUY6CiiimB//2Q==\", \"amount\": 7, \"full_price\": \"157.50\", \"product_id\": \"9a747849-2324-4c87-8812-df0d42b72937\", \"unit_price\": \"22.50\", \"final_price\": \"157.50\", \"unit_discount\": \"0.00\", \"total_discount\": \"0.00\", \"product_variant_id\": \"9a747878-9e56-49ca-9e24-ec410e0b52c1\", \"original_unit_price\": \"22.50\"}, {\"id\": \"9a747885-1df5-49ba-b62c-390bb7411d6a\", \"sku\": \"W-ER001\", \"name\": \"Crystal Drop Earrings\", \"type\": \"product\", \"urls\": null, \"image\": \"/9j/4AAQSkZJRgABAQEAYABgAAD//gA7Q1JFQVRPUjogZ2QtanBlZyB2MS4wICh1c2luZyBJSkcgSlBFRyB2ODApLCBxdWFsaXR5ID0gODAK/9sAQwAGBAUGBQQGBgUGBwcGCAoQCgoJCQoUDg8MEBcUGBgXFBYWGh0lHxobIxwWFiAsICMmJykqKRkfLTAtKDAlKCko/9sAQwEHBwcKCAoTCgoTKBoWGigoKCgoKCgoKCgoKCgoKCgoKCgoKCgoKCgoKCgoKCgoKCgoKCgoKCgoKCgoKCgoKCgo/8AAEQgAMgAyAwEiAAIRAQMRAf/EAB8AAAEFAQEBAQEBAAAAAAAAAAABAgMEBQYHCAkKC//EALUQAAIBAwMCBAMFBQQEAAABfQECAwAEEQUSITFBBhNRYQcicRQygZGhCCNCscEVUtHwJDNicoIJChYXGBkaJSYnKCkqNDU2Nzg5OkNERUZHSElKU1RVVldYWVpjZGVmZ2hpanN0dXZ3eHl6g4SFhoeIiYqSk5SVlpeYmZqio6Slpqeoqaqys7S1tre4ubrCw8TFxsfIycrS09TV1tfY2drh4uPk5ebn6Onq8fLz9PX29/j5+v/EAB8BAAMBAQEBAQEBAQEAAAAAAAABAgMEBQYHCAkKC//EALURAAIBAgQEAwQHBQQEAAECdwABAgMRBAUhMQYSQVEHYXETIjKBCBRCkaGxwQkjM1LwFWJy0QoWJDThJfEXGBkaJicoKSo1Njc4OTpDREVGR0hJSlNUVVZXWFlaY2RlZmdoaWpzdHV2d3h5eoKDhIWGh4iJipKTlJWWl5iZmqKjpKWmp6ipqrKztLW2t7i5usLDxMXGx8jJytLT1NXW19jZ2uLj5OXm5+jp6vLz9PX29/j5+v/aAAwDAQACEQMRAD8A+qaKK4bxFrbR6pe2/wBomE0K/uoIzt529Tz83XOPpQB3NFZnhy6mu9KjkuMmQEruJB3AdDkcHI9Kfr9xNbaVNLb/AOsG0Z6YBIBOe3HegDQorgNB1k/2nYw+bci4mbZJE/z7+PvHBwvC7s/44rv6ACiiigArD8RWkEskLm0Msx6srbSVBHBPf+nWtuRxGjOxwqgkn2rir+7tNWt4NUjuhLHbSNE8UbKdrE7XBywA27TnOT8pxzQB2FkYzZwGFPLjKDamMbRjpUk20ROXXcu05GM5FVNPvobiR4YpFcxorZXpgj/P50++vI7VoFkcIZn2Anp/nt+NAGX4fgijuJXWzWFm+ZW3bto/u+3at6uGivNN006hrk14tvbxqIS7FQCo3MGyOgyW4OO5PWuysbgXdnDOowJFDY9PagCeiiigBk8YlgkjPR1K/mK85sPC1tm8ktkeKYZLqVZUY7mLAjpncSSep616TWbNaRT3hnC4IUqw3EBs45I6Z469fegDC8GaRNa6ne3wu/Ns5Y1ijiAGFKk5YHvn/D0qz420mbUorGaK5aGO0kaSVFAPmqVxg10cG3ywFXYB/D6UshAQkjPt60AedXnhmzksYbmeM3A3ExmNd6qpHXGedwxx64rvdLgNtp9vCwwyoMj0NVms4ftENy0S7k3YHJ6nP0zx/hWmDkZFABRRRQAHoag/hNFFACw/6xvpSXPWP/eoooAQfdNTp90UUUALRRRQB//Z\", \"amount\": 4, \"full_price\": \"79.96\", \"product_id\": \"9a747851-b3f9-44bc-84b0-90f1250c5c3f\", \"unit_price\": \"19.99\", \"final_price\": \"79.96\", \"unit_discount\": \"0.00\", \"total_discount\": \"0.00\", \"original_unit_price\": \"19.99\"}, {\"id\": \"9a747885-0f57-4dfb-b28f-3564404f9213\", \"sku\": \"W-ER003\", \"name\": \"Statement Tassel Earrings\", \"type\": \"product\", \"urls\": null, \"image\": \"/9j/4AAQSkZJRgABAQEAYABgAAD//gA7Q1JFQVRPUjogZ2QtanBlZyB2MS4wICh1c2luZyBJSkcgSlBFRyB2ODApLCBxdWFsaXR5ID0gODAK/9sAQwAGBAUGBQQGBgUGBwcGCAoQCgoJCQoUDg8MEBcUGBgXFBYWGh0lHxobIxwWFiAsICMmJykqKRkfLTAtKDAlKCko/9sAQwEHBwcKCAoTCgoTKBoWGigoKCgoKCgoKCgoKCgoKCgoKCgoKCgoKCgoKCgoKCgoKCgoKCgoKCgoKCgoKCgoKCgo/8AAEQgAMgAyAwEiAAIRAQMRAf/EAB8AAAEFAQEBAQEBAAAAAAAAAAABAgMEBQYHCAkKC//EALUQAAIBAwMCBAMFBQQEAAABfQECAwAEEQUSITFBBhNRYQcicRQygZGhCCNCscEVUtHwJDNicoIJChYXGBkaJSYnKCkqNDU2Nzg5OkNERUZHSElKU1RVVldYWVpjZGVmZ2hpanN0dXZ3eHl6g4SFhoeIiYqSk5SVlpeYmZqio6Slpqeoqaqys7S1tre4ubrCw8TFxsfIycrS09TV1tfY2drh4uPk5ebn6Onq8fLz9PX29/j5+v/EAB8BAAMBAQEBAQEBAQEAAAAAAAABAgMEBQYHCAkKC//EALURAAIBAgQEAwQHBQQEAAECdwABAgMRBAUhMQYSQVEHYXETIjKBCBRCkaGxwQkjM1LwFWJy0QoWJDThJfEXGBkaJicoKSo1Njc4OTpDREVGR0hJSlNUVVZXWFlaY2RlZmdoaWpzdHV2d3h5eoKDhIWGh4iJipKTlJWWl5iZmqKjpKWmp6ipqrKztLW2t7i5usLDxMXGx8jJytLT1NXW19jZ2uLj5OXm5+jp6vLz9PX29/j5+v/aAAwDAQACEQMRAD8A+qaiuZ1hXJxnGeTgAepPYVLWD46uZLbwxd+SgeWUCFQc4G44ycc8DNITdldm7G29FYgrkA4PUUtVtMuftum2t1gL58SSYBzjcAf61ZoGQRXIlnMajjbuBz2z6eh5x64NT1y+m6lJL491S0MaiIWyKrZOSYyCfb/ltjj+7XUUCTT2Cij86KBhXl3x+8Sjw/oGmKsQllnuwwQkD5UHOD2OWX8+/Q+o187/ALUGoRtrWh2LknyYzcAKSDuLYHPbhTmqgrsip8LPYPhheC+8B6PKrM22Hyju6/KSv9K6ivMv2f71bjwZNbLjFrdMo+hVW789Sa9B1m7Ww0i9vHOFggeU/wDAVJ/pRJa2Cm+aCZ4j4D8Ypq/xhuYlQpE09wiOp4kUglcj1wg/MfU+9V8bfDrUorTxrZXv8X26N3OTtO5gGwD9D+vpivsmnNWIou9/UKKKKg2CvlH9oN5bz4lhWwsULxxqTxkBEJ/VumP5V9XV558Vvh8vjCTSri2McVxbzqs7YGXhJAP1K9QPTP0N05KL1CyejOU/ZzedLvXYWRzAUhbeAdu75uPrhs/5OPQ/ircSW3gDV2hGXeNYgPXe6qf0Jra0DRrDQdNjsdLt0ggTk4HLt3Zj3Jx1q7cQRXMEkFxGksMilXRxkMD2Ioc7z5hQioqyPhvw9DKkFy6/NIZflC8Mc4A4HQ89M+3HNfb+mSSTadayzKySvEjOrDBBIGQfevOPh/8ACyz8Pa7qV/qCR3RW4LWO4AhE6hiD/EOnsQTyea9Qp1Jc1kJQUW2uoUUUVmUFFFFABRRRQAUUUUAJRRRQB//Z\", \"amount\": 8, \"full_price\": \"199.92\", \"product_id\": \"9a747855-3cdd-4ee0-b980-992ff94eaa1b\", \"unit_price\": \"24.99\", \"final_price\": \"199.92\", \"unit_discount\": \"0.00\", \"total_discount\": \"0.00\", \"original_unit_price\": \"24.99\"}, {\"id\": \"9a747885-16b7-4e0e-82ee-23623baf6a9d\", \"sku\": \"W-HA002\", \"name\": \"Classic Fedora Hat\", \"type\": \"product\", \"urls\": null, \"image\": \"/9j/4AAQSkZJRgABAQEAYABgAAD//gA7Q1JFQVRPUjogZ2QtanBlZyB2MS4wICh1c2luZyBJSkcgSlBFRyB2ODApLCBxdWFsaXR5ID0gODAK/9sAQwAGBAUGBQQGBgUGBwcGCAoQCgoJCQoUDg8MEBcUGBgXFBYWGh0lHxobIxwWFiAsICMmJykqKRkfLTAtKDAlKCko/9sAQwEHBwcKCAoTCgoTKBoWGigoKCgoKCgoKCgoKCgoKCgoKCgoKCgoKCgoKCgoKCgoKCgoKCgoKCgoKCgoKCgoKCgo/8AAEQgAMgAyAwEiAAIRAQMRAf/EAB8AAAEFAQEBAQEBAAAAAAAAAAABAgMEBQYHCAkKC//EALUQAAIBAwMCBAMFBQQEAAABfQECAwAEEQUSITFBBhNRYQcicRQygZGhCCNCscEVUtHwJDNicoIJChYXGBkaJSYnKCkqNDU2Nzg5OkNERUZHSElKU1RVVldYWVpjZGVmZ2hpanN0dXZ3eHl6g4SFhoeIiYqSk5SVlpeYmZqio6Slpqeoqaqys7S1tre4ubrCw8TFxsfIycrS09TV1tfY2drh4uPk5ebn6Onq8fLz9PX29/j5+v/EAB8BAAMBAQEBAQEBAQEAAAAAAAABAgMEBQYHCAkKC//EALURAAIBAgQEAwQHBQQEAAECdwABAgMRBAUhMQYSQVEHYXETIjKBCBRCkaGxwQkjM1LwFWJy0QoWJDThJfEXGBkaJicoKSo1Njc4OTpDREVGR0hJSlNUVVZXWFlaY2RlZmdoaWpzdHV2d3h5eoKDhIWGh4iJipKTlJWWl5iZmqKjpKWmp6ipqrKztLW2t7i5usLDxMXGx8jJytLT1NXW19jZ2uLj5OXm5+jp6vLz9PX29/j5+v/aAAwDAQACEQMRAD8A6nFZOoa/p1ixWSfzJB/BENx/wFc7rWrXOoO0cTtDa9Ao4LD3/wAKw5LXA+Uc1aRKidBeeOo0LLaafJM45w0gXH14OKztP8ZXd3q6TRWsi6fsO+N2GA3sep5HpjFef34ZXunvrp0/esI4YjtJx0JP5Vp+F7yWXT4w7iWUZDtnqfWonLlWh9HkGWYfGYjkr3t/X9afeeo6Tr7Xt+IJokjVwdmCc59DW+RXlFzdpYx/armdbdIyCHY4we2PevRPDepNrOlwX6tEYJV+XZnJPQk+n0/WlF3OrirKcPgakJ4dpJrWN9fX5/oaOKKdRVnyBw4hJHSmtCAMn8639T0/7PKXjH7ljn/dPpWVcRFgqKcEnFXdWuapX2OJ1LQRNM09yyzAcgDIJP4dqWxvbaIiy07y2lztG0fKD6D1P0rrvHnheSPw6x0+ebzTaT3Ty9h5aqdvtncf++a8z+GN3Yw63pxvYk820mBfIPzLjAbgE+n+TXFUqcyvE+my/GzwMPZ0l78t32XRIpeKNEurm+F1c3cl1CrFWUjHlH0x2/ECvSfgus0NpeQeYWtQ2VU9m9fbj+Vdn8TNQ05/BN0m5VN5H5cRCbDIxGARnnj19q4H4MmbT7m70+4Z3jlQSQyMpAcrwcHv1FRRqOT1PLx8W3KUtW97nqm2il59qK7TyB7KGUqwBU8EGuZ1/SLpUMunAydymcMPp6101GaW6sVGTi7oq2d6J/BOoG64/wBHeN1bjBIKnNfOGn2ktv4ria3B3xFgGjPX5SMj8cYr6EuIPtcWtaeOfOh3qvqev8xXL+F/C6RP5sygyM53HHQAkY/SvPg+WTgexP34qfc5u10q81nxRpn/AAk073TynCwFycIOcn/AV9D6rounp4eijS3jRowDGQOVI6EV5YbR7f4h6adnBjOT6dP8f0r1/VJMWK56AVhVdpW7GkVdepxdFMZyWJ55NFemqiaPGdJp2Je9AoorQyKNn/yNB/69l/8AQmq5pSjzFGBjn+dFFef/AMvpHsw/gRILlR/wnVrwPuGu41YA28IIBBI4NFFYVf4j+RrT+BHKTKBM4AAAY4Aooor1Y7I8aW7P/9k=\", \"amount\": 9, \"full_price\": \"166.50\", \"product_id\": \"9a747859-1df2-4b00-9a06-1d1e16b8a9ab\", \"unit_price\": \"18.50\", \"final_price\": \"166.50\", \"unit_discount\": \"0.00\", \"total_discount\": \"0.00\", \"original_unit_price\": \"18.50\"}, {\"id\": \"9a747885-2c9d-4cb1-beb1-8360a264cb6a\", \"sku\": \"M-TI001\", \"name\": \"Classic Silk Tie\", \"type\": \"product\", \"urls\": null, \"image\": \"/9j/4AAQSkZJRgABAQEAYABgAAD//gA7Q1JFQVRPUjogZ2QtanBlZyB2MS4wICh1c2luZyBJSkcgSlBFRyB2ODApLCBxdWFsaXR5ID0gODAK/9sAQwAGBAUGBQQGBgUGBwcGCAoQCgoJCQoUDg8MEBcUGBgXFBYWGh0lHxobIxwWFiAsICMmJykqKRkfLTAtKDAlKCko/9sAQwEHBwcKCAoTCgoTKBoWGigoKCgoKCgoKCgoKCgoKCgoKCgoKCgoKCgoKCgoKCgoKCgoKCgoKCgoKCgoKCgoKCgo/8AAEQgAMgAyAwEiAAIRAQMRAf/EAB8AAAEFAQEBAQEBAAAAAAAAAAABAgMEBQYHCAkKC//EALUQAAIBAwMCBAMFBQQEAAABfQECAwAEEQUSITFBBhNRYQcicRQygZGhCCNCscEVUtHwJDNicoIJChYXGBkaJSYnKCkqNDU2Nzg5OkNERUZHSElKU1RVVldYWVpjZGVmZ2hpanN0dXZ3eHl6g4SFhoeIiYqSk5SVlpeYmZqio6Slpqeoqaqys7S1tre4ubrCw8TFxsfIycrS09TV1tfY2drh4uPk5ebn6Onq8fLz9PX29/j5+v/EAB8BAAMBAQEBAQEBAQEAAAAAAAABAgMEBQYHCAkKC//EALURAAIBAgQEAwQHBQQEAAECdwABAgMRBAUhMQYSQVEHYXETIjKBCBRCkaGxwQkjM1LwFWJy0QoWJDThJfEXGBkaJicoKSo1Njc4OTpDREVGR0hJSlNUVVZXWFlaY2RlZmdoaWpzdHV2d3h5eoKDhIWGh4iJipKTlJWWl5iZmqKjpKWmp6ipqrKztLW2t7i5usLDxMXGx8jJytLT1NXW19jZ2uLj5OXm5+jp6vLz9PX29/j5+v/aAAwDAQACEQMRAD8A2/jv4vv7rxDcaNaXM0Wm2gEckce5UncjLF3BHC8DaSOjHniuJ0nX9Q0W7SCS8mWyUESM07lFZSOOzcg8jr0PA6SfEO7e38R6/K8cTTTalcx8sUdVDDGOm7njGSOB06ChDc6dfWV99jCwbBI6mQhPJUIAR7/M204/hVfSuKtO3vNHXRu/dT3X9eTO8tby+ju5Fubq4X7RGRFM8jFQQdvUnAOTjk9sZzwOO1PxB4mtpDHeXl3JErExrIWCNgnO3nkDBGfcYzmtTwBrNr/wjdtq8arc3IYobWFFhQSIAGlIGeuFwMA5LepqDVnnufDbq07alh0nbbkkR/MrLlgPmHJwDz2PXF0G3U5LX7+RyLEe77OW/l+v9XO2+EnxVxqUejazeSSRSEKj3Em8xEkAYfqVJI4bpnr2r6Br4h0bQ7i90U6i6K1s0rkKIthXGOR2YDAyATjJ9a+pfg14kfxH4JtTdNm/sv8ARbjJJLFR8rZIBORjn1zXdOEIaRlfp8yfaub95Wf5nc0UUVmUfNH7Qvhu3g1hdZ8gGG45kAcgiUY6DBB3YB/AmvEdOvXs7kSzbAkkUiMuDhcuW7Z64C57Z9q+6vFPh2x8Q6XNZahAs0MgwVP8wexr5k8c/BDVbC4uJPD91E9q7bisoPmAenofrgGs5Q5lY1pzULyOJ+GWuNbate6awxbXe2ZSpKskijGUYcKcHqeOMcZr09vP0m4htLlmvThmh/c5Lqg3Ko7tnGAvU5HXg14onh3WvD2t29xJJJFPE/yykZEeeNwHPIzkY5zyK940JbaWMy3UsVxdSgTmNwQQ5Y8gYzn5iNzgMcDgAAnDEJU/eauv1/T+uhjGM51EoddDlNE1Ce7ur7TrC2uIJbp/NjjyBvKkK3yFvlbIJyBnnPGOe++EepSeHvEclnqTmFruVbWSKRNpDgfKwOezErjHIYGvO/E19bX72c0FqkWpwSB5Cx+UYI9MEk7W+oPbinx6y91LBcyWsNq1nKGMMOeGXPO7klvmJz7j0zXTKhUqNVacfk9/l3uKrUjR0k72+7X8rH19RWf4fvG1DQdNvHILXFtHMSOhLKD/AFoqhp3NCqt7arMh4GatUUDPJPHvhWC7hdxEN30rxLRb6+8MeKDaXsziyeRwuSADG+MgE9+Mc+1fXt7Yx3KkMBzXl3xE+FVrr1vvgJhnGcMBkVNWnGrHlkONlJSa2dzybW9Caa1M+jkTWsp3NgFgCQfl55LZB57YORXNT2bxSMyBoWdASyxj5vXgj378571vTeD/ABz4Odn08S3lugIURtkgcnofqfzNFj4wWWRLfWtPjhuQqBlkiK7TkKeCPRc++T35pLFVcPbmV13/AMzWpToT20v+H9fM+ivB2oCHwjocRZspYwKePSNaK4ay1m8gs4IiVBjjVcCJsDAxRWMsXG+pqsFPp+R7XRRRXScgUUUUAQzRoRyin6iuW8T6Tp15bP8Aa7C0nwCR5sKtj8xRRSZRR07QtI/s+1/4ldh/ql/5d09B7UUUVwPc9FH/2Q==\", \"amount\": 7, \"full_price\": \"139.93\", \"product_id\": \"9a74785c-576c-485e-b65b-057aee96b7c1\", \"unit_price\": \"17.99\", \"final_price\": \"125.93\", \"unit_discount\": \"2.00\", \"total_discount\": \"14.00\", \"original_unit_price\": \"19.99\"}, {\"id\": \"9a747885-2580-435f-b199-6f778e1aa14e\", \"sku\": \"M-SG002\", \"name\": \"Sporty Wraparound Sunglasses\", \"type\": \"product\", \"urls\": null, \"image\": \"/9j/4AAQSkZJRgABAQEAYABgAAD//gA7Q1JFQVRPUjogZ2QtanBlZyB2MS4wICh1c2luZyBJSkcgSlBFRyB2ODApLCBxdWFsaXR5ID0gODAK/9sAQwAGBAUGBQQGBgUGBwcGCAoQCgoJCQoUDg8MEBcUGBgXFBYWGh0lHxobIxwWFiAsICMmJykqKRkfLTAtKDAlKCko/9sAQwEHBwcKCAoTCgoTKBoWGigoKCgoKCgoKCgoKCgoKCgoKCgoKCgoKCgoKCgoKCgoKCgoKCgoKCgoKCgoKCgoKCgo/8AAEQgAMgAyAwEiAAIRAQMRAf/EAB8AAAEFAQEBAQEBAAAAAAAAAAABAgMEBQYHCAkKC//EALUQAAIBAwMCBAMFBQQEAAABfQECAwAEEQUSITFBBhNRYQcicRQygZGhCCNCscEVUtHwJDNicoIJChYXGBkaJSYnKCkqNDU2Nzg5OkNERUZHSElKU1RVVldYWVpjZGVmZ2hpanN0dXZ3eHl6g4SFhoeIiYqSk5SVlpeYmZqio6Slpqeoqaqys7S1tre4ubrCw8TFxsfIycrS09TV1tfY2drh4uPk5ebn6Onq8fLz9PX29/j5+v/EAB8BAAMBAQEBAQEBAQEAAAAAAAABAgMEBQYHCAkKC//EALURAAIBAgQEAwQHBQQEAAECdwABAgMRBAUhMQYSQVEHYXETIjKBCBRCkaGxwQkjM1LwFWJy0QoWJDThJfEXGBkaJicoKSo1Njc4OTpDREVGR0hJSlNUVVZXWFlaY2RlZmdoaWpzdHV2d3h5eoKDhIWGh4iJipKTlJWWl5iZmqKjpKWmp6ipqrKztLW2t7i5usLDxMXGx8jJytLT1NXW19jZ2uLj5OXm5+jp6vLz9PX29/j5+v/aAAwDAQACEQMRAD8A+qaKKgvLy2soTNeXENvEOryuEUfiaAJ6K5638Z+H57mOGLUoz5r+XHKUdYZG7KspGwk9gDk10NABRRUD3tql7HZvcwLdyKXSAyAOyjqQvUigCeiiigDwz41+LfFWi+KBpunXotNLkto50aFAJHyWV13kEggqDkf3hWD4Y+JPgnSLj7V4i0TUzrCrkXc8xv8Ad7qzkbT/AMBH1r1D4y+EbjxLoUVzpcQl1Sx3GOLIBmjbG9ATwDlVIz3XHGc15L8Lvh5qWv6rqv8Abdpfabpn2GaylWeJomleTGAFYDIUgPnplVoA7fUfjX4dvbea1uPD2qXVnKpR45kgIcHsVMh4rK0L43eEfDUElnev4mWBpC1ul7Ckvkpx+7V1YllHbcSR0rx+70+/0G+uNI1tSmpWjFJM9HXPyuvqrDkH+oNavgKBLz4i+FFaJZtuoK+0jPRWOfwxn8KdgPoIeI/EviyNB4T0x9K06UAnVNTTaxU944ep9ieK1v8AhCrO2tkk04hdZFxFctqdwPNmlZSA29upBTcu0EABuMV1lFIAooooAKKKKAMLxR4R0HxTHEmv6bDeeVny3bKumeu11IYfgaoeFfh54Z8K373uiad5VyylRJLM8zKD1CtIWK59jXWUUAFFFFABRRRQAUUUUAFFFFABRRRQAUUUUAf/2Q==\", \"amount\": 9, \"full_price\": \"175.50\", \"product_id\": \"9a747863-654e-4688-96fe-c475f58dbe10\", \"unit_price\": \"17.50\", \"final_price\": \"157.50\", \"unit_discount\": \"2.00\", \"total_discount\": \"18.00\", \"original_unit_price\": \"19.50\"}, {\"id\": \"9a747884-f72b-4597-a8ab-d6972cd4753b\", \"sku\": \"M-BR003\", \"name\": \"Beaded Charm Bracelet\", \"type\": \"product\", \"urls\": null, \"image\": \"/9j/4AAQSkZJRgABAQEAYABgAAD//gA7Q1JFQVRPUjogZ2QtanBlZyB2MS4wICh1c2luZyBJSkcgSlBFRyB2ODApLCBxdWFsaXR5ID0gODAK/9sAQwAGBAUGBQQGBgUGBwcGCAoQCgoJCQoUDg8MEBcUGBgXFBYWGh0lHxobIxwWFiAsICMmJykqKRkfLTAtKDAlKCko/9sAQwEHBwcKCAoTCgoTKBoWGigoKCgoKCgoKCgoKCgoKCgoKCgoKCgoKCgoKCgoKCgoKCgoKCgoKCgoKCgoKCgoKCgo/8AAEQgAMgAyAwEiAAIRAQMRAf/EAB8AAAEFAQEBAQEBAAAAAAAAAAABAgMEBQYHCAkKC//EALUQAAIBAwMCBAMFBQQEAAABfQECAwAEEQUSITFBBhNRYQcicRQygZGhCCNCscEVUtHwJDNicoIJChYXGBkaJSYnKCkqNDU2Nzg5OkNERUZHSElKU1RVVldYWVpjZGVmZ2hpanN0dXZ3eHl6g4SFhoeIiYqSk5SVlpeYmZqio6Slpqeoqaqys7S1tre4ubrCw8TFxsfIycrS09TV1tfY2drh4uPk5ebn6Onq8fLz9PX29/j5+v/EAB8BAAMBAQEBAQEBAQEAAAAAAAABAgMEBQYHCAkKC//EALURAAIBAgQEAwQHBQQEAAECdwABAgMRBAUhMQYSQVEHYXETIjKBCBRCkaGxwQkjM1LwFWJy0QoWJDThJfEXGBkaJicoKSo1Njc4OTpDREVGR0hJSlNUVVZXWFlaY2RlZmdoaWpzdHV2d3h5eoKDhIWGh4iJipKTlJWWl5iZmqKjpKWmp6ipqrKztLW2t7i5usLDxMXGx8jJytLT1NXW19jZ2uLj5OXm5+jp6vLz9PX29/j5+v/aAAwDAQACEQMRAD8A+qaKKKQBRRRQAUUUUAFFFFAHNePPGWneDdLS61DfJNKSsECD5pSMZ57AZGTXi8vjj4neN7nHg+xWz090kQTCMKuexLPkhu3y45rtP2g/Cd74j0O0utM+a808uyRHJEisBuAA/i+UY/GvHfBPxC8c6NpkGn2VpcmD7UY0Eln5jqE+8nqTk4wSDngY6VpFK3mSzvovh18UtRhd9T8ZGB5YY1MS3D4UhgSDtGDwOowSSfxvf8Kx8exLO9t47mE0s0UhcyP8wXOc8c9sduOc9qng74u674i8YX2h6hpMUEYSTcoibdAVP3Wz1zyDkDn8q2/EfxJsvh5pu2az+0NIR5NrEREqjBJOeQBx0A7isZVnGoqZagnHmOb1G1+NHhWHz7e+i1qCPzZHB2yfQAHDHjBA7cjHr13wn+Kv/CU3MWja5Zmz1sBhlfuSlRluDyjcE456de1cRrP7ScIDJpWjAEx43zyFtj4BJ2gDKjJxyM47dKz/AIRWGs+LfiTD4puIpLe0T/SWkCbVdzlBGO3AHJ7dD1rbdakbbH05RRRWZQjorjDqGHoRWDeeD9Bu/NMmmwJJKctJEuxyfXcMGt+igDlIPAml2wxZXGo2wJywjumIY9shsg1l+JPhZpHiO3EGq3+qSxg7gPMQYPqMJXf0UuVXv1Hfoec6T8GPBWnTrL/ZZumWPy1F1IZFVfZTx+ld7p9haadax21hbQ21vGu1I4kCqo9ABVmimIKKKKACiiigAooooAKKKKACiiigD//Z\", \"amount\": 9, \"full_price\": \"224.91\", \"product_id\": \"9a74786a-8a10-4faf-93d8-24010007d01d\", \"unit_price\": \"22.99\", \"final_price\": \"206.91\", \"unit_discount\": \"2.00\", \"total_discount\": \"18.00\", \"original_unit_price\": \"24.99\"}]','{\"id\": \"9a7477e7-b27a-4739-be79-c854a2c02908\", \"code\": \"12XU6N1EWB\", \"slug\": \"2-off-1\", \"type\": 2, \"value\": \"£2\", \"amount\": 2, \"enabled\": true, \"created_at\": \"2023-10-25T16:09:45.000000Z\", \"deleted_at\": null, \"updated_at\": \"2023-10-25T16:09:45.000000Z\", \"valid_from\": \"2023-10-12T08:00:00.000000Z\", \"valid_until\": \"2024-10-12T08:00:00.000000Z\"}','{\"id\": \"9a7477eb-0a2e-4c01-a9bd-0ffb4aa61580\", \"name\": {\"de\": \"Übernacht-Zustellung\", \"en\": \"Overnight delivery\", \"fr\": \"Livraison le lendemain\"}, \"slug\": \"overnight-1\", \"price\": 11.99, \"enabled\": true, \"created_at\": \"2023-10-25T16:09:47.000000Z\", \"deleted_at\": null, \"updated_at\": \"2023-10-25T16:09:47.000000Z\", \"description\": {\"de\": \"DPD über Nacht (1 Tag)\", \"en\": \"DPD overnight (1 day)\", \"fr\": \"DPD nuit (1 jour)\"}, \"enabled_by_default_on_creation\": true}','{\"delivery\": 11.99, \"subtotal\": 2544.17, \"total_payable\": 2554.16, \"applied_discount\": 40.01}',1,'mr-roland-treiber-port-gordonmouth',NULL,'2023-10-25 16:11:34','2023-10-25 16:11:34'),('9a74788e-3a85-4f49-b547-b61ebae9c4e1','9a7477c7-667a-4918-a02c-4319b5591f4c','9a747882-2d68-4801-ab38-b9c205278e15','{\"id\": \"9a747881-bd6c-47d6-b527-6eae46bf5bf2\", \"lat\": \"46.151568\", \"lon\": \"175.665827\", \"name\": null, \"slug\": \"jordan-adams-cooperview\", \"town\": \"Cooperview\", \"country\": \"UK\", \"user_id\": \"9a7477c7-667a-4918-a02c-4319b5591f4c\", \"post_code\": \"BR6 9XJ\", \"created_at\": \"2023-10-25T16:11:26.000000Z\", \"deleted_at\": null, \"updated_at\": \"2023-10-25T16:11:26.000000Z\", \"address_line_1\": \"Flat 76 Sarah Heights\", \"address_line_2\": null, \"google_maps_url\": \"https://www.google.com/maps/@46.151568,175.665827,14z\"}','{\"amount\": \"1867.49\", \"source\": {\"id\": \"9a747881-debe-4ff4-aa01-ef02becd81e7\", \"name\": \"impedit tempora\", \"slug\": \"adams-impedit-tempora\", \"brand\": \"american express\", \"user_id\": \"9a7477c7-667a-4918-a02c-4319b5591f4c\", \"exp_year\": \"2024\", \"exp_month\": \"2\", \"last_four\": \"1915\", \"source_id\": \"nrjPaXiwSHJbkLa9A2FEZ3Pg4P0bKIEdOOi06TdD90TlvX3Ray14vgN2Yq3rbt5oqoOMTg2dL4WxOovbP3hk3VIAaoDs5qxnHvigHSPpjQCgOizYSvbIl3WD4bhfCt2TKpLqFPJrbPcVvwRCoepjWD\", \"created_at\": \"2023-10-25T16:11:26.000000Z\", \"deleted_at\": null, \"updated_at\": \"2023-10-25T16:11:26.000000Z\", \"stripe_user_id\": \"t2xzfMnZBTaRdMqrwMYjJi3H8XbVSv1MDmL5z0m6q1uk5WW8nS7GkYG7faIIk7awaYJEPd2sIxTN6PJnw8AJ9odNyzw7z2zlUAsoqtKnrLPwOstrpVuiFhp1\", \"payment_method_id\": 3}, \"created_at\": \"25-10-2023 16:11\", \"payment_ref\": \"HdN21mWz9Y\"}','[{\"id\": \"9a747885-dbb5-4a7b-8335-3d97d30d3813\", \"sku\": \"M-TR003\", \"name\": \"Sporty Track Pants - (Size) XL\", \"type\": \"product_variant\", \"urls\": null, \"image\": \"/9j/4AAQSkZJRgABAQEAYABgAAD//gA7Q1JFQVRPUjogZ2QtanBlZyB2MS4wICh1c2luZyBJSkcgSlBFRyB2ODApLCBxdWFsaXR5ID0gODAK/9sAQwAGBAUGBQQGBgUGBwcGCAoQCgoJCQoUDg8MEBcUGBgXFBYWGh0lHxobIxwWFiAsICMmJykqKRkfLTAtKDAlKCko/9sAQwEHBwcKCAoTCgoTKBoWGigoKCgoKCgoKCgoKCgoKCgoKCgoKCgoKCgoKCgoKCgoKCgoKCgoKCgoKCgoKCgoKCgo/8AAEQgAMgAyAwEiAAIRAQMRAf/EAB8AAAEFAQEBAQEBAAAAAAAAAAABAgMEBQYHCAkKC//EALUQAAIBAwMCBAMFBQQEAAABfQECAwAEEQUSITFBBhNRYQcicRQygZGhCCNCscEVUtHwJDNicoIJChYXGBkaJSYnKCkqNDU2Nzg5OkNERUZHSElKU1RVVldYWVpjZGVmZ2hpanN0dXZ3eHl6g4SFhoeIiYqSk5SVlpeYmZqio6Slpqeoqaqys7S1tre4ubrCw8TFxsfIycrS09TV1tfY2drh4uPk5ebn6Onq8fLz9PX29/j5+v/EAB8BAAMBAQEBAQEBAQEAAAAAAAABAgMEBQYHCAkKC//EALURAAIBAgQEAwQHBQQEAAECdwABAgMRBAUhMQYSQVEHYXETIjKBCBRCkaGxwQkjM1LwFWJy0QoWJDThJfEXGBkaJicoKSo1Njc4OTpDREVGR0hJSlNUVVZXWFlaY2RlZmdoaWpzdHV2d3h5eoKDhIWGh4iJipKTlJWWl5iZmqKjpKWmp6ipqrKztLW2t7i5usLDxMXGx8jJytLT1NXW19jZ2uLj5OXm5+jp6vLz9PX29/j5+v/aAAwDAQACEQMRAD8A+qaKKKAPi34l/Grxg/jTWrbRdcmtNKt7qSK3SKOMHap253bcnOM8nvWT4Y+NHjOy8Q6bcanr13dWEc6GeGUgrJHn5gcD0zXmN87m+naU5dnbcT65qexjimWYz3Cw+XEXXKljI3ACjHc56njg0AfpeCGAKkEHkEUVR0F1l0LTpEOVe2jYH1BUVeoAKKKKACiiigD83PiDp7aT408Qafg5tr+eIe4EhA/TFUNSsbrSdSu9Pv4zFd2srQyof4WU4I/MV6Z8dbNLL9oLUkKjypbu2mIx13JGW/UmtL9rDw7/AGP8TTqMSbbfV7dZ8gceYvyOPyCn/gVAH174OOfCOhn/AKcYP/Ra1r1yvwovhqPwz8LXO4MzabArEf3lQK36g11VABRRRQAUUUUAfGP7Rtq9x+0BDDGCHuBZqp9ScKK9N/bL0+KXwNouokDz7fUfIU99skbFh+ca/lWJ8VvC+ual+0p4c1CLRr+XSUuLHddxQM8W1JAWLMAQuOc5x611P7YiM3wssivRNViY/Ty5R/WgDe/Zgnkm+DGiiQ58p7iNT7ec5/rXqteR/srSb/g1pg/uXFwv/kQn+teuUAFFFFABRRRQAVDd2tveQmG8giuIiclJUDqT9DRRQA63ghtoVitoo4Yl6JGoUD8BUlFFABRRRQB//9k=\", \"amount\": 6, \"full_price\": \"137.94\", \"product_id\": \"9a7477ff-efd1-45f7-a283-f038580e02b2\", \"unit_price\": \"22.99\", \"final_price\": \"137.94\", \"unit_discount\": \"0.00\", \"total_discount\": \"0.00\", \"product_variant_id\": \"9a747873-c7b8-466c-ac85-db83cf32fbe5\", \"original_unit_price\": \"22.99\"}, {\"id\": \"9a747885-a304-4212-9345-a71c6a8c45b0\", \"sku\": \"M-SK002\", \"name\": \"Sporty Ankle Socks - (Size) 10\", \"type\": \"product_variant\", \"urls\": null, \"image\": \"/9j/4AAQSkZJRgABAQEAYABgAAD//gA7Q1JFQVRPUjogZ2QtanBlZyB2MS4wICh1c2luZyBJSkcgSlBFRyB2ODApLCBxdWFsaXR5ID0gODAK/9sAQwAGBAUGBQQGBgUGBwcGCAoQCgoJCQoUDg8MEBcUGBgXFBYWGh0lHxobIxwWFiAsICMmJykqKRkfLTAtKDAlKCko/9sAQwEHBwcKCAoTCgoTKBoWGigoKCgoKCgoKCgoKCgoKCgoKCgoKCgoKCgoKCgoKCgoKCgoKCgoKCgoKCgoKCgoKCgo/8AAEQgAMgAyAwEiAAIRAQMRAf/EAB8AAAEFAQEBAQEBAAAAAAAAAAABAgMEBQYHCAkKC//EALUQAAIBAwMCBAMFBQQEAAABfQECAwAEEQUSITFBBhNRYQcicRQygZGhCCNCscEVUtHwJDNicoIJChYXGBkaJSYnKCkqNDU2Nzg5OkNERUZHSElKU1RVVldYWVpjZGVmZ2hpanN0dXZ3eHl6g4SFhoeIiYqSk5SVlpeYmZqio6Slpqeoqaqys7S1tre4ubrCw8TFxsfIycrS09TV1tfY2drh4uPk5ebn6Onq8fLz9PX29/j5+v/EAB8BAAMBAQEBAQEBAQEAAAAAAAABAgMEBQYHCAkKC//EALURAAIBAgQEAwQHBQQEAAECdwABAgMRBAUhMQYSQVEHYXETIjKBCBRCkaGxwQkjM1LwFWJy0QoWJDThJfEXGBkaJicoKSo1Njc4OTpDREVGR0hJSlNUVVZXWFlaY2RlZmdoaWpzdHV2d3h5eoKDhIWGh4iJipKTlJWWl5iZmqKjpKWmp6ipqrKztLW2t7i5usLDxMXGx8jJytLT1NXW19jZ2uLj5OXm5+jp6vLz9PX29/j5+v/aAAwDAQACEQMRAD8A+qay/E+u2HhnQbzWNWl8qytU3uQMk9gAO5JIAHvWpXxF+0RqE+pfFPXIlvLiezt5EjiheQskTLGocKDwPmDdKAPqLwt8V/CniGHSPJ1AW17qjMkFlP8A64MGIwwXIXOOMnmu7r82ra6uLO6W4gkdLmMDy5FbaYyOhBHQiux8IfE3xP4X0qTTPD9/5Ru7n7TLI0Qkff0IBYEc4GeOw560AfelFeJ+DPj/AKRr/iQabeWa6bZLbmR7+5uFVfMVcsNuMBTzg7snjjmvVvDPiPSfFGmf2hoN7He2e9ojIgIww6gggEdR+YoA1qKKKAOa8aeM9K8KadPPeytLdIhaO0hUvJI2OBgA4z6nAr4W1a6m1PVLy9u8i6uJnmlyMEsxLH9TX2F8VPBj6hnU9Fs7i41GV1WcRz7fkC4DBScZ4Ucfka+a/E/hWWZ/PsIbue7Y5dpLhCv055qk7CaucC8YOFYYqtJAc5H3frWlMjQzPDcqElQ4YelMkhZQO47j0qL9y5JLZmWHZY3jUqFbGcda96/Zr8Tajod+1o5I8P3BzKrrjEpwN6/QAA+v4ceJsBzXvvwM0GfxBaWNtNAY4IF82aXP/LMsdowe7Dp2wM+1Mk+oaKKKACvLPiB8N47ny7nw3Y2EX+sN1FKzAODggqOVGMNxgda9TooA+Kte8Ow31so06HS7dsbjLllI79hj8TXB3AazunglljnK8b4m3D86+zPHXw7TUhBP4Yh03T7pWbzgY/LWUHHUqDggj05zXDTfCHxBdq0d1HoLqe7yO3/tOhpMTVz530Swj1nV4LUvst+ZJ5OAUjXqc9vT6kV9v/DfQV8PeE7O1MQiuJFEsy4A2sR93AOOBgcccEjrXmvgj4HPo+sW1/ql7ZYhKuYbWIkOwx1Y4wMjPTnJFe4IoVQBk/WoUWpN30IjFqTd9BaKKKs0CiiigAooooAKKKKACiiigD//2Q==\", \"amount\": 7, \"full_price\": \"101.50\", \"product_id\": \"9a747804-8b26-41a2-8a5f-4bd7c6057dc1\", \"unit_price\": \"14.50\", \"final_price\": \"101.50\", \"unit_discount\": \"0.00\", \"total_discount\": \"0.00\", \"product_variant_id\": \"9a747873-f850-4410-b5df-696cb3309e6a\", \"original_unit_price\": \"14.50\"}, {\"id\": \"9a747885-898a-4f77-8840-72bf9aac4afa\", \"sku\": \"W-J002\", \"name\": \"Casual V-Neck Jumper - (Size) S\", \"type\": \"product_variant\", \"urls\": null, \"image\": \"/9j/4AAQSkZJRgABAQEAYABgAAD//gA7Q1JFQVRPUjogZ2QtanBlZyB2MS4wICh1c2luZyBJSkcgSlBFRyB2ODApLCBxdWFsaXR5ID0gODAK/9sAQwAGBAUGBQQGBgUGBwcGCAoQCgoJCQoUDg8MEBcUGBgXFBYWGh0lHxobIxwWFiAsICMmJykqKRkfLTAtKDAlKCko/9sAQwEHBwcKCAoTCgoTKBoWGigoKCgoKCgoKCgoKCgoKCgoKCgoKCgoKCgoKCgoKCgoKCgoKCgoKCgoKCgoKCgoKCgo/8AAEQgAMgAyAwEiAAIRAQMRAf/EAB8AAAEFAQEBAQEBAAAAAAAAAAABAgMEBQYHCAkKC//EALUQAAIBAwMCBAMFBQQEAAABfQECAwAEEQUSITFBBhNRYQcicRQygZGhCCNCscEVUtHwJDNicoIJChYXGBkaJSYnKCkqNDU2Nzg5OkNERUZHSElKU1RVVldYWVpjZGVmZ2hpanN0dXZ3eHl6g4SFhoeIiYqSk5SVlpeYmZqio6Slpqeoqaqys7S1tre4ubrCw8TFxsfIycrS09TV1tfY2drh4uPk5ebn6Onq8fLz9PX29/j5+v/EAB8BAAMBAQEBAQEBAQEAAAAAAAABAgMEBQYHCAkKC//EALURAAIBAgQEAwQHBQQEAAECdwABAgMRBAUhMQYSQVEHYXETIjKBCBRCkaGxwQkjM1LwFWJy0QoWJDThJfEXGBkaJicoKSo1Njc4OTpDREVGR0hJSlNUVVZXWFlaY2RlZmdoaWpzdHV2d3h5eoKDhIWGh4iJipKTlJWWl5iZmqKjpKWmp6ipqrKztLW2t7i5usLDxMXGx8jJytLT1NXW19jZ2uLj5OXm5+jp6vLz9PX29/j5+v/aAAwDAQACEQMRAD8A6/yuaS4aK1t3nuJFjiQZZmOABWkIcmvJ/jFqV0skdnau3l85UDgn2Pcj8h9aJS5UXGPM7FHVPFl54m8RW+i6JOLS3mk2ecW2kr/E7HsoGTx6V1PjnwrP8NtCXXNP8Sy6jmSNLi3lxhd3RgMnj2PPvXkHgG5OheObGfWLaKSGYNH5Vym5Rkcbh9cV7P8AGTxBHpHw6tIWtNNmudTjS28xIgcKi8nIJ6ZXA7Zz7VzuclI6lCLjcv8AhXXbXxFpyz2xCyrxJH3U/wBR71rNF7V4V8MHu7G/iltjuhccH0PdT/n+VfQ6w7kVsdRmuiMr6HNOHLqjJ8o0VqeR7UVRmaSwe1cd418P2Ec0WsXW5mQhAh6EnoPYDBPFejLD7Vx/xbj8rwjvGeJ1/wDQWppKTSY1JrY4C00nSJdZGo3GnRXUoGF3MePpzjNdrrs+ma/oaaXe6Lavap80aMM+X7qRgqevIrzPwRrpubC2MiF22AMxPU9D+tdc2obJFZVwK09hBvmsNVZJWuaPhDw5pNpNLbW1t5SyAMqZLBSDkEE5IPFdy1vx0rkvC16t34qWNB0wh/74z/WvR2tvapnFRehN29zC+z0VtfZvaioAnSPnpXD/ABrYReDFT+OS4QD8AxNeiJHzXlf7RU8Ft4c0sTsw8y5KAIMsQRg4HfqKqHxITPG/AqbNNBiUgeY5J9fmPSu1mBNsWHVea4bR/Eeh6ZBFZzNPD5ShQX2c49dpPNdNp3ijSLj/AFDTTJ0YCFmGPwFdKEdb4PBg8ew+Ww8p5Yz/AN9xqf617e8PtXgXg+4tH8caU9lL5kMksOcggo28rtOfYLX0Y8YrCruhozPK9qKveWPSishlNK8M/ayJGi+G8HH+mN/JaKKun8SFLY+dIfmxu+bnvzT4/lj3Lwy4wR1FFFei9jhW57h8M5Hn1TwZJM7SSMxyznJOJxjJPpX1E9FFcFXc7o7EVFFFZDP/2Q==\", \"amount\": 7, \"full_price\": \"150.50\", \"product_id\": \"9a747814-fdd4-4823-af61-b85220c6fb22\", \"unit_price\": \"21.50\", \"final_price\": \"150.50\", \"unit_discount\": \"0.00\", \"total_discount\": \"0.00\", \"product_variant_id\": \"9a747874-d28d-4652-b561-1ea1c131cff4\", \"original_unit_price\": \"21.50\"}, {\"id\": \"9a747885-904e-4aaf-aed5-99af5015b2f0\", \"sku\": \"W-TR001\", \"name\": \"Classic Dress Trousers - (Size) L\", \"type\": \"product_variant\", \"urls\": null, \"image\": \"/9j/4AAQSkZJRgABAQEAYABgAAD//gA7Q1JFQVRPUjogZ2QtanBlZyB2MS4wICh1c2luZyBJSkcgSlBFRyB2ODApLCBxdWFsaXR5ID0gODAK/9sAQwAGBAUGBQQGBgUGBwcGCAoQCgoJCQoUDg8MEBcUGBgXFBYWGh0lHxobIxwWFiAsICMmJykqKRkfLTAtKDAlKCko/9sAQwEHBwcKCAoTCgoTKBoWGigoKCgoKCgoKCgoKCgoKCgoKCgoKCgoKCgoKCgoKCgoKCgoKCgoKCgoKCgoKCgoKCgo/8AAEQgAMgAyAwEiAAIRAQMRAf/EAB8AAAEFAQEBAQEBAAAAAAAAAAABAgMEBQYHCAkKC//EALUQAAIBAwMCBAMFBQQEAAABfQECAwAEEQUSITFBBhNRYQcicRQygZGhCCNCscEVUtHwJDNicoIJChYXGBkaJSYnKCkqNDU2Nzg5OkNERUZHSElKU1RVVldYWVpjZGVmZ2hpanN0dXZ3eHl6g4SFhoeIiYqSk5SVlpeYmZqio6Slpqeoqaqys7S1tre4ubrCw8TFxsfIycrS09TV1tfY2drh4uPk5ebn6Onq8fLz9PX29/j5+v/EAB8BAAMBAQEBAQEBAQEAAAAAAAABAgMEBQYHCAkKC//EALURAAIBAgQEAwQHBQQEAAECdwABAgMRBAUhMQYSQVEHYXETIjKBCBRCkaGxwQkjM1LwFWJy0QoWJDThJfEXGBkaJicoKSo1Njc4OTpDREVGR0hJSlNUVVZXWFlaY2RlZmdoaWpzdHV2d3h5eoKDhIWGh4iJipKTlJWWl5iZmqKjpKWmp6ipqrKztLW2t7i5usLDxMXGx8jJytLT1NXW19jZ2uLj5OXm5+jp6vLz9PX29/j5+v/aAAwDAQACEQMRAD8A7yGOrZUiNivUDIpkK1YkU+RJjOdpxjr0qgPlXw54JvfEujC6tYpWmmuDI0gXdwq8dSPvMzd/4a7jRvgpq2oQzB5XRgdhRkjXPH97zD7dj1r0n4U6RZ213dabptzcJbW8CIqE7grEbmPPqWP4YrqNNk1CLVNT01Z4Umgfh87i5KKRwR8o6dz3+tQ8RNN8rsmdKwsLWmrtepzXhb+0n8OWa65az2upRKYp0mTaSykruHYg4zkcc1ZuE4rbuoHhPlSvvdOCdxPPU8nnrmsu4Wne+pzySi7Io7T6UVPtooEbUNXIhVCFxV2JxVMDP8OWtvpfjR4rVDHFPbB9u4kBtzZwD0HTgcVn2jNH8TNbYHh/LfGf9gD+lP1iSS08SWl7AzF/IZNpPykZ/wDrj8qpWVyz/EHUYwwO+CN246EKB/7MKwlud1O/Ld9jpbnLszHqTms64WtKUiqFxg1qcJV2e1FTgCigCeKBverkUDe9XRo98p+Xy2/GrUFlfxn5rZHHtIKsRzmu26wxQ3MzBVjJXLHA+Yf4gVznhW1e88X3moQjfbXUW6KVehUEDH1+WtL412viO48L2lp4d068N3Jdxsz2/wA+FUE4OOnzBeTxVL4D6hd3Oqaro+p6VLaPaKJId8bKUGcFWzxn5hjHoazcbu50wqWg0/M7RtMkPrUEmjO3Y1362a/3akFip/hFWcx5z/YsnoaK9G+wL/doo0AorUsdFFAEh6VNB1oooGWUqVaKKTAdRRRSA//Z\", \"amount\": 7, \"full_price\": \"209.93\", \"product_id\": \"9a747818-5355-407e-b0c3-a0b1f5b8086a\", \"unit_price\": \"29.99\", \"final_price\": \"209.93\", \"unit_discount\": \"0.00\", \"total_discount\": \"0.00\", \"product_variant_id\": \"9a747875-0e94-43ce-b58b-a79279da9ccf\", \"original_unit_price\": \"29.99\"}, {\"id\": \"9a747885-807c-429e-a40b-3a2dce076cae\", \"sku\": \"W-BO003\", \"name\": \"Fashion Knee-High Boots - (Size) 8\", \"type\": \"product_variant\", \"urls\": null, \"image\": \"/9j/4AAQSkZJRgABAQEAYABgAAD//gA7Q1JFQVRPUjogZ2QtanBlZyB2MS4wICh1c2luZyBJSkcgSlBFRyB2ODApLCBxdWFsaXR5ID0gODAK/9sAQwAGBAUGBQQGBgUGBwcGCAoQCgoJCQoUDg8MEBcUGBgXFBYWGh0lHxobIxwWFiAsICMmJykqKRkfLTAtKDAlKCko/9sAQwEHBwcKCAoTCgoTKBoWGigoKCgoKCgoKCgoKCgoKCgoKCgoKCgoKCgoKCgoKCgoKCgoKCgoKCgoKCgoKCgoKCgo/8AAEQgAMgAyAwEiAAIRAQMRAf/EAB8AAAEFAQEBAQEBAAAAAAAAAAABAgMEBQYHCAkKC//EALUQAAIBAwMCBAMFBQQEAAABfQECAwAEEQUSITFBBhNRYQcicRQygZGhCCNCscEVUtHwJDNicoIJChYXGBkaJSYnKCkqNDU2Nzg5OkNERUZHSElKU1RVVldYWVpjZGVmZ2hpanN0dXZ3eHl6g4SFhoeIiYqSk5SVlpeYmZqio6Slpqeoqaqys7S1tre4ubrCw8TFxsfIycrS09TV1tfY2drh4uPk5ebn6Onq8fLz9PX29/j5+v/EAB8BAAMBAQEBAQEBAQEAAAAAAAABAgMEBQYHCAkKC//EALURAAIBAgQEAwQHBQQEAAECdwABAgMRBAUhMQYSQVEHYXETIjKBCBRCkaGxwQkjM1LwFWJy0QoWJDThJfEXGBkaJicoKSo1Njc4OTpDREVGR0hJSlNUVVZXWFlaY2RlZmdoaWpzdHV2d3h5eoKDhIWGh4iJipKTlJWWl5iZmqKjpKWmp6ipqrKztLW2t7i5usLDxMXGx8jJytLT1NXW19jZ2uLj5OXm5+jp6vLz9PX29/j5+v/aAAwDAQACEQMRAD8A+qaCQoJPAHJoqC+z9huNuc+W2MfSgD518a/GnxNpWuQW9imniGQbirQkkc+u6vZPh/4jvfEFvcG/jgR4ljYGEEA7t3Yk/wB2vkn4gHd4otz1Hlhv1FfUPweUfYLx/VYl/Rj/AFrKLbZ6FelCNK6Wp6FRRRWp54UUUUAFBGRg9KKKAPiD4lwm28YRwYwYgYiPcPg/yr6e+DHOg3jdxMqflGh/9mr52+N0Qg+JU4X+KeRvxLk/1r6J+DB26FfRk/P9oVz9DEg/9lNZR+I9Ku70bnoNFFFanmhRRRQAUUUUAfFHxB1SLXPEV1eo2JjIz4I+6Sc4r2j4L+JY0e3WZgI71Ehdiekg+7+ZJH1YVxnw0+H2meJfGfxE0vV1kH2a6xbTRuQ0LeZICR2PQcHisO+03U/hl4hm0rWFaewmO6GaMELIv95fQ+o6g/gTlZp3PSU4VI+zPr6ivE/DHxVvpWhtoom1pRgYgtpGnx7lQQT74Hv617YOlaJ3OCdNwdmFFFFMgKKKKAAAAkgDJpskaSgCRFcDkBhmiigBVUKMKAB6CloooAKKKKAP/9k=\", \"amount\": 8, \"full_price\": \"239.92\", \"product_id\": \"9a747830-7ee3-4148-866d-a8c603645d29\", \"unit_price\": \"29.99\", \"final_price\": \"239.92\", \"unit_discount\": \"0.00\", \"total_discount\": \"0.00\", \"product_variant_id\": \"9a747876-9747-4dc6-ab7e-9e675181d999\", \"original_unit_price\": \"29.99\"}, {\"id\": \"9a747885-c288-4e8a-9575-2e7ae9e88c56\", \"sku\": \"W-PS002\", \"name\": \"Chunky Heel Platform Sandals - (Size) 8.5\", \"type\": \"product_variant\", \"urls\": null, \"image\": \"/9j/4AAQSkZJRgABAQEAYABgAAD//gA7Q1JFQVRPUjogZ2QtanBlZyB2MS4wICh1c2luZyBJSkcgSlBFRyB2ODApLCBxdWFsaXR5ID0gODAK/9sAQwAGBAUGBQQGBgUGBwcGCAoQCgoJCQoUDg8MEBcUGBgXFBYWGh0lHxobIxwWFiAsICMmJykqKRkfLTAtKDAlKCko/9sAQwEHBwcKCAoTCgoTKBoWGigoKCgoKCgoKCgoKCgoKCgoKCgoKCgoKCgoKCgoKCgoKCgoKCgoKCgoKCgoKCgoKCgo/8AAEQgAMgAyAwEiAAIRAQMRAf/EAB8AAAEFAQEBAQEBAAAAAAAAAAABAgMEBQYHCAkKC//EALUQAAIBAwMCBAMFBQQEAAABfQECAwAEEQUSITFBBhNRYQcicRQygZGhCCNCscEVUtHwJDNicoIJChYXGBkaJSYnKCkqNDU2Nzg5OkNERUZHSElKU1RVVldYWVpjZGVmZ2hpanN0dXZ3eHl6g4SFhoeIiYqSk5SVlpeYmZqio6Slpqeoqaqys7S1tre4ubrCw8TFxsfIycrS09TV1tfY2drh4uPk5ebn6Onq8fLz9PX29/j5+v/EAB8BAAMBAQEBAQEBAQEAAAAAAAABAgMEBQYHCAkKC//EALURAAIBAgQEAwQHBQQEAAECdwABAgMRBAUhMQYSQVEHYXETIjKBCBRCkaGxwQkjM1LwFWJy0QoWJDThJfEXGBkaJicoKSo1Njc4OTpDREVGR0hJSlNUVVZXWFlaY2RlZmdoaWpzdHV2d3h5eoKDhIWGh4iJipKTlJWWl5iZmqKjpKWmp6ipqrKztLW2t7i5usLDxMXGx8jJytLT1NXW19jZ2uLj5OXm5+jp6vLz9PX29/j5+v/aAAwDAQACEQMRAD8A91ReatRL0qGMc1aTtQBg2AMl7duennP+QJA/lXY6enl2cK/7Ofz5rk9DHmxs3/PRv5muxX7orOkup0VnokcWkC3evajKSf31wIT9Fwn9K7bGBgdK5XRof+JrOo6C7lP5MTXVmnBbsVV7IZiiloqzE5+Mc1m+JtdsdCsBJf3McDznyoQ7AbnI/p1JrQR68b+MXibRptTm0bUwFurGS2mi3ruDKXRnx6fKSPwpPYcFdnp2k31lZW1l9puoIjKyKoeQAsxIwAO5z2rtWdUjLOQFUZJPavG/Dur6HIu7wjov9oTQEqkyW/kopBycyOBjkk8Z78VvfGbXb/Sfhpe6hpkogvVaEqRhgCZFyORyOopQ00NKju7s2PCOqrqOovLHa3EcM7PNFK4XaysSR0JI4PcCuxJrxjwZrV7p2tWNhqUzl7iBb+3W1hASSKUlmznJGwsRgHsMZ6V6vBfRXUKywOHjYAhh3HWnDTQVTo0Xd1FVPP8AeiqMjESYZr5h+LJNz8XtRKjcF8sEeoEK5H5A19LS20i5KHPtXyz46upD8UdUeKNpZTOYlRRksdmzGPWkI9g03U9V0jX7rwhZNabbdfNtru6lJdoGGUAQD5iv3ScjpTfEjzeKvBuo6HFcl4oJwh1Cd1/fOj7nAUYGFzjj0xjivN/ja8s2raLdzQGKVtPSNg2VIZScj/x4Vw+nTzeZtLts2n5TKWHQjoeO5/OkovdGzqJq0kfQXjH4d3vibwz4ZitNRtPtWmwLEs4zskTaoyCM/wB0fnXUfC7wpeeFLS/hvLiKYXEiugjyduFxjJ/CtfwM6yeENGIAA+yRcAYH3RXQDGKoyHfjRSZooAo1Sa1t5LlZZIInkU5DsgJB+tFFAiHxBplhqFoRf2VrdBOVE0Svj6ZFcvpHhzQxegjRtNBB/wCfVP8ACiioe5a2PQoUVI1VFCqBgADAAqYdBRRVkhRRRQB//9k=\", \"amount\": 5, \"full_price\": \"147.50\", \"product_id\": \"9a747834-63a6-46a1-b33d-abeb1dc773d9\", \"unit_price\": \"29.50\", \"final_price\": \"147.50\", \"unit_discount\": \"0.00\", \"total_discount\": \"0.00\", \"product_variant_id\": \"9a747876-f2ea-4fb1-b88b-a0e653b357bf\", \"original_unit_price\": \"29.50\"}, {\"id\": \"9a747885-b1fa-43b8-8bac-09f1d8d9a5fa\", \"sku\": \"M-LO001\", \"name\": \"Classic Leather Loafers - (Size) 9.5, (Colour) Dark Green\", \"type\": \"product_variant\", \"urls\": null, \"image\": \"/9j/4AAQSkZJRgABAQEAYABgAAD//gA7Q1JFQVRPUjogZ2QtanBlZyB2MS4wICh1c2luZyBJSkcgSlBFRyB2ODApLCBxdWFsaXR5ID0gODAK/9sAQwAGBAUGBQQGBgUGBwcGCAoQCgoJCQoUDg8MEBcUGBgXFBYWGh0lHxobIxwWFiAsICMmJykqKRkfLTAtKDAlKCko/9sAQwEHBwcKCAoTCgoTKBoWGigoKCgoKCgoKCgoKCgoKCgoKCgoKCgoKCgoKCgoKCgoKCgoKCgoKCgoKCgoKCgoKCgo/8AAEQgAMgAyAwEiAAIRAQMRAf/EAB8AAAEFAQEBAQEBAAAAAAAAAAABAgMEBQYHCAkKC//EALUQAAIBAwMCBAMFBQQEAAABfQECAwAEEQUSITFBBhNRYQcicRQygZGhCCNCscEVUtHwJDNicoIJChYXGBkaJSYnKCkqNDU2Nzg5OkNERUZHSElKU1RVVldYWVpjZGVmZ2hpanN0dXZ3eHl6g4SFhoeIiYqSk5SVlpeYmZqio6Slpqeoqaqys7S1tre4ubrCw8TFxsfIycrS09TV1tfY2drh4uPk5ebn6Onq8fLz9PX29/j5+v/EAB8BAAMBAQEBAQEBAQEAAAAAAAABAgMEBQYHCAkKC//EALURAAIBAgQEAwQHBQQEAAECdwABAgMRBAUhMQYSQVEHYXETIjKBCBRCkaGxwQkjM1LwFWJy0QoWJDThJfEXGBkaJicoKSo1Njc4OTpDREVGR0hJSlNUVVZXWFlaY2RlZmdoaWpzdHV2d3h5eoKDhIWGh4iJipKTlJWWl5iZmqKjpKWmp6ipqrKztLW2t7i5usLDxMXGx8jJytLT1NXW19jZ2uLj5OXm5+jp6vLz9PX29/j5+v/aAAwDAQACEQMRAD8A1YTaqOY8H6f/AF6laazx0wR7GogXIztcfVRTXV2zw3/fsVwKJ6N0R3F1Bn5WYfRBWdcXkSqTlz+Ap+sTJp1hLd3W9IYxydgzknAH51wi+MLeeYLcxvbo/CSZDJ9GOODWkYXVyHPWx0Nxfxk/xflWfLfRnOVJ/AVKbO4uEDxDcjDIZcEEfWq82l3QBOCPriq5ULmIftUX90/kKKj/ALPuPainyi5j1CaYW0Ek1zNFHDGNzMxwAK4Bvi3ptvqLW11YXUUYOFlG1gR2bHHH50vj/XUu/DVxAiyA70ZiRwQGHv8ASvKHjgukVJvmUfdIPK/T29qqnSUldkTqNOx7H4l1GPxd4auINGmt7j7sgMRO9cHPzIQGA/CvI7HVNX8MawtwI2jkU4YModHHQgg8EH3re8AP/Y/iWC4jiimCqRl+cZGOB617Gtvo3iGPydUhhWUjiRhjP/Ah/WtI05xjdLQiUot76nPeC9U0XV5TLZ20entNHmS1hY7BJn5nRScAYA+UdOa6d9GeUExSxsK5+X4W3ul3bXHhvUrXymO77LdhtoPqrKMg/hXQeHNH1wXobWUt4UiztMc+8Pxj0B/Oi9KUNNGg/eKWuqK58PTZ++v50V2f9nr/AH0/M0VzcxtY8z1TwxNNGwRAyn+HFed634NntXaWCKSI9cAfKa9y+1N1Ea474NNllSTho0I9KUakkXKmnufNsV01hcj7UktvMp4ccA/0NddpXjQRRhZjFKP7wbafy5r1O60vSrtCtxp8D56kgVkTeBvDMxy+kR/8BYj+tdUMU0c8sPfqXPh14vl1DVEs4nD2u0kox3FeO3oK9N8yKQDeq1wXh/TdO8PRMmk2UdsrHLYOSfqSc1pvq7L1/pWNSftJXSsaQjyKzZ1gWDH8P60Vx51lv8kUVnZllVQNx4qF/wDWGiis0asZk5PJqNZH80je2PrRRVIhjZJH/vt+dRmRznLsfxooq0QyLcfU0UUUxn//2Q==\", \"amount\": 4, \"full_price\": \"119.96\", \"product_id\": \"9a747837-fd5e-4cf2-85b4-63a666a3436a\", \"unit_price\": \"29.99\", \"final_price\": \"119.96\", \"unit_discount\": \"0.00\", \"total_discount\": \"0.00\", \"product_variant_id\": \"9a747870-5171-4fbe-b5e4-b4e61e98e5a8\", \"original_unit_price\": \"29.99\"}, {\"id\": \"9a747885-d2e9-4f86-bcc7-01d024f3f11e\", \"sku\": \"M-LO003\", \"name\": \"Fashion Slip-On Loafers - (Size) 8\", \"type\": \"product_variant\", \"urls\": null, \"image\": \"/9j/4AAQSkZJRgABAQEAYABgAAD//gA7Q1JFQVRPUjogZ2QtanBlZyB2MS4wICh1c2luZyBJSkcgSlBFRyB2ODApLCBxdWFsaXR5ID0gODAK/9sAQwAGBAUGBQQGBgUGBwcGCAoQCgoJCQoUDg8MEBcUGBgXFBYWGh0lHxobIxwWFiAsICMmJykqKRkfLTAtKDAlKCko/9sAQwEHBwcKCAoTCgoTKBoWGigoKCgoKCgoKCgoKCgoKCgoKCgoKCgoKCgoKCgoKCgoKCgoKCgoKCgoKCgoKCgoKCgo/8AAEQgAMgAyAwEiAAIRAQMRAf/EAB8AAAEFAQEBAQEBAAAAAAAAAAABAgMEBQYHCAkKC//EALUQAAIBAwMCBAMFBQQEAAABfQECAwAEEQUSITFBBhNRYQcicRQygZGhCCNCscEVUtHwJDNicoIJChYXGBkaJSYnKCkqNDU2Nzg5OkNERUZHSElKU1RVVldYWVpjZGVmZ2hpanN0dXZ3eHl6g4SFhoeIiYqSk5SVlpeYmZqio6Slpqeoqaqys7S1tre4ubrCw8TFxsfIycrS09TV1tfY2drh4uPk5ebn6Onq8fLz9PX29/j5+v/EAB8BAAMBAQEBAQEBAQEAAAAAAAABAgMEBQYHCAkKC//EALURAAIBAgQEAwQHBQQEAAECdwABAgMRBAUhMQYSQVEHYXETIjKBCBRCkaGxwQkjM1LwFWJy0QoWJDThJfEXGBkaJicoKSo1Njc4OTpDREVGR0hJSlNUVVZXWFlaY2RlZmdoaWpzdHV2d3h5eoKDhIWGh4iJipKTlJWWl5iZmqKjpKWmp6ipqrKztLW2t7i5usLDxMXGx8jJytLT1NXW19jZ2uLj5OXm5+jp6vLz9PX29/j5+v/aAAwDAQACEQMRAD8A6UJz0rJ1zxJo+gz20OrXsdtJcZ8sMCc46kkDgc96wPiJ4/XwfdWMCWIu3nBd/wB5s2KDgdjyefyryP4keKIPFmoW13bxSpaxwCMo+MxvuJPT8PrSSKPo62nhuoEmtpUliYZV0YMp/EVLtr5f8L+IdV8NTiTTLlljPLwOd0b/AIf1HNe6eDfHFl4hXyJYzZ6ig+aBz973U9x+tKwHVbKjdMg1YGCOOaRloGVPL9qKs0UAfPvxdsrg+Mrh7jcY7hFaBj04AGB+OR+NcfFBJuVUUmU/KBjO7/ZI719IeNvDMHiLSmt5RtnTLQy90b/A14va3B0HVrtLqJf7QiBiKOMncccj6jv7+9UhGBh9C1WCLUoHjWN0kaMjJUZBx7g10mtW5utMj12zutl3E4H7vhnXswx6cAn/AOvWhrCW3iTwul/O4GpQFYYguCZOo2MOwGOvJOcfTjNO1S50MeW6+bp0xIeFuit0OPQ4/wA8UBseu/DXx82ooun61IovAcJLjAcds+9enZzivlSJlWUXNk25RzjuPYivdPhr4kbWNLEVyxNxCdhYnlhjgn3/AMKTQI7jH1opwJx2opDFZM+9eV/F/wAJPcpHrdlEWlgXbOq9SnZvqP5fSvWMjtTHUMuDyD2oEeBeCvsusR3OlvdC2ln2sgY8M69CPf2o1rQpdP1CZL6BHikIY5XKlvX/AD613Xir4Y6fqcr3WlyHT7sncdg+Qn1x2/CuYu9F8eWsJspXhvbfG1ZXG8gfXGfzqrgLpvw80bW7RLvSri4sZT96NX3KD3HPPWuz8I+DRoDAJJuGdxbOSx9TVf4eaHfaVBtumJz8zEjGSTk13RY4GakA2/SilDcdqKAHjtTx1oooAa1IKKKAGkc0yXtRRQBFmiiigD//2Q==\", \"amount\": 3, \"full_price\": \"89.97\", \"product_id\": \"9a74783b-cf57-4103-8c03-8cf70613a692\", \"unit_price\": \"29.99\", \"final_price\": \"89.97\", \"unit_discount\": \"0.00\", \"total_discount\": \"0.00\", \"product_variant_id\": \"9a747877-6c76-44ff-aa0b-f96534ebaa43\", \"original_unit_price\": \"29.99\"}, {\"id\": \"9a747885-9a38-49ce-ad08-533f5c91413b\", \"sku\": \"M-BO003\", \"name\": \"Outdoor Hiking Boots - (Size) 8, (Colour) Midnight Blue\", \"type\": \"product_variant\", \"urls\": null, \"image\": \"/9j/4AAQSkZJRgABAQEAYABgAAD//gA7Q1JFQVRPUjogZ2QtanBlZyB2MS4wICh1c2luZyBJSkcgSlBFRyB2ODApLCBxdWFsaXR5ID0gODAK/9sAQwAGBAUGBQQGBgUGBwcGCAoQCgoJCQoUDg8MEBcUGBgXFBYWGh0lHxobIxwWFiAsICMmJykqKRkfLTAtKDAlKCko/9sAQwEHBwcKCAoTCgoTKBoWGigoKCgoKCgoKCgoKCgoKCgoKCgoKCgoKCgoKCgoKCgoKCgoKCgoKCgoKCgoKCgoKCgo/8AAEQgAMgAyAwEiAAIRAQMRAf/EAB8AAAEFAQEBAQEBAAAAAAAAAAABAgMEBQYHCAkKC//EALUQAAIBAwMCBAMFBQQEAAABfQECAwAEEQUSITFBBhNRYQcicRQygZGhCCNCscEVUtHwJDNicoIJChYXGBkaJSYnKCkqNDU2Nzg5OkNERUZHSElKU1RVVldYWVpjZGVmZ2hpanN0dXZ3eHl6g4SFhoeIiYqSk5SVlpeYmZqio6Slpqeoqaqys7S1tre4ubrCw8TFxsfIycrS09TV1tfY2drh4uPk5ebn6Onq8fLz9PX29/j5+v/EAB8BAAMBAQEBAQEBAQEAAAAAAAABAgMEBQYHCAkKC//EALURAAIBAgQEAwQHBQQEAAECdwABAgMRBAUhMQYSQVEHYXETIjKBCBRCkaGxwQkjM1LwFWJy0QoWJDThJfEXGBkaJicoKSo1Njc4OTpDREVGR0hJSlNUVVZXWFlaY2RlZmdoaWpzdHV2d3h5eoKDhIWGh4iJipKTlJWWl5iZmqKjpKWmp6ipqrKztLW2t7i5usLDxMXGx8jJytLT1NXW19jZ2uLj5OXm5+jp6vLz9PX29/j5+v/aAAwDAQACEQMRAD8A+qa4P4meLr3wpfaI9usDWErSNeBhmQopT7nboW6+1d5Xzt8VdTbxH4huhAd1lADaRkHrgncw+rEj6AVMnZDSuev+BvHWkeMrOefTGdPJ271lwDhs4PB9jW/p2pWWoozWNzHMFJDBTypBxyOo5Br5Wjjh0fTYLWCJVRUO4YyTxknOR+fvXb/AyPf46nmgY+UNNxIAwIzvGAevr7dKiNRt2KcbHvtFFFakBRRRQByHxO1qXSNAWK1dori+c28cw42HaW4PrgHH4+lfPOnxymO1aRdssYKtnOcgkGvdPjP4k8P6J4ejtvEMVxcNdNut4rfAkDJg7wSRjBI+ucYIzXgfhjXxrom81VW5gxuCjAZT0P5isqqdrouDszQ1ETMrHINsU2nkrg/3iR7V1Pwo1EWvjXTpGjEUdzFJa4BBwTtKg8Z6oK55YkkjNvJKQXOQckAc8dKxxJLpmoJdW0lxHdRyEwyoxyCDwcAn9fes6epU2fXtFfFc/wAS/HKXzC78RXySLkbRhRn6AYz+FeifCr41a1c+JLHRvE/lXdveSLBHchAkkbMcLuxwQSQOme+a6LmR9IUUUUwPmb9qSxux4v0q9Me60ksxEhI43q7Fh+TL+deQ+Gr9tK1dZxxGfkmTGDtPX+XH0r7r1XS7DV7Q2uqWdveW5OfLnjDrn1we/vXLj4W+CQXP/CPWhL9SSxP4c8fhSsB4ZcXtpBYx3jXMX2eTiOXrk+n14qjNd2V+sfl3sQkAI5cxk5+uPSvV/FXwmSGKd/CscL2sxBl0q5bEZ45MbnO09ODx7ivIPEPw/wBT0u4kihs9UtHHIie2e4ib/dkjDAjkdefWsvZpO6L529Gc54ti02S8BtGJvlUbwpDI3tuz1rsvgP4AvNe8RWOu3cEsGlafIs6vIpXzpFIKqvqAQCT7Y71y+heBPF3iG8gt7XS7pIWcBp5YDHEozySxA/Ic19p28YhgjiGMIoUYGBwPStIqysS3cfRRRVCCiiigAooooAKKKKACiiigD//Z\", \"amount\": 9, \"full_price\": \"269.91\", \"product_id\": \"9a747845-b20e-487e-9f86-7b4e736ba01a\", \"unit_price\": \"29.99\", \"final_price\": \"269.91\", \"unit_discount\": \"0.00\", \"total_discount\": \"0.00\", \"product_variant_id\": \"9a74786f-d8ac-4627-b3f4-0d3bd2e6dca9\", \"original_unit_price\": \"29.99\"}, {\"id\": \"9a747885-b97c-44b9-ae4a-240f4c87f23a\", \"sku\": \"W-SG002\", \"name\": \"Vintage Round Sunglasses\", \"type\": \"product\", \"urls\": null, \"image\": \"/9j/4AAQSkZJRgABAQEAYABgAAD//gA7Q1JFQVRPUjogZ2QtanBlZyB2MS4wICh1c2luZyBJSkcgSlBFRyB2ODApLCBxdWFsaXR5ID0gODAK/9sAQwAGBAUGBQQGBgUGBwcGCAoQCgoJCQoUDg8MEBcUGBgXFBYWGh0lHxobIxwWFiAsICMmJykqKRkfLTAtKDAlKCko/9sAQwEHBwcKCAoTCgoTKBoWGigoKCgoKCgoKCgoKCgoKCgoKCgoKCgoKCgoKCgoKCgoKCgoKCgoKCgoKCgoKCgoKCgo/8AAEQgAGQAyAwEiAAIRAQMRAf/EAB8AAAEFAQEBAQEBAAAAAAAAAAABAgMEBQYHCAkKC//EALUQAAIBAwMCBAMFBQQEAAABfQECAwAEEQUSITFBBhNRYQcicRQygZGhCCNCscEVUtHwJDNicoIJChYXGBkaJSYnKCkqNDU2Nzg5OkNERUZHSElKU1RVVldYWVpjZGVmZ2hpanN0dXZ3eHl6g4SFhoeIiYqSk5SVlpeYmZqio6Slpqeoqaqys7S1tre4ubrCw8TFxsfIycrS09TV1tfY2drh4uPk5ebn6Onq8fLz9PX29/j5+v/EAB8BAAMBAQEBAQEBAQEAAAAAAAABAgMEBQYHCAkKC//EALURAAIBAgQEAwQHBQQEAAECdwABAgMRBAUhMQYSQVEHYXETIjKBCBRCkaGxwQkjM1LwFWJy0QoWJDThJfEXGBkaJicoKSo1Njc4OTpDREVGR0hJSlNUVVZXWFlaY2RlZmdoaWpzdHV2d3h5eoKDhIWGh4iJipKTlJWWl5iZmqKjpKWmp6ipqrKztLW2t7i5usLDxMXGx8jJytLT1NXW19jZ2uLj5OXm5+jp6vLz9PX29/j5+v/aAAwDAQACEQMRAD8A+iPGfjHRPBllb3fiG6e3gnl8mMrC8hLYJxhQewrK074p+EdSmjh07Up7ueT7sUNjcO5/AJmq/wAcPD7+IPh9erbRGW8sXW+gVRkkp94AdyULge5FfKi/vNjQ5dmx5ZTkknpjHegD7V03XbDULl7aF54rlU8zybm3kgcrnG4K6gsM4GRkDNWP7V04SeX9vtPM/u+cufyzXzD8cdB1zRbTwxHc6vqVxHc2u2Q3c5lSO6AUuo9FYZwPY15rPptjOpNzaW7nHLMgyPx60AfeasrqGUhlPQg5pc84rxL4B/DPTrT4c2NzrMV1LNfu16kLXMiLFG5/djarAcoFJyM8+1enaFpEGk65qKWFjHaWDW9uFMagB5A0u4+pOCnJoA36KKKACuftfBXhq01c6pbaJYxX+/zPNWIDD/3gOgb3AzXQUUAZPinw7pvijRpdM1m3E1q5DDBwyMOjqeoYeteZ2HwG0WHUVkvtUvr2xVs/ZXVF8wf3XYDkeuAtexUUAIiqihUAVQMAAYAFLRRQAUUUUAf/2Q==\", \"amount\": 6, \"full_price\": \"135.00\", \"product_id\": \"9a74784e-46b6-46de-bbbf-78da6699b9fc\", \"unit_price\": \"22.50\", \"final_price\": \"135.00\", \"unit_discount\": \"0.00\", \"total_discount\": \"0.00\", \"original_unit_price\": \"22.50\"}, {\"id\": \"9a747885-ca21-43b8-93cf-6c30182e9a1e\", \"sku\": \"M-TI001\", \"name\": \"Classic Silk Tie\", \"type\": \"product\", \"urls\": null, \"image\": \"/9j/4AAQSkZJRgABAQEAYABgAAD//gA7Q1JFQVRPUjogZ2QtanBlZyB2MS4wICh1c2luZyBJSkcgSlBFRyB2ODApLCBxdWFsaXR5ID0gODAK/9sAQwAGBAUGBQQGBgUGBwcGCAoQCgoJCQoUDg8MEBcUGBgXFBYWGh0lHxobIxwWFiAsICMmJykqKRkfLTAtKDAlKCko/9sAQwEHBwcKCAoTCgoTKBoWGigoKCgoKCgoKCgoKCgoKCgoKCgoKCgoKCgoKCgoKCgoKCgoKCgoKCgoKCgoKCgoKCgo/8AAEQgAMgAyAwEiAAIRAQMRAf/EAB8AAAEFAQEBAQEBAAAAAAAAAAABAgMEBQYHCAkKC//EALUQAAIBAwMCBAMFBQQEAAABfQECAwAEEQUSITFBBhNRYQcicRQygZGhCCNCscEVUtHwJDNicoIJChYXGBkaJSYnKCkqNDU2Nzg5OkNERUZHSElKU1RVVldYWVpjZGVmZ2hpanN0dXZ3eHl6g4SFhoeIiYqSk5SVlpeYmZqio6Slpqeoqaqys7S1tre4ubrCw8TFxsfIycrS09TV1tfY2drh4uPk5ebn6Onq8fLz9PX29/j5+v/EAB8BAAMBAQEBAQEBAQEAAAAAAAABAgMEBQYHCAkKC//EALURAAIBAgQEAwQHBQQEAAECdwABAgMRBAUhMQYSQVEHYXETIjKBCBRCkaGxwQkjM1LwFWJy0QoWJDThJfEXGBkaJicoKSo1Njc4OTpDREVGR0hJSlNUVVZXWFlaY2RlZmdoaWpzdHV2d3h5eoKDhIWGh4iJipKTlJWWl5iZmqKjpKWmp6ipqrKztLW2t7i5usLDxMXGx8jJytLT1NXW19jZ2uLj5OXm5+jp6vLz9PX29/j5+v/aAAwDAQACEQMRAD8A2/jv4vv7rxDcaNaXM0Wm2gEckce5UncjLF3BHC8DaSOjHniuJ0nX9Q0W7SCS8mWyUESM07lFZSOOzcg8jr0PA6SfEO7e38R6/K8cTTTalcx8sUdVDDGOm7njGSOB06ChDc6dfWV99jCwbBI6mQhPJUIAR7/M204/hVfSuKtO3vNHXRu/dT3X9eTO8tby+ju5Fubq4X7RGRFM8jFQQdvUnAOTjk9sZzwOO1PxB4mtpDHeXl3JErExrIWCNgnO3nkDBGfcYzmtTwBrNr/wjdtq8arc3IYobWFFhQSIAGlIGeuFwMA5LepqDVnnufDbq07alh0nbbkkR/MrLlgPmHJwDz2PXF0G3U5LX7+RyLEe77OW/l+v9XO2+EnxVxqUejazeSSRSEKj3Em8xEkAYfqVJI4bpnr2r6Br4h0bQ7i90U6i6K1s0rkKIthXGOR2YDAyATjJ9a+pfg14kfxH4JtTdNm/sv8ARbjJJLFR8rZIBORjn1zXdOEIaRlfp8yfaub95Wf5nc0UUVmUfNH7Qvhu3g1hdZ8gGG45kAcgiUY6DBB3YB/AmvEdOvXs7kSzbAkkUiMuDhcuW7Z64C57Z9q+6vFPh2x8Q6XNZahAs0MgwVP8wexr5k8c/BDVbC4uJPD91E9q7bisoPmAenofrgGs5Q5lY1pzULyOJ+GWuNbate6awxbXe2ZSpKskijGUYcKcHqeOMcZr09vP0m4htLlmvThmh/c5Lqg3Ko7tnGAvU5HXg14onh3WvD2t29xJJJFPE/yykZEeeNwHPIzkY5zyK940JbaWMy3UsVxdSgTmNwQQ5Y8gYzn5iNzgMcDgAAnDEJU/eauv1/T+uhjGM51EoddDlNE1Ce7ur7TrC2uIJbp/NjjyBvKkK3yFvlbIJyBnnPGOe++EepSeHvEclnqTmFruVbWSKRNpDgfKwOezErjHIYGvO/E19bX72c0FqkWpwSB5Cx+UYI9MEk7W+oPbinx6y91LBcyWsNq1nKGMMOeGXPO7klvmJz7j0zXTKhUqNVacfk9/l3uKrUjR0k72+7X8rH19RWf4fvG1DQdNvHILXFtHMSOhLKD/AFoqhp3NCqt7arMh4GatUUDPJPHvhWC7hdxEN30rxLRb6+8MeKDaXsziyeRwuSADG+MgE9+Mc+1fXt7Yx3KkMBzXl3xE+FVrr1vvgJhnGcMBkVNWnGrHlkONlJSa2dzybW9Caa1M+jkTWsp3NgFgCQfl55LZB57YORXNT2bxSMyBoWdASyxj5vXgj378571vTeD/ABz4Odn08S3lugIURtkgcnofqfzNFj4wWWRLfWtPjhuQqBlkiK7TkKeCPRc++T35pLFVcPbmV13/AMzWpToT20v+H9fM+ivB2oCHwjocRZspYwKePSNaK4ay1m8gs4IiVBjjVcCJsDAxRWMsXG+pqsFPp+R7XRRRXScgUUUUAQzRoRyin6iuW8T6Tp15bP8Aa7C0nwCR5sKtj8xRRSZRR07QtI/s+1/4ldh/ql/5d09B7UUUVwPc9FH/2Q==\", \"amount\": 10, \"full_price\": \"199.90\", \"product_id\": \"9a74785c-576c-485e-b65b-057aee96b7c1\", \"unit_price\": \"17.99\", \"final_price\": \"179.90\", \"unit_discount\": \"2.00\", \"total_discount\": \"20.00\", \"original_unit_price\": \"19.99\"}, {\"id\": \"9a747885-76b2-4b56-b45f-6720da3ac66a\", \"sku\": \"M-SG002\", \"name\": \"Sporty Wraparound Sunglasses\", \"type\": \"product\", \"urls\": null, \"image\": \"/9j/4AAQSkZJRgABAQEAYABgAAD//gA7Q1JFQVRPUjogZ2QtanBlZyB2MS4wICh1c2luZyBJSkcgSlBFRyB2ODApLCBxdWFsaXR5ID0gODAK/9sAQwAGBAUGBQQGBgUGBwcGCAoQCgoJCQoUDg8MEBcUGBgXFBYWGh0lHxobIxwWFiAsICMmJykqKRkfLTAtKDAlKCko/9sAQwEHBwcKCAoTCgoTKBoWGigoKCgoKCgoKCgoKCgoKCgoKCgoKCgoKCgoKCgoKCgoKCgoKCgoKCgoKCgoKCgoKCgo/8AAEQgAMgAyAwEiAAIRAQMRAf/EAB8AAAEFAQEBAQEBAAAAAAAAAAABAgMEBQYHCAkKC//EALUQAAIBAwMCBAMFBQQEAAABfQECAwAEEQUSITFBBhNRYQcicRQygZGhCCNCscEVUtHwJDNicoIJChYXGBkaJSYnKCkqNDU2Nzg5OkNERUZHSElKU1RVVldYWVpjZGVmZ2hpanN0dXZ3eHl6g4SFhoeIiYqSk5SVlpeYmZqio6Slpqeoqaqys7S1tre4ubrCw8TFxsfIycrS09TV1tfY2drh4uPk5ebn6Onq8fLz9PX29/j5+v/EAB8BAAMBAQEBAQEBAQEAAAAAAAABAgMEBQYHCAkKC//EALURAAIBAgQEAwQHBQQEAAECdwABAgMRBAUhMQYSQVEHYXETIjKBCBRCkaGxwQkjM1LwFWJy0QoWJDThJfEXGBkaJicoKSo1Njc4OTpDREVGR0hJSlNUVVZXWFlaY2RlZmdoaWpzdHV2d3h5eoKDhIWGh4iJipKTlJWWl5iZmqKjpKWmp6ipqrKztLW2t7i5usLDxMXGx8jJytLT1NXW19jZ2uLj5OXm5+jp6vLz9PX29/j5+v/aAAwDAQACEQMRAD8A+qaKKgvLy2soTNeXENvEOryuEUfiaAJ6K5638Z+H57mOGLUoz5r+XHKUdYZG7KspGwk9gDk10NABRRUD3tql7HZvcwLdyKXSAyAOyjqQvUigCeiiigDwz41+LfFWi+KBpunXotNLkto50aFAJHyWV13kEggqDkf3hWD4Y+JPgnSLj7V4i0TUzrCrkXc8xv8Ad7qzkbT/AMBH1r1D4y+EbjxLoUVzpcQl1Sx3GOLIBmjbG9ATwDlVIz3XHGc15L8Lvh5qWv6rqv8Abdpfabpn2GaylWeJomleTGAFYDIUgPnplVoA7fUfjX4dvbea1uPD2qXVnKpR45kgIcHsVMh4rK0L43eEfDUElnev4mWBpC1ul7Ckvkpx+7V1YllHbcSR0rx+70+/0G+uNI1tSmpWjFJM9HXPyuvqrDkH+oNavgKBLz4i+FFaJZtuoK+0jPRWOfwxn8KdgPoIeI/EviyNB4T0x9K06UAnVNTTaxU944ep9ieK1v8AhCrO2tkk04hdZFxFctqdwPNmlZSA29upBTcu0EABuMV1lFIAooooAKKKKAMLxR4R0HxTHEmv6bDeeVny3bKumeu11IYfgaoeFfh54Z8K373uiad5VyylRJLM8zKD1CtIWK59jXWUUAFFFFABRRRQAUUUUAFFFFABRRRQAUUUUAf/2Q==\", \"amount\": 1, \"full_price\": \"19.50\", \"product_id\": \"9a747863-654e-4688-96fe-c475f58dbe10\", \"unit_price\": \"17.50\", \"final_price\": \"17.50\", \"unit_discount\": \"2.00\", \"total_discount\": \"2.00\", \"original_unit_price\": \"19.50\"}, {\"id\": \"9a747885-a9bc-43d6-84bd-b72e614d139d\", \"sku\": \"M-BR001\", \"name\": \"Leather Cuff Bracelet\", \"type\": \"product\", \"urls\": null, \"image\": \"/9j/4AAQSkZJRgABAQEAYABgAAD//gA7Q1JFQVRPUjogZ2QtanBlZyB2MS4wICh1c2luZyBJSkcgSlBFRyB2ODApLCBxdWFsaXR5ID0gODAK/9sAQwAGBAUGBQQGBgUGBwcGCAoQCgoJCQoUDg8MEBcUGBgXFBYWGh0lHxobIxwWFiAsICMmJykqKRkfLTAtKDAlKCko/9sAQwEHBwcKCAoTCgoTKBoWGigoKCgoKCgoKCgoKCgoKCgoKCgoKCgoKCgoKCgoKCgoKCgoKCgoKCgoKCgoKCgoKCgo/8AAEQgAMgAyAwEiAAIRAQMRAf/EAB8AAAEFAQEBAQEBAAAAAAAAAAABAgMEBQYHCAkKC//EALUQAAIBAwMCBAMFBQQEAAABfQECAwAEEQUSITFBBhNRYQcicRQygZGhCCNCscEVUtHwJDNicoIJChYXGBkaJSYnKCkqNDU2Nzg5OkNERUZHSElKU1RVVldYWVpjZGVmZ2hpanN0dXZ3eHl6g4SFhoeIiYqSk5SVlpeYmZqio6Slpqeoqaqys7S1tre4ubrCw8TFxsfIycrS09TV1tfY2drh4uPk5ebn6Onq8fLz9PX29/j5+v/EAB8BAAMBAQEBAQEBAQEAAAAAAAABAgMEBQYHCAkKC//EALURAAIBAgQEAwQHBQQEAAECdwABAgMRBAUhMQYSQVEHYXETIjKBCBRCkaGxwQkjM1LwFWJy0QoWJDThJfEXGBkaJicoKSo1Njc4OTpDREVGR0hJSlNUVVZXWFlaY2RlZmdoaWpzdHV2d3h5eoKDhIWGh4iJipKTlJWWl5iZmqKjpKWmp6ipqrKztLW2t7i5usLDxMXGx8jJytLT1NXW19jZ2uLj5OXm5+jp6vLz9PX29/j5+v/aAAwDAQACEQMRAD8A+qa+d1+M+qy/HZNDgMbeHmvhpfk+WNxfds8wN1+/+GO2ea+iK+FPC/Px6sFycf8ACRKf/JigD7rorE8TeKdJ8OW5k1O6VXxlYUIMjfQf1PFeS6t8fJLPUI0g8NvLascZNzh2HqBtwKAPdaKyPCviGy8TaPDqOnmRUcfNHKu1427qw9a16ACiiigBHZURncgKoySewr8/dUv7L/hLr240yW5iumvXngvI2IKkuSOByuOORzxX6BSIsiMjgMjAgg9xX56eP/Dk3hHxtqekTuiNBK7Rtu3Fo+WQ4GcErjg+v40dQO18M6frep3VzPPe5uGjPlvOd+5vUE557Z7ZrrfC8GlQL9sumkmv8FZGuG3MjA4II9iMVozqmqfB3R/FGkusl1p0K2t6UGPMVPlVyPXGAfr/ALNeP3PiN5ryV1Yq0nLY7kcZ/LH5VSYHvehfECx0LXbeVnCWszCK5UHjaeA/1H6ivflIZQVIIPII71+dGqahNO4YMc9DX278D9Zk1z4W6BdXDFp0hNu5PUmNigJ9yFB/Gkw3O6ooopAFfP37Uvw2Gtac3jCwnt7e6023K3SSnb50YPy7T/eGSMHrkDsAfoGsLxz4atvGHhPUdBvZHigvIwvmJ1RgwZW98MoOO9AHxJ8O/iDfeENJ1fS4Y4LvTtUi8uWG4BIRsYLLgjnBI/L0rn7qwkhuZJEBMauVB9s4/lXZeJ/gv4u8O6qLc2D3loXwl3bIXQrnqcDKn2NeyeEfgzNqNij62rWMMnzFc/vcewH3fx59qYHiXhvwXc6jqCQS4EpXeYurBfU+g9zX2D8KfD7+GfBFjp8qlJMvKyH+HcxIH1xitLwx4U0XwzaC30exjhzy0hG6Rz6sx5JrcpXAKKKKACiiigAooooAKKKKACiiigD/2Q==\", \"amount\": 4, \"full_price\": \"75.96\", \"product_id\": \"9a747867-23c5-4a3f-b71e-344103911407\", \"unit_price\": \"16.99\", \"final_price\": \"67.96\", \"unit_discount\": \"2.00\", \"total_discount\": \"8.00\", \"original_unit_price\": \"18.99\"}]',NULL,'{\"id\": \"9a7477e8-7807-4398-9376-bb498dad45e4\", \"name\": {\"de\": \"Lokal (kostenlos bis 10 kg)\", \"en\": \"Local (free up to 10kg)\", \"fr\": \"Local (gratuit jusqu&#39;à 10kg)\"}, \"slug\": \"local-small-1\", \"price\": 0, \"enabled\": true, \"created_at\": \"2023-10-25T16:09:45.000000Z\", \"deleted_at\": null, \"updated_at\": \"2023-10-25T16:09:46.000000Z\", \"description\": {\"de\": \"Sie profitieren von einer kostenlosen Lieferung im Umkreis von 5 km ab unserem Lager.\", \"en\": \"You enjoy free delivery within 5km range from our warehouse.\", \"fr\": \"Vous bénéficiez d&#39;une livraison gratuite dans un rayon de 5 km depuis notre entrepôt.\"}, \"enabled_by_default_on_creation\": true}','{\"delivery\": 0, \"subtotal\": 1867.49, \"total_payable\": 1867.49, \"applied_discount\": 30}',1,'jordan-adams-cooperview',NULL,'2023-10-25 16:11:34','2023-10-25 16:11:34'),('9a74788f-1d40-4575-9f48-7a52cd6f5987','9a7477c7-c67a-4f01-9724-83c4cd0f8d49','9a747882-341c-4de6-a3c2-c86c477779fe','{\"id\": \"9a747881-c65d-4b51-ba76-1eeb8a9c1729\", \"lat\": \"-50.257994\", \"lon\": \"-113.610780\", \"name\": null, \"slug\": \"tiffany-roberts-russellland\", \"town\": \"Russellland\", \"country\": \"UK\", \"user_id\": \"9a7477c7-c67a-4f01-9724-83c4cd0f8d49\", \"post_code\": \"LE11 9DA\", \"created_at\": \"2023-10-25T16:11:26.000000Z\", \"deleted_at\": null, \"updated_at\": \"2023-10-25T16:11:26.000000Z\", \"address_line_1\": \"Flat 97f Fox Cliffs\", \"address_line_2\": null, \"google_maps_url\": \"https://www.google.com/maps/@-50.257994,-113.610780,14z\"}','{\"amount\": \"2604.98\", \"source\": {\"id\": \"9a747881-e0c0-448e-a277-0e21279a8313\", \"name\": \"est rerum\", \"slug\": \"roberts-est-rerum\", \"brand\": \"visa\", \"user_id\": \"9a7477c7-c67a-4f01-9724-83c4cd0f8d49\", \"exp_year\": \"2023\", \"exp_month\": \"4\", \"last_four\": \"7836\", \"source_id\": \"ghIBM45IZUKGFO8tipiuMbvKgvGKOUyAVRx3gHJIo9mjrGK5EVL3pIdLRdPPKVw5qUWnHUQRUPEeiSrliwiJDJABovEJwiqYfylOxzq5MeIS5ZiSRw2ISxl9v0yyfsGhG6nld7FYYlLBtxRAAbgEBJ\", \"created_at\": \"2023-10-25T16:11:26.000000Z\", \"deleted_at\": null, \"updated_at\": \"2023-10-25T16:11:26.000000Z\", \"stripe_user_id\": \"sVIg2ahwF4vtmLkk3V6iou2T0F3E4njkS02HgVP9uSggNGfcwA3Sneozdz8hQ6uIWaWQiXtOTGzng05DrJT0c1D0UJm1ePQAFqyB5lzun6MQknhSShevpW09\", \"payment_method_id\": 2}, \"created_at\": \"25-10-2023 16:11\", \"payment_ref\": \"EUmkXaeyJK\"}','[{\"id\": \"9a747886-6de0-4a43-b5d8-729276880a23\", \"sku\": \"M-S003\", \"name\": \"Casual Checkered Shirt - (Size) L\", \"type\": \"product_variant\", \"urls\": null, \"image\": \"/9j/4AAQSkZJRgABAQEAYABgAAD//gA7Q1JFQVRPUjogZ2QtanBlZyB2MS4wICh1c2luZyBJSkcgSlBFRyB2ODApLCBxdWFsaXR5ID0gODAK/9sAQwAGBAUGBQQGBgUGBwcGCAoQCgoJCQoUDg8MEBcUGBgXFBYWGh0lHxobIxwWFiAsICMmJykqKRkfLTAtKDAlKCko/9sAQwEHBwcKCAoTCgoTKBoWGigoKCgoKCgoKCgoKCgoKCgoKCgoKCgoKCgoKCgoKCgoKCgoKCgoKCgoKCgoKCgoKCgo/8AAEQgAMgAyAwEiAAIRAQMRAf/EAB8AAAEFAQEBAQEBAAAAAAAAAAABAgMEBQYHCAkKC//EALUQAAIBAwMCBAMFBQQEAAABfQECAwAEEQUSITFBBhNRYQcicRQygZGhCCNCscEVUtHwJDNicoIJChYXGBkaJSYnKCkqNDU2Nzg5OkNERUZHSElKU1RVVldYWVpjZGVmZ2hpanN0dXZ3eHl6g4SFhoeIiYqSk5SVlpeYmZqio6Slpqeoqaqys7S1tre4ubrCw8TFxsfIycrS09TV1tfY2drh4uPk5ebn6Onq8fLz9PX29/j5+v/EAB8BAAMBAQEBAQEBAQEAAAAAAAABAgMEBQYHCAkKC//EALURAAIBAgQEAwQHBQQEAAECdwABAgMRBAUhMQYSQVEHYXETIjKBCBRCkaGxwQkjM1LwFWJy0QoWJDThJfEXGBkaJicoKSo1Njc4OTpDREVGR0hJSlNUVVZXWFlaY2RlZmdoaWpzdHV2d3h5eoKDhIWGh4iJipKTlJWWl5iZmqKjpKWmp6ipqrKztLW2t7i5usLDxMXGx8jJytLT1NXW19jZ2uLj5OXm5+jp6vLz9PX29/j5+v/aAAwDAQACEQMRAD8A+qaztX1rT9IQNf3CxkjIUAliPoK0a8O8Ya2s/iO6JBIdmiUFeyg47+w/OqiribI/i94qm8Q6GsOhm4t4oJS+8MQZWGV2so/h59TXHfCjV9V8P6qNV1LzWjdBH9n8w7GViOenX8O3vXTWs7tpblYHI85vu8fx/SqKytDpVkqQybAEGd+f41z2rbkV7GSqSaPbtJ8X6PqU6W8dx5VyxwI5RtJPoD0NdBXzpc3cUt9MjcSQDzBwRg9jkfjXu/hfUhq/h+xvs5aWMb/98cN+oNZSjY0jK6/rsjUoooqBlW/nePTJ5oUZ5REWRFGSTjgV4Ffx3F5qRhRD5sAMhzzgDBPPbhD+dfQkH+pj/wB0fyrL8URR/wBhajLsQTC2cK5Az06Z+tXCViZq+qPDrWe6a0uVEbhN4Iz/AMAJ9O5qtNLdNFpyvEQGIGBz0wR/Krlr9qazuT5akmTjk9Ny/wC1VeRbyOxs22KxGDktz1Xjr+Fb/wDAMrrW3n+SGW8Uv9tvcTRNtuEaMA88ptJx+Egr1/4WyyN4elhljaMwzsqgrt+UgHj8d1VPhP5dxo10ZokM0V02CygkAqoyPrt/Su8rCUr6GsY2MyYt5z8n7xopZv8AWv8A7xopFl+H/Ux/7orE8drI/hS+WIkMdnT03rn9M1uQ/wCqT/dFZPi6Ce58OXsVoheZlGFHU/MCf0zSW4nseJ2aXIs7n7pw6/8AstVZlnTT7MJGq5YHbgD+Jefx61et7adLG4DSxKRJjBQcYKiqxtpv7Ns2eeHAAOQgHAKmun/gHOn+v5I7j4SyyQa7rFpLwssaTKM9CCQR/wCPfrXqNeYfDrS71PFU1+ysbI2zASYwrMWXAB78A16fWE9zan8KM2b/AFr/AO8aKJR+9f8A3jRSLGRSP5SfO33R3p/mP/fb86KKQGRr0EL2ckjRRtISMsVBP51yvhKGKTVSjxIyKXwpUEDnsKKK2Xwv5Gf2vv8AyPQBI4AAdgB70vmP/fb86KKyNDOlkfzX+dup70UUVQH/2Q==\", \"amount\": 10, \"full_price\": \"249.90\", \"product_id\": \"9a7477f5-8cfb-44d7-b099-c3222c1d589b\", \"unit_price\": \"24.99\", \"final_price\": \"249.90\", \"unit_discount\": \"0.00\", \"total_discount\": \"0.00\", \"product_variant_id\": \"9a747872-6e40-4e52-b7b6-ed772d6d6835\", \"original_unit_price\": \"24.99\"}, {\"id\": \"9a747886-0a96-4706-8daa-0efe0d89ee55\", \"sku\": \"W-P002\", \"name\": \"Sporty Performance Polo - (Size) XS\", \"type\": \"product_variant\", \"urls\": null, \"image\": \"/9j/4AAQSkZJRgABAQEAYABgAAD//gA7Q1JFQVRPUjogZ2QtanBlZyB2MS4wICh1c2luZyBJSkcgSlBFRyB2ODApLCBxdWFsaXR5ID0gODAK/9sAQwAGBAUGBQQGBgUGBwcGCAoQCgoJCQoUDg8MEBcUGBgXFBYWGh0lHxobIxwWFiAsICMmJykqKRkfLTAtKDAlKCko/9sAQwEHBwcKCAoTCgoTKBoWGigoKCgoKCgoKCgoKCgoKCgoKCgoKCgoKCgoKCgoKCgoKCgoKCgoKCgoKCgoKCgoKCgo/8AAEQgAMgAyAwEiAAIRAQMRAf/EAB8AAAEFAQEBAQEBAAAAAAAAAAABAgMEBQYHCAkKC//EALUQAAIBAwMCBAMFBQQEAAABfQECAwAEEQUSITFBBhNRYQcicRQygZGhCCNCscEVUtHwJDNicoIJChYXGBkaJSYnKCkqNDU2Nzg5OkNERUZHSElKU1RVVldYWVpjZGVmZ2hpanN0dXZ3eHl6g4SFhoeIiYqSk5SVlpeYmZqio6Slpqeoqaqys7S1tre4ubrCw8TFxsfIycrS09TV1tfY2drh4uPk5ebn6Onq8fLz9PX29/j5+v/EAB8BAAMBAQEBAQEBAQEAAAAAAAABAgMEBQYHCAkKC//EALURAAIBAgQEAwQHBQQEAAECdwABAgMRBAUhMQYSQVEHYXETIjKBCBRCkaGxwQkjM1LwFWJy0QoWJDThJfEXGBkaJicoKSo1Njc4OTpDREVGR0hJSlNUVVZXWFlaY2RlZmdoaWpzdHV2d3h5eoKDhIWGh4iJipKTlJWWl5iZmqKjpKWmp6ipqrKztLW2t7i5usLDxMXGx8jJytLT1NXW19jZ2uLj5OXm5+jp6vLz9PX29/j5+v/aAAwDAQACEQMRAD8A8y8PWDMUwCS/AwPzr6A8E6fFb6aLeNDI8gAOckE4/LvXjHw7mSa/iF3m3jDgAlsb8jt6cA/pXS6z8WYvDuprBZ2/2+xjba8hfkDuFGMZB7557V4NWFWpPlijouktTt/E/iGW48VJ4K0GSytLxYPtN/fXJAS2TICgZ6sSy/TI6dRmeE/E99pni+78G6jrEWou8Rkhu4UVSzLnfGcE4x1654Oa4Xwb44j1X4uW+rQ2jSS3y/Y5FaMY8sEFHbOeQQo4PYdKyfGmraxafFDTtXlsLhYbKRxC7QBRISW6lRg5zjNddGEoRVPyNoqKiptdT27xDFdGHytPQrkfM69c+1ccfACSzi41GVnPLEZ6/wCeT+VcxJ8aNTCrmxtck44Q/wDxVQWnxc1rV9QgtLe1tYpbgZG5S3bPr7elCpyWxo5Um7ydzfm8J24lfYqKu44G3oKKyJvE/iBJnQ/YSVYj/UH/AOKopWkVzUTm9Xt5dGna0STZJb2+G2nkMz4PP+6BXJ6kgkg2t0LAHH1r2KP4jaKJQ8vhHSriWXAZ5EVicDjJIPbFaFr470W4miWPwTojA8YFshb2x8vWnDFSitYfkcMopvc9e8M/DvwzaWwvdGsRp08qiN5ITkkKfu/PnjKg8Yzir2qx6X4U0S51m4D+YkW+R3YyN64UEnHPYcVk+F9W1O4hnV7kRRwyFEUx8nABOfzP5V5l8cdT1a5CWM94PsbEB0XgnPHWvVjJSjzoxmnFuDOA+L8LXuvWmqrCFN6iyMQoXPIIJ98H9K4bwgWi8VaHKq7gJoQR7EgH+dexNq2l6VZW2o61oa6nZzW8UMImOdjKDnB+hFZh8c+CVvYHtvBFpFcRMpR0crtI6HivNnibybjF2N3T5PdbMrU79F1K7Gekrj9TRVa/1/R5764l/siceZIzYE/Ayc/3aKjm8mM5CKYM6gkZ6jmus8Fzu/iXR40USA3UYIPI++OK5W30XU2OY4GbP+wwx+ldR4M0TVrbWorq6jSKCJZXyzY52Ntz+OKqSi9Lijuj6gttS0eQywabqWl3U6sfPEd3GWB6lQufwJP09a87+JOiTXVvLdT7BucLGNwLMx7KPbrXz1quoNatLIuN0nysduOPwqlpMdybj7TY3M0UpJZpIXZSM+4Ir1lTa9xbHM5J+91PSvGN0X+Gvh2GTChGnBz6h8fyry5phHOhUg812/iKyv8A/hCNAtzGWfbJccP0UsQOvXPBrz65tbyJ/ngZceteZCCV1c66t3Z+SNVplLE5PJoqiEmIB2/rRT5TM+19NsLPycfZLf8A79r/AIVn+PbO2j8I6g0dvCrBAQVQAjkUUV5S+NGkfjXqfHXiL/WTDtuNdb4ljS31+ZIEWJPJhO1BtGTGuTxRRX1H/L1ej/Q4Xsdf4K/f+J9Hgm/eQjT2by35XO0c46V1muWNptf/AEWD/v2KKK+er/xf67ndW+JeiOQNrb5P7iL/AL4FFFFIzP/Z\", \"amount\": 7, \"full_price\": \"136.50\", \"product_id\": \"9a747809-b1c9-4f86-a887-d19fe25ff2d1\", \"unit_price\": \"19.50\", \"final_price\": \"136.50\", \"unit_discount\": \"0.00\", \"total_discount\": \"0.00\", \"product_variant_id\": \"9a747874-18fc-4581-80b2-1c3827c4a915\", \"original_unit_price\": \"19.50\"}, {\"id\": \"9a747886-250d-4c9c-b54d-e7377b2d7dd2\", \"sku\": \"W-S001\", \"name\": \"Elegant A-Line Skirt - (Size) S, (Colour) Bright Green\", \"type\": \"product_variant\", \"urls\": null, \"image\": \"/9j/4AAQSkZJRgABAQEAYABgAAD//gA7Q1JFQVRPUjogZ2QtanBlZyB2MS4wICh1c2luZyBJSkcgSlBFRyB2ODApLCBxdWFsaXR5ID0gODAK/9sAQwAGBAUGBQQGBgUGBwcGCAoQCgoJCQoUDg8MEBcUGBgXFBYWGh0lHxobIxwWFiAsICMmJykqKRkfLTAtKDAlKCko/9sAQwEHBwcKCAoTCgoTKBoWGigoKCgoKCgoKCgoKCgoKCgoKCgoKCgoKCgoKCgoKCgoKCgoKCgoKCgoKCgoKCgoKCgo/8AAEQgAMgAyAwEiAAIRAQMRAf/EAB8AAAEFAQEBAQEBAAAAAAAAAAABAgMEBQYHCAkKC//EALUQAAIBAwMCBAMFBQQEAAABfQECAwAEEQUSITFBBhNRYQcicRQygZGhCCNCscEVUtHwJDNicoIJChYXGBkaJSYnKCkqNDU2Nzg5OkNERUZHSElKU1RVVldYWVpjZGVmZ2hpanN0dXZ3eHl6g4SFhoeIiYqSk5SVlpeYmZqio6Slpqeoqaqys7S1tre4ubrCw8TFxsfIycrS09TV1tfY2drh4uPk5ebn6Onq8fLz9PX29/j5+v/EAB8BAAMBAQEBAQEBAQEAAAAAAAABAgMEBQYHCAkKC//EALURAAIBAgQEAwQHBQQEAAECdwABAgMRBAUhMQYSQVEHYXETIjKBCBRCkaGxwQkjM1LwFWJy0QoWJDThJfEXGBkaJicoKSo1Njc4OTpDREVGR0hJSlNUVVZXWFlaY2RlZmdoaWpzdHV2d3h5eoKDhIWGh4iJipKTlJWWl5iZmqKjpKWmp6ipqrKztLW2t7i5usLDxMXGx8jJytLT1NXW19jZ2uLj5OXm5+jp6vLz9PX29/j5+v/aAAwDAQACEQMRAD8A+k7T7orQiHfNZ1qflFUfEsVrd2Zhvo0eFPn+Y4AP50Uoc8kjOtVVKLkzYvbBJ8vGQkvXd61z+paWk4KTH7NdH7sinCv/APXrjdT0GwSP/R5JLbPKtFdTRforVxev6RqVrHi313UELfMgluEdfw3813f2bKSvFnAs1pp2kmjofEWiX1vdJHd+YUZsBySRj2NW9LgNvp8UT8Fc/wA6840rW/F9jqEMd7ry3NkXAePMbkr+GcGvTDOHOc9a5a2GnQtzdTvo4mGIXudCbBoqPzBRWBsegi5S3tHmkOERSx/CuYv9RRzELyVYwym4lZjgKMgBf1P/AHzTvE14wsYLWP707jdj+6K4vWb5p5tbaOOCZYpI7MCY/IQib2/8elI/CvYwGH9xTfU8HMsReo6a2X5sng1M6x4hvvLnSW2iYRR+Wcrj61zHxC1BbfxjArvtjS3I56dq2fh9abN8v2WO2DNu2RklfrXH+PLM6v4wSJWIJfbx+Fery2dl0PKi1zO5NZkanoWp6gLC3hsoZIolcRgPOxcbiT2AGOnc+1dHpl75lpEd2TtwT9OK0/EGnwaT4AezgULHGinHvkHNcPoN2N1xCDyjhsemRz+oavOzGPPS5l0Z6uVztVce6O3FyMdaKxhNx1orwz6Cx6Dc232meO43sxjHEfr9DXn+pW58O6Iw1qdDeSzTXMgjbKszuSME47YFd7az8DmsXxzZxX+lh5FB2cHNdcMxqUIbXSOKWV0cTU1dmxPBDrLoqTqVbcucqQRXKaFCNS+IU7HlbYFm9iTxXC6lf3GlyE6bcS20qjG6JypI9DjqK9X+A2jFvDs2taqxuL3UHLF27KvAGB+NbwzqEk246mNXhypTfuzTRa8fSrJpEkG4BXwD+deX2kLQavPcIf3ciBWGe4JP9TXq3j2CxKsPK5Ho7D+teVtKPMOOmaitmcatJ04RLw+UTw1RVJyv6G0Lk4HNFZgm4FFeZc9Wx6xaHim69zod5n/nnRRTqfAyaX8Rep89awSbl8mvo/4UgD4faVgY/dH/ANCNFFcNM9nEbI5vx2Tubk968xY/MaKK2pbM48T0JAeBRRRWpzH/2Q==\", \"amount\": 6, \"full_price\": \"173.94\", \"product_id\": \"9a74780d-d674-4712-aaa2-87e907ee492c\", \"unit_price\": \"28.99\", \"final_price\": \"173.94\", \"unit_discount\": \"0.00\", \"total_discount\": \"0.00\", \"product_variant_id\": \"9a74786e-b131-4c9c-9ad1-9bdc4c0b387d\", \"original_unit_price\": \"28.99\"}, {\"id\": \"9a747886-620b-47b9-9d1c-6ec11fbf0880\", \"sku\": \"W-S003\", \"name\": \"Floral Midi Skirt - (Size) XL\", \"type\": \"product_variant\", \"urls\": null, \"image\": \"/9j/4AAQSkZJRgABAQEAYABgAAD//gA7Q1JFQVRPUjogZ2QtanBlZyB2MS4wICh1c2luZyBJSkcgSlBFRyB2ODApLCBxdWFsaXR5ID0gODAK/9sAQwAGBAUGBQQGBgUGBwcGCAoQCgoJCQoUDg8MEBcUGBgXFBYWGh0lHxobIxwWFiAsICMmJykqKRkfLTAtKDAlKCko/9sAQwEHBwcKCAoTCgoTKBoWGigoKCgoKCgoKCgoKCgoKCgoKCgoKCgoKCgoKCgoKCgoKCgoKCgoKCgoKCgoKCgoKCgo/8AAEQgAMgAyAwEiAAIRAQMRAf/EAB8AAAEFAQEBAQEBAAAAAAAAAAABAgMEBQYHCAkKC//EALUQAAIBAwMCBAMFBQQEAAABfQECAwAEEQUSITFBBhNRYQcicRQygZGhCCNCscEVUtHwJDNicoIJChYXGBkaJSYnKCkqNDU2Nzg5OkNERUZHSElKU1RVVldYWVpjZGVmZ2hpanN0dXZ3eHl6g4SFhoeIiYqSk5SVlpeYmZqio6Slpqeoqaqys7S1tre4ubrCw8TFxsfIycrS09TV1tfY2drh4uPk5ebn6Onq8fLz9PX29/j5+v/EAB8BAAMBAQEBAQEBAQEAAAAAAAABAgMEBQYHCAkKC//EALURAAIBAgQEAwQHBQQEAAECdwABAgMRBAUhMQYSQVEHYXETIjKBCBRCkaGxwQkjM1LwFWJy0QoWJDThJfEXGBkaJicoKSo1Njc4OTpDREVGR0hJSlNUVVZXWFlaY2RlZmdoaWpzdHV2d3h5eoKDhIWGh4iJipKTlJWWl5iZmqKjpKWmp6ipqrKztLW2t7i5usLDxMXGx8jJytLT1NXW19jZ2uLj5OXm5+jp6vLz9PX29/j5+v/aAAwDAQACEQMRAD8A+qayfFuq/wBheFtX1UAM1nayzqp6MyqSB+JwK1q89+O0oHw+mtWSR1vLmCFhG207Q4c/N24QjPvSbsrsaV3Y8RPxM8XCCaddemnjjkW2WVIkCIG37pJlKgq6jBx90YGalX4keK2Eso8RHY0kdqJ08t4IUIAMzjblWzg4Py/MRxxXERWV3BrP9k6rDLFqKRzSySROCxRmV98h6SDGV2/7OeaS2Y6rewWmoNNYahOlxLctHCo+VpY5VllQcMCCBjjG3Paua73v/wAN3N7dLf12Pqb4MeKLvxV4TlutSkjku4rqSNmjYMNpwyjIA6BscgHiu9rw79nvWo7zXdetvtEclzLEk0qpEI8lXYCTA4O9ZE544VR2r3GuiN7amEt9AoooqhBXjH7U90yeBLKxRZSbu8wSgJACxu3zAfw5wD6Zz2r2evD/ANqJ7WDTfDVzqF5JbWsN25byvvsSoUbR3xncR6CplsOO54hZxrN5aWrf2OLq3hkQXVwSbvyxjbE56B/NI2njHbtUEshitbm3lnNjPmTcLmQ5kjjwGhhlHUEYTb7e2KfYKqme2t5UudHtQ8KTsQWvmGySO3AIDL0IGMZ447VW0COYx2EU0kK6ZZBxdXkiKYolk2SCEqT8v7wMpxjOccYrl6tv+v8Ag+R0eSPcvga8Vl4yu4jZ/wBnnUIWmtrb5XURBYjlXA45IyvTPr1r3qvmX4ATy3Xji2+zaNBYWcEU2SXAlCuoZVKn5iOQc9+O+a+mq3pK0bGNTV3CiiitSAr59/az1JtOi8MskkIYreMscsHm72AiHA7EBicnj65r6Crwr9pewur2+8LtY6Wb+ZGmU4x8sbbPMHI2jKgjJ6EioqNKLuXBXkjxm+lZ5Uur5Z724K/bY7+ytwirNuXblTjeFAPTPUjHeqULQyWQW6tBqNhePNO7W8ggm8uNWA80cAEt82Ovy9O1NtlazmsmuXuo7qXzrXTLdo8JaOzgK28H51AGD1PTg961nFHFpRe/3rpWlyrMti8ZJnd1AbEnPB5Yeue3WuVK39f11+Ru9f6/r/M9V+C+o3T+PPDSXA82S6jlNxNPbiF0kW3I8tP7wGD27E/T6er5b+EGnahJ8RPDurak2oTSO8kkSI2+CGN7ZgN3fcFIBboSeuev1JW9C3LoZVb82oUUUVsZBTZY0ljaOVFdGGGVhkEehFFFDApJoulI0LJplirQf6oiBAY+c/LxxzzxU0VhZxTyzxWluk0rbpJFjAZzjGSccnAAoorMtksEENuhS3ijiQnJVFCjPrxUlFFaEBRRRQB//9k=\", \"amount\": 9, \"full_price\": \"206.91\", \"product_id\": \"9a747811-89af-4477-b351-11ee1cfd0b9b\", \"unit_price\": \"22.99\", \"final_price\": \"206.91\", \"unit_discount\": \"0.00\", \"total_discount\": \"0.00\", \"product_variant_id\": \"9a747874-94f5-4084-bf81-4e1c50af4451\", \"original_unit_price\": \"22.99\"}, {\"id\": \"9a747885-fadb-4f36-b0f8-1884f01a4861\", \"sku\": \"W-TR001\", \"name\": \"Classic Dress Trousers - (Size) XS\", \"type\": \"product_variant\", \"urls\": null, \"image\": \"/9j/4AAQSkZJRgABAQEAYABgAAD//gA7Q1JFQVRPUjogZ2QtanBlZyB2MS4wICh1c2luZyBJSkcgSlBFRyB2ODApLCBxdWFsaXR5ID0gODAK/9sAQwAGBAUGBQQGBgUGBwcGCAoQCgoJCQoUDg8MEBcUGBgXFBYWGh0lHxobIxwWFiAsICMmJykqKRkfLTAtKDAlKCko/9sAQwEHBwcKCAoTCgoTKBoWGigoKCgoKCgoKCgoKCgoKCgoKCgoKCgoKCgoKCgoKCgoKCgoKCgoKCgoKCgoKCgoKCgo/8AAEQgAMgAyAwEiAAIRAQMRAf/EAB8AAAEFAQEBAQEBAAAAAAAAAAABAgMEBQYHCAkKC//EALUQAAIBAwMCBAMFBQQEAAABfQECAwAEEQUSITFBBhNRYQcicRQygZGhCCNCscEVUtHwJDNicoIJChYXGBkaJSYnKCkqNDU2Nzg5OkNERUZHSElKU1RVVldYWVpjZGVmZ2hpanN0dXZ3eHl6g4SFhoeIiYqSk5SVlpeYmZqio6Slpqeoqaqys7S1tre4ubrCw8TFxsfIycrS09TV1tfY2drh4uPk5ebn6Onq8fLz9PX29/j5+v/EAB8BAAMBAQEBAQEBAQEAAAAAAAABAgMEBQYHCAkKC//EALURAAIBAgQEAwQHBQQEAAECdwABAgMRBAUhMQYSQVEHYXETIjKBCBRCkaGxwQkjM1LwFWJy0QoWJDThJfEXGBkaJicoKSo1Njc4OTpDREVGR0hJSlNUVVZXWFlaY2RlZmdoaWpzdHV2d3h5eoKDhIWGh4iJipKTlJWWl5iZmqKjpKWmp6ipqrKztLW2t7i5usLDxMXGx8jJytLT1NXW19jZ2uLj5OXm5+jp6vLz9PX29/j5+v/aAAwDAQACEQMRAD8A7yGOrZUiNivUDIpkK1YkU+RJjOdpxjr0qgPlXw54JvfEujC6tYpWmmuDI0gXdwq8dSPvMzd/4a7jRvgpq2oQzB5XRgdhRkjXPH97zD7dj1r0n4U6RZ213dabptzcJbW8CIqE7grEbmPPqWP4YrqNNk1CLVNT01Z4Umgfh87i5KKRwR8o6dz3+tQ8RNN8rsmdKwsLWmrtepzXhb+0n8OWa65az2upRKYp0mTaSykruHYg4zkcc1ZuE4rbuoHhPlSvvdOCdxPPU8nnrmsu4Wne+pzySi7Io7T6UVPtooEbUNXIhVCFxV2JxVMDP8OWtvpfjR4rVDHFPbB9u4kBtzZwD0HTgcVn2jNH8TNbYHh/LfGf9gD+lP1iSS08SWl7AzF/IZNpPykZ/wDrj8qpWVyz/EHUYwwO+CN246EKB/7MKwlud1O/Ld9jpbnLszHqTms64WtKUiqFxg1qcJV2e1FTgCigCeKBverkUDe9XRo98p+Xy2/GrUFlfxn5rZHHtIKsRzmu26wxQ3MzBVjJXLHA+Yf4gVznhW1e88X3moQjfbXUW6KVehUEDH1+WtL412viO48L2lp4d068N3Jdxsz2/wA+FUE4OOnzBeTxVL4D6hd3Oqaro+p6VLaPaKJId8bKUGcFWzxn5hjHoazcbu50wqWg0/M7RtMkPrUEmjO3Y1362a/3akFip/hFWcx5z/YsnoaK9G+wL/doo0AorUsdFFAEh6VNB1oooGWUqVaKKTAdRRRSA//Z\", \"amount\": 5, \"full_price\": \"149.95\", \"product_id\": \"9a747818-5355-407e-b0c3-a0b1f5b8086a\", \"unit_price\": \"29.99\", \"final_price\": \"149.95\", \"unit_discount\": \"0.00\", \"total_discount\": \"0.00\", \"product_variant_id\": \"9a747874-f5b9-4695-81e0-6cc76585d468\", \"original_unit_price\": \"29.99\"}, {\"id\": \"9a747886-1b56-4c19-b2c9-cfd63c4962b9\", \"sku\": \"W-TR003\", \"name\": \"Sporty Track Pants - (Size) XL\", \"type\": \"product_variant\", \"urls\": null, \"image\": \"/9j/4AAQSkZJRgABAQEAYABgAAD//gA7Q1JFQVRPUjogZ2QtanBlZyB2MS4wICh1c2luZyBJSkcgSlBFRyB2ODApLCBxdWFsaXR5ID0gODAK/9sAQwAGBAUGBQQGBgUGBwcGCAoQCgoJCQoUDg8MEBcUGBgXFBYWGh0lHxobIxwWFiAsICMmJykqKRkfLTAtKDAlKCko/9sAQwEHBwcKCAoTCgoTKBoWGigoKCgoKCgoKCgoKCgoKCgoKCgoKCgoKCgoKCgoKCgoKCgoKCgoKCgoKCgoKCgoKCgo/8AAEQgAMgAyAwEiAAIRAQMRAf/EAB8AAAEFAQEBAQEBAAAAAAAAAAABAgMEBQYHCAkKC//EALUQAAIBAwMCBAMFBQQEAAABfQECAwAEEQUSITFBBhNRYQcicRQygZGhCCNCscEVUtHwJDNicoIJChYXGBkaJSYnKCkqNDU2Nzg5OkNERUZHSElKU1RVVldYWVpjZGVmZ2hpanN0dXZ3eHl6g4SFhoeIiYqSk5SVlpeYmZqio6Slpqeoqaqys7S1tre4ubrCw8TFxsfIycrS09TV1tfY2drh4uPk5ebn6Onq8fLz9PX29/j5+v/EAB8BAAMBAQEBAQEBAQEAAAAAAAABAgMEBQYHCAkKC//EALURAAIBAgQEAwQHBQQEAAECdwABAgMRBAUhMQYSQVEHYXETIjKBCBRCkaGxwQkjM1LwFWJy0QoWJDThJfEXGBkaJicoKSo1Njc4OTpDREVGR0hJSlNUVVZXWFlaY2RlZmdoaWpzdHV2d3h5eoKDhIWGh4iJipKTlJWWl5iZmqKjpKWmp6ipqrKztLW2t7i5usLDxMXGx8jJytLT1NXW19jZ2uLj5OXm5+jp6vLz9PX29/j5+v/aAAwDAQACEQMRAD8A3LGDpxW1bwDHSqlgnA4rat06cUizlPEtzqem+INDms7R7mzecRSRohYsWDKex5AYEe4HrmptD8Pavpeu6/LqFmq2k0iSrcCVdiqqBQuMDknJ6D6V6f4UuVjultNis0yyMob1G3/GqPxVlmj0F4LURBj+9baTkhCGIx3GAaxUHzOSZ0e0XKqbRyssAqpND7VpxHzbWGTBBZASD24qCRc1rcx20M7yKKu+WPSimA2wHArYtx0rIsegrYg7UEmT4p8Wy+GjbtaTRQzorMTIoIKsQO/+7Xn178UdZ1bUbeS8uLFrGKTbKY4sZj3YIHJ5Irf+Ltup06CbaNxV0JP5/wCNeNeB41vdU0LT5EAAv1LqBjK7t38jXXThD2e3czcnzH0uoYQJ5nDkZb6nrVaXrV246VQlPNca0Nr31EyKKi3e1FMQ2xkQAc1sQSJxzV230UKB8lX49KAH3adibnnfxXUP4SeWPG6KQN+BBH8yK8T+GDNN4/0RigGckn3VG/8Aia+i/ibpLSeB9U8pMvGiy49QrAn9Aa8K+DWnlvHNrPMypBaQSsXdgvJG3GDzn5q6YNKk7kPV6HvM8ikVnzyDnFX7ma15CSq3+7zWfJ8+RGrn8K5bGiZB5g9aKd9nn/55t+VFFh3PVUAx0FSY4ooqzMyvFChvD+phgCDaygg9/kNfOvgy2gHxUnUQxbfso42DH36KKr7I49T6Gs7S2SJdtvCvHZAKmMUY6RoPwFFFQIi2L/dX8qKKKAP/2Q==\", \"amount\": 2, \"full_price\": \"45.98\", \"product_id\": \"9a74781b-ba63-4202-92e7-d594c03b5ed8\", \"unit_price\": \"22.99\", \"final_price\": \"45.98\", \"unit_discount\": \"0.00\", \"total_discount\": \"0.00\", \"product_variant_id\": \"9a747875-458c-4d59-b1ac-6f9f02043d07\", \"original_unit_price\": \"22.99\"}, {\"id\": \"9a747886-12ce-4011-8c75-5606441b7cfe\", \"sku\": \"W-SN002\", \"name\": \"Sporty Running Sneakers - (Size) 10, (Colour) Bright Green\", \"type\": \"product_variant\", \"urls\": null, \"image\": \"/9j/4AAQSkZJRgABAQEAYABgAAD//gA7Q1JFQVRPUjogZ2QtanBlZyB2MS4wICh1c2luZyBJSkcgSlBFRyB2ODApLCBxdWFsaXR5ID0gODAK/9sAQwAGBAUGBQQGBgUGBwcGCAoQCgoJCQoUDg8MEBcUGBgXFBYWGh0lHxobIxwWFiAsICMmJykqKRkfLTAtKDAlKCko/9sAQwEHBwcKCAoTCgoTKBoWGigoKCgoKCgoKCgoKCgoKCgoKCgoKCgoKCgoKCgoKCgoKCgoKCgoKCgoKCgoKCgoKCgo/8AAEQgAMgAyAwEiAAIRAQMRAf/EAB8AAAEFAQEBAQEBAAAAAAAAAAABAgMEBQYHCAkKC//EALUQAAIBAwMCBAMFBQQEAAABfQECAwAEEQUSITFBBhNRYQcicRQygZGhCCNCscEVUtHwJDNicoIJChYXGBkaJSYnKCkqNDU2Nzg5OkNERUZHSElKU1RVVldYWVpjZGVmZ2hpanN0dXZ3eHl6g4SFhoeIiYqSk5SVlpeYmZqio6Slpqeoqaqys7S1tre4ubrCw8TFxsfIycrS09TV1tfY2drh4uPk5ebn6Onq8fLz9PX29/j5+v/EAB8BAAMBAQEBAQEBAQEAAAAAAAABAgMEBQYHCAkKC//EALURAAIBAgQEAwQHBQQEAAECdwABAgMRBAUhMQYSQVEHYXETIjKBCBRCkaGxwQkjM1LwFWJy0QoWJDThJfEXGBkaJicoKSo1Njc4OTpDREVGR0hJSlNUVVZXWFlaY2RlZmdoaWpzdHV2d3h5eoKDhIWGh4iJipKTlJWWl5iZmqKjpKWmp6ipqrKztLW2t7i5usLDxMXGx8jJytLT1NXW19jZ2uLj5OXm5+jp6vLz9PX29/j5+v/aAAwDAQACEQMRAD8AzbSJV4hiye7Ma0YLRdwdHAfvSRnzB7U+7Y2Gn3F4cBYY2kyemQOAfqcD8a8tJyaiup7cmoRcn0MHxNJYXlrNamWZ5g6xKY49ymQsFC5yOcn3r2GIW/h7wzbq5EccEIHPGMCvnPXPG7fa9O0/T5Vi03TfJmhGwHfcBVMjv/eO/djOeOPet/XPGep+LbGH7QkcEIHKw5w59ee3tXTisOo2jDZdTkweJc25VN3sjH+IOvzeJdQb5iLVD8i+vvVbwnYxSHawbcPQVLFpplYfLzXceHNEjgiV5I9r+o4zWLajHlRuk5y5mQroNttH7qLp/dFFdJ9ig/uCisuY25UV1sA5DQMEJ6qelcf8UdXNlpZ0kyrvIWScp1ORlU/I7j/wH0ru9OdM4dWTPQueDXlnj/wlrWo+JJ5bWGedZWG0bDtC4AyGHHbkHB9j1rqwjipuUumxx41ScFGPV6nm+hWFxq96LW3Xofmb+6K9m0jw/cx2kUaxgBFCgtyeBTvDng+LwnYfadQuImunG6THQYGcD2HrXK3Wu+Ib/wAS2tzphuI7BpfKVuiEDG78hXQqUsQ9HaP5s5XWjhlqry3a7I9Et9GS2xLfTRRJ6uwUfrW7YT2k8bLZ3EM4TG4IwO30rxy8ur2fV5Had5ImbBLFmBH1xxXUfDqKWXVbm7j3fZo4zBuHR3JVjj6AD/voVdfL40qbm5aozw2ZyrVVBR0Z6HtHofzoqPy5PQ/nRXkntkNqFGAJTGfpnNa0UcZQbwsmO5rk7SeULhZlI9CORV+K/uIeh8wUyTlfijqC215FaywObSWMA7W2cgk4z7+nfFYFhd6rrdrFpOlReXZw5AGfljB65Pv19ep9a9GvLm0v1AvLXJXjp+mD1HtzTreaOGIR6fAUA6kpsA/T+VejTx7p0lBLVHlVctVSs6jej3MbQvh9ZxBZNZuJrnuYY28pD7HGW/IiusAsbGJYrSO3toIxtSKIYVR/MnuSeTWduLZaZS/1fAqrc3TqCEghA+ua5amIqVdJM7qWGp0dYIvnUIMn95RWF9quf7sH/fNFYWN7kKn5EPerFqxy3J6UUU2CLkHzDLcn3qVycdaKKQzMu3bzFG449M0rE7aKKYikWOTyfzooopiP/9k=\", \"amount\": 7, \"full_price\": \"202.65\", \"product_id\": \"9a747824-1d85-4967-aa32-7c06af994493\", \"unit_price\": \"28.95\", \"final_price\": \"202.65\", \"unit_discount\": \"0.00\", \"total_discount\": \"0.00\", \"product_variant_id\": \"9a74786f-1aa8-4d2e-a6fe-7a884c1e74b1\", \"original_unit_price\": \"28.95\"}, {\"id\": \"9a747885-f3d2-46c6-a9f5-59068ad04cf3\", \"sku\": \"W-BO001\", \"name\": \"Classic Ankle Boots - (Size) 9, (Colour) Midnight Blue\", \"type\": \"product_variant\", \"urls\": null, \"image\": \"/9j/4AAQSkZJRgABAQEAYABgAAD//gA7Q1JFQVRPUjogZ2QtanBlZyB2MS4wICh1c2luZyBJSkcgSlBFRyB2ODApLCBxdWFsaXR5ID0gODAK/9sAQwAGBAUGBQQGBgUGBwcGCAoQCgoJCQoUDg8MEBcUGBgXFBYWGh0lHxobIxwWFiAsICMmJykqKRkfLTAtKDAlKCko/9sAQwEHBwcKCAoTCgoTKBoWGigoKCgoKCgoKCgoKCgoKCgoKCgoKCgoKCgoKCgoKCgoKCgoKCgoKCgoKCgoKCgoKCgo/8AAEQgAMgAyAwEiAAIRAQMRAf/EAB8AAAEFAQEBAQEBAAAAAAAAAAABAgMEBQYHCAkKC//EALUQAAIBAwMCBAMFBQQEAAABfQECAwAEEQUSITFBBhNRYQcicRQygZGhCCNCscEVUtHwJDNicoIJChYXGBkaJSYnKCkqNDU2Nzg5OkNERUZHSElKU1RVVldYWVpjZGVmZ2hpanN0dXZ3eHl6g4SFhoeIiYqSk5SVlpeYmZqio6Slpqeoqaqys7S1tre4ubrCw8TFxsfIycrS09TV1tfY2drh4uPk5ebn6Onq8fLz9PX29/j5+v/EAB8BAAMBAQEBAQEBAQEAAAAAAAABAgMEBQYHCAkKC//EALURAAIBAgQEAwQHBQQEAAECdwABAgMRBAUhMQYSQVEHYXETIjKBCBRCkaGxwQkjM1LwFWJy0QoWJDThJfEXGBkaJicoKSo1Njc4OTpDREVGR0hJSlNUVVZXWFlaY2RlZmdoaWpzdHV2d3h5eoKDhIWGh4iJipKTlJWWl5iZmqKjpKWmp6ipqrKztLW2t7i5usLDxMXGx8jJytLT1NXW19jZ2uLj5OXm5+jp6vLz9PX29/j5+v/aAAwDAQACEQMRAD8A9Hs7c8VrwWxx0qaytMAZFakUGO1fHKLkfWV8Tdnyn4ztvsXxB8Z2BHEhjuh+Kgk/+RKwPDT4Yc967P4z+XB8Y7lEwGuNOUP9QpP8kFcDoblZWHoa+kpa0437I86i7yZ1+q3eLVgWzxW/8GLcyWWszjo0yJn6An/2auB1e4OwjPavY/gTYZ8CTTEfNNeSNn2Cqv8ASuXHO1Fno0JqnNM1TbcmiugNlyeKK8XmPY+toh1f4oeDdB1aXTdS1cR3cJ2yqkEkgQ+hKqRn27Vi698e/B2nWrNpb3Wq3GPljihaJc/7TOBgfQGvHPjV8N9d0TxFqutpbtd6ReXMlz58ILeTvYsVkHUYz16e/avKa92jg6Timnc+MnVk3qdfqXiS78X/ABFXWNQVYpbqdF8uP7saABQoz7Dn15pNHIa5lC5+8az/AAjas95LeEfJbIce8jAhR/M/hXQ6Rpz2l1KJByDz9a7GklZG2FT1ZV1PJYg19FfAJA3w2gwQSLiUEDtznn8Dn8a+edXxJcFQdq/xH0r079nbX2tfEl3ocjH7NfR+ZCpP3ZEH9VBz/uiuTFQ56bR21NFc9yNuMniitExjNFeL7Ij2zNNrYMhDD5SOc14n8Q/DvwuspJrnUYLV7w5Pk2R2lm99pAH413vx3l1uL4c3i+GrO4u7uZ1jlW3QtIsXJYgDnsB34Jr5B0/xHBZ3Dpqun5lDHPmKVI9sV9EsOo6o82lVi/jdjrtMtItQ1NX0+xSx0yJ90UKjr7k9z71e1k22nWrecp8zn5h/F71lRfEHSYogIoHQ46Dp/Kud1HWL7xfqcOn6NZz3VxMdscMQyWP+Hr0+ta8j2On29OPUytU1QzSkQgLGD949M/411nwPmaT4m6EoLEmYjPT+E1yV74P8VWmoNb33h7VEcZAxauysQf4SBg/hXp3wG8D+JofiTpF7e6Lf2ljbO7yzXEBiUDYwH3gM5JA4qvZxtY5auMnN2WiPqv7OfSitfYvpRXJ9UiR9YZFqPFjNj+4a+UviPY2kt5O8lrA78/M0YJoorqe5NL4WeMrDF9vC+Um3eRjaMV9efs8aZYWuiXFxbWVrDO7bXkjiVWYDoCQMmiirZkevkDPQUY5oopCCiiigR//Z\", \"amount\": 10, \"full_price\": \"279.50\", \"product_id\": \"9a74782c-e18a-4cbe-ac40-3290e193835b\", \"unit_price\": \"27.95\", \"final_price\": \"279.50\", \"unit_discount\": \"0.00\", \"total_discount\": \"0.00\", \"product_variant_id\": \"9a74786c-182a-4a39-8b63-7080d1a1437f\", \"original_unit_price\": \"27.95\"}, {\"id\": \"9a747885-eb94-494e-807c-34224e1d25dc\", \"sku\": \"W-BO003\", \"name\": \"Fashion Knee-High Boots - (Size) 8\", \"type\": \"product_variant\", \"urls\": null, \"image\": \"/9j/4AAQSkZJRgABAQEAYABgAAD//gA7Q1JFQVRPUjogZ2QtanBlZyB2MS4wICh1c2luZyBJSkcgSlBFRyB2ODApLCBxdWFsaXR5ID0gODAK/9sAQwAGBAUGBQQGBgUGBwcGCAoQCgoJCQoUDg8MEBcUGBgXFBYWGh0lHxobIxwWFiAsICMmJykqKRkfLTAtKDAlKCko/9sAQwEHBwcKCAoTCgoTKBoWGigoKCgoKCgoKCgoKCgoKCgoKCgoKCgoKCgoKCgoKCgoKCgoKCgoKCgoKCgoKCgoKCgo/8AAEQgAMgAyAwEiAAIRAQMRAf/EAB8AAAEFAQEBAQEBAAAAAAAAAAABAgMEBQYHCAkKC//EALUQAAIBAwMCBAMFBQQEAAABfQECAwAEEQUSITFBBhNRYQcicRQygZGhCCNCscEVUtHwJDNicoIJChYXGBkaJSYnKCkqNDU2Nzg5OkNERUZHSElKU1RVVldYWVpjZGVmZ2hpanN0dXZ3eHl6g4SFhoeIiYqSk5SVlpeYmZqio6Slpqeoqaqys7S1tre4ubrCw8TFxsfIycrS09TV1tfY2drh4uPk5ebn6Onq8fLz9PX29/j5+v/EAB8BAAMBAQEBAQEBAQEAAAAAAAABAgMEBQYHCAkKC//EALURAAIBAgQEAwQHBQQEAAECdwABAgMRBAUhMQYSQVEHYXETIjKBCBRCkaGxwQkjM1LwFWJy0QoWJDThJfEXGBkaJicoKSo1Njc4OTpDREVGR0hJSlNUVVZXWFlaY2RlZmdoaWpzdHV2d3h5eoKDhIWGh4iJipKTlJWWl5iZmqKjpKWmp6ipqrKztLW2t7i5usLDxMXGx8jJytLT1NXW19jZ2uLj5OXm5+jp6vLz9PX29/j5+v/aAAwDAQACEQMRAD8A+qaCQoJPAHJoqC+z9huNuc+W2MfSgD518a/GnxNpWuQW9imniGQbirQkkc+u6vZPh/4jvfEFvcG/jgR4ljYGEEA7t3Yk/wB2vkn4gHd4otz1Hlhv1FfUPweUfYLx/VYl/Rj/AFrKLbZ6FelCNK6Wp6FRRRWp54UUUUAFBGRg9KKKAPiD4lwm28YRwYwYgYiPcPg/yr6e+DHOg3jdxMqflGh/9mr52+N0Qg+JU4X+KeRvxLk/1r6J+DB26FfRk/P9oVz9DEg/9lNZR+I9Ku70bnoNFFFanmhRRRQAUUUUAfFHxB1SLXPEV1eo2JjIz4I+6Sc4r2j4L+JY0e3WZgI71Ehdiekg+7+ZJH1YVxnw0+H2meJfGfxE0vV1kH2a6xbTRuQ0LeZICR2PQcHisO+03U/hl4hm0rWFaewmO6GaMELIv95fQ+o6g/gTlZp3PSU4VI+zPr6ivE/DHxVvpWhtoom1pRgYgtpGnx7lQQT74Hv617YOlaJ3OCdNwdmFFFFMgKKKKAAAAkgDJpskaSgCRFcDkBhmiigBVUKMKAB6CloooAKKKKAP/9k=\", \"amount\": 3, \"full_price\": \"89.97\", \"product_id\": \"9a747830-7ee3-4148-866d-a8c603645d29\", \"unit_price\": \"29.99\", \"final_price\": \"89.97\", \"unit_discount\": \"0.00\", \"total_discount\": \"0.00\", \"product_variant_id\": \"9a747876-9747-4dc6-ab7e-9e675181d999\", \"original_unit_price\": \"29.99\"}, {\"id\": \"9a747886-4204-4cb5-b1b0-2002568e3e10\", \"sku\": \"M-LO001\", \"name\": \"Classic Leather Loafers - (Size) 9, (Colour) Dark Gray\", \"type\": \"product_variant\", \"urls\": null, \"image\": \"/9j/4AAQSkZJRgABAQEAYABgAAD//gA7Q1JFQVRPUjogZ2QtanBlZyB2MS4wICh1c2luZyBJSkcgSlBFRyB2ODApLCBxdWFsaXR5ID0gODAK/9sAQwAGBAUGBQQGBgUGBwcGCAoQCgoJCQoUDg8MEBcUGBgXFBYWGh0lHxobIxwWFiAsICMmJykqKRkfLTAtKDAlKCko/9sAQwEHBwcKCAoTCgoTKBoWGigoKCgoKCgoKCgoKCgoKCgoKCgoKCgoKCgoKCgoKCgoKCgoKCgoKCgoKCgoKCgoKCgo/8AAEQgAMgAyAwEiAAIRAQMRAf/EAB8AAAEFAQEBAQEBAAAAAAAAAAABAgMEBQYHCAkKC//EALUQAAIBAwMCBAMFBQQEAAABfQECAwAEEQUSITFBBhNRYQcicRQygZGhCCNCscEVUtHwJDNicoIJChYXGBkaJSYnKCkqNDU2Nzg5OkNERUZHSElKU1RVVldYWVpjZGVmZ2hpanN0dXZ3eHl6g4SFhoeIiYqSk5SVlpeYmZqio6Slpqeoqaqys7S1tre4ubrCw8TFxsfIycrS09TV1tfY2drh4uPk5ebn6Onq8fLz9PX29/j5+v/EAB8BAAMBAQEBAQEBAQEAAAAAAAABAgMEBQYHCAkKC//EALURAAIBAgQEAwQHBQQEAAECdwABAgMRBAUhMQYSQVEHYXETIjKBCBRCkaGxwQkjM1LwFWJy0QoWJDThJfEXGBkaJicoKSo1Njc4OTpDREVGR0hJSlNUVVZXWFlaY2RlZmdoaWpzdHV2d3h5eoKDhIWGh4iJipKTlJWWl5iZmqKjpKWmp6ipqrKztLW2t7i5usLDxMXGx8jJytLT1NXW19jZ2uLj5OXm5+jp6vLz9PX29/j5+v/aAAwDAQACEQMRAD8A1YTaqOY8H6f/AF6laazx0wR7GogXIztcfVRTXV2zw3/fsVwKJ6N0R3F1Bn5WYfRBWdcXkSqTlz+Ap+sTJp1hLd3W9IYxydgzknAH51wi+MLeeYLcxvbo/CSZDJ9GOODWkYXVyHPWx0Nxfxk/xflWfLfRnOVJ/AVKbO4uEDxDcjDIZcEEfWq82l3QBOCPriq5ULmIftUX90/kKKj/ALPuPainyi5j1CaYW0Ek1zNFHDGNzMxwAK4Bvi3ptvqLW11YXUUYOFlG1gR2bHHH50vj/XUu/DVxAiyA70ZiRwQGHv8ASvKHjgukVJvmUfdIPK/T29qqnSUldkTqNOx7H4l1GPxd4auINGmt7j7sgMRO9cHPzIQGA/CvI7HVNX8MawtwI2jkU4YModHHQgg8EH3re8AP/Y/iWC4jiimCqRl+cZGOB617Gtvo3iGPydUhhWUjiRhjP/Ah/WtI05xjdLQiUot76nPeC9U0XV5TLZ20entNHmS1hY7BJn5nRScAYA+UdOa6d9GeUExSxsK5+X4W3ul3bXHhvUrXymO77LdhtoPqrKMg/hXQeHNH1wXobWUt4UiztMc+8Pxj0B/Oi9KUNNGg/eKWuqK58PTZ++v50V2f9nr/AH0/M0VzcxtY8z1TwxNNGwRAyn+HFed634NntXaWCKSI9cAfKa9y+1N1Ea474NNllSTho0I9KUakkXKmnufNsV01hcj7UktvMp4ccA/0NddpXjQRRhZjFKP7wbafy5r1O60vSrtCtxp8D56kgVkTeBvDMxy+kR/8BYj+tdUMU0c8sPfqXPh14vl1DVEs4nD2u0kox3FeO3oK9N8yKQDeq1wXh/TdO8PRMmk2UdsrHLYOSfqSc1pvq7L1/pWNSftJXSsaQjyKzZ1gWDH8P60Vx51lv8kUVnZllVQNx4qF/wDWGiis0asZk5PJqNZH80je2PrRRVIhjZJH/vt+dRmRznLsfxooq0QyLcfU0UUUxn//2Q==\", \"amount\": 8, \"full_price\": \"239.92\", \"product_id\": \"9a747837-fd5e-4cf2-85b4-63a666a3436a\", \"unit_price\": \"29.99\", \"final_price\": \"239.92\", \"unit_discount\": \"0.00\", \"total_discount\": \"0.00\", \"product_variant_id\": \"9a747870-204f-4afe-b2f0-5a862ddcb266\", \"original_unit_price\": \"29.99\"}, {\"id\": \"9a747886-4f50-42ee-b365-bac4613cf5e0\", \"sku\": \"M-BO001\", \"name\": \"Classic Leather Boots - (Size) 8\", \"type\": \"product_variant\", \"urls\": null, \"image\": \"/9j/4AAQSkZJRgABAQEAYABgAAD//gA7Q1JFQVRPUjogZ2QtanBlZyB2MS4wICh1c2luZyBJSkcgSlBFRyB2ODApLCBxdWFsaXR5ID0gODAK/9sAQwAGBAUGBQQGBgUGBwcGCAoQCgoJCQoUDg8MEBcUGBgXFBYWGh0lHxobIxwWFiAsICMmJykqKRkfLTAtKDAlKCko/9sAQwEHBwcKCAoTCgoTKBoWGigoKCgoKCgoKCgoKCgoKCgoKCgoKCgoKCgoKCgoKCgoKCgoKCgoKCgoKCgoKCgoKCgo/8AAEQgAMgAyAwEiAAIRAQMRAf/EAB8AAAEFAQEBAQEBAAAAAAAAAAABAgMEBQYHCAkKC//EALUQAAIBAwMCBAMFBQQEAAABfQECAwAEEQUSITFBBhNRYQcicRQygZGhCCNCscEVUtHwJDNicoIJChYXGBkaJSYnKCkqNDU2Nzg5OkNERUZHSElKU1RVVldYWVpjZGVmZ2hpanN0dXZ3eHl6g4SFhoeIiYqSk5SVlpeYmZqio6Slpqeoqaqys7S1tre4ubrCw8TFxsfIycrS09TV1tfY2drh4uPk5ebn6Onq8fLz9PX29/j5+v/EAB8BAAMBAQEBAQEBAQEAAAAAAAABAgMEBQYHCAkKC//EALURAAIBAgQEAwQHBQQEAAECdwABAgMRBAUhMQYSQVEHYXETIjKBCBRCkaGxwQkjM1LwFWJy0QoWJDThJfEXGBkaJicoKSo1Njc4OTpDREVGR0hJSlNUVVZXWFlaY2RlZmdoaWpzdHV2d3h5eoKDhIWGh4iJipKTlJWWl5iZmqKjpKWmp6ipqrKztLW2t7i5usLDxMXGx8jJytLT1NXW19jZ2uLj5OXm5+jp6vLz9PX29/j5+v/aAAwDAQACEQMRAD8A8NstGe7dRGuyQjKlGJBrovD/AIamMxj1GEDb0OOeteo6XoVvGiBYxnoCB0rpoh4Z0wQRa1eFr6SNpxAijIRQTyT9DWDqnSqaONsPDgQ+RNZrJA6/eI6HHrVXUdBtQ/lMpjWEblHXdV+++JSaTrs9re6TE9hFIU/cyMH2Z4YE8E4wegqTxPr3hHTGtrrV9YuPJu4Eure3tbZmllibOCS2FXoR1OCDWak3qjSdJw3R5jqkZDyMyjk/eH1rFd/lbaDnOa7nUfiF4QkCpZ+EpbiyKjLT37JKG7/dGPT9au+GtF8OePI7248M2t3ZXVgqyTWMsgl3oc5ZGwCcEcgjv17VrGdtzB0pLU4FPMKKdvUf3aK9XXwY20Yhlxj+7/8AWoqvaIOQ6/QNKgnQx3VzNHIp3CSAeUT/AENcF+0JZRaRp+j6gG86RpXtnDMAzxMuSBj0x17Z969E0G+06ecLZ3UsUmcGKdHQg/RgK8q/ahmbf4djadHQLOdg4IP7vn9P51lHcq7uVvhlJo3iTW7R9bdZikXkFZ14mZeFLe5TGPdW9K1v2ifCtvp3gnR5rG3l8vTZzBC65YLbyAttZjk/K4AGezeua8R8P6gtneRucgqwIPoa+ovAvjiz1TRxY649vNE67GEnIYHswNZSl7OZ3um61PmTufJdpOqnZKfk6jIyAf8ACvoP4PeJ/BWkzWV3Ar6dq6w+TMyf6ucYGQcj1wexyPSk8Z/Bjw9qMk154X1q205my32eaQNFn0B6r+v0r5/vYrjStQntJmQywSGNijZUkHGQe4rbSqtDm/hO09UfcI1/w8wDLe4B5AEg4/SiviYavdgACWT8zRUezn3L/wBnPphdfu0t7eWCQS7iQMEOvB4xjO3/AIFj2HavMfiuPFPjHVLCOW0s7mS2DRwmwBy4OM7icZ+6OeB1q/pmuxW7O11GLvPygSYIVfQAgj866vSPiBbWUii1sY7dOmIiF/UDOPbNbKMo7HLKcGjyWT4UeL7ZYmawjeRxuMSTKWX2Pao7zw54n0mPF9o+rwIOrrbM4/MHFfQNv44W6O6MQAnse1RXOrai0xk0zUI7FGGGQQCUN7/MSB+Ap8k5bolVVD4ZNHzjZXMJukTyLy5nJAAf5R9Co5P/AH0K948MeCPBM1ja/wBuaffXl/OqtseEQrFxnAUNk/7zEk4HNa9jIrS+beJp09wRhpRZiNiPqp4NX5XjBBhZkwcjDGhwn0QvaQesmZ5+GvgdiSnh2HaeRmabOPwNFaS3R2jc5J7naOf0oqPZ1R89I+byTnqanhY7upooroMTUgZsL8x/Out8OSO0DhnYgdMmiinDcmWxtW7NnqfzrSRjs6n86KK0IJwTgc0UUUgP/9k=\", \"amount\": 7, \"full_price\": \"195.93\", \"product_id\": \"9a747842-6a35-4a29-9cc8-3e6ab4c8d128\", \"unit_price\": \"27.99\", \"final_price\": \"195.93\", \"unit_discount\": \"0.00\", \"total_discount\": \"0.00\", \"product_variant_id\": \"9a747878-0b45-490f-8dff-35c5a247d589\", \"original_unit_price\": \"27.99\"}, {\"id\": \"9a747886-37d0-4b5e-a08a-9028571b5f51\", \"sku\": \"M-BO003\", \"name\": \"Outdoor Hiking Boots - (Size) 10, (Colour) Midnight Blue\", \"type\": \"product_variant\", \"urls\": null, \"image\": \"/9j/4AAQSkZJRgABAQEAYABgAAD//gA7Q1JFQVRPUjogZ2QtanBlZyB2MS4wICh1c2luZyBJSkcgSlBFRyB2ODApLCBxdWFsaXR5ID0gODAK/9sAQwAGBAUGBQQGBgUGBwcGCAoQCgoJCQoUDg8MEBcUGBgXFBYWGh0lHxobIxwWFiAsICMmJykqKRkfLTAtKDAlKCko/9sAQwEHBwcKCAoTCgoTKBoWGigoKCgoKCgoKCgoKCgoKCgoKCgoKCgoKCgoKCgoKCgoKCgoKCgoKCgoKCgoKCgoKCgo/8AAEQgAMgAyAwEiAAIRAQMRAf/EAB8AAAEFAQEBAQEBAAAAAAAAAAABAgMEBQYHCAkKC//EALUQAAIBAwMCBAMFBQQEAAABfQECAwAEEQUSITFBBhNRYQcicRQygZGhCCNCscEVUtHwJDNicoIJChYXGBkaJSYnKCkqNDU2Nzg5OkNERUZHSElKU1RVVldYWVpjZGVmZ2hpanN0dXZ3eHl6g4SFhoeIiYqSk5SVlpeYmZqio6Slpqeoqaqys7S1tre4ubrCw8TFxsfIycrS09TV1tfY2drh4uPk5ebn6Onq8fLz9PX29/j5+v/EAB8BAAMBAQEBAQEBAQEAAAAAAAABAgMEBQYHCAkKC//EALURAAIBAgQEAwQHBQQEAAECdwABAgMRBAUhMQYSQVEHYXETIjKBCBRCkaGxwQkjM1LwFWJy0QoWJDThJfEXGBkaJicoKSo1Njc4OTpDREVGR0hJSlNUVVZXWFlaY2RlZmdoaWpzdHV2d3h5eoKDhIWGh4iJipKTlJWWl5iZmqKjpKWmp6ipqrKztLW2t7i5usLDxMXGx8jJytLT1NXW19jZ2uLj5OXm5+jp6vLz9PX29/j5+v/aAAwDAQACEQMRAD8A+qa4P4meLr3wpfaI9usDWErSNeBhmQopT7nboW6+1d5Xzt8VdTbxH4huhAd1lADaRkHrgncw+rEj6AVMnZDSuev+BvHWkeMrOefTGdPJ271lwDhs4PB9jW/p2pWWoozWNzHMFJDBTypBxyOo5Br5Wjjh0fTYLWCJVRUO4YyTxknOR+fvXb/AyPf46nmgY+UNNxIAwIzvGAevr7dKiNRt2KcbHvtFFFakBRRRQByHxO1qXSNAWK1dori+c28cw42HaW4PrgHH4+lfPOnxymO1aRdssYKtnOcgkGvdPjP4k8P6J4ejtvEMVxcNdNut4rfAkDJg7wSRjBI+ucYIzXgfhjXxrom81VW5gxuCjAZT0P5isqqdrouDszQ1ETMrHINsU2nkrg/3iR7V1Pwo1EWvjXTpGjEUdzFJa4BBwTtKg8Z6oK55YkkjNvJKQXOQckAc8dKxxJLpmoJdW0lxHdRyEwyoxyCDwcAn9fes6epU2fXtFfFc/wAS/HKXzC78RXySLkbRhRn6AYz+FeifCr41a1c+JLHRvE/lXdveSLBHchAkkbMcLuxwQSQOme+a6LmR9IUUUUwPmb9qSxux4v0q9Me60ksxEhI43q7Fh+TL+deQ+Gr9tK1dZxxGfkmTGDtPX+XH0r7r1XS7DV7Q2uqWdveW5OfLnjDrn1we/vXLj4W+CQXP/CPWhL9SSxP4c8fhSsB4ZcXtpBYx3jXMX2eTiOXrk+n14qjNd2V+sfl3sQkAI5cxk5+uPSvV/FXwmSGKd/CscL2sxBl0q5bEZ45MbnO09ODx7ivIPEPw/wBT0u4kihs9UtHHIie2e4ib/dkjDAjkdefWsvZpO6L529Gc54ti02S8BtGJvlUbwpDI3tuz1rsvgP4AvNe8RWOu3cEsGlafIs6vIpXzpFIKqvqAQCT7Y71y+heBPF3iG8gt7XS7pIWcBp5YDHEozySxA/Ic19p28YhgjiGMIoUYGBwPStIqysS3cfRRRVCCiiigAooooAKKKKACiiigD//Z\", \"amount\": 7, \"full_price\": \"209.93\", \"product_id\": \"9a747845-b20e-487e-9f86-7b4e736ba01a\", \"unit_price\": \"29.99\", \"final_price\": \"209.93\", \"unit_discount\": \"0.00\", \"total_discount\": \"0.00\", \"product_variant_id\": \"9a747870-022d-4fec-b3c7-73621bc5bcb7\", \"original_unit_price\": \"29.99\"}, {\"id\": \"9a747886-2dc7-4146-ac1e-0cce05b0596e\", \"sku\": \"M-SN002\", \"name\": \"Classic Canvas Sneakers - (Size) 8\", \"type\": \"product_variant\", \"urls\": null, \"image\": \"/9j/4AAQSkZJRgABAQEAYABgAAD//gA7Q1JFQVRPUjogZ2QtanBlZyB2MS4wICh1c2luZyBJSkcgSlBFRyB2ODApLCBxdWFsaXR5ID0gODAK/9sAQwAGBAUGBQQGBgUGBwcGCAoQCgoJCQoUDg8MEBcUGBgXFBYWGh0lHxobIxwWFiAsICMmJykqKRkfLTAtKDAlKCko/9sAQwEHBwcKCAoTCgoTKBoWGigoKCgoKCgoKCgoKCgoKCgoKCgoKCgoKCgoKCgoKCgoKCgoKCgoKCgoKCgoKCgoKCgo/8AAEQgAMgAyAwEiAAIRAQMRAf/EAB8AAAEFAQEBAQEBAAAAAAAAAAABAgMEBQYHCAkKC//EALUQAAIBAwMCBAMFBQQEAAABfQECAwAEEQUSITFBBhNRYQcicRQygZGhCCNCscEVUtHwJDNicoIJChYXGBkaJSYnKCkqNDU2Nzg5OkNERUZHSElKU1RVVldYWVpjZGVmZ2hpanN0dXZ3eHl6g4SFhoeIiYqSk5SVlpeYmZqio6Slpqeoqaqys7S1tre4ubrCw8TFxsfIycrS09TV1tfY2drh4uPk5ebn6Onq8fLz9PX29/j5+v/EAB8BAAMBAQEBAQEBAQEAAAAAAAABAgMEBQYHCAkKC//EALURAAIBAgQEAwQHBQQEAAECdwABAgMRBAUhMQYSQVEHYXETIjKBCBRCkaGxwQkjM1LwFWJy0QoWJDThJfEXGBkaJicoKSo1Njc4OTpDREVGR0hJSlNUVVZXWFlaY2RlZmdoaWpzdHV2d3h5eoKDhIWGh4iJipKTlJWWl5iZmqKjpKWmp6ipqrKztLW2t7i5usLDxMXGx8jJytLT1NXW19jZ2uLj5OXm5+jp6vLz9PX29/j5+v/aAAwDAQACEQMRAD8AwwaX61LYW7Xt7BbR/fmkWNfqTis+81nTn1Y2mmw3JiU+X5srqd7Z6gADA9ufrWaTZs2kWqt6ypgW0httNbeAvmSNLtaXcATgHjAzgY680hspUjZ5sRIozlv4vYetGpLHrepR6qs5gtlj8u7Ksy5WNBncFyQNo6Acn1zkXBJvUicmtiC7hNvJtYqSRnAOSPY+9Vz0qvqLy2ery21vbC4tlcKr26ngEAjIGcnBHv2NTtnOCCCKU48rHCXMgyaKTJoqCzQ0m+bR5v7XFuLhbJlfyy23eScAZ7dz+FcZNrMH2hZ9OtbaOSVix+Ynyz6Zb+ld1Z2UGt+HL7S7a4ji1iRt8Ucp2iZQBwp/vAjP+eK+lfDpJvDs0d3C0Woqh27jjDjoD6jP861i0kZSu2YemajObFI7i4WeWST3dm5wFHGM8n/PFdFobJIl/p6OI7m/i22zZwpnGdik9gckZ96890WPUDKttBMYHyySIRgqM84OOv410Vzp9zpdtCjzCQkbldRjaeuPwqp9xQ7G5d+KNCWGCPUVu9IvogEms/IZAHHB6LkjPqap3t1FfKNQttzQSyuglwQshAU5GR1wwB9wT3r0bw/8SNO1XToodUu4LXUowBNFdEKkhHG9SeOfSuP+JnieDWtTsrbT5o57e1QlpImyhZscA9DgDt61LaaHG6Zgb6KqBzjv+VFZmo6dFcAMDkcgjjB9q9J+GuoSanp11a6hdvPcW75Bk5ZoSOme5BB5PPNecE063ubqyuUubCYwXKdGHIPsR3FCYmrnSeItNjmubqaRIG3uWQROFAxkKPyx9aw7zUNOtbBbe+nhjuHUExp8xDY68ZrJ8T3aa8FOrWk0E6knz7IgqxPdkP8AQ5rjbrTY43/cakHX0lidG/LBrZTT0Zk4tbHWxGG6iVyoIPY9qnSNV6AD6ViaA06o/nlmBwAT7cVuA5ArJ76Gi2HUUZ9qKBlgAbRSyAZ6dqKKkYxwMdBVWVV5+UflRRTQhIQMdBU0YGelFFAEoUY6CiiimB//2Q==\", \"amount\": 8, \"full_price\": \"180.00\", \"product_id\": \"9a747849-2324-4c87-8812-df0d42b72937\", \"unit_price\": \"22.50\", \"final_price\": \"180.00\", \"unit_discount\": \"0.00\", \"total_discount\": \"0.00\", \"product_variant_id\": \"9a747878-8637-47bc-bdf9-c8c431eddc90\", \"original_unit_price\": \"22.50\"}, {\"id\": \"9a747885-e2b3-4d38-b078-d21490b96ff7\", \"sku\": \"W-ER003\", \"name\": \"Statement Tassel Earrings\", \"type\": \"product\", \"urls\": null, \"image\": \"/9j/4AAQSkZJRgABAQEAYABgAAD//gA7Q1JFQVRPUjogZ2QtanBlZyB2MS4wICh1c2luZyBJSkcgSlBFRyB2ODApLCBxdWFsaXR5ID0gODAK/9sAQwAGBAUGBQQGBgUGBwcGCAoQCgoJCQoUDg8MEBcUGBgXFBYWGh0lHxobIxwWFiAsICMmJykqKRkfLTAtKDAlKCko/9sAQwEHBwcKCAoTCgoTKBoWGigoKCgoKCgoKCgoKCgoKCgoKCgoKCgoKCgoKCgoKCgoKCgoKCgoKCgoKCgoKCgoKCgo/8AAEQgAMgAyAwEiAAIRAQMRAf/EAB8AAAEFAQEBAQEBAAAAAAAAAAABAgMEBQYHCAkKC//EALUQAAIBAwMCBAMFBQQEAAABfQECAwAEEQUSITFBBhNRYQcicRQygZGhCCNCscEVUtHwJDNicoIJChYXGBkaJSYnKCkqNDU2Nzg5OkNERUZHSElKU1RVVldYWVpjZGVmZ2hpanN0dXZ3eHl6g4SFhoeIiYqSk5SVlpeYmZqio6Slpqeoqaqys7S1tre4ubrCw8TFxsfIycrS09TV1tfY2drh4uPk5ebn6Onq8fLz9PX29/j5+v/EAB8BAAMBAQEBAQEBAQEAAAAAAAABAgMEBQYHCAkKC//EALURAAIBAgQEAwQHBQQEAAECdwABAgMRBAUhMQYSQVEHYXETIjKBCBRCkaGxwQkjM1LwFWJy0QoWJDThJfEXGBkaJicoKSo1Njc4OTpDREVGR0hJSlNUVVZXWFlaY2RlZmdoaWpzdHV2d3h5eoKDhIWGh4iJipKTlJWWl5iZmqKjpKWmp6ipqrKztLW2t7i5usLDxMXGx8jJytLT1NXW19jZ2uLj5OXm5+jp6vLz9PX29/j5+v/aAAwDAQACEQMRAD8A+qaiuZ1hXJxnGeTgAepPYVLWD46uZLbwxd+SgeWUCFQc4G44ycc8DNITdldm7G29FYgrkA4PUUtVtMuftum2t1gL58SSYBzjcAf61ZoGQRXIlnMajjbuBz2z6eh5x64NT1y+m6lJL491S0MaiIWyKrZOSYyCfb/ltjj+7XUUCTT2Cij86KBhXl3x+8Sjw/oGmKsQllnuwwQkD5UHOD2OWX8+/Q+o187/ALUGoRtrWh2LknyYzcAKSDuLYHPbhTmqgrsip8LPYPhheC+8B6PKrM22Hyju6/KSv9K6ivMv2f71bjwZNbLjFrdMo+hVW789Sa9B1m7Ww0i9vHOFggeU/wDAVJ/pRJa2Cm+aCZ4j4D8Ypq/xhuYlQpE09wiOp4kUglcj1wg/MfU+9V8bfDrUorTxrZXv8X26N3OTtO5gGwD9D+vpivsmnNWIou9/UKKKKg2CvlH9oN5bz4lhWwsULxxqTxkBEJ/VumP5V9XV558Vvh8vjCTSri2McVxbzqs7YGXhJAP1K9QPTP0N05KL1CyejOU/ZzedLvXYWRzAUhbeAdu75uPrhs/5OPQ/ircSW3gDV2hGXeNYgPXe6qf0Jra0DRrDQdNjsdLt0ggTk4HLt3Zj3Jx1q7cQRXMEkFxGksMilXRxkMD2Ioc7z5hQioqyPhvw9DKkFy6/NIZflC8Mc4A4HQ89M+3HNfb+mSSTadayzKySvEjOrDBBIGQfevOPh/8ACyz8Pa7qV/qCR3RW4LWO4AhE6hiD/EOnsQTyea9Qp1Jc1kJQUW2uoUUUVmUFFFFABRRRQAUUUUAJRRRQB//Z\", \"amount\": 7, \"full_price\": \"174.93\", \"product_id\": \"9a747855-3cdd-4ee0-b980-992ff94eaa1b\", \"unit_price\": \"24.99\", \"final_price\": \"174.93\", \"unit_discount\": \"0.00\", \"total_discount\": \"0.00\", \"original_unit_price\": \"24.99\"}, {\"id\": \"9a747886-01e1-4401-9084-cefb7be55327\", \"sku\": \"M-BR003\", \"name\": \"Beaded Charm Bracelet\", \"type\": \"product\", \"urls\": null, \"image\": \"/9j/4AAQSkZJRgABAQEAYABgAAD//gA7Q1JFQVRPUjogZ2QtanBlZyB2MS4wICh1c2luZyBJSkcgSlBFRyB2ODApLCBxdWFsaXR5ID0gODAK/9sAQwAGBAUGBQQGBgUGBwcGCAoQCgoJCQoUDg8MEBcUGBgXFBYWGh0lHxobIxwWFiAsICMmJykqKRkfLTAtKDAlKCko/9sAQwEHBwcKCAoTCgoTKBoWGigoKCgoKCgoKCgoKCgoKCgoKCgoKCgoKCgoKCgoKCgoKCgoKCgoKCgoKCgoKCgoKCgo/8AAEQgAMgAyAwEiAAIRAQMRAf/EAB8AAAEFAQEBAQEBAAAAAAAAAAABAgMEBQYHCAkKC//EALUQAAIBAwMCBAMFBQQEAAABfQECAwAEEQUSITFBBhNRYQcicRQygZGhCCNCscEVUtHwJDNicoIJChYXGBkaJSYnKCkqNDU2Nzg5OkNERUZHSElKU1RVVldYWVpjZGVmZ2hpanN0dXZ3eHl6g4SFhoeIiYqSk5SVlpeYmZqio6Slpqeoqaqys7S1tre4ubrCw8TFxsfIycrS09TV1tfY2drh4uPk5ebn6Onq8fLz9PX29/j5+v/EAB8BAAMBAQEBAQEBAQEAAAAAAAABAgMEBQYHCAkKC//EALURAAIBAgQEAwQHBQQEAAECdwABAgMRBAUhMQYSQVEHYXETIjKBCBRCkaGxwQkjM1LwFWJy0QoWJDThJfEXGBkaJicoKSo1Njc4OTpDREVGR0hJSlNUVVZXWFlaY2RlZmdoaWpzdHV2d3h5eoKDhIWGh4iJipKTlJWWl5iZmqKjpKWmp6ipqrKztLW2t7i5usLDxMXGx8jJytLT1NXW19jZ2uLj5OXm5+jp6vLz9PX29/j5+v/aAAwDAQACEQMRAD8A+qaKKKQBRRRQAUUUUAFFFFAHNePPGWneDdLS61DfJNKSsECD5pSMZ57AZGTXi8vjj4neN7nHg+xWz090kQTCMKuexLPkhu3y45rtP2g/Cd74j0O0utM+a808uyRHJEisBuAA/i+UY/GvHfBPxC8c6NpkGn2VpcmD7UY0Eln5jqE+8nqTk4wSDngY6VpFK3mSzvovh18UtRhd9T8ZGB5YY1MS3D4UhgSDtGDwOowSSfxvf8Kx8exLO9t47mE0s0UhcyP8wXOc8c9sduOc9qng74u674i8YX2h6hpMUEYSTcoibdAVP3Wz1zyDkDn8q2/EfxJsvh5pu2az+0NIR5NrEREqjBJOeQBx0A7isZVnGoqZagnHmOb1G1+NHhWHz7e+i1qCPzZHB2yfQAHDHjBA7cjHr13wn+Kv/CU3MWja5Zmz1sBhlfuSlRluDyjcE456de1cRrP7ScIDJpWjAEx43zyFtj4BJ2gDKjJxyM47dKz/AIRWGs+LfiTD4puIpLe0T/SWkCbVdzlBGO3AHJ7dD1rbdakbbH05RRRWZQjorjDqGHoRWDeeD9Bu/NMmmwJJKctJEuxyfXcMGt+igDlIPAml2wxZXGo2wJywjumIY9shsg1l+JPhZpHiO3EGq3+qSxg7gPMQYPqMJXf0UuVXv1Hfoec6T8GPBWnTrL/ZZumWPy1F1IZFVfZTx+ld7p9haadax21hbQ21vGu1I4kCqo9ABVmimIKKKKACiiigAooooAKKKKACiiigD//Z\", \"amount\": 3, \"full_price\": \"74.97\", \"product_id\": \"9a74786a-8a10-4faf-93d8-24010007d01d\", \"unit_price\": \"22.99\", \"final_price\": \"68.97\", \"unit_discount\": \"2.00\", \"total_discount\": \"6.00\", \"original_unit_price\": \"24.99\"}]',NULL,'{\"id\": \"9a7477e8-7807-4398-9376-bb498dad45e4\", \"name\": {\"de\": \"Lokal (kostenlos bis 10 kg)\", \"en\": \"Local (free up to 10kg)\", \"fr\": \"Local (gratuit jusqu&#39;à 10kg)\"}, \"slug\": \"local-small-1\", \"price\": 0, \"enabled\": true, \"created_at\": \"2023-10-25T16:09:45.000000Z\", \"deleted_at\": null, \"updated_at\": \"2023-10-25T16:09:46.000000Z\", \"description\": {\"de\": \"Sie profitieren von einer kostenlosen Lieferung im Umkreis von 5 km ab unserem Lager.\", \"en\": \"You enjoy free delivery within 5km range from our warehouse.\", \"fr\": \"Vous bénéficiez d&#39;une livraison gratuite dans un rayon de 5 km depuis notre entrepôt.\"}, \"enabled_by_default_on_creation\": true}','{\"delivery\": 0, \"subtotal\": 2604.98, \"total_payable\": 2604.98, \"applied_discount\": 6}',1,'tiffany-roberts-russellland',NULL,'2023-10-25 16:11:35','2023-10-25 16:11:35'),('9a74788f-9b11-43b7-940b-0c45c15e56ec','9a7477c8-25ff-4d98-bbe7-890b083f96ce','9a747882-3991-4eba-8f05-406630dd2276','{\"id\": \"9a747881-cd46-40f9-899b-63353fe7ba54\", \"lat\": \"82.270890\", \"lon\": \"-47.616283\", \"name\": null, \"slug\": \"mr-roland-treiber-port-gordonmouth\", \"town\": \"Port Gordonmouth\", \"country\": \"UK\", \"user_id\": \"9a7477c8-25ff-4d98-bbe7-890b083f96ce\", \"post_code\": \"M44 6ZR\", \"created_at\": \"2023-10-25T16:11:26.000000Z\", \"deleted_at\": null, \"updated_at\": \"2023-10-25T16:11:26.000000Z\", \"address_line_1\": \"Studio 23 Miller Burgs\", \"address_line_2\": null, \"google_maps_url\": \"https://www.google.com/maps/@82.270890,-47.616283,14z\"}','{\"amount\": \"1288.05\", \"source\": {\"id\": \"9a747881-d3ea-4ec9-90f1-88dddf910e08\", \"name\": \"sed eaque\", \"slug\": \"treiber-sed-eaque\", \"brand\": \"mastercard\", \"user_id\": \"9a7477c8-25ff-4d98-bbe7-890b083f96ce\", \"exp_year\": \"2025\", \"exp_month\": \"11\", \"last_four\": \"8753\", \"source_id\": \"iut7Y6mFcjIHNtH9SwIpU5Ll6QxwR50yhurj35tdgd1HpVk6HSwB7OjKeMmjOySGNXpXvRaTIN1D8z3sW8714XxzmYg4cNXw5dwrtLjH45pwyN9kcLeRaeNyjpuVBNq4Giwh2Zf9knx68tsPBuC4zB\", \"created_at\": \"2023-10-25T16:11:26.000000Z\", \"deleted_at\": null, \"updated_at\": \"2023-10-25T16:11:26.000000Z\", \"stripe_user_id\": \"dMJTT7kAHCPCJaw4xsDhdXQVEgqrRt29s5yU1kgY9nPa1q087UjiFUfVZPWaQQqnAg6RGYWSRFzLcDkCGCVWhETAfuGseCi3AAmY2K00ix7YCXnpExuabR9N\", \"payment_method_id\": 1}, \"created_at\": \"25-10-2023 16:11\", \"payment_ref\": \"RKG67F2Ekw\"}','[{\"id\": \"9a747886-b2fa-49d3-8582-96f636ce00b9\", \"sku\": \"M-S001\", \"name\": \"Classic Dress Shirt - (Size) XS\", \"type\": \"product_variant\", \"urls\": null, \"image\": \"/9j/4AAQSkZJRgABAQEAYABgAAD//gA7Q1JFQVRPUjogZ2QtanBlZyB2MS4wICh1c2luZyBJSkcgSlBFRyB2ODApLCBxdWFsaXR5ID0gODAK/9sAQwAGBAUGBQQGBgUGBwcGCAoQCgoJCQoUDg8MEBcUGBgXFBYWGh0lHxobIxwWFiAsICMmJykqKRkfLTAtKDAlKCko/9sAQwEHBwcKCAoTCgoTKBoWGigoKCgoKCgoKCgoKCgoKCgoKCgoKCgoKCgoKCgoKCgoKCgoKCgoKCgoKCgoKCgoKCgo/8AAEQgAMgAyAwEiAAIRAQMRAf/EAB8AAAEFAQEBAQEBAAAAAAAAAAABAgMEBQYHCAkKC//EALUQAAIBAwMCBAMFBQQEAAABfQECAwAEEQUSITFBBhNRYQcicRQygZGhCCNCscEVUtHwJDNicoIJChYXGBkaJSYnKCkqNDU2Nzg5OkNERUZHSElKU1RVVldYWVpjZGVmZ2hpanN0dXZ3eHl6g4SFhoeIiYqSk5SVlpeYmZqio6Slpqeoqaqys7S1tre4ubrCw8TFxsfIycrS09TV1tfY2drh4uPk5ebn6Onq8fLz9PX29/j5+v/EAB8BAAMBAQEBAQEBAQEAAAAAAAABAgMEBQYHCAkKC//EALURAAIBAgQEAwQHBQQEAAECdwABAgMRBAUhMQYSQVEHYXETIjKBCBRCkaGxwQkjM1LwFWJy0QoWJDThJfEXGBkaJicoKSo1Njc4OTpDREVGR0hJSlNUVVZXWFlaY2RlZmdoaWpzdHV2d3h5eoKDhIWGh4iJipKTlJWWl5iZmqKjpKWmp6ipqrKztLW2t7i5usLDxMXGx8jJytLT1NXW19jZ2uLj5OXm5+jp6vLz9PX29/j5+v/aAAwDAQACEQMRAD8A41jgcVe8NeH7nxRqhs7dxFGq75JSuQo7ceprMmfanFeufDTT/wCxvCX9oyjbPeMJiT2QfdH5ZP8AwKvnslwH1zEKMl7q1ZeMr+xp3W5b8O/Duy0BXkti09zIMSSTHqOuABwOefWta68IW2p+YmpIlzBLhirDDZHQ5HPT8q6eCdJYwRjJp8hTygHLqAAcoxB/Svu4whTjyRgrWtt0Z4rnJ7yffc8f8W/DlNC0yfUtJuJnih+aS3k+Yhe5B9uvPbPNchBJvUGveDdw3t/c2DMJEEI3oWycNuGD9QK8OvtPfSdWu7B8kwSFAT3XsfxGD+NfF8SZbHDONamrJ7+p6uAxDqXjJ7Bn2opKK+TPRM7w9pTa5r1npwYqsr5dh2QDLfoDXdfGnxLH4f8ADQ0nTjtu7mMRQqh5iQcFvwHA96y/BzxeGbK61u9khE7RgRxE5bY3IGPU4z9MV5xrt1c6/rkl9fsWlnkAA7IueFHsK+6wFeGX4RSi06k/vXr+n/APLxFGdatyzi1GP4+h9XWUflxIPQCrMg3Lj1XH6UyMYWn5yB9BX1T1dzyjxaLWpNI+O1zbTSFbfUII4uegZVJX+bD6mtL4o2Yh120vFGFuoMN7snB/QrXC/Gbzbb4jSXVuds0Kwyxn0IGR+ortfGOqR6zoPh+7DxrKUZjGrZ+8Fyfwx+tfN5vWjicHXhLeEtPv/wCHO/DxdOrBraSOYwKKUDiivz657Rz95JLLBFDJIzRRZ2KTwueuKx70mJd6cMpyDWxJjBrLv1yhBr1qMndXIlqfTnhDXrHxNolvqOm3MU6PGpdUbJifHKMOxB9a1of9WD22ivgy21rVvDuqXh0XUrzT2kbDm2maPcM5AODz1qe48deKrqyls7nxFqs1tKux45Lp2DL6HJ6V+iQxacU2tzxZYN30eh6t8Rtcs/EPjbUG05lkhtdtt5qtkSFRyR7ZJH4ZrpLnVIL7QtOt/KVZoDtUqeibQOfqf5V478PFDwT5/vj+Vej2g2qMV8NnFZqtUiurPaw/7unyI0AeKKZv9qK+esaHPTVn3n3TRRXqUtzNnmfiL/kLT/h/KsxelFFfa0P4cPRHI9zvPh1/qJ/+ug/lXpFv0oor5DOP95kddL4S1iiiivHNT//Z\", \"amount\": 5, \"full_price\": \"144.95\", \"product_id\": \"9a7477f2-28ae-416f-b8ce-8b73a7ff31da\", \"unit_price\": \"28.99\", \"final_price\": \"144.95\", \"unit_discount\": \"0.00\", \"total_discount\": \"0.00\", \"product_variant_id\": \"9a747872-2af4-44e6-b4a0-af65836a3a9b\", \"original_unit_price\": \"28.99\"}, {\"id\": \"9a747886-86ce-440c-8c2d-96975dbe3c9c\", \"sku\": \"M-S003\", \"name\": \"Casual Checkered Shirt - (Size) XL\", \"type\": \"product_variant\", \"urls\": null, \"image\": \"/9j/4AAQSkZJRgABAQEAYABgAAD//gA7Q1JFQVRPUjogZ2QtanBlZyB2MS4wICh1c2luZyBJSkcgSlBFRyB2ODApLCBxdWFsaXR5ID0gODAK/9sAQwAGBAUGBQQGBgUGBwcGCAoQCgoJCQoUDg8MEBcUGBgXFBYWGh0lHxobIxwWFiAsICMmJykqKRkfLTAtKDAlKCko/9sAQwEHBwcKCAoTCgoTKBoWGigoKCgoKCgoKCgoKCgoKCgoKCgoKCgoKCgoKCgoKCgoKCgoKCgoKCgoKCgoKCgoKCgo/8AAEQgAMgAyAwEiAAIRAQMRAf/EAB8AAAEFAQEBAQEBAAAAAAAAAAABAgMEBQYHCAkKC//EALUQAAIBAwMCBAMFBQQEAAABfQECAwAEEQUSITFBBhNRYQcicRQygZGhCCNCscEVUtHwJDNicoIJChYXGBkaJSYnKCkqNDU2Nzg5OkNERUZHSElKU1RVVldYWVpjZGVmZ2hpanN0dXZ3eHl6g4SFhoeIiYqSk5SVlpeYmZqio6Slpqeoqaqys7S1tre4ubrCw8TFxsfIycrS09TV1tfY2drh4uPk5ebn6Onq8fLz9PX29/j5+v/EAB8BAAMBAQEBAQEBAQEAAAAAAAABAgMEBQYHCAkKC//EALURAAIBAgQEAwQHBQQEAAECdwABAgMRBAUhMQYSQVEHYXETIjKBCBRCkaGxwQkjM1LwFWJy0QoWJDThJfEXGBkaJicoKSo1Njc4OTpDREVGR0hJSlNUVVZXWFlaY2RlZmdoaWpzdHV2d3h5eoKDhIWGh4iJipKTlJWWl5iZmqKjpKWmp6ipqrKztLW2t7i5usLDxMXGx8jJytLT1NXW19jZ2uLj5OXm5+jp6vLz9PX29/j5+v/aAAwDAQACEQMRAD8A+qaztX1rT9IQNf3CxkjIUAliPoK0a8O8Ya2s/iO6JBIdmiUFeyg47+w/OqiribI/i94qm8Q6GsOhm4t4oJS+8MQZWGV2so/h59TXHfCjV9V8P6qNV1LzWjdBH9n8w7GViOenX8O3vXTWs7tpblYHI85vu8fx/SqKytDpVkqQybAEGd+f41z2rbkV7GSqSaPbtJ8X6PqU6W8dx5VyxwI5RtJPoD0NdBXzpc3cUt9MjcSQDzBwRg9jkfjXu/hfUhq/h+xvs5aWMb/98cN+oNZSjY0jK6/rsjUoooqBlW/nePTJ5oUZ5REWRFGSTjgV4Ffx3F5qRhRD5sAMhzzgDBPPbhD+dfQkH+pj/wB0fyrL8URR/wBhajLsQTC2cK5Az06Z+tXCViZq+qPDrWe6a0uVEbhN4Iz/AMAJ9O5qtNLdNFpyvEQGIGBz0wR/Krlr9qazuT5akmTjk9Ny/wC1VeRbyOxs22KxGDktz1Xjr+Fb/wDAMrrW3n+SGW8Uv9tvcTRNtuEaMA88ptJx+Egr1/4WyyN4elhljaMwzsqgrt+UgHj8d1VPhP5dxo10ZokM0V02CygkAqoyPrt/Su8rCUr6GsY2MyYt5z8n7xopZv8AWv8A7xopFl+H/Ux/7orE8drI/hS+WIkMdnT03rn9M1uQ/wCqT/dFZPi6Ce58OXsVoheZlGFHU/MCf0zSW4nseJ2aXIs7n7pw6/8AstVZlnTT7MJGq5YHbgD+Jefx61et7adLG4DSxKRJjBQcYKiqxtpv7Ns2eeHAAOQgHAKmun/gHOn+v5I7j4SyyQa7rFpLwssaTKM9CCQR/wCPfrXqNeYfDrS71PFU1+ysbI2zASYwrMWXAB78A16fWE9zan8KM2b/AFr/AO8aKJR+9f8A3jRSLGRSP5SfO33R3p/mP/fb86KKQGRr0EL2ckjRRtISMsVBP51yvhKGKTVSjxIyKXwpUEDnsKKK2Xwv5Gf2vv8AyPQBI4AAdgB70vmP/fb86KKyNDOlkfzX+dup70UUVQH/2Q==\", \"amount\": 1, \"full_price\": \"24.99\", \"product_id\": \"9a7477f5-8cfb-44d7-b099-c3222c1d589b\", \"unit_price\": \"24.99\", \"final_price\": \"24.99\", \"unit_discount\": \"0.00\", \"total_discount\": \"0.00\", \"product_variant_id\": \"9a747872-7643-440c-87b3-e222646f3085\", \"original_unit_price\": \"24.99\"}, {\"id\": \"9a747886-a991-4abc-8e24-54a8edfae946\", \"sku\": \"W-BO003\", \"name\": \"Fashion Knee-High Boots - (Size) 9\", \"type\": \"product_variant\", \"urls\": null, \"image\": \"/9j/4AAQSkZJRgABAQEAYABgAAD//gA7Q1JFQVRPUjogZ2QtanBlZyB2MS4wICh1c2luZyBJSkcgSlBFRyB2ODApLCBxdWFsaXR5ID0gODAK/9sAQwAGBAUGBQQGBgUGBwcGCAoQCgoJCQoUDg8MEBcUGBgXFBYWGh0lHxobIxwWFiAsICMmJykqKRkfLTAtKDAlKCko/9sAQwEHBwcKCAoTCgoTKBoWGigoKCgoKCgoKCgoKCgoKCgoKCgoKCgoKCgoKCgoKCgoKCgoKCgoKCgoKCgoKCgoKCgo/8AAEQgAMgAyAwEiAAIRAQMRAf/EAB8AAAEFAQEBAQEBAAAAAAAAAAABAgMEBQYHCAkKC//EALUQAAIBAwMCBAMFBQQEAAABfQECAwAEEQUSITFBBhNRYQcicRQygZGhCCNCscEVUtHwJDNicoIJChYXGBkaJSYnKCkqNDU2Nzg5OkNERUZHSElKU1RVVldYWVpjZGVmZ2hpanN0dXZ3eHl6g4SFhoeIiYqSk5SVlpeYmZqio6Slpqeoqaqys7S1tre4ubrCw8TFxsfIycrS09TV1tfY2drh4uPk5ebn6Onq8fLz9PX29/j5+v/EAB8BAAMBAQEBAQEBAQEAAAAAAAABAgMEBQYHCAkKC//EALURAAIBAgQEAwQHBQQEAAECdwABAgMRBAUhMQYSQVEHYXETIjKBCBRCkaGxwQkjM1LwFWJy0QoWJDThJfEXGBkaJicoKSo1Njc4OTpDREVGR0hJSlNUVVZXWFlaY2RlZmdoaWpzdHV2d3h5eoKDhIWGh4iJipKTlJWWl5iZmqKjpKWmp6ipqrKztLW2t7i5usLDxMXGx8jJytLT1NXW19jZ2uLj5OXm5+jp6vLz9PX29/j5+v/aAAwDAQACEQMRAD8A+qaCQoJPAHJoqC+z9huNuc+W2MfSgD518a/GnxNpWuQW9imniGQbirQkkc+u6vZPh/4jvfEFvcG/jgR4ljYGEEA7t3Yk/wB2vkn4gHd4otz1Hlhv1FfUPweUfYLx/VYl/Rj/AFrKLbZ6FelCNK6Wp6FRRRWp54UUUUAFBGRg9KKKAPiD4lwm28YRwYwYgYiPcPg/yr6e+DHOg3jdxMqflGh/9mr52+N0Qg+JU4X+KeRvxLk/1r6J+DB26FfRk/P9oVz9DEg/9lNZR+I9Ku70bnoNFFFanmhRRRQAUUUUAfFHxB1SLXPEV1eo2JjIz4I+6Sc4r2j4L+JY0e3WZgI71Ehdiekg+7+ZJH1YVxnw0+H2meJfGfxE0vV1kH2a6xbTRuQ0LeZICR2PQcHisO+03U/hl4hm0rWFaewmO6GaMELIv95fQ+o6g/gTlZp3PSU4VI+zPr6ivE/DHxVvpWhtoom1pRgYgtpGnx7lQQT74Hv617YOlaJ3OCdNwdmFFFFMgKKKKAAAAkgDJpskaSgCRFcDkBhmiigBVUKMKAB6CloooAKKKKAP/9k=\", \"amount\": 10, \"full_price\": \"299.90\", \"product_id\": \"9a747830-7ee3-4148-866d-a8c603645d29\", \"unit_price\": \"29.99\", \"final_price\": \"299.90\", \"unit_discount\": \"0.00\", \"total_discount\": \"0.00\", \"product_variant_id\": \"9a747876-aa11-49e4-a750-5e1697a579fa\", \"original_unit_price\": \"29.99\"}, {\"id\": \"9a747886-8fbb-4395-8c70-411208d83275\", \"sku\": \"W-PS002\", \"name\": \"Chunky Heel Platform Sandals - (Size) 10\", \"type\": \"product_variant\", \"urls\": null, \"image\": \"/9j/4AAQSkZJRgABAQEAYABgAAD//gA7Q1JFQVRPUjogZ2QtanBlZyB2MS4wICh1c2luZyBJSkcgSlBFRyB2ODApLCBxdWFsaXR5ID0gODAK/9sAQwAGBAUGBQQGBgUGBwcGCAoQCgoJCQoUDg8MEBcUGBgXFBYWGh0lHxobIxwWFiAsICMmJykqKRkfLTAtKDAlKCko/9sAQwEHBwcKCAoTCgoTKBoWGigoKCgoKCgoKCgoKCgoKCgoKCgoKCgoKCgoKCgoKCgoKCgoKCgoKCgoKCgoKCgoKCgo/8AAEQgAMgAyAwEiAAIRAQMRAf/EAB8AAAEFAQEBAQEBAAAAAAAAAAABAgMEBQYHCAkKC//EALUQAAIBAwMCBAMFBQQEAAABfQECAwAEEQUSITFBBhNRYQcicRQygZGhCCNCscEVUtHwJDNicoIJChYXGBkaJSYnKCkqNDU2Nzg5OkNERUZHSElKU1RVVldYWVpjZGVmZ2hpanN0dXZ3eHl6g4SFhoeIiYqSk5SVlpeYmZqio6Slpqeoqaqys7S1tre4ubrCw8TFxsfIycrS09TV1tfY2drh4uPk5ebn6Onq8fLz9PX29/j5+v/EAB8BAAMBAQEBAQEBAQEAAAAAAAABAgMEBQYHCAkKC//EALURAAIBAgQEAwQHBQQEAAECdwABAgMRBAUhMQYSQVEHYXETIjKBCBRCkaGxwQkjM1LwFWJy0QoWJDThJfEXGBkaJicoKSo1Njc4OTpDREVGR0hJSlNUVVZXWFlaY2RlZmdoaWpzdHV2d3h5eoKDhIWGh4iJipKTlJWWl5iZmqKjpKWmp6ipqrKztLW2t7i5usLDxMXGx8jJytLT1NXW19jZ2uLj5OXm5+jp6vLz9PX29/j5+v/aAAwDAQACEQMRAD8A91ReatRL0qGMc1aTtQBg2AMl7duennP+QJA/lXY6enl2cK/7Ofz5rk9DHmxs3/PRv5muxX7orOkup0VnokcWkC3evajKSf31wIT9Fwn9K7bGBgdK5XRof+JrOo6C7lP5MTXVmnBbsVV7IZiiloqzE5+Mc1m+JtdsdCsBJf3McDznyoQ7AbnI/p1JrQR68b+MXibRptTm0bUwFurGS2mi3ruDKXRnx6fKSPwpPYcFdnp2k31lZW1l9puoIjKyKoeQAsxIwAO5z2rtWdUjLOQFUZJPavG/Dur6HIu7wjov9oTQEqkyW/kopBycyOBjkk8Z78VvfGbXb/Sfhpe6hpkogvVaEqRhgCZFyORyOopQ00NKju7s2PCOqrqOovLHa3EcM7PNFK4XaysSR0JI4PcCuxJrxjwZrV7p2tWNhqUzl7iBb+3W1hASSKUlmznJGwsRgHsMZ6V6vBfRXUKywOHjYAhh3HWnDTQVTo0Xd1FVPP8AeiqMjESYZr5h+LJNz8XtRKjcF8sEeoEK5H5A19LS20i5KHPtXyz46upD8UdUeKNpZTOYlRRksdmzGPWkI9g03U9V0jX7rwhZNabbdfNtru6lJdoGGUAQD5iv3ScjpTfEjzeKvBuo6HFcl4oJwh1Cd1/fOj7nAUYGFzjj0xjivN/ja8s2raLdzQGKVtPSNg2VIZScj/x4Vw+nTzeZtLts2n5TKWHQjoeO5/OkovdGzqJq0kfQXjH4d3vibwz4ZitNRtPtWmwLEs4zskTaoyCM/wB0fnXUfC7wpeeFLS/hvLiKYXEiugjyduFxjJ/CtfwM6yeENGIAA+yRcAYH3RXQDGKoyHfjRSZooAo1Sa1t5LlZZIInkU5DsgJB+tFFAiHxBplhqFoRf2VrdBOVE0Svj6ZFcvpHhzQxegjRtNBB/wCfVP8ACiioe5a2PQoUVI1VFCqBgADAAqYdBRRVkhRRRQB//9k=\", \"amount\": 7, \"full_price\": \"206.50\", \"product_id\": \"9a747834-63a6-46a1-b33d-abeb1dc773d9\", \"unit_price\": \"29.50\", \"final_price\": \"206.50\", \"unit_discount\": \"0.00\", \"total_discount\": \"0.00\", \"product_variant_id\": \"9a747877-0b6e-4297-af86-8ef034188d6a\", \"original_unit_price\": \"29.50\"}, {\"id\": \"9a747886-a05b-4797-91fd-801fbf44ef41\", \"sku\": \"M-BO001\", \"name\": \"Classic Leather Boots - (Size) 8\", \"type\": \"product_variant\", \"urls\": null, \"image\": \"/9j/4AAQSkZJRgABAQEAYABgAAD//gA7Q1JFQVRPUjogZ2QtanBlZyB2MS4wICh1c2luZyBJSkcgSlBFRyB2ODApLCBxdWFsaXR5ID0gODAK/9sAQwAGBAUGBQQGBgUGBwcGCAoQCgoJCQoUDg8MEBcUGBgXFBYWGh0lHxobIxwWFiAsICMmJykqKRkfLTAtKDAlKCko/9sAQwEHBwcKCAoTCgoTKBoWGigoKCgoKCgoKCgoKCgoKCgoKCgoKCgoKCgoKCgoKCgoKCgoKCgoKCgoKCgoKCgoKCgo/8AAEQgAMgAyAwEiAAIRAQMRAf/EAB8AAAEFAQEBAQEBAAAAAAAAAAABAgMEBQYHCAkKC//EALUQAAIBAwMCBAMFBQQEAAABfQECAwAEEQUSITFBBhNRYQcicRQygZGhCCNCscEVUtHwJDNicoIJChYXGBkaJSYnKCkqNDU2Nzg5OkNERUZHSElKU1RVVldYWVpjZGVmZ2hpanN0dXZ3eHl6g4SFhoeIiYqSk5SVlpeYmZqio6Slpqeoqaqys7S1tre4ubrCw8TFxsfIycrS09TV1tfY2drh4uPk5ebn6Onq8fLz9PX29/j5+v/EAB8BAAMBAQEBAQEBAQEAAAAAAAABAgMEBQYHCAkKC//EALURAAIBAgQEAwQHBQQEAAECdwABAgMRBAUhMQYSQVEHYXETIjKBCBRCkaGxwQkjM1LwFWJy0QoWJDThJfEXGBkaJicoKSo1Njc4OTpDREVGR0hJSlNUVVZXWFlaY2RlZmdoaWpzdHV2d3h5eoKDhIWGh4iJipKTlJWWl5iZmqKjpKWmp6ipqrKztLW2t7i5usLDxMXGx8jJytLT1NXW19jZ2uLj5OXm5+jp6vLz9PX29/j5+v/aAAwDAQACEQMRAD8A8NstGe7dRGuyQjKlGJBrovD/AIamMxj1GEDb0OOeteo6XoVvGiBYxnoCB0rpoh4Z0wQRa1eFr6SNpxAijIRQTyT9DWDqnSqaONsPDgQ+RNZrJA6/eI6HHrVXUdBtQ/lMpjWEblHXdV+++JSaTrs9re6TE9hFIU/cyMH2Z4YE8E4wegqTxPr3hHTGtrrV9YuPJu4Eure3tbZmllibOCS2FXoR1OCDWak3qjSdJw3R5jqkZDyMyjk/eH1rFd/lbaDnOa7nUfiF4QkCpZ+EpbiyKjLT37JKG7/dGPT9au+GtF8OePI7248M2t3ZXVgqyTWMsgl3oc5ZGwCcEcgjv17VrGdtzB0pLU4FPMKKdvUf3aK9XXwY20Yhlxj+7/8AWoqvaIOQ6/QNKgnQx3VzNHIp3CSAeUT/AENcF+0JZRaRp+j6gG86RpXtnDMAzxMuSBj0x17Z969E0G+06ecLZ3UsUmcGKdHQg/RgK8q/ahmbf4djadHQLOdg4IP7vn9P51lHcq7uVvhlJo3iTW7R9bdZikXkFZ14mZeFLe5TGPdW9K1v2ifCtvp3gnR5rG3l8vTZzBC65YLbyAttZjk/K4AGezeua8R8P6gtneRucgqwIPoa+ovAvjiz1TRxY649vNE67GEnIYHswNZSl7OZ3um61PmTufJdpOqnZKfk6jIyAf8ACvoP4PeJ/BWkzWV3Ar6dq6w+TMyf6ucYGQcj1wexyPSk8Z/Bjw9qMk154X1q205my32eaQNFn0B6r+v0r5/vYrjStQntJmQywSGNijZUkHGQe4rbSqtDm/hO09UfcI1/w8wDLe4B5AEg4/SiviYavdgACWT8zRUezn3L/wBnPphdfu0t7eWCQS7iQMEOvB4xjO3/AIFj2HavMfiuPFPjHVLCOW0s7mS2DRwmwBy4OM7icZ+6OeB1q/pmuxW7O11GLvPygSYIVfQAgj866vSPiBbWUii1sY7dOmIiF/UDOPbNbKMo7HLKcGjyWT4UeL7ZYmawjeRxuMSTKWX2Pao7zw54n0mPF9o+rwIOrrbM4/MHFfQNv44W6O6MQAnse1RXOrai0xk0zUI7FGGGQQCUN7/MSB+Ap8k5bolVVD4ZNHzjZXMJukTyLy5nJAAf5R9Co5P/AH0K948MeCPBM1ja/wBuaffXl/OqtseEQrFxnAUNk/7zEk4HNa9jIrS+beJp09wRhpRZiNiPqp4NX5XjBBhZkwcjDGhwn0QvaQesmZ5+GvgdiSnh2HaeRmabOPwNFaS3R2jc5J7naOf0oqPZ1R89I+byTnqanhY7upooroMTUgZsL8x/Out8OSO0DhnYgdMmiinDcmWxtW7NnqfzrSRjs6n86KK0IJwTgc0UUUgP/9k=\", \"amount\": 5, \"full_price\": \"139.95\", \"product_id\": \"9a747842-6a35-4a29-9cc8-3e6ab4c8d128\", \"unit_price\": \"27.99\", \"final_price\": \"139.95\", \"unit_discount\": \"0.00\", \"total_discount\": \"0.00\", \"product_variant_id\": \"9a747878-0b45-490f-8dff-35c5a247d589\", \"original_unit_price\": \"27.99\"}, {\"id\": \"9a747886-7614-4957-a8a4-dd2add1ee2cb\", \"sku\": \"W-ER003\", \"name\": \"Statement Tassel Earrings\", \"type\": \"product\", \"urls\": null, \"image\": \"/9j/4AAQSkZJRgABAQEAYABgAAD//gA7Q1JFQVRPUjogZ2QtanBlZyB2MS4wICh1c2luZyBJSkcgSlBFRyB2ODApLCBxdWFsaXR5ID0gODAK/9sAQwAGBAUGBQQGBgUGBwcGCAoQCgoJCQoUDg8MEBcUGBgXFBYWGh0lHxobIxwWFiAsICMmJykqKRkfLTAtKDAlKCko/9sAQwEHBwcKCAoTCgoTKBoWGigoKCgoKCgoKCgoKCgoKCgoKCgoKCgoKCgoKCgoKCgoKCgoKCgoKCgoKCgoKCgoKCgo/8AAEQgAMgAyAwEiAAIRAQMRAf/EAB8AAAEFAQEBAQEBAAAAAAAAAAABAgMEBQYHCAkKC//EALUQAAIBAwMCBAMFBQQEAAABfQECAwAEEQUSITFBBhNRYQcicRQygZGhCCNCscEVUtHwJDNicoIJChYXGBkaJSYnKCkqNDU2Nzg5OkNERUZHSElKU1RVVldYWVpjZGVmZ2hpanN0dXZ3eHl6g4SFhoeIiYqSk5SVlpeYmZqio6Slpqeoqaqys7S1tre4ubrCw8TFxsfIycrS09TV1tfY2drh4uPk5ebn6Onq8fLz9PX29/j5+v/EAB8BAAMBAQEBAQEBAQEAAAAAAAABAgMEBQYHCAkKC//EALURAAIBAgQEAwQHBQQEAAECdwABAgMRBAUhMQYSQVEHYXETIjKBCBRCkaGxwQkjM1LwFWJy0QoWJDThJfEXGBkaJicoKSo1Njc4OTpDREVGR0hJSlNUVVZXWFlaY2RlZmdoaWpzdHV2d3h5eoKDhIWGh4iJipKTlJWWl5iZmqKjpKWmp6ipqrKztLW2t7i5usLDxMXGx8jJytLT1NXW19jZ2uLj5OXm5+jp6vLz9PX29/j5+v/aAAwDAQACEQMRAD8A+qaiuZ1hXJxnGeTgAepPYVLWD46uZLbwxd+SgeWUCFQc4G44ycc8DNITdldm7G29FYgrkA4PUUtVtMuftum2t1gL58SSYBzjcAf61ZoGQRXIlnMajjbuBz2z6eh5x64NT1y+m6lJL491S0MaiIWyKrZOSYyCfb/ltjj+7XUUCTT2Cij86KBhXl3x+8Sjw/oGmKsQllnuwwQkD5UHOD2OWX8+/Q+o187/ALUGoRtrWh2LknyYzcAKSDuLYHPbhTmqgrsip8LPYPhheC+8B6PKrM22Hyju6/KSv9K6ivMv2f71bjwZNbLjFrdMo+hVW789Sa9B1m7Ww0i9vHOFggeU/wDAVJ/pRJa2Cm+aCZ4j4D8Ypq/xhuYlQpE09wiOp4kUglcj1wg/MfU+9V8bfDrUorTxrZXv8X26N3OTtO5gGwD9D+vpivsmnNWIou9/UKKKKg2CvlH9oN5bz4lhWwsULxxqTxkBEJ/VumP5V9XV558Vvh8vjCTSri2McVxbzqs7YGXhJAP1K9QPTP0N05KL1CyejOU/ZzedLvXYWRzAUhbeAdu75uPrhs/5OPQ/ircSW3gDV2hGXeNYgPXe6qf0Jra0DRrDQdNjsdLt0ggTk4HLt3Zj3Jx1q7cQRXMEkFxGksMilXRxkMD2Ioc7z5hQioqyPhvw9DKkFy6/NIZflC8Mc4A4HQ89M+3HNfb+mSSTadayzKySvEjOrDBBIGQfevOPh/8ACyz8Pa7qV/qCR3RW4LWO4AhE6hiD/EOnsQTyea9Qp1Jc1kJQUW2uoUUUVmUFFFFABRRRQAUUUUAJRRRQB//Z\", \"amount\": 8, \"full_price\": \"199.92\", \"product_id\": \"9a747855-3cdd-4ee0-b980-992ff94eaa1b\", \"unit_price\": \"24.99\", \"final_price\": \"199.92\", \"unit_discount\": \"0.00\", \"total_discount\": \"0.00\", \"original_unit_price\": \"24.99\"}, {\"id\": \"9a747886-7dc9-4429-8f27-1947ec5b120d\", \"sku\": \"M-TI001\", \"name\": \"Classic Silk Tie\", \"type\": \"product\", \"urls\": null, \"image\": \"/9j/4AAQSkZJRgABAQEAYABgAAD//gA7Q1JFQVRPUjogZ2QtanBlZyB2MS4wICh1c2luZyBJSkcgSlBFRyB2ODApLCBxdWFsaXR5ID0gODAK/9sAQwAGBAUGBQQGBgUGBwcGCAoQCgoJCQoUDg8MEBcUGBgXFBYWGh0lHxobIxwWFiAsICMmJykqKRkfLTAtKDAlKCko/9sAQwEHBwcKCAoTCgoTKBoWGigoKCgoKCgoKCgoKCgoKCgoKCgoKCgoKCgoKCgoKCgoKCgoKCgoKCgoKCgoKCgoKCgo/8AAEQgAMgAyAwEiAAIRAQMRAf/EAB8AAAEFAQEBAQEBAAAAAAAAAAABAgMEBQYHCAkKC//EALUQAAIBAwMCBAMFBQQEAAABfQECAwAEEQUSITFBBhNRYQcicRQygZGhCCNCscEVUtHwJDNicoIJChYXGBkaJSYnKCkqNDU2Nzg5OkNERUZHSElKU1RVVldYWVpjZGVmZ2hpanN0dXZ3eHl6g4SFhoeIiYqSk5SVlpeYmZqio6Slpqeoqaqys7S1tre4ubrCw8TFxsfIycrS09TV1tfY2drh4uPk5ebn6Onq8fLz9PX29/j5+v/EAB8BAAMBAQEBAQEBAQEAAAAAAAABAgMEBQYHCAkKC//EALURAAIBAgQEAwQHBQQEAAECdwABAgMRBAUhMQYSQVEHYXETIjKBCBRCkaGxwQkjM1LwFWJy0QoWJDThJfEXGBkaJicoKSo1Njc4OTpDREVGR0hJSlNUVVZXWFlaY2RlZmdoaWpzdHV2d3h5eoKDhIWGh4iJipKTlJWWl5iZmqKjpKWmp6ipqrKztLW2t7i5usLDxMXGx8jJytLT1NXW19jZ2uLj5OXm5+jp6vLz9PX29/j5+v/aAAwDAQACEQMRAD8A2/jv4vv7rxDcaNaXM0Wm2gEckce5UncjLF3BHC8DaSOjHniuJ0nX9Q0W7SCS8mWyUESM07lFZSOOzcg8jr0PA6SfEO7e38R6/K8cTTTalcx8sUdVDDGOm7njGSOB06ChDc6dfWV99jCwbBI6mQhPJUIAR7/M204/hVfSuKtO3vNHXRu/dT3X9eTO8tby+ju5Fubq4X7RGRFM8jFQQdvUnAOTjk9sZzwOO1PxB4mtpDHeXl3JErExrIWCNgnO3nkDBGfcYzmtTwBrNr/wjdtq8arc3IYobWFFhQSIAGlIGeuFwMA5LepqDVnnufDbq07alh0nbbkkR/MrLlgPmHJwDz2PXF0G3U5LX7+RyLEe77OW/l+v9XO2+EnxVxqUejazeSSRSEKj3Em8xEkAYfqVJI4bpnr2r6Br4h0bQ7i90U6i6K1s0rkKIthXGOR2YDAyATjJ9a+pfg14kfxH4JtTdNm/sv8ARbjJJLFR8rZIBORjn1zXdOEIaRlfp8yfaub95Wf5nc0UUVmUfNH7Qvhu3g1hdZ8gGG45kAcgiUY6DBB3YB/AmvEdOvXs7kSzbAkkUiMuDhcuW7Z64C57Z9q+6vFPh2x8Q6XNZahAs0MgwVP8wexr5k8c/BDVbC4uJPD91E9q7bisoPmAenofrgGs5Q5lY1pzULyOJ+GWuNbate6awxbXe2ZSpKskijGUYcKcHqeOMcZr09vP0m4htLlmvThmh/c5Lqg3Ko7tnGAvU5HXg14onh3WvD2t29xJJJFPE/yykZEeeNwHPIzkY5zyK940JbaWMy3UsVxdSgTmNwQQ5Y8gYzn5iNzgMcDgAAnDEJU/eauv1/T+uhjGM51EoddDlNE1Ce7ur7TrC2uIJbp/NjjyBvKkK3yFvlbIJyBnnPGOe++EepSeHvEclnqTmFruVbWSKRNpDgfKwOezErjHIYGvO/E19bX72c0FqkWpwSB5Cx+UYI9MEk7W+oPbinx6y91LBcyWsNq1nKGMMOeGXPO7klvmJz7j0zXTKhUqNVacfk9/l3uKrUjR0k72+7X8rH19RWf4fvG1DQdNvHILXFtHMSOhLKD/AFoqhp3NCqt7arMh4GatUUDPJPHvhWC7hdxEN30rxLRb6+8MeKDaXsziyeRwuSADG+MgE9+Mc+1fXt7Yx3KkMBzXl3xE+FVrr1vvgJhnGcMBkVNWnGrHlkONlJSa2dzybW9Caa1M+jkTWsp3NgFgCQfl55LZB57YORXNT2bxSMyBoWdASyxj5vXgj378571vTeD/ABz4Odn08S3lugIURtkgcnofqfzNFj4wWWRLfWtPjhuQqBlkiK7TkKeCPRc++T35pLFVcPbmV13/AMzWpToT20v+H9fM+ivB2oCHwjocRZspYwKePSNaK4ay1m8gs4IiVBjjVcCJsDAxRWMsXG+pqsFPp+R7XRRRXScgUUUUAQzRoRyin6iuW8T6Tp15bP8Aa7C0nwCR5sKtj8xRRSZRR07QtI/s+1/4ldh/ql/5d09B7UUUVwPc9FH/2Q==\", \"amount\": 9, \"full_price\": \"179.91\", \"product_id\": \"9a74785c-576c-485e-b65b-057aee96b7c1\", \"unit_price\": \"17.99\", \"final_price\": \"161.91\", \"unit_discount\": \"2.00\", \"total_discount\": \"18.00\", \"original_unit_price\": \"19.99\"}, {\"id\": \"9a747886-9670-4c71-b2ed-7ce516d4ccd3\", \"sku\": \"M-BR001\", \"name\": \"Leather Cuff Bracelet\", \"type\": \"product\", \"urls\": null, \"image\": \"/9j/4AAQSkZJRgABAQEAYABgAAD//gA7Q1JFQVRPUjogZ2QtanBlZyB2MS4wICh1c2luZyBJSkcgSlBFRyB2ODApLCBxdWFsaXR5ID0gODAK/9sAQwAGBAUGBQQGBgUGBwcGCAoQCgoJCQoUDg8MEBcUGBgXFBYWGh0lHxobIxwWFiAsICMmJykqKRkfLTAtKDAlKCko/9sAQwEHBwcKCAoTCgoTKBoWGigoKCgoKCgoKCgoKCgoKCgoKCgoKCgoKCgoKCgoKCgoKCgoKCgoKCgoKCgoKCgoKCgo/8AAEQgAMgAyAwEiAAIRAQMRAf/EAB8AAAEFAQEBAQEBAAAAAAAAAAABAgMEBQYHCAkKC//EALUQAAIBAwMCBAMFBQQEAAABfQECAwAEEQUSITFBBhNRYQcicRQygZGhCCNCscEVUtHwJDNicoIJChYXGBkaJSYnKCkqNDU2Nzg5OkNERUZHSElKU1RVVldYWVpjZGVmZ2hpanN0dXZ3eHl6g4SFhoeIiYqSk5SVlpeYmZqio6Slpqeoqaqys7S1tre4ubrCw8TFxsfIycrS09TV1tfY2drh4uPk5ebn6Onq8fLz9PX29/j5+v/EAB8BAAMBAQEBAQEBAQEAAAAAAAABAgMEBQYHCAkKC//EALURAAIBAgQEAwQHBQQEAAECdwABAgMRBAUhMQYSQVEHYXETIjKBCBRCkaGxwQkjM1LwFWJy0QoWJDThJfEXGBkaJicoKSo1Njc4OTpDREVGR0hJSlNUVVZXWFlaY2RlZmdoaWpzdHV2d3h5eoKDhIWGh4iJipKTlJWWl5iZmqKjpKWmp6ipqrKztLW2t7i5usLDxMXGx8jJytLT1NXW19jZ2uLj5OXm5+jp6vLz9PX29/j5+v/aAAwDAQACEQMRAD8A+qa+d1+M+qy/HZNDgMbeHmvhpfk+WNxfds8wN1+/+GO2ea+iK+FPC/Px6sFycf8ACRKf/JigD7rorE8TeKdJ8OW5k1O6VXxlYUIMjfQf1PFeS6t8fJLPUI0g8NvLascZNzh2HqBtwKAPdaKyPCviGy8TaPDqOnmRUcfNHKu1427qw9a16ACiiigBHZURncgKoySewr8/dUv7L/hLr240yW5iumvXngvI2IKkuSOByuOORzxX6BSIsiMjgMjAgg9xX56eP/Dk3hHxtqekTuiNBK7Rtu3Fo+WQ4GcErjg+v40dQO18M6frep3VzPPe5uGjPlvOd+5vUE557Z7ZrrfC8GlQL9sumkmv8FZGuG3MjA4II9iMVozqmqfB3R/FGkusl1p0K2t6UGPMVPlVyPXGAfr/ALNeP3PiN5ryV1Yq0nLY7kcZ/LH5VSYHvehfECx0LXbeVnCWszCK5UHjaeA/1H6ivflIZQVIIPII71+dGqahNO4YMc9DX278D9Zk1z4W6BdXDFp0hNu5PUmNigJ9yFB/Gkw3O6ooopAFfP37Uvw2Gtac3jCwnt7e6023K3SSnb50YPy7T/eGSMHrkDsAfoGsLxz4atvGHhPUdBvZHigvIwvmJ1RgwZW98MoOO9AHxJ8O/iDfeENJ1fS4Y4LvTtUi8uWG4BIRsYLLgjnBI/L0rn7qwkhuZJEBMauVB9s4/lXZeJ/gv4u8O6qLc2D3loXwl3bIXQrnqcDKn2NeyeEfgzNqNij62rWMMnzFc/vcewH3fx59qYHiXhvwXc6jqCQS4EpXeYurBfU+g9zX2D8KfD7+GfBFjp8qlJMvKyH+HcxIH1xitLwx4U0XwzaC30exjhzy0hG6Rz6sx5JrcpXAKKKKACiiigAooooAKKKKACiiigD/2Q==\", \"amount\": 6, \"full_price\": \"113.94\", \"product_id\": \"9a747867-23c5-4a3f-b71e-344103911407\", \"unit_price\": \"16.99\", \"final_price\": \"101.94\", \"unit_discount\": \"2.00\", \"total_discount\": \"12.00\", \"original_unit_price\": \"18.99\"}]',NULL,'{\"id\": \"9a7477e9-bb89-4f55-b993-a5b1192b65d7\", \"name\": {\"de\": \"Standard Small (unter 5 kg)\", \"en\": \"Standard Small (under 5kg)\", \"fr\": \"Standard petit (moins de 5 kg)\"}, \"slug\": \"standard-small-1\", \"price\": 7.99, \"enabled\": true, \"created_at\": \"2023-10-25T16:09:46.000000Z\", \"deleted_at\": null, \"updated_at\": \"2023-10-25T16:09:46.000000Z\", \"description\": {\"de\": \"Zustellung per königlicher Post. (ca. 3-5 Tage)\", \"en\": \"Royal mail delivery. (approximately 3-5 days)\", \"fr\": \"Livraison du courrier royal. (environ 3 à 5 jours)\"}, \"enabled_by_default_on_creation\": true}','{\"delivery\": 7.99, \"subtotal\": 1280.06, \"total_payable\": 1288.05, \"applied_discount\": 22.01}',1,'mr-roland-treiber-port-gordonmouth-1',NULL,'2023-10-25 16:11:35','2023-10-25 16:11:35'),('9a747890-8185-4a9e-a7d6-fccdf620d334','9a7477c6-bbd4-4684-b36d-e261bae399ac','9a747882-3f94-4815-b16b-98827d7ba10d','{\"id\": \"9a747881-b105-4b19-ab55-f1a85dd95b3f\", \"lat\": \"-10.151721\", \"lon\": \"96.881978\", \"name\": null, \"slug\": \"alice-cooper-port-sofia\", \"town\": \"Port Sofia\", \"country\": \"UK\", \"user_id\": \"9a7477c6-bbd4-4684-b36d-e261bae399ac\", \"post_code\": \"L25 2NW\", \"created_at\": \"2023-10-25T16:11:26.000000Z\", \"deleted_at\": null, \"updated_at\": \"2023-10-25T16:11:26.000000Z\", \"address_line_1\": \"67 Eden Pines\", \"address_line_2\": null, \"google_maps_url\": \"https://www.google.com/maps/@-10.151721,96.881978,14z\"}','{\"amount\": \"2065.96\", \"source\": {\"id\": \"9a747881-db39-45b8-9b16-6e49368308c0\", \"name\": \"nulla odit\", \"slug\": \"cooper-nulla-odit\", \"brand\": \"mastercard\", \"user_id\": \"9a7477c6-bbd4-4684-b36d-e261bae399ac\", \"exp_year\": \"2022\", \"exp_month\": \"2\", \"last_four\": \"4950\", \"source_id\": \"CkoLIBfxSHQlx6ZbeJ0YqaWGtq1OWXAOqpTo6G85eNi3SQ0UbvCIVOG75HTbeS57ffjznNOd9bHcSIn39kMKSzSCm52Ndw28MwUtK1xVxlH5ooiVHv3n5JcgmsESXJhJYYYSsCpTGREoaTVbEEU4Dt\", \"created_at\": \"2023-10-25T16:11:26.000000Z\", \"deleted_at\": null, \"updated_at\": \"2023-10-25T16:11:26.000000Z\", \"stripe_user_id\": \"6cTk4gl95vybPXrJlCRfumLn6gzYgW81mldDFIHQqnLy3EANa0wNizMHpqb6GncZb5HZi7wNM6iLqMNNcyk2h4wV0wDj4ydm9xgARpX2JeKtfK4gcQ8iNZCR\", \"payment_method_id\": 3}, \"created_at\": \"25-10-2023 16:11\", \"payment_ref\": \"W9AvScSI87\"}','[{\"id\": \"9a747887-1c1f-4bba-8b60-d36a1d9002ca\", \"sku\": \"M-S001\", \"name\": \"Classic Dress Shirt - (Size) M\", \"type\": \"product_variant\", \"urls\": null, \"image\": \"/9j/4AAQSkZJRgABAQEAYABgAAD//gA7Q1JFQVRPUjogZ2QtanBlZyB2MS4wICh1c2luZyBJSkcgSlBFRyB2ODApLCBxdWFsaXR5ID0gODAK/9sAQwAGBAUGBQQGBgUGBwcGCAoQCgoJCQoUDg8MEBcUGBgXFBYWGh0lHxobIxwWFiAsICMmJykqKRkfLTAtKDAlKCko/9sAQwEHBwcKCAoTCgoTKBoWGigoKCgoKCgoKCgoKCgoKCgoKCgoKCgoKCgoKCgoKCgoKCgoKCgoKCgoKCgoKCgoKCgo/8AAEQgAMgAyAwEiAAIRAQMRAf/EAB8AAAEFAQEBAQEBAAAAAAAAAAABAgMEBQYHCAkKC//EALUQAAIBAwMCBAMFBQQEAAABfQECAwAEEQUSITFBBhNRYQcicRQygZGhCCNCscEVUtHwJDNicoIJChYXGBkaJSYnKCkqNDU2Nzg5OkNERUZHSElKU1RVVldYWVpjZGVmZ2hpanN0dXZ3eHl6g4SFhoeIiYqSk5SVlpeYmZqio6Slpqeoqaqys7S1tre4ubrCw8TFxsfIycrS09TV1tfY2drh4uPk5ebn6Onq8fLz9PX29/j5+v/EAB8BAAMBAQEBAQEBAQEAAAAAAAABAgMEBQYHCAkKC//EALURAAIBAgQEAwQHBQQEAAECdwABAgMRBAUhMQYSQVEHYXETIjKBCBRCkaGxwQkjM1LwFWJy0QoWJDThJfEXGBkaJicoKSo1Njc4OTpDREVGR0hJSlNUVVZXWFlaY2RlZmdoaWpzdHV2d3h5eoKDhIWGh4iJipKTlJWWl5iZmqKjpKWmp6ipqrKztLW2t7i5usLDxMXGx8jJytLT1NXW19jZ2uLj5OXm5+jp6vLz9PX29/j5+v/aAAwDAQACEQMRAD8A41jgcVe8NeH7nxRqhs7dxFGq75JSuQo7ceprMmfanFeufDTT/wCxvCX9oyjbPeMJiT2QfdH5ZP8AwKvnslwH1zEKMl7q1ZeMr+xp3W5b8O/Duy0BXkti09zIMSSTHqOuABwOefWta68IW2p+YmpIlzBLhirDDZHQ5HPT8q6eCdJYwRjJp8hTygHLqAAcoxB/Svu4whTjyRgrWtt0Z4rnJ7yffc8f8W/DlNC0yfUtJuJnih+aS3k+Yhe5B9uvPbPNchBJvUGveDdw3t/c2DMJEEI3oWycNuGD9QK8OvtPfSdWu7B8kwSFAT3XsfxGD+NfF8SZbHDONamrJ7+p6uAxDqXjJ7Bn2opKK+TPRM7w9pTa5r1npwYqsr5dh2QDLfoDXdfGnxLH4f8ADQ0nTjtu7mMRQqh5iQcFvwHA96y/BzxeGbK61u9khE7RgRxE5bY3IGPU4z9MV5xrt1c6/rkl9fsWlnkAA7IueFHsK+6wFeGX4RSi06k/vXr+n/APLxFGdatyzi1GP4+h9XWUflxIPQCrMg3Lj1XH6UyMYWn5yB9BX1T1dzyjxaLWpNI+O1zbTSFbfUII4uegZVJX+bD6mtL4o2Yh120vFGFuoMN7snB/QrXC/Gbzbb4jSXVuds0Kwyxn0IGR+ortfGOqR6zoPh+7DxrKUZjGrZ+8Fyfwx+tfN5vWjicHXhLeEtPv/wCHO/DxdOrBraSOYwKKUDiivz657Rz95JLLBFDJIzRRZ2KTwueuKx70mJd6cMpyDWxJjBrLv1yhBr1qMndXIlqfTnhDXrHxNolvqOm3MU6PGpdUbJifHKMOxB9a1of9WD22ivgy21rVvDuqXh0XUrzT2kbDm2maPcM5AODz1qe48deKrqyls7nxFqs1tKux45Lp2DL6HJ6V+iQxacU2tzxZYN30eh6t8Rtcs/EPjbUG05lkhtdtt5qtkSFRyR7ZJH4ZrpLnVIL7QtOt/KVZoDtUqeibQOfqf5V478PFDwT5/vj+Vej2g2qMV8NnFZqtUiurPaw/7unyI0AeKKZv9qK+esaHPTVn3n3TRRXqUtzNnmfiL/kLT/h/KsxelFFfa0P4cPRHI9zvPh1/qJ/+ug/lXpFv0oor5DOP95kddL4S1iiiivHNT//Z\", \"amount\": 6, \"full_price\": \"173.94\", \"product_id\": \"9a7477f2-28ae-416f-b8ce-8b73a7ff31da\", \"unit_price\": \"28.99\", \"final_price\": \"173.94\", \"unit_discount\": \"0.00\", \"total_discount\": \"0.00\", \"product_variant_id\": \"9a747872-3b08-4042-bf9b-e73d07ded765\", \"original_unit_price\": \"28.99\"}, {\"id\": \"9a747887-135f-4d49-b2de-b3fb66e3a9ed\", \"sku\": \"M-TR001\", \"name\": \"Classic Dress Trousers - (Size) L\", \"type\": \"product_variant\", \"urls\": null, \"image\": \"/9j/4AAQSkZJRgABAQEAYABgAAD//gA7Q1JFQVRPUjogZ2QtanBlZyB2MS4wICh1c2luZyBJSkcgSlBFRyB2ODApLCBxdWFsaXR5ID0gODAK/9sAQwAGBAUGBQQGBgUGBwcGCAoQCgoJCQoUDg8MEBcUGBgXFBYWGh0lHxobIxwWFiAsICMmJykqKRkfLTAtKDAlKCko/9sAQwEHBwcKCAoTCgoTKBoWGigoKCgoKCgoKCgoKCgoKCgoKCgoKCgoKCgoKCgoKCgoKCgoKCgoKCgoKCgoKCgoKCgo/8AAEQgAMgAyAwEiAAIRAQMRAf/EAB8AAAEFAQEBAQEBAAAAAAAAAAABAgMEBQYHCAkKC//EALUQAAIBAwMCBAMFBQQEAAABfQECAwAEEQUSITFBBhNRYQcicRQygZGhCCNCscEVUtHwJDNicoIJChYXGBkaJSYnKCkqNDU2Nzg5OkNERUZHSElKU1RVVldYWVpjZGVmZ2hpanN0dXZ3eHl6g4SFhoeIiYqSk5SVlpeYmZqio6Slpqeoqaqys7S1tre4ubrCw8TFxsfIycrS09TV1tfY2drh4uPk5ebn6Onq8fLz9PX29/j5+v/EAB8BAAMBAQEBAQEBAQEAAAAAAAABAgMEBQYHCAkKC//EALURAAIBAgQEAwQHBQQEAAECdwABAgMRBAUhMQYSQVEHYXETIjKBCBRCkaGxwQkjM1LwFWJy0QoWJDThJfEXGBkaJicoKSo1Njc4OTpDREVGR0hJSlNUVVZXWFlaY2RlZmdoaWpzdHV2d3h5eoKDhIWGh4iJipKTlJWWl5iZmqKjpKWmp6ipqrKztLW2t7i5usLDxMXGx8jJytLT1NXW19jZ2uLj5OXm5+jp6vLz9PX29/j5+v/aAAwDAQACEQMRAD8A+qaKKKAPkj4zePvEA+Ims2ul67qVjZWsogSG2uGjAKqAx+Ujq2a4J/iB4ugdXj8Wa7uBBAa9kYfkTg0/40O8PxQ8Tgcf6a5/M5/rXEsZVcxyhldTgqwwQaLln6OaReDUNJsr0DAuYEmA9Nyg/wBat1k+EU8vwpoqHqtlAP8AyGta1BAUUUUAFFFFAHwp8e49nxZ8SKO9wrfmin+tVvjRpaaL8TdZsY12rG0TAf70KMf1Nbfxht/tnx71G2xkTX9vFj6rGKsftRW/kfFy8kx/r7aCT64Xb/7LSLPsTRE8vRdPT+7bxj8lFXaq6Uc6XZn1hT/0EVapkBRRRQAUUUUAfGnjFftP7UUcOMhtctFP03R5q5+12nl/EqwcD/WaXGfyllH9KL+AzftbpHjpq0cn/fKBv6VZ/bHTb420ST+9p238pX/xpFH1TobbtE09vW3jP/joq7VDQARoOmg9RbRj/wAdFX6ZIUUUUAFFFFAGadB0c6uNVOlaedUHS8+zJ53TH38bunHWnapomlas8b6rpljetH9w3NukhT6bgcUUUhmgoCgBQABwAO1FFFMQUUUUAf/Z\", \"amount\": 10, \"full_price\": \"279.90\", \"product_id\": \"9a7477fc-4813-4a1a-9b3a-b484c1c88d7e\", \"unit_price\": \"27.99\", \"final_price\": \"279.90\", \"unit_discount\": \"0.00\", \"total_discount\": \"0.00\", \"product_variant_id\": \"9a747873-6f8a-4534-aad4-8eb58ae24304\", \"original_unit_price\": \"27.99\"}, {\"id\": \"9a747887-0aa5-4fc9-9947-e7f48adfd0f6\", \"sku\": \"W-P002\", \"name\": \"Sporty Performance Polo - (Size) XL\", \"type\": \"product_variant\", \"urls\": null, \"image\": \"/9j/4AAQSkZJRgABAQEAYABgAAD//gA7Q1JFQVRPUjogZ2QtanBlZyB2MS4wICh1c2luZyBJSkcgSlBFRyB2ODApLCBxdWFsaXR5ID0gODAK/9sAQwAGBAUGBQQGBgUGBwcGCAoQCgoJCQoUDg8MEBcUGBgXFBYWGh0lHxobIxwWFiAsICMmJykqKRkfLTAtKDAlKCko/9sAQwEHBwcKCAoTCgoTKBoWGigoKCgoKCgoKCgoKCgoKCgoKCgoKCgoKCgoKCgoKCgoKCgoKCgoKCgoKCgoKCgoKCgo/8AAEQgAMgAyAwEiAAIRAQMRAf/EAB8AAAEFAQEBAQEBAAAAAAAAAAABAgMEBQYHCAkKC//EALUQAAIBAwMCBAMFBQQEAAABfQECAwAEEQUSITFBBhNRYQcicRQygZGhCCNCscEVUtHwJDNicoIJChYXGBkaJSYnKCkqNDU2Nzg5OkNERUZHSElKU1RVVldYWVpjZGVmZ2hpanN0dXZ3eHl6g4SFhoeIiYqSk5SVlpeYmZqio6Slpqeoqaqys7S1tre4ubrCw8TFxsfIycrS09TV1tfY2drh4uPk5ebn6Onq8fLz9PX29/j5+v/EAB8BAAMBAQEBAQEBAQEAAAAAAAABAgMEBQYHCAkKC//EALURAAIBAgQEAwQHBQQEAAECdwABAgMRBAUhMQYSQVEHYXETIjKBCBRCkaGxwQkjM1LwFWJy0QoWJDThJfEXGBkaJicoKSo1Njc4OTpDREVGR0hJSlNUVVZXWFlaY2RlZmdoaWpzdHV2d3h5eoKDhIWGh4iJipKTlJWWl5iZmqKjpKWmp6ipqrKztLW2t7i5usLDxMXGx8jJytLT1NXW19jZ2uLj5OXm5+jp6vLz9PX29/j5+v/aAAwDAQACEQMRAD8A8y8PWDMUwCS/AwPzr6A8E6fFb6aLeNDI8gAOckE4/LvXjHw7mSa/iF3m3jDgAlsb8jt6cA/pXS6z8WYvDuprBZ2/2+xjba8hfkDuFGMZB7557V4NWFWpPlijouktTt/E/iGW48VJ4K0GSytLxYPtN/fXJAS2TICgZ6sSy/TI6dRmeE/E99pni+78G6jrEWou8Rkhu4UVSzLnfGcE4x1654Oa4Xwb44j1X4uW+rQ2jSS3y/Y5FaMY8sEFHbOeQQo4PYdKyfGmraxafFDTtXlsLhYbKRxC7QBRISW6lRg5zjNddGEoRVPyNoqKiptdT27xDFdGHytPQrkfM69c+1ccfACSzi41GVnPLEZ6/wCeT+VcxJ8aNTCrmxtck44Q/wDxVQWnxc1rV9QgtLe1tYpbgZG5S3bPr7elCpyWxo5Um7ydzfm8J24lfYqKu44G3oKKyJvE/iBJnQ/YSVYj/UH/AOKopWkVzUTm9Xt5dGna0STZJb2+G2nkMz4PP+6BXJ6kgkg2t0LAHH1r2KP4jaKJQ8vhHSriWXAZ5EVicDjJIPbFaFr470W4miWPwTojA8YFshb2x8vWnDFSitYfkcMopvc9e8M/DvwzaWwvdGsRp08qiN5ITkkKfu/PnjKg8Yzir2qx6X4U0S51m4D+YkW+R3YyN64UEnHPYcVk+F9W1O4hnV7kRRwyFEUx8nABOfzP5V5l8cdT1a5CWM94PsbEB0XgnPHWvVjJSjzoxmnFuDOA+L8LXuvWmqrCFN6iyMQoXPIIJ98H9K4bwgWi8VaHKq7gJoQR7EgH+dexNq2l6VZW2o61oa6nZzW8UMImOdjKDnB+hFZh8c+CVvYHtvBFpFcRMpR0crtI6HivNnibybjF2N3T5PdbMrU79F1K7Gekrj9TRVa/1/R5764l/siceZIzYE/Ayc/3aKjm8mM5CKYM6gkZ6jmus8Fzu/iXR40USA3UYIPI++OK5W30XU2OY4GbP+wwx+ldR4M0TVrbWorq6jSKCJZXyzY52Ntz+OKqSi9Lijuj6gttS0eQywabqWl3U6sfPEd3GWB6lQufwJP09a87+JOiTXVvLdT7BucLGNwLMx7KPbrXz1quoNatLIuN0nysduOPwqlpMdybj7TY3M0UpJZpIXZSM+4Ir1lTa9xbHM5J+91PSvGN0X+Gvh2GTChGnBz6h8fyry5phHOhUg812/iKyv8A/hCNAtzGWfbJccP0UsQOvXPBrz65tbyJ/ngZceteZCCV1c66t3Z+SNVplLE5PJoqiEmIB2/rRT5TM+19NsLPycfZLf8A79r/AIVn+PbO2j8I6g0dvCrBAQVQAjkUUV5S+NGkfjXqfHXiL/WTDtuNdb4ljS31+ZIEWJPJhO1BtGTGuTxRRX1H/L1ej/Q4Xsdf4K/f+J9Hgm/eQjT2by35XO0c46V1muWNptf/AEWD/v2KKK+er/xf67ndW+JeiOQNrb5P7iL/AL4FFFFIzP/Z\", \"amount\": 9, \"full_price\": \"175.50\", \"product_id\": \"9a747809-b1c9-4f86-a887-d19fe25ff2d1\", \"unit_price\": \"19.50\", \"final_price\": \"175.50\", \"unit_discount\": \"0.00\", \"total_discount\": \"0.00\", \"product_variant_id\": \"9a747874-43c9-42ad-ae46-4a42f14ef2ac\", \"original_unit_price\": \"19.50\"}, {\"id\": \"9a747886-c2c9-44c4-b102-78ac79b486cb\", \"sku\": \"W-J002\", \"name\": \"Casual V-Neck Jumper - (Size) XS\", \"type\": \"product_variant\", \"urls\": null, \"image\": \"/9j/4AAQSkZJRgABAQEAYABgAAD//gA7Q1JFQVRPUjogZ2QtanBlZyB2MS4wICh1c2luZyBJSkcgSlBFRyB2ODApLCBxdWFsaXR5ID0gODAK/9sAQwAGBAUGBQQGBgUGBwcGCAoQCgoJCQoUDg8MEBcUGBgXFBYWGh0lHxobIxwWFiAsICMmJykqKRkfLTAtKDAlKCko/9sAQwEHBwcKCAoTCgoTKBoWGigoKCgoKCgoKCgoKCgoKCgoKCgoKCgoKCgoKCgoKCgoKCgoKCgoKCgoKCgoKCgoKCgo/8AAEQgAMgAyAwEiAAIRAQMRAf/EAB8AAAEFAQEBAQEBAAAAAAAAAAABAgMEBQYHCAkKC//EALUQAAIBAwMCBAMFBQQEAAABfQECAwAEEQUSITFBBhNRYQcicRQygZGhCCNCscEVUtHwJDNicoIJChYXGBkaJSYnKCkqNDU2Nzg5OkNERUZHSElKU1RVVldYWVpjZGVmZ2hpanN0dXZ3eHl6g4SFhoeIiYqSk5SVlpeYmZqio6Slpqeoqaqys7S1tre4ubrCw8TFxsfIycrS09TV1tfY2drh4uPk5ebn6Onq8fLz9PX29/j5+v/EAB8BAAMBAQEBAQEBAQEAAAAAAAABAgMEBQYHCAkKC//EALURAAIBAgQEAwQHBQQEAAECdwABAgMRBAUhMQYSQVEHYXETIjKBCBRCkaGxwQkjM1LwFWJy0QoWJDThJfEXGBkaJicoKSo1Njc4OTpDREVGR0hJSlNUVVZXWFlaY2RlZmdoaWpzdHV2d3h5eoKDhIWGh4iJipKTlJWWl5iZmqKjpKWmp6ipqrKztLW2t7i5usLDxMXGx8jJytLT1NXW19jZ2uLj5OXm5+jp6vLz9PX29/j5+v/aAAwDAQACEQMRAD8A6/yuaS4aK1t3nuJFjiQZZmOABWkIcmvJ/jFqV0skdnau3l85UDgn2Pcj8h9aJS5UXGPM7FHVPFl54m8RW+i6JOLS3mk2ecW2kr/E7HsoGTx6V1PjnwrP8NtCXXNP8Sy6jmSNLi3lxhd3RgMnj2PPvXkHgG5OheObGfWLaKSGYNH5Vym5Rkcbh9cV7P8AGTxBHpHw6tIWtNNmudTjS28xIgcKi8nIJ6ZXA7Zz7VzuclI6lCLjcv8AhXXbXxFpyz2xCyrxJH3U/wBR71rNF7V4V8MHu7G/iltjuhccH0PdT/n+VfQ6w7kVsdRmuiMr6HNOHLqjJ8o0VqeR7UVRmaSwe1cd418P2Ec0WsXW5mQhAh6EnoPYDBPFejLD7Vx/xbj8rwjvGeJ1/wDQWppKTSY1JrY4C00nSJdZGo3GnRXUoGF3MePpzjNdrrs+ma/oaaXe6Lavap80aMM+X7qRgqevIrzPwRrpubC2MiF22AMxPU9D+tdc2obJFZVwK09hBvmsNVZJWuaPhDw5pNpNLbW1t5SyAMqZLBSDkEE5IPFdy1vx0rkvC16t34qWNB0wh/74z/WvR2tvapnFRehN29zC+z0VtfZvaioAnSPnpXD/ABrYReDFT+OS4QD8AxNeiJHzXlf7RU8Ft4c0sTsw8y5KAIMsQRg4HfqKqHxITPG/AqbNNBiUgeY5J9fmPSu1mBNsWHVea4bR/Eeh6ZBFZzNPD5ShQX2c49dpPNdNp3ijSLj/AFDTTJ0YCFmGPwFdKEdb4PBg8ew+Ww8p5Yz/AN9xqf617e8PtXgXg+4tH8caU9lL5kMksOcggo28rtOfYLX0Y8YrCruhozPK9qKveWPSishlNK8M/ayJGi+G8HH+mN/JaKKun8SFLY+dIfmxu+bnvzT4/lj3Lwy4wR1FFFei9jhW57h8M5Hn1TwZJM7SSMxyznJOJxjJPpX1E9FFcFXc7o7EVFFFZDP/2Q==\", \"amount\": 9, \"full_price\": \"193.50\", \"product_id\": \"9a747814-fdd4-4823-af61-b85220c6fb22\", \"unit_price\": \"21.50\", \"final_price\": \"193.50\", \"unit_discount\": \"0.00\", \"total_discount\": \"0.00\", \"product_variant_id\": \"9a747874-ca60-4deb-a8e7-f0e23806273c\", \"original_unit_price\": \"21.50\"}, {\"id\": \"9a747886-f390-445d-bcd6-6460db08383f\", \"sku\": \"W-TR003\", \"name\": \"Sporty Track Pants - (Size) S\", \"type\": \"product_variant\", \"urls\": null, \"image\": \"/9j/4AAQSkZJRgABAQEAYABgAAD//gA7Q1JFQVRPUjogZ2QtanBlZyB2MS4wICh1c2luZyBJSkcgSlBFRyB2ODApLCBxdWFsaXR5ID0gODAK/9sAQwAGBAUGBQQGBgUGBwcGCAoQCgoJCQoUDg8MEBcUGBgXFBYWGh0lHxobIxwWFiAsICMmJykqKRkfLTAtKDAlKCko/9sAQwEHBwcKCAoTCgoTKBoWGigoKCgoKCgoKCgoKCgoKCgoKCgoKCgoKCgoKCgoKCgoKCgoKCgoKCgoKCgoKCgoKCgo/8AAEQgAMgAyAwEiAAIRAQMRAf/EAB8AAAEFAQEBAQEBAAAAAAAAAAABAgMEBQYHCAkKC//EALUQAAIBAwMCBAMFBQQEAAABfQECAwAEEQUSITFBBhNRYQcicRQygZGhCCNCscEVUtHwJDNicoIJChYXGBkaJSYnKCkqNDU2Nzg5OkNERUZHSElKU1RVVldYWVpjZGVmZ2hpanN0dXZ3eHl6g4SFhoeIiYqSk5SVlpeYmZqio6Slpqeoqaqys7S1tre4ubrCw8TFxsfIycrS09TV1tfY2drh4uPk5ebn6Onq8fLz9PX29/j5+v/EAB8BAAMBAQEBAQEBAQEAAAAAAAABAgMEBQYHCAkKC//EALURAAIBAgQEAwQHBQQEAAECdwABAgMRBAUhMQYSQVEHYXETIjKBCBRCkaGxwQkjM1LwFWJy0QoWJDThJfEXGBkaJicoKSo1Njc4OTpDREVGR0hJSlNUVVZXWFlaY2RlZmdoaWpzdHV2d3h5eoKDhIWGh4iJipKTlJWWl5iZmqKjpKWmp6ipqrKztLW2t7i5usLDxMXGx8jJytLT1NXW19jZ2uLj5OXm5+jp6vLz9PX29/j5+v/aAAwDAQACEQMRAD8A3LGDpxW1bwDHSqlgnA4rat06cUizlPEtzqem+INDms7R7mzecRSRohYsWDKex5AYEe4HrmptD8Pavpeu6/LqFmq2k0iSrcCVdiqqBQuMDknJ6D6V6f4UuVjultNis0yyMob1G3/GqPxVlmj0F4LURBj+9baTkhCGIx3GAaxUHzOSZ0e0XKqbRyssAqpND7VpxHzbWGTBBZASD24qCRc1rcx20M7yKKu+WPSimA2wHArYtx0rIsegrYg7UEmT4p8Wy+GjbtaTRQzorMTIoIKsQO/+7Xn178UdZ1bUbeS8uLFrGKTbKY4sZj3YIHJ5Irf+Ltup06CbaNxV0JP5/wCNeNeB41vdU0LT5EAAv1LqBjK7t38jXXThD2e3czcnzH0uoYQJ5nDkZb6nrVaXrV246VQlPNca0Nr31EyKKi3e1FMQ2xkQAc1sQSJxzV230UKB8lX49KAH3adibnnfxXUP4SeWPG6KQN+BBH8yK8T+GDNN4/0RigGckn3VG/8Aia+i/ibpLSeB9U8pMvGiy49QrAn9Aa8K+DWnlvHNrPMypBaQSsXdgvJG3GDzn5q6YNKk7kPV6HvM8ikVnzyDnFX7ma15CSq3+7zWfJ8+RGrn8K5bGiZB5g9aKd9nn/55t+VFFh3PVUAx0FSY4ooqzMyvFChvD+phgCDaygg9/kNfOvgy2gHxUnUQxbfso42DH36KKr7I49T6Gs7S2SJdtvCvHZAKmMUY6RoPwFFFQIi2L/dX8qKKKAP/2Q==\", \"amount\": 1, \"full_price\": \"22.99\", \"product_id\": \"9a74781b-ba63-4202-92e7-d594c03b5ed8\", \"unit_price\": \"22.99\", \"final_price\": \"22.99\", \"unit_discount\": \"0.00\", \"total_discount\": \"0.00\", \"product_variant_id\": \"9a747875-2cec-4f1f-9c64-5ca7e0fcdf53\", \"original_unit_price\": \"22.99\"}, {\"id\": \"9a747887-2d3f-4152-898f-022140eacc54\", \"sku\": \"W-SN002\", \"name\": \"Sporty Running Sneakers - (Size) 9.5, (Colour) Bright Red\", \"type\": \"product_variant\", \"urls\": null, \"image\": \"/9j/4AAQSkZJRgABAQEAYABgAAD//gA7Q1JFQVRPUjogZ2QtanBlZyB2MS4wICh1c2luZyBJSkcgSlBFRyB2ODApLCBxdWFsaXR5ID0gODAK/9sAQwAGBAUGBQQGBgUGBwcGCAoQCgoJCQoUDg8MEBcUGBgXFBYWGh0lHxobIxwWFiAsICMmJykqKRkfLTAtKDAlKCko/9sAQwEHBwcKCAoTCgoTKBoWGigoKCgoKCgoKCgoKCgoKCgoKCgoKCgoKCgoKCgoKCgoKCgoKCgoKCgoKCgoKCgoKCgo/8AAEQgAMgAyAwEiAAIRAQMRAf/EAB8AAAEFAQEBAQEBAAAAAAAAAAABAgMEBQYHCAkKC//EALUQAAIBAwMCBAMFBQQEAAABfQECAwAEEQUSITFBBhNRYQcicRQygZGhCCNCscEVUtHwJDNicoIJChYXGBkaJSYnKCkqNDU2Nzg5OkNERUZHSElKU1RVVldYWVpjZGVmZ2hpanN0dXZ3eHl6g4SFhoeIiYqSk5SVlpeYmZqio6Slpqeoqaqys7S1tre4ubrCw8TFxsfIycrS09TV1tfY2drh4uPk5ebn6Onq8fLz9PX29/j5+v/EAB8BAAMBAQEBAQEBAQEAAAAAAAABAgMEBQYHCAkKC//EALURAAIBAgQEAwQHBQQEAAECdwABAgMRBAUhMQYSQVEHYXETIjKBCBRCkaGxwQkjM1LwFWJy0QoWJDThJfEXGBkaJicoKSo1Njc4OTpDREVGR0hJSlNUVVZXWFlaY2RlZmdoaWpzdHV2d3h5eoKDhIWGh4iJipKTlJWWl5iZmqKjpKWmp6ipqrKztLW2t7i5usLDxMXGx8jJytLT1NXW19jZ2uLj5OXm5+jp6vLz9PX29/j5+v/aAAwDAQACEQMRAD8AzbSJV4hiye7Ma0YLRdwdHAfvSRnzB7U+7Y2Gn3F4cBYY2kyemQOAfqcD8a8tJyaiup7cmoRcn0MHxNJYXlrNamWZ5g6xKY49ymQsFC5yOcn3r2GIW/h7wzbq5EccEIHPGMCvnPXPG7fa9O0/T5Vi03TfJmhGwHfcBVMjv/eO/djOeOPet/XPGep+LbGH7QkcEIHKw5w59ee3tXTisOo2jDZdTkweJc25VN3sjH+IOvzeJdQb5iLVD8i+vvVbwnYxSHawbcPQVLFpplYfLzXceHNEjgiV5I9r+o4zWLajHlRuk5y5mQroNttH7qLp/dFFdJ9ig/uCisuY25UV1sA5DQMEJ6qelcf8UdXNlpZ0kyrvIWScp1ORlU/I7j/wH0ru9OdM4dWTPQueDXlnj/wlrWo+JJ5bWGedZWG0bDtC4AyGHHbkHB9j1rqwjipuUumxx41ScFGPV6nm+hWFxq96LW3Xofmb+6K9m0jw/cx2kUaxgBFCgtyeBTvDng+LwnYfadQuImunG6THQYGcD2HrXK3Wu+Ib/wAS2tzphuI7BpfKVuiEDG78hXQqUsQ9HaP5s5XWjhlqry3a7I9Et9GS2xLfTRRJ6uwUfrW7YT2k8bLZ3EM4TG4IwO30rxy8ur2fV5Had5ImbBLFmBH1xxXUfDqKWXVbm7j3fZo4zBuHR3JVjj6AD/voVdfL40qbm5aozw2ZyrVVBR0Z6HtHofzoqPy5PQ/nRXkntkNqFGAJTGfpnNa0UcZQbwsmO5rk7SeULhZlI9CORV+K/uIeh8wUyTlfijqC215FaywObSWMA7W2cgk4z7+nfFYFhd6rrdrFpOlReXZw5AGfljB65Pv19ep9a9GvLm0v1AvLXJXjp+mD1HtzTreaOGIR6fAUA6kpsA/T+VejTx7p0lBLVHlVctVSs6jej3MbQvh9ZxBZNZuJrnuYY28pD7HGW/IiusAsbGJYrSO3toIxtSKIYVR/MnuSeTWduLZaZS/1fAqrc3TqCEghA+ua5amIqVdJM7qWGp0dYIvnUIMn95RWF9quf7sH/fNFYWN7kKn5EPerFqxy3J6UUU2CLkHzDLcn3qVycdaKKQzMu3bzFG449M0rE7aKKYikWOTyfzooopiP/9k=\", \"amount\": 4, \"full_price\": \"113.00\", \"product_id\": \"9a747824-1d85-4967-aa32-7c06af994493\", \"unit_price\": \"28.25\", \"final_price\": \"113.00\", \"unit_discount\": \"0.00\", \"total_discount\": \"0.00\", \"product_variant_id\": \"9a74786f-3a3f-47fc-b202-b7aaef7ad7a0\", \"original_unit_price\": \"28.25\"}, {\"id\": \"9a747886-eaf8-4f60-94c8-5ba441a16b5b\", \"sku\": \"W-BO003\", \"name\": \"Fashion Knee-High Boots - (Size) 8.5\", \"type\": \"product_variant\", \"urls\": null, \"image\": \"/9j/4AAQSkZJRgABAQEAYABgAAD//gA7Q1JFQVRPUjogZ2QtanBlZyB2MS4wICh1c2luZyBJSkcgSlBFRyB2ODApLCBxdWFsaXR5ID0gODAK/9sAQwAGBAUGBQQGBgUGBwcGCAoQCgoJCQoUDg8MEBcUGBgXFBYWGh0lHxobIxwWFiAsICMmJykqKRkfLTAtKDAlKCko/9sAQwEHBwcKCAoTCgoTKBoWGigoKCgoKCgoKCgoKCgoKCgoKCgoKCgoKCgoKCgoKCgoKCgoKCgoKCgoKCgoKCgoKCgo/8AAEQgAMgAyAwEiAAIRAQMRAf/EAB8AAAEFAQEBAQEBAAAAAAAAAAABAgMEBQYHCAkKC//EALUQAAIBAwMCBAMFBQQEAAABfQECAwAEEQUSITFBBhNRYQcicRQygZGhCCNCscEVUtHwJDNicoIJChYXGBkaJSYnKCkqNDU2Nzg5OkNERUZHSElKU1RVVldYWVpjZGVmZ2hpanN0dXZ3eHl6g4SFhoeIiYqSk5SVlpeYmZqio6Slpqeoqaqys7S1tre4ubrCw8TFxsfIycrS09TV1tfY2drh4uPk5ebn6Onq8fLz9PX29/j5+v/EAB8BAAMBAQEBAQEBAQEAAAAAAAABAgMEBQYHCAkKC//EALURAAIBAgQEAwQHBQQEAAECdwABAgMRBAUhMQYSQVEHYXETIjKBCBRCkaGxwQkjM1LwFWJy0QoWJDThJfEXGBkaJicoKSo1Njc4OTpDREVGR0hJSlNUVVZXWFlaY2RlZmdoaWpzdHV2d3h5eoKDhIWGh4iJipKTlJWWl5iZmqKjpKWmp6ipqrKztLW2t7i5usLDxMXGx8jJytLT1NXW19jZ2uLj5OXm5+jp6vLz9PX29/j5+v/aAAwDAQACEQMRAD8A+qaCQoJPAHJoqC+z9huNuc+W2MfSgD518a/GnxNpWuQW9imniGQbirQkkc+u6vZPh/4jvfEFvcG/jgR4ljYGEEA7t3Yk/wB2vkn4gHd4otz1Hlhv1FfUPweUfYLx/VYl/Rj/AFrKLbZ6FelCNK6Wp6FRRRWp54UUUUAFBGRg9KKKAPiD4lwm28YRwYwYgYiPcPg/yr6e+DHOg3jdxMqflGh/9mr52+N0Qg+JU4X+KeRvxLk/1r6J+DB26FfRk/P9oVz9DEg/9lNZR+I9Ku70bnoNFFFanmhRRRQAUUUUAfFHxB1SLXPEV1eo2JjIz4I+6Sc4r2j4L+JY0e3WZgI71Ehdiekg+7+ZJH1YVxnw0+H2meJfGfxE0vV1kH2a6xbTRuQ0LeZICR2PQcHisO+03U/hl4hm0rWFaewmO6GaMELIv95fQ+o6g/gTlZp3PSU4VI+zPr6ivE/DHxVvpWhtoom1pRgYgtpGnx7lQQT74Hv617YOlaJ3OCdNwdmFFFFMgKKKKAAAAkgDJpskaSgCRFcDkBhmiigBVUKMKAB6CloooAKKKKAP/9k=\", \"amount\": 2, \"full_price\": \"59.98\", \"product_id\": \"9a747830-7ee3-4148-866d-a8c603645d29\", \"unit_price\": \"29.99\", \"final_price\": \"59.98\", \"unit_discount\": \"0.00\", \"total_discount\": \"0.00\", \"product_variant_id\": \"9a747876-a27a-424b-b1e3-06e1002e5a98\", \"original_unit_price\": \"29.99\"}, {\"id\": \"9a747886-e218-4485-a616-25ffbc824bee\", \"sku\": \"M-LO001\", \"name\": \"Classic Leather Loafers - (Size) 10, (Colour) Dark Gray\", \"type\": \"product_variant\", \"urls\": null, \"image\": \"/9j/4AAQSkZJRgABAQEAYABgAAD//gA7Q1JFQVRPUjogZ2QtanBlZyB2MS4wICh1c2luZyBJSkcgSlBFRyB2ODApLCBxdWFsaXR5ID0gODAK/9sAQwAGBAUGBQQGBgUGBwcGCAoQCgoJCQoUDg8MEBcUGBgXFBYWGh0lHxobIxwWFiAsICMmJykqKRkfLTAtKDAlKCko/9sAQwEHBwcKCAoTCgoTKBoWGigoKCgoKCgoKCgoKCgoKCgoKCgoKCgoKCgoKCgoKCgoKCgoKCgoKCgoKCgoKCgoKCgo/8AAEQgAMgAyAwEiAAIRAQMRAf/EAB8AAAEFAQEBAQEBAAAAAAAAAAABAgMEBQYHCAkKC//EALUQAAIBAwMCBAMFBQQEAAABfQECAwAEEQUSITFBBhNRYQcicRQygZGhCCNCscEVUtHwJDNicoIJChYXGBkaJSYnKCkqNDU2Nzg5OkNERUZHSElKU1RVVldYWVpjZGVmZ2hpanN0dXZ3eHl6g4SFhoeIiYqSk5SVlpeYmZqio6Slpqeoqaqys7S1tre4ubrCw8TFxsfIycrS09TV1tfY2drh4uPk5ebn6Onq8fLz9PX29/j5+v/EAB8BAAMBAQEBAQEBAQEAAAAAAAABAgMEBQYHCAkKC//EALURAAIBAgQEAwQHBQQEAAECdwABAgMRBAUhMQYSQVEHYXETIjKBCBRCkaGxwQkjM1LwFWJy0QoWJDThJfEXGBkaJicoKSo1Njc4OTpDREVGR0hJSlNUVVZXWFlaY2RlZmdoaWpzdHV2d3h5eoKDhIWGh4iJipKTlJWWl5iZmqKjpKWmp6ipqrKztLW2t7i5usLDxMXGx8jJytLT1NXW19jZ2uLj5OXm5+jp6vLz9PX29/j5+v/aAAwDAQACEQMRAD8A1YTaqOY8H6f/AF6laazx0wR7GogXIztcfVRTXV2zw3/fsVwKJ6N0R3F1Bn5WYfRBWdcXkSqTlz+Ap+sTJp1hLd3W9IYxydgzknAH51wi+MLeeYLcxvbo/CSZDJ9GOODWkYXVyHPWx0Nxfxk/xflWfLfRnOVJ/AVKbO4uEDxDcjDIZcEEfWq82l3QBOCPriq5ULmIftUX90/kKKj/ALPuPainyi5j1CaYW0Ek1zNFHDGNzMxwAK4Bvi3ptvqLW11YXUUYOFlG1gR2bHHH50vj/XUu/DVxAiyA70ZiRwQGHv8ASvKHjgukVJvmUfdIPK/T29qqnSUldkTqNOx7H4l1GPxd4auINGmt7j7sgMRO9cHPzIQGA/CvI7HVNX8MawtwI2jkU4YModHHQgg8EH3re8AP/Y/iWC4jiimCqRl+cZGOB617Gtvo3iGPydUhhWUjiRhjP/Ah/WtI05xjdLQiUot76nPeC9U0XV5TLZ20entNHmS1hY7BJn5nRScAYA+UdOa6d9GeUExSxsK5+X4W3ul3bXHhvUrXymO77LdhtoPqrKMg/hXQeHNH1wXobWUt4UiztMc+8Pxj0B/Oi9KUNNGg/eKWuqK58PTZ++v50V2f9nr/AH0/M0VzcxtY8z1TwxNNGwRAyn+HFed634NntXaWCKSI9cAfKa9y+1N1Ea474NNllSTho0I9KUakkXKmnufNsV01hcj7UktvMp4ccA/0NddpXjQRRhZjFKP7wbafy5r1O60vSrtCtxp8D56kgVkTeBvDMxy+kR/8BYj+tdUMU0c8sPfqXPh14vl1DVEs4nD2u0kox3FeO3oK9N8yKQDeq1wXh/TdO8PRMmk2UdsrHLYOSfqSc1pvq7L1/pWNSftJXSsaQjyKzZ1gWDH8P60Vx51lv8kUVnZllVQNx4qF/wDWGiis0asZk5PJqNZH80je2PrRRVIhjZJH/vt+dRmRznLsfxooq0QyLcfU0UUUxn//2Q==\", \"amount\": 8, \"full_price\": \"239.92\", \"product_id\": \"9a747837-fd5e-4cf2-85b4-63a666a3436a\", \"unit_price\": \"29.99\", \"final_price\": \"239.92\", \"unit_discount\": \"0.00\", \"total_discount\": \"0.00\", \"product_variant_id\": \"9a747870-30cd-45a0-8e3f-b19b93280fba\", \"original_unit_price\": \"29.99\"}, {\"id\": \"9a747887-24df-40db-9143-4e6fbe74d79a\", \"sku\": \"M-LO003\", \"name\": \"Fashion Slip-On Loafers - (Size) 9\", \"type\": \"product_variant\", \"urls\": null, \"image\": \"/9j/4AAQSkZJRgABAQEAYABgAAD//gA7Q1JFQVRPUjogZ2QtanBlZyB2MS4wICh1c2luZyBJSkcgSlBFRyB2ODApLCBxdWFsaXR5ID0gODAK/9sAQwAGBAUGBQQGBgUGBwcGCAoQCgoJCQoUDg8MEBcUGBgXFBYWGh0lHxobIxwWFiAsICMmJykqKRkfLTAtKDAlKCko/9sAQwEHBwcKCAoTCgoTKBoWGigoKCgoKCgoKCgoKCgoKCgoKCgoKCgoKCgoKCgoKCgoKCgoKCgoKCgoKCgoKCgoKCgo/8AAEQgAMgAyAwEiAAIRAQMRAf/EAB8AAAEFAQEBAQEBAAAAAAAAAAABAgMEBQYHCAkKC//EALUQAAIBAwMCBAMFBQQEAAABfQECAwAEEQUSITFBBhNRYQcicRQygZGhCCNCscEVUtHwJDNicoIJChYXGBkaJSYnKCkqNDU2Nzg5OkNERUZHSElKU1RVVldYWVpjZGVmZ2hpanN0dXZ3eHl6g4SFhoeIiYqSk5SVlpeYmZqio6Slpqeoqaqys7S1tre4ubrCw8TFxsfIycrS09TV1tfY2drh4uPk5ebn6Onq8fLz9PX29/j5+v/EAB8BAAMBAQEBAQEBAQEAAAAAAAABAgMEBQYHCAkKC//EALURAAIBAgQEAwQHBQQEAAECdwABAgMRBAUhMQYSQVEHYXETIjKBCBRCkaGxwQkjM1LwFWJy0QoWJDThJfEXGBkaJicoKSo1Njc4OTpDREVGR0hJSlNUVVZXWFlaY2RlZmdoaWpzdHV2d3h5eoKDhIWGh4iJipKTlJWWl5iZmqKjpKWmp6ipqrKztLW2t7i5usLDxMXGx8jJytLT1NXW19jZ2uLj5OXm5+jp6vLz9PX29/j5+v/aAAwDAQACEQMRAD8A6UJz0rJ1zxJo+gz20OrXsdtJcZ8sMCc46kkDgc96wPiJ4/XwfdWMCWIu3nBd/wB5s2KDgdjyefyryP4keKIPFmoW13bxSpaxwCMo+MxvuJPT8PrSSKPo62nhuoEmtpUliYZV0YMp/EVLtr5f8L+IdV8NTiTTLlljPLwOd0b/AIf1HNe6eDfHFl4hXyJYzZ6ig+aBz973U9x+tKwHVbKjdMg1YGCOOaRloGVPL9qKs0UAfPvxdsrg+Mrh7jcY7hFaBj04AGB+OR+NcfFBJuVUUmU/KBjO7/ZI719IeNvDMHiLSmt5RtnTLQy90b/A14va3B0HVrtLqJf7QiBiKOMncccj6jv7+9UhGBh9C1WCLUoHjWN0kaMjJUZBx7g10mtW5utMj12zutl3E4H7vhnXswx6cAn/AOvWhrCW3iTwul/O4GpQFYYguCZOo2MOwGOvJOcfTjNO1S50MeW6+bp0xIeFuit0OPQ4/wA8UBseu/DXx82ooun61IovAcJLjAcds+9enZzivlSJlWUXNk25RzjuPYivdPhr4kbWNLEVyxNxCdhYnlhjgn3/AMKTQI7jH1opwJx2opDFZM+9eV/F/wAJPcpHrdlEWlgXbOq9SnZvqP5fSvWMjtTHUMuDyD2oEeBeCvsusR3OlvdC2ln2sgY8M69CPf2o1rQpdP1CZL6BHikIY5XKlvX/AD613Xir4Y6fqcr3WlyHT7sncdg+Qn1x2/CuYu9F8eWsJspXhvbfG1ZXG8gfXGfzqrgLpvw80bW7RLvSri4sZT96NX3KD3HPPWuz8I+DRoDAJJuGdxbOSx9TVf4eaHfaVBtumJz8zEjGSTk13RY4GakA2/SilDcdqKAHjtTx1oooAa1IKKKAGkc0yXtRRQBFmiiigD//2Q==\", \"amount\": 5, \"full_price\": \"149.95\", \"product_id\": \"9a74783b-cf57-4103-8c03-8cf70613a692\", \"unit_price\": \"29.99\", \"final_price\": \"149.95\", \"unit_discount\": \"0.00\", \"total_discount\": \"0.00\", \"product_variant_id\": \"9a747877-7c6f-4085-bcf7-67d3ae201054\", \"original_unit_price\": \"29.99\"}, {\"id\": \"9a747886-d2eb-49aa-9e70-8ad6eae00411\", \"sku\": \"M-BO001\", \"name\": \"Classic Leather Boots - (Size) 9.5\", \"type\": \"product_variant\", \"urls\": null, \"image\": \"/9j/4AAQSkZJRgABAQEAYABgAAD//gA7Q1JFQVRPUjogZ2QtanBlZyB2MS4wICh1c2luZyBJSkcgSlBFRyB2ODApLCBxdWFsaXR5ID0gODAK/9sAQwAGBAUGBQQGBgUGBwcGCAoQCgoJCQoUDg8MEBcUGBgXFBYWGh0lHxobIxwWFiAsICMmJykqKRkfLTAtKDAlKCko/9sAQwEHBwcKCAoTCgoTKBoWGigoKCgoKCgoKCgoKCgoKCgoKCgoKCgoKCgoKCgoKCgoKCgoKCgoKCgoKCgoKCgoKCgo/8AAEQgAMgAyAwEiAAIRAQMRAf/EAB8AAAEFAQEBAQEBAAAAAAAAAAABAgMEBQYHCAkKC//EALUQAAIBAwMCBAMFBQQEAAABfQECAwAEEQUSITFBBhNRYQcicRQygZGhCCNCscEVUtHwJDNicoIJChYXGBkaJSYnKCkqNDU2Nzg5OkNERUZHSElKU1RVVldYWVpjZGVmZ2hpanN0dXZ3eHl6g4SFhoeIiYqSk5SVlpeYmZqio6Slpqeoqaqys7S1tre4ubrCw8TFxsfIycrS09TV1tfY2drh4uPk5ebn6Onq8fLz9PX29/j5+v/EAB8BAAMBAQEBAQEBAQEAAAAAAAABAgMEBQYHCAkKC//EALURAAIBAgQEAwQHBQQEAAECdwABAgMRBAUhMQYSQVEHYXETIjKBCBRCkaGxwQkjM1LwFWJy0QoWJDThJfEXGBkaJicoKSo1Njc4OTpDREVGR0hJSlNUVVZXWFlaY2RlZmdoaWpzdHV2d3h5eoKDhIWGh4iJipKTlJWWl5iZmqKjpKWmp6ipqrKztLW2t7i5usLDxMXGx8jJytLT1NXW19jZ2uLj5OXm5+jp6vLz9PX29/j5+v/aAAwDAQACEQMRAD8A8NstGe7dRGuyQjKlGJBrovD/AIamMxj1GEDb0OOeteo6XoVvGiBYxnoCB0rpoh4Z0wQRa1eFr6SNpxAijIRQTyT9DWDqnSqaONsPDgQ+RNZrJA6/eI6HHrVXUdBtQ/lMpjWEblHXdV+++JSaTrs9re6TE9hFIU/cyMH2Z4YE8E4wegqTxPr3hHTGtrrV9YuPJu4Eure3tbZmllibOCS2FXoR1OCDWak3qjSdJw3R5jqkZDyMyjk/eH1rFd/lbaDnOa7nUfiF4QkCpZ+EpbiyKjLT37JKG7/dGPT9au+GtF8OePI7248M2t3ZXVgqyTWMsgl3oc5ZGwCcEcgjv17VrGdtzB0pLU4FPMKKdvUf3aK9XXwY20Yhlxj+7/8AWoqvaIOQ6/QNKgnQx3VzNHIp3CSAeUT/AENcF+0JZRaRp+j6gG86RpXtnDMAzxMuSBj0x17Z969E0G+06ecLZ3UsUmcGKdHQg/RgK8q/ahmbf4djadHQLOdg4IP7vn9P51lHcq7uVvhlJo3iTW7R9bdZikXkFZ14mZeFLe5TGPdW9K1v2ifCtvp3gnR5rG3l8vTZzBC65YLbyAttZjk/K4AGezeua8R8P6gtneRucgqwIPoa+ovAvjiz1TRxY649vNE67GEnIYHswNZSl7OZ3um61PmTufJdpOqnZKfk6jIyAf8ACvoP4PeJ/BWkzWV3Ar6dq6w+TMyf6ucYGQcj1wexyPSk8Z/Bjw9qMk154X1q205my32eaQNFn0B6r+v0r5/vYrjStQntJmQywSGNijZUkHGQe4rbSqtDm/hO09UfcI1/w8wDLe4B5AEg4/SiviYavdgACWT8zRUezn3L/wBnPphdfu0t7eWCQS7iQMEOvB4xjO3/AIFj2HavMfiuPFPjHVLCOW0s7mS2DRwmwBy4OM7icZ+6OeB1q/pmuxW7O11GLvPygSYIVfQAgj866vSPiBbWUii1sY7dOmIiF/UDOPbNbKMo7HLKcGjyWT4UeL7ZYmawjeRxuMSTKWX2Pao7zw54n0mPF9o+rwIOrrbM4/MHFfQNv44W6O6MQAnse1RXOrai0xk0zUI7FGGGQQCUN7/MSB+Ap8k5bolVVD4ZNHzjZXMJukTyLy5nJAAf5R9Co5P/AH0K948MeCPBM1ja/wBuaffXl/OqtseEQrFxnAUNk/7zEk4HNa9jIrS+beJp09wRhpRZiNiPqp4NX5XjBBhZkwcjDGhwn0QvaQesmZ5+GvgdiSnh2HaeRmabOPwNFaS3R2jc5J7naOf0oqPZ1R89I+byTnqanhY7upooroMTUgZsL8x/Out8OSO0DhnYgdMmiinDcmWxtW7NnqfzrSRjs6n86KK0IJwTgc0UUUgP/9k=\", \"amount\": 5, \"full_price\": \"139.95\", \"product_id\": \"9a747842-6a35-4a29-9cc8-3e6ab4c8d128\", \"unit_price\": \"27.99\", \"final_price\": \"139.95\", \"unit_discount\": \"0.00\", \"total_discount\": \"0.00\", \"product_variant_id\": \"9a747878-24c4-4fb9-96d5-7286a908d362\", \"original_unit_price\": \"27.99\"}, {\"id\": \"9a747886-b9cf-41d0-90ec-6748049fd028\", \"sku\": \"W-SG002\", \"name\": \"Vintage Round Sunglasses\", \"type\": \"product\", \"urls\": null, \"image\": \"/9j/4AAQSkZJRgABAQEAYABgAAD//gA7Q1JFQVRPUjogZ2QtanBlZyB2MS4wICh1c2luZyBJSkcgSlBFRyB2ODApLCBxdWFsaXR5ID0gODAK/9sAQwAGBAUGBQQGBgUGBwcGCAoQCgoJCQoUDg8MEBcUGBgXFBYWGh0lHxobIxwWFiAsICMmJykqKRkfLTAtKDAlKCko/9sAQwEHBwcKCAoTCgoTKBoWGigoKCgoKCgoKCgoKCgoKCgoKCgoKCgoKCgoKCgoKCgoKCgoKCgoKCgoKCgoKCgoKCgo/8AAEQgAGQAyAwEiAAIRAQMRAf/EAB8AAAEFAQEBAQEBAAAAAAAAAAABAgMEBQYHCAkKC//EALUQAAIBAwMCBAMFBQQEAAABfQECAwAEEQUSITFBBhNRYQcicRQygZGhCCNCscEVUtHwJDNicoIJChYXGBkaJSYnKCkqNDU2Nzg5OkNERUZHSElKU1RVVldYWVpjZGVmZ2hpanN0dXZ3eHl6g4SFhoeIiYqSk5SVlpeYmZqio6Slpqeoqaqys7S1tre4ubrCw8TFxsfIycrS09TV1tfY2drh4uPk5ebn6Onq8fLz9PX29/j5+v/EAB8BAAMBAQEBAQEBAQEAAAAAAAABAgMEBQYHCAkKC//EALURAAIBAgQEAwQHBQQEAAECdwABAgMRBAUhMQYSQVEHYXETIjKBCBRCkaGxwQkjM1LwFWJy0QoWJDThJfEXGBkaJicoKSo1Njc4OTpDREVGR0hJSlNUVVZXWFlaY2RlZmdoaWpzdHV2d3h5eoKDhIWGh4iJipKTlJWWl5iZmqKjpKWmp6ipqrKztLW2t7i5usLDxMXGx8jJytLT1NXW19jZ2uLj5OXm5+jp6vLz9PX29/j5+v/aAAwDAQACEQMRAD8A+iPGfjHRPBllb3fiG6e3gnl8mMrC8hLYJxhQewrK074p+EdSmjh07Up7ueT7sUNjcO5/AJmq/wAcPD7+IPh9erbRGW8sXW+gVRkkp94AdyULge5FfKi/vNjQ5dmx5ZTkknpjHegD7V03XbDULl7aF54rlU8zybm3kgcrnG4K6gsM4GRkDNWP7V04SeX9vtPM/u+cufyzXzD8cdB1zRbTwxHc6vqVxHc2u2Q3c5lSO6AUuo9FYZwPY15rPptjOpNzaW7nHLMgyPx60AfeasrqGUhlPQg5pc84rxL4B/DPTrT4c2NzrMV1LNfu16kLXMiLFG5/djarAcoFJyM8+1enaFpEGk65qKWFjHaWDW9uFMagB5A0u4+pOCnJoA36KKKACuftfBXhq01c6pbaJYxX+/zPNWIDD/3gOgb3AzXQUUAZPinw7pvijRpdM1m3E1q5DDBwyMOjqeoYeteZ2HwG0WHUVkvtUvr2xVs/ZXVF8wf3XYDkeuAtexUUAIiqihUAVQMAAYAFLRRQAUUUUAf/2Q==\", \"amount\": 4, \"full_price\": \"90.00\", \"product_id\": \"9a74784e-46b6-46de-bbbf-78da6699b9fc\", \"unit_price\": \"22.50\", \"final_price\": \"90.00\", \"unit_discount\": \"0.00\", \"total_discount\": \"0.00\", \"original_unit_price\": \"22.50\"}, {\"id\": \"9a747886-faaa-4efc-9588-4b65e0cf4d8c\", \"sku\": \"W-ER001\", \"name\": \"Crystal Drop Earrings\", \"type\": \"product\", \"urls\": null, \"image\": \"/9j/4AAQSkZJRgABAQEAYABgAAD//gA7Q1JFQVRPUjogZ2QtanBlZyB2MS4wICh1c2luZyBJSkcgSlBFRyB2ODApLCBxdWFsaXR5ID0gODAK/9sAQwAGBAUGBQQGBgUGBwcGCAoQCgoJCQoUDg8MEBcUGBgXFBYWGh0lHxobIxwWFiAsICMmJykqKRkfLTAtKDAlKCko/9sAQwEHBwcKCAoTCgoTKBoWGigoKCgoKCgoKCgoKCgoKCgoKCgoKCgoKCgoKCgoKCgoKCgoKCgoKCgoKCgoKCgoKCgo/8AAEQgAMgAyAwEiAAIRAQMRAf/EAB8AAAEFAQEBAQEBAAAAAAAAAAABAgMEBQYHCAkKC//EALUQAAIBAwMCBAMFBQQEAAABfQECAwAEEQUSITFBBhNRYQcicRQygZGhCCNCscEVUtHwJDNicoIJChYXGBkaJSYnKCkqNDU2Nzg5OkNERUZHSElKU1RVVldYWVpjZGVmZ2hpanN0dXZ3eHl6g4SFhoeIiYqSk5SVlpeYmZqio6Slpqeoqaqys7S1tre4ubrCw8TFxsfIycrS09TV1tfY2drh4uPk5ebn6Onq8fLz9PX29/j5+v/EAB8BAAMBAQEBAQEBAQEAAAAAAAABAgMEBQYHCAkKC//EALURAAIBAgQEAwQHBQQEAAECdwABAgMRBAUhMQYSQVEHYXETIjKBCBRCkaGxwQkjM1LwFWJy0QoWJDThJfEXGBkaJicoKSo1Njc4OTpDREVGR0hJSlNUVVZXWFlaY2RlZmdoaWpzdHV2d3h5eoKDhIWGh4iJipKTlJWWl5iZmqKjpKWmp6ipqrKztLW2t7i5usLDxMXGx8jJytLT1NXW19jZ2uLj5OXm5+jp6vLz9PX29/j5+v/aAAwDAQACEQMRAD8A+qaKK4bxFrbR6pe2/wBomE0K/uoIzt529Tz83XOPpQB3NFZnhy6mu9KjkuMmQEruJB3AdDkcHI9Kfr9xNbaVNLb/AOsG0Z6YBIBOe3HegDQorgNB1k/2nYw+bci4mbZJE/z7+PvHBwvC7s/44rv6ACiiigArD8RWkEskLm0Msx6srbSVBHBPf+nWtuRxGjOxwqgkn2rir+7tNWt4NUjuhLHbSNE8UbKdrE7XBywA27TnOT8pxzQB2FkYzZwGFPLjKDamMbRjpUk20ROXXcu05GM5FVNPvobiR4YpFcxorZXpgj/P50++vI7VoFkcIZn2Anp/nt+NAGX4fgijuJXWzWFm+ZW3bto/u+3at6uGivNN006hrk14tvbxqIS7FQCo3MGyOgyW4OO5PWuysbgXdnDOowJFDY9PagCeiiigBk8YlgkjPR1K/mK85sPC1tm8ktkeKYZLqVZUY7mLAjpncSSep616TWbNaRT3hnC4IUqw3EBs45I6Z469fegDC8GaRNa6ne3wu/Ns5Y1ijiAGFKk5YHvn/D0qz420mbUorGaK5aGO0kaSVFAPmqVxg10cG3ywFXYB/D6UshAQkjPt60AedXnhmzksYbmeM3A3ExmNd6qpHXGedwxx64rvdLgNtp9vCwwyoMj0NVms4ftENy0S7k3YHJ6nP0zx/hWmDkZFABRRRQAHoag/hNFFACw/6xvpSXPWP/eoooAQfdNTp90UUUALRRRQB//Z\", \"amount\": 6, \"full_price\": \"119.94\", \"product_id\": \"9a747851-b3f9-44bc-84b0-90f1250c5c3f\", \"unit_price\": \"19.99\", \"final_price\": \"119.94\", \"unit_discount\": \"0.00\", \"total_discount\": \"0.00\", \"original_unit_price\": \"19.99\"}, {\"id\": \"9a747886-ca13-458e-a215-af1744d519a3\", \"sku\": \"W-ER003\", \"name\": \"Statement Tassel Earrings\", \"type\": \"product\", \"urls\": null, \"image\": \"/9j/4AAQSkZJRgABAQEAYABgAAD//gA7Q1JFQVRPUjogZ2QtanBlZyB2MS4wICh1c2luZyBJSkcgSlBFRyB2ODApLCBxdWFsaXR5ID0gODAK/9sAQwAGBAUGBQQGBgUGBwcGCAoQCgoJCQoUDg8MEBcUGBgXFBYWGh0lHxobIxwWFiAsICMmJykqKRkfLTAtKDAlKCko/9sAQwEHBwcKCAoTCgoTKBoWGigoKCgoKCgoKCgoKCgoKCgoKCgoKCgoKCgoKCgoKCgoKCgoKCgoKCgoKCgoKCgoKCgo/8AAEQgAMgAyAwEiAAIRAQMRAf/EAB8AAAEFAQEBAQEBAAAAAAAAAAABAgMEBQYHCAkKC//EALUQAAIBAwMCBAMFBQQEAAABfQECAwAEEQUSITFBBhNRYQcicRQygZGhCCNCscEVUtHwJDNicoIJChYXGBkaJSYnKCkqNDU2Nzg5OkNERUZHSElKU1RVVldYWVpjZGVmZ2hpanN0dXZ3eHl6g4SFhoeIiYqSk5SVlpeYmZqio6Slpqeoqaqys7S1tre4ubrCw8TFxsfIycrS09TV1tfY2drh4uPk5ebn6Onq8fLz9PX29/j5+v/EAB8BAAMBAQEBAQEBAQEAAAAAAAABAgMEBQYHCAkKC//EALURAAIBAgQEAwQHBQQEAAECdwABAgMRBAUhMQYSQVEHYXETIjKBCBRCkaGxwQkjM1LwFWJy0QoWJDThJfEXGBkaJicoKSo1Njc4OTpDREVGR0hJSlNUVVZXWFlaY2RlZmdoaWpzdHV2d3h5eoKDhIWGh4iJipKTlJWWl5iZmqKjpKWmp6ipqrKztLW2t7i5usLDxMXGx8jJytLT1NXW19jZ2uLj5OXm5+jp6vLz9PX29/j5+v/aAAwDAQACEQMRAD8A+qaiuZ1hXJxnGeTgAepPYVLWD46uZLbwxd+SgeWUCFQc4G44ycc8DNITdldm7G29FYgrkA4PUUtVtMuftum2t1gL58SSYBzjcAf61ZoGQRXIlnMajjbuBz2z6eh5x64NT1y+m6lJL491S0MaiIWyKrZOSYyCfb/ltjj+7XUUCTT2Cij86KBhXl3x+8Sjw/oGmKsQllnuwwQkD5UHOD2OWX8+/Q+o187/ALUGoRtrWh2LknyYzcAKSDuLYHPbhTmqgrsip8LPYPhheC+8B6PKrM22Hyju6/KSv9K6ivMv2f71bjwZNbLjFrdMo+hVW789Sa9B1m7Ww0i9vHOFggeU/wDAVJ/pRJa2Cm+aCZ4j4D8Ypq/xhuYlQpE09wiOp4kUglcj1wg/MfU+9V8bfDrUorTxrZXv8X26N3OTtO5gGwD9D+vpivsmnNWIou9/UKKKKg2CvlH9oN5bz4lhWwsULxxqTxkBEJ/VumP5V9XV558Vvh8vjCTSri2McVxbzqs7YGXhJAP1K9QPTP0N05KL1CyejOU/ZzedLvXYWRzAUhbeAdu75uPrhs/5OPQ/ircSW3gDV2hGXeNYgPXe6qf0Jra0DRrDQdNjsdLt0ggTk4HLt3Zj3Jx1q7cQRXMEkFxGksMilXRxkMD2Ioc7z5hQioqyPhvw9DKkFy6/NIZflC8Mc4A4HQ89M+3HNfb+mSSTadayzKySvEjOrDBBIGQfevOPh/8ACyz8Pa7qV/qCR3RW4LWO4AhE6hiD/EOnsQTyea9Qp1Jc1kJQUW2uoUUUVmUFFFFABRRRQAUUUUAJRRRQB//Z\", \"amount\": 7, \"full_price\": \"174.93\", \"product_id\": \"9a747855-3cdd-4ee0-b980-992ff94eaa1b\", \"unit_price\": \"24.99\", \"final_price\": \"174.93\", \"unit_discount\": \"0.00\", \"total_discount\": \"0.00\", \"original_unit_price\": \"24.99\"}, {\"id\": \"9a747887-351e-4ca0-a905-f5e052011e39\", \"sku\": \"W-HA002\", \"name\": \"Classic Fedora Hat\", \"type\": \"product\", \"urls\": null, \"image\": \"/9j/4AAQSkZJRgABAQEAYABgAAD//gA7Q1JFQVRPUjogZ2QtanBlZyB2MS4wICh1c2luZyBJSkcgSlBFRyB2ODApLCBxdWFsaXR5ID0gODAK/9sAQwAGBAUGBQQGBgUGBwcGCAoQCgoJCQoUDg8MEBcUGBgXFBYWGh0lHxobIxwWFiAsICMmJykqKRkfLTAtKDAlKCko/9sAQwEHBwcKCAoTCgoTKBoWGigoKCgoKCgoKCgoKCgoKCgoKCgoKCgoKCgoKCgoKCgoKCgoKCgoKCgoKCgoKCgoKCgo/8AAEQgAMgAyAwEiAAIRAQMRAf/EAB8AAAEFAQEBAQEBAAAAAAAAAAABAgMEBQYHCAkKC//EALUQAAIBAwMCBAMFBQQEAAABfQECAwAEEQUSITFBBhNRYQcicRQygZGhCCNCscEVUtHwJDNicoIJChYXGBkaJSYnKCkqNDU2Nzg5OkNERUZHSElKU1RVVldYWVpjZGVmZ2hpanN0dXZ3eHl6g4SFhoeIiYqSk5SVlpeYmZqio6Slpqeoqaqys7S1tre4ubrCw8TFxsfIycrS09TV1tfY2drh4uPk5ebn6Onq8fLz9PX29/j5+v/EAB8BAAMBAQEBAQEBAQEAAAAAAAABAgMEBQYHCAkKC//EALURAAIBAgQEAwQHBQQEAAECdwABAgMRBAUhMQYSQVEHYXETIjKBCBRCkaGxwQkjM1LwFWJy0QoWJDThJfEXGBkaJicoKSo1Njc4OTpDREVGR0hJSlNUVVZXWFlaY2RlZmdoaWpzdHV2d3h5eoKDhIWGh4iJipKTlJWWl5iZmqKjpKWmp6ipqrKztLW2t7i5usLDxMXGx8jJytLT1NXW19jZ2uLj5OXm5+jp6vLz9PX29/j5+v/aAAwDAQACEQMRAD8A6nFZOoa/p1ixWSfzJB/BENx/wFc7rWrXOoO0cTtDa9Ao4LD3/wAKw5LXA+Uc1aRKidBeeOo0LLaafJM45w0gXH14OKztP8ZXd3q6TRWsi6fsO+N2GA3sep5HpjFef34ZXunvrp0/esI4YjtJx0JP5Vp+F7yWXT4w7iWUZDtnqfWonLlWh9HkGWYfGYjkr3t/X9afeeo6Tr7Xt+IJokjVwdmCc59DW+RXlFzdpYx/armdbdIyCHY4we2PevRPDepNrOlwX6tEYJV+XZnJPQk+n0/WlF3OrirKcPgakJ4dpJrWN9fX5/oaOKKdRVnyBw4hJHSmtCAMn8639T0/7PKXjH7ljn/dPpWVcRFgqKcEnFXdWuapX2OJ1LQRNM09yyzAcgDIJP4dqWxvbaIiy07y2lztG0fKD6D1P0rrvHnheSPw6x0+ebzTaT3Ty9h5aqdvtncf++a8z+GN3Yw63pxvYk820mBfIPzLjAbgE+n+TXFUqcyvE+my/GzwMPZ0l78t32XRIpeKNEurm+F1c3cl1CrFWUjHlH0x2/ECvSfgus0NpeQeYWtQ2VU9m9fbj+Vdn8TNQ05/BN0m5VN5H5cRCbDIxGARnnj19q4H4MmbT7m70+4Z3jlQSQyMpAcrwcHv1FRRqOT1PLx8W3KUtW97nqm2il59qK7TyB7KGUqwBU8EGuZ1/SLpUMunAydymcMPp6101GaW6sVGTi7oq2d6J/BOoG64/wBHeN1bjBIKnNfOGn2ktv4ria3B3xFgGjPX5SMj8cYr6EuIPtcWtaeOfOh3qvqev8xXL+F/C6RP5sygyM53HHQAkY/SvPg+WTgexP34qfc5u10q81nxRpn/AAk073TynCwFycIOcn/AV9D6rounp4eijS3jRowDGQOVI6EV5YbR7f4h6adnBjOT6dP8f0r1/VJMWK56AVhVdpW7GkVdepxdFMZyWJ55NFemqiaPGdJp2Je9AoorQyKNn/yNB/69l/8AQmq5pSjzFGBjn+dFFef/AMvpHsw/gRILlR/wnVrwPuGu41YA28IIBBI4NFFYVf4j+RrT+BHKTKBM4AAAY4Aooor1Y7I8aW7P/9k=\", \"amount\": 3, \"full_price\": \"55.50\", \"product_id\": \"9a747859-1df2-4b00-9a06-1d1e16b8a9ab\", \"unit_price\": \"18.50\", \"final_price\": \"55.50\", \"unit_discount\": \"0.00\", \"total_discount\": \"0.00\", \"original_unit_price\": \"18.50\"}, {\"id\": \"9a747887-01db-4ba5-b473-12acbe4b581e\", \"sku\": \"M-TI003\", \"name\": \"Modern Skinny Tie\", \"type\": \"product\", \"urls\": null, \"image\": \"/9j/4AAQSkZJRgABAQEAYABgAAD//gA7Q1JFQVRPUjogZ2QtanBlZyB2MS4wICh1c2luZyBJSkcgSlBFRyB2ODApLCBxdWFsaXR5ID0gODAK/9sAQwAGBAUGBQQGBgUGBwcGCAoQCgoJCQoUDg8MEBcUGBgXFBYWGh0lHxobIxwWFiAsICMmJykqKRkfLTAtKDAlKCko/9sAQwEHBwcKCAoTCgoTKBoWGigoKCgoKCgoKCgoKCgoKCgoKCgoKCgoKCgoKCgoKCgoKCgoKCgoKCgoKCgoKCgoKCgo/8AAEQgAKAAyAwEiAAIRAQMRAf/EAB8AAAEFAQEBAQEBAAAAAAAAAAABAgMEBQYHCAkKC//EALUQAAIBAwMCBAMFBQQEAAABfQECAwAEEQUSITFBBhNRYQcicRQygZGhCCNCscEVUtHwJDNicoIJChYXGBkaJSYnKCkqNDU2Nzg5OkNERUZHSElKU1RVVldYWVpjZGVmZ2hpanN0dXZ3eHl6g4SFhoeIiYqSk5SVlpeYmZqio6Slpqeoqaqys7S1tre4ubrCw8TFxsfIycrS09TV1tfY2drh4uPk5ebn6Onq8fLz9PX29/j5+v/EAB8BAAMBAQEBAQEBAQEAAAAAAAABAgMEBQYHCAkKC//EALURAAIBAgQEAwQHBQQEAAECdwABAgMRBAUhMQYSQVEHYXETIjKBCBRCkaGxwQkjM1LwFWJy0QoWJDThJfEXGBkaJicoKSo1Njc4OTpDREVGR0hJSlNUVVZXWFlaY2RlZmdoaWpzdHV2d3h5eoKDhIWGh4iJipKTlJWWl5iZmqKjpKWmp6ipqrKztLW2t7i5usLDxMXGx8jJytLT1NXW19jZ2uLj5OXm5+jp6vLz9PX29/j5+v/aAAwDAQACEQMRAD8A+qaKK8y+NvjYeH9HOmWF2kOp3i4ZwfmhjPVgBzuPQenJ9KcYuTshpXdjH+KHxTFncyaV4evY43jJWe6RfMYHuqDpx3JP09a4TQvHWuW90J7bUdTumB+YS/vFb6g5rzqGaJX22du08p6NKNxP0UcfnmppZJQR/aF3sx0jB3MP+AjgfpXdGEYqx0RSSsfTHhv4p2N4Ei1i2ms5+hkRd8Z/AZI/X616DaXVveQLNaTRzRN0ZGBFfC2o6wN6W1hHMCT88pcbj/sqAOPrzUfhnxfq/h3X4L+wvJYRCyl0EhxIMgYYdGz3yM/lWM6UfskSguh950VU0+/ivbC2u48hJ4llXPowBH86K5jEyvHPie28KaDNf3BjMx+WCJ3C+Y/YfTufavkLxBfnVdTudR1W8e7vJ3Lv5S4GfTJ6AdBgdK9I+P8AfQ3vjprWeacpZQJGIkAwpYbyck9SGXt2FeYlrdSRBZ+Y3YyuW/QYrspQtG/c6IRsrle3lurkNHZxiGEfe2nA/wCBMetV7tbaxieW4l89lGRHB3PYbv8ACrUltdSkNeSJbxj7qudoH0Uc/pUl14Sv9U0+KTSmmfLbgwjwGx6DrVSlyobdkcXZyG4mUqowELZB6s2Sc/gOntW94N8PXfijxBpmi2sZfz5d7ygZKIOrHvgf/qrsvBPwI8VasyLd+TpmnZLebNkyAE8gKOT04yRX0x8PPh5onga1caZDvvJQBNdScu/t7D2/PNYOokjNzsjqbS0itbSG3iXEcSLGo9ABgUVYorAyPnL4peG/FN94+1a50zRJri1kZDHOkKNuAjUdTz2x+Fcwvgbx7cfImj3sYPH30jH8xRRW6rNLY19o0tjb0H4GeIby6ik1qa1tLYsDIgkLyEdxwMfrXvWgeFNN0aGNIYldkAAJHTHoKKKznNz3IlJy3N8DAwOlFFFQSFFFFAH/2Q==\", \"amount\": 1, \"full_price\": \"24.99\", \"product_id\": \"9a74785f-bb23-4d9c-890e-9c2a5424fb99\", \"unit_price\": \"22.99\", \"final_price\": \"22.99\", \"unit_discount\": \"2.00\", \"total_discount\": \"2.00\", \"original_unit_price\": \"24.99\"}, {\"id\": \"9a747886-d9e8-44b2-836f-949fa685d4d2\", \"sku\": \"M-BR003\", \"name\": \"Beaded Charm Bracelet\", \"type\": \"product\", \"urls\": null, \"image\": \"/9j/4AAQSkZJRgABAQEAYABgAAD//gA7Q1JFQVRPUjogZ2QtanBlZyB2MS4wICh1c2luZyBJSkcgSlBFRyB2ODApLCBxdWFsaXR5ID0gODAK/9sAQwAGBAUGBQQGBgUGBwcGCAoQCgoJCQoUDg8MEBcUGBgXFBYWGh0lHxobIxwWFiAsICMmJykqKRkfLTAtKDAlKCko/9sAQwEHBwcKCAoTCgoTKBoWGigoKCgoKCgoKCgoKCgoKCgoKCgoKCgoKCgoKCgoKCgoKCgoKCgoKCgoKCgoKCgoKCgo/8AAEQgAMgAyAwEiAAIRAQMRAf/EAB8AAAEFAQEBAQEBAAAAAAAAAAABAgMEBQYHCAkKC//EALUQAAIBAwMCBAMFBQQEAAABfQECAwAEEQUSITFBBhNRYQcicRQygZGhCCNCscEVUtHwJDNicoIJChYXGBkaJSYnKCkqNDU2Nzg5OkNERUZHSElKU1RVVldYWVpjZGVmZ2hpanN0dXZ3eHl6g4SFhoeIiYqSk5SVlpeYmZqio6Slpqeoqaqys7S1tre4ubrCw8TFxsfIycrS09TV1tfY2drh4uPk5ebn6Onq8fLz9PX29/j5+v/EAB8BAAMBAQEBAQEBAQEAAAAAAAABAgMEBQYHCAkKC//EALURAAIBAgQEAwQHBQQEAAECdwABAgMRBAUhMQYSQVEHYXETIjKBCBRCkaGxwQkjM1LwFWJy0QoWJDThJfEXGBkaJicoKSo1Njc4OTpDREVGR0hJSlNUVVZXWFlaY2RlZmdoaWpzdHV2d3h5eoKDhIWGh4iJipKTlJWWl5iZmqKjpKWmp6ipqrKztLW2t7i5usLDxMXGx8jJytLT1NXW19jZ2uLj5OXm5+jp6vLz9PX29/j5+v/aAAwDAQACEQMRAD8A+qaKKKQBRRRQAUUUUAFFFFAHNePPGWneDdLS61DfJNKSsECD5pSMZ57AZGTXi8vjj4neN7nHg+xWz090kQTCMKuexLPkhu3y45rtP2g/Cd74j0O0utM+a808uyRHJEisBuAA/i+UY/GvHfBPxC8c6NpkGn2VpcmD7UY0Eln5jqE+8nqTk4wSDngY6VpFK3mSzvovh18UtRhd9T8ZGB5YY1MS3D4UhgSDtGDwOowSSfxvf8Kx8exLO9t47mE0s0UhcyP8wXOc8c9sduOc9qng74u674i8YX2h6hpMUEYSTcoibdAVP3Wz1zyDkDn8q2/EfxJsvh5pu2az+0NIR5NrEREqjBJOeQBx0A7isZVnGoqZagnHmOb1G1+NHhWHz7e+i1qCPzZHB2yfQAHDHjBA7cjHr13wn+Kv/CU3MWja5Zmz1sBhlfuSlRluDyjcE456de1cRrP7ScIDJpWjAEx43zyFtj4BJ2gDKjJxyM47dKz/AIRWGs+LfiTD4puIpLe0T/SWkCbVdzlBGO3AHJ7dD1rbdakbbH05RRRWZQjorjDqGHoRWDeeD9Bu/NMmmwJJKctJEuxyfXcMGt+igDlIPAml2wxZXGo2wJywjumIY9shsg1l+JPhZpHiO3EGq3+qSxg7gPMQYPqMJXf0UuVXv1Hfoec6T8GPBWnTrL/ZZumWPy1F1IZFVfZTx+ld7p9haadax21hbQ21vGu1I4kCqo9ABVmimIKKKKACiiigAooooAKKKKACiiigD//Z\", \"amount\": 2, \"full_price\": \"49.98\", \"product_id\": \"9a74786a-8a10-4faf-93d8-24010007d01d\", \"unit_price\": \"22.99\", \"final_price\": \"45.98\", \"unit_discount\": \"2.00\", \"total_discount\": \"4.00\", \"original_unit_price\": \"24.99\"}]',NULL,'{\"id\": \"9a7477e9-bb89-4f55-b993-a5b1192b65d7\", \"name\": {\"de\": \"Standard Small (unter 5 kg)\", \"en\": \"Standard Small (under 5kg)\", \"fr\": \"Standard petit (moins de 5 kg)\"}, \"slug\": \"standard-small-1\", \"price\": 7.99, \"enabled\": true, \"created_at\": \"2023-10-25T16:09:46.000000Z\", \"deleted_at\": null, \"updated_at\": \"2023-10-25T16:09:46.000000Z\", \"description\": {\"de\": \"Zustellung per königlicher Post. (ca. 3-5 Tage)\", \"en\": \"Royal mail delivery. (approximately 3-5 days)\", \"fr\": \"Livraison du courrier royal. (environ 3 à 5 jours)\"}, \"enabled_by_default_on_creation\": true}','{\"delivery\": 7.99, \"subtotal\": 2057.97, \"total_payable\": 2065.96, \"applied_discount\": 0}',1,'alice-cooper-port-sofia-1',NULL,'2023-10-25 16:11:36','2023-10-25 16:11:36'),('9a747891-63c8-4696-95dc-2abb27ea7dc9','9a7477c6-ee5e-48b5-95f4-9d8a18c386d4','9a747882-4576-4877-aca8-116d545a99f7','{\"id\": \"9a747881-b4ab-431a-be18-e03176fb2d67\", \"lat\": \"-88.136726\", \"lon\": \"93.504511\", \"name\": null, \"slug\": \"eleanor-holmes-lake-henry\", \"town\": \"Lake Henry\", \"country\": \"UK\", \"user_id\": \"9a7477c6-ee5e-48b5-95f4-9d8a18c386d4\", \"post_code\": \"BB4 5TZ\", \"created_at\": \"2023-10-25T16:11:26.000000Z\", \"deleted_at\": null, \"updated_at\": \"2023-10-25T16:11:26.000000Z\", \"address_line_1\": \"5 Allen Springs\", \"address_line_2\": null, \"google_maps_url\": \"https://www.google.com/maps/@-88.136726,93.504511,14z\"}','{\"amount\": \"2434.06\", \"source\": {\"id\": \"9a747881-e295-4345-8506-abe07d3a70f6\", \"name\": \"quas rem\", \"slug\": \"holmes-quas-rem\", \"brand\": \"visa\", \"user_id\": \"9a7477c6-ee5e-48b5-95f4-9d8a18c386d4\", \"exp_year\": \"2023\", \"exp_month\": \"1\", \"last_four\": \"3802\", \"source_id\": \"7UYzdwKmCmZDHNFwzFjv8bymhw6V7KysvisFsyiI74RMjFhpYBY1fld4pEalQmRgku3zm5mqxheFYmGIy4cJEnDzLPd9P8byRvs7HJis8mJMlNuFhNPpz9VjTPLttsNB96i7mV52YHEngRA5YwCemQ\", \"created_at\": \"2023-10-25T16:11:26.000000Z\", \"deleted_at\": null, \"updated_at\": \"2023-10-25T16:11:26.000000Z\", \"stripe_user_id\": \"BMKbL6ta8IsbIgQAHCNn7olPPYPCnJtfKEMH0uFEkIopWisCFjIYvrmRDGxzk7nVZEqpm4MsWBAEb1JP7cTJ3QJz1NsbZ2b49VSbXsIy67gFe1IDJdOwOs8T\", \"payment_method_id\": 1}, \"created_at\": \"25-10-2023 16:11\", \"payment_ref\": \"LdRfqgiwfR\"}','[{\"id\": \"9a747887-6dc3-4b4e-bd71-cdfbde14ab11\", \"sku\": \"M-J002\", \"name\": \"Casual V-Neck Modern Jumper - (Size) L\", \"type\": \"product_variant\", \"urls\": null, \"image\": \"/9j/4AAQSkZJRgABAQEAYABgAAD//gA7Q1JFQVRPUjogZ2QtanBlZyB2MS4wICh1c2luZyBJSkcgSlBFRyB2ODApLCBxdWFsaXR5ID0gODAK/9sAQwAGBAUGBQQGBgUGBwcGCAoQCgoJCQoUDg8MEBcUGBgXFBYWGh0lHxobIxwWFiAsICMmJykqKRkfLTAtKDAlKCko/9sAQwEHBwcKCAoTCgoTKBoWGigoKCgoKCgoKCgoKCgoKCgoKCgoKCgoKCgoKCgoKCgoKCgoKCgoKCgoKCgoKCgoKCgo/8AAEQgAMgAyAwEiAAIRAQMRAf/EAB8AAAEFAQEBAQEBAAAAAAAAAAABAgMEBQYHCAkKC//EALUQAAIBAwMCBAMFBQQEAAABfQECAwAEEQUSITFBBhNRYQcicRQygZGhCCNCscEVUtHwJDNicoIJChYXGBkaJSYnKCkqNDU2Nzg5OkNERUZHSElKU1RVVldYWVpjZGVmZ2hpanN0dXZ3eHl6g4SFhoeIiYqSk5SVlpeYmZqio6Slpqeoqaqys7S1tre4ubrCw8TFxsfIycrS09TV1tfY2drh4uPk5ebn6Onq8fLz9PX29/j5+v/EAB8BAAMBAQEBAQEBAQEAAAAAAAABAgMEBQYHCAkKC//EALURAAIBAgQEAwQHBQQEAAECdwABAgMRBAUhMQYSQVEHYXETIjKBCBRCkaGxwQkjM1LwFWJy0QoWJDThJfEXGBkaJicoKSo1Njc4OTpDREVGR0hJSlNUVVZXWFlaY2RlZmdoaWpzdHV2d3h5eoKDhIWGh4iJipKTlJWWl5iZmqKjpKWmp6ipqrKztLW2t7i5usLDxMXGx8jJytLT1NXW19jZ2uLj5OXm5+jp6vLz9PX29/j5+v/aAAwDAQACEQMRAD8A6dVqVRxz0pi1zfxPtru68DanHYTtDLsBO3q65+ZfbIpt21ZCTbsjobLULG9eSOzvLaeSP76xSqxX6gHirTLXhvw98AX1jrWl6imoTwukuZkWPZhcZ2kk859hjHevdazp1Y1FeLNatCdFpTViB1yKqyrV4ioJVrQyKWaKkMZzRQBIrgck8UjXKRwhptx8wZWPbzj0x/nrVGacpCSOpIX8yB/WrU0Yhvo5JTv86VIoxj7i7eR/M/XFfN57mU8HVpxh2b9Xsr+W7+49jLMHGvCUpen/AA3nsZXhjSbmGSSZtsIMrNGgGSFzgBjnB+XA4xW/NJPpxlu7jyzbFAr/AOwATzj8f5VdgUKPlHQ4NLqJfyx5aq+CDtJxkf5zXx6zTF4uoqK1Un8O33dU/me9UoUYrnlpZb+RG+0hXiYNE43Kw5BBqJhTdPMMWnJaxqUMRwiFSML6fh0/CnGvv8nxVTE4ZOsmpRdnfS9uvz6+dz5XHUY0azUHdPVEW2ilor1TjOf371AJ6EH8jmrrTSTGNmYbw6AEDp8wrKjbpRql2tlpsl277FgIkLYJ6EenNcWNwkKsJVOS81FpfNHThsRKEowcrRumzsbNi0jt2JzVi8U7Qw6VwNl8SdBUnfeorHqFt5D/AEFalp460fU7u2srS4dpJ2IBMRVScZxkn2r4DLcpx1PHU6joySTV207W69D6LGY7DSoyiqiba7o6DtUbdKk7VDIa/TD5QjzRTM0UDOaTrVHxh/yKWqf9cDRRVx3M3seFyf8AH1H/ALtdR4WJGu6OQcH7XDz/AMDFFFd/RnnS3ifRZ6VA/SiivOPUK1FFFIZ//9k=\", \"amount\": 6, \"full_price\": \"129.00\", \"product_id\": \"9a7477f8-f3a4-4a28-ab49-b20f28d9bd1e\", \"unit_price\": \"21.50\", \"final_price\": \"129.00\", \"unit_discount\": \"0.00\", \"total_discount\": \"0.00\", \"product_variant_id\": \"9a747872-cc18-4549-9334-8c81eba57ade\", \"original_unit_price\": \"21.50\"}, {\"id\": \"9a747887-4813-4993-bb26-f4e5a1a194a6\", \"sku\": \"M-TR003\", \"name\": \"Sporty Track Pants - (Size) XS\", \"type\": \"product_variant\", \"urls\": null, \"image\": \"/9j/4AAQSkZJRgABAQEAYABgAAD//gA7Q1JFQVRPUjogZ2QtanBlZyB2MS4wICh1c2luZyBJSkcgSlBFRyB2ODApLCBxdWFsaXR5ID0gODAK/9sAQwAGBAUGBQQGBgUGBwcGCAoQCgoJCQoUDg8MEBcUGBgXFBYWGh0lHxobIxwWFiAsICMmJykqKRkfLTAtKDAlKCko/9sAQwEHBwcKCAoTCgoTKBoWGigoKCgoKCgoKCgoKCgoKCgoKCgoKCgoKCgoKCgoKCgoKCgoKCgoKCgoKCgoKCgoKCgo/8AAEQgAMgAyAwEiAAIRAQMRAf/EAB8AAAEFAQEBAQEBAAAAAAAAAAABAgMEBQYHCAkKC//EALUQAAIBAwMCBAMFBQQEAAABfQECAwAEEQUSITFBBhNRYQcicRQygZGhCCNCscEVUtHwJDNicoIJChYXGBkaJSYnKCkqNDU2Nzg5OkNERUZHSElKU1RVVldYWVpjZGVmZ2hpanN0dXZ3eHl6g4SFhoeIiYqSk5SVlpeYmZqio6Slpqeoqaqys7S1tre4ubrCw8TFxsfIycrS09TV1tfY2drh4uPk5ebn6Onq8fLz9PX29/j5+v/EAB8BAAMBAQEBAQEBAQEAAAAAAAABAgMEBQYHCAkKC//EALURAAIBAgQEAwQHBQQEAAECdwABAgMRBAUhMQYSQVEHYXETIjKBCBRCkaGxwQkjM1LwFWJy0QoWJDThJfEXGBkaJicoKSo1Njc4OTpDREVGR0hJSlNUVVZXWFlaY2RlZmdoaWpzdHV2d3h5eoKDhIWGh4iJipKTlJWWl5iZmqKjpKWmp6ipqrKztLW2t7i5usLDxMXGx8jJytLT1NXW19jZ2uLj5OXm5+jp6vLz9PX29/j5+v/aAAwDAQACEQMRAD8A+qaKKKAPi34l/Grxg/jTWrbRdcmtNKt7qSK3SKOMHap253bcnOM8nvWT4Y+NHjOy8Q6bcanr13dWEc6GeGUgrJHn5gcD0zXmN87m+naU5dnbcT65qexjimWYz3Cw+XEXXKljI3ACjHc56njg0AfpeCGAKkEHkEUVR0F1l0LTpEOVe2jYH1BUVeoAKKKKACiiigD83PiDp7aT408Qafg5tr+eIe4EhA/TFUNSsbrSdSu9Pv4zFd2srQyof4WU4I/MV6Z8dbNLL9oLUkKjypbu2mIx13JGW/UmtL9rDw7/AGP8TTqMSbbfV7dZ8gceYvyOPyCn/gVAH174OOfCOhn/AKcYP/Ra1r1yvwovhqPwz8LXO4MzabArEf3lQK36g11VABRRRQAUUUUAfGP7Rtq9x+0BDDGCHuBZqp9ScKK9N/bL0+KXwNouokDz7fUfIU99skbFh+ca/lWJ8VvC+ual+0p4c1CLRr+XSUuLHddxQM8W1JAWLMAQuOc5x611P7YiM3wssivRNViY/Ty5R/WgDe/Zgnkm+DGiiQ58p7iNT7ec5/rXqteR/srSb/g1pg/uXFwv/kQn+teuUAFFFFABRRRQAVDd2tveQmG8giuIiclJUDqT9DRRQA63ghtoVitoo4Yl6JGoUD8BUlFFABRRRQB//9k=\", \"amount\": 7, \"full_price\": \"160.93\", \"product_id\": \"9a7477ff-efd1-45f7-a283-f038580e02b2\", \"unit_price\": \"22.99\", \"final_price\": \"160.93\", \"unit_discount\": \"0.00\", \"total_discount\": \"0.00\", \"product_variant_id\": \"9a747873-a768-4c2d-8303-4eb0a505892d\", \"original_unit_price\": \"22.99\"}, {\"id\": \"9a747887-b2bb-4773-b195-9e38d30e6472\", \"sku\": \"W-S003\", \"name\": \"Floral Midi Skirt - (Size) L\", \"type\": \"product_variant\", \"urls\": null, \"image\": \"/9j/4AAQSkZJRgABAQEAYABgAAD//gA7Q1JFQVRPUjogZ2QtanBlZyB2MS4wICh1c2luZyBJSkcgSlBFRyB2ODApLCBxdWFsaXR5ID0gODAK/9sAQwAGBAUGBQQGBgUGBwcGCAoQCgoJCQoUDg8MEBcUGBgXFBYWGh0lHxobIxwWFiAsICMmJykqKRkfLTAtKDAlKCko/9sAQwEHBwcKCAoTCgoTKBoWGigoKCgoKCgoKCgoKCgoKCgoKCgoKCgoKCgoKCgoKCgoKCgoKCgoKCgoKCgoKCgoKCgo/8AAEQgAMgAyAwEiAAIRAQMRAf/EAB8AAAEFAQEBAQEBAAAAAAAAAAABAgMEBQYHCAkKC//EALUQAAIBAwMCBAMFBQQEAAABfQECAwAEEQUSITFBBhNRYQcicRQygZGhCCNCscEVUtHwJDNicoIJChYXGBkaJSYnKCkqNDU2Nzg5OkNERUZHSElKU1RVVldYWVpjZGVmZ2hpanN0dXZ3eHl6g4SFhoeIiYqSk5SVlpeYmZqio6Slpqeoqaqys7S1tre4ubrCw8TFxsfIycrS09TV1tfY2drh4uPk5ebn6Onq8fLz9PX29/j5+v/EAB8BAAMBAQEBAQEBAQEAAAAAAAABAgMEBQYHCAkKC//EALURAAIBAgQEAwQHBQQEAAECdwABAgMRBAUhMQYSQVEHYXETIjKBCBRCkaGxwQkjM1LwFWJy0QoWJDThJfEXGBkaJicoKSo1Njc4OTpDREVGR0hJSlNUVVZXWFlaY2RlZmdoaWpzdHV2d3h5eoKDhIWGh4iJipKTlJWWl5iZmqKjpKWmp6ipqrKztLW2t7i5usLDxMXGx8jJytLT1NXW19jZ2uLj5OXm5+jp6vLz9PX29/j5+v/aAAwDAQACEQMRAD8A+qayfFuq/wBheFtX1UAM1nayzqp6MyqSB+JwK1q89+O0oHw+mtWSR1vLmCFhG207Q4c/N24QjPvSbsrsaV3Y8RPxM8XCCaddemnjjkW2WVIkCIG37pJlKgq6jBx90YGalX4keK2Eso8RHY0kdqJ08t4IUIAMzjblWzg4Py/MRxxXERWV3BrP9k6rDLFqKRzSySROCxRmV98h6SDGV2/7OeaS2Y6rewWmoNNYahOlxLctHCo+VpY5VllQcMCCBjjG3Paua73v/wAN3N7dLf12Pqb4MeKLvxV4TlutSkjku4rqSNmjYMNpwyjIA6BscgHiu9rw79nvWo7zXdetvtEclzLEk0qpEI8lXYCTA4O9ZE544VR2r3GuiN7amEt9AoooqhBXjH7U90yeBLKxRZSbu8wSgJACxu3zAfw5wD6Zz2r2evD/ANqJ7WDTfDVzqF5JbWsN25byvvsSoUbR3xncR6CplsOO54hZxrN5aWrf2OLq3hkQXVwSbvyxjbE56B/NI2njHbtUEshitbm3lnNjPmTcLmQ5kjjwGhhlHUEYTb7e2KfYKqme2t5UudHtQ8KTsQWvmGySO3AIDL0IGMZ447VW0COYx2EU0kK6ZZBxdXkiKYolk2SCEqT8v7wMpxjOccYrl6tv+v8Ag+R0eSPcvga8Vl4yu4jZ/wBnnUIWmtrb5XURBYjlXA45IyvTPr1r3qvmX4ATy3Xji2+zaNBYWcEU2SXAlCuoZVKn5iOQc9+O+a+mq3pK0bGNTV3CiiitSAr59/az1JtOi8MskkIYreMscsHm72AiHA7EBicnj65r6Crwr9pewur2+8LtY6Wb+ZGmU4x8sbbPMHI2jKgjJ6EioqNKLuXBXkjxm+lZ5Uur5Z724K/bY7+ytwirNuXblTjeFAPTPUjHeqULQyWQW6tBqNhePNO7W8ggm8uNWA80cAEt82Ovy9O1NtlazmsmuXuo7qXzrXTLdo8JaOzgK28H51AGD1PTg961nFHFpRe/3rpWlyrMti8ZJnd1AbEnPB5Yeue3WuVK39f11+Ru9f6/r/M9V+C+o3T+PPDSXA82S6jlNxNPbiF0kW3I8tP7wGD27E/T6er5b+EGnahJ8RPDurak2oTSO8kkSI2+CGN7ZgN3fcFIBboSeuev1JW9C3LoZVb82oUUUVsZBTZY0ljaOVFdGGGVhkEehFFFDApJoulI0LJplirQf6oiBAY+c/LxxzzxU0VhZxTyzxWluk0rbpJFjAZzjGSccnAAoorMtksEENuhS3ijiQnJVFCjPrxUlFFaEBRRRQB//9k=\", \"amount\": 8, \"full_price\": \"183.92\", \"product_id\": \"9a747811-89af-4477-b351-11ee1cfd0b9b\", \"unit_price\": \"22.99\", \"final_price\": \"183.92\", \"unit_discount\": \"0.00\", \"total_discount\": \"0.00\", \"product_variant_id\": \"9a747874-8cdf-49bf-95cf-504bd2288899\", \"original_unit_price\": \"22.99\"}, {\"id\": \"9a747887-4f1d-432d-ac5f-ebdf6943296c\", \"sku\": \"W-TR001\", \"name\": \"Classic Dress Trousers - (Size) M\", \"type\": \"product_variant\", \"urls\": null, \"image\": \"/9j/4AAQSkZJRgABAQEAYABgAAD//gA7Q1JFQVRPUjogZ2QtanBlZyB2MS4wICh1c2luZyBJSkcgSlBFRyB2ODApLCBxdWFsaXR5ID0gODAK/9sAQwAGBAUGBQQGBgUGBwcGCAoQCgoJCQoUDg8MEBcUGBgXFBYWGh0lHxobIxwWFiAsICMmJykqKRkfLTAtKDAlKCko/9sAQwEHBwcKCAoTCgoTKBoWGigoKCgoKCgoKCgoKCgoKCgoKCgoKCgoKCgoKCgoKCgoKCgoKCgoKCgoKCgoKCgoKCgo/8AAEQgAMgAyAwEiAAIRAQMRAf/EAB8AAAEFAQEBAQEBAAAAAAAAAAABAgMEBQYHCAkKC//EALUQAAIBAwMCBAMFBQQEAAABfQECAwAEEQUSITFBBhNRYQcicRQygZGhCCNCscEVUtHwJDNicoIJChYXGBkaJSYnKCkqNDU2Nzg5OkNERUZHSElKU1RVVldYWVpjZGVmZ2hpanN0dXZ3eHl6g4SFhoeIiYqSk5SVlpeYmZqio6Slpqeoqaqys7S1tre4ubrCw8TFxsfIycrS09TV1tfY2drh4uPk5ebn6Onq8fLz9PX29/j5+v/EAB8BAAMBAQEBAQEBAQEAAAAAAAABAgMEBQYHCAkKC//EALURAAIBAgQEAwQHBQQEAAECdwABAgMRBAUhMQYSQVEHYXETIjKBCBRCkaGxwQkjM1LwFWJy0QoWJDThJfEXGBkaJicoKSo1Njc4OTpDREVGR0hJSlNUVVZXWFlaY2RlZmdoaWpzdHV2d3h5eoKDhIWGh4iJipKTlJWWl5iZmqKjpKWmp6ipqrKztLW2t7i5usLDxMXGx8jJytLT1NXW19jZ2uLj5OXm5+jp6vLz9PX29/j5+v/aAAwDAQACEQMRAD8A7yGOrZUiNivUDIpkK1YkU+RJjOdpxjr0qgPlXw54JvfEujC6tYpWmmuDI0gXdwq8dSPvMzd/4a7jRvgpq2oQzB5XRgdhRkjXPH97zD7dj1r0n4U6RZ213dabptzcJbW8CIqE7grEbmPPqWP4YrqNNk1CLVNT01Z4Umgfh87i5KKRwR8o6dz3+tQ8RNN8rsmdKwsLWmrtepzXhb+0n8OWa65az2upRKYp0mTaSykruHYg4zkcc1ZuE4rbuoHhPlSvvdOCdxPPU8nnrmsu4Wne+pzySi7Io7T6UVPtooEbUNXIhVCFxV2JxVMDP8OWtvpfjR4rVDHFPbB9u4kBtzZwD0HTgcVn2jNH8TNbYHh/LfGf9gD+lP1iSS08SWl7AzF/IZNpPykZ/wDrj8qpWVyz/EHUYwwO+CN246EKB/7MKwlud1O/Ld9jpbnLszHqTms64WtKUiqFxg1qcJV2e1FTgCigCeKBverkUDe9XRo98p+Xy2/GrUFlfxn5rZHHtIKsRzmu26wxQ3MzBVjJXLHA+Yf4gVznhW1e88X3moQjfbXUW6KVehUEDH1+WtL412viO48L2lp4d068N3Jdxsz2/wA+FUE4OOnzBeTxVL4D6hd3Oqaro+p6VLaPaKJId8bKUGcFWzxn5hjHoazcbu50wqWg0/M7RtMkPrUEmjO3Y1362a/3akFip/hFWcx5z/YsnoaK9G+wL/doo0AorUsdFFAEh6VNB1oooGWUqVaKKTAdRRRSA//Z\", \"amount\": 9, \"full_price\": \"269.91\", \"product_id\": \"9a747818-5355-407e-b0c3-a0b1f5b8086a\", \"unit_price\": \"29.99\", \"final_price\": \"269.91\", \"unit_discount\": \"0.00\", \"total_discount\": \"0.00\", \"product_variant_id\": \"9a747875-061f-46ce-b54f-eb3638d12bc6\", \"original_unit_price\": \"29.99\"}, {\"id\": \"9a747887-7fbc-489d-8d7f-eb70439670be\", \"sku\": \"W-SK002\", \"name\": \"Sporty Ankle Socks - (Size) 9\", \"type\": \"product_variant\", \"urls\": null, \"image\": \"/9j/4AAQSkZJRgABAQEAYABgAAD//gA7Q1JFQVRPUjogZ2QtanBlZyB2MS4wICh1c2luZyBJSkcgSlBFRyB2ODApLCBxdWFsaXR5ID0gODAK/9sAQwAGBAUGBQQGBgUGBwcGCAoQCgoJCQoUDg8MEBcUGBgXFBYWGh0lHxobIxwWFiAsICMmJykqKRkfLTAtKDAlKCko/9sAQwEHBwcKCAoTCgoTKBoWGigoKCgoKCgoKCgoKCgoKCgoKCgoKCgoKCgoKCgoKCgoKCgoKCgoKCgoKCgoKCgoKCgo/8AAEQgAMgAyAwEiAAIRAQMRAf/EAB8AAAEFAQEBAQEBAAAAAAAAAAABAgMEBQYHCAkKC//EALUQAAIBAwMCBAMFBQQEAAABfQECAwAEEQUSITFBBhNRYQcicRQygZGhCCNCscEVUtHwJDNicoIJChYXGBkaJSYnKCkqNDU2Nzg5OkNERUZHSElKU1RVVldYWVpjZGVmZ2hpanN0dXZ3eHl6g4SFhoeIiYqSk5SVlpeYmZqio6Slpqeoqaqys7S1tre4ubrCw8TFxsfIycrS09TV1tfY2drh4uPk5ebn6Onq8fLz9PX29/j5+v/EAB8BAAMBAQEBAQEBAQEAAAAAAAABAgMEBQYHCAkKC//EALURAAIBAgQEAwQHBQQEAAECdwABAgMRBAUhMQYSQVEHYXETIjKBCBRCkaGxwQkjM1LwFWJy0QoWJDThJfEXGBkaJicoKSo1Njc4OTpDREVGR0hJSlNUVVZXWFlaY2RlZmdoaWpzdHV2d3h5eoKDhIWGh4iJipKTlJWWl5iZmqKjpKWmp6ipqrKztLW2t7i5usLDxMXGx8jJytLT1NXW19jZ2uLj5OXm5+jp6vLz9PX29/j5+v/aAAwDAQACEQMRAD8A9gUACmkgVJ5ZfGCoB9TimzJBAM3N0iD25pkjN1PWQVXOo6TGoZpi4JwCTgE1S1XxDb28Mf8AZ6wNIzYyRvwME96BpXNtTkZFNOCa5mx8S3cmoW6XMubd32uigAYIxnj0zn8K3tzRzNG3UHFK45RsT7faijNFMmxj69EZ7KP53QRygkoxBOQQBx7kVSVsiPMsjY4wT7VtXKFredQMtsJUe45FcxEsu3cy7QWGCTkAUhjPEltGbQXSLm4iydxJyF2nP9K5eGV2ijbznZCykBmJz09a7j7OXTy5EGHB6jFcrd6P/ZsCW0sn7wRjy3zhSBwP5UpLqbUn0H6bIX1C3zG2zzACT09K792LwQzH74/dv/vL/wDWxXmYZnWKUuxIOMdArDqK9D0O6GoWf+1KmSPSRev5j+dEdgqrqXhJxRVbcaKLmJfQYlFcxBH5bXtuTkxSEDPcdq6nHziuf1eP7Pr77jsS7iXDHoGFMENTcBwxyOevaqPiVBPpkcp5aB+f909f1x+dTlbtLoR+V5gH93+ND6e/T8q0bTSrq6XYLZmt3BDiVSpwfrQOLs7nncYVLuW3+bypMfNj/Vv0B+h6fl610nhCW5t7meKUYaNRMCv3SQR0/A/pW83gNpA0c+oGOAjG1UXcR9SOvvXQ6XoOn6cvyCSZ9u0vIckj3/8A1UktTWdSLVkILGCYCVZVCv8AMBnoDRWmI7YAAW8QA7YoqrGFzHPUVQ8QIkj2wdVYYPBGfSiigEdRpkEMcUQjijQFRkKoGasXJKkBSQPQUUUAQNULmiigTIs0UUUwP//Z\", \"amount\": 10, \"full_price\": \"145.00\", \"product_id\": \"9a74781f-10cc-4cac-aa74-c373841f91c5\", \"unit_price\": \"14.50\", \"final_price\": \"145.00\", \"unit_discount\": \"0.00\", \"total_discount\": \"0.00\", \"product_variant_id\": \"9a747875-6d9a-4214-b414-5ce7816e4eea\", \"original_unit_price\": \"14.50\"}, {\"id\": \"9a747887-5e22-4b1a-a06b-6fc38dd28e74\", \"sku\": \"W-SN002\", \"name\": \"Sporty Running Sneakers - (Size) 8, (Colour) Bright Red\", \"type\": \"product_variant\", \"urls\": null, \"image\": \"/9j/4AAQSkZJRgABAQEAYABgAAD//gA7Q1JFQVRPUjogZ2QtanBlZyB2MS4wICh1c2luZyBJSkcgSlBFRyB2ODApLCBxdWFsaXR5ID0gODAK/9sAQwAGBAUGBQQGBgUGBwcGCAoQCgoJCQoUDg8MEBcUGBgXFBYWGh0lHxobIxwWFiAsICMmJykqKRkfLTAtKDAlKCko/9sAQwEHBwcKCAoTCgoTKBoWGigoKCgoKCgoKCgoKCgoKCgoKCgoKCgoKCgoKCgoKCgoKCgoKCgoKCgoKCgoKCgoKCgo/8AAEQgAMgAyAwEiAAIRAQMRAf/EAB8AAAEFAQEBAQEBAAAAAAAAAAABAgMEBQYHCAkKC//EALUQAAIBAwMCBAMFBQQEAAABfQECAwAEEQUSITFBBhNRYQcicRQygZGhCCNCscEVUtHwJDNicoIJChYXGBkaJSYnKCkqNDU2Nzg5OkNERUZHSElKU1RVVldYWVpjZGVmZ2hpanN0dXZ3eHl6g4SFhoeIiYqSk5SVlpeYmZqio6Slpqeoqaqys7S1tre4ubrCw8TFxsfIycrS09TV1tfY2drh4uPk5ebn6Onq8fLz9PX29/j5+v/EAB8BAAMBAQEBAQEBAQEAAAAAAAABAgMEBQYHCAkKC//EALURAAIBAgQEAwQHBQQEAAECdwABAgMRBAUhMQYSQVEHYXETIjKBCBRCkaGxwQkjM1LwFWJy0QoWJDThJfEXGBkaJicoKSo1Njc4OTpDREVGR0hJSlNUVVZXWFlaY2RlZmdoaWpzdHV2d3h5eoKDhIWGh4iJipKTlJWWl5iZmqKjpKWmp6ipqrKztLW2t7i5usLDxMXGx8jJytLT1NXW19jZ2uLj5OXm5+jp6vLz9PX29/j5+v/aAAwDAQACEQMRAD8AzbSJV4hiye7Ma0YLRdwdHAfvSRnzB7U+7Y2Gn3F4cBYY2kyemQOAfqcD8a8tJyaiup7cmoRcn0MHxNJYXlrNamWZ5g6xKY49ymQsFC5yOcn3r2GIW/h7wzbq5EccEIHPGMCvnPXPG7fa9O0/T5Vi03TfJmhGwHfcBVMjv/eO/djOeOPet/XPGep+LbGH7QkcEIHKw5w59ee3tXTisOo2jDZdTkweJc25VN3sjH+IOvzeJdQb5iLVD8i+vvVbwnYxSHawbcPQVLFpplYfLzXceHNEjgiV5I9r+o4zWLajHlRuk5y5mQroNttH7qLp/dFFdJ9ig/uCisuY25UV1sA5DQMEJ6qelcf8UdXNlpZ0kyrvIWScp1ORlU/I7j/wH0ru9OdM4dWTPQueDXlnj/wlrWo+JJ5bWGedZWG0bDtC4AyGHHbkHB9j1rqwjipuUumxx41ScFGPV6nm+hWFxq96LW3Xofmb+6K9m0jw/cx2kUaxgBFCgtyeBTvDng+LwnYfadQuImunG6THQYGcD2HrXK3Wu+Ib/wAS2tzphuI7BpfKVuiEDG78hXQqUsQ9HaP5s5XWjhlqry3a7I9Et9GS2xLfTRRJ6uwUfrW7YT2k8bLZ3EM4TG4IwO30rxy8ur2fV5Had5ImbBLFmBH1xxXUfDqKWXVbm7j3fZo4zBuHR3JVjj6AD/voVdfL40qbm5aozw2ZyrVVBR0Z6HtHofzoqPy5PQ/nRXkntkNqFGAJTGfpnNa0UcZQbwsmO5rk7SeULhZlI9CORV+K/uIeh8wUyTlfijqC215FaywObSWMA7W2cgk4z7+nfFYFhd6rrdrFpOlReXZw5AGfljB65Pv19ep9a9GvLm0v1AvLXJXjp+mD1HtzTreaOGIR6fAUA6kpsA/T+VejTx7p0lBLVHlVctVSs6jej3MbQvh9ZxBZNZuJrnuYY28pD7HGW/IiusAsbGJYrSO3toIxtSKIYVR/MnuSeTWduLZaZS/1fAqrc3TqCEghA+ua5amIqVdJM7qWGp0dYIvnUIMn95RWF9quf7sH/fNFYWN7kKn5EPerFqxy3J6UUU2CLkHzDLcn3qVycdaKKQzMu3bzFG449M0rE7aKKYikWOTyfzooopiP/9k=\", \"amount\": 6, \"full_price\": \"167.70\", \"product_id\": \"9a747824-1d85-4967-aa32-7c06af994493\", \"unit_price\": \"27.95\", \"final_price\": \"167.70\", \"unit_discount\": \"0.00\", \"total_discount\": \"0.00\", \"product_variant_id\": \"9a74786f-225f-4c35-a5f7-6d31bb2dd4e2\", \"original_unit_price\": \"27.95\"}, {\"id\": \"9a747887-989d-4276-abe1-02107ece7e73\", \"sku\": \"M-LO001\", \"name\": \"Classic Leather Loafers - (Size) 8.5, (Colour) Dark Green\", \"type\": \"product_variant\", \"urls\": null, \"image\": \"/9j/4AAQSkZJRgABAQEAYABgAAD//gA7Q1JFQVRPUjogZ2QtanBlZyB2MS4wICh1c2luZyBJSkcgSlBFRyB2ODApLCBxdWFsaXR5ID0gODAK/9sAQwAGBAUGBQQGBgUGBwcGCAoQCgoJCQoUDg8MEBcUGBgXFBYWGh0lHxobIxwWFiAsICMmJykqKRkfLTAtKDAlKCko/9sAQwEHBwcKCAoTCgoTKBoWGigoKCgoKCgoKCgoKCgoKCgoKCgoKCgoKCgoKCgoKCgoKCgoKCgoKCgoKCgoKCgoKCgo/8AAEQgAMgAyAwEiAAIRAQMRAf/EAB8AAAEFAQEBAQEBAAAAAAAAAAABAgMEBQYHCAkKC//EALUQAAIBAwMCBAMFBQQEAAABfQECAwAEEQUSITFBBhNRYQcicRQygZGhCCNCscEVUtHwJDNicoIJChYXGBkaJSYnKCkqNDU2Nzg5OkNERUZHSElKU1RVVldYWVpjZGVmZ2hpanN0dXZ3eHl6g4SFhoeIiYqSk5SVlpeYmZqio6Slpqeoqaqys7S1tre4ubrCw8TFxsfIycrS09TV1tfY2drh4uPk5ebn6Onq8fLz9PX29/j5+v/EAB8BAAMBAQEBAQEBAQEAAAAAAAABAgMEBQYHCAkKC//EALURAAIBAgQEAwQHBQQEAAECdwABAgMRBAUhMQYSQVEHYXETIjKBCBRCkaGxwQkjM1LwFWJy0QoWJDThJfEXGBkaJicoKSo1Njc4OTpDREVGR0hJSlNUVVZXWFlaY2RlZmdoaWpzdHV2d3h5eoKDhIWGh4iJipKTlJWWl5iZmqKjpKWmp6ipqrKztLW2t7i5usLDxMXGx8jJytLT1NXW19jZ2uLj5OXm5+jp6vLz9PX29/j5+v/aAAwDAQACEQMRAD8A1YTaqOY8H6f/AF6laazx0wR7GogXIztcfVRTXV2zw3/fsVwKJ6N0R3F1Bn5WYfRBWdcXkSqTlz+Ap+sTJp1hLd3W9IYxydgzknAH51wi+MLeeYLcxvbo/CSZDJ9GOODWkYXVyHPWx0Nxfxk/xflWfLfRnOVJ/AVKbO4uEDxDcjDIZcEEfWq82l3QBOCPriq5ULmIftUX90/kKKj/ALPuPainyi5j1CaYW0Ek1zNFHDGNzMxwAK4Bvi3ptvqLW11YXUUYOFlG1gR2bHHH50vj/XUu/DVxAiyA70ZiRwQGHv8ASvKHjgukVJvmUfdIPK/T29qqnSUldkTqNOx7H4l1GPxd4auINGmt7j7sgMRO9cHPzIQGA/CvI7HVNX8MawtwI2jkU4YModHHQgg8EH3re8AP/Y/iWC4jiimCqRl+cZGOB617Gtvo3iGPydUhhWUjiRhjP/Ah/WtI05xjdLQiUot76nPeC9U0XV5TLZ20entNHmS1hY7BJn5nRScAYA+UdOa6d9GeUExSxsK5+X4W3ul3bXHhvUrXymO77LdhtoPqrKMg/hXQeHNH1wXobWUt4UiztMc+8Pxj0B/Oi9KUNNGg/eKWuqK58PTZ++v50V2f9nr/AH0/M0VzcxtY8z1TwxNNGwRAyn+HFed634NntXaWCKSI9cAfKa9y+1N1Ea474NNllSTho0I9KUakkXKmnufNsV01hcj7UktvMp4ccA/0NddpXjQRRhZjFKP7wbafy5r1O60vSrtCtxp8D56kgVkTeBvDMxy+kR/8BYj+tdUMU0c8sPfqXPh14vl1DVEs4nD2u0kox3FeO3oK9N8yKQDeq1wXh/TdO8PRMmk2UdsrHLYOSfqSc1pvq7L1/pWNSftJXSsaQjyKzZ1gWDH8P60Vx51lv8kUVnZllVQNx4qF/wDWGiis0asZk5PJqNZH80je2PrRRVIhjZJH/vt+dRmRznLsfxooq0QyLcfU0UUUxn//2Q==\", \"amount\": 10, \"full_price\": \"299.90\", \"product_id\": \"9a747837-fd5e-4cf2-85b4-63a666a3436a\", \"unit_price\": \"29.99\", \"final_price\": \"299.90\", \"unit_discount\": \"0.00\", \"total_discount\": \"0.00\", \"product_variant_id\": \"9a747870-413f-41ed-9e62-8368628d3216\", \"original_unit_price\": \"29.99\"}, {\"id\": \"9a747887-a1da-4c42-8c11-e66a03988e5b\", \"sku\": \"M-LO003\", \"name\": \"Fashion Slip-On Loafers - (Size) 10\", \"type\": \"product_variant\", \"urls\": null, \"image\": \"/9j/4AAQSkZJRgABAQEAYABgAAD//gA7Q1JFQVRPUjogZ2QtanBlZyB2MS4wICh1c2luZyBJSkcgSlBFRyB2ODApLCBxdWFsaXR5ID0gODAK/9sAQwAGBAUGBQQGBgUGBwcGCAoQCgoJCQoUDg8MEBcUGBgXFBYWGh0lHxobIxwWFiAsICMmJykqKRkfLTAtKDAlKCko/9sAQwEHBwcKCAoTCgoTKBoWGigoKCgoKCgoKCgoKCgoKCgoKCgoKCgoKCgoKCgoKCgoKCgoKCgoKCgoKCgoKCgoKCgo/8AAEQgAMgAyAwEiAAIRAQMRAf/EAB8AAAEFAQEBAQEBAAAAAAAAAAABAgMEBQYHCAkKC//EALUQAAIBAwMCBAMFBQQEAAABfQECAwAEEQUSITFBBhNRYQcicRQygZGhCCNCscEVUtHwJDNicoIJChYXGBkaJSYnKCkqNDU2Nzg5OkNERUZHSElKU1RVVldYWVpjZGVmZ2hpanN0dXZ3eHl6g4SFhoeIiYqSk5SVlpeYmZqio6Slpqeoqaqys7S1tre4ubrCw8TFxsfIycrS09TV1tfY2drh4uPk5ebn6Onq8fLz9PX29/j5+v/EAB8BAAMBAQEBAQEBAQEAAAAAAAABAgMEBQYHCAkKC//EALURAAIBAgQEAwQHBQQEAAECdwABAgMRBAUhMQYSQVEHYXETIjKBCBRCkaGxwQkjM1LwFWJy0QoWJDThJfEXGBkaJicoKSo1Njc4OTpDREVGR0hJSlNUVVZXWFlaY2RlZmdoaWpzdHV2d3h5eoKDhIWGh4iJipKTlJWWl5iZmqKjpKWmp6ipqrKztLW2t7i5usLDxMXGx8jJytLT1NXW19jZ2uLj5OXm5+jp6vLz9PX29/j5+v/aAAwDAQACEQMRAD8A6UJz0rJ1zxJo+gz20OrXsdtJcZ8sMCc46kkDgc96wPiJ4/XwfdWMCWIu3nBd/wB5s2KDgdjyefyryP4keKIPFmoW13bxSpaxwCMo+MxvuJPT8PrSSKPo62nhuoEmtpUliYZV0YMp/EVLtr5f8L+IdV8NTiTTLlljPLwOd0b/AIf1HNe6eDfHFl4hXyJYzZ6ig+aBz973U9x+tKwHVbKjdMg1YGCOOaRloGVPL9qKs0UAfPvxdsrg+Mrh7jcY7hFaBj04AGB+OR+NcfFBJuVUUmU/KBjO7/ZI719IeNvDMHiLSmt5RtnTLQy90b/A14va3B0HVrtLqJf7QiBiKOMncccj6jv7+9UhGBh9C1WCLUoHjWN0kaMjJUZBx7g10mtW5utMj12zutl3E4H7vhnXswx6cAn/AOvWhrCW3iTwul/O4GpQFYYguCZOo2MOwGOvJOcfTjNO1S50MeW6+bp0xIeFuit0OPQ4/wA8UBseu/DXx82ooun61IovAcJLjAcds+9enZzivlSJlWUXNk25RzjuPYivdPhr4kbWNLEVyxNxCdhYnlhjgn3/AMKTQI7jH1opwJx2opDFZM+9eV/F/wAJPcpHrdlEWlgXbOq9SnZvqP5fSvWMjtTHUMuDyD2oEeBeCvsusR3OlvdC2ln2sgY8M69CPf2o1rQpdP1CZL6BHikIY5XKlvX/AD613Xir4Y6fqcr3WlyHT7sncdg+Qn1x2/CuYu9F8eWsJspXhvbfG1ZXG8gfXGfzqrgLpvw80bW7RLvSri4sZT96NX3KD3HPPWuz8I+DRoDAJJuGdxbOSx9TVf4eaHfaVBtumJz8zEjGSTk13RY4GakA2/SilDcdqKAHjtTx1oooAa1IKKKAGkc0yXtRRQBFmiiigD//2Q==\", \"amount\": 1, \"full_price\": \"29.99\", \"product_id\": \"9a74783b-cf57-4103-8c03-8cf70613a692\", \"unit_price\": \"29.99\", \"final_price\": \"29.99\", \"unit_discount\": \"0.00\", \"total_discount\": \"0.00\", \"product_variant_id\": \"9a747877-8d6d-47f8-94e1-b8261418eb05\", \"original_unit_price\": \"29.99\"}, {\"id\": \"9a747887-76de-4718-b22d-fb07a4fd4d09\", \"sku\": \"M-BO001\", \"name\": \"Classic Leather Boots - (Size) 8\", \"type\": \"product_variant\", \"urls\": null, \"image\": \"/9j/4AAQSkZJRgABAQEAYABgAAD//gA7Q1JFQVRPUjogZ2QtanBlZyB2MS4wICh1c2luZyBJSkcgSlBFRyB2ODApLCBxdWFsaXR5ID0gODAK/9sAQwAGBAUGBQQGBgUGBwcGCAoQCgoJCQoUDg8MEBcUGBgXFBYWGh0lHxobIxwWFiAsICMmJykqKRkfLTAtKDAlKCko/9sAQwEHBwcKCAoTCgoTKBoWGigoKCgoKCgoKCgoKCgoKCgoKCgoKCgoKCgoKCgoKCgoKCgoKCgoKCgoKCgoKCgoKCgo/8AAEQgAMgAyAwEiAAIRAQMRAf/EAB8AAAEFAQEBAQEBAAAAAAAAAAABAgMEBQYHCAkKC//EALUQAAIBAwMCBAMFBQQEAAABfQECAwAEEQUSITFBBhNRYQcicRQygZGhCCNCscEVUtHwJDNicoIJChYXGBkaJSYnKCkqNDU2Nzg5OkNERUZHSElKU1RVVldYWVpjZGVmZ2hpanN0dXZ3eHl6g4SFhoeIiYqSk5SVlpeYmZqio6Slpqeoqaqys7S1tre4ubrCw8TFxsfIycrS09TV1tfY2drh4uPk5ebn6Onq8fLz9PX29/j5+v/EAB8BAAMBAQEBAQEBAQEAAAAAAAABAgMEBQYHCAkKC//EALURAAIBAgQEAwQHBQQEAAECdwABAgMRBAUhMQYSQVEHYXETIjKBCBRCkaGxwQkjM1LwFWJy0QoWJDThJfEXGBkaJicoKSo1Njc4OTpDREVGR0hJSlNUVVZXWFlaY2RlZmdoaWpzdHV2d3h5eoKDhIWGh4iJipKTlJWWl5iZmqKjpKWmp6ipqrKztLW2t7i5usLDxMXGx8jJytLT1NXW19jZ2uLj5OXm5+jp6vLz9PX29/j5+v/aAAwDAQACEQMRAD8A8NstGe7dRGuyQjKlGJBrovD/AIamMxj1GEDb0OOeteo6XoVvGiBYxnoCB0rpoh4Z0wQRa1eFr6SNpxAijIRQTyT9DWDqnSqaONsPDgQ+RNZrJA6/eI6HHrVXUdBtQ/lMpjWEblHXdV+++JSaTrs9re6TE9hFIU/cyMH2Z4YE8E4wegqTxPr3hHTGtrrV9YuPJu4Eure3tbZmllibOCS2FXoR1OCDWak3qjSdJw3R5jqkZDyMyjk/eH1rFd/lbaDnOa7nUfiF4QkCpZ+EpbiyKjLT37JKG7/dGPT9au+GtF8OePI7248M2t3ZXVgqyTWMsgl3oc5ZGwCcEcgjv17VrGdtzB0pLU4FPMKKdvUf3aK9XXwY20Yhlxj+7/8AWoqvaIOQ6/QNKgnQx3VzNHIp3CSAeUT/AENcF+0JZRaRp+j6gG86RpXtnDMAzxMuSBj0x17Z969E0G+06ecLZ3UsUmcGKdHQg/RgK8q/ahmbf4djadHQLOdg4IP7vn9P51lHcq7uVvhlJo3iTW7R9bdZikXkFZ14mZeFLe5TGPdW9K1v2ifCtvp3gnR5rG3l8vTZzBC65YLbyAttZjk/K4AGezeua8R8P6gtneRucgqwIPoa+ovAvjiz1TRxY649vNE67GEnIYHswNZSl7OZ3um61PmTufJdpOqnZKfk6jIyAf8ACvoP4PeJ/BWkzWV3Ar6dq6w+TMyf6ucYGQcj1wexyPSk8Z/Bjw9qMk154X1q205my32eaQNFn0B6r+v0r5/vYrjStQntJmQywSGNijZUkHGQe4rbSqtDm/hO09UfcI1/w8wDLe4B5AEg4/SiviYavdgACWT8zRUezn3L/wBnPphdfu0t7eWCQS7iQMEOvB4xjO3/AIFj2HavMfiuPFPjHVLCOW0s7mS2DRwmwBy4OM7icZ+6OeB1q/pmuxW7O11GLvPygSYIVfQAgj866vSPiBbWUii1sY7dOmIiF/UDOPbNbKMo7HLKcGjyWT4UeL7ZYmawjeRxuMSTKWX2Pao7zw54n0mPF9o+rwIOrrbM4/MHFfQNv44W6O6MQAnse1RXOrai0xk0zUI7FGGGQQCUN7/MSB+Ap8k5bolVVD4ZNHzjZXMJukTyLy5nJAAf5R9Co5P/AH0K948MeCPBM1ja/wBuaffXl/OqtseEQrFxnAUNk/7zEk4HNa9jIrS+beJp09wRhpRZiNiPqp4NX5XjBBhZkwcjDGhwn0QvaQesmZ5+GvgdiSnh2HaeRmabOPwNFaS3R2jc5J7naOf0oqPZ1R89I+byTnqanhY7upooroMTUgZsL8x/Out8OSO0DhnYgdMmiinDcmWxtW7NnqfzrSRjs6n86KK0IJwTgc0UUUgP/9k=\", \"amount\": 9, \"full_price\": \"251.91\", \"product_id\": \"9a747842-6a35-4a29-9cc8-3e6ab4c8d128\", \"unit_price\": \"27.99\", \"final_price\": \"251.91\", \"unit_discount\": \"0.00\", \"total_discount\": \"0.00\", \"product_variant_id\": \"9a747878-0b45-490f-8dff-35c5a247d589\", \"original_unit_price\": \"27.99\"}, {\"id\": \"9a747887-3f32-4ea0-9ed5-2f93c03c9842\", \"sku\": \"M-BO003\", \"name\": \"Outdoor Hiking Boots - (Size) 10, (Colour) Black\", \"type\": \"product_variant\", \"urls\": null, \"image\": \"/9j/4AAQSkZJRgABAQEAYABgAAD//gA7Q1JFQVRPUjogZ2QtanBlZyB2MS4wICh1c2luZyBJSkcgSlBFRyB2ODApLCBxdWFsaXR5ID0gODAK/9sAQwAGBAUGBQQGBgUGBwcGCAoQCgoJCQoUDg8MEBcUGBgXFBYWGh0lHxobIxwWFiAsICMmJykqKRkfLTAtKDAlKCko/9sAQwEHBwcKCAoTCgoTKBoWGigoKCgoKCgoKCgoKCgoKCgoKCgoKCgoKCgoKCgoKCgoKCgoKCgoKCgoKCgoKCgoKCgo/8AAEQgAMgAyAwEiAAIRAQMRAf/EAB8AAAEFAQEBAQEBAAAAAAAAAAABAgMEBQYHCAkKC//EALUQAAIBAwMCBAMFBQQEAAABfQECAwAEEQUSITFBBhNRYQcicRQygZGhCCNCscEVUtHwJDNicoIJChYXGBkaJSYnKCkqNDU2Nzg5OkNERUZHSElKU1RVVldYWVpjZGVmZ2hpanN0dXZ3eHl6g4SFhoeIiYqSk5SVlpeYmZqio6Slpqeoqaqys7S1tre4ubrCw8TFxsfIycrS09TV1tfY2drh4uPk5ebn6Onq8fLz9PX29/j5+v/EAB8BAAMBAQEBAQEBAQEAAAAAAAABAgMEBQYHCAkKC//EALURAAIBAgQEAwQHBQQEAAECdwABAgMRBAUhMQYSQVEHYXETIjKBCBRCkaGxwQkjM1LwFWJy0QoWJDThJfEXGBkaJicoKSo1Njc4OTpDREVGR0hJSlNUVVZXWFlaY2RlZmdoaWpzdHV2d3h5eoKDhIWGh4iJipKTlJWWl5iZmqKjpKWmp6ipqrKztLW2t7i5usLDxMXGx8jJytLT1NXW19jZ2uLj5OXm5+jp6vLz9PX29/j5+v/aAAwDAQACEQMRAD8A+qa4P4meLr3wpfaI9usDWErSNeBhmQopT7nboW6+1d5Xzt8VdTbxH4huhAd1lADaRkHrgncw+rEj6AVMnZDSuev+BvHWkeMrOefTGdPJ271lwDhs4PB9jW/p2pWWoozWNzHMFJDBTypBxyOo5Br5Wjjh0fTYLWCJVRUO4YyTxknOR+fvXb/AyPf46nmgY+UNNxIAwIzvGAevr7dKiNRt2KcbHvtFFFakBRRRQByHxO1qXSNAWK1dori+c28cw42HaW4PrgHH4+lfPOnxymO1aRdssYKtnOcgkGvdPjP4k8P6J4ejtvEMVxcNdNut4rfAkDJg7wSRjBI+ucYIzXgfhjXxrom81VW5gxuCjAZT0P5isqqdrouDszQ1ETMrHINsU2nkrg/3iR7V1Pwo1EWvjXTpGjEUdzFJa4BBwTtKg8Z6oK55YkkjNvJKQXOQckAc8dKxxJLpmoJdW0lxHdRyEwyoxyCDwcAn9fes6epU2fXtFfFc/wAS/HKXzC78RXySLkbRhRn6AYz+FeifCr41a1c+JLHRvE/lXdveSLBHchAkkbMcLuxwQSQOme+a6LmR9IUUUUwPmb9qSxux4v0q9Me60ksxEhI43q7Fh+TL+deQ+Gr9tK1dZxxGfkmTGDtPX+XH0r7r1XS7DV7Q2uqWdveW5OfLnjDrn1we/vXLj4W+CQXP/CPWhL9SSxP4c8fhSsB4ZcXtpBYx3jXMX2eTiOXrk+n14qjNd2V+sfl3sQkAI5cxk5+uPSvV/FXwmSGKd/CscL2sxBl0q5bEZ45MbnO09ODx7ivIPEPw/wBT0u4kihs9UtHHIie2e4ib/dkjDAjkdefWsvZpO6L529Gc54ti02S8BtGJvlUbwpDI3tuz1rsvgP4AvNe8RWOu3cEsGlafIs6vIpXzpFIKqvqAQCT7Y71y+heBPF3iG8gt7XS7pIWcBp5YDHEozySxA/Ic19p28YhgjiGMIoUYGBwPStIqysS3cfRRRVCCiiigAooooAKKKKACiiigD//Z\", \"amount\": 8, \"full_price\": \"239.92\", \"product_id\": \"9a747845-b20e-487e-9f86-7b4e736ba01a\", \"unit_price\": \"29.99\", \"final_price\": \"239.92\", \"unit_discount\": \"0.00\", \"total_discount\": \"0.00\", \"product_variant_id\": \"9a74786f-cd6a-4a8a-8211-3e5c091a34f6\", \"original_unit_price\": \"29.99\"}, {\"id\": \"9a747887-8919-425d-ba1b-522c9ed53589\", \"sku\": \"M-SN002\", \"name\": \"Classic Canvas Sneakers - (Size) 9\", \"type\": \"product_variant\", \"urls\": null, \"image\": \"/9j/4AAQSkZJRgABAQEAYABgAAD//gA7Q1JFQVRPUjogZ2QtanBlZyB2MS4wICh1c2luZyBJSkcgSlBFRyB2ODApLCBxdWFsaXR5ID0gODAK/9sAQwAGBAUGBQQGBgUGBwcGCAoQCgoJCQoUDg8MEBcUGBgXFBYWGh0lHxobIxwWFiAsICMmJykqKRkfLTAtKDAlKCko/9sAQwEHBwcKCAoTCgoTKBoWGigoKCgoKCgoKCgoKCgoKCgoKCgoKCgoKCgoKCgoKCgoKCgoKCgoKCgoKCgoKCgoKCgo/8AAEQgAMgAyAwEiAAIRAQMRAf/EAB8AAAEFAQEBAQEBAAAAAAAAAAABAgMEBQYHCAkKC//EALUQAAIBAwMCBAMFBQQEAAABfQECAwAEEQUSITFBBhNRYQcicRQygZGhCCNCscEVUtHwJDNicoIJChYXGBkaJSYnKCkqNDU2Nzg5OkNERUZHSElKU1RVVldYWVpjZGVmZ2hpanN0dXZ3eHl6g4SFhoeIiYqSk5SVlpeYmZqio6Slpqeoqaqys7S1tre4ubrCw8TFxsfIycrS09TV1tfY2drh4uPk5ebn6Onq8fLz9PX29/j5+v/EAB8BAAMBAQEBAQEBAQEAAAAAAAABAgMEBQYHCAkKC//EALURAAIBAgQEAwQHBQQEAAECdwABAgMRBAUhMQYSQVEHYXETIjKBCBRCkaGxwQkjM1LwFWJy0QoWJDThJfEXGBkaJicoKSo1Njc4OTpDREVGR0hJSlNUVVZXWFlaY2RlZmdoaWpzdHV2d3h5eoKDhIWGh4iJipKTlJWWl5iZmqKjpKWmp6ipqrKztLW2t7i5usLDxMXGx8jJytLT1NXW19jZ2uLj5OXm5+jp6vLz9PX29/j5+v/aAAwDAQACEQMRAD8AwwaX61LYW7Xt7BbR/fmkWNfqTis+81nTn1Y2mmw3JiU+X5srqd7Z6gADA9ufrWaTZs2kWqt6ypgW0httNbeAvmSNLtaXcATgHjAzgY680hspUjZ5sRIozlv4vYetGpLHrepR6qs5gtlj8u7Ksy5WNBncFyQNo6Acn1zkXBJvUicmtiC7hNvJtYqSRnAOSPY+9Vz0qvqLy2ery21vbC4tlcKr26ngEAjIGcnBHv2NTtnOCCCKU48rHCXMgyaKTJoqCzQ0m+bR5v7XFuLhbJlfyy23eScAZ7dz+FcZNrMH2hZ9OtbaOSVix+Ynyz6Zb+ld1Z2UGt+HL7S7a4ji1iRt8Ucp2iZQBwp/vAjP+eK+lfDpJvDs0d3C0Woqh27jjDjoD6jP861i0kZSu2YemajObFI7i4WeWST3dm5wFHGM8n/PFdFobJIl/p6OI7m/i22zZwpnGdik9gckZ96890WPUDKttBMYHyySIRgqM84OOv410Vzp9zpdtCjzCQkbldRjaeuPwqp9xQ7G5d+KNCWGCPUVu9IvogEms/IZAHHB6LkjPqap3t1FfKNQttzQSyuglwQshAU5GR1wwB9wT3r0bw/8SNO1XToodUu4LXUowBNFdEKkhHG9SeOfSuP+JnieDWtTsrbT5o57e1QlpImyhZscA9DgDt61LaaHG6Zgb6KqBzjv+VFZmo6dFcAMDkcgjjB9q9J+GuoSanp11a6hdvPcW75Bk5ZoSOme5BB5PPNecE063ubqyuUubCYwXKdGHIPsR3FCYmrnSeItNjmubqaRIG3uWQROFAxkKPyx9aw7zUNOtbBbe+nhjuHUExp8xDY68ZrJ8T3aa8FOrWk0E6knz7IgqxPdkP8AQ5rjbrTY43/cakHX0lidG/LBrZTT0Zk4tbHWxGG6iVyoIPY9qnSNV6AD6ViaA06o/nlmBwAT7cVuA5ArJ76Gi2HUUZ9qKBlgAbRSyAZ6dqKKkYxwMdBVWVV5+UflRRTQhIQMdBU0YGelFFAEoUY6CiiimB//2Q==\", \"amount\": 9, \"full_price\": \"202.50\", \"product_id\": \"9a747849-2324-4c87-8812-df0d42b72937\", \"unit_price\": \"22.50\", \"final_price\": \"202.50\", \"unit_discount\": \"0.00\", \"total_discount\": \"0.00\", \"product_variant_id\": \"9a747878-9628-4ac9-98ad-8f1d471f32e9\", \"original_unit_price\": \"22.50\"}, {\"id\": \"9a747887-654b-4b74-bd3f-1f88a4bb35a5\", \"sku\": \"W-HA002\", \"name\": \"Classic Fedora Hat\", \"type\": \"product\", \"urls\": null, \"image\": \"/9j/4AAQSkZJRgABAQEAYABgAAD//gA7Q1JFQVRPUjogZ2QtanBlZyB2MS4wICh1c2luZyBJSkcgSlBFRyB2ODApLCBxdWFsaXR5ID0gODAK/9sAQwAGBAUGBQQGBgUGBwcGCAoQCgoJCQoUDg8MEBcUGBgXFBYWGh0lHxobIxwWFiAsICMmJykqKRkfLTAtKDAlKCko/9sAQwEHBwcKCAoTCgoTKBoWGigoKCgoKCgoKCgoKCgoKCgoKCgoKCgoKCgoKCgoKCgoKCgoKCgoKCgoKCgoKCgoKCgo/8AAEQgAMgAyAwEiAAIRAQMRAf/EAB8AAAEFAQEBAQEBAAAAAAAAAAABAgMEBQYHCAkKC//EALUQAAIBAwMCBAMFBQQEAAABfQECAwAEEQUSITFBBhNRYQcicRQygZGhCCNCscEVUtHwJDNicoIJChYXGBkaJSYnKCkqNDU2Nzg5OkNERUZHSElKU1RVVldYWVpjZGVmZ2hpanN0dXZ3eHl6g4SFhoeIiYqSk5SVlpeYmZqio6Slpqeoqaqys7S1tre4ubrCw8TFxsfIycrS09TV1tfY2drh4uPk5ebn6Onq8fLz9PX29/j5+v/EAB8BAAMBAQEBAQEBAQEAAAAAAAABAgMEBQYHCAkKC//EALURAAIBAgQEAwQHBQQEAAECdwABAgMRBAUhMQYSQVEHYXETIjKBCBRCkaGxwQkjM1LwFWJy0QoWJDThJfEXGBkaJicoKSo1Njc4OTpDREVGR0hJSlNUVVZXWFlaY2RlZmdoaWpzdHV2d3h5eoKDhIWGh4iJipKTlJWWl5iZmqKjpKWmp6ipqrKztLW2t7i5usLDxMXGx8jJytLT1NXW19jZ2uLj5OXm5+jp6vLz9PX29/j5+v/aAAwDAQACEQMRAD8A6nFZOoa/p1ixWSfzJB/BENx/wFc7rWrXOoO0cTtDa9Ao4LD3/wAKw5LXA+Uc1aRKidBeeOo0LLaafJM45w0gXH14OKztP8ZXd3q6TRWsi6fsO+N2GA3sep5HpjFef34ZXunvrp0/esI4YjtJx0JP5Vp+F7yWXT4w7iWUZDtnqfWonLlWh9HkGWYfGYjkr3t/X9afeeo6Tr7Xt+IJokjVwdmCc59DW+RXlFzdpYx/armdbdIyCHY4we2PevRPDepNrOlwX6tEYJV+XZnJPQk+n0/WlF3OrirKcPgakJ4dpJrWN9fX5/oaOKKdRVnyBw4hJHSmtCAMn8639T0/7PKXjH7ljn/dPpWVcRFgqKcEnFXdWuapX2OJ1LQRNM09yyzAcgDIJP4dqWxvbaIiy07y2lztG0fKD6D1P0rrvHnheSPw6x0+ebzTaT3Ty9h5aqdvtncf++a8z+GN3Yw63pxvYk820mBfIPzLjAbgE+n+TXFUqcyvE+my/GzwMPZ0l78t32XRIpeKNEurm+F1c3cl1CrFWUjHlH0x2/ECvSfgus0NpeQeYWtQ2VU9m9fbj+Vdn8TNQ05/BN0m5VN5H5cRCbDIxGARnnj19q4H4MmbT7m70+4Z3jlQSQyMpAcrwcHv1FRRqOT1PLx8W3KUtW97nqm2il59qK7TyB7KGUqwBU8EGuZ1/SLpUMunAydymcMPp6101GaW6sVGTi7oq2d6J/BOoG64/wBHeN1bjBIKnNfOGn2ktv4ria3B3xFgGjPX5SMj8cYr6EuIPtcWtaeOfOh3qvqev8xXL+F/C6RP5sygyM53HHQAkY/SvPg+WTgexP34qfc5u10q81nxRpn/AAk073TynCwFycIOcn/AV9D6rounp4eijS3jRowDGQOVI6EV5YbR7f4h6adnBjOT6dP8f0r1/VJMWK56AVhVdpW7GkVdepxdFMZyWJ55NFemqiaPGdJp2Je9AoorQyKNn/yNB/69l/8AQmq5pSjzFGBjn+dFFef/AMvpHsw/gRILlR/wnVrwPuGu41YA28IIBBI4NFFYVf4j+RrT+BHKTKBM4AAAY4Aooor1Y7I8aW7P/9k=\", \"amount\": 3, \"full_price\": \"55.50\", \"product_id\": \"9a747859-1df2-4b00-9a06-1d1e16b8a9ab\", \"unit_price\": \"18.50\", \"final_price\": \"55.50\", \"unit_discount\": \"0.00\", \"total_discount\": \"0.00\", \"original_unit_price\": \"18.50\"}, {\"id\": \"9a747887-55d3-4b03-a518-3e21cd9beb88\", \"sku\": \"M-SG002\", \"name\": \"Sporty Wraparound Sunglasses\", \"type\": \"product\", \"urls\": null, \"image\": \"/9j/4AAQSkZJRgABAQEAYABgAAD//gA7Q1JFQVRPUjogZ2QtanBlZyB2MS4wICh1c2luZyBJSkcgSlBFRyB2ODApLCBxdWFsaXR5ID0gODAK/9sAQwAGBAUGBQQGBgUGBwcGCAoQCgoJCQoUDg8MEBcUGBgXFBYWGh0lHxobIxwWFiAsICMmJykqKRkfLTAtKDAlKCko/9sAQwEHBwcKCAoTCgoTKBoWGigoKCgoKCgoKCgoKCgoKCgoKCgoKCgoKCgoKCgoKCgoKCgoKCgoKCgoKCgoKCgoKCgo/8AAEQgAMgAyAwEiAAIRAQMRAf/EAB8AAAEFAQEBAQEBAAAAAAAAAAABAgMEBQYHCAkKC//EALUQAAIBAwMCBAMFBQQEAAABfQECAwAEEQUSITFBBhNRYQcicRQygZGhCCNCscEVUtHwJDNicoIJChYXGBkaJSYnKCkqNDU2Nzg5OkNERUZHSElKU1RVVldYWVpjZGVmZ2hpanN0dXZ3eHl6g4SFhoeIiYqSk5SVlpeYmZqio6Slpqeoqaqys7S1tre4ubrCw8TFxsfIycrS09TV1tfY2drh4uPk5ebn6Onq8fLz9PX29/j5+v/EAB8BAAMBAQEBAQEBAQEAAAAAAAABAgMEBQYHCAkKC//EALURAAIBAgQEAwQHBQQEAAECdwABAgMRBAUhMQYSQVEHYXETIjKBCBRCkaGxwQkjM1LwFWJy0QoWJDThJfEXGBkaJicoKSo1Njc4OTpDREVGR0hJSlNUVVZXWFlaY2RlZmdoaWpzdHV2d3h5eoKDhIWGh4iJipKTlJWWl5iZmqKjpKWmp6ipqrKztLW2t7i5usLDxMXGx8jJytLT1NXW19jZ2uLj5OXm5+jp6vLz9PX29/j5+v/aAAwDAQACEQMRAD8A+qaKKgvLy2soTNeXENvEOryuEUfiaAJ6K5638Z+H57mOGLUoz5r+XHKUdYZG7KspGwk9gDk10NABRRUD3tql7HZvcwLdyKXSAyAOyjqQvUigCeiiigDwz41+LfFWi+KBpunXotNLkto50aFAJHyWV13kEggqDkf3hWD4Y+JPgnSLj7V4i0TUzrCrkXc8xv8Ad7qzkbT/AMBH1r1D4y+EbjxLoUVzpcQl1Sx3GOLIBmjbG9ATwDlVIz3XHGc15L8Lvh5qWv6rqv8Abdpfabpn2GaylWeJomleTGAFYDIUgPnplVoA7fUfjX4dvbea1uPD2qXVnKpR45kgIcHsVMh4rK0L43eEfDUElnev4mWBpC1ul7Ckvkpx+7V1YllHbcSR0rx+70+/0G+uNI1tSmpWjFJM9HXPyuvqrDkH+oNavgKBLz4i+FFaJZtuoK+0jPRWOfwxn8KdgPoIeI/EviyNB4T0x9K06UAnVNTTaxU944ep9ieK1v8AhCrO2tkk04hdZFxFctqdwPNmlZSA29upBTcu0EABuMV1lFIAooooAKKKKAMLxR4R0HxTHEmv6bDeeVny3bKumeu11IYfgaoeFfh54Z8K373uiad5VyylRJLM8zKD1CtIWK59jXWUUAFFFFABRRRQAUUUUAFFFFABRRRQAUUUUAf/2Q==\", \"amount\": 4, \"full_price\": \"78.00\", \"product_id\": \"9a747863-654e-4688-96fe-c475f58dbe10\", \"unit_price\": \"17.50\", \"final_price\": \"70.00\", \"unit_discount\": \"2.00\", \"total_discount\": \"8.00\", \"original_unit_price\": \"19.50\"}, {\"id\": \"9a747887-a977-4aec-818d-10a875775bd0\", \"sku\": \"M-BR001\", \"name\": \"Leather Cuff Bracelet\", \"type\": \"product\", \"urls\": null, \"image\": \"/9j/4AAQSkZJRgABAQEAYABgAAD//gA7Q1JFQVRPUjogZ2QtanBlZyB2MS4wICh1c2luZyBJSkcgSlBFRyB2ODApLCBxdWFsaXR5ID0gODAK/9sAQwAGBAUGBQQGBgUGBwcGCAoQCgoJCQoUDg8MEBcUGBgXFBYWGh0lHxobIxwWFiAsICMmJykqKRkfLTAtKDAlKCko/9sAQwEHBwcKCAoTCgoTKBoWGigoKCgoKCgoKCgoKCgoKCgoKCgoKCgoKCgoKCgoKCgoKCgoKCgoKCgoKCgoKCgoKCgo/8AAEQgAMgAyAwEiAAIRAQMRAf/EAB8AAAEFAQEBAQEBAAAAAAAAAAABAgMEBQYHCAkKC//EALUQAAIBAwMCBAMFBQQEAAABfQECAwAEEQUSITFBBhNRYQcicRQygZGhCCNCscEVUtHwJDNicoIJChYXGBkaJSYnKCkqNDU2Nzg5OkNERUZHSElKU1RVVldYWVpjZGVmZ2hpanN0dXZ3eHl6g4SFhoeIiYqSk5SVlpeYmZqio6Slpqeoqaqys7S1tre4ubrCw8TFxsfIycrS09TV1tfY2drh4uPk5ebn6Onq8fLz9PX29/j5+v/EAB8BAAMBAQEBAQEBAQEAAAAAAAABAgMEBQYHCAkKC//EALURAAIBAgQEAwQHBQQEAAECdwABAgMRBAUhMQYSQVEHYXETIjKBCBRCkaGxwQkjM1LwFWJy0QoWJDThJfEXGBkaJicoKSo1Njc4OTpDREVGR0hJSlNUVVZXWFlaY2RlZmdoaWpzdHV2d3h5eoKDhIWGh4iJipKTlJWWl5iZmqKjpKWmp6ipqrKztLW2t7i5usLDxMXGx8jJytLT1NXW19jZ2uLj5OXm5+jp6vLz9PX29/j5+v/aAAwDAQACEQMRAD8A+qa+d1+M+qy/HZNDgMbeHmvhpfk+WNxfds8wN1+/+GO2ea+iK+FPC/Px6sFycf8ACRKf/JigD7rorE8TeKdJ8OW5k1O6VXxlYUIMjfQf1PFeS6t8fJLPUI0g8NvLascZNzh2HqBtwKAPdaKyPCviGy8TaPDqOnmRUcfNHKu1427qw9a16ACiiigBHZURncgKoySewr8/dUv7L/hLr240yW5iumvXngvI2IKkuSOByuOORzxX6BSIsiMjgMjAgg9xX56eP/Dk3hHxtqekTuiNBK7Rtu3Fo+WQ4GcErjg+v40dQO18M6frep3VzPPe5uGjPlvOd+5vUE557Z7ZrrfC8GlQL9sumkmv8FZGuG3MjA4II9iMVozqmqfB3R/FGkusl1p0K2t6UGPMVPlVyPXGAfr/ALNeP3PiN5ryV1Yq0nLY7kcZ/LH5VSYHvehfECx0LXbeVnCWszCK5UHjaeA/1H6ivflIZQVIIPII71+dGqahNO4YMc9DX278D9Zk1z4W6BdXDFp0hNu5PUmNigJ9yFB/Gkw3O6ooopAFfP37Uvw2Gtac3jCwnt7e6023K3SSnb50YPy7T/eGSMHrkDsAfoGsLxz4atvGHhPUdBvZHigvIwvmJ1RgwZW98MoOO9AHxJ8O/iDfeENJ1fS4Y4LvTtUi8uWG4BIRsYLLgjnBI/L0rn7qwkhuZJEBMauVB9s4/lXZeJ/gv4u8O6qLc2D3loXwl3bIXQrnqcDKn2NeyeEfgzNqNij62rWMMnzFc/vcewH3fx59qYHiXhvwXc6jqCQS4EpXeYurBfU+g9zX2D8KfD7+GfBFjp8qlJMvKyH+HcxIH1xitLwx4U0XwzaC30exjhzy0hG6Rz6sx5JrcpXAKKKKACiiigAooooAKKKKACiiigD/2Q==\", \"amount\": 8, \"full_price\": \"151.92\", \"product_id\": \"9a747867-23c5-4a3f-b71e-344103911407\", \"unit_price\": \"16.99\", \"final_price\": \"135.92\", \"unit_discount\": \"2.00\", \"total_discount\": \"16.00\", \"original_unit_price\": \"18.99\"}, {\"id\": \"9a747887-9055-49ad-baa7-772fd267c9d7\", \"sku\": \"M-BR003\", \"name\": \"Beaded Charm Bracelet\", \"type\": \"product\", \"urls\": null, \"image\": \"/9j/4AAQSkZJRgABAQEAYABgAAD//gA7Q1JFQVRPUjogZ2QtanBlZyB2MS4wICh1c2luZyBJSkcgSlBFRyB2ODApLCBxdWFsaXR5ID0gODAK/9sAQwAGBAUGBQQGBgUGBwcGCAoQCgoJCQoUDg8MEBcUGBgXFBYWGh0lHxobIxwWFiAsICMmJykqKRkfLTAtKDAlKCko/9sAQwEHBwcKCAoTCgoTKBoWGigoKCgoKCgoKCgoKCgoKCgoKCgoKCgoKCgoKCgoKCgoKCgoKCgoKCgoKCgoKCgoKCgo/8AAEQgAMgAyAwEiAAIRAQMRAf/EAB8AAAEFAQEBAQEBAAAAAAAAAAABAgMEBQYHCAkKC//EALUQAAIBAwMCBAMFBQQEAAABfQECAwAEEQUSITFBBhNRYQcicRQygZGhCCNCscEVUtHwJDNicoIJChYXGBkaJSYnKCkqNDU2Nzg5OkNERUZHSElKU1RVVldYWVpjZGVmZ2hpanN0dXZ3eHl6g4SFhoeIiYqSk5SVlpeYmZqio6Slpqeoqaqys7S1tre4ubrCw8TFxsfIycrS09TV1tfY2drh4uPk5ebn6Onq8fLz9PX29/j5+v/EAB8BAAMBAQEBAQEBAQEAAAAAAAABAgMEBQYHCAkKC//EALURAAIBAgQEAwQHBQQEAAECdwABAgMRBAUhMQYSQVEHYXETIjKBCBRCkaGxwQkjM1LwFWJy0QoWJDThJfEXGBkaJicoKSo1Njc4OTpDREVGR0hJSlNUVVZXWFlaY2RlZmdoaWpzdHV2d3h5eoKDhIWGh4iJipKTlJWWl5iZmqKjpKWmp6ipqrKztLW2t7i5usLDxMXGx8jJytLT1NXW19jZ2uLj5OXm5+jp6vLz9PX29/j5+v/aAAwDAQACEQMRAD8A+qaKKKQBRRRQAUUUUAFFFFAHNePPGWneDdLS61DfJNKSsECD5pSMZ57AZGTXi8vjj4neN7nHg+xWz090kQTCMKuexLPkhu3y45rtP2g/Cd74j0O0utM+a808uyRHJEisBuAA/i+UY/GvHfBPxC8c6NpkGn2VpcmD7UY0Eln5jqE+8nqTk4wSDngY6VpFK3mSzvovh18UtRhd9T8ZGB5YY1MS3D4UhgSDtGDwOowSSfxvf8Kx8exLO9t47mE0s0UhcyP8wXOc8c9sduOc9qng74u674i8YX2h6hpMUEYSTcoibdAVP3Wz1zyDkDn8q2/EfxJsvh5pu2az+0NIR5NrEREqjBJOeQBx0A7isZVnGoqZagnHmOb1G1+NHhWHz7e+i1qCPzZHB2yfQAHDHjBA7cjHr13wn+Kv/CU3MWja5Zmz1sBhlfuSlRluDyjcE456de1cRrP7ScIDJpWjAEx43zyFtj4BJ2gDKjJxyM47dKz/AIRWGs+LfiTD4puIpLe0T/SWkCbVdzlBGO3AHJ7dD1rbdakbbH05RRRWZQjorjDqGHoRWDeeD9Bu/NMmmwJJKctJEuxyfXcMGt+igDlIPAml2wxZXGo2wJywjumIY9shsg1l+JPhZpHiO3EGq3+qSxg7gPMQYPqMJXf0UuVXv1Hfoec6T8GPBWnTrL/ZZumWPy1F1IZFVfZTx+ld7p9haadax21hbQ21vGu1I4kCqo9ABVmimIKKKKACiiigAooooAKKKKACiiigD//Z\", \"amount\": 4, \"full_price\": \"99.96\", \"product_id\": \"9a74786a-8a10-4faf-93d8-24010007d01d\", \"unit_price\": \"22.99\", \"final_price\": \"91.96\", \"unit_discount\": \"2.00\", \"total_discount\": \"8.00\", \"original_unit_price\": \"24.99\"}]',NULL,'{\"id\": \"9a7477e8-7807-4398-9376-bb498dad45e4\", \"name\": {\"de\": \"Lokal (kostenlos bis 10 kg)\", \"en\": \"Local (free up to 10kg)\", \"fr\": \"Local (gratuit jusqu&#39;à 10kg)\"}, \"slug\": \"local-small-1\", \"price\": 0, \"enabled\": true, \"created_at\": \"2023-10-25T16:09:45.000000Z\", \"deleted_at\": null, \"updated_at\": \"2023-10-25T16:09:46.000000Z\", \"description\": {\"de\": \"Sie profitieren von einer kostenlosen Lieferung im Umkreis von 5 km ab unserem Lager.\", \"en\": \"You enjoy free delivery within 5km range from our warehouse.\", \"fr\": \"Vous bénéficiez d&#39;une livraison gratuite dans un rayon de 5 km depuis notre entrepôt.\"}, \"enabled_by_default_on_creation\": true}','{\"delivery\": 0, \"subtotal\": 2434.06, \"total_payable\": 2434.06, \"applied_discount\": 32}',1,'eleanor-holmes-lake-henry',NULL,'2023-10-25 16:11:36','2023-10-25 16:11:36'),('9a747892-1a09-4d03-97ea-1e1ac62acef9','9a7477c7-7ead-4c61-9d86-2080d2ddf454','9a747882-4b53-43ce-aef4-8338b2152402','{\"id\": \"9a747881-c0f6-45ea-8c0d-03fec7380979\", \"lat\": \"-68.236771\", \"lon\": \"172.849723\", \"name\": null, \"slug\": \"gavin-holmes-beckyborough\", \"town\": \"Beckyborough\", \"country\": \"UK\", \"user_id\": \"9a7477c7-7ead-4c61-9d86-2080d2ddf454\", \"post_code\": \"EH26 0LE\", \"created_at\": \"2023-10-25T16:11:26.000000Z\", \"deleted_at\": null, \"updated_at\": \"2023-10-25T16:11:26.000000Z\", \"address_line_1\": \"Flat 61u Scott Coves\", \"address_line_2\": null, \"google_maps_url\": \"https://www.google.com/maps/@-68.236771,172.849723,14z\"}','{\"amount\": \"805.60\", \"source\": {\"id\": \"9a747881-d5e7-45af-b4ad-7a6eb7a4e317\", \"name\": \"qui et\", \"slug\": \"holmes-qui-et\", \"brand\": \"american express\", \"user_id\": \"9a7477c7-7ead-4c61-9d86-2080d2ddf454\", \"exp_year\": \"2024\", \"exp_month\": \"1\", \"last_four\": \"9460\", \"source_id\": \"3sgpFgsn5nuHG7DAsCnAvavFBNyzg29XIBfeDnlfuC6dxuvKaupaUmt7U7qTULXsGVNfTnVEocDmiHcRyn0rKaWSGmgR5hgriqEazr6i6zVrEySDGbmxT0KZO4yp2n3XH0pdn5Xr8FOAqXvGxyDWpf\", \"created_at\": \"2023-10-25T16:11:26.000000Z\", \"deleted_at\": null, \"updated_at\": \"2023-10-25T16:11:26.000000Z\", \"stripe_user_id\": \"e0nRpC2lXYKoLdhqiLqDuu8D8z3K37WPRs50ENXWj0gmZelrTXykgAyV0K1NwXto6qGIhnDIONqq6vYqNx2pdRruXJlrVmJdh9JdaRShrJdT1EWMYUy77Gf3\", \"payment_method_id\": 1}, \"created_at\": \"25-10-2023 16:11\", \"payment_ref\": \"Gzz1AMNiee\"}','[{\"id\": \"9a747887-db04-4865-983c-dcedec2b8153\", \"sku\": \"W-P002\", \"name\": \"Sporty Performance Polo - (Size) M\", \"type\": \"product_variant\", \"urls\": null, \"image\": \"/9j/4AAQSkZJRgABAQEAYABgAAD//gA7Q1JFQVRPUjogZ2QtanBlZyB2MS4wICh1c2luZyBJSkcgSlBFRyB2ODApLCBxdWFsaXR5ID0gODAK/9sAQwAGBAUGBQQGBgUGBwcGCAoQCgoJCQoUDg8MEBcUGBgXFBYWGh0lHxobIxwWFiAsICMmJykqKRkfLTAtKDAlKCko/9sAQwEHBwcKCAoTCgoTKBoWGigoKCgoKCgoKCgoKCgoKCgoKCgoKCgoKCgoKCgoKCgoKCgoKCgoKCgoKCgoKCgoKCgo/8AAEQgAMgAyAwEiAAIRAQMRAf/EAB8AAAEFAQEBAQEBAAAAAAAAAAABAgMEBQYHCAkKC//EALUQAAIBAwMCBAMFBQQEAAABfQECAwAEEQUSITFBBhNRYQcicRQygZGhCCNCscEVUtHwJDNicoIJChYXGBkaJSYnKCkqNDU2Nzg5OkNERUZHSElKU1RVVldYWVpjZGVmZ2hpanN0dXZ3eHl6g4SFhoeIiYqSk5SVlpeYmZqio6Slpqeoqaqys7S1tre4ubrCw8TFxsfIycrS09TV1tfY2drh4uPk5ebn6Onq8fLz9PX29/j5+v/EAB8BAAMBAQEBAQEBAQEAAAAAAAABAgMEBQYHCAkKC//EALURAAIBAgQEAwQHBQQEAAECdwABAgMRBAUhMQYSQVEHYXETIjKBCBRCkaGxwQkjM1LwFWJy0QoWJDThJfEXGBkaJicoKSo1Njc4OTpDREVGR0hJSlNUVVZXWFlaY2RlZmdoaWpzdHV2d3h5eoKDhIWGh4iJipKTlJWWl5iZmqKjpKWmp6ipqrKztLW2t7i5usLDxMXGx8jJytLT1NXW19jZ2uLj5OXm5+jp6vLz9PX29/j5+v/aAAwDAQACEQMRAD8A8y8PWDMUwCS/AwPzr6A8E6fFb6aLeNDI8gAOckE4/LvXjHw7mSa/iF3m3jDgAlsb8jt6cA/pXS6z8WYvDuprBZ2/2+xjba8hfkDuFGMZB7557V4NWFWpPlijouktTt/E/iGW48VJ4K0GSytLxYPtN/fXJAS2TICgZ6sSy/TI6dRmeE/E99pni+78G6jrEWou8Rkhu4UVSzLnfGcE4x1654Oa4Xwb44j1X4uW+rQ2jSS3y/Y5FaMY8sEFHbOeQQo4PYdKyfGmraxafFDTtXlsLhYbKRxC7QBRISW6lRg5zjNddGEoRVPyNoqKiptdT27xDFdGHytPQrkfM69c+1ccfACSzi41GVnPLEZ6/wCeT+VcxJ8aNTCrmxtck44Q/wDxVQWnxc1rV9QgtLe1tYpbgZG5S3bPr7elCpyWxo5Um7ydzfm8J24lfYqKu44G3oKKyJvE/iBJnQ/YSVYj/UH/AOKopWkVzUTm9Xt5dGna0STZJb2+G2nkMz4PP+6BXJ6kgkg2t0LAHH1r2KP4jaKJQ8vhHSriWXAZ5EVicDjJIPbFaFr470W4miWPwTojA8YFshb2x8vWnDFSitYfkcMopvc9e8M/DvwzaWwvdGsRp08qiN5ITkkKfu/PnjKg8Yzir2qx6X4U0S51m4D+YkW+R3YyN64UEnHPYcVk+F9W1O4hnV7kRRwyFEUx8nABOfzP5V5l8cdT1a5CWM94PsbEB0XgnPHWvVjJSjzoxmnFuDOA+L8LXuvWmqrCFN6iyMQoXPIIJ98H9K4bwgWi8VaHKq7gJoQR7EgH+dexNq2l6VZW2o61oa6nZzW8UMImOdjKDnB+hFZh8c+CVvYHtvBFpFcRMpR0crtI6HivNnibybjF2N3T5PdbMrU79F1K7Gekrj9TRVa/1/R5764l/siceZIzYE/Ayc/3aKjm8mM5CKYM6gkZ6jmus8Fzu/iXR40USA3UYIPI++OK5W30XU2OY4GbP+wwx+ldR4M0TVrbWorq6jSKCJZXyzY52Ntz+OKqSi9Lijuj6gttS0eQywabqWl3U6sfPEd3GWB6lQufwJP09a87+JOiTXVvLdT7BucLGNwLMx7KPbrXz1quoNatLIuN0nysduOPwqlpMdybj7TY3M0UpJZpIXZSM+4Ir1lTa9xbHM5J+91PSvGN0X+Gvh2GTChGnBz6h8fyry5phHOhUg812/iKyv8A/hCNAtzGWfbJccP0UsQOvXPBrz65tbyJ/ngZceteZCCV1c66t3Z+SNVplLE5PJoqiEmIB2/rRT5TM+19NsLPycfZLf8A79r/AIVn+PbO2j8I6g0dvCrBAQVQAjkUUV5S+NGkfjXqfHXiL/WTDtuNdb4ljS31+ZIEWJPJhO1BtGTGuTxRRX1H/L1ej/Q4Xsdf4K/f+J9Hgm/eQjT2by35XO0c46V1muWNptf/AEWD/v2KKK+er/xf67ndW+JeiOQNrb5P7iL/AL4FFFFIzP/Z\", \"amount\": 2, \"full_price\": \"39.00\", \"product_id\": \"9a747809-b1c9-4f86-a887-d19fe25ff2d1\", \"unit_price\": \"19.50\", \"final_price\": \"39.00\", \"unit_discount\": \"0.00\", \"total_discount\": \"0.00\", \"product_variant_id\": \"9a747874-336f-4de9-8d1e-d4793b091f3a\", \"original_unit_price\": \"19.50\"}, {\"id\": \"9a747887-ca30-4466-97ed-10fc3ac4db9f\", \"sku\": \"W-TR001\", \"name\": \"Classic Dress Trousers - (Size) XS\", \"type\": \"product_variant\", \"urls\": null, \"image\": \"/9j/4AAQSkZJRgABAQEAYABgAAD//gA7Q1JFQVRPUjogZ2QtanBlZyB2MS4wICh1c2luZyBJSkcgSlBFRyB2ODApLCBxdWFsaXR5ID0gODAK/9sAQwAGBAUGBQQGBgUGBwcGCAoQCgoJCQoUDg8MEBcUGBgXFBYWGh0lHxobIxwWFiAsICMmJykqKRkfLTAtKDAlKCko/9sAQwEHBwcKCAoTCgoTKBoWGigoKCgoKCgoKCgoKCgoKCgoKCgoKCgoKCgoKCgoKCgoKCgoKCgoKCgoKCgoKCgoKCgo/8AAEQgAMgAyAwEiAAIRAQMRAf/EAB8AAAEFAQEBAQEBAAAAAAAAAAABAgMEBQYHCAkKC//EALUQAAIBAwMCBAMFBQQEAAABfQECAwAEEQUSITFBBhNRYQcicRQygZGhCCNCscEVUtHwJDNicoIJChYXGBkaJSYnKCkqNDU2Nzg5OkNERUZHSElKU1RVVldYWVpjZGVmZ2hpanN0dXZ3eHl6g4SFhoeIiYqSk5SVlpeYmZqio6Slpqeoqaqys7S1tre4ubrCw8TFxsfIycrS09TV1tfY2drh4uPk5ebn6Onq8fLz9PX29/j5+v/EAB8BAAMBAQEBAQEBAQEAAAAAAAABAgMEBQYHCAkKC//EALURAAIBAgQEAwQHBQQEAAECdwABAgMRBAUhMQYSQVEHYXETIjKBCBRCkaGxwQkjM1LwFWJy0QoWJDThJfEXGBkaJicoKSo1Njc4OTpDREVGR0hJSlNUVVZXWFlaY2RlZmdoaWpzdHV2d3h5eoKDhIWGh4iJipKTlJWWl5iZmqKjpKWmp6ipqrKztLW2t7i5usLDxMXGx8jJytLT1NXW19jZ2uLj5OXm5+jp6vLz9PX29/j5+v/aAAwDAQACEQMRAD8A7yGOrZUiNivUDIpkK1YkU+RJjOdpxjr0qgPlXw54JvfEujC6tYpWmmuDI0gXdwq8dSPvMzd/4a7jRvgpq2oQzB5XRgdhRkjXPH97zD7dj1r0n4U6RZ213dabptzcJbW8CIqE7grEbmPPqWP4YrqNNk1CLVNT01Z4Umgfh87i5KKRwR8o6dz3+tQ8RNN8rsmdKwsLWmrtepzXhb+0n8OWa65az2upRKYp0mTaSykruHYg4zkcc1ZuE4rbuoHhPlSvvdOCdxPPU8nnrmsu4Wne+pzySi7Io7T6UVPtooEbUNXIhVCFxV2JxVMDP8OWtvpfjR4rVDHFPbB9u4kBtzZwD0HTgcVn2jNH8TNbYHh/LfGf9gD+lP1iSS08SWl7AzF/IZNpPykZ/wDrj8qpWVyz/EHUYwwO+CN246EKB/7MKwlud1O/Ld9jpbnLszHqTms64WtKUiqFxg1qcJV2e1FTgCigCeKBverkUDe9XRo98p+Xy2/GrUFlfxn5rZHHtIKsRzmu26wxQ3MzBVjJXLHA+Yf4gVznhW1e88X3moQjfbXUW6KVehUEDH1+WtL412viO48L2lp4d068N3Jdxsz2/wA+FUE4OOnzBeTxVL4D6hd3Oqaro+p6VLaPaKJId8bKUGcFWzxn5hjHoazcbu50wqWg0/M7RtMkPrUEmjO3Y1362a/3akFip/hFWcx5z/YsnoaK9G+wL/doo0AorUsdFFAEh6VNB1oooGWUqVaKKTAdRRRSA//Z\", \"amount\": 5, \"full_price\": \"149.95\", \"product_id\": \"9a747818-5355-407e-b0c3-a0b1f5b8086a\", \"unit_price\": \"29.99\", \"final_price\": \"149.95\", \"unit_discount\": \"0.00\", \"total_discount\": \"0.00\", \"product_variant_id\": \"9a747874-f5b9-4695-81e0-6cc76585d468\", \"original_unit_price\": \"29.99\"}, {\"id\": \"9a747887-bb6d-4c4d-831f-abdf6831a3ae\", \"sku\": \"W-TR003\", \"name\": \"Sporty Track Pants - (Size) XS\", \"type\": \"product_variant\", \"urls\": null, \"image\": \"/9j/4AAQSkZJRgABAQEAYABgAAD//gA7Q1JFQVRPUjogZ2QtanBlZyB2MS4wICh1c2luZyBJSkcgSlBFRyB2ODApLCBxdWFsaXR5ID0gODAK/9sAQwAGBAUGBQQGBgUGBwcGCAoQCgoJCQoUDg8MEBcUGBgXFBYWGh0lHxobIxwWFiAsICMmJykqKRkfLTAtKDAlKCko/9sAQwEHBwcKCAoTCgoTKBoWGigoKCgoKCgoKCgoKCgoKCgoKCgoKCgoKCgoKCgoKCgoKCgoKCgoKCgoKCgoKCgoKCgo/8AAEQgAMgAyAwEiAAIRAQMRAf/EAB8AAAEFAQEBAQEBAAAAAAAAAAABAgMEBQYHCAkKC//EALUQAAIBAwMCBAMFBQQEAAABfQECAwAEEQUSITFBBhNRYQcicRQygZGhCCNCscEVUtHwJDNicoIJChYXGBkaJSYnKCkqNDU2Nzg5OkNERUZHSElKU1RVVldYWVpjZGVmZ2hpanN0dXZ3eHl6g4SFhoeIiYqSk5SVlpeYmZqio6Slpqeoqaqys7S1tre4ubrCw8TFxsfIycrS09TV1tfY2drh4uPk5ebn6Onq8fLz9PX29/j5+v/EAB8BAAMBAQEBAQEBAQEAAAAAAAABAgMEBQYHCAkKC//EALURAAIBAgQEAwQHBQQEAAECdwABAgMRBAUhMQYSQVEHYXETIjKBCBRCkaGxwQkjM1LwFWJy0QoWJDThJfEXGBkaJicoKSo1Njc4OTpDREVGR0hJSlNUVVZXWFlaY2RlZmdoaWpzdHV2d3h5eoKDhIWGh4iJipKTlJWWl5iZmqKjpKWmp6ipqrKztLW2t7i5usLDxMXGx8jJytLT1NXW19jZ2uLj5OXm5+jp6vLz9PX29/j5+v/aAAwDAQACEQMRAD8A3LGDpxW1bwDHSqlgnA4rat06cUizlPEtzqem+INDms7R7mzecRSRohYsWDKex5AYEe4HrmptD8Pavpeu6/LqFmq2k0iSrcCVdiqqBQuMDknJ6D6V6f4UuVjultNis0yyMob1G3/GqPxVlmj0F4LURBj+9baTkhCGIx3GAaxUHzOSZ0e0XKqbRyssAqpND7VpxHzbWGTBBZASD24qCRc1rcx20M7yKKu+WPSimA2wHArYtx0rIsegrYg7UEmT4p8Wy+GjbtaTRQzorMTIoIKsQO/+7Xn178UdZ1bUbeS8uLFrGKTbKY4sZj3YIHJ5Irf+Ltup06CbaNxV0JP5/wCNeNeB41vdU0LT5EAAv1LqBjK7t38jXXThD2e3czcnzH0uoYQJ5nDkZb6nrVaXrV246VQlPNca0Nr31EyKKi3e1FMQ2xkQAc1sQSJxzV230UKB8lX49KAH3adibnnfxXUP4SeWPG6KQN+BBH8yK8T+GDNN4/0RigGckn3VG/8Aia+i/ibpLSeB9U8pMvGiy49QrAn9Aa8K+DWnlvHNrPMypBaQSsXdgvJG3GDzn5q6YNKk7kPV6HvM8ikVnzyDnFX7ma15CSq3+7zWfJ8+RGrn8K5bGiZB5g9aKd9nn/55t+VFFh3PVUAx0FSY4ooqzMyvFChvD+phgCDaygg9/kNfOvgy2gHxUnUQxbfso42DH36KKr7I49T6Gs7S2SJdtvCvHZAKmMUY6RoPwFFFQIi2L/dX8qKKKAP/2Q==\", \"amount\": 7, \"full_price\": \"160.93\", \"product_id\": \"9a74781b-ba63-4202-92e7-d594c03b5ed8\", \"unit_price\": \"22.99\", \"final_price\": \"160.93\", \"unit_discount\": \"0.00\", \"total_discount\": \"0.00\", \"product_variant_id\": \"9a747875-24f7-44a8-8a14-7f4f3abea286\", \"original_unit_price\": \"22.99\"}, {\"id\": \"9a747887-f26d-4bc5-b267-1e25bb04b6fa\", \"sku\": \"W-SN002\", \"name\": \"Sporty Running Sneakers - (Size) 8, (Colour) Bright Green\", \"type\": \"product_variant\", \"urls\": null, \"image\": \"/9j/4AAQSkZJRgABAQEAYABgAAD//gA7Q1JFQVRPUjogZ2QtanBlZyB2MS4wICh1c2luZyBJSkcgSlBFRyB2ODApLCBxdWFsaXR5ID0gODAK/9sAQwAGBAUGBQQGBgUGBwcGCAoQCgoJCQoUDg8MEBcUGBgXFBYWGh0lHxobIxwWFiAsICMmJykqKRkfLTAtKDAlKCko/9sAQwEHBwcKCAoTCgoTKBoWGigoKCgoKCgoKCgoKCgoKCgoKCgoKCgoKCgoKCgoKCgoKCgoKCgoKCgoKCgoKCgoKCgo/8AAEQgAMgAyAwEiAAIRAQMRAf/EAB8AAAEFAQEBAQEBAAAAAAAAAAABAgMEBQYHCAkKC//EALUQAAIBAwMCBAMFBQQEAAABfQECAwAEEQUSITFBBhNRYQcicRQygZGhCCNCscEVUtHwJDNicoIJChYXGBkaJSYnKCkqNDU2Nzg5OkNERUZHSElKU1RVVldYWVpjZGVmZ2hpanN0dXZ3eHl6g4SFhoeIiYqSk5SVlpeYmZqio6Slpqeoqaqys7S1tre4ubrCw8TFxsfIycrS09TV1tfY2drh4uPk5ebn6Onq8fLz9PX29/j5+v/EAB8BAAMBAQEBAQEBAQEAAAAAAAABAgMEBQYHCAkKC//EALURAAIBAgQEAwQHBQQEAAECdwABAgMRBAUhMQYSQVEHYXETIjKBCBRCkaGxwQkjM1LwFWJy0QoWJDThJfEXGBkaJicoKSo1Njc4OTpDREVGR0hJSlNUVVZXWFlaY2RlZmdoaWpzdHV2d3h5eoKDhIWGh4iJipKTlJWWl5iZmqKjpKWmp6ipqrKztLW2t7i5usLDxMXGx8jJytLT1NXW19jZ2uLj5OXm5+jp6vLz9PX29/j5+v/aAAwDAQACEQMRAD8AzbSJV4hiye7Ma0YLRdwdHAfvSRnzB7U+7Y2Gn3F4cBYY2kyemQOAfqcD8a8tJyaiup7cmoRcn0MHxNJYXlrNamWZ5g6xKY49ymQsFC5yOcn3r2GIW/h7wzbq5EccEIHPGMCvnPXPG7fa9O0/T5Vi03TfJmhGwHfcBVMjv/eO/djOeOPet/XPGep+LbGH7QkcEIHKw5w59ee3tXTisOo2jDZdTkweJc25VN3sjH+IOvzeJdQb5iLVD8i+vvVbwnYxSHawbcPQVLFpplYfLzXceHNEjgiV5I9r+o4zWLajHlRuk5y5mQroNttH7qLp/dFFdJ9ig/uCisuY25UV1sA5DQMEJ6qelcf8UdXNlpZ0kyrvIWScp1ORlU/I7j/wH0ru9OdM4dWTPQueDXlnj/wlrWo+JJ5bWGedZWG0bDtC4AyGHHbkHB9j1rqwjipuUumxx41ScFGPV6nm+hWFxq96LW3Xofmb+6K9m0jw/cx2kUaxgBFCgtyeBTvDng+LwnYfadQuImunG6THQYGcD2HrXK3Wu+Ib/wAS2tzphuI7BpfKVuiEDG78hXQqUsQ9HaP5s5XWjhlqry3a7I9Et9GS2xLfTRRJ6uwUfrW7YT2k8bLZ3EM4TG4IwO30rxy8ur2fV5Had5ImbBLFmBH1xxXUfDqKWXVbm7j3fZo4zBuHR3JVjj6AD/voVdfL40qbm5aozw2ZyrVVBR0Z6HtHofzoqPy5PQ/nRXkntkNqFGAJTGfpnNa0UcZQbwsmO5rk7SeULhZlI9CORV+K/uIeh8wUyTlfijqC215FaywObSWMA7W2cgk4z7+nfFYFhd6rrdrFpOlReXZw5AGfljB65Pv19ep9a9GvLm0v1AvLXJXjp+mD1HtzTreaOGIR6fAUA6kpsA/T+VejTx7p0lBLVHlVctVSs6jej3MbQvh9ZxBZNZuJrnuYY28pD7HGW/IiusAsbGJYrSO3toIxtSKIYVR/MnuSeTWduLZaZS/1fAqrc3TqCEghA+ua5amIqVdJM7qWGp0dYIvnUIMn95RWF9quf7sH/fNFYWN7kKn5EPerFqxy3J6UUU2CLkHzDLcn3qVycdaKKQzMu3bzFG449M0rE7aKKYikWOTyfzooopiP/9k=\", \"amount\": 1, \"full_price\": \"27.95\", \"product_id\": \"9a747824-1d85-4967-aa32-7c06af994493\", \"unit_price\": \"27.95\", \"final_price\": \"27.95\", \"unit_discount\": \"0.00\", \"total_discount\": \"0.00\", \"product_variant_id\": \"9a74786e-fa84-4c84-9610-c036d2670f36\", \"original_unit_price\": \"27.95\"}, {\"id\": \"9a747887-d269-46fe-a4fe-f6296993b8fd\", \"sku\": \"W-BO001\", \"name\": \"Classic Ankle Boots - (Size) 9, (Colour) Midnight Blue\", \"type\": \"product_variant\", \"urls\": null, \"image\": \"/9j/4AAQSkZJRgABAQEAYABgAAD//gA7Q1JFQVRPUjogZ2QtanBlZyB2MS4wICh1c2luZyBJSkcgSlBFRyB2ODApLCBxdWFsaXR5ID0gODAK/9sAQwAGBAUGBQQGBgUGBwcGCAoQCgoJCQoUDg8MEBcUGBgXFBYWGh0lHxobIxwWFiAsICMmJykqKRkfLTAtKDAlKCko/9sAQwEHBwcKCAoTCgoTKBoWGigoKCgoKCgoKCgoKCgoKCgoKCgoKCgoKCgoKCgoKCgoKCgoKCgoKCgoKCgoKCgoKCgo/8AAEQgAMgAyAwEiAAIRAQMRAf/EAB8AAAEFAQEBAQEBAAAAAAAAAAABAgMEBQYHCAkKC//EALUQAAIBAwMCBAMFBQQEAAABfQECAwAEEQUSITFBBhNRYQcicRQygZGhCCNCscEVUtHwJDNicoIJChYXGBkaJSYnKCkqNDU2Nzg5OkNERUZHSElKU1RVVldYWVpjZGVmZ2hpanN0dXZ3eHl6g4SFhoeIiYqSk5SVlpeYmZqio6Slpqeoqaqys7S1tre4ubrCw8TFxsfIycrS09TV1tfY2drh4uPk5ebn6Onq8fLz9PX29/j5+v/EAB8BAAMBAQEBAQEBAQEAAAAAAAABAgMEBQYHCAkKC//EALURAAIBAgQEAwQHBQQEAAECdwABAgMRBAUhMQYSQVEHYXETIjKBCBRCkaGxwQkjM1LwFWJy0QoWJDThJfEXGBkaJicoKSo1Njc4OTpDREVGR0hJSlNUVVZXWFlaY2RlZmdoaWpzdHV2d3h5eoKDhIWGh4iJipKTlJWWl5iZmqKjpKWmp6ipqrKztLW2t7i5usLDxMXGx8jJytLT1NXW19jZ2uLj5OXm5+jp6vLz9PX29/j5+v/aAAwDAQACEQMRAD8A9Hs7c8VrwWxx0qaytMAZFakUGO1fHKLkfWV8Tdnyn4ztvsXxB8Z2BHEhjuh+Kgk/+RKwPDT4Yc967P4z+XB8Y7lEwGuNOUP9QpP8kFcDoblZWHoa+kpa0437I86i7yZ1+q3eLVgWzxW/8GLcyWWszjo0yJn6An/2auB1e4OwjPavY/gTYZ8CTTEfNNeSNn2Cqv8ASuXHO1Fno0JqnNM1TbcmiugNlyeKK8XmPY+toh1f4oeDdB1aXTdS1cR3cJ2yqkEkgQ+hKqRn27Vi698e/B2nWrNpb3Wq3GPljihaJc/7TOBgfQGvHPjV8N9d0TxFqutpbtd6ReXMlz58ILeTvYsVkHUYz16e/avKa92jg6Timnc+MnVk3qdfqXiS78X/ABFXWNQVYpbqdF8uP7saABQoz7Dn15pNHIa5lC5+8az/AAjas95LeEfJbIce8jAhR/M/hXQ6Rpz2l1KJByDz9a7GklZG2FT1ZV1PJYg19FfAJA3w2gwQSLiUEDtznn8Dn8a+edXxJcFQdq/xH0r079nbX2tfEl3ocjH7NfR+ZCpP3ZEH9VBz/uiuTFQ56bR21NFc9yNuMniitExjNFeL7Ij2zNNrYMhDD5SOc14n8Q/DvwuspJrnUYLV7w5Pk2R2lm99pAH413vx3l1uL4c3i+GrO4u7uZ1jlW3QtIsXJYgDnsB34Jr5B0/xHBZ3Dpqun5lDHPmKVI9sV9EsOo6o82lVi/jdjrtMtItQ1NX0+xSx0yJ90UKjr7k9z71e1k22nWrecp8zn5h/F71lRfEHSYogIoHQ46Dp/Kud1HWL7xfqcOn6NZz3VxMdscMQyWP+Hr0+ta8j2On29OPUytU1QzSkQgLGD949M/411nwPmaT4m6EoLEmYjPT+E1yV74P8VWmoNb33h7VEcZAxauysQf4SBg/hXp3wG8D+JofiTpF7e6Lf2ljbO7yzXEBiUDYwH3gM5JA4qvZxtY5auMnN2WiPqv7OfSitfYvpRXJ9UiR9YZFqPFjNj+4a+UviPY2kt5O8lrA78/M0YJoorqe5NL4WeMrDF9vC+Um3eRjaMV9efs8aZYWuiXFxbWVrDO7bXkjiVWYDoCQMmiirZkevkDPQUY5oopCCiiigR//Z\", \"amount\": 1, \"full_price\": \"27.95\", \"product_id\": \"9a74782c-e18a-4cbe-ac40-3290e193835b\", \"unit_price\": \"27.95\", \"final_price\": \"27.95\", \"unit_discount\": \"0.00\", \"total_discount\": \"0.00\", \"product_variant_id\": \"9a74786c-182a-4a39-8b63-7080d1a1437f\", \"original_unit_price\": \"27.95\"}, {\"id\": \"9a747887-e361-4cb5-9780-c9259cb8f5cc\", \"sku\": \"M-BO001\", \"name\": \"Classic Leather Boots - (Size) 10\", \"type\": \"product_variant\", \"urls\": null, \"image\": \"/9j/4AAQSkZJRgABAQEAYABgAAD//gA7Q1JFQVRPUjogZ2QtanBlZyB2MS4wICh1c2luZyBJSkcgSlBFRyB2ODApLCBxdWFsaXR5ID0gODAK/9sAQwAGBAUGBQQGBgUGBwcGCAoQCgoJCQoUDg8MEBcUGBgXFBYWGh0lHxobIxwWFiAsICMmJykqKRkfLTAtKDAlKCko/9sAQwEHBwcKCAoTCgoTKBoWGigoKCgoKCgoKCgoKCgoKCgoKCgoKCgoKCgoKCgoKCgoKCgoKCgoKCgoKCgoKCgoKCgo/8AAEQgAMgAyAwEiAAIRAQMRAf/EAB8AAAEFAQEBAQEBAAAAAAAAAAABAgMEBQYHCAkKC//EALUQAAIBAwMCBAMFBQQEAAABfQECAwAEEQUSITFBBhNRYQcicRQygZGhCCNCscEVUtHwJDNicoIJChYXGBkaJSYnKCkqNDU2Nzg5OkNERUZHSElKU1RVVldYWVpjZGVmZ2hpanN0dXZ3eHl6g4SFhoeIiYqSk5SVlpeYmZqio6Slpqeoqaqys7S1tre4ubrCw8TFxsfIycrS09TV1tfY2drh4uPk5ebn6Onq8fLz9PX29/j5+v/EAB8BAAMBAQEBAQEBAQEAAAAAAAABAgMEBQYHCAkKC//EALURAAIBAgQEAwQHBQQEAAECdwABAgMRBAUhMQYSQVEHYXETIjKBCBRCkaGxwQkjM1LwFWJy0QoWJDThJfEXGBkaJicoKSo1Njc4OTpDREVGR0hJSlNUVVZXWFlaY2RlZmdoaWpzdHV2d3h5eoKDhIWGh4iJipKTlJWWl5iZmqKjpKWmp6ipqrKztLW2t7i5usLDxMXGx8jJytLT1NXW19jZ2uLj5OXm5+jp6vLz9PX29/j5+v/aAAwDAQACEQMRAD8A8NstGe7dRGuyQjKlGJBrovD/AIamMxj1GEDb0OOeteo6XoVvGiBYxnoCB0rpoh4Z0wQRa1eFr6SNpxAijIRQTyT9DWDqnSqaONsPDgQ+RNZrJA6/eI6HHrVXUdBtQ/lMpjWEblHXdV+++JSaTrs9re6TE9hFIU/cyMH2Z4YE8E4wegqTxPr3hHTGtrrV9YuPJu4Eure3tbZmllibOCS2FXoR1OCDWak3qjSdJw3R5jqkZDyMyjk/eH1rFd/lbaDnOa7nUfiF4QkCpZ+EpbiyKjLT37JKG7/dGPT9au+GtF8OePI7248M2t3ZXVgqyTWMsgl3oc5ZGwCcEcgjv17VrGdtzB0pLU4FPMKKdvUf3aK9XXwY20Yhlxj+7/8AWoqvaIOQ6/QNKgnQx3VzNHIp3CSAeUT/AENcF+0JZRaRp+j6gG86RpXtnDMAzxMuSBj0x17Z969E0G+06ecLZ3UsUmcGKdHQg/RgK8q/ahmbf4djadHQLOdg4IP7vn9P51lHcq7uVvhlJo3iTW7R9bdZikXkFZ14mZeFLe5TGPdW9K1v2ifCtvp3gnR5rG3l8vTZzBC65YLbyAttZjk/K4AGezeua8R8P6gtneRucgqwIPoa+ovAvjiz1TRxY649vNE67GEnIYHswNZSl7OZ3um61PmTufJdpOqnZKfk6jIyAf8ACvoP4PeJ/BWkzWV3Ar6dq6w+TMyf6ucYGQcj1wexyPSk8Z/Bjw9qMk154X1q205my32eaQNFn0B6r+v0r5/vYrjStQntJmQywSGNijZUkHGQe4rbSqtDm/hO09UfcI1/w8wDLe4B5AEg4/SiviYavdgACWT8zRUezn3L/wBnPphdfu0t7eWCQS7iQMEOvB4xjO3/AIFj2HavMfiuPFPjHVLCOW0s7mS2DRwmwBy4OM7icZ+6OeB1q/pmuxW7O11GLvPygSYIVfQAgj866vSPiBbWUii1sY7dOmIiF/UDOPbNbKMo7HLKcGjyWT4UeL7ZYmawjeRxuMSTKWX2Pao7zw54n0mPF9o+rwIOrrbM4/MHFfQNv44W6O6MQAnse1RXOrai0xk0zUI7FGGGQQCUN7/MSB+Ap8k5bolVVD4ZNHzjZXMJukTyLy5nJAAf5R9Co5P/AH0K948MeCPBM1ja/wBuaffXl/OqtseEQrFxnAUNk/7zEk4HNa9jIrS+beJp09wRhpRZiNiPqp4NX5XjBBhZkwcjDGhwn0QvaQesmZ5+GvgdiSnh2HaeRmabOPwNFaS3R2jc5J7naOf0oqPZ1R89I+byTnqanhY7upooroMTUgZsL8x/Out8OSO0DhnYgdMmiinDcmWxtW7NnqfzrSRjs6n86KK0IJwTgc0UUUgP/9k=\", \"amount\": 4, \"full_price\": \"111.96\", \"product_id\": \"9a747842-6a35-4a29-9cc8-3e6ab4c8d128\", \"unit_price\": \"27.99\", \"final_price\": \"111.96\", \"unit_discount\": \"0.00\", \"total_discount\": \"0.00\", \"product_variant_id\": \"9a747878-2cb0-4807-8457-15643d1516c9\", \"original_unit_price\": \"27.99\"}, {\"id\": \"9a747887-ea3a-45e5-839b-47f4611f7c18\", \"sku\": \"W-ER003\", \"name\": \"Statement Tassel Earrings\", \"type\": \"product\", \"urls\": null, \"image\": \"/9j/4AAQSkZJRgABAQEAYABgAAD//gA7Q1JFQVRPUjogZ2QtanBlZyB2MS4wICh1c2luZyBJSkcgSlBFRyB2ODApLCBxdWFsaXR5ID0gODAK/9sAQwAGBAUGBQQGBgUGBwcGCAoQCgoJCQoUDg8MEBcUGBgXFBYWGh0lHxobIxwWFiAsICMmJykqKRkfLTAtKDAlKCko/9sAQwEHBwcKCAoTCgoTKBoWGigoKCgoKCgoKCgoKCgoKCgoKCgoKCgoKCgoKCgoKCgoKCgoKCgoKCgoKCgoKCgoKCgo/8AAEQgAMgAyAwEiAAIRAQMRAf/EAB8AAAEFAQEBAQEBAAAAAAAAAAABAgMEBQYHCAkKC//EALUQAAIBAwMCBAMFBQQEAAABfQECAwAEEQUSITFBBhNRYQcicRQygZGhCCNCscEVUtHwJDNicoIJChYXGBkaJSYnKCkqNDU2Nzg5OkNERUZHSElKU1RVVldYWVpjZGVmZ2hpanN0dXZ3eHl6g4SFhoeIiYqSk5SVlpeYmZqio6Slpqeoqaqys7S1tre4ubrCw8TFxsfIycrS09TV1tfY2drh4uPk5ebn6Onq8fLz9PX29/j5+v/EAB8BAAMBAQEBAQEBAQEAAAAAAAABAgMEBQYHCAkKC//EALURAAIBAgQEAwQHBQQEAAECdwABAgMRBAUhMQYSQVEHYXETIjKBCBRCkaGxwQkjM1LwFWJy0QoWJDThJfEXGBkaJicoKSo1Njc4OTpDREVGR0hJSlNUVVZXWFlaY2RlZmdoaWpzdHV2d3h5eoKDhIWGh4iJipKTlJWWl5iZmqKjpKWmp6ipqrKztLW2t7i5usLDxMXGx8jJytLT1NXW19jZ2uLj5OXm5+jp6vLz9PX29/j5+v/aAAwDAQACEQMRAD8A+qaiuZ1hXJxnGeTgAepPYVLWD46uZLbwxd+SgeWUCFQc4G44ycc8DNITdldm7G29FYgrkA4PUUtVtMuftum2t1gL58SSYBzjcAf61ZoGQRXIlnMajjbuBz2z6eh5x64NT1y+m6lJL491S0MaiIWyKrZOSYyCfb/ltjj+7XUUCTT2Cij86KBhXl3x+8Sjw/oGmKsQllnuwwQkD5UHOD2OWX8+/Q+o187/ALUGoRtrWh2LknyYzcAKSDuLYHPbhTmqgrsip8LPYPhheC+8B6PKrM22Hyju6/KSv9K6ivMv2f71bjwZNbLjFrdMo+hVW789Sa9B1m7Ww0i9vHOFggeU/wDAVJ/pRJa2Cm+aCZ4j4D8Ypq/xhuYlQpE09wiOp4kUglcj1wg/MfU+9V8bfDrUorTxrZXv8X26N3OTtO5gGwD9D+vpivsmnNWIou9/UKKKKg2CvlH9oN5bz4lhWwsULxxqTxkBEJ/VumP5V9XV558Vvh8vjCTSri2McVxbzqs7YGXhJAP1K9QPTP0N05KL1CyejOU/ZzedLvXYWRzAUhbeAdu75uPrhs/5OPQ/ircSW3gDV2hGXeNYgPXe6qf0Jra0DRrDQdNjsdLt0ggTk4HLt3Zj3Jx1q7cQRXMEkFxGksMilXRxkMD2Ioc7z5hQioqyPhvw9DKkFy6/NIZflC8Mc4A4HQ89M+3HNfb+mSSTadayzKySvEjOrDBBIGQfevOPh/8ACyz8Pa7qV/qCR3RW4LWO4AhE6hiD/EOnsQTyea9Qp1Jc1kJQUW2uoUUUVmUFFFFABRRRQAUUUUAJRRRQB//Z\", \"amount\": 8, \"full_price\": \"199.92\", \"product_id\": \"9a747855-3cdd-4ee0-b980-992ff94eaa1b\", \"unit_price\": \"24.99\", \"final_price\": \"199.92\", \"unit_discount\": \"0.00\", \"total_discount\": \"0.00\", \"original_unit_price\": \"24.99\"}, {\"id\": \"9a747887-c2c8-4c53-82d3-2559ae7c39c3\", \"sku\": \"M-BR001\", \"name\": \"Leather Cuff Bracelet\", \"type\": \"product\", \"urls\": null, \"image\": \"/9j/4AAQSkZJRgABAQEAYABgAAD//gA7Q1JFQVRPUjogZ2QtanBlZyB2MS4wICh1c2luZyBJSkcgSlBFRyB2ODApLCBxdWFsaXR5ID0gODAK/9sAQwAGBAUGBQQGBgUGBwcGCAoQCgoJCQoUDg8MEBcUGBgXFBYWGh0lHxobIxwWFiAsICMmJykqKRkfLTAtKDAlKCko/9sAQwEHBwcKCAoTCgoTKBoWGigoKCgoKCgoKCgoKCgoKCgoKCgoKCgoKCgoKCgoKCgoKCgoKCgoKCgoKCgoKCgoKCgo/8AAEQgAMgAyAwEiAAIRAQMRAf/EAB8AAAEFAQEBAQEBAAAAAAAAAAABAgMEBQYHCAkKC//EALUQAAIBAwMCBAMFBQQEAAABfQECAwAEEQUSITFBBhNRYQcicRQygZGhCCNCscEVUtHwJDNicoIJChYXGBkaJSYnKCkqNDU2Nzg5OkNERUZHSElKU1RVVldYWVpjZGVmZ2hpanN0dXZ3eHl6g4SFhoeIiYqSk5SVlpeYmZqio6Slpqeoqaqys7S1tre4ubrCw8TFxsfIycrS09TV1tfY2drh4uPk5ebn6Onq8fLz9PX29/j5+v/EAB8BAAMBAQEBAQEBAQEAAAAAAAABAgMEBQYHCAkKC//EALURAAIBAgQEAwQHBQQEAAECdwABAgMRBAUhMQYSQVEHYXETIjKBCBRCkaGxwQkjM1LwFWJy0QoWJDThJfEXGBkaJicoKSo1Njc4OTpDREVGR0hJSlNUVVZXWFlaY2RlZmdoaWpzdHV2d3h5eoKDhIWGh4iJipKTlJWWl5iZmqKjpKWmp6ipqrKztLW2t7i5usLDxMXGx8jJytLT1NXW19jZ2uLj5OXm5+jp6vLz9PX29/j5+v/aAAwDAQACEQMRAD8A+qa+d1+M+qy/HZNDgMbeHmvhpfk+WNxfds8wN1+/+GO2ea+iK+FPC/Px6sFycf8ACRKf/JigD7rorE8TeKdJ8OW5k1O6VXxlYUIMjfQf1PFeS6t8fJLPUI0g8NvLascZNzh2HqBtwKAPdaKyPCviGy8TaPDqOnmRUcfNHKu1427qw9a16ACiiigBHZURncgKoySewr8/dUv7L/hLr240yW5iumvXngvI2IKkuSOByuOORzxX6BSIsiMjgMjAgg9xX56eP/Dk3hHxtqekTuiNBK7Rtu3Fo+WQ4GcErjg+v40dQO18M6frep3VzPPe5uGjPlvOd+5vUE557Z7ZrrfC8GlQL9sumkmv8FZGuG3MjA4II9iMVozqmqfB3R/FGkusl1p0K2t6UGPMVPlVyPXGAfr/ALNeP3PiN5ryV1Yq0nLY7kcZ/LH5VSYHvehfECx0LXbeVnCWszCK5UHjaeA/1H6ivflIZQVIIPII71+dGqahNO4YMc9DX278D9Zk1z4W6BdXDFp0hNu5PUmNigJ9yFB/Gkw3O6ooopAFfP37Uvw2Gtac3jCwnt7e6023K3SSnb50YPy7T/eGSMHrkDsAfoGsLxz4atvGHhPUdBvZHigvIwvmJ1RgwZW98MoOO9AHxJ8O/iDfeENJ1fS4Y4LvTtUi8uWG4BIRsYLLgjnBI/L0rn7qwkhuZJEBMauVB9s4/lXZeJ/gv4u8O6qLc2D3loXwl3bIXQrnqcDKn2NeyeEfgzNqNij62rWMMnzFc/vcewH3fx59qYHiXhvwXc6jqCQS4EpXeYurBfU+g9zX2D8KfD7+GfBFjp8qlJMvKyH+HcxIH1xitLwx4U0XwzaC30exjhzy0hG6Rz6sx5JrcpXAKKKKACiiigAooooAKKKKACiiigD/2Q==\", \"amount\": 5, \"full_price\": \"94.95\", \"product_id\": \"9a747867-23c5-4a3f-b71e-344103911407\", \"unit_price\": \"16.99\", \"final_price\": \"84.95\", \"unit_discount\": \"2.00\", \"total_discount\": \"10.00\", \"original_unit_price\": \"18.99\"}]',NULL,'{\"id\": \"9a7477e9-1e1e-4ea6-becf-bd12ec656953\", \"name\": {\"de\": \"Lokal schwer (10–25 kg)\", \"en\": \"Local Heavy (10-25kg)\", \"fr\": \"Lourd local (10-25kg)\"}, \"slug\": \"local-heavy-1\", \"price\": 2.99, \"enabled\": true, \"created_at\": \"2023-10-25T16:09:46.000000Z\", \"deleted_at\": null, \"updated_at\": \"2023-10-25T16:09:46.000000Z\", \"description\": {\"de\": \"Wenn Sie in der Nähe wohnen, liefern wir bis zu Ihrer Haustür.\", \"en\": \"If you live nearby, we deliver to your door.\", \"fr\": \"Si vous habitez à proximité, nous livrons à votre porte.\"}, \"enabled_by_default_on_creation\": true}','{\"delivery\": 2.99, \"subtotal\": 802.61, \"total_payable\": 805.6, \"applied_discount\": 7.01}',1,'gavin-holmes-beckyborough',NULL,'2023-10-25 16:11:37','2023-10-25 16:11:37'),('9a747892-7d8d-4145-af2e-d00186c1c518','9a7477c7-ae56-44de-b2df-b5460720ed54','9a747882-5e3c-4b5d-96f4-609f8fe8b7b3','{\"id\": \"9a747881-c46f-4913-9521-a4f5ce45ad68\", \"lat\": \"30.519391\", \"lon\": \"-39.778628\", \"name\": null, \"slug\": \"ashley-shaw-karlborough\", \"town\": \"Karlborough\", \"country\": \"UK\", \"user_id\": \"9a7477c7-ae56-44de-b2df-b5460720ed54\", \"post_code\": \"PO17 5HZ\", \"created_at\": \"2023-10-25T16:11:26.000000Z\", \"deleted_at\": null, \"updated_at\": \"2023-10-25T16:11:26.000000Z\", \"address_line_1\": \"96 Ian Falls\", \"address_line_2\": null, \"google_maps_url\": \"https://www.google.com/maps/@30.519391,-39.778628,14z\"}','{\"amount\": \"686.55\", \"source\": {\"id\": \"9a747881-e449-4619-9583-646acc7d8247\", \"name\": \"autem esse\", \"slug\": \"shaw-autem-esse\", \"brand\": \"american express\", \"user_id\": \"9a7477c7-ae56-44de-b2df-b5460720ed54\", \"exp_year\": \"2022\", \"exp_month\": \"7\", \"last_four\": \"2099\", \"source_id\": \"kVhgHR80UXD8dVyXtDJjW0kbv7rPDUvdvI7IDqOpC8KRQ0m17cd8mkYrO7eRkvOgp94bqdBxfvtO59MtOtNQpEhPF0NAgNBzc8tuEmWWN8a1ITNmO60Kv286fiymClepgajrAEqGMpArU4ZwGWqwqj\", \"created_at\": \"2023-10-25T16:11:26.000000Z\", \"deleted_at\": null, \"updated_at\": \"2023-10-25T16:11:26.000000Z\", \"stripe_user_id\": \"YZcMddb6cVU3FJgZI3kexxdDxzL1oR6R1vVWDEusQbwDkoQc5N1dyrGEx0oJUKhYagcN5XSoWLlAypVNLT2EbJHsgGETAor38rrCC8G5OSNBwK94PgrCCk7x\", \"payment_method_id\": 4}, \"created_at\": \"25-10-2023 16:11\", \"payment_ref\": \"YGlmljLbbW\"}','[{\"id\": \"9a747888-1e50-4bb3-a7ac-c7079548cadc\", \"sku\": \"M-S003\", \"name\": \"Casual Checkered Shirt - (Size) S\", \"type\": \"product_variant\", \"urls\": null, \"image\": \"/9j/4AAQSkZJRgABAQEAYABgAAD//gA7Q1JFQVRPUjogZ2QtanBlZyB2MS4wICh1c2luZyBJSkcgSlBFRyB2ODApLCBxdWFsaXR5ID0gODAK/9sAQwAGBAUGBQQGBgUGBwcGCAoQCgoJCQoUDg8MEBcUGBgXFBYWGh0lHxobIxwWFiAsICMmJykqKRkfLTAtKDAlKCko/9sAQwEHBwcKCAoTCgoTKBoWGigoKCgoKCgoKCgoKCgoKCgoKCgoKCgoKCgoKCgoKCgoKCgoKCgoKCgoKCgoKCgoKCgo/8AAEQgAMgAyAwEiAAIRAQMRAf/EAB8AAAEFAQEBAQEBAAAAAAAAAAABAgMEBQYHCAkKC//EALUQAAIBAwMCBAMFBQQEAAABfQECAwAEEQUSITFBBhNRYQcicRQygZGhCCNCscEVUtHwJDNicoIJChYXGBkaJSYnKCkqNDU2Nzg5OkNERUZHSElKU1RVVldYWVpjZGVmZ2hpanN0dXZ3eHl6g4SFhoeIiYqSk5SVlpeYmZqio6Slpqeoqaqys7S1tre4ubrCw8TFxsfIycrS09TV1tfY2drh4uPk5ebn6Onq8fLz9PX29/j5+v/EAB8BAAMBAQEBAQEBAQEAAAAAAAABAgMEBQYHCAkKC//EALURAAIBAgQEAwQHBQQEAAECdwABAgMRBAUhMQYSQVEHYXETIjKBCBRCkaGxwQkjM1LwFWJy0QoWJDThJfEXGBkaJicoKSo1Njc4OTpDREVGR0hJSlNUVVZXWFlaY2RlZmdoaWpzdHV2d3h5eoKDhIWGh4iJipKTlJWWl5iZmqKjpKWmp6ipqrKztLW2t7i5usLDxMXGx8jJytLT1NXW19jZ2uLj5OXm5+jp6vLz9PX29/j5+v/aAAwDAQACEQMRAD8A+qaztX1rT9IQNf3CxkjIUAliPoK0a8O8Ya2s/iO6JBIdmiUFeyg47+w/OqiribI/i94qm8Q6GsOhm4t4oJS+8MQZWGV2so/h59TXHfCjV9V8P6qNV1LzWjdBH9n8w7GViOenX8O3vXTWs7tpblYHI85vu8fx/SqKytDpVkqQybAEGd+f41z2rbkV7GSqSaPbtJ8X6PqU6W8dx5VyxwI5RtJPoD0NdBXzpc3cUt9MjcSQDzBwRg9jkfjXu/hfUhq/h+xvs5aWMb/98cN+oNZSjY0jK6/rsjUoooqBlW/nePTJ5oUZ5REWRFGSTjgV4Ffx3F5qRhRD5sAMhzzgDBPPbhD+dfQkH+pj/wB0fyrL8URR/wBhajLsQTC2cK5Az06Z+tXCViZq+qPDrWe6a0uVEbhN4Iz/AMAJ9O5qtNLdNFpyvEQGIGBz0wR/Krlr9qazuT5akmTjk9Ny/wC1VeRbyOxs22KxGDktz1Xjr+Fb/wDAMrrW3n+SGW8Uv9tvcTRNtuEaMA88ptJx+Egr1/4WyyN4elhljaMwzsqgrt+UgHj8d1VPhP5dxo10ZokM0V02CygkAqoyPrt/Su8rCUr6GsY2MyYt5z8n7xopZv8AWv8A7xopFl+H/Ux/7orE8drI/hS+WIkMdnT03rn9M1uQ/wCqT/dFZPi6Ce58OXsVoheZlGFHU/MCf0zSW4nseJ2aXIs7n7pw6/8AstVZlnTT7MJGq5YHbgD+Jefx61et7adLG4DSxKRJjBQcYKiqxtpv7Ns2eeHAAOQgHAKmun/gHOn+v5I7j4SyyQa7rFpLwssaTKM9CCQR/wCPfrXqNeYfDrS71PFU1+ysbI2zASYwrMWXAB78A16fWE9zan8KM2b/AFr/AO8aKJR+9f8A3jRSLGRSP5SfO33R3p/mP/fb86KKQGRr0EL2ckjRRtISMsVBP51yvhKGKTVSjxIyKXwpUEDnsKKK2Xwv5Gf2vv8AyPQBI4AAdgB70vmP/fb86KKyNDOlkfzX+dup70UUVQH/2Q==\", \"amount\": 1, \"full_price\": \"24.99\", \"product_id\": \"9a7477f5-8cfb-44d7-b099-c3222c1d589b\", \"unit_price\": \"24.99\", \"final_price\": \"24.99\", \"unit_discount\": \"0.00\", \"total_discount\": \"0.00\", \"product_variant_id\": \"9a747872-5b5a-4076-a0b5-d09497ef2c8f\", \"original_unit_price\": \"24.99\"}, {\"id\": \"9a747888-0cfb-4858-9cf0-c646401073b7\", \"sku\": \"W-S001\", \"name\": \"Elegant A-Line Skirt - (Size) M, (Colour) Midnight Blue\", \"type\": \"product_variant\", \"urls\": null, \"image\": \"/9j/4AAQSkZJRgABAQEAYABgAAD//gA7Q1JFQVRPUjogZ2QtanBlZyB2MS4wICh1c2luZyBJSkcgSlBFRyB2ODApLCBxdWFsaXR5ID0gODAK/9sAQwAGBAUGBQQGBgUGBwcGCAoQCgoJCQoUDg8MEBcUGBgXFBYWGh0lHxobIxwWFiAsICMmJykqKRkfLTAtKDAlKCko/9sAQwEHBwcKCAoTCgoTKBoWGigoKCgoKCgoKCgoKCgoKCgoKCgoKCgoKCgoKCgoKCgoKCgoKCgoKCgoKCgoKCgoKCgo/8AAEQgAMgAyAwEiAAIRAQMRAf/EAB8AAAEFAQEBAQEBAAAAAAAAAAABAgMEBQYHCAkKC//EALUQAAIBAwMCBAMFBQQEAAABfQECAwAEEQUSITFBBhNRYQcicRQygZGhCCNCscEVUtHwJDNicoIJChYXGBkaJSYnKCkqNDU2Nzg5OkNERUZHSElKU1RVVldYWVpjZGVmZ2hpanN0dXZ3eHl6g4SFhoeIiYqSk5SVlpeYmZqio6Slpqeoqaqys7S1tre4ubrCw8TFxsfIycrS09TV1tfY2drh4uPk5ebn6Onq8fLz9PX29/j5+v/EAB8BAAMBAQEBAQEBAQEAAAAAAAABAgMEBQYHCAkKC//EALURAAIBAgQEAwQHBQQEAAECdwABAgMRBAUhMQYSQVEHYXETIjKBCBRCkaGxwQkjM1LwFWJy0QoWJDThJfEXGBkaJicoKSo1Njc4OTpDREVGR0hJSlNUVVZXWFlaY2RlZmdoaWpzdHV2d3h5eoKDhIWGh4iJipKTlJWWl5iZmqKjpKWmp6ipqrKztLW2t7i5usLDxMXGx8jJytLT1NXW19jZ2uLj5OXm5+jp6vLz9PX29/j5+v/aAAwDAQACEQMRAD8A+k7T7orQiHfNZ1qflFUfEsVrd2Zhvo0eFPn+Y4AP50Uoc8kjOtVVKLkzYvbBJ8vGQkvXd61z+paWk4KTH7NdH7sinCv/APXrjdT0GwSP/R5JLbPKtFdTRforVxev6RqVrHi313UELfMgluEdfw3813f2bKSvFnAs1pp2kmjofEWiX1vdJHd+YUZsBySRj2NW9LgNvp8UT8Fc/wA6840rW/F9jqEMd7ry3NkXAePMbkr+GcGvTDOHOc9a5a2GnQtzdTvo4mGIXudCbBoqPzBRWBsegi5S3tHmkOERSx/CuYv9RRzELyVYwym4lZjgKMgBf1P/AHzTvE14wsYLWP707jdj+6K4vWb5p5tbaOOCZYpI7MCY/IQib2/8elI/CvYwGH9xTfU8HMsReo6a2X5sng1M6x4hvvLnSW2iYRR+Wcrj61zHxC1BbfxjArvtjS3I56dq2fh9abN8v2WO2DNu2RklfrXH+PLM6v4wSJWIJfbx+Fery2dl0PKi1zO5NZkanoWp6gLC3hsoZIolcRgPOxcbiT2AGOnc+1dHpl75lpEd2TtwT9OK0/EGnwaT4AezgULHGinHvkHNcPoN2N1xCDyjhsemRz+oavOzGPPS5l0Z6uVztVce6O3FyMdaKxhNx1orwz6Cx6Dc232meO43sxjHEfr9DXn+pW58O6Iw1qdDeSzTXMgjbKszuSME47YFd7az8DmsXxzZxX+lh5FB2cHNdcMxqUIbXSOKWV0cTU1dmxPBDrLoqTqVbcucqQRXKaFCNS+IU7HlbYFm9iTxXC6lf3GlyE6bcS20qjG6JypI9DjqK9X+A2jFvDs2taqxuL3UHLF27KvAGB+NbwzqEk246mNXhypTfuzTRa8fSrJpEkG4BXwD+deX2kLQavPcIf3ciBWGe4JP9TXq3j2CxKsPK5Ho7D+teVtKPMOOmaitmcatJ04RLw+UTw1RVJyv6G0Lk4HNFZgm4FFeZc9Wx6xaHim69zod5n/nnRRTqfAyaX8Rep89awSbl8mvo/4UgD4faVgY/dH/ANCNFFcNM9nEbI5vx2Tubk968xY/MaKK2pbM48T0JAeBRRRWpzH/2Q==\", \"amount\": 3, \"full_price\": \"86.97\", \"product_id\": \"9a74780d-d674-4712-aaa2-87e907ee492c\", \"unit_price\": \"28.99\", \"final_price\": \"86.97\", \"unit_discount\": \"0.00\", \"total_discount\": \"0.00\", \"product_variant_id\": \"9a74786e-e1a3-4276-84f7-8e73cd5b080a\", \"original_unit_price\": \"28.99\"}, {\"id\": \"9a747888-1574-4691-853d-184bb7351a4e\", \"sku\": \"W-SN002\", \"name\": \"Sporty Running Sneakers - (Size) 8, (Colour) Bright Red\", \"type\": \"product_variant\", \"urls\": null, \"image\": \"/9j/4AAQSkZJRgABAQEAYABgAAD//gA7Q1JFQVRPUjogZ2QtanBlZyB2MS4wICh1c2luZyBJSkcgSlBFRyB2ODApLCBxdWFsaXR5ID0gODAK/9sAQwAGBAUGBQQGBgUGBwcGCAoQCgoJCQoUDg8MEBcUGBgXFBYWGh0lHxobIxwWFiAsICMmJykqKRkfLTAtKDAlKCko/9sAQwEHBwcKCAoTCgoTKBoWGigoKCgoKCgoKCgoKCgoKCgoKCgoKCgoKCgoKCgoKCgoKCgoKCgoKCgoKCgoKCgoKCgo/8AAEQgAMgAyAwEiAAIRAQMRAf/EAB8AAAEFAQEBAQEBAAAAAAAAAAABAgMEBQYHCAkKC//EALUQAAIBAwMCBAMFBQQEAAABfQECAwAEEQUSITFBBhNRYQcicRQygZGhCCNCscEVUtHwJDNicoIJChYXGBkaJSYnKCkqNDU2Nzg5OkNERUZHSElKU1RVVldYWVpjZGVmZ2hpanN0dXZ3eHl6g4SFhoeIiYqSk5SVlpeYmZqio6Slpqeoqaqys7S1tre4ubrCw8TFxsfIycrS09TV1tfY2drh4uPk5ebn6Onq8fLz9PX29/j5+v/EAB8BAAMBAQEBAQEBAQEAAAAAAAABAgMEBQYHCAkKC//EALURAAIBAgQEAwQHBQQEAAECdwABAgMRBAUhMQYSQVEHYXETIjKBCBRCkaGxwQkjM1LwFWJy0QoWJDThJfEXGBkaJicoKSo1Njc4OTpDREVGR0hJSlNUVVZXWFlaY2RlZmdoaWpzdHV2d3h5eoKDhIWGh4iJipKTlJWWl5iZmqKjpKWmp6ipqrKztLW2t7i5usLDxMXGx8jJytLT1NXW19jZ2uLj5OXm5+jp6vLz9PX29/j5+v/aAAwDAQACEQMRAD8AzbSJV4hiye7Ma0YLRdwdHAfvSRnzB7U+7Y2Gn3F4cBYY2kyemQOAfqcD8a8tJyaiup7cmoRcn0MHxNJYXlrNamWZ5g6xKY49ymQsFC5yOcn3r2GIW/h7wzbq5EccEIHPGMCvnPXPG7fa9O0/T5Vi03TfJmhGwHfcBVMjv/eO/djOeOPet/XPGep+LbGH7QkcEIHKw5w59ee3tXTisOo2jDZdTkweJc25VN3sjH+IOvzeJdQb5iLVD8i+vvVbwnYxSHawbcPQVLFpplYfLzXceHNEjgiV5I9r+o4zWLajHlRuk5y5mQroNttH7qLp/dFFdJ9ig/uCisuY25UV1sA5DQMEJ6qelcf8UdXNlpZ0kyrvIWScp1ORlU/I7j/wH0ru9OdM4dWTPQueDXlnj/wlrWo+JJ5bWGedZWG0bDtC4AyGHHbkHB9j1rqwjipuUumxx41ScFGPV6nm+hWFxq96LW3Xofmb+6K9m0jw/cx2kUaxgBFCgtyeBTvDng+LwnYfadQuImunG6THQYGcD2HrXK3Wu+Ib/wAS2tzphuI7BpfKVuiEDG78hXQqUsQ9HaP5s5XWjhlqry3a7I9Et9GS2xLfTRRJ6uwUfrW7YT2k8bLZ3EM4TG4IwO30rxy8ur2fV5Had5ImbBLFmBH1xxXUfDqKWXVbm7j3fZo4zBuHR3JVjj6AD/voVdfL40qbm5aozw2ZyrVVBR0Z6HtHofzoqPy5PQ/nRXkntkNqFGAJTGfpnNa0UcZQbwsmO5rk7SeULhZlI9CORV+K/uIeh8wUyTlfijqC215FaywObSWMA7W2cgk4z7+nfFYFhd6rrdrFpOlReXZw5AGfljB65Pv19ep9a9GvLm0v1AvLXJXjp+mD1HtzTreaOGIR6fAUA6kpsA/T+VejTx7p0lBLVHlVctVSs6jej3MbQvh9ZxBZNZuJrnuYY28pD7HGW/IiusAsbGJYrSO3toIxtSKIYVR/MnuSeTWduLZaZS/1fAqrc3TqCEghA+ua5amIqVdJM7qWGp0dYIvnUIMn95RWF9quf7sH/fNFYWN7kKn5EPerFqxy3J6UUU2CLkHzDLcn3qVycdaKKQzMu3bzFG449M0rE7aKKYikWOTyfzooopiP/9k=\", \"amount\": 1, \"full_price\": \"27.95\", \"product_id\": \"9a747824-1d85-4967-aa32-7c06af994493\", \"unit_price\": \"27.95\", \"final_price\": \"27.95\", \"unit_discount\": \"0.00\", \"total_discount\": \"0.00\", \"product_variant_id\": \"9a74786f-225f-4c35-a5f7-6d31bb2dd4e2\", \"original_unit_price\": \"27.95\"}, {\"id\": \"9a747888-274c-492e-8a0d-a93492dea419\", \"sku\": \"M-LO003\", \"name\": \"Fashion Slip-On Loafers - (Size) 8\", \"type\": \"product_variant\", \"urls\": null, \"image\": \"/9j/4AAQSkZJRgABAQEAYABgAAD//gA7Q1JFQVRPUjogZ2QtanBlZyB2MS4wICh1c2luZyBJSkcgSlBFRyB2ODApLCBxdWFsaXR5ID0gODAK/9sAQwAGBAUGBQQGBgUGBwcGCAoQCgoJCQoUDg8MEBcUGBgXFBYWGh0lHxobIxwWFiAsICMmJykqKRkfLTAtKDAlKCko/9sAQwEHBwcKCAoTCgoTKBoWGigoKCgoKCgoKCgoKCgoKCgoKCgoKCgoKCgoKCgoKCgoKCgoKCgoKCgoKCgoKCgoKCgo/8AAEQgAMgAyAwEiAAIRAQMRAf/EAB8AAAEFAQEBAQEBAAAAAAAAAAABAgMEBQYHCAkKC//EALUQAAIBAwMCBAMFBQQEAAABfQECAwAEEQUSITFBBhNRYQcicRQygZGhCCNCscEVUtHwJDNicoIJChYXGBkaJSYnKCkqNDU2Nzg5OkNERUZHSElKU1RVVldYWVpjZGVmZ2hpanN0dXZ3eHl6g4SFhoeIiYqSk5SVlpeYmZqio6Slpqeoqaqys7S1tre4ubrCw8TFxsfIycrS09TV1tfY2drh4uPk5ebn6Onq8fLz9PX29/j5+v/EAB8BAAMBAQEBAQEBAQEAAAAAAAABAgMEBQYHCAkKC//EALURAAIBAgQEAwQHBQQEAAECdwABAgMRBAUhMQYSQVEHYXETIjKBCBRCkaGxwQkjM1LwFWJy0QoWJDThJfEXGBkaJicoKSo1Njc4OTpDREVGR0hJSlNUVVZXWFlaY2RlZmdoaWpzdHV2d3h5eoKDhIWGh4iJipKTlJWWl5iZmqKjpKWmp6ipqrKztLW2t7i5usLDxMXGx8jJytLT1NXW19jZ2uLj5OXm5+jp6vLz9PX29/j5+v/aAAwDAQACEQMRAD8A6UJz0rJ1zxJo+gz20OrXsdtJcZ8sMCc46kkDgc96wPiJ4/XwfdWMCWIu3nBd/wB5s2KDgdjyefyryP4keKIPFmoW13bxSpaxwCMo+MxvuJPT8PrSSKPo62nhuoEmtpUliYZV0YMp/EVLtr5f8L+IdV8NTiTTLlljPLwOd0b/AIf1HNe6eDfHFl4hXyJYzZ6ig+aBz973U9x+tKwHVbKjdMg1YGCOOaRloGVPL9qKs0UAfPvxdsrg+Mrh7jcY7hFaBj04AGB+OR+NcfFBJuVUUmU/KBjO7/ZI719IeNvDMHiLSmt5RtnTLQy90b/A14va3B0HVrtLqJf7QiBiKOMncccj6jv7+9UhGBh9C1WCLUoHjWN0kaMjJUZBx7g10mtW5utMj12zutl3E4H7vhnXswx6cAn/AOvWhrCW3iTwul/O4GpQFYYguCZOo2MOwGOvJOcfTjNO1S50MeW6+bp0xIeFuit0OPQ4/wA8UBseu/DXx82ooun61IovAcJLjAcds+9enZzivlSJlWUXNk25RzjuPYivdPhr4kbWNLEVyxNxCdhYnlhjgn3/AMKTQI7jH1opwJx2opDFZM+9eV/F/wAJPcpHrdlEWlgXbOq9SnZvqP5fSvWMjtTHUMuDyD2oEeBeCvsusR3OlvdC2ln2sgY8M69CPf2o1rQpdP1CZL6BHikIY5XKlvX/AD613Xir4Y6fqcr3WlyHT7sncdg+Qn1x2/CuYu9F8eWsJspXhvbfG1ZXG8gfXGfzqrgLpvw80bW7RLvSri4sZT96NX3KD3HPPWuz8I+DRoDAJJuGdxbOSx9TVf4eaHfaVBtumJz8zEjGSTk13RY4GakA2/SilDcdqKAHjtTx1oooAa1IKKKAGkc0yXtRRQBFmiiigD//2Q==\", \"amount\": 7, \"full_price\": \"209.93\", \"product_id\": \"9a74783b-cf57-4103-8c03-8cf70613a692\", \"unit_price\": \"29.99\", \"final_price\": \"209.93\", \"unit_discount\": \"0.00\", \"total_discount\": \"0.00\", \"product_variant_id\": \"9a747877-6c76-44ff-aa0b-f96534ebaa43\", \"original_unit_price\": \"29.99\"}, {\"id\": \"9a747887-fb4c-41af-b81c-2b113a62e473\", \"sku\": \"M-BO001\", \"name\": \"Classic Leather Boots - (Size) 10\", \"type\": \"product_variant\", \"urls\": null, \"image\": \"/9j/4AAQSkZJRgABAQEAYABgAAD//gA7Q1JFQVRPUjogZ2QtanBlZyB2MS4wICh1c2luZyBJSkcgSlBFRyB2ODApLCBxdWFsaXR5ID0gODAK/9sAQwAGBAUGBQQGBgUGBwcGCAoQCgoJCQoUDg8MEBcUGBgXFBYWGh0lHxobIxwWFiAsICMmJykqKRkfLTAtKDAlKCko/9sAQwEHBwcKCAoTCgoTKBoWGigoKCgoKCgoKCgoKCgoKCgoKCgoKCgoKCgoKCgoKCgoKCgoKCgoKCgoKCgoKCgoKCgo/8AAEQgAMgAyAwEiAAIRAQMRAf/EAB8AAAEFAQEBAQEBAAAAAAAAAAABAgMEBQYHCAkKC//EALUQAAIBAwMCBAMFBQQEAAABfQECAwAEEQUSITFBBhNRYQcicRQygZGhCCNCscEVUtHwJDNicoIJChYXGBkaJSYnKCkqNDU2Nzg5OkNERUZHSElKU1RVVldYWVpjZGVmZ2hpanN0dXZ3eHl6g4SFhoeIiYqSk5SVlpeYmZqio6Slpqeoqaqys7S1tre4ubrCw8TFxsfIycrS09TV1tfY2drh4uPk5ebn6Onq8fLz9PX29/j5+v/EAB8BAAMBAQEBAQEBAQEAAAAAAAABAgMEBQYHCAkKC//EALURAAIBAgQEAwQHBQQEAAECdwABAgMRBAUhMQYSQVEHYXETIjKBCBRCkaGxwQkjM1LwFWJy0QoWJDThJfEXGBkaJicoKSo1Njc4OTpDREVGR0hJSlNUVVZXWFlaY2RlZmdoaWpzdHV2d3h5eoKDhIWGh4iJipKTlJWWl5iZmqKjpKWmp6ipqrKztLW2t7i5usLDxMXGx8jJytLT1NXW19jZ2uLj5OXm5+jp6vLz9PX29/j5+v/aAAwDAQACEQMRAD8A8NstGe7dRGuyQjKlGJBrovD/AIamMxj1GEDb0OOeteo6XoVvGiBYxnoCB0rpoh4Z0wQRa1eFr6SNpxAijIRQTyT9DWDqnSqaONsPDgQ+RNZrJA6/eI6HHrVXUdBtQ/lMpjWEblHXdV+++JSaTrs9re6TE9hFIU/cyMH2Z4YE8E4wegqTxPr3hHTGtrrV9YuPJu4Eure3tbZmllibOCS2FXoR1OCDWak3qjSdJw3R5jqkZDyMyjk/eH1rFd/lbaDnOa7nUfiF4QkCpZ+EpbiyKjLT37JKG7/dGPT9au+GtF8OePI7248M2t3ZXVgqyTWMsgl3oc5ZGwCcEcgjv17VrGdtzB0pLU4FPMKKdvUf3aK9XXwY20Yhlxj+7/8AWoqvaIOQ6/QNKgnQx3VzNHIp3CSAeUT/AENcF+0JZRaRp+j6gG86RpXtnDMAzxMuSBj0x17Z969E0G+06ecLZ3UsUmcGKdHQg/RgK8q/ahmbf4djadHQLOdg4IP7vn9P51lHcq7uVvhlJo3iTW7R9bdZikXkFZ14mZeFLe5TGPdW9K1v2ifCtvp3gnR5rG3l8vTZzBC65YLbyAttZjk/K4AGezeua8R8P6gtneRucgqwIPoa+ovAvjiz1TRxY649vNE67GEnIYHswNZSl7OZ3um61PmTufJdpOqnZKfk6jIyAf8ACvoP4PeJ/BWkzWV3Ar6dq6w+TMyf6ucYGQcj1wexyPSk8Z/Bjw9qMk154X1q205my32eaQNFn0B6r+v0r5/vYrjStQntJmQywSGNijZUkHGQe4rbSqtDm/hO09UfcI1/w8wDLe4B5AEg4/SiviYavdgACWT8zRUezn3L/wBnPphdfu0t7eWCQS7iQMEOvB4xjO3/AIFj2HavMfiuPFPjHVLCOW0s7mS2DRwmwBy4OM7icZ+6OeB1q/pmuxW7O11GLvPygSYIVfQAgj866vSPiBbWUii1sY7dOmIiF/UDOPbNbKMo7HLKcGjyWT4UeL7ZYmawjeRxuMSTKWX2Pao7zw54n0mPF9o+rwIOrrbM4/MHFfQNv44W6O6MQAnse1RXOrai0xk0zUI7FGGGQQCUN7/MSB+Ap8k5bolVVD4ZNHzjZXMJukTyLy5nJAAf5R9Co5P/AH0K948MeCPBM1ja/wBuaffXl/OqtseEQrFxnAUNk/7zEk4HNa9jIrS+beJp09wRhpRZiNiPqp4NX5XjBBhZkwcjDGhwn0QvaQesmZ5+GvgdiSnh2HaeRmabOPwNFaS3R2jc5J7naOf0oqPZ1R89I+byTnqanhY7upooroMTUgZsL8x/Out8OSO0DhnYgdMmiinDcmWxtW7NnqfzrSRjs6n86KK0IJwTgc0UUUgP/9k=\", \"amount\": 5, \"full_price\": \"139.95\", \"product_id\": \"9a747842-6a35-4a29-9cc8-3e6ab4c8d128\", \"unit_price\": \"27.99\", \"final_price\": \"139.95\", \"unit_discount\": \"0.00\", \"total_discount\": \"0.00\", \"product_variant_id\": \"9a747878-2cb0-4807-8457-15643d1516c9\", \"original_unit_price\": \"27.99\"}, {\"id\": \"9a747888-031d-41ec-8d0f-e0dde3ae1b43\", \"sku\": \"M-BR003\", \"name\": \"Beaded Charm Bracelet\", \"type\": \"product\", \"urls\": null, \"image\": \"/9j/4AAQSkZJRgABAQEAYABgAAD//gA7Q1JFQVRPUjogZ2QtanBlZyB2MS4wICh1c2luZyBJSkcgSlBFRyB2ODApLCBxdWFsaXR5ID0gODAK/9sAQwAGBAUGBQQGBgUGBwcGCAoQCgoJCQoUDg8MEBcUGBgXFBYWGh0lHxobIxwWFiAsICMmJykqKRkfLTAtKDAlKCko/9sAQwEHBwcKCAoTCgoTKBoWGigoKCgoKCgoKCgoKCgoKCgoKCgoKCgoKCgoKCgoKCgoKCgoKCgoKCgoKCgoKCgoKCgo/8AAEQgAMgAyAwEiAAIRAQMRAf/EAB8AAAEFAQEBAQEBAAAAAAAAAAABAgMEBQYHCAkKC//EALUQAAIBAwMCBAMFBQQEAAABfQECAwAEEQUSITFBBhNRYQcicRQygZGhCCNCscEVUtHwJDNicoIJChYXGBkaJSYnKCkqNDU2Nzg5OkNERUZHSElKU1RVVldYWVpjZGVmZ2hpanN0dXZ3eHl6g4SFhoeIiYqSk5SVlpeYmZqio6Slpqeoqaqys7S1tre4ubrCw8TFxsfIycrS09TV1tfY2drh4uPk5ebn6Onq8fLz9PX29/j5+v/EAB8BAAMBAQEBAQEBAQEAAAAAAAABAgMEBQYHCAkKC//EALURAAIBAgQEAwQHBQQEAAECdwABAgMRBAUhMQYSQVEHYXETIjKBCBRCkaGxwQkjM1LwFWJy0QoWJDThJfEXGBkaJicoKSo1Njc4OTpDREVGR0hJSlNUVVZXWFlaY2RlZmdoaWpzdHV2d3h5eoKDhIWGh4iJipKTlJWWl5iZmqKjpKWmp6ipqrKztLW2t7i5usLDxMXGx8jJytLT1NXW19jZ2uLj5OXm5+jp6vLz9PX29/j5+v/aAAwDAQACEQMRAD8A+qaKKKQBRRRQAUUUUAFFFFAHNePPGWneDdLS61DfJNKSsECD5pSMZ57AZGTXi8vjj4neN7nHg+xWz090kQTCMKuexLPkhu3y45rtP2g/Cd74j0O0utM+a808uyRHJEisBuAA/i+UY/GvHfBPxC8c6NpkGn2VpcmD7UY0Eln5jqE+8nqTk4wSDngY6VpFK3mSzvovh18UtRhd9T8ZGB5YY1MS3D4UhgSDtGDwOowSSfxvf8Kx8exLO9t47mE0s0UhcyP8wXOc8c9sduOc9qng74u674i8YX2h6hpMUEYSTcoibdAVP3Wz1zyDkDn8q2/EfxJsvh5pu2az+0NIR5NrEREqjBJOeQBx0A7isZVnGoqZagnHmOb1G1+NHhWHz7e+i1qCPzZHB2yfQAHDHjBA7cjHr13wn+Kv/CU3MWja5Zmz1sBhlfuSlRluDyjcE456de1cRrP7ScIDJpWjAEx43zyFtj4BJ2gDKjJxyM47dKz/AIRWGs+LfiTD4puIpLe0T/SWkCbVdzlBGO3AHJ7dD1rbdakbbH05RRRWZQjorjDqGHoRWDeeD9Bu/NMmmwJJKctJEuxyfXcMGt+igDlIPAml2wxZXGo2wJywjumIY9shsg1l+JPhZpHiO3EGq3+qSxg7gPMQYPqMJXf0UuVXv1Hfoec6T8GPBWnTrL/ZZumWPy1F1IZFVfZTx+ld7p9haadax21hbQ21vGu1I4kCqo9ABVmimIKKKKACiiigAooooAKKKKACiiigD//Z\", \"amount\": 10, \"full_price\": \"249.90\", \"product_id\": \"9a74786a-8a10-4faf-93d8-24010007d01d\", \"unit_price\": \"22.99\", \"final_price\": \"229.90\", \"unit_discount\": \"2.00\", \"total_discount\": \"20.00\", \"original_unit_price\": \"24.99\"}]','{\"id\": \"9a7477e7-b459-4207-91e8-90d44e67f9aa\", \"code\": \"3MQVN1ST3T\", \"slug\": \"5%-off-1\", \"type\": 1, \"value\": \"5%\", \"amount\": 5, \"enabled\": true, \"created_at\": \"2023-10-25T16:09:45.000000Z\", \"deleted_at\": null, \"updated_at\": \"2023-10-25T16:09:45.000000Z\", \"valid_from\": \"2023-10-12T08:00:00.000000Z\", \"valid_until\": \"2024-10-12T08:00:00.000000Z\"}','{\"id\": \"9a7477e9-1e1e-4ea6-becf-bd12ec656953\", \"name\": {\"de\": \"Lokal schwer (10–25 kg)\", \"en\": \"Local Heavy (10-25kg)\", \"fr\": \"Lourd local (10-25kg)\"}, \"slug\": \"local-heavy-1\", \"price\": 2.99, \"enabled\": true, \"created_at\": \"2023-10-25T16:09:46.000000Z\", \"deleted_at\": null, \"updated_at\": \"2023-10-25T16:09:46.000000Z\", \"description\": {\"de\": \"Wenn Sie in der Nähe wohnen, liefern wir bis zu Ihrer Haustür.\", \"en\": \"If you live nearby, we deliver to your door.\", \"fr\": \"Si vous habitez à proximité, nous livrons à votre porte.\"}, \"enabled_by_default_on_creation\": true}','{\"delivery\": 2.99, \"subtotal\": 719.69, \"total_payable\": 686.55, \"applied_discount\": 53.14}',1,'ashley-shaw-karlborough',NULL,'2023-10-25 16:11:37','2023-10-25 16:11:37');
/*!40000 ALTER TABLE `invoices` ENABLE KEYS */;
UNLOCK TABLES;

--
-- Table structure for table `migrations`
--

DROP TABLE IF EXISTS `migrations`;
/*!40101 SET @saved_cs_client     = @@character_set_client */;
/*!50503 SET character_set_client = utf8mb4 */;
CREATE TABLE `migrations` (
  `id` int unsigned NOT NULL AUTO_INCREMENT,
  `migration` varchar(255) COLLATE utf8mb4_unicode_ci NOT NULL,
  `batch` int NOT NULL,
  PRIMARY KEY (`id`)
) ENGINE=InnoDB AUTO_INCREMENT=55 DEFAULT CHARSET=utf8mb4 COLLATE=utf8mb4_unicode_ci;
/*!40101 SET character_set_client = @saved_cs_client */;

--
-- Dumping data for table `migrations`
--

LOCK TABLES `migrations` WRITE;
/*!40000 ALTER TABLE `migrations` DISABLE KEYS */;
INSERT INTO `migrations` VALUES (1,'2014_10_12_100000_create_password_resets_table',1),(2,'2016_06_01_000001_create_oauth_auth_codes_table',1),(3,'2016_06_01_000002_create_oauth_access_tokens_table',1),(4,'2016_06_01_000003_create_oauth_refresh_tokens_table',1),(5,'2016_06_01_000004_create_oauth_clients_table',1),(6,'2016_06_01_000005_create_oauth_personal_access_clients_table',1),(7,'2019_08_19_000000_create_failed_jobs_table',1),(8,'2021_09_09_080647_create_users_table',1),(9,'2021_09_09_080648_create_file_contents_table',1),(10,'2021_09_09_080649_create_access_tokens_table',1),(11,'2021_09_09_080650_create_payment_sources_table',1),(12,'2021_09_09_080651_create_payments_table',1),(13,'2021_09_09_080652_create_system_settings_table',1),(14,'2021_09_09_080654_create_contents_table',1),(15,'2021_09_09_080655_create_products_table',1),(16,'2021_09_09_080656_create_event_logs_table',1),(17,'2021_09_09_080657_create_product_variants_table',1),(18,'2021_09_09_080658_create_carts_table',1),(19,'2021_09_09_080659_create_discount_rules_table',1),(20,'2021_09_09_080700_create_voucher_codes_table',1),(21,'2021_09_09_080701_create_product_categories_table',1),(22,'2021_09_09_080702_create_product_tags_table',1),(23,'2021_09_09_080703_create_product_attributes_table',1),(24,'2021_09_09_080704_create_product_attribute_options_table',1),(25,'2021_09_09_080705_create_delivery_types_table',1),(26,'2021_09_09_080706_create_delivery_rules_table',1),(27,'2021_09_09_082936_create_permission_tables',1),(28,'2021_09_10_075846_create_audits_table',1),(29,'2021_09_10_144049_create_product_product_category_table',1),(30,'2021_09_10_144313_create_product_attribute_product_variant_table',1),(31,'2021_09_11_061038_create_product_product_tag_table',1),(32,'2021_09_12_071609_create_addresses_table',1),(33,'2021_09_13_124447_create_ratings_table',1),(34,'2021_09_13_130824_create_cart_product_table',1),(35,'2021_09_13_134418_create_orders_table',1),(36,'2021_09_13_135534_create_order_product_table',1),(37,'2021_09_14_135657_create_product_product_attribute_table',1),(38,'2021_09_14_145956_create_discount_rule_product_category_table',1),(39,'2021_09_14_150006_create_discount_rule_product_table',1),(40,'2021_09_16_070050_change_oauth_id_type',1),(41,'2021_09_20_111949_create_social_accounts_table',1),(42,'2021_10_04_142741_create_banners_table',1),(43,'2022_02_24_065636_create_email_archives_table',1),(44,'2022_04_21_143840_create_notifications_table',1),(45,'2022_05_09_097848_create_payment_providers_table',1),(46,'2022_05_09_097849_create_payment_provider_configs_table',1),(47,'2022_05_09_097856_create_transaction_stripe_table',1),(48,'2022_05_09_097857_create_transaction_amazon_table',1),(49,'2022_05_09_097858_create_transaction_paypal_table',1),(50,'2022_05_19_154557_create_favorited_products_table',1),(51,'2022_07_25_071557_create_invoices_table',1),(52,'2023_05_30_000000_rename_password_resets_table',1),(53,'2023_06_14_075002_create_notes_table',1),(54,'2023_10_03_144413_create_paid_file_contents_table',1);
/*!40000 ALTER TABLE `migrations` ENABLE KEYS */;
UNLOCK TABLES;

--
-- Table structure for table `model_has_permissions`
--

DROP TABLE IF EXISTS `model_has_permissions`;
/*!40101 SET @saved_cs_client     = @@character_set_client */;
/*!50503 SET character_set_client = utf8mb4 */;
CREATE TABLE `model_has_permissions` (
  `permission_id` bigint unsigned NOT NULL,
  `model_type` varchar(255) COLLATE utf8mb4_unicode_ci NOT NULL,
  `model_id` bigint unsigned NOT NULL,
  PRIMARY KEY (`permission_id`,`model_id`,`model_type`),
  KEY `model_has_permissions_model_id_model_type_index` (`model_id`,`model_type`),
  CONSTRAINT `model_has_permissions_permission_id_foreign` FOREIGN KEY (`permission_id`) REFERENCES `permissions` (`id`) ON DELETE CASCADE
) ENGINE=InnoDB DEFAULT CHARSET=utf8mb4 COLLATE=utf8mb4_unicode_ci;
/*!40101 SET character_set_client = @saved_cs_client */;

--
-- Dumping data for table `model_has_permissions`
--

LOCK TABLES `model_has_permissions` WRITE;
/*!40000 ALTER TABLE `model_has_permissions` DISABLE KEYS */;
/*!40000 ALTER TABLE `model_has_permissions` ENABLE KEYS */;
UNLOCK TABLES;

--
-- Table structure for table `model_has_roles`
--

DROP TABLE IF EXISTS `model_has_roles`;
/*!40101 SET @saved_cs_client     = @@character_set_client */;
/*!50503 SET character_set_client = utf8mb4 */;
CREATE TABLE `model_has_roles` (
  `role_id` bigint unsigned NOT NULL,
  `model_type` varchar(255) COLLATE utf8mb4_unicode_ci NOT NULL,
  `model_id` char(36) COLLATE utf8mb4_unicode_ci NOT NULL COMMENT '(DC2Type:guid)',
  PRIMARY KEY (`role_id`,`model_id`,`model_type`),
  KEY `model_has_roles_model_id_model_type_index` (`model_id`,`model_type`),
  CONSTRAINT `model_has_roles_role_id_foreign` FOREIGN KEY (`role_id`) REFERENCES `roles` (`id`) ON DELETE CASCADE
) ENGINE=InnoDB DEFAULT CHARSET=utf8mb4 COLLATE=utf8mb4_unicode_ci;
/*!40101 SET character_set_client = @saved_cs_client */;

--
-- Dumping data for table `model_has_roles`
--

LOCK TABLES `model_has_roles` WRITE;
/*!40000 ALTER TABLE `model_has_roles` DISABLE KEYS */;
INSERT INTO `model_has_roles` VALUES (1,'App\\Models\\User','9a7477c6-3cf6-4a14-8497-5eb6cf6e89cf'),(2,'App\\Models\\User','9a7477c6-5984-493a-a275-38e635eb4e72'),(3,'App\\Models\\User','9a7477c6-731b-4ea4-96a3-cfe9e700960c'),(4,'App\\Models\\User','9a7477c6-8b4b-4e84-8d3c-3dfa837b345e'),(5,'App\\Models\\User','9a7477c6-a3c1-4f67-af2f-3af0242aa9e5'),(5,'App\\Models\\User','9a7477c6-bbd4-4684-b36d-e261bae399ac'),(5,'App\\Models\\User','9a7477c6-d69d-4b04-8ae0-ba3c2032eb07'),(5,'App\\Models\\User','9a7477c6-ee5e-48b5-95f4-9d8a18c386d4'),(5,'App\\Models\\User','9a7477c7-06b7-4064-b652-e54ed0ab9bf7'),(5,'App\\Models\\User','9a7477c7-1ec4-450c-b612-c3e1d0d36f17'),(5,'App\\Models\\User','9a7477c7-3689-4311-8dd2-da7122fbf656'),(5,'App\\Models\\User','9a7477c7-4ea9-432a-a312-783a04963eb2'),(5,'App\\Models\\User','9a7477c7-667a-4918-a02c-4319b5591f4c'),(5,'App\\Models\\User','9a7477c7-7ead-4c61-9d86-2080d2ddf454'),(5,'App\\Models\\User','9a7477c7-969d-4b87-952e-a426043095ae'),(5,'App\\Models\\User','9a7477c7-ae56-44de-b2df-b5460720ed54'),(5,'App\\Models\\User','9a7477c7-c67a-4f01-9724-83c4cd0f8d49'),(5,'App\\Models\\User','9a7477c7-de74-448f-8217-14bd8011981b'),(5,'App\\Models\\User','9a7477c7-f651-4276-9796-ce8dca896fde'),(5,'App\\Models\\User','9a7477c8-0e11-4ac1-9af9-bff1f38ec974'),(1,'App\\Models\\User','9a7477c8-25ff-4d98-bbe7-890b083f96ce'),(5,'App\\Models\\User','9a7477c8-25ff-4d98-bbe7-890b083f96ce');
/*!40000 ALTER TABLE `model_has_roles` ENABLE KEYS */;
UNLOCK TABLES;

--
-- Table structure for table `notes`
--

DROP TABLE IF EXISTS `notes`;
/*!40101 SET @saved_cs_client     = @@character_set_client */;
/*!50503 SET character_set_client = utf8mb4 */;
CREATE TABLE `notes` (
  `id` char(36) COLLATE utf8mb4_unicode_ci NOT NULL,
  `note` text COLLATE utf8mb4_unicode_ci NOT NULL,
  `noteable_type` varchar(255) COLLATE utf8mb4_unicode_ci DEFAULT NULL,
  `noteable_id` char(36) COLLATE utf8mb4_unicode_ci DEFAULT NULL,
  `public` tinyint(1) NOT NULL DEFAULT '0',
  `user_id` char(36) COLLATE utf8mb4_unicode_ci DEFAULT NULL,
  `created_at` timestamp NULL DEFAULT NULL,
  `updated_at` timestamp NULL DEFAULT NULL,
  PRIMARY KEY (`id`),
  KEY `notes_noteable_type_noteable_id_index` (`noteable_type`,`noteable_id`),
  KEY `notes_user_id_foreign` (`user_id`),
  CONSTRAINT `notes_user_id_foreign` FOREIGN KEY (`user_id`) REFERENCES `users` (`id`) ON DELETE SET NULL
) ENGINE=InnoDB DEFAULT CHARSET=utf8mb4 COLLATE=utf8mb4_unicode_ci;
/*!40101 SET character_set_client = @saved_cs_client */;

--
-- Dumping data for table `notes`
--

LOCK TABLES `notes` WRITE;
/*!40000 ALTER TABLE `notes` DISABLE KEYS */;
/*!40000 ALTER TABLE `notes` ENABLE KEYS */;
UNLOCK TABLES;

--
-- Table structure for table `notifications`
--

DROP TABLE IF EXISTS `notifications`;
/*!40101 SET @saved_cs_client     = @@character_set_client */;
/*!50503 SET character_set_client = utf8mb4 */;
CREATE TABLE `notifications` (
  `id` char(36) COLLATE utf8mb4_unicode_ci NOT NULL,
  `type` varchar(255) COLLATE utf8mb4_unicode_ci NOT NULL,
  `notifiable_type` varchar(255) COLLATE utf8mb4_unicode_ci NOT NULL,
  `notifiable_id` char(36) COLLATE utf8mb4_unicode_ci NOT NULL,
  `data` text COLLATE utf8mb4_unicode_ci NOT NULL,
  `read_at` timestamp NULL DEFAULT NULL,
  `created_at` timestamp NULL DEFAULT NULL,
  `updated_at` timestamp NULL DEFAULT NULL,
  PRIMARY KEY (`id`),
  KEY `notifications_notifiable_type_notifiable_id_index` (`notifiable_type`,`notifiable_id`)
) ENGINE=InnoDB DEFAULT CHARSET=utf8mb4 COLLATE=utf8mb4_unicode_ci;
/*!40101 SET character_set_client = @saved_cs_client */;

--
-- Dumping data for table `notifications`
--

LOCK TABLES `notifications` WRITE;
/*!40000 ALTER TABLE `notifications` DISABLE KEYS */;
/*!40000 ALTER TABLE `notifications` ENABLE KEYS */;
UNLOCK TABLES;

--
-- Table structure for table `oauth_access_tokens`
--

DROP TABLE IF EXISTS `oauth_access_tokens`;
/*!40101 SET @saved_cs_client     = @@character_set_client */;
/*!50503 SET character_set_client = utf8mb4 */;
CREATE TABLE `oauth_access_tokens` (
  `id` varchar(100) COLLATE utf8mb4_unicode_ci NOT NULL,
  `user_id` char(36) COLLATE utf8mb4_unicode_ci DEFAULT NULL COMMENT '(DC2Type:guid)',
  `client_id` bigint unsigned NOT NULL,
  `name` varchar(255) COLLATE utf8mb4_unicode_ci DEFAULT NULL,
  `scopes` text COLLATE utf8mb4_unicode_ci,
  `revoked` tinyint(1) NOT NULL,
  `created_at` timestamp NULL DEFAULT NULL,
  `updated_at` timestamp NULL DEFAULT NULL,
  `expires_at` datetime DEFAULT NULL,
  PRIMARY KEY (`id`),
  KEY `oauth_access_tokens_user_id_index` (`user_id`)
) ENGINE=InnoDB DEFAULT CHARSET=utf8mb4 COLLATE=utf8mb4_unicode_ci;
/*!40101 SET character_set_client = @saved_cs_client */;

--
-- Dumping data for table `oauth_access_tokens`
--

LOCK TABLES `oauth_access_tokens` WRITE;
/*!40000 ALTER TABLE `oauth_access_tokens` DISABLE KEYS */;
/*!40000 ALTER TABLE `oauth_access_tokens` ENABLE KEYS */;
UNLOCK TABLES;

--
-- Table structure for table `oauth_auth_codes`
--

DROP TABLE IF EXISTS `oauth_auth_codes`;
/*!40101 SET @saved_cs_client     = @@character_set_client */;
/*!50503 SET character_set_client = utf8mb4 */;
CREATE TABLE `oauth_auth_codes` (
  `id` varchar(100) COLLATE utf8mb4_unicode_ci NOT NULL,
  `user_id` bigint unsigned NOT NULL,
  `client_id` bigint unsigned NOT NULL,
  `scopes` text COLLATE utf8mb4_unicode_ci,
  `revoked` tinyint(1) NOT NULL,
  `expires_at` datetime DEFAULT NULL,
  PRIMARY KEY (`id`),
  KEY `oauth_auth_codes_user_id_index` (`user_id`)
) ENGINE=InnoDB DEFAULT CHARSET=utf8mb4 COLLATE=utf8mb4_unicode_ci;
/*!40101 SET character_set_client = @saved_cs_client */;

--
-- Dumping data for table `oauth_auth_codes`
--

LOCK TABLES `oauth_auth_codes` WRITE;
/*!40000 ALTER TABLE `oauth_auth_codes` DISABLE KEYS */;
/*!40000 ALTER TABLE `oauth_auth_codes` ENABLE KEYS */;
UNLOCK TABLES;

--
-- Table structure for table `oauth_clients`
--

DROP TABLE IF EXISTS `oauth_clients`;
/*!40101 SET @saved_cs_client     = @@character_set_client */;
/*!50503 SET character_set_client = utf8mb4 */;
CREATE TABLE `oauth_clients` (
  `id` bigint unsigned NOT NULL AUTO_INCREMENT,
  `user_id` bigint unsigned DEFAULT NULL,
  `name` varchar(255) COLLATE utf8mb4_unicode_ci NOT NULL,
  `secret` varchar(100) COLLATE utf8mb4_unicode_ci DEFAULT NULL,
  `provider` varchar(255) COLLATE utf8mb4_unicode_ci DEFAULT NULL,
  `redirect` text COLLATE utf8mb4_unicode_ci NOT NULL,
  `personal_access_client` tinyint(1) NOT NULL,
  `password_client` tinyint(1) NOT NULL,
  `revoked` tinyint(1) NOT NULL,
  `created_at` timestamp NULL DEFAULT NULL,
  `updated_at` timestamp NULL DEFAULT NULL,
  PRIMARY KEY (`id`),
  KEY `oauth_clients_user_id_index` (`user_id`)
) ENGINE=InnoDB AUTO_INCREMENT=3 DEFAULT CHARSET=utf8mb4 COLLATE=utf8mb4_unicode_ci;
/*!40101 SET character_set_client = @saved_cs_client */;

--
-- Dumping data for table `oauth_clients`
--

LOCK TABLES `oauth_clients` WRITE;
/*!40000 ALTER TABLE `oauth_clients` DISABLE KEYS */;
INSERT INTO `oauth_clients` VALUES (1,NULL,'Shoptopus Personal Access Client','4e7itAqwD21BbEebi7I9onKpBCHKji10dDLKry7u',NULL,'http://localhost',1,0,0,'2023-10-25 16:11:38','2023-10-25 16:11:38'),(2,NULL,'Shoptopus Password Grant Client','STcrMZBCtGgYCkZxh9bc4GNLP8nCGWt5v8Ixfxcx','users','http://localhost',0,1,0,'2023-10-25 16:11:39','2023-10-25 16:11:39');
/*!40000 ALTER TABLE `oauth_clients` ENABLE KEYS */;
UNLOCK TABLES;

--
-- Table structure for table `oauth_personal_access_clients`
--

DROP TABLE IF EXISTS `oauth_personal_access_clients`;
/*!40101 SET @saved_cs_client     = @@character_set_client */;
/*!50503 SET character_set_client = utf8mb4 */;
CREATE TABLE `oauth_personal_access_clients` (
  `id` bigint unsigned NOT NULL AUTO_INCREMENT,
  `client_id` bigint unsigned NOT NULL,
  `created_at` timestamp NULL DEFAULT NULL,
  `updated_at` timestamp NULL DEFAULT NULL,
  PRIMARY KEY (`id`)
) ENGINE=InnoDB AUTO_INCREMENT=2 DEFAULT CHARSET=utf8mb4 COLLATE=utf8mb4_unicode_ci;
/*!40101 SET character_set_client = @saved_cs_client */;

--
-- Dumping data for table `oauth_personal_access_clients`
--

LOCK TABLES `oauth_personal_access_clients` WRITE;
/*!40000 ALTER TABLE `oauth_personal_access_clients` DISABLE KEYS */;
INSERT INTO `oauth_personal_access_clients` VALUES (1,1,'2023-10-25 16:11:39','2023-10-25 16:11:39');
/*!40000 ALTER TABLE `oauth_personal_access_clients` ENABLE KEYS */;
UNLOCK TABLES;

--
-- Table structure for table `oauth_refresh_tokens`
--

DROP TABLE IF EXISTS `oauth_refresh_tokens`;
/*!40101 SET @saved_cs_client     = @@character_set_client */;
/*!50503 SET character_set_client = utf8mb4 */;
CREATE TABLE `oauth_refresh_tokens` (
  `id` varchar(100) COLLATE utf8mb4_unicode_ci NOT NULL,
  `access_token_id` varchar(100) COLLATE utf8mb4_unicode_ci NOT NULL,
  `revoked` tinyint(1) NOT NULL,
  `expires_at` datetime DEFAULT NULL,
  PRIMARY KEY (`id`),
  KEY `oauth_refresh_tokens_access_token_id_index` (`access_token_id`)
) ENGINE=InnoDB DEFAULT CHARSET=utf8mb4 COLLATE=utf8mb4_unicode_ci;
/*!40101 SET character_set_client = @saved_cs_client */;

--
-- Dumping data for table `oauth_refresh_tokens`
--

LOCK TABLES `oauth_refresh_tokens` WRITE;
/*!40000 ALTER TABLE `oauth_refresh_tokens` DISABLE KEYS */;
/*!40000 ALTER TABLE `oauth_refresh_tokens` ENABLE KEYS */;
UNLOCK TABLES;

--
-- Table structure for table `order_product`
--

DROP TABLE IF EXISTS `order_product`;
/*!40101 SET @saved_cs_client     = @@character_set_client */;
/*!50503 SET character_set_client = utf8mb4 */;
CREATE TABLE `order_product` (
  `id` char(36) COLLATE utf8mb4_unicode_ci NOT NULL,
  `created_at` timestamp NULL DEFAULT NULL,
  `updated_at` timestamp NULL DEFAULT NULL,
  `order_id` char(36) COLLATE utf8mb4_unicode_ci DEFAULT NULL,
  `product_id` char(36) COLLATE utf8mb4_unicode_ci DEFAULT NULL,
  `product_variant_id` char(36) COLLATE utf8mb4_unicode_ci DEFAULT NULL,
  `amount` int NOT NULL DEFAULT '1',
  `name` text COLLATE utf8mb4_unicode_ci NOT NULL,
  `original_unit_price` decimal(8,2) unsigned NOT NULL DEFAULT '0.00',
  `unit_price` decimal(8,2) unsigned NOT NULL DEFAULT '0.00',
  `full_price` decimal(8,2) unsigned NOT NULL DEFAULT '0.00',
  `final_price` decimal(8,2) unsigned NOT NULL DEFAULT '0.00',
  `unit_discount` decimal(8,2) unsigned NOT NULL DEFAULT '0.00',
  `total_discount` decimal(8,2) unsigned NOT NULL DEFAULT '0.00',
  `returned` tinyint(1) NOT NULL DEFAULT '0',
  `returned_at` datetime DEFAULT NULL,
  `return_reason` varchar(255) COLLATE utf8mb4_unicode_ci DEFAULT NULL,
  `slug` varchar(255) COLLATE utf8mb4_unicode_ci NOT NULL,
  `urls` json DEFAULT NULL,
  PRIMARY KEY (`id`),
  UNIQUE KEY `order_product_order_id_product_id_unique` (`order_id`,`product_id`),
  KEY `order_product_product_id_foreign` (`product_id`),
  KEY `order_product_product_variant_id_foreign` (`product_variant_id`),
  CONSTRAINT `order_product_order_id_foreign` FOREIGN KEY (`order_id`) REFERENCES `orders` (`id`) ON DELETE SET NULL,
  CONSTRAINT `order_product_product_id_foreign` FOREIGN KEY (`product_id`) REFERENCES `products` (`id`) ON DELETE SET NULL,
  CONSTRAINT `order_product_product_variant_id_foreign` FOREIGN KEY (`product_variant_id`) REFERENCES `product_variants` (`id`) ON DELETE SET NULL
) ENGINE=InnoDB DEFAULT CHARSET=utf8mb4 COLLATE=utf8mb4_unicode_ci;
/*!40101 SET character_set_client = @saved_cs_client */;

--
-- Dumping data for table `order_product`
--

LOCK TABLES `order_product` WRITE;
/*!40000 ALTER TABLE `order_product` DISABLE KEYS */;
INSERT INTO `order_product` VALUES ('9a747882-8b8d-4722-85c3-0ac25fa1150a','2023-10-25 16:11:26','2023-10-25 16:11:27','9a747881-e7c4-43a8-87b7-efd7923f2057','9a74781b-ba63-4202-92e7-d594c03b5ed8','9a747875-3d36-4aad-9092-cb69458cdb04',6,'{\"en\":\"Sporty Track Pants - (Size) L\",\"hu\":\"Sporty Track Pants - (Size) L\",\"de\":\"Sportliche Trainingshose - (Gr\\u00f6\\u00dfe) L\",\"fr\":\"Pantalon de surv\\u00eatement sportif - (Taille) L\"}',22.99,22.99,137.94,137.94,0.00,0.00,0,NULL,NULL,'mr-roland-treiber-lillyfort-sporty-track-pants-1',NULL),('9a747882-951f-4ee8-bf9e-fb7af7a38d20','2023-10-25 16:11:26','2023-10-25 16:11:27','9a747881-e7c4-43a8-87b7-efd7923f2057','9a747842-6a35-4a29-9cc8-3e6ab4c8d128','9a747878-2cb0-4807-8457-15643d1516c9',1,'{\"en\":\"Classic Leather Boots - (Size) 10\",\"hu\":\"Classic Leather Boots - (Size) 10\",\"de\":\"Klassische Lederstiefel - (Gr\\u00f6\\u00dfe) 10\",\"fr\":\"Bottes en cuir classiques - (Taille) dix\"}',27.99,27.99,27.99,27.99,0.00,0.00,0,NULL,NULL,'mr-roland-treiber-lillyfort-classic-leather-boots',NULL),('9a747882-9e0d-4c21-ad1d-13b16973c8b2','2023-10-25 16:11:26','2023-10-25 16:11:27','9a747881-e7c4-43a8-87b7-efd7923f2057','9a7477ff-efd1-45f7-a283-f038580e02b2','9a747873-c7b8-466c-ac85-db83cf32fbe5',4,'{\"en\":\"Sporty Track Pants - (Size) XL\",\"hu\":\"Sporty Track Pants - (Size) XL\",\"de\":\"Sportliche Trainingshose - (Gr\\u00f6\\u00dfe) XL\",\"fr\":\"Pantalon de surv\\u00eatement sportif - (Taille) XL\"}',22.99,22.99,91.96,91.96,0.00,0.00,0,NULL,NULL,'mr-roland-treiber-lillyfort-sporty-track-pants',NULL),('9a747882-a6de-464f-bbcc-7aca5d3c342f','2023-10-25 16:11:26','2023-10-25 16:11:27','9a747881-e7c4-43a8-87b7-efd7923f2057','9a747811-89af-4477-b351-11ee1cfd0b9b','9a747874-7480-47e3-89c7-5b4382a5ada9',6,'{\"en\":\"Floral Midi Skirt - (Size) XS\",\"hu\":\"Floral Midi Skirt - (Size) XS\",\"de\":\"Gebl\\u00fcmter Midirock - (Gr\\u00f6\\u00dfe) XS\",\"fr\":\"Jupe mi-longue fleurie - (Taille) XS\"}',22.99,22.99,137.94,137.94,0.00,0.00,0,NULL,NULL,'mr-roland-treiber-lillyfort-floral-midi-skirt',NULL),('9a747882-af18-4f54-baaf-86e17e8460f1','2023-10-25 16:11:26','2023-10-25 16:11:27','9a747881-e7c4-43a8-87b7-efd7923f2057','9a74782c-e18a-4cbe-ac40-3290e193835b','9a74786c-47f1-4ba4-9179-528c3ba1c658',4,'{\"en\":\"Classic Ankle Boots - (Size) 9.5, (Colour) Dark Green\",\"hu\":\"Classic Ankle Boots - (Size) 9.5, (Colour) Dark Green\",\"de\":\"Klassische Stiefeletten - (Gr\\u00f6\\u00dfe) 9.5, (Farbe) Dunkelgr\\u00fcn\",\"fr\":\"Bottines classiques - (Taille) 9.5, (Couleur) Vert fonc\\u00e9\"}',28.25,28.25,113.00,113.00,0.00,0.00,0,NULL,NULL,'mr-roland-treiber-lillyfort-classic-ankle-boots',NULL),('9a747882-b7d2-4479-95db-b7f922ca9834','2023-10-25 16:11:26','2023-10-25 16:11:27','9a747881-e7c4-43a8-87b7-efd7923f2057','9a7477fc-4813-4a1a-9b3a-b484c1c88d7e','9a747873-1083-43a5-bfb8-ec14f78a4730',7,'{\"en\":\"Classic Dress Trousers - (Size) XS\",\"hu\":\"Classic Dress Trousers - (Size) XS\",\"de\":\"Klassische Anzughose - (Gr\\u00f6\\u00dfe) XS\",\"fr\":\"Pantalon habill\\u00e9 classique - (Taille) XS\"}',27.99,27.99,195.93,195.93,0.00,0.00,0,NULL,NULL,'mr-roland-treiber-lillyfort-classic-dress-trousers',NULL),('9a747882-bfa7-4edb-ad49-31dd7aa8e6a6','2023-10-25 16:11:26','2023-10-25 16:11:27','9a747881-e7c4-43a8-87b7-efd7923f2057','9a747837-fd5e-4cf2-85b4-63a666a3436a','9a747870-204f-4afe-b2f0-5a862ddcb266',2,'{\"en\":\"Classic Leather Loafers - (Size) 9, (Colour) Dark Gray\",\"hu\":\"Classic Leather Loafers - (Size) 9, (Colour) Dark Gray\",\"de\":\"Klassische Leder-Loafer - (Gr\\u00f6\\u00dfe) 9, (Farbe) Dunkelgrau\",\"fr\":\"Mocassins classiques en cuir - (Taille) 9, (Couleur) Gris fonc\\u00e9\"}',29.99,29.99,59.98,59.98,0.00,0.00,0,NULL,NULL,'mr-roland-treiber-lillyfort-classic-leather-loafers',NULL),('9a747882-c875-4fb4-8695-aa77a056f5fa','2023-10-25 16:11:26','2023-10-25 16:11:27','9a747881-e7c4-43a8-87b7-efd7923f2057','9a747830-7ee3-4148-866d-a8c603645d29','9a747876-a27a-424b-b1e3-06e1002e5a98',10,'{\"en\":\"Fashion Knee-High Boots - (Size) 8.5\",\"hu\":\"Fashion Knee-High Boots - (Size) 8.5\",\"de\":\"Modische kniehohe Stiefel - (Gr\\u00f6\\u00dfe) 8.5\",\"fr\":\"Bottes hautes \\u00e0 la mode - (Taille) 8.5\"}',29.99,29.99,299.90,299.90,0.00,0.00,0,NULL,NULL,'mr-roland-treiber-lillyfort-fashion-knee-high-boots',NULL),('9a747882-cf87-4ebd-b82a-ffdf0feb88bb','2023-10-25 16:11:26','2023-10-25 16:11:27','9a747881-e7c4-43a8-87b7-efd7923f2057','9a74784e-46b6-46de-bbbf-78da6699b9fc',NULL,10,'{\"en\":\"Vintage Round Sunglasses\",\"de\":\"Runde Vintage-Sonnenbrille\",\"fr\":\"Lunettes de soleil rondes vintage\"}',22.50,22.50,225.00,225.00,0.00,0.00,0,NULL,NULL,'mr-roland-treiber-lillyfort-vintage-round-sunglasses',NULL),('9a747882-d83c-478e-86b8-29b2c0eadadd','2023-10-25 16:11:26','2023-10-25 16:11:27','9a747881-e7c4-43a8-87b7-efd7923f2057','9a74783b-cf57-4103-8c03-8cf70613a692','9a747877-84dc-4bd1-8d61-70a369b84dc9',3,'{\"en\":\"Fashion Slip-On Loafers - (Size) 9.5\",\"hu\":\"Fashion Slip-On Loafers - (Size) 9.5\",\"de\":\"Modische Slip-On-Loafer - (Gr\\u00f6\\u00dfe) 9.5\",\"fr\":\"Mocassins \\u00e0 la mode \\u00e0 enfiler - (Taille) 9.5\"}',29.99,29.99,89.97,89.97,0.00,0.00,0,NULL,NULL,'mr-roland-treiber-lillyfort-fashion-slip-on-loafers',NULL),('9a747882-e0c8-47e4-8140-f2bacf284219','2023-10-25 16:11:26','2023-10-25 16:11:27','9a747881-e7c4-43a8-87b7-efd7923f2057','9a74781f-10cc-4cac-aa74-c373841f91c5','9a747875-6535-42c8-9a70-ad66370fcbff',9,'{\"en\":\"Sporty Ankle Socks - (Size) 8\",\"hu\":\"Sporty Ankle Socks - (Size) 8\",\"de\":\"Sportliche S\\u00f6ckchen - (Gr\\u00f6\\u00dfe) 8\",\"fr\":\"Socquettes sportives - (Taille) 8\"}',14.50,14.50,130.50,130.50,0.00,0.00,0,NULL,NULL,'mr-roland-treiber-lillyfort-sporty-ankle-socks-1',NULL),('9a747882-e932-4ef5-8693-191bfc291d1b','2023-10-25 16:11:26','2023-10-25 16:11:27','9a747881-e7c4-43a8-87b7-efd7923f2057','9a74783f-2c3b-4e2e-87ac-b95e6e01782f','9a747877-bde4-49fa-8bbd-cc7874bc59dd',2,'{\"en\":\"Sporty Outdoor Sandals - (Size) 8\",\"hu\":\"Sporty Outdoor Sandals - (Size) 8\",\"de\":\"Sportliche Outdoor-Sandalen - (Gr\\u00f6\\u00dfe) 8\",\"fr\":\"Sandales d&#39;ext\\u00e9rieur sportives - (Taille) 8\"}',23.50,23.50,47.00,47.00,0.00,0.00,0,NULL,NULL,'mr-roland-treiber-lillyfort-sporty-outdoor-sandals',NULL),('9a747882-f0bc-4b88-a0f2-5ecc130250e8','2023-10-25 16:11:26','2023-10-25 16:11:27','9a747881-e7c4-43a8-87b7-efd7923f2057','9a747855-3cdd-4ee0-b980-992ff94eaa1b',NULL,3,'{\"en\":\"Statement Tassel Earrings\",\"de\":\"Statement-Quastenohrringe\",\"fr\":\"Boucles d&#39;oreilles \\u00e0 pampilles tendance\"}',24.99,24.99,74.97,74.97,0.00,0.00,0,NULL,NULL,'mr-roland-treiber-lillyfort-statement-tassel-earrings',NULL),('9a747882-f9a6-4424-a1ff-e9948a5f3525','2023-10-25 16:11:26','2023-10-25 16:11:27','9a747881-f6e7-454c-a22b-06beab1de90b','9a747804-8b26-41a2-8a5f-4bd7c6057dc1','9a747873-eeea-4abc-8a74-57b737fff30e',4,'{\"en\":\"Sporty Ankle Socks - (Size) 9\",\"hu\":\"Sporty Ankle Socks - (Size) 9\",\"de\":\"Sportliche S\\u00f6ckchen - (Gr\\u00f6\\u00dfe) 9\",\"fr\":\"Socquettes sportives - (Taille) 9\"}',14.50,14.50,58.00,58.00,0.00,0.00,0,NULL,NULL,'gavin-holmes-alisonhaven-sporty-ankle-socks',NULL),('9a747883-0364-48e0-9e17-efd347d30f8c','2023-10-25 16:11:26','2023-10-25 16:11:27','9a747881-f6e7-454c-a22b-06beab1de90b','9a747814-fdd4-4823-af61-b85220c6fb22','9a747874-d28d-4652-b561-1ea1c131cff4',10,'{\"en\":\"Casual V-Neck Jumper - (Size) S\",\"hu\":\"Casual V-Neck Jumper - (Size) S\",\"de\":\"L\\u00e4ssiger Pullover mit V-Ausschnitt - (Gr\\u00f6\\u00dfe) S\",\"fr\":\"Pull d\\u00e9contract\\u00e9 \\u00e0 col en V - (Taille) S\"}',21.50,21.50,215.00,215.00,0.00,0.00,0,NULL,NULL,'gavin-holmes-alisonhaven-casual-v-neck-jumper',NULL),('9a747883-0b0b-4305-9954-a11545045580','2023-10-25 16:11:26','2023-10-25 16:11:27','9a747881-f6e7-454c-a22b-06beab1de90b','9a747855-3cdd-4ee0-b980-992ff94eaa1b',NULL,9,'{\"en\":\"Statement Tassel Earrings\",\"de\":\"Statement-Quastenohrringe\",\"fr\":\"Boucles d&#39;oreilles \\u00e0 pampilles tendance\"}',24.99,24.99,224.91,224.91,0.00,0.00,0,NULL,NULL,'gavin-holmes-alisonhaven-statement-tassel-earrings',NULL),('9a747883-1266-4ab8-849a-c0cd113622d4','2023-10-25 16:11:26','2023-10-25 16:11:27','9a747881-fee5-4356-861a-2ed25479431b','9a747818-5355-407e-b0c3-a0b1f5b8086a','9a747875-19ac-4716-9d46-f4319e821e64',4,'{\"en\":\"Classic Dress Trousers - (Size) XL\",\"hu\":\"Classic Dress Trousers - (Size) XL\",\"de\":\"Klassische Anzughose - (Gr\\u00f6\\u00dfe) XL\",\"fr\":\"Pantalon habill\\u00e9 classique - (Taille) XL\"}',29.99,29.99,119.96,119.96,0.00,0.00,0,NULL,NULL,'jackson-khan-new-sashachester-classic-dress-trousers-1',NULL),('9a747883-1ada-40e7-9ca3-d90c616dcc69','2023-10-25 16:11:26','2023-10-25 16:11:27','9a747881-fee5-4356-861a-2ed25479431b','9a747811-89af-4477-b351-11ee1cfd0b9b','9a747874-7480-47e3-89c7-5b4382a5ada9',2,'{\"en\":\"Floral Midi Skirt - (Size) XS\",\"hu\":\"Floral Midi Skirt - (Size) XS\",\"de\":\"Gebl\\u00fcmter Midirock - (Gr\\u00f6\\u00dfe) XS\",\"fr\":\"Jupe mi-longue fleurie - (Taille) XS\"}',22.99,22.99,45.98,45.98,0.00,0.00,0,NULL,NULL,'jackson-khan-new-sashachester-floral-midi-skirt',NULL),('9a747883-22fe-4fee-a469-2f9cefe5ae4c','2023-10-25 16:11:26','2023-10-25 16:11:27','9a747881-fee5-4356-861a-2ed25479431b','9a747824-1d85-4967-aa32-7c06af994493','9a74786f-0aee-4027-9e70-dceae2df7dc6',1,'{\"en\":\"Sporty Running Sneakers - (Size) 9, (Colour) Bright Green\",\"hu\":\"Sporty Running Sneakers - (Size) 9, (Colour) Bright Green\",\"de\":\"Sportliche Laufsneaker - (Gr\\u00f6\\u00dfe) 9, (Farbe) Hellgr\\u00fcn\",\"fr\":\"Baskets de course sportives - (Taille) 9, (Couleur) Vert clair\"}',27.95,27.95,27.95,27.95,0.00,0.00,0,NULL,NULL,'jackson-khan-new-sashachester-sporty-running-sneakers',NULL),('9a747883-2c4b-4104-93f3-a643530fb91c','2023-10-25 16:11:26','2023-10-25 16:11:27','9a747881-fee5-4356-861a-2ed25479431b','9a747830-7ee3-4148-866d-a8c603645d29','9a747876-b956-419f-bae0-e53653122b92',6,'{\"en\":\"Fashion Knee-High Boots - (Size) 10\",\"hu\":\"Fashion Knee-High Boots - (Size) 10\",\"de\":\"Modische kniehohe Stiefel - (Gr\\u00f6\\u00dfe) 10\",\"fr\":\"Bottes hautes \\u00e0 la mode - (Taille) dix\"}',29.99,29.99,179.94,179.94,0.00,0.00,0,NULL,NULL,'jackson-khan-new-sashachester-fashion-knee-high-boots',NULL),('9a747883-3506-41ad-a985-7495deb931bc','2023-10-25 16:11:26','2023-10-25 16:11:27','9a747881-fee5-4356-861a-2ed25479431b','9a7477f5-8cfb-44d7-b099-c3222c1d589b','9a747872-5b5a-4076-a0b5-d09497ef2c8f',7,'{\"en\":\"Casual Checkered Shirt - (Size) S\",\"hu\":\"Casual Checkered Shirt - (Size) S\",\"de\":\"L\\u00e4ssiges Karohemd - (Gr\\u00f6\\u00dfe) S\",\"fr\":\"Chemise \\u00e0 carreaux d\\u00e9contract\\u00e9e - (Taille) S\"}',24.99,24.99,174.93,174.93,0.00,0.00,0,NULL,NULL,'jackson-khan-new-sashachester-casual-checkered-shirt',NULL),('9a747883-3c03-4435-b21c-2b4948811250','2023-10-25 16:11:26','2023-10-25 16:11:27','9a747881-fee5-4356-861a-2ed25479431b','9a747867-23c5-4a3f-b71e-344103911407',NULL,5,'{\"en\":\"Leather Cuff Bracelet\",\"de\":\"Manschettenarmband aus Leder\",\"fr\":\"Bracelet manchette en cuir\"}',18.99,16.99,94.95,84.95,2.00,10.00,0,NULL,NULL,'jackson-khan-new-sashachester-leather-cuff-bracelet',NULL),('9a747883-4420-40df-959b-f322cabe8a81','2023-10-25 16:11:26','2023-10-25 16:11:27','9a747881-fee5-4356-861a-2ed25479431b','9a74782c-e18a-4cbe-ac40-3290e193835b','9a74786c-1015-4455-b840-761f01d6f59e',6,'{\"en\":\"Classic Ankle Boots - (Size) 8.5, (Colour) Midnight Blue\",\"hu\":\"Classic Ankle Boots - (Size) 8.5, (Colour) Midnight Blue\",\"de\":\"Klassische Stiefeletten - (Gr\\u00f6\\u00dfe) 8.5, (Farbe) Mitternachtsblau\",\"fr\":\"Bottines classiques - (Taille) 8.5, (Couleur) Bleu nuit\"}',27.95,27.95,167.70,167.70,0.00,0.00,0,NULL,NULL,'jackson-khan-new-sashachester-classic-ankle-boots',NULL),('9a747883-4cd1-4f10-a762-7af6497c5ae6','2023-10-25 16:11:26','2023-10-25 16:11:27','9a747881-fee5-4356-861a-2ed25479431b','9a74781b-ba63-4202-92e7-d594c03b5ed8','9a747875-24f7-44a8-8a14-7f4f3abea286',5,'{\"en\":\"Sporty Track Pants - (Size) XS\",\"hu\":\"Sporty Track Pants - (Size) XS\",\"de\":\"Sportliche Trainingshose - (Gr\\u00f6\\u00dfe) XS\",\"fr\":\"Pantalon de surv\\u00eatement sportif - (Taille) XS\"}',22.99,22.99,114.95,114.95,0.00,0.00,0,NULL,NULL,'jackson-khan-new-sashachester-sporty-track-pants-1',NULL),('9a747883-55e3-4c0e-b1cd-11c5f3fd56c9','2023-10-25 16:11:26','2023-10-25 16:11:27','9a747881-fee5-4356-861a-2ed25479431b','9a747842-6a35-4a29-9cc8-3e6ab4c8d128','9a747878-1cbc-4699-a170-d2e03393d1be',5,'{\"en\":\"Classic Leather Boots - (Size) 9\",\"hu\":\"Classic Leather Boots - (Size) 9\",\"de\":\"Klassische Lederstiefel - (Gr\\u00f6\\u00dfe) 9\",\"fr\":\"Bottes en cuir classiques - (Taille) 9\"}',27.99,27.99,139.95,139.95,0.00,0.00,0,NULL,NULL,'jackson-khan-new-sashachester-classic-leather-boots',NULL),('9a747883-5cc8-4fad-adb0-f34b6d3ff762','2023-10-25 16:11:26','2023-10-25 16:11:27','9a747881-fee5-4356-861a-2ed25479431b','9a747859-1df2-4b00-9a06-1d1e16b8a9ab',NULL,10,'{\"en\":\"Classic Fedora Hat\",\"de\":\"Klassischer Fedora-Hut\",\"fr\":\"Chapeau Fedora classique\"}',18.50,18.50,185.00,185.00,0.00,0.00,0,NULL,NULL,'jackson-khan-new-sashachester-classic-fedora-hat',NULL),('9a747883-6518-4118-8842-edc7bd924eef','2023-10-25 16:11:26','2023-10-25 16:11:27','9a747881-fee5-4356-861a-2ed25479431b','9a747837-fd5e-4cf2-85b4-63a666a3436a','9a747870-30cd-45a0-8e3f-b19b93280fba',3,'{\"en\":\"Classic Leather Loafers - (Size) 10, (Colour) Dark Gray\",\"hu\":\"Classic Leather Loafers - (Size) 10, (Colour) Dark Gray\",\"de\":\"Klassische Leder-Loafer - (Gr\\u00f6\\u00dfe) 10, (Farbe) Dunkelgrau\",\"fr\":\"Mocassins classiques en cuir - (Taille) dix, (Couleur) Gris fonc\\u00e9\"}',29.99,29.99,89.97,89.97,0.00,0.00,0,NULL,NULL,'jackson-khan-new-sashachester-classic-leather-loafers',NULL),('9a747883-6bdd-4fea-99b8-b1b33d50819c','2023-10-25 16:11:26','2023-10-25 16:11:27','9a747881-fee5-4356-861a-2ed25479431b','9a74786a-8a10-4faf-93d8-24010007d01d',NULL,6,'{\"en\":\"Beaded Charm Bracelet\",\"de\":\"Perlenarmband\",\"fr\":\"Bracelet \\u00e0 breloques perl\\u00e9\"}',24.99,22.99,149.94,137.94,2.00,12.00,0,NULL,NULL,'jackson-khan-new-sashachester-beaded-charm-bracelet',NULL),('9a747883-7308-40cf-b69a-c6a14572636e','2023-10-25 16:11:26','2023-10-25 16:11:27','9a747881-fee5-4356-861a-2ed25479431b','9a747863-654e-4688-96fe-c475f58dbe10',NULL,7,'{\"en\":\"Sporty Wraparound Sunglasses\",\"de\":\"Sportliche Wraparound-Sonnenbrille\",\"fr\":\"Lunettes de soleil enveloppantes sportives\"}',19.50,17.50,136.50,122.50,2.00,14.00,0,NULL,NULL,'jackson-khan-new-sashachester-sporty-wraparound-sunglasses',NULL),('9a747883-7d32-4e19-bb38-cf57d944d0a8','2023-10-25 16:11:26','2023-10-25 16:11:27','9a747881-fee5-4356-861a-2ed25479431b','9a747845-b20e-487e-9f86-7b4e736ba01a','9a74786f-b48a-4112-81ab-465ba3a245ad',9,'{\"en\":\"Outdoor Hiking Boots - (Size) 9, (Colour) Black\",\"hu\":\"Outdoor Hiking Boots - (Size) 9, (Colour) Black\",\"de\":\"Outdoor-Wanderschuhe - (Gr\\u00f6\\u00dfe) 9, (Farbe) Schwarz\",\"fr\":\"Bottes de randonn\\u00e9e en plein air - (Taille) 9, (Couleur) Noir\"}',29.99,29.99,269.91,269.91,0.00,0.00,0,NULL,NULL,'jackson-khan-new-sashachester-outdoor-hiking-boots',NULL),('9a747883-8453-4c59-99bd-845a15a79aa8','2023-10-25 16:11:26','2023-10-25 16:11:27','9a747882-093c-4161-9610-db22d3f9064e','9a747818-5355-407e-b0c3-a0b1f5b8086a','9a747875-061f-46ce-b54f-eb3638d12bc6',9,'{\"en\":\"Classic Dress Trousers - (Size) M\",\"hu\":\"Classic Dress Trousers - (Size) M\",\"de\":\"Klassische Anzughose - (Gr\\u00f6\\u00dfe) M\",\"fr\":\"Pantalon habill\\u00e9 classique - (Taille) M\"}',29.99,29.99,269.91,269.91,0.00,0.00,0,NULL,NULL,'florence-cox-eileenport-classic-dress-trousers-1',NULL),('9a747883-8d97-43f0-8da5-5ccf6b502516','2023-10-25 16:11:26','2023-10-25 16:11:27','9a747882-093c-4161-9610-db22d3f9064e','9a7477f5-8cfb-44d7-b099-c3222c1d589b','9a747872-5b5a-4076-a0b5-d09497ef2c8f',5,'{\"en\":\"Casual Checkered Shirt - (Size) S\",\"hu\":\"Casual Checkered Shirt - (Size) S\",\"de\":\"L\\u00e4ssiges Karohemd - (Gr\\u00f6\\u00dfe) S\",\"fr\":\"Chemise \\u00e0 carreaux d\\u00e9contract\\u00e9e - (Taille) S\"}',24.99,24.99,124.95,124.95,0.00,0.00,0,NULL,NULL,'florence-cox-eileenport-casual-checkered-shirt',NULL),('9a747883-960d-4302-a3a8-9b29faeb523d','2023-10-25 16:11:26','2023-10-25 16:11:27','9a747882-093c-4161-9610-db22d3f9064e','9a747837-fd5e-4cf2-85b4-63a666a3436a','9a747870-204f-4afe-b2f0-5a862ddcb266',4,'{\"en\":\"Classic Leather Loafers - (Size) 9, (Colour) Dark Gray\",\"hu\":\"Classic Leather Loafers - (Size) 9, (Colour) Dark Gray\",\"de\":\"Klassische Leder-Loafer - (Gr\\u00f6\\u00dfe) 9, (Farbe) Dunkelgrau\",\"fr\":\"Mocassins classiques en cuir - (Taille) 9, (Couleur) Gris fonc\\u00e9\"}',29.99,29.99,119.96,119.96,0.00,0.00,0,NULL,NULL,'florence-cox-eileenport-classic-leather-loafers',NULL),('9a747883-9ee8-4171-8a70-8b76cdf9460c','2023-10-25 16:11:26','2023-10-25 16:11:27','9a747882-093c-4161-9610-db22d3f9064e','9a747830-7ee3-4148-866d-a8c603645d29','9a747876-a27a-424b-b1e3-06e1002e5a98',5,'{\"en\":\"Fashion Knee-High Boots - (Size) 8.5\",\"hu\":\"Fashion Knee-High Boots - (Size) 8.5\",\"de\":\"Modische kniehohe Stiefel - (Gr\\u00f6\\u00dfe) 8.5\",\"fr\":\"Bottes hautes \\u00e0 la mode - (Taille) 8.5\"}',29.99,29.99,149.95,149.95,0.00,0.00,0,NULL,NULL,'florence-cox-eileenport-fashion-knee-high-boots',NULL),('9a747883-a6e2-4db2-a8ba-d5841bc4147c','2023-10-25 16:11:26','2023-10-25 16:11:27','9a747882-093c-4161-9610-db22d3f9064e','9a74785c-576c-485e-b65b-057aee96b7c1',NULL,7,'{\"en\":\"Classic Silk Tie\",\"de\":\"Klassische Seidenkrawatte\",\"fr\":\"Cravate classique en soie\"}',19.99,17.99,139.93,125.93,2.00,14.00,0,NULL,NULL,'florence-cox-eileenport-classic-silk-tie',NULL),('9a747883-b05e-4df6-b426-4caa3d17b0d6','2023-10-25 16:11:26','2023-10-25 16:11:27','9a747882-093c-4161-9610-db22d3f9064e','9a7477ff-efd1-45f7-a283-f038580e02b2','9a747873-a768-4c2d-8303-4eb0a505892d',2,'{\"en\":\"Sporty Track Pants - (Size) XS\",\"hu\":\"Sporty Track Pants - (Size) XS\",\"de\":\"Sportliche Trainingshose - (Gr\\u00f6\\u00dfe) XS\",\"fr\":\"Pantalon de surv\\u00eatement sportif - (Taille) XS\"}',22.99,22.99,45.98,45.98,0.00,0.00,0,NULL,NULL,'florence-cox-eileenport-sporty-track-pants',NULL),('9a747883-b954-4901-863b-07947e0a43d1','2023-10-25 16:11:26','2023-10-25 16:11:27','9a747882-093c-4161-9610-db22d3f9064e','9a74783f-2c3b-4e2e-87ac-b95e6e01782f','9a747877-bde4-49fa-8bbd-cc7874bc59dd',5,'{\"en\":\"Sporty Outdoor Sandals - (Size) 8\",\"hu\":\"Sporty Outdoor Sandals - (Size) 8\",\"de\":\"Sportliche Outdoor-Sandalen - (Gr\\u00f6\\u00dfe) 8\",\"fr\":\"Sandales d&#39;ext\\u00e9rieur sportives - (Taille) 8\"}',23.50,23.50,117.50,117.50,0.00,0.00,0,NULL,NULL,'florence-cox-eileenport-sporty-outdoor-sandals',NULL),('9a747883-c3a9-4c6a-83d0-43ab3595ac98','2023-10-25 16:11:26','2023-10-25 16:11:27','9a747882-10a3-40e0-b700-4e2b53b674b2','9a747845-b20e-487e-9f86-7b4e736ba01a','9a74786f-f82d-4114-b6df-6b3fe732024c',4,'{\"en\":\"Outdoor Hiking Boots - (Size) 9.5, (Colour) Midnight Blue\",\"hu\":\"Outdoor Hiking Boots - (Size) 9.5, (Colour) Midnight Blue\",\"de\":\"Outdoor-Wanderschuhe - (Gr\\u00f6\\u00dfe) 9.5, (Farbe) Mitternachtsblau\",\"fr\":\"Bottes de randonn\\u00e9e en plein air - (Taille) 9.5, (Couleur) Bleu nuit\"}',29.99,29.99,119.96,119.96,0.00,0.00,0,NULL,NULL,'alice-cooper-port-sofia-outdoor-hiking-boots',NULL),('9a747883-ccb2-4087-ba73-4eca30125716','2023-10-25 16:11:26','2023-10-25 16:11:27','9a747882-10a3-40e0-b700-4e2b53b674b2','9a747829-4ef1-42cc-9708-4a3bc11d5245','9a747876-3825-43c2-8819-ae827598edb4',7,'{\"en\":\"Strappy Beach Sandals - (Size) 10\",\"hu\":\"Strappy Beach Sandals - (Size) 10\",\"de\":\"Riemchen-Strandsandalen - (Gr\\u00f6\\u00dfe) 10\",\"fr\":\"Sandales de plage \\u00e0 lani\\u00e8res - (Taille) dix\"}',23.50,23.50,164.50,164.50,0.00,0.00,0,NULL,NULL,'alice-cooper-port-sofia-strappy-beach-sandals',NULL),('9a747883-d3a0-47f4-9d96-fa595cdd53ee','2023-10-25 16:11:26','2023-10-25 16:11:27','9a747882-10a3-40e0-b700-4e2b53b674b2','9a747851-b3f9-44bc-84b0-90f1250c5c3f',NULL,10,'{\"en\":\"Crystal Drop Earrings\",\"de\":\"Kristall-Tropfen-Ohrringe\",\"fr\":\"Boucles d&#39;oreilles pendantes en cristal\"}',19.99,19.99,199.90,199.90,0.00,0.00,0,NULL,NULL,'alice-cooper-port-sofia-crystal-drop-earrings',NULL),('9a747883-dc57-4474-85e8-bc474e5949db','2023-10-25 16:11:26','2023-10-25 16:11:27','9a747882-10a3-40e0-b700-4e2b53b674b2','9a74781f-10cc-4cac-aa74-c373841f91c5','9a747875-6d9a-4214-b414-5ce7816e4eea',5,'{\"en\":\"Sporty Ankle Socks - (Size) 9\",\"hu\":\"Sporty Ankle Socks - (Size) 9\",\"de\":\"Sportliche S\\u00f6ckchen - (Gr\\u00f6\\u00dfe) 9\",\"fr\":\"Socquettes sportives - (Taille) 9\"}',14.50,14.50,72.50,72.50,0.00,0.00,0,NULL,NULL,'alice-cooper-port-sofia-sporty-ankle-socks-1',NULL),('9a747883-e662-49fc-81a1-9e1e0a043bb6','2023-10-25 16:11:26','2023-10-25 16:11:27','9a747882-10a3-40e0-b700-4e2b53b674b2','9a747809-b1c9-4f86-a887-d19fe25ff2d1','9a747874-28e5-4b9a-9063-10d28e5f6dcb',5,'{\"en\":\"Sporty Performance Polo - (Size) S\",\"hu\":\"Sporty Performance Polo - (Size) S\",\"de\":\"Sportliches Performance-Polo - (Gr\\u00f6\\u00dfe) S\",\"fr\":\"Polo de performance sportive - (Taille) S\"}',19.50,19.50,97.50,97.50,0.00,0.00,0,NULL,NULL,'alice-cooper-port-sofia-sporty-performance-polo',NULL),('9a747883-ef75-48fd-9b4e-7b9e389126d7','2023-10-25 16:11:26','2023-10-25 16:11:27','9a747882-10a3-40e0-b700-4e2b53b674b2','9a74781b-ba63-4202-92e7-d594c03b5ed8','9a747875-458c-4d59-b1ac-6f9f02043d07',4,'{\"en\":\"Sporty Track Pants - (Size) XL\",\"hu\":\"Sporty Track Pants - (Size) XL\",\"de\":\"Sportliche Trainingshose - (Gr\\u00f6\\u00dfe) XL\",\"fr\":\"Pantalon de surv\\u00eatement sportif - (Taille) XL\"}',22.99,22.99,91.96,91.96,0.00,0.00,0,NULL,NULL,'alice-cooper-port-sofia-sporty-track-pants-1',NULL),('9a747883-f82b-4591-918e-b7dfcd614d13','2023-10-25 16:11:26','2023-10-25 16:11:27','9a747882-10a3-40e0-b700-4e2b53b674b2','9a7477fc-4813-4a1a-9b3a-b484c1c88d7e','9a747873-77fb-4199-b51a-7a4dc0e77553',4,'{\"en\":\"Classic Dress Trousers - (Size) XL\",\"hu\":\"Classic Dress Trousers - (Size) XL\",\"de\":\"Klassische Anzughose - (Gr\\u00f6\\u00dfe) XL\",\"fr\":\"Pantalon habill\\u00e9 classique - (Taille) XL\"}',27.99,27.99,111.96,111.96,0.00,0.00,0,NULL,NULL,'alice-cooper-port-sofia-classic-dress-trousers',NULL),('9a747883-ff3a-4326-9410-53051cd4c436','2023-10-25 16:11:26','2023-10-25 16:11:28','9a747882-10a3-40e0-b700-4e2b53b674b2','9a74784e-46b6-46de-bbbf-78da6699b9fc',NULL,4,'{\"en\":\"Vintage Round Sunglasses\",\"de\":\"Runde Vintage-Sonnenbrille\",\"fr\":\"Lunettes de soleil rondes vintage\"}',22.50,22.50,90.00,90.00,0.00,0.00,0,NULL,NULL,'alice-cooper-port-sofia-vintage-round-sunglasses',NULL),('9a747884-094e-4a1b-a66a-f6c35d25776a','2023-10-25 16:11:26','2023-10-25 16:11:28','9a747882-10a3-40e0-b700-4e2b53b674b2','9a74780d-d674-4712-aaa2-87e907ee492c','9a74786e-c099-4e33-bca8-a220977d0402',7,'{\"en\":\"Elegant A-Line Skirt - (Size) L, (Colour) Bright Green\",\"hu\":\"Elegant A-Line Skirt - (Size) L, (Colour) Bright Green\",\"de\":\"Eleganter A-Linien-Rock - (Gr\\u00f6\\u00dfe) L, (Farbe) Hellgr\\u00fcn\",\"fr\":\"Jupe trap\\u00e8ze \\u00e9l\\u00e9gante - (Taille) L, (Couleur) Vert clair\"}',28.99,28.99,202.93,202.93,0.00,0.00,0,NULL,NULL,'alice-cooper-port-sofia-elegant-a-line-skirt',NULL),('9a747884-1230-4a9e-8206-0ea4beda9e18','2023-10-25 16:11:26','2023-10-25 16:11:28','9a747882-10a3-40e0-b700-4e2b53b674b2','9a747811-89af-4477-b351-11ee1cfd0b9b','9a747874-8cdf-49bf-95cf-504bd2288899',2,'{\"en\":\"Floral Midi Skirt - (Size) L\",\"hu\":\"Floral Midi Skirt - (Size) L\",\"de\":\"Gebl\\u00fcmter Midirock - (Gr\\u00f6\\u00dfe) L\",\"fr\":\"Jupe mi-longue fleurie - (Taille) L\"}',22.99,22.99,45.98,45.98,0.00,0.00,0,NULL,NULL,'alice-cooper-port-sofia-floral-midi-skirt',NULL),('9a747884-1ad2-4077-b5c6-08b2ac481b79','2023-10-25 16:11:26','2023-10-25 16:11:28','9a747882-10a3-40e0-b700-4e2b53b674b2','9a747837-fd5e-4cf2-85b4-63a666a3436a','9a747870-16cb-4f0e-813a-b49a06714e1b',6,'{\"en\":\"Classic Leather Loafers - (Size) 8.5, (Colour) Dark Gray\",\"hu\":\"Classic Leather Loafers - (Size) 8.5, (Colour) Dark Gray\",\"de\":\"Klassische Leder-Loafer - (Gr\\u00f6\\u00dfe) 8.5, (Farbe) Dunkelgrau\",\"fr\":\"Mocassins classiques en cuir - (Taille) 8.5, (Couleur) Gris fonc\\u00e9\"}',29.99,29.99,179.94,179.94,0.00,0.00,0,NULL,NULL,'alice-cooper-port-sofia-classic-leather-loafers',NULL),('9a747884-21d5-4575-86e9-f1e2391fe608','2023-10-25 16:11:26','2023-10-25 16:11:28','9a747882-10a3-40e0-b700-4e2b53b674b2','9a747859-1df2-4b00-9a06-1d1e16b8a9ab',NULL,3,'{\"en\":\"Classic Fedora Hat\",\"de\":\"Klassischer Fedora-Hut\",\"fr\":\"Chapeau Fedora classique\"}',18.50,18.50,55.50,55.50,0.00,0.00,0,NULL,NULL,'alice-cooper-port-sofia-classic-fedora-hat',NULL),('9a747884-2958-4756-9a27-bbe8793f0db0','2023-10-25 16:11:26','2023-10-25 16:11:28','9a747882-10a3-40e0-b700-4e2b53b674b2','9a74786a-8a10-4faf-93d8-24010007d01d',NULL,7,'{\"en\":\"Beaded Charm Bracelet\",\"de\":\"Perlenarmband\",\"fr\":\"Bracelet \\u00e0 breloques perl\\u00e9\"}',24.99,22.99,174.93,160.93,2.00,14.00,0,NULL,NULL,'alice-cooper-port-sofia-beaded-charm-bracelet',NULL),('9a747884-309c-4833-accb-9694643c36e8','2023-10-25 16:11:26','2023-10-25 16:11:28','9a747882-10a3-40e0-b700-4e2b53b674b2','9a74785f-bb23-4d9c-890e-9c2a5424fb99',NULL,5,'{\"en\":\"Modern Skinny Tie\",\"de\":\"Moderne schmale Krawatte\",\"fr\":\"Cravate fine moderne\"}',24.99,22.99,124.95,114.95,2.00,10.00,0,NULL,NULL,'alice-cooper-port-sofia-modern-skinny-tie',NULL),('9a747884-3986-4e28-90f0-83a80b50d2c1','2023-10-25 16:11:26','2023-10-25 16:11:28','9a747882-18f1-47df-9200-ecc0c8135489','9a747809-b1c9-4f86-a887-d19fe25ff2d1','9a747874-18fc-4581-80b2-1c3827c4a915',5,'{\"en\":\"Sporty Performance Polo - (Size) XS\",\"hu\":\"Sporty Performance Polo - (Size) XS\",\"de\":\"Sportliches Performance-Polo - (Gr\\u00f6\\u00dfe) XS\",\"fr\":\"Polo de performance sportive - (Taille) XS\"}',19.50,19.50,97.50,97.50,0.00,0.00,0,NULL,NULL,'gavin-holmes-alisonhaven-1-sporty-performance-polo',NULL),('9a747884-42bb-4235-8a9d-802dbdece39c','2023-10-25 16:11:26','2023-10-25 16:11:28','9a747882-18f1-47df-9200-ecc0c8135489','9a7477f8-f3a4-4a28-ab49-b20f28d9bd1e','9a747872-b2a3-458b-bf9c-7a8224cd9440',5,'{\"en\":\"Casual V-Neck Modern Jumper - (Size) S\",\"hu\":\"Casual V-Neck Modern Jumper - (Size) S\",\"de\":\"L\\u00e4ssiger, moderner Pullover mit V-Ausschnitt - (Gr\\u00f6\\u00dfe) S\",\"fr\":\"Pull moderne d\\u00e9contract\\u00e9 \\u00e0 col en V - (Taille) S\"}',21.50,21.50,107.50,107.50,0.00,0.00,0,NULL,NULL,'gavin-holmes-alisonhaven-1-casual-v-neck-modern-jumper',NULL),('9a747884-4c18-4127-971f-01322b4eb9e4','2023-10-25 16:11:26','2023-10-25 16:11:28','9a747882-18f1-47df-9200-ecc0c8135489','9a747834-63a6-46a1-b33d-abeb1dc773d9','9a747876-e8d6-4528-8956-47b1cb3a2692',6,'{\"en\":\"Chunky Heel Platform Sandals - (Size) 8\",\"hu\":\"Chunky Heel Platform Sandals - (Size) 8\",\"de\":\"Plateausandalen mit klobigem Absatz - (Gr\\u00f6\\u00dfe) 8\",\"fr\":\"Sandales \\u00e0 plateforme et talons \\u00e9pais - (Taille) 8\"}',29.50,29.50,177.00,177.00,0.00,0.00,0,NULL,NULL,'gavin-holmes-alisonhaven-1-chunky-heel-platform-sandals',NULL),('9a747884-5460-4f1d-aa29-524e5873396b','2023-10-25 16:11:26','2023-10-25 16:11:28','9a747882-18f1-47df-9200-ecc0c8135489','9a74782c-e18a-4cbe-ac40-3290e193835b','9a74786c-200c-43e1-9c82-7529390f4e56',9,'{\"en\":\"Classic Ankle Boots - (Size) 9.5, (Colour) Midnight Blue\",\"hu\":\"Classic Ankle Boots - (Size) 9.5, (Colour) Midnight Blue\",\"de\":\"Klassische Stiefeletten - (Gr\\u00f6\\u00dfe) 9.5, (Farbe) Mitternachtsblau\",\"fr\":\"Bottines classiques - (Taille) 9.5, (Couleur) Bleu nuit\"}',28.25,28.25,254.25,254.25,0.00,0.00,0,NULL,NULL,'gavin-holmes-alisonhaven-1-classic-ankle-boots',NULL),('9a747884-5bab-4703-ae20-d66d5556c3be','2023-10-25 16:11:26','2023-10-25 16:11:28','9a747882-18f1-47df-9200-ecc0c8135489','9a74785f-bb23-4d9c-890e-9c2a5424fb99',NULL,7,'{\"en\":\"Modern Skinny Tie\",\"de\":\"Moderne schmale Krawatte\",\"fr\":\"Cravate fine moderne\"}',24.99,22.99,174.93,160.93,2.00,14.00,0,NULL,NULL,'gavin-holmes-alisonhaven-1-modern-skinny-tie',NULL),('9a747884-65dd-4b24-9a0c-a1335dc3d2e3','2023-10-25 16:11:26','2023-10-25 16:11:28','9a747882-18f1-47df-9200-ecc0c8135489','9a747845-b20e-487e-9f86-7b4e736ba01a','9a74786f-e48e-4600-b40f-20e23883e036',1,'{\"en\":\"Outdoor Hiking Boots - (Size) 8.5, (Colour) Midnight Blue\",\"hu\":\"Outdoor Hiking Boots - (Size) 8.5, (Colour) Midnight Blue\",\"de\":\"Outdoor-Wanderschuhe - (Gr\\u00f6\\u00dfe) 8.5, (Farbe) Mitternachtsblau\",\"fr\":\"Bottes de randonn\\u00e9e en plein air - (Taille) 8.5, (Couleur) Bleu nuit\"}',29.99,29.99,29.99,29.99,0.00,0.00,0,NULL,NULL,'gavin-holmes-alisonhaven-1-outdoor-hiking-boots',NULL),('9a747884-6ee3-4eae-8faa-a53e395fa624','2023-10-25 16:11:26','2023-10-25 16:11:28','9a747882-2072-4eb9-bb8e-2929f7298682','9a74781f-10cc-4cac-aa74-c373841f91c5','9a747875-7683-4e53-a401-844bbae517a0',3,'{\"en\":\"Sporty Ankle Socks - (Size) 10\",\"hu\":\"Sporty Ankle Socks - (Size) 10\",\"de\":\"Sportliche S\\u00f6ckchen - (Gr\\u00f6\\u00dfe) 10\",\"fr\":\"Socquettes sportives - (Taille) dix\"}',14.50,14.50,43.50,43.50,0.00,0.00,0,NULL,NULL,'lucy-martin-south-tonyshire-sporty-ankle-socks-1',NULL),('9a747884-77da-46bd-adf2-93a2b28c8040','2023-10-25 16:11:26','2023-10-25 16:11:28','9a747882-2072-4eb9-bb8e-2929f7298682','9a7477f8-f3a4-4a28-ab49-b20f28d9bd1e','9a747872-b2a3-458b-bf9c-7a8224cd9440',2,'{\"en\":\"Casual V-Neck Modern Jumper - (Size) S\",\"hu\":\"Casual V-Neck Modern Jumper - (Size) S\",\"de\":\"L\\u00e4ssiger, moderner Pullover mit V-Ausschnitt - (Gr\\u00f6\\u00dfe) S\",\"fr\":\"Pull moderne d\\u00e9contract\\u00e9 \\u00e0 col en V - (Taille) S\"}',21.50,21.50,43.00,43.00,0.00,0.00,0,NULL,NULL,'lucy-martin-south-tonyshire-casual-v-neck-modern-jumper',NULL),('9a747884-819a-47a6-b7af-d7c9dc87bd3f','2023-10-25 16:11:26','2023-10-25 16:11:28','9a747882-2072-4eb9-bb8e-2929f7298682','9a74780d-d674-4712-aaa2-87e907ee492c','9a74786e-d03c-47ca-978e-0b02b3d5c68d',3,'{\"en\":\"Elegant A-Line Skirt - (Size) XS, (Colour) Midnight Blue\",\"hu\":\"Elegant A-Line Skirt - (Size) XS, (Colour) Midnight Blue\",\"de\":\"Eleganter A-Linien-Rock - (Gr\\u00f6\\u00dfe) XS, (Farbe) Mitternachtsblau\",\"fr\":\"Jupe trap\\u00e8ze \\u00e9l\\u00e9gante - (Taille) XS, (Couleur) Bleu nuit\"}',28.99,28.99,86.97,86.97,0.00,0.00,0,NULL,NULL,'lucy-martin-south-tonyshire-elegant-a-line-skirt',NULL),('9a747884-8aaf-4cca-a098-135590ac6b28','2023-10-25 16:11:26','2023-10-25 16:11:28','9a747882-2072-4eb9-bb8e-2929f7298682','9a74783f-2c3b-4e2e-87ac-b95e6e01782f','9a747877-cdea-4dad-ab27-fa253b94ebe9',5,'{\"en\":\"Sporty Outdoor Sandals - (Size) 9\",\"hu\":\"Sporty Outdoor Sandals - (Size) 9\",\"de\":\"Sportliche Outdoor-Sandalen - (Gr\\u00f6\\u00dfe) 9\",\"fr\":\"Sandales d&#39;ext\\u00e9rieur sportives - (Taille) 9\"}',23.50,23.50,117.50,117.50,0.00,0.00,0,NULL,NULL,'lucy-martin-south-tonyshire-sporty-outdoor-sandals',NULL),('9a747884-91b7-4f80-9e2e-a4c32dd41c88','2023-10-25 16:11:26','2023-10-25 16:11:28','9a747882-2072-4eb9-bb8e-2929f7298682','9a74785f-bb23-4d9c-890e-9c2a5424fb99',NULL,3,'{\"en\":\"Modern Skinny Tie\",\"de\":\"Moderne schmale Krawatte\",\"fr\":\"Cravate fine moderne\"}',24.99,22.99,74.97,68.97,2.00,6.00,0,NULL,NULL,'lucy-martin-south-tonyshire-modern-skinny-tie',NULL),('9a747884-98e7-4a9b-a07c-5b2d01c5e539','2023-10-25 16:11:26','2023-10-25 16:11:28','9a747882-2072-4eb9-bb8e-2929f7298682','9a747855-3cdd-4ee0-b980-992ff94eaa1b',NULL,3,'{\"en\":\"Statement Tassel Earrings\",\"de\":\"Statement-Quastenohrringe\",\"fr\":\"Boucles d&#39;oreilles \\u00e0 pampilles tendance\"}',24.99,24.99,74.97,74.97,0.00,0.00,0,NULL,NULL,'lucy-martin-south-tonyshire-statement-tassel-earrings',NULL),('9a747884-a198-4250-938e-a00f31561421','2023-10-25 16:11:26','2023-10-25 16:11:28','9a747882-2072-4eb9-bb8e-2929f7298682','9a747834-63a6-46a1-b33d-abeb1dc773d9','9a747876-fb5e-4a81-b57f-ecaa62032a01',1,'{\"en\":\"Chunky Heel Platform Sandals - (Size) 9\",\"hu\":\"Chunky Heel Platform Sandals - (Size) 9\",\"de\":\"Plateausandalen mit klobigem Absatz - (Gr\\u00f6\\u00dfe) 9\",\"fr\":\"Sandales \\u00e0 plateforme et talons \\u00e9pais - (Taille) 9\"}',29.50,29.50,29.50,29.50,0.00,0.00,0,NULL,NULL,'lucy-martin-south-tonyshire-chunky-heel-platform-sandals',NULL),('9a747884-a9c2-4d32-ac25-b64394c5a621','2023-10-25 16:11:26','2023-10-25 16:11:28','9a747882-2072-4eb9-bb8e-2929f7298682','9a7477f2-28ae-416f-b8ce-8b73a7ff31da','9a747872-2af4-44e6-b4a0-af65836a3a9b',8,'{\"en\":\"Classic Dress Shirt - (Size) XS\",\"hu\":\"Classic Dress Shirt - (Size) XS\",\"de\":\"Klassisches Hemd - (Gr\\u00f6\\u00dfe) XS\",\"fr\":\"Chemise habill\\u00e9e classique - (Taille) XS\"}',28.99,28.99,231.92,231.92,0.00,0.00,0,NULL,NULL,'lucy-martin-south-tonyshire-classic-dress-shirt',NULL),('9a747884-b215-4f6e-8130-bbcc1fd078d4','2023-10-25 16:11:26','2023-10-25 16:11:28','9a747882-2072-4eb9-bb8e-2929f7298682','9a747837-fd5e-4cf2-85b4-63a666a3436a','9a747870-413f-41ed-9e62-8368628d3216',6,'{\"en\":\"Classic Leather Loafers - (Size) 8.5, (Colour) Dark Green\",\"hu\":\"Classic Leather Loafers - (Size) 8.5, (Colour) Dark Green\",\"de\":\"Klassische Leder-Loafer - (Gr\\u00f6\\u00dfe) 8.5, (Farbe) Dunkelgr\\u00fcn\",\"fr\":\"Mocassins classiques en cuir - (Taille) 8.5, (Couleur) Vert fonc\\u00e9\"}',29.99,29.99,179.94,179.94,0.00,0.00,0,NULL,NULL,'lucy-martin-south-tonyshire-classic-leather-loafers',NULL),('9a747884-bb24-4355-a8a4-f41639b8c26a','2023-10-25 16:11:26','2023-10-25 16:11:28','9a747882-2072-4eb9-bb8e-2929f7298682','9a74783b-cf57-4103-8c03-8cf70613a692','9a747877-6c76-44ff-aa0b-f96534ebaa43',3,'{\"en\":\"Fashion Slip-On Loafers - (Size) 8\",\"hu\":\"Fashion Slip-On Loafers - (Size) 8\",\"de\":\"Modische Slip-On-Loafer - (Gr\\u00f6\\u00dfe) 8\",\"fr\":\"Mocassins \\u00e0 la mode \\u00e0 enfiler - (Taille) 8\"}',29.99,29.99,89.97,89.97,0.00,0.00,0,NULL,NULL,'lucy-martin-south-tonyshire-fashion-slip-on-loafers',NULL),('9a747884-c3c2-4e97-9e05-0af28445171c','2023-10-25 16:11:26','2023-10-25 16:11:28','9a747882-2072-4eb9-bb8e-2929f7298682','9a747814-fdd4-4823-af61-b85220c6fb22','9a747874-e255-4ad9-9233-906781a54ed6',10,'{\"en\":\"Casual V-Neck Jumper - (Size) L\",\"hu\":\"Casual V-Neck Jumper - (Size) L\",\"de\":\"L\\u00e4ssiger Pullover mit V-Ausschnitt - (Gr\\u00f6\\u00dfe) L\",\"fr\":\"Pull d\\u00e9contract\\u00e9 \\u00e0 col en V - (Taille) L\"}',21.50,21.50,215.00,215.00,0.00,0.00,0,NULL,NULL,'lucy-martin-south-tonyshire-casual-v-neck-jumper',NULL),('9a747884-cd62-4cb1-949b-bf3301ae8d74','2023-10-25 16:11:26','2023-10-25 16:11:28','9a747882-2072-4eb9-bb8e-2929f7298682','9a747809-b1c9-4f86-a887-d19fe25ff2d1','9a747874-28e5-4b9a-9063-10d28e5f6dcb',9,'{\"en\":\"Sporty Performance Polo - (Size) S\",\"hu\":\"Sporty Performance Polo - (Size) S\",\"de\":\"Sportliches Performance-Polo - (Gr\\u00f6\\u00dfe) S\",\"fr\":\"Polo de performance sportive - (Taille) S\"}',19.50,19.50,175.50,175.50,0.00,0.00,0,NULL,NULL,'lucy-martin-south-tonyshire-sporty-performance-polo',NULL),('9a747884-d53f-445c-84b0-338187ede940','2023-10-25 16:11:26','2023-10-25 16:11:28','9a747882-2072-4eb9-bb8e-2929f7298682','9a74782c-e18a-4cbe-ac40-3290e193835b','9a74786c-37d0-4b32-9640-91a5de4992b9',2,'{\"en\":\"Classic Ankle Boots - (Size) 8.5, (Colour) Dark Green\",\"hu\":\"Classic Ankle Boots - (Size) 8.5, (Colour) Dark Green\",\"de\":\"Klassische Stiefeletten - (Gr\\u00f6\\u00dfe) 8.5, (Farbe) Dunkelgr\\u00fcn\",\"fr\":\"Bottines classiques - (Taille) 8.5, (Couleur) Vert fonc\\u00e9\"}',27.95,27.95,55.90,55.90,0.00,0.00,0,NULL,NULL,'lucy-martin-south-tonyshire-classic-ankle-boots',NULL),('9a747884-de18-4301-942f-b8ec8b3af0db','2023-10-25 16:11:26','2023-10-25 16:11:28','9a747882-2072-4eb9-bb8e-2929f7298682','9a747830-7ee3-4148-866d-a8c603645d29','9a747876-b14f-4b44-be71-2fa785ccae12',5,'{\"en\":\"Fashion Knee-High Boots - (Size) 9.5\",\"hu\":\"Fashion Knee-High Boots - (Size) 9.5\",\"de\":\"Modische kniehohe Stiefel - (Gr\\u00f6\\u00dfe) 9.5\",\"fr\":\"Bottes hautes \\u00e0 la mode - (Taille) 9.5\"}',29.99,29.99,149.95,149.95,0.00,0.00,0,NULL,NULL,'lucy-martin-south-tonyshire-fashion-knee-high-boots',NULL),('9a747884-e701-4042-8c84-d915f79928be','2023-10-25 16:11:26','2023-10-25 16:11:28','9a747882-27cb-4fa6-bf92-bdae316578fb','9a747849-2324-4c87-8812-df0d42b72937','9a747878-9e56-49ca-9e24-ec410e0b52c1',7,'{\"en\":\"Classic Canvas Sneakers - (Size) 9.5\",\"hu\":\"Classic Canvas Sneakers - (Size) 9.5\",\"de\":\"Klassische Canvas-Sneaker - (Gr\\u00f6\\u00dfe) 9.5\",\"fr\":\"Baskets classiques en toile - (Taille) 9.5\"}',22.50,22.50,157.50,157.50,0.00,0.00,0,NULL,NULL,'mr-roland-treiber-port-gordonmouth-classic-canvas-sneakers',NULL),('9a747884-f002-494b-bcd4-6cc7996476a9','2023-10-25 16:11:26','2023-10-25 16:11:28','9a747882-27cb-4fa6-bf92-bdae316578fb','9a74781b-ba63-4202-92e7-d594c03b5ed8','9a747875-458c-4d59-b1ac-6f9f02043d07',5,'{\"en\":\"Sporty Track Pants - (Size) XL\",\"hu\":\"Sporty Track Pants - (Size) XL\",\"de\":\"Sportliche Trainingshose - (Gr\\u00f6\\u00dfe) XL\",\"fr\":\"Pantalon de surv\\u00eatement sportif - (Taille) XL\"}',22.99,22.99,114.95,114.95,0.00,0.00,0,NULL,NULL,'mr-roland-treiber-port-gordonmouth-sporty-track-pants-1',NULL),('9a747884-f72b-4597-a8ab-d6972cd4753b','2023-10-25 16:11:26','2023-10-25 16:11:28','9a747882-27cb-4fa6-bf92-bdae316578fb','9a74786a-8a10-4faf-93d8-24010007d01d',NULL,9,'{\"en\":\"Beaded Charm Bracelet\",\"de\":\"Perlenarmband\",\"fr\":\"Bracelet \\u00e0 breloques perl\\u00e9\"}',24.99,22.99,224.91,206.91,2.00,18.00,0,NULL,NULL,'mr-roland-treiber-port-gordonmouth-beaded-charm-bracelet',NULL),('9a747885-001c-4d4e-82d4-04c4eed6be84','2023-10-25 16:11:26','2023-10-25 16:11:28','9a747882-27cb-4fa6-bf92-bdae316578fb','9a7477ff-efd1-45f7-a283-f038580e02b2','9a747873-b74a-4581-9b8e-4264c7039d23',9,'{\"en\":\"Sporty Track Pants - (Size) M\",\"hu\":\"Sporty Track Pants - (Size) M\",\"de\":\"Sportliche Trainingshose - (Gr\\u00f6\\u00dfe) M\",\"fr\":\"Pantalon de surv\\u00eatement sportif - (Taille) M\"}',22.99,22.99,206.91,206.91,0.00,0.00,0,NULL,NULL,'mr-roland-treiber-port-gordonmouth-sporty-track-pants',NULL),('9a747885-086e-4ba3-823d-c40361c30ffd','2023-10-25 16:11:26','2023-10-25 16:11:28','9a747882-27cb-4fa6-bf92-bdae316578fb','9a74782c-e18a-4cbe-ac40-3290e193835b','9a74786c-2f9c-4920-b4a4-4a4341d41333',3,'{\"en\":\"Classic Ankle Boots - (Size) 8, (Colour) Dark Green\",\"hu\":\"Classic Ankle Boots - (Size) 8, (Colour) Dark Green\",\"de\":\"Klassische Stiefeletten - (Gr\\u00f6\\u00dfe) 8, (Farbe) Dunkelgr\\u00fcn\",\"fr\":\"Bottines classiques - (Taille) 8, (Couleur) Vert fonc\\u00e9\"}',27.95,27.95,83.85,83.85,0.00,0.00,0,NULL,NULL,'mr-roland-treiber-port-gordonmouth-classic-ankle-boots',NULL),('9a747885-0f57-4dfb-b28f-3564404f9213','2023-10-25 16:11:26','2023-10-25 16:11:28','9a747882-27cb-4fa6-bf92-bdae316578fb','9a747855-3cdd-4ee0-b980-992ff94eaa1b',NULL,8,'{\"en\":\"Statement Tassel Earrings\",\"de\":\"Statement-Quastenohrringe\",\"fr\":\"Boucles d&#39;oreilles \\u00e0 pampilles tendance\"}',24.99,24.99,199.92,199.92,0.00,0.00,0,NULL,NULL,'mr-roland-treiber-port-gordonmouth-statement-tassel-earrings',NULL),('9a747885-16b7-4e0e-82ee-23623baf6a9d','2023-10-25 16:11:26','2023-10-25 16:11:28','9a747882-27cb-4fa6-bf92-bdae316578fb','9a747859-1df2-4b00-9a06-1d1e16b8a9ab',NULL,9,'{\"en\":\"Classic Fedora Hat\",\"de\":\"Klassischer Fedora-Hut\",\"fr\":\"Chapeau Fedora classique\"}',18.50,18.50,166.50,166.50,0.00,0.00,0,NULL,NULL,'mr-roland-treiber-port-gordonmouth-classic-fedora-hat',NULL),('9a747885-1df5-49ba-b62c-390bb7411d6a','2023-10-25 16:11:26','2023-10-25 16:11:28','9a747882-27cb-4fa6-bf92-bdae316578fb','9a747851-b3f9-44bc-84b0-90f1250c5c3f',NULL,4,'{\"en\":\"Crystal Drop Earrings\",\"de\":\"Kristall-Tropfen-Ohrringe\",\"fr\":\"Boucles d&#39;oreilles pendantes en cristal\"}',19.99,19.99,79.96,79.96,0.00,0.00,0,NULL,NULL,'mr-roland-treiber-port-gordonmouth-crystal-drop-earrings',NULL),('9a747885-2580-435f-b199-6f778e1aa14e','2023-10-25 16:11:26','2023-10-25 16:11:28','9a747882-27cb-4fa6-bf92-bdae316578fb','9a747863-654e-4688-96fe-c475f58dbe10',NULL,9,'{\"en\":\"Sporty Wraparound Sunglasses\",\"de\":\"Sportliche Wraparound-Sonnenbrille\",\"fr\":\"Lunettes de soleil enveloppantes sportives\"}',19.50,17.50,175.50,157.50,2.00,18.00,0,NULL,NULL,'mr-roland-treiber-port-gordonmouth-sporty-wraparound-sunglasses',NULL),('9a747885-2c9d-4cb1-beb1-8360a264cb6a','2023-10-25 16:11:26','2023-10-25 16:11:28','9a747882-27cb-4fa6-bf92-bdae316578fb','9a74785c-576c-485e-b65b-057aee96b7c1',NULL,7,'{\"en\":\"Classic Silk Tie\",\"de\":\"Klassische Seidenkrawatte\",\"fr\":\"Cravate classique en soie\"}',19.99,17.99,139.93,125.93,2.00,14.00,0,NULL,NULL,'mr-roland-treiber-port-gordonmouth-classic-silk-tie',NULL),('9a747885-368d-4ac2-8f8d-f25c956abb99','2023-10-25 16:11:26','2023-10-25 16:11:28','9a747882-27cb-4fa6-bf92-bdae316578fb','9a747809-b1c9-4f86-a887-d19fe25ff2d1','9a747874-18fc-4581-80b2-1c3827c4a915',9,'{\"en\":\"Sporty Performance Polo - (Size) XS\",\"hu\":\"Sporty Performance Polo - (Size) XS\",\"de\":\"Sportliches Performance-Polo - (Gr\\u00f6\\u00dfe) XS\",\"fr\":\"Polo de performance sportive - (Taille) XS\"}',19.50,19.50,175.50,175.50,0.00,0.00,0,NULL,NULL,'mr-roland-treiber-port-gordonmouth-sporty-performance-polo',NULL),('9a747885-3fd5-4291-a19e-2ed4c950fe16','2023-10-25 16:11:26','2023-10-25 16:11:28','9a747882-27cb-4fa6-bf92-bdae316578fb','9a7477f2-28ae-416f-b8ce-8b73a7ff31da','9a747872-3b08-4042-bf9b-e73d07ded765',6,'{\"en\":\"Classic Dress Shirt - (Size) M\",\"hu\":\"Classic Dress Shirt - (Size) M\",\"de\":\"Klassisches Hemd - (Gr\\u00f6\\u00dfe) M\",\"fr\":\"Chemise habill\\u00e9e classique - (Taille) M\"}',28.99,28.99,173.94,173.94,0.00,0.00,0,NULL,NULL,'mr-roland-treiber-port-gordonmouth-classic-dress-shirt',NULL),('9a747885-4901-4d93-93af-0c71cfa472e9','2023-10-25 16:11:26','2023-10-25 16:11:28','9a747882-27cb-4fa6-bf92-bdae316578fb','9a7477fc-4813-4a1a-9b3a-b484c1c88d7e','9a747873-240d-486b-afa2-52cb3b57fb86',9,'{\"en\":\"Classic Dress Trousers - (Size) S\",\"hu\":\"Classic Dress Trousers - (Size) S\",\"de\":\"Klassische Anzughose - (Gr\\u00f6\\u00dfe) S\",\"fr\":\"Pantalon habill\\u00e9 classique - (Taille) S\"}',27.99,27.99,251.91,251.91,0.00,0.00,0,NULL,NULL,'mr-roland-treiber-port-gordonmouth-classic-dress-trousers',NULL),('9a747885-51e4-44ac-9d91-e09d92b034ca','2023-10-25 16:11:26','2023-10-25 16:11:28','9a747882-27cb-4fa6-bf92-bdae316578fb','9a747842-6a35-4a29-9cc8-3e6ab4c8d128','9a747878-0b45-490f-8dff-35c5a247d589',8,'{\"en\":\"Classic Leather Boots - (Size) 8\",\"hu\":\"Classic Leather Boots - (Size) 8\",\"de\":\"Klassische Lederstiefel - (Gr\\u00f6\\u00dfe) 8\",\"fr\":\"Bottes en cuir classiques - (Taille) 8\"}',27.99,27.99,223.92,223.92,0.00,0.00,0,NULL,NULL,'mr-roland-treiber-port-gordonmouth-classic-leather-boots',NULL),('9a747885-5ae1-44de-8b65-863d70e3583b','2023-10-25 16:11:26','2023-10-25 16:11:28','9a747882-27cb-4fa6-bf92-bdae316578fb','9a747814-fdd4-4823-af61-b85220c6fb22','9a747874-d28d-4652-b561-1ea1c131cff4',6,'{\"en\":\"Casual V-Neck Jumper - (Size) S\",\"hu\":\"Casual V-Neck Jumper - (Size) S\",\"de\":\"L\\u00e4ssiger Pullover mit V-Ausschnitt - (Gr\\u00f6\\u00dfe) S\",\"fr\":\"Pull d\\u00e9contract\\u00e9 \\u00e0 col en V - (Taille) S\"}',21.50,21.50,129.00,129.00,0.00,0.00,0,NULL,NULL,'mr-roland-treiber-port-gordonmouth-casual-v-neck-jumper',NULL),('9a747885-639c-4ee9-8c0c-92607bbb7947','2023-10-25 16:11:26','2023-10-25 16:11:28','9a747882-27cb-4fa6-bf92-bdae316578fb','9a747837-fd5e-4cf2-85b4-63a666a3436a','9a747870-413f-41ed-9e62-8368628d3216',1,'{\"en\":\"Classic Leather Loafers - (Size) 8.5, (Colour) Dark Green\",\"hu\":\"Classic Leather Loafers - (Size) 8.5, (Colour) Dark Green\",\"de\":\"Klassische Leder-Loafer - (Gr\\u00f6\\u00dfe) 8.5, (Farbe) Dunkelgr\\u00fcn\",\"fr\":\"Mocassins classiques en cuir - (Taille) 8.5, (Couleur) Vert fonc\\u00e9\"}',29.99,29.99,29.99,29.99,0.00,0.00,0,NULL,NULL,'mr-roland-treiber-port-gordonmouth-classic-leather-loafers',NULL),('9a747885-6ba5-4642-8b0c-939cd1702830','2023-10-25 16:11:26','2023-10-25 16:11:28','9a747882-27cb-4fa6-bf92-bdae316578fb','9a747818-5355-407e-b0c3-a0b1f5b8086a','9a747874-fdbd-40a6-b116-3a56f74248da',2,'{\"en\":\"Classic Dress Trousers - (Size) S\",\"hu\":\"Classic Dress Trousers - (Size) S\",\"de\":\"Klassische Anzughose - (Gr\\u00f6\\u00dfe) S\",\"fr\":\"Pantalon habill\\u00e9 classique - (Taille) S\"}',29.99,29.99,59.98,59.98,0.00,0.00,0,NULL,NULL,'mr-roland-treiber-port-gordonmouth-classic-dress-trousers-1',NULL),('9a747885-76b2-4b56-b45f-6720da3ac66a','2023-10-25 16:11:26','2023-10-25 16:11:28','9a747882-2d68-4801-ab38-b9c205278e15','9a747863-654e-4688-96fe-c475f58dbe10',NULL,1,'{\"en\":\"Sporty Wraparound Sunglasses\",\"de\":\"Sportliche Wraparound-Sonnenbrille\",\"fr\":\"Lunettes de soleil enveloppantes sportives\"}',19.50,17.50,19.50,17.50,2.00,2.00,0,NULL,NULL,'jordan-adams-cooperview-sporty-wraparound-sunglasses',NULL),('9a747885-807c-429e-a40b-3a2dce076cae','2023-10-25 16:11:26','2023-10-25 16:11:28','9a747882-2d68-4801-ab38-b9c205278e15','9a747830-7ee3-4148-866d-a8c603645d29','9a747876-9747-4dc6-ab7e-9e675181d999',8,'{\"en\":\"Fashion Knee-High Boots - (Size) 8\",\"hu\":\"Fashion Knee-High Boots - (Size) 8\",\"de\":\"Modische kniehohe Stiefel - (Gr\\u00f6\\u00dfe) 8\",\"fr\":\"Bottes hautes \\u00e0 la mode - (Taille) 8\"}',29.99,29.99,239.92,239.92,0.00,0.00,0,NULL,NULL,'jordan-adams-cooperview-fashion-knee-high-boots',NULL),('9a747885-898a-4f77-8840-72bf9aac4afa','2023-10-25 16:11:26','2023-10-25 16:11:29','9a747882-2d68-4801-ab38-b9c205278e15','9a747814-fdd4-4823-af61-b85220c6fb22','9a747874-d28d-4652-b561-1ea1c131cff4',7,'{\"en\":\"Casual V-Neck Jumper - (Size) S\",\"hu\":\"Casual V-Neck Jumper - (Size) S\",\"de\":\"L\\u00e4ssiger Pullover mit V-Ausschnitt - (Gr\\u00f6\\u00dfe) S\",\"fr\":\"Pull d\\u00e9contract\\u00e9 \\u00e0 col en V - (Taille) S\"}',21.50,21.50,150.50,150.50,0.00,0.00,0,NULL,NULL,'jordan-adams-cooperview-casual-v-neck-jumper',NULL),('9a747885-904e-4aaf-aed5-99af5015b2f0','2023-10-25 16:11:26','2023-10-25 16:11:29','9a747882-2d68-4801-ab38-b9c205278e15','9a747818-5355-407e-b0c3-a0b1f5b8086a','9a747875-0e94-43ce-b58b-a79279da9ccf',7,'{\"en\":\"Classic Dress Trousers - (Size) L\",\"hu\":\"Classic Dress Trousers - (Size) L\",\"de\":\"Klassische Anzughose - (Gr\\u00f6\\u00dfe) L\",\"fr\":\"Pantalon habill\\u00e9 classique - (Taille) L\"}',29.99,29.99,209.93,209.93,0.00,0.00,0,NULL,NULL,'jordan-adams-cooperview-classic-dress-trousers-1',NULL),('9a747885-9a38-49ce-ad08-533f5c91413b','2023-10-25 16:11:26','2023-10-25 16:11:29','9a747882-2d68-4801-ab38-b9c205278e15','9a747845-b20e-487e-9f86-7b4e736ba01a','9a74786f-d8ac-4627-b3f4-0d3bd2e6dca9',9,'{\"en\":\"Outdoor Hiking Boots - (Size) 8, (Colour) Midnight Blue\",\"hu\":\"Outdoor Hiking Boots - (Size) 8, (Colour) Midnight Blue\",\"de\":\"Outdoor-Wanderschuhe - (Gr\\u00f6\\u00dfe) 8, (Farbe) Mitternachtsblau\",\"fr\":\"Bottes de randonn\\u00e9e en plein air - (Taille) 8, (Couleur) Bleu nuit\"}',29.99,29.99,269.91,269.91,0.00,0.00,0,NULL,NULL,'jordan-adams-cooperview-outdoor-hiking-boots',NULL),('9a747885-a304-4212-9345-a71c6a8c45b0','2023-10-25 16:11:26','2023-10-25 16:11:29','9a747882-2d68-4801-ab38-b9c205278e15','9a747804-8b26-41a2-8a5f-4bd7c6057dc1','9a747873-f850-4410-b5df-696cb3309e6a',7,'{\"en\":\"Sporty Ankle Socks - (Size) 10\",\"hu\":\"Sporty Ankle Socks - (Size) 10\",\"de\":\"Sportliche S\\u00f6ckchen - (Gr\\u00f6\\u00dfe) 10\",\"fr\":\"Socquettes sportives - (Taille) dix\"}',14.50,14.50,101.50,101.50,0.00,0.00,0,NULL,NULL,'jordan-adams-cooperview-sporty-ankle-socks',NULL),('9a747885-a9bc-43d6-84bd-b72e614d139d','2023-10-25 16:11:26','2023-10-25 16:11:29','9a747882-2d68-4801-ab38-b9c205278e15','9a747867-23c5-4a3f-b71e-344103911407',NULL,4,'{\"en\":\"Leather Cuff Bracelet\",\"de\":\"Manschettenarmband aus Leder\",\"fr\":\"Bracelet manchette en cuir\"}',18.99,16.99,75.96,67.96,2.00,8.00,0,NULL,NULL,'jordan-adams-cooperview-leather-cuff-bracelet',NULL),('9a747885-b1fa-43b8-8bac-09f1d8d9a5fa','2023-10-25 16:11:26','2023-10-25 16:11:29','9a747882-2d68-4801-ab38-b9c205278e15','9a747837-fd5e-4cf2-85b4-63a666a3436a','9a747870-5171-4fbe-b5e4-b4e61e98e5a8',4,'{\"en\":\"Classic Leather Loafers - (Size) 9.5, (Colour) Dark Green\",\"hu\":\"Classic Leather Loafers - (Size) 9.5, (Colour) Dark Green\",\"de\":\"Klassische Leder-Loafer - (Gr\\u00f6\\u00dfe) 9.5, (Farbe) Dunkelgr\\u00fcn\",\"fr\":\"Mocassins classiques en cuir - (Taille) 9.5, (Couleur) Vert fonc\\u00e9\"}',29.99,29.99,119.96,119.96,0.00,0.00,0,NULL,NULL,'jordan-adams-cooperview-classic-leather-loafers',NULL),('9a747885-b97c-44b9-ae4a-240f4c87f23a','2023-10-25 16:11:26','2023-10-25 16:11:29','9a747882-2d68-4801-ab38-b9c205278e15','9a74784e-46b6-46de-bbbf-78da6699b9fc',NULL,6,'{\"en\":\"Vintage Round Sunglasses\",\"de\":\"Runde Vintage-Sonnenbrille\",\"fr\":\"Lunettes de soleil rondes vintage\"}',22.50,22.50,135.00,135.00,0.00,0.00,0,NULL,NULL,'jordan-adams-cooperview-vintage-round-sunglasses',NULL),('9a747885-c288-4e8a-9575-2e7ae9e88c56','2023-10-25 16:11:26','2023-10-25 16:11:29','9a747882-2d68-4801-ab38-b9c205278e15','9a747834-63a6-46a1-b33d-abeb1dc773d9','9a747876-f2ea-4fb1-b88b-a0e653b357bf',5,'{\"en\":\"Chunky Heel Platform Sandals - (Size) 8.5\",\"hu\":\"Chunky Heel Platform Sandals - (Size) 8.5\",\"de\":\"Plateausandalen mit klobigem Absatz - (Gr\\u00f6\\u00dfe) 8.5\",\"fr\":\"Sandales \\u00e0 plateforme et talons \\u00e9pais - (Taille) 8.5\"}',29.50,29.50,147.50,147.50,0.00,0.00,0,NULL,NULL,'jordan-adams-cooperview-chunky-heel-platform-sandals',NULL),('9a747885-ca21-43b8-93cf-6c30182e9a1e','2023-10-25 16:11:26','2023-10-25 16:11:29','9a747882-2d68-4801-ab38-b9c205278e15','9a74785c-576c-485e-b65b-057aee96b7c1',NULL,10,'{\"en\":\"Classic Silk Tie\",\"de\":\"Klassische Seidenkrawatte\",\"fr\":\"Cravate classique en soie\"}',19.99,17.99,199.90,179.90,2.00,20.00,0,NULL,NULL,'jordan-adams-cooperview-classic-silk-tie',NULL),('9a747885-d2e9-4f86-bcc7-01d024f3f11e','2023-10-25 16:11:26','2023-10-25 16:11:29','9a747882-2d68-4801-ab38-b9c205278e15','9a74783b-cf57-4103-8c03-8cf70613a692','9a747877-6c76-44ff-aa0b-f96534ebaa43',3,'{\"en\":\"Fashion Slip-On Loafers - (Size) 8\",\"hu\":\"Fashion Slip-On Loafers - (Size) 8\",\"de\":\"Modische Slip-On-Loafer - (Gr\\u00f6\\u00dfe) 8\",\"fr\":\"Mocassins \\u00e0 la mode \\u00e0 enfiler - (Taille) 8\"}',29.99,29.99,89.97,89.97,0.00,0.00,0,NULL,NULL,'jordan-adams-cooperview-fashion-slip-on-loafers',NULL),('9a747885-dbb5-4a7b-8335-3d97d30d3813','2023-10-25 16:11:26','2023-10-25 16:11:29','9a747882-2d68-4801-ab38-b9c205278e15','9a7477ff-efd1-45f7-a283-f038580e02b2','9a747873-c7b8-466c-ac85-db83cf32fbe5',6,'{\"en\":\"Sporty Track Pants - (Size) XL\",\"hu\":\"Sporty Track Pants - (Size) XL\",\"de\":\"Sportliche Trainingshose - (Gr\\u00f6\\u00dfe) XL\",\"fr\":\"Pantalon de surv\\u00eatement sportif - (Taille) XL\"}',22.99,22.99,137.94,137.94,0.00,0.00,0,NULL,NULL,'jordan-adams-cooperview-sporty-track-pants',NULL),('9a747885-e2b3-4d38-b078-d21490b96ff7','2023-10-25 16:11:26','2023-10-25 16:11:29','9a747882-341c-4de6-a3c2-c86c477779fe','9a747855-3cdd-4ee0-b980-992ff94eaa1b',NULL,7,'{\"en\":\"Statement Tassel Earrings\",\"de\":\"Statement-Quastenohrringe\",\"fr\":\"Boucles d&#39;oreilles \\u00e0 pampilles tendance\"}',24.99,24.99,174.93,174.93,0.00,0.00,0,NULL,NULL,'tiffany-roberts-russellland-statement-tassel-earrings',NULL),('9a747885-eb94-494e-807c-34224e1d25dc','2023-10-25 16:11:26','2023-10-25 16:11:29','9a747882-341c-4de6-a3c2-c86c477779fe','9a747830-7ee3-4148-866d-a8c603645d29','9a747876-9747-4dc6-ab7e-9e675181d999',3,'{\"en\":\"Fashion Knee-High Boots - (Size) 8\",\"hu\":\"Fashion Knee-High Boots - (Size) 8\",\"de\":\"Modische kniehohe Stiefel - (Gr\\u00f6\\u00dfe) 8\",\"fr\":\"Bottes hautes \\u00e0 la mode - (Taille) 8\"}',29.99,29.99,89.97,89.97,0.00,0.00,0,NULL,NULL,'tiffany-roberts-russellland-fashion-knee-high-boots',NULL),('9a747885-f3d2-46c6-a9f5-59068ad04cf3','2023-10-25 16:11:26','2023-10-25 16:11:29','9a747882-341c-4de6-a3c2-c86c477779fe','9a74782c-e18a-4cbe-ac40-3290e193835b','9a74786c-182a-4a39-8b63-7080d1a1437f',10,'{\"en\":\"Classic Ankle Boots - (Size) 9, (Colour) Midnight Blue\",\"hu\":\"Classic Ankle Boots - (Size) 9, (Colour) Midnight Blue\",\"de\":\"Klassische Stiefeletten - (Gr\\u00f6\\u00dfe) 9, (Farbe) Mitternachtsblau\",\"fr\":\"Bottines classiques - (Taille) 9, (Couleur) Bleu nuit\"}',27.95,27.95,279.50,279.50,0.00,0.00,0,NULL,NULL,'tiffany-roberts-russellland-classic-ankle-boots',NULL),('9a747885-fadb-4f36-b0f8-1884f01a4861','2023-10-25 16:11:26','2023-10-25 16:11:29','9a747882-341c-4de6-a3c2-c86c477779fe','9a747818-5355-407e-b0c3-a0b1f5b8086a','9a747874-f5b9-4695-81e0-6cc76585d468',5,'{\"en\":\"Classic Dress Trousers - (Size) XS\",\"hu\":\"Classic Dress Trousers - (Size) XS\",\"de\":\"Klassische Anzughose - (Gr\\u00f6\\u00dfe) XS\",\"fr\":\"Pantalon habill\\u00e9 classique - (Taille) XS\"}',29.99,29.99,149.95,149.95,0.00,0.00,0,NULL,NULL,'tiffany-roberts-russellland-classic-dress-trousers-1',NULL),('9a747886-01e1-4401-9084-cefb7be55327','2023-10-25 16:11:26','2023-10-25 16:11:29','9a747882-341c-4de6-a3c2-c86c477779fe','9a74786a-8a10-4faf-93d8-24010007d01d',NULL,3,'{\"en\":\"Beaded Charm Bracelet\",\"de\":\"Perlenarmband\",\"fr\":\"Bracelet \\u00e0 breloques perl\\u00e9\"}',24.99,22.99,74.97,68.97,2.00,6.00,0,NULL,NULL,'tiffany-roberts-russellland-beaded-charm-bracelet',NULL),('9a747886-0a96-4706-8daa-0efe0d89ee55','2023-10-25 16:11:26','2023-10-25 16:11:29','9a747882-341c-4de6-a3c2-c86c477779fe','9a747809-b1c9-4f86-a887-d19fe25ff2d1','9a747874-18fc-4581-80b2-1c3827c4a915',7,'{\"en\":\"Sporty Performance Polo - (Size) XS\",\"hu\":\"Sporty Performance Polo - (Size) XS\",\"de\":\"Sportliches Performance-Polo - (Gr\\u00f6\\u00dfe) XS\",\"fr\":\"Polo de performance sportive - (Taille) XS\"}',19.50,19.50,136.50,136.50,0.00,0.00,0,NULL,NULL,'tiffany-roberts-russellland-sporty-performance-polo',NULL),('9a747886-12ce-4011-8c75-5606441b7cfe','2023-10-25 16:11:26','2023-10-25 16:11:29','9a747882-341c-4de6-a3c2-c86c477779fe','9a747824-1d85-4967-aa32-7c06af994493','9a74786f-1aa8-4d2e-a6fe-7a884c1e74b1',7,'{\"en\":\"Sporty Running Sneakers - (Size) 10, (Colour) Bright Green\",\"hu\":\"Sporty Running Sneakers - (Size) 10, (Colour) Bright Green\",\"de\":\"Sportliche Laufsneaker - (Gr\\u00f6\\u00dfe) 10, (Farbe) Hellgr\\u00fcn\",\"fr\":\"Baskets de course sportives - (Taille) dix, (Couleur) Vert clair\"}',28.95,28.95,202.65,202.65,0.00,0.00,0,NULL,NULL,'tiffany-roberts-russellland-sporty-running-sneakers',NULL),('9a747886-1b56-4c19-b2c9-cfd63c4962b9','2023-10-25 16:11:26','2023-10-25 16:11:29','9a747882-341c-4de6-a3c2-c86c477779fe','9a74781b-ba63-4202-92e7-d594c03b5ed8','9a747875-458c-4d59-b1ac-6f9f02043d07',2,'{\"en\":\"Sporty Track Pants - (Size) XL\",\"hu\":\"Sporty Track Pants - (Size) XL\",\"de\":\"Sportliche Trainingshose - (Gr\\u00f6\\u00dfe) XL\",\"fr\":\"Pantalon de surv\\u00eatement sportif - (Taille) XL\"}',22.99,22.99,45.98,45.98,0.00,0.00,0,NULL,NULL,'tiffany-roberts-russellland-sporty-track-pants-1',NULL),('9a747886-250d-4c9c-b54d-e7377b2d7dd2','2023-10-25 16:11:26','2023-10-25 16:11:29','9a747882-341c-4de6-a3c2-c86c477779fe','9a74780d-d674-4712-aaa2-87e907ee492c','9a74786e-b131-4c9c-9ad1-9bdc4c0b387d',6,'{\"en\":\"Elegant A-Line Skirt - (Size) S, (Colour) Bright Green\",\"hu\":\"Elegant A-Line Skirt - (Size) S, (Colour) Bright Green\",\"de\":\"Eleganter A-Linien-Rock - (Gr\\u00f6\\u00dfe) S, (Farbe) Hellgr\\u00fcn\",\"fr\":\"Jupe trap\\u00e8ze \\u00e9l\\u00e9gante - (Taille) S, (Couleur) Vert clair\"}',28.99,28.99,173.94,173.94,0.00,0.00,0,NULL,NULL,'tiffany-roberts-russellland-elegant-a-line-skirt',NULL),('9a747886-2dc7-4146-ac1e-0cce05b0596e','2023-10-25 16:11:26','2023-10-25 16:11:29','9a747882-341c-4de6-a3c2-c86c477779fe','9a747849-2324-4c87-8812-df0d42b72937','9a747878-8637-47bc-bdf9-c8c431eddc90',8,'{\"en\":\"Classic Canvas Sneakers - (Size) 8\",\"hu\":\"Classic Canvas Sneakers - (Size) 8\",\"de\":\"Klassische Canvas-Sneaker - (Gr\\u00f6\\u00dfe) 8\",\"fr\":\"Baskets classiques en toile - (Taille) 8\"}',22.50,22.50,180.00,180.00,0.00,0.00,0,NULL,NULL,'tiffany-roberts-russellland-classic-canvas-sneakers',NULL),('9a747886-37d0-4b5e-a08a-9028571b5f51','2023-10-25 16:11:26','2023-10-25 16:11:29','9a747882-341c-4de6-a3c2-c86c477779fe','9a747845-b20e-487e-9f86-7b4e736ba01a','9a747870-022d-4fec-b3c7-73621bc5bcb7',7,'{\"en\":\"Outdoor Hiking Boots - (Size) 10, (Colour) Midnight Blue\",\"hu\":\"Outdoor Hiking Boots - (Size) 10, (Colour) Midnight Blue\",\"de\":\"Outdoor-Wanderschuhe - (Gr\\u00f6\\u00dfe) 10, (Farbe) Mitternachtsblau\",\"fr\":\"Bottes de randonn\\u00e9e en plein air - (Taille) dix, (Couleur) Bleu nuit\"}',29.99,29.99,209.93,209.93,0.00,0.00,0,NULL,NULL,'tiffany-roberts-russellland-outdoor-hiking-boots',NULL),('9a747886-4204-4cb5-b1b0-2002568e3e10','2023-10-25 16:11:26','2023-10-25 16:11:29','9a747882-341c-4de6-a3c2-c86c477779fe','9a747837-fd5e-4cf2-85b4-63a666a3436a','9a747870-204f-4afe-b2f0-5a862ddcb266',8,'{\"en\":\"Classic Leather Loafers - (Size) 9, (Colour) Dark Gray\",\"hu\":\"Classic Leather Loafers - (Size) 9, (Colour) Dark Gray\",\"de\":\"Klassische Leder-Loafer - (Gr\\u00f6\\u00dfe) 9, (Farbe) Dunkelgrau\",\"fr\":\"Mocassins classiques en cuir - (Taille) 9, (Couleur) Gris fonc\\u00e9\"}',29.99,29.99,239.92,239.92,0.00,0.00,0,NULL,NULL,'tiffany-roberts-russellland-classic-leather-loafers',NULL),('9a747886-4f50-42ee-b365-bac4613cf5e0','2023-10-25 16:11:26','2023-10-25 16:11:29','9a747882-341c-4de6-a3c2-c86c477779fe','9a747842-6a35-4a29-9cc8-3e6ab4c8d128','9a747878-0b45-490f-8dff-35c5a247d589',7,'{\"en\":\"Classic Leather Boots - (Size) 8\",\"hu\":\"Classic Leather Boots - (Size) 8\",\"de\":\"Klassische Lederstiefel - (Gr\\u00f6\\u00dfe) 8\",\"fr\":\"Bottes en cuir classiques - (Taille) 8\"}',27.99,27.99,195.93,195.93,0.00,0.00,0,NULL,NULL,'tiffany-roberts-russellland-classic-leather-boots',NULL),('9a747886-620b-47b9-9d1c-6ec11fbf0880','2023-10-25 16:11:26','2023-10-25 16:11:29','9a747882-341c-4de6-a3c2-c86c477779fe','9a747811-89af-4477-b351-11ee1cfd0b9b','9a747874-94f5-4084-bf81-4e1c50af4451',9,'{\"en\":\"Floral Midi Skirt - (Size) XL\",\"hu\":\"Floral Midi Skirt - (Size) XL\",\"de\":\"Gebl\\u00fcmter Midirock - (Gr\\u00f6\\u00dfe) XL\",\"fr\":\"Jupe mi-longue fleurie - (Taille) XL\"}',22.99,22.99,206.91,206.91,0.00,0.00,0,NULL,NULL,'tiffany-roberts-russellland-floral-midi-skirt',NULL),('9a747886-6de0-4a43-b5d8-729276880a23','2023-10-25 16:11:26','2023-10-25 16:11:29','9a747882-341c-4de6-a3c2-c86c477779fe','9a7477f5-8cfb-44d7-b099-c3222c1d589b','9a747872-6e40-4e52-b7b6-ed772d6d6835',10,'{\"en\":\"Casual Checkered Shirt - (Size) L\",\"hu\":\"Casual Checkered Shirt - (Size) L\",\"de\":\"L\\u00e4ssiges Karohemd - (Gr\\u00f6\\u00dfe) L\",\"fr\":\"Chemise \\u00e0 carreaux d\\u00e9contract\\u00e9e - (Taille) L\"}',24.99,24.99,249.90,249.90,0.00,0.00,0,NULL,NULL,'tiffany-roberts-russellland-casual-checkered-shirt',NULL),('9a747886-7614-4957-a8a4-dd2add1ee2cb','2023-10-25 16:11:26','2023-10-25 16:11:29','9a747882-3991-4eba-8f05-406630dd2276','9a747855-3cdd-4ee0-b980-992ff94eaa1b',NULL,8,'{\"en\":\"Statement Tassel Earrings\",\"de\":\"Statement-Quastenohrringe\",\"fr\":\"Boucles d&#39;oreilles \\u00e0 pampilles tendance\"}',24.99,24.99,199.92,199.92,0.00,0.00,0,NULL,NULL,'mr-roland-treiber-port-gordonmouth-1-statement-tassel-earrings',NULL),('9a747886-7dc9-4429-8f27-1947ec5b120d','2023-10-25 16:11:26','2023-10-25 16:11:29','9a747882-3991-4eba-8f05-406630dd2276','9a74785c-576c-485e-b65b-057aee96b7c1',NULL,9,'{\"en\":\"Classic Silk Tie\",\"de\":\"Klassische Seidenkrawatte\",\"fr\":\"Cravate classique en soie\"}',19.99,17.99,179.91,161.91,2.00,18.00,0,NULL,NULL,'mr-roland-treiber-port-gordonmouth-1-classic-silk-tie',NULL),('9a747886-86ce-440c-8c2d-96975dbe3c9c','2023-10-25 16:11:26','2023-10-25 16:11:29','9a747882-3991-4eba-8f05-406630dd2276','9a7477f5-8cfb-44d7-b099-c3222c1d589b','9a747872-7643-440c-87b3-e222646f3085',1,'{\"en\":\"Casual Checkered Shirt - (Size) XL\",\"hu\":\"Casual Checkered Shirt - (Size) XL\",\"de\":\"L\\u00e4ssiges Karohemd - (Gr\\u00f6\\u00dfe) XL\",\"fr\":\"Chemise \\u00e0 carreaux d\\u00e9contract\\u00e9e - (Taille) XL\"}',24.99,24.99,24.99,24.99,0.00,0.00,0,NULL,NULL,'mr-roland-treiber-port-gordonmouth-1-casual-checkered-shirt',NULL),('9a747886-8fbb-4395-8c70-411208d83275','2023-10-25 16:11:26','2023-10-25 16:11:29','9a747882-3991-4eba-8f05-406630dd2276','9a747834-63a6-46a1-b33d-abeb1dc773d9','9a747877-0b6e-4297-af86-8ef034188d6a',7,'{\"en\":\"Chunky Heel Platform Sandals - (Size) 10\",\"hu\":\"Chunky Heel Platform Sandals - (Size) 10\",\"de\":\"Plateausandalen mit klobigem Absatz - (Gr\\u00f6\\u00dfe) 10\",\"fr\":\"Sandales \\u00e0 plateforme et talons \\u00e9pais - (Taille) dix\"}',29.50,29.50,206.50,206.50,0.00,0.00,0,NULL,NULL,'mr-roland-treiber-port-gordonmouth-1-chunky-heel-platform-sandals',NULL),('9a747886-9670-4c71-b2ed-7ce516d4ccd3','2023-10-25 16:11:26','2023-10-25 16:11:29','9a747882-3991-4eba-8f05-406630dd2276','9a747867-23c5-4a3f-b71e-344103911407',NULL,6,'{\"en\":\"Leather Cuff Bracelet\",\"de\":\"Manschettenarmband aus Leder\",\"fr\":\"Bracelet manchette en cuir\"}',18.99,16.99,113.94,101.94,2.00,12.00,0,NULL,NULL,'mr-roland-treiber-port-gordonmouth-1-leather-cuff-bracelet',NULL),('9a747886-a05b-4797-91fd-801fbf44ef41','2023-10-25 16:11:26','2023-10-25 16:11:29','9a747882-3991-4eba-8f05-406630dd2276','9a747842-6a35-4a29-9cc8-3e6ab4c8d128','9a747878-0b45-490f-8dff-35c5a247d589',5,'{\"en\":\"Classic Leather Boots - (Size) 8\",\"hu\":\"Classic Leather Boots - (Size) 8\",\"de\":\"Klassische Lederstiefel - (Gr\\u00f6\\u00dfe) 8\",\"fr\":\"Bottes en cuir classiques - (Taille) 8\"}',27.99,27.99,139.95,139.95,0.00,0.00,0,NULL,NULL,'mr-roland-treiber-port-gordonmouth-1-classic-leather-boots',NULL),('9a747886-a991-4abc-8e24-54a8edfae946','2023-10-25 16:11:26','2023-10-25 16:11:29','9a747882-3991-4eba-8f05-406630dd2276','9a747830-7ee3-4148-866d-a8c603645d29','9a747876-aa11-49e4-a750-5e1697a579fa',10,'{\"en\":\"Fashion Knee-High Boots - (Size) 9\",\"hu\":\"Fashion Knee-High Boots - (Size) 9\",\"de\":\"Modische kniehohe Stiefel - (Gr\\u00f6\\u00dfe) 9\",\"fr\":\"Bottes hautes \\u00e0 la mode - (Taille) 9\"}',29.99,29.99,299.90,299.90,0.00,0.00,0,NULL,NULL,'mr-roland-treiber-port-gordonmouth-1-fashion-knee-high-boots',NULL),('9a747886-b2fa-49d3-8582-96f636ce00b9','2023-10-25 16:11:26','2023-10-25 16:11:29','9a747882-3991-4eba-8f05-406630dd2276','9a7477f2-28ae-416f-b8ce-8b73a7ff31da','9a747872-2af4-44e6-b4a0-af65836a3a9b',5,'{\"en\":\"Classic Dress Shirt - (Size) XS\",\"hu\":\"Classic Dress Shirt - (Size) XS\",\"de\":\"Klassisches Hemd - (Gr\\u00f6\\u00dfe) XS\",\"fr\":\"Chemise habill\\u00e9e classique - (Taille) XS\"}',28.99,28.99,144.95,144.95,0.00,0.00,0,NULL,NULL,'mr-roland-treiber-port-gordonmouth-1-classic-dress-shirt',NULL),('9a747886-b9cf-41d0-90ec-6748049fd028','2023-10-25 16:11:26','2023-10-25 16:11:29','9a747882-3f94-4815-b16b-98827d7ba10d','9a74784e-46b6-46de-bbbf-78da6699b9fc',NULL,4,'{\"en\":\"Vintage Round Sunglasses\",\"de\":\"Runde Vintage-Sonnenbrille\",\"fr\":\"Lunettes de soleil rondes vintage\"}',22.50,22.50,90.00,90.00,0.00,0.00,0,NULL,NULL,'alice-cooper-port-sofia-1-vintage-round-sunglasses',NULL),('9a747886-c2c9-44c4-b102-78ac79b486cb','2023-10-25 16:11:26','2023-10-25 16:11:29','9a747882-3f94-4815-b16b-98827d7ba10d','9a747814-fdd4-4823-af61-b85220c6fb22','9a747874-ca60-4deb-a8e7-f0e23806273c',9,'{\"en\":\"Casual V-Neck Jumper - (Size) XS\",\"hu\":\"Casual V-Neck Jumper - (Size) XS\",\"de\":\"L\\u00e4ssiger Pullover mit V-Ausschnitt - (Gr\\u00f6\\u00dfe) XS\",\"fr\":\"Pull d\\u00e9contract\\u00e9 \\u00e0 col en V - (Taille) XS\"}',21.50,21.50,193.50,193.50,0.00,0.00,0,NULL,NULL,'alice-cooper-port-sofia-1-casual-v-neck-jumper',NULL),('9a747886-ca13-458e-a215-af1744d519a3','2023-10-25 16:11:26','2023-10-25 16:11:29','9a747882-3f94-4815-b16b-98827d7ba10d','9a747855-3cdd-4ee0-b980-992ff94eaa1b',NULL,7,'{\"en\":\"Statement Tassel Earrings\",\"de\":\"Statement-Quastenohrringe\",\"fr\":\"Boucles d&#39;oreilles \\u00e0 pampilles tendance\"}',24.99,24.99,174.93,174.93,0.00,0.00,0,NULL,NULL,'alice-cooper-port-sofia-1-statement-tassel-earrings',NULL),('9a747886-d2eb-49aa-9e70-8ad6eae00411','2023-10-25 16:11:26','2023-10-25 16:11:29','9a747882-3f94-4815-b16b-98827d7ba10d','9a747842-6a35-4a29-9cc8-3e6ab4c8d128','9a747878-24c4-4fb9-96d5-7286a908d362',5,'{\"en\":\"Classic Leather Boots - (Size) 9.5\",\"hu\":\"Classic Leather Boots - (Size) 9.5\",\"de\":\"Klassische Lederstiefel - (Gr\\u00f6\\u00dfe) 9.5\",\"fr\":\"Bottes en cuir classiques - (Taille) 9.5\"}',27.99,27.99,139.95,139.95,0.00,0.00,0,NULL,NULL,'alice-cooper-port-sofia-1-classic-leather-boots',NULL),('9a747886-d9e8-44b2-836f-949fa685d4d2','2023-10-25 16:11:26','2023-10-25 16:11:29','9a747882-3f94-4815-b16b-98827d7ba10d','9a74786a-8a10-4faf-93d8-24010007d01d',NULL,2,'{\"en\":\"Beaded Charm Bracelet\",\"de\":\"Perlenarmband\",\"fr\":\"Bracelet \\u00e0 breloques perl\\u00e9\"}',24.99,22.99,49.98,45.98,2.00,4.00,0,NULL,NULL,'alice-cooper-port-sofia-1-beaded-charm-bracelet',NULL),('9a747886-e218-4485-a616-25ffbc824bee','2023-10-25 16:11:26','2023-10-25 16:11:29','9a747882-3f94-4815-b16b-98827d7ba10d','9a747837-fd5e-4cf2-85b4-63a666a3436a','9a747870-30cd-45a0-8e3f-b19b93280fba',8,'{\"en\":\"Classic Leather Loafers - (Size) 10, (Colour) Dark Gray\",\"hu\":\"Classic Leather Loafers - (Size) 10, (Colour) Dark Gray\",\"de\":\"Klassische Leder-Loafer - (Gr\\u00f6\\u00dfe) 10, (Farbe) Dunkelgrau\",\"fr\":\"Mocassins classiques en cuir - (Taille) dix, (Couleur) Gris fonc\\u00e9\"}',29.99,29.99,239.92,239.92,0.00,0.00,0,NULL,NULL,'alice-cooper-port-sofia-1-classic-leather-loafers',NULL),('9a747886-eaf8-4f60-94c8-5ba441a16b5b','2023-10-25 16:11:26','2023-10-25 16:11:29','9a747882-3f94-4815-b16b-98827d7ba10d','9a747830-7ee3-4148-866d-a8c603645d29','9a747876-a27a-424b-b1e3-06e1002e5a98',2,'{\"en\":\"Fashion Knee-High Boots - (Size) 8.5\",\"hu\":\"Fashion Knee-High Boots - (Size) 8.5\",\"de\":\"Modische kniehohe Stiefel - (Gr\\u00f6\\u00dfe) 8.5\",\"fr\":\"Bottes hautes \\u00e0 la mode - (Taille) 8.5\"}',29.99,29.99,59.98,59.98,0.00,0.00,0,NULL,NULL,'alice-cooper-port-sofia-1-fashion-knee-high-boots',NULL),('9a747886-f390-445d-bcd6-6460db08383f','2023-10-25 16:11:26','2023-10-25 16:11:29','9a747882-3f94-4815-b16b-98827d7ba10d','9a74781b-ba63-4202-92e7-d594c03b5ed8','9a747875-2cec-4f1f-9c64-5ca7e0fcdf53',1,'{\"en\":\"Sporty Track Pants - (Size) S\",\"hu\":\"Sporty Track Pants - (Size) S\",\"de\":\"Sportliche Trainingshose - (Gr\\u00f6\\u00dfe) S\",\"fr\":\"Pantalon de surv\\u00eatement sportif - (Taille) S\"}',22.99,22.99,22.99,22.99,0.00,0.00,0,NULL,NULL,'alice-cooper-port-sofia-1-sporty-track-pants-1',NULL),('9a747886-faaa-4efc-9588-4b65e0cf4d8c','2023-10-25 16:11:26','2023-10-25 16:11:29','9a747882-3f94-4815-b16b-98827d7ba10d','9a747851-b3f9-44bc-84b0-90f1250c5c3f',NULL,6,'{\"en\":\"Crystal Drop Earrings\",\"de\":\"Kristall-Tropfen-Ohrringe\",\"fr\":\"Boucles d&#39;oreilles pendantes en cristal\"}',19.99,19.99,119.94,119.94,0.00,0.00,0,NULL,NULL,'alice-cooper-port-sofia-1-crystal-drop-earrings',NULL),('9a747887-01db-4ba5-b473-12acbe4b581e','2023-10-25 16:11:26','2023-10-25 16:11:29','9a747882-3f94-4815-b16b-98827d7ba10d','9a74785f-bb23-4d9c-890e-9c2a5424fb99',NULL,1,'{\"en\":\"Modern Skinny Tie\",\"de\":\"Moderne schmale Krawatte\",\"fr\":\"Cravate fine moderne\"}',24.99,22.99,24.99,22.99,2.00,2.00,0,NULL,NULL,'alice-cooper-port-sofia-1-modern-skinny-tie',NULL),('9a747887-0aa5-4fc9-9947-e7f48adfd0f6','2023-10-25 16:11:26','2023-10-25 16:11:29','9a747882-3f94-4815-b16b-98827d7ba10d','9a747809-b1c9-4f86-a887-d19fe25ff2d1','9a747874-43c9-42ad-ae46-4a42f14ef2ac',9,'{\"en\":\"Sporty Performance Polo - (Size) XL\",\"hu\":\"Sporty Performance Polo - (Size) XL\",\"de\":\"Sportliches Performance-Polo - (Gr\\u00f6\\u00dfe) XL\",\"fr\":\"Polo de performance sportive - (Taille) XL\"}',19.50,19.50,175.50,175.50,0.00,0.00,0,NULL,NULL,'alice-cooper-port-sofia-1-sporty-performance-polo',NULL),('9a747887-135f-4d49-b2de-b3fb66e3a9ed','2023-10-25 16:11:26','2023-10-25 16:11:30','9a747882-3f94-4815-b16b-98827d7ba10d','9a7477fc-4813-4a1a-9b3a-b484c1c88d7e','9a747873-6f8a-4534-aad4-8eb58ae24304',10,'{\"en\":\"Classic Dress Trousers - (Size) L\",\"hu\":\"Classic Dress Trousers - (Size) L\",\"de\":\"Klassische Anzughose - (Gr\\u00f6\\u00dfe) L\",\"fr\":\"Pantalon habill\\u00e9 classique - (Taille) L\"}',27.99,27.99,279.90,279.90,0.00,0.00,0,NULL,NULL,'alice-cooper-port-sofia-1-classic-dress-trousers',NULL),('9a747887-1c1f-4bba-8b60-d36a1d9002ca','2023-10-25 16:11:26','2023-10-25 16:11:30','9a747882-3f94-4815-b16b-98827d7ba10d','9a7477f2-28ae-416f-b8ce-8b73a7ff31da','9a747872-3b08-4042-bf9b-e73d07ded765',6,'{\"en\":\"Classic Dress Shirt - (Size) M\",\"hu\":\"Classic Dress Shirt - (Size) M\",\"de\":\"Klassisches Hemd - (Gr\\u00f6\\u00dfe) M\",\"fr\":\"Chemise habill\\u00e9e classique - (Taille) M\"}',28.99,28.99,173.94,173.94,0.00,0.00,0,NULL,NULL,'alice-cooper-port-sofia-1-classic-dress-shirt',NULL),('9a747887-24df-40db-9143-4e6fbe74d79a','2023-10-25 16:11:26','2023-10-25 16:11:30','9a747882-3f94-4815-b16b-98827d7ba10d','9a74783b-cf57-4103-8c03-8cf70613a692','9a747877-7c6f-4085-bcf7-67d3ae201054',5,'{\"en\":\"Fashion Slip-On Loafers - (Size) 9\",\"hu\":\"Fashion Slip-On Loafers - (Size) 9\",\"de\":\"Modische Slip-On-Loafer - (Gr\\u00f6\\u00dfe) 9\",\"fr\":\"Mocassins \\u00e0 la mode \\u00e0 enfiler - (Taille) 9\"}',29.99,29.99,149.95,149.95,0.00,0.00,0,NULL,NULL,'alice-cooper-port-sofia-1-fashion-slip-on-loafers',NULL),('9a747887-2d3f-4152-898f-022140eacc54','2023-10-25 16:11:26','2023-10-25 16:11:30','9a747882-3f94-4815-b16b-98827d7ba10d','9a747824-1d85-4967-aa32-7c06af994493','9a74786f-3a3f-47fc-b202-b7aaef7ad7a0',4,'{\"en\":\"Sporty Running Sneakers - (Size) 9.5, (Colour) Bright Red\",\"hu\":\"Sporty Running Sneakers - (Size) 9.5, (Colour) Bright Red\",\"de\":\"Sportliche Laufsneaker - (Gr\\u00f6\\u00dfe) 9.5, (Farbe) Hellrot\",\"fr\":\"Baskets de course sportives - (Taille) 9.5, (Couleur) Rouge vif\"}',28.25,28.25,113.00,113.00,0.00,0.00,0,NULL,NULL,'alice-cooper-port-sofia-1-sporty-running-sneakers',NULL),('9a747887-351e-4ca0-a905-f5e052011e39','2023-10-25 16:11:26','2023-10-25 16:11:30','9a747882-3f94-4815-b16b-98827d7ba10d','9a747859-1df2-4b00-9a06-1d1e16b8a9ab',NULL,3,'{\"en\":\"Classic Fedora Hat\",\"de\":\"Klassischer Fedora-Hut\",\"fr\":\"Chapeau Fedora classique\"}',18.50,18.50,55.50,55.50,0.00,0.00,0,NULL,NULL,'alice-cooper-port-sofia-1-classic-fedora-hat',NULL),('9a747887-3f32-4ea0-9ed5-2f93c03c9842','2023-10-25 16:11:26','2023-10-25 16:11:30','9a747882-4576-4877-aca8-116d545a99f7','9a747845-b20e-487e-9f86-7b4e736ba01a','9a74786f-cd6a-4a8a-8211-3e5c091a34f6',8,'{\"en\":\"Outdoor Hiking Boots - (Size) 10, (Colour) Black\",\"hu\":\"Outdoor Hiking Boots - (Size) 10, (Colour) Black\",\"de\":\"Outdoor-Wanderschuhe - (Gr\\u00f6\\u00dfe) 10, (Farbe) Schwarz\",\"fr\":\"Bottes de randonn\\u00e9e en plein air - (Taille) dix, (Couleur) Noir\"}',29.99,29.99,239.92,239.92,0.00,0.00,0,NULL,NULL,'eleanor-holmes-lake-henry-outdoor-hiking-boots',NULL),('9a747887-4813-4993-bb26-f4e5a1a194a6','2023-10-25 16:11:26','2023-10-25 16:11:30','9a747882-4576-4877-aca8-116d545a99f7','9a7477ff-efd1-45f7-a283-f038580e02b2','9a747873-a768-4c2d-8303-4eb0a505892d',7,'{\"en\":\"Sporty Track Pants - (Size) XS\",\"hu\":\"Sporty Track Pants - (Size) XS\",\"de\":\"Sportliche Trainingshose - (Gr\\u00f6\\u00dfe) XS\",\"fr\":\"Pantalon de surv\\u00eatement sportif - (Taille) XS\"}',22.99,22.99,160.93,160.93,0.00,0.00,0,NULL,NULL,'eleanor-holmes-lake-henry-sporty-track-pants',NULL),('9a747887-4f1d-432d-ac5f-ebdf6943296c','2023-10-25 16:11:26','2023-10-25 16:11:30','9a747882-4576-4877-aca8-116d545a99f7','9a747818-5355-407e-b0c3-a0b1f5b8086a','9a747875-061f-46ce-b54f-eb3638d12bc6',9,'{\"en\":\"Classic Dress Trousers - (Size) M\",\"hu\":\"Classic Dress Trousers - (Size) M\",\"de\":\"Klassische Anzughose - (Gr\\u00f6\\u00dfe) M\",\"fr\":\"Pantalon habill\\u00e9 classique - (Taille) M\"}',29.99,29.99,269.91,269.91,0.00,0.00,0,NULL,NULL,'eleanor-holmes-lake-henry-classic-dress-trousers-1',NULL),('9a747887-55d3-4b03-a518-3e21cd9beb88','2023-10-25 16:11:26','2023-10-25 16:11:30','9a747882-4576-4877-aca8-116d545a99f7','9a747863-654e-4688-96fe-c475f58dbe10',NULL,4,'{\"en\":\"Sporty Wraparound Sunglasses\",\"de\":\"Sportliche Wraparound-Sonnenbrille\",\"fr\":\"Lunettes de soleil enveloppantes sportives\"}',19.50,17.50,78.00,70.00,2.00,8.00,0,NULL,NULL,'eleanor-holmes-lake-henry-sporty-wraparound-sunglasses',NULL),('9a747887-5e22-4b1a-a06b-6fc38dd28e74','2023-10-25 16:11:26','2023-10-25 16:11:30','9a747882-4576-4877-aca8-116d545a99f7','9a747824-1d85-4967-aa32-7c06af994493','9a74786f-225f-4c35-a5f7-6d31bb2dd4e2',6,'{\"en\":\"Sporty Running Sneakers - (Size) 8, (Colour) Bright Red\",\"hu\":\"Sporty Running Sneakers - (Size) 8, (Colour) Bright Red\",\"de\":\"Sportliche Laufsneaker - (Gr\\u00f6\\u00dfe) 8, (Farbe) Hellrot\",\"fr\":\"Baskets de course sportives - (Taille) 8, (Couleur) Rouge vif\"}',27.95,27.95,167.70,167.70,0.00,0.00,0,NULL,NULL,'eleanor-holmes-lake-henry-sporty-running-sneakers',NULL),('9a747887-654b-4b74-bd3f-1f88a4bb35a5','2023-10-25 16:11:26','2023-10-25 16:11:30','9a747882-4576-4877-aca8-116d545a99f7','9a747859-1df2-4b00-9a06-1d1e16b8a9ab',NULL,3,'{\"en\":\"Classic Fedora Hat\",\"de\":\"Klassischer Fedora-Hut\",\"fr\":\"Chapeau Fedora classique\"}',18.50,18.50,55.50,55.50,0.00,0.00,0,NULL,NULL,'eleanor-holmes-lake-henry-classic-fedora-hat',NULL),('9a747887-6dc3-4b4e-bd71-cdfbde14ab11','2023-10-25 16:11:26','2023-10-25 16:11:30','9a747882-4576-4877-aca8-116d545a99f7','9a7477f8-f3a4-4a28-ab49-b20f28d9bd1e','9a747872-cc18-4549-9334-8c81eba57ade',6,'{\"en\":\"Casual V-Neck Modern Jumper - (Size) L\",\"hu\":\"Casual V-Neck Modern Jumper - (Size) L\",\"de\":\"L\\u00e4ssiger, moderner Pullover mit V-Ausschnitt - (Gr\\u00f6\\u00dfe) L\",\"fr\":\"Pull moderne d\\u00e9contract\\u00e9 \\u00e0 col en V - (Taille) L\"}',21.50,21.50,129.00,129.00,0.00,0.00,0,NULL,NULL,'eleanor-holmes-lake-henry-casual-v-neck-modern-jumper',NULL),('9a747887-76de-4718-b22d-fb07a4fd4d09','2023-10-25 16:11:26','2023-10-25 16:11:30','9a747882-4576-4877-aca8-116d545a99f7','9a747842-6a35-4a29-9cc8-3e6ab4c8d128','9a747878-0b45-490f-8dff-35c5a247d589',9,'{\"en\":\"Classic Leather Boots - (Size) 8\",\"hu\":\"Classic Leather Boots - (Size) 8\",\"de\":\"Klassische Lederstiefel - (Gr\\u00f6\\u00dfe) 8\",\"fr\":\"Bottes en cuir classiques - (Taille) 8\"}',27.99,27.99,251.91,251.91,0.00,0.00,0,NULL,NULL,'eleanor-holmes-lake-henry-classic-leather-boots',NULL),('9a747887-7fbc-489d-8d7f-eb70439670be','2023-10-25 16:11:26','2023-10-25 16:11:30','9a747882-4576-4877-aca8-116d545a99f7','9a74781f-10cc-4cac-aa74-c373841f91c5','9a747875-6d9a-4214-b414-5ce7816e4eea',10,'{\"en\":\"Sporty Ankle Socks - (Size) 9\",\"hu\":\"Sporty Ankle Socks - (Size) 9\",\"de\":\"Sportliche S\\u00f6ckchen - (Gr\\u00f6\\u00dfe) 9\",\"fr\":\"Socquettes sportives - (Taille) 9\"}',14.50,14.50,145.00,145.00,0.00,0.00,0,NULL,NULL,'eleanor-holmes-lake-henry-sporty-ankle-socks-1',NULL),('9a747887-8919-425d-ba1b-522c9ed53589','2023-10-25 16:11:26','2023-10-25 16:11:30','9a747882-4576-4877-aca8-116d545a99f7','9a747849-2324-4c87-8812-df0d42b72937','9a747878-9628-4ac9-98ad-8f1d471f32e9',9,'{\"en\":\"Classic Canvas Sneakers - (Size) 9\",\"hu\":\"Classic Canvas Sneakers - (Size) 9\",\"de\":\"Klassische Canvas-Sneaker - (Gr\\u00f6\\u00dfe) 9\",\"fr\":\"Baskets classiques en toile - (Taille) 9\"}',22.50,22.50,202.50,202.50,0.00,0.00,0,NULL,NULL,'eleanor-holmes-lake-henry-classic-canvas-sneakers',NULL),('9a747887-9055-49ad-baa7-772fd267c9d7','2023-10-25 16:11:26','2023-10-25 16:11:30','9a747882-4576-4877-aca8-116d545a99f7','9a74786a-8a10-4faf-93d8-24010007d01d',NULL,4,'{\"en\":\"Beaded Charm Bracelet\",\"de\":\"Perlenarmband\",\"fr\":\"Bracelet \\u00e0 breloques perl\\u00e9\"}',24.99,22.99,99.96,91.96,2.00,8.00,0,NULL,NULL,'eleanor-holmes-lake-henry-beaded-charm-bracelet',NULL),('9a747887-989d-4276-abe1-02107ece7e73','2023-10-25 16:11:26','2023-10-25 16:11:30','9a747882-4576-4877-aca8-116d545a99f7','9a747837-fd5e-4cf2-85b4-63a666a3436a','9a747870-413f-41ed-9e62-8368628d3216',10,'{\"en\":\"Classic Leather Loafers - (Size) 8.5, (Colour) Dark Green\",\"hu\":\"Classic Leather Loafers - (Size) 8.5, (Colour) Dark Green\",\"de\":\"Klassische Leder-Loafer - (Gr\\u00f6\\u00dfe) 8.5, (Farbe) Dunkelgr\\u00fcn\",\"fr\":\"Mocassins classiques en cuir - (Taille) 8.5, (Couleur) Vert fonc\\u00e9\"}',29.99,29.99,299.90,299.90,0.00,0.00,0,NULL,NULL,'eleanor-holmes-lake-henry-classic-leather-loafers',NULL),('9a747887-a1da-4c42-8c11-e66a03988e5b','2023-10-25 16:11:26','2023-10-25 16:11:30','9a747882-4576-4877-aca8-116d545a99f7','9a74783b-cf57-4103-8c03-8cf70613a692','9a747877-8d6d-47f8-94e1-b8261418eb05',1,'{\"en\":\"Fashion Slip-On Loafers - (Size) 10\",\"hu\":\"Fashion Slip-On Loafers - (Size) 10\",\"de\":\"Modische Slip-On-Loafer - (Gr\\u00f6\\u00dfe) 10\",\"fr\":\"Mocassins \\u00e0 la mode \\u00e0 enfiler - (Taille) dix\"}',29.99,29.99,29.99,29.99,0.00,0.00,0,NULL,NULL,'eleanor-holmes-lake-henry-fashion-slip-on-loafers',NULL),('9a747887-a977-4aec-818d-10a875775bd0','2023-10-25 16:11:26','2023-10-25 16:11:30','9a747882-4576-4877-aca8-116d545a99f7','9a747867-23c5-4a3f-b71e-344103911407',NULL,8,'{\"en\":\"Leather Cuff Bracelet\",\"de\":\"Manschettenarmband aus Leder\",\"fr\":\"Bracelet manchette en cuir\"}',18.99,16.99,151.92,135.92,2.00,16.00,0,NULL,NULL,'eleanor-holmes-lake-henry-leather-cuff-bracelet',NULL),('9a747887-b2bb-4773-b195-9e38d30e6472','2023-10-25 16:11:26','2023-10-25 16:11:30','9a747882-4576-4877-aca8-116d545a99f7','9a747811-89af-4477-b351-11ee1cfd0b9b','9a747874-8cdf-49bf-95cf-504bd2288899',8,'{\"en\":\"Floral Midi Skirt - (Size) L\",\"hu\":\"Floral Midi Skirt - (Size) L\",\"de\":\"Gebl\\u00fcmter Midirock - (Gr\\u00f6\\u00dfe) L\",\"fr\":\"Jupe mi-longue fleurie - (Taille) L\"}',22.99,22.99,183.92,183.92,0.00,0.00,0,NULL,NULL,'eleanor-holmes-lake-henry-floral-midi-skirt',NULL),('9a747887-bb6d-4c4d-831f-abdf6831a3ae','2023-10-25 16:11:26','2023-10-25 16:11:30','9a747882-4b53-43ce-aef4-8338b2152402','9a74781b-ba63-4202-92e7-d594c03b5ed8','9a747875-24f7-44a8-8a14-7f4f3abea286',7,'{\"en\":\"Sporty Track Pants - (Size) XS\",\"hu\":\"Sporty Track Pants - (Size) XS\",\"de\":\"Sportliche Trainingshose - (Gr\\u00f6\\u00dfe) XS\",\"fr\":\"Pantalon de surv\\u00eatement sportif - (Taille) XS\"}',22.99,22.99,160.93,160.93,0.00,0.00,0,NULL,NULL,'gavin-holmes-beckyborough-sporty-track-pants-1',NULL),('9a747887-c2c8-4c53-82d3-2559ae7c39c3','2023-10-25 16:11:26','2023-10-25 16:11:30','9a747882-4b53-43ce-aef4-8338b2152402','9a747867-23c5-4a3f-b71e-344103911407',NULL,5,'{\"en\":\"Leather Cuff Bracelet\",\"de\":\"Manschettenarmband aus Leder\",\"fr\":\"Bracelet manchette en cuir\"}',18.99,16.99,94.95,84.95,2.00,10.00,0,NULL,NULL,'gavin-holmes-beckyborough-leather-cuff-bracelet',NULL),('9a747887-ca30-4466-97ed-10fc3ac4db9f','2023-10-25 16:11:26','2023-10-25 16:11:30','9a747882-4b53-43ce-aef4-8338b2152402','9a747818-5355-407e-b0c3-a0b1f5b8086a','9a747874-f5b9-4695-81e0-6cc76585d468',5,'{\"en\":\"Classic Dress Trousers - (Size) XS\",\"hu\":\"Classic Dress Trousers - (Size) XS\",\"de\":\"Klassische Anzughose - (Gr\\u00f6\\u00dfe) XS\",\"fr\":\"Pantalon habill\\u00e9 classique - (Taille) XS\"}',29.99,29.99,149.95,149.95,0.00,0.00,0,NULL,NULL,'gavin-holmes-beckyborough-classic-dress-trousers-1',NULL),('9a747887-d269-46fe-a4fe-f6296993b8fd','2023-10-25 16:11:26','2023-10-25 16:11:30','9a747882-4b53-43ce-aef4-8338b2152402','9a74782c-e18a-4cbe-ac40-3290e193835b','9a74786c-182a-4a39-8b63-7080d1a1437f',1,'{\"en\":\"Classic Ankle Boots - (Size) 9, (Colour) Midnight Blue\",\"hu\":\"Classic Ankle Boots - (Size) 9, (Colour) Midnight Blue\",\"de\":\"Klassische Stiefeletten - (Gr\\u00f6\\u00dfe) 9, (Farbe) Mitternachtsblau\",\"fr\":\"Bottines classiques - (Taille) 9, (Couleur) Bleu nuit\"}',27.95,27.95,27.95,27.95,0.00,0.00,0,NULL,NULL,'gavin-holmes-beckyborough-classic-ankle-boots',NULL),('9a747887-db04-4865-983c-dcedec2b8153','2023-10-25 16:11:26','2023-10-25 16:11:30','9a747882-4b53-43ce-aef4-8338b2152402','9a747809-b1c9-4f86-a887-d19fe25ff2d1','9a747874-336f-4de9-8d1e-d4793b091f3a',2,'{\"en\":\"Sporty Performance Polo - (Size) M\",\"hu\":\"Sporty Performance Polo - (Size) M\",\"de\":\"Sportliches Performance-Polo - (Gr\\u00f6\\u00dfe) M\",\"fr\":\"Polo de performance sportive - (Taille) M\"}',19.50,19.50,39.00,39.00,0.00,0.00,0,NULL,NULL,'gavin-holmes-beckyborough-sporty-performance-polo',NULL),('9a747887-e361-4cb5-9780-c9259cb8f5cc','2023-10-25 16:11:26','2023-10-25 16:11:30','9a747882-4b53-43ce-aef4-8338b2152402','9a747842-6a35-4a29-9cc8-3e6ab4c8d128','9a747878-2cb0-4807-8457-15643d1516c9',4,'{\"en\":\"Classic Leather Boots - (Size) 10\",\"hu\":\"Classic Leather Boots - (Size) 10\",\"de\":\"Klassische Lederstiefel - (Gr\\u00f6\\u00dfe) 10\",\"fr\":\"Bottes en cuir classiques - (Taille) dix\"}',27.99,27.99,111.96,111.96,0.00,0.00,0,NULL,NULL,'gavin-holmes-beckyborough-classic-leather-boots',NULL),('9a747887-ea3a-45e5-839b-47f4611f7c18','2023-10-25 16:11:26','2023-10-25 16:11:30','9a747882-4b53-43ce-aef4-8338b2152402','9a747855-3cdd-4ee0-b980-992ff94eaa1b',NULL,8,'{\"en\":\"Statement Tassel Earrings\",\"de\":\"Statement-Quastenohrringe\",\"fr\":\"Boucles d&#39;oreilles \\u00e0 pampilles tendance\"}',24.99,24.99,199.92,199.92,0.00,0.00,0,NULL,NULL,'gavin-holmes-beckyborough-statement-tassel-earrings',NULL),('9a747887-f26d-4bc5-b267-1e25bb04b6fa','2023-10-25 16:11:26','2023-10-25 16:11:30','9a747882-4b53-43ce-aef4-8338b2152402','9a747824-1d85-4967-aa32-7c06af994493','9a74786e-fa84-4c84-9610-c036d2670f36',1,'{\"en\":\"Sporty Running Sneakers - (Size) 8, (Colour) Bright Green\",\"hu\":\"Sporty Running Sneakers - (Size) 8, (Colour) Bright Green\",\"de\":\"Sportliche Laufsneaker - (Gr\\u00f6\\u00dfe) 8, (Farbe) Hellgr\\u00fcn\",\"fr\":\"Baskets de course sportives - (Taille) 8, (Couleur) Vert clair\"}',27.95,27.95,27.95,27.95,0.00,0.00,0,NULL,NULL,'gavin-holmes-beckyborough-sporty-running-sneakers',NULL),('9a747887-fb4c-41af-b81c-2b113a62e473','2023-10-25 16:11:26','2023-10-25 16:11:30','9a747882-5e3c-4b5d-96f4-609f8fe8b7b3','9a747842-6a35-4a29-9cc8-3e6ab4c8d128','9a747878-2cb0-4807-8457-15643d1516c9',5,'{\"en\":\"Classic Leather Boots - (Size) 10\",\"hu\":\"Classic Leather Boots - (Size) 10\",\"de\":\"Klassische Lederstiefel - (Gr\\u00f6\\u00dfe) 10\",\"fr\":\"Bottes en cuir classiques - (Taille) dix\"}',27.99,27.99,139.95,139.95,0.00,0.00,0,NULL,NULL,'ashley-shaw-karlborough-classic-leather-boots',NULL),('9a747888-031d-41ec-8d0f-e0dde3ae1b43','2023-10-25 16:11:26','2023-10-25 16:11:30','9a747882-5e3c-4b5d-96f4-609f8fe8b7b3','9a74786a-8a10-4faf-93d8-24010007d01d',NULL,10,'{\"en\":\"Beaded Charm Bracelet\",\"de\":\"Perlenarmband\",\"fr\":\"Bracelet \\u00e0 breloques perl\\u00e9\"}',24.99,22.99,249.90,229.90,2.00,20.00,0,NULL,NULL,'ashley-shaw-karlborough-beaded-charm-bracelet',NULL),('9a747888-0cfb-4858-9cf0-c646401073b7','2023-10-25 16:11:26','2023-10-25 16:11:30','9a747882-5e3c-4b5d-96f4-609f8fe8b7b3','9a74780d-d674-4712-aaa2-87e907ee492c','9a74786e-e1a3-4276-84f7-8e73cd5b080a',3,'{\"en\":\"Elegant A-Line Skirt - (Size) M, (Colour) Midnight Blue\",\"hu\":\"Elegant A-Line Skirt - (Size) M, (Colour) Midnight Blue\",\"de\":\"Eleganter A-Linien-Rock - (Gr\\u00f6\\u00dfe) M, (Farbe) Mitternachtsblau\",\"fr\":\"Jupe trap\\u00e8ze \\u00e9l\\u00e9gante - (Taille) M, (Couleur) Bleu nuit\"}',28.99,28.99,86.97,86.97,0.00,0.00,0,NULL,NULL,'ashley-shaw-karlborough-elegant-a-line-skirt',NULL),('9a747888-1574-4691-853d-184bb7351a4e','2023-10-25 16:11:26','2023-10-25 16:11:30','9a747882-5e3c-4b5d-96f4-609f8fe8b7b3','9a747824-1d85-4967-aa32-7c06af994493','9a74786f-225f-4c35-a5f7-6d31bb2dd4e2',1,'{\"en\":\"Sporty Running Sneakers - (Size) 8, (Colour) Bright Red\",\"hu\":\"Sporty Running Sneakers - (Size) 8, (Colour) Bright Red\",\"de\":\"Sportliche Laufsneaker - (Gr\\u00f6\\u00dfe) 8, (Farbe) Hellrot\",\"fr\":\"Baskets de course sportives - (Taille) 8, (Couleur) Rouge vif\"}',27.95,27.95,27.95,27.95,0.00,0.00,0,NULL,NULL,'ashley-shaw-karlborough-sporty-running-sneakers',NULL),('9a747888-1e50-4bb3-a7ac-c7079548cadc','2023-10-25 16:11:26','2023-10-25 16:11:30','9a747882-5e3c-4b5d-96f4-609f8fe8b7b3','9a7477f5-8cfb-44d7-b099-c3222c1d589b','9a747872-5b5a-4076-a0b5-d09497ef2c8f',1,'{\"en\":\"Casual Checkered Shirt - (Size) S\",\"hu\":\"Casual Checkered Shirt - (Size) S\",\"de\":\"L\\u00e4ssiges Karohemd - (Gr\\u00f6\\u00dfe) S\",\"fr\":\"Chemise \\u00e0 carreaux d\\u00e9contract\\u00e9e - (Taille) S\"}',24.99,24.99,24.99,24.99,0.00,0.00,0,NULL,NULL,'ashley-shaw-karlborough-casual-checkered-shirt',NULL),('9a747888-274c-492e-8a0d-a93492dea419','2023-10-25 16:11:26','2023-10-25 16:11:30','9a747882-5e3c-4b5d-96f4-609f8fe8b7b3','9a74783b-cf57-4103-8c03-8cf70613a692','9a747877-6c76-44ff-aa0b-f96534ebaa43',7,'{\"en\":\"Fashion Slip-On Loafers - (Size) 8\",\"hu\":\"Fashion Slip-On Loafers - (Size) 8\",\"de\":\"Modische Slip-On-Loafer - (Gr\\u00f6\\u00dfe) 8\",\"fr\":\"Mocassins \\u00e0 la mode \\u00e0 enfiler - (Taille) 8\"}',29.99,29.99,209.93,209.93,0.00,0.00,0,NULL,NULL,'ashley-shaw-karlborough-fashion-slip-on-loafers',NULL);
/*!40000 ALTER TABLE `order_product` ENABLE KEYS */;
UNLOCK TABLES;

--
-- Table structure for table `orders`
--

DROP TABLE IF EXISTS `orders`;
/*!40101 SET @saved_cs_client     = @@character_set_client */;
/*!50503 SET character_set_client = utf8mb4 */;
CREATE TABLE `orders` (
  `id` char(36) COLLATE utf8mb4_unicode_ci NOT NULL,
  `address_id` char(36) COLLATE utf8mb4_unicode_ci NOT NULL,
  `user_id` char(36) COLLATE utf8mb4_unicode_ci DEFAULT NULL,
  `delivery_type_id` char(36) COLLATE utf8mb4_unicode_ci DEFAULT NULL,
  `voucher_code_id` char(36) COLLATE utf8mb4_unicode_ci DEFAULT NULL,
  `original_price` decimal(8,2) unsigned NOT NULL DEFAULT '0.00',
  `subtotal` decimal(8,2) unsigned NOT NULL DEFAULT '0.00',
  `total_price` decimal(8,2) unsigned NOT NULL DEFAULT '0.00',
  `total_discount` decimal(8,2) unsigned NOT NULL DEFAULT '0.00',
  `delivery_cost` decimal(8,2) unsigned NOT NULL DEFAULT '0.00',
  `currency_code` varchar(255) COLLATE utf8mb4_unicode_ci NOT NULL DEFAULT 'GBP',
  `status` int NOT NULL DEFAULT '1',
  `slug` varchar(255) COLLATE utf8mb4_unicode_ci NOT NULL,
  `deleted_at` timestamp NULL DEFAULT NULL,
  `created_at` timestamp NULL DEFAULT NULL,
  `updated_at` timestamp NULL DEFAULT NULL,
  PRIMARY KEY (`id`),
  KEY `orders_address_id_foreign` (`address_id`),
  KEY `orders_user_id_foreign` (`user_id`),
  KEY `orders_delivery_type_id_foreign` (`delivery_type_id`),
  KEY `orders_voucher_code_id_foreign` (`voucher_code_id`),
  CONSTRAINT `orders_address_id_foreign` FOREIGN KEY (`address_id`) REFERENCES `addresses` (`id`),
  CONSTRAINT `orders_delivery_type_id_foreign` FOREIGN KEY (`delivery_type_id`) REFERENCES `delivery_types` (`id`),
  CONSTRAINT `orders_user_id_foreign` FOREIGN KEY (`user_id`) REFERENCES `users` (`id`),
  CONSTRAINT `orders_voucher_code_id_foreign` FOREIGN KEY (`voucher_code_id`) REFERENCES `voucher_codes` (`id`)
) ENGINE=InnoDB DEFAULT CHARSET=utf8mb4 COLLATE=utf8mb4_unicode_ci;
/*!40101 SET character_set_client = @saved_cs_client */;

--
-- Dumping data for table `orders`
--

LOCK TABLES `orders` WRITE;
/*!40000 ALTER TABLE `orders` DISABLE KEYS */;
INSERT INTO `orders` VALUES ('9a747881-e7c4-43a8-87b7-efd7923f2057','9a747881-cf0e-4a89-85bd-3fc24d7cf61d','9a7477c8-25ff-4d98-bbe7-890b083f96ce','9a7477e9-1e1e-4ea6-becf-bd12ec656953',NULL,1632.08,1632.08,1635.07,0.00,2.99,'GBP',6,'mr-roland-treiber-lillyfort',NULL,'2023-10-25 16:11:26','2023-10-25 16:11:27'),('9a747881-f6e7-454c-a22b-06beab1de90b','9a747881-bf48-4af2-8446-35098bedcb53','9a7477c7-7ead-4c61-9d86-2080d2ddf454','9a7477e9-bb89-4f55-b993-a5b1192b65d7','9a7477e7-b7e3-4398-a928-21499757b2a3',497.91,497.91,455.31,42.60,7.99,'GBP',2,'gavin-holmes-alisonhaven',NULL,'2023-10-25 16:11:26','2023-10-25 16:11:27'),('9a747881-fee5-4356-861a-2ed25479431b','9a747881-b307-4056-be3e-544936377f45','9a7477c6-d69d-4b04-8ae0-ba3c2032eb07','9a7477e9-bb89-4f55-b993-a5b1192b65d7',NULL,1897.63,1861.63,1869.62,28.01,7.99,'GBP',6,'jackson-khan-new-sashachester',NULL,'2023-10-25 16:11:26','2023-10-25 16:11:27'),('9a747882-093c-4161-9610-db22d3f9064e','9a747881-b83e-48ee-b583-21b5d65746ae','9a7477c7-1ec4-450c-b612-c3e1d0d36f17','9a7477e8-7807-4398-9376-bb498dad45e4','9a7477e7-b27a-4739-be79-c854a2c02908',968.18,954.18,952.18,16.00,0.00,'GBP',1,'florence-cox-eileenport',NULL,'2023-10-25 16:11:26','2023-10-25 16:11:27'),('9a747882-10a3-40e0-b700-4e2b53b674b2','9a747881-b105-4b19-ab55-f1a85dd95b3f','9a7477c6-bbd4-4684-b36d-e261bae399ac','9a7477e9-1e1e-4ea6-becf-bd12ec656953','9a7477e7-b459-4207-91e8-90d44e67f9aa',1732.51,1708.51,1625.93,106.58,2.99,'GBP',6,'alice-cooper-port-sofia',NULL,'2023-10-25 16:11:26','2023-10-25 16:11:28'),('9a747882-18f1-47df-9200-ecc0c8135489','9a747881-bf48-4af2-8446-35098bedcb53','9a7477c7-7ead-4c61-9d86-2080d2ddf454','9a7477e9-bb89-4f55-b993-a5b1192b65d7','9a7477e7-b637-48d5-aa8e-f3bc1573f9c5',841.17,827.17,772.52,68.65,7.99,'GBP',4,'gavin-holmes-alisonhaven-1',NULL,'2023-10-25 16:11:26','2023-10-25 16:11:28'),('9a747882-2072-4eb9-bb8e-2929f7298682','9a747881-c2b5-4404-8025-c087631e712f','9a7477c7-969d-4b87-952e-a426043095ae','9a7477e9-1e1e-4ea6-becf-bd12ec656953',NULL,1568.59,1562.59,1565.58,3.01,2.99,'GBP',4,'lucy-martin-south-tonyshire',NULL,'2023-10-25 16:11:26','2023-10-25 16:11:28'),('9a747882-27cb-4fa6-bf92-bdae316578fb','9a747881-cd46-40f9-899b-63353fe7ba54','9a7477c8-25ff-4d98-bbe7-890b083f96ce','9a7477eb-0a2e-4c01-a9bd-0ffb4aa61580','9a7477e7-b27a-4739-be79-c854a2c02908',2594.17,2544.17,2554.16,40.01,11.99,'GBP',3,'mr-roland-treiber-port-gordonmouth',NULL,'2023-10-25 16:11:26','2023-10-25 16:11:28'),('9a747882-2d68-4801-ab38-b9c205278e15','9a747881-bd6c-47d6-b527-6eae46bf5bf2','9a7477c7-667a-4918-a02c-4319b5591f4c','9a7477e8-7807-4398-9376-bb498dad45e4',NULL,1897.49,1867.49,1867.49,30.00,0.00,'GBP',6,'jordan-adams-cooperview',NULL,'2023-10-25 16:11:26','2023-10-25 16:11:29'),('9a747882-341c-4de6-a3c2-c86c477779fe','9a747881-c65d-4b51-ba76-1eeb8a9c1729','9a7477c7-c67a-4f01-9724-83c4cd0f8d49','9a7477e8-7807-4398-9376-bb498dad45e4',NULL,2610.98,2604.98,2604.98,6.00,0.00,'GBP',4,'tiffany-roberts-russellland',NULL,'2023-10-25 16:11:26','2023-10-25 16:11:29'),('9a747882-3991-4eba-8f05-406630dd2276','9a747881-cd46-40f9-899b-63353fe7ba54','9a7477c8-25ff-4d98-bbe7-890b083f96ce','9a7477e9-bb89-4f55-b993-a5b1192b65d7',NULL,1310.06,1280.06,1288.05,22.01,7.99,'GBP',6,'mr-roland-treiber-port-gordonmouth-1',NULL,'2023-10-25 16:11:26','2023-10-25 16:11:29'),('9a747882-3f94-4815-b16b-98827d7ba10d','9a747881-b105-4b19-ab55-f1a85dd95b3f','9a7477c6-bbd4-4684-b36d-e261bae399ac','9a7477e9-bb89-4f55-b993-a5b1192b65d7',NULL,2063.97,2057.97,2065.96,0.00,7.99,'GBP',2,'alice-cooper-port-sofia-1',NULL,'2023-10-25 16:11:26','2023-10-25 16:11:30'),('9a747882-4576-4877-aca8-116d545a99f7','9a747881-b4ab-431a-be18-e03176fb2d67','9a7477c6-ee5e-48b5-95f4-9d8a18c386d4','9a7477e8-7807-4398-9376-bb498dad45e4',NULL,2466.06,2434.06,2434.06,32.00,0.00,'GBP',4,'eleanor-holmes-lake-henry',NULL,'2023-10-25 16:11:26','2023-10-25 16:11:30'),('9a747882-4b53-43ce-aef4-8338b2152402','9a747881-c0f6-45ea-8c0d-03fec7380979','9a7477c7-7ead-4c61-9d86-2080d2ddf454','9a7477e9-1e1e-4ea6-becf-bd12ec656953',NULL,812.61,802.61,805.60,7.01,2.99,'GBP',6,'gavin-holmes-beckyborough',NULL,'2023-10-25 16:11:26','2023-10-25 16:11:30'),('9a747882-5e3c-4b5d-96f4-609f8fe8b7b3','9a747881-c46f-4913-9521-a4f5ce45ad68','9a7477c7-ae56-44de-b2df-b5460720ed54','9a7477e9-1e1e-4ea6-becf-bd12ec656953','9a7477e7-b459-4207-91e8-90d44e67f9aa',739.69,719.69,686.55,53.14,2.99,'GBP',5,'ashley-shaw-karlborough',NULL,'2023-10-25 16:11:26','2023-10-25 16:11:30');
/*!40000 ALTER TABLE `orders` ENABLE KEYS */;
UNLOCK TABLES;

--
-- Table structure for table `paid_file_contents`
--

DROP TABLE IF EXISTS `paid_file_contents`;
/*!40101 SET @saved_cs_client     = @@character_set_client */;
/*!50503 SET character_set_client = utf8mb4 */;
CREATE TABLE `paid_file_contents` (
  `id` char(36) COLLATE utf8mb4_unicode_ci NOT NULL,
  `url` varchar(255) COLLATE utf8mb4_unicode_ci NOT NULL,
  `original_file_name` varchar(255) COLLATE utf8mb4_unicode_ci NOT NULL,
  `file_name` varchar(255) COLLATE utf8mb4_unicode_ci NOT NULL,
  `fileable_type` varchar(255) COLLATE utf8mb4_unicode_ci NOT NULL,
  `fileable_id` char(36) COLLATE utf8mb4_unicode_ci NOT NULL,
  `title` text COLLATE utf8mb4_unicode_ci,
  `description` text COLLATE utf8mb4_unicode_ci,
  `size` varchar(50) COLLATE utf8mb4_unicode_ci DEFAULT NULL,
  `type` tinyint NOT NULL DEFAULT '1',
  `created_at` timestamp NULL DEFAULT NULL,
  `updated_at` timestamp NULL DEFAULT NULL,
  PRIMARY KEY (`id`),
  KEY `paid_file_contents_fileable_type_fileable_id_index` (`fileable_type`,`fileable_id`)
) ENGINE=InnoDB DEFAULT CHARSET=utf8mb4 COLLATE=utf8mb4_unicode_ci;
/*!40101 SET character_set_client = @saved_cs_client */;

--
-- Dumping data for table `paid_file_contents`
--

LOCK TABLES `paid_file_contents` WRITE;
/*!40000 ALTER TABLE `paid_file_contents` DISABLE KEYS */;
/*!40000 ALTER TABLE `paid_file_contents` ENABLE KEYS */;
UNLOCK TABLES;

--
-- Table structure for table `password_reset_tokens`
--

DROP TABLE IF EXISTS `password_reset_tokens`;
/*!40101 SET @saved_cs_client     = @@character_set_client */;
/*!50503 SET character_set_client = utf8mb4 */;
CREATE TABLE `password_reset_tokens` (
  `id` bigint unsigned NOT NULL AUTO_INCREMENT,
  `email` varchar(255) COLLATE utf8mb4_unicode_ci NOT NULL,
  `token` varchar(255) COLLATE utf8mb4_unicode_ci NOT NULL,
  `created_at` timestamp NULL DEFAULT NULL,
  `updated_at` timestamp NULL DEFAULT NULL,
  PRIMARY KEY (`id`),
  KEY `password_resets_email_index` (`email`)
) ENGINE=InnoDB DEFAULT CHARSET=utf8mb4 COLLATE=utf8mb4_unicode_ci;
/*!40101 SET character_set_client = @saved_cs_client */;

--
-- Dumping data for table `password_reset_tokens`
--

LOCK TABLES `password_reset_tokens` WRITE;
/*!40000 ALTER TABLE `password_reset_tokens` DISABLE KEYS */;
/*!40000 ALTER TABLE `password_reset_tokens` ENABLE KEYS */;
UNLOCK TABLES;

--
-- Table structure for table `payment_provider_configs`
--

DROP TABLE IF EXISTS `payment_provider_configs`;
/*!40101 SET @saved_cs_client     = @@character_set_client */;
/*!50503 SET character_set_client = utf8mb4 */;
CREATE TABLE `payment_provider_configs` (
  `id` bigint unsigned NOT NULL AUTO_INCREMENT,
  `payment_provider_id` bigint unsigned NOT NULL,
  `setting` varchar(255) COLLATE utf8mb4_unicode_ci NOT NULL,
  `value` varchar(255) COLLATE utf8mb4_unicode_ci DEFAULT NULL,
  `test_value` varchar(255) COLLATE utf8mb4_unicode_ci DEFAULT NULL,
  `public` tinyint(1) NOT NULL DEFAULT '0',
  `created_at` timestamp NULL DEFAULT NULL,
  `updated_at` timestamp NULL DEFAULT NULL,
  PRIMARY KEY (`id`),
  KEY `payment_provider_configs_payment_provider_id_foreign` (`payment_provider_id`),
  CONSTRAINT `payment_provider_configs_payment_provider_id_foreign` FOREIGN KEY (`payment_provider_id`) REFERENCES `payment_providers` (`id`) ON DELETE CASCADE
) ENGINE=InnoDB DEFAULT CHARSET=utf8mb4 COLLATE=utf8mb4_unicode_ci;
/*!40101 SET character_set_client = @saved_cs_client */;

--
-- Dumping data for table `payment_provider_configs`
--

LOCK TABLES `payment_provider_configs` WRITE;
/*!40000 ALTER TABLE `payment_provider_configs` DISABLE KEYS */;
/*!40000 ALTER TABLE `payment_provider_configs` ENABLE KEYS */;
UNLOCK TABLES;

--
-- Table structure for table `payment_providers`
--

DROP TABLE IF EXISTS `payment_providers`;
/*!40101 SET @saved_cs_client     = @@character_set_client */;
/*!50503 SET character_set_client = utf8mb4 */;
CREATE TABLE `payment_providers` (
  `id` bigint unsigned NOT NULL AUTO_INCREMENT,
  `name` varchar(255) COLLATE utf8mb4_unicode_ci NOT NULL,
  `enabled` tinyint(1) NOT NULL DEFAULT '0',
  `test_mode` tinyint(1) NOT NULL DEFAULT '1',
  `created_at` timestamp NULL DEFAULT NULL,
  `updated_at` timestamp NULL DEFAULT NULL,
  PRIMARY KEY (`id`),
  UNIQUE KEY `payment_providers_name_unique` (`name`)
) ENGINE=InnoDB AUTO_INCREMENT=4 DEFAULT CHARSET=utf8mb4 COLLATE=utf8mb4_unicode_ci;
/*!40101 SET character_set_client = @saved_cs_client */;

--
-- Dumping data for table `payment_providers`
--

LOCK TABLES `payment_providers` WRITE;
/*!40000 ALTER TABLE `payment_providers` DISABLE KEYS */;
INSERT INTO `payment_providers` VALUES (1,'paypal',1,1,'2023-10-25 16:09:22','2023-10-25 16:09:22'),(2,'stripe',1,1,'2023-10-25 16:09:22','2023-10-25 16:09:22'),(3,'amazon',1,1,'2023-10-25 16:09:22','2023-10-25 16:09:22');
/*!40000 ALTER TABLE `payment_providers` ENABLE KEYS */;
UNLOCK TABLES;

--
-- Table structure for table `payment_sources`
--

DROP TABLE IF EXISTS `payment_sources`;
/*!40101 SET @saved_cs_client     = @@character_set_client */;
/*!50503 SET character_set_client = utf8mb4 */;
CREATE TABLE `payment_sources` (
  `id` char(36) COLLATE utf8mb4_unicode_ci NOT NULL,
  `user_id` char(36) COLLATE utf8mb4_unicode_ci DEFAULT NULL,
  `name` varchar(100) COLLATE utf8mb4_unicode_ci NOT NULL,
  `slug` varchar(255) COLLATE utf8mb4_unicode_ci NOT NULL,
  `source_id` varchar(255) COLLATE utf8mb4_unicode_ci DEFAULT NULL,
  `exp_month` varchar(255) COLLATE utf8mb4_unicode_ci DEFAULT NULL,
  `exp_year` varchar(255) COLLATE utf8mb4_unicode_ci DEFAULT NULL,
  `last_four` varchar(255) COLLATE utf8mb4_unicode_ci DEFAULT NULL,
  `brand` varchar(255) COLLATE utf8mb4_unicode_ci DEFAULT NULL,
  `stripe_user_id` varchar(255) COLLATE utf8mb4_unicode_ci DEFAULT NULL,
  `payment_method_id` tinyint NOT NULL,
  `deleted_at` timestamp NULL DEFAULT NULL,
  `created_at` timestamp NULL DEFAULT NULL,
  `updated_at` timestamp NULL DEFAULT NULL,
  PRIMARY KEY (`id`),
  KEY `payment_sources_user_id_foreign` (`user_id`),
  CONSTRAINT `payment_sources_user_id_foreign` FOREIGN KEY (`user_id`) REFERENCES `users` (`id`) ON DELETE SET NULL
) ENGINE=InnoDB DEFAULT CHARSET=utf8mb4 COLLATE=utf8mb4_unicode_ci;
/*!40101 SET character_set_client = @saved_cs_client */;

--
-- Dumping data for table `payment_sources`
--

LOCK TABLES `payment_sources` WRITE;
/*!40000 ALTER TABLE `payment_sources` DISABLE KEYS */;
INSERT INTO `payment_sources` VALUES ('9a747881-d3ea-4ec9-90f1-88dddf910e08','9a7477c8-25ff-4d98-bbe7-890b083f96ce','sed eaque','treiber-sed-eaque','iut7Y6mFcjIHNtH9SwIpU5Ll6QxwR50yhurj35tdgd1HpVk6HSwB7OjKeMmjOySGNXpXvRaTIN1D8z3sW8714XxzmYg4cNXw5dwrtLjH45pwyN9kcLeRaeNyjpuVBNq4Giwh2Zf9knx68tsPBuC4zB','eyJpdiI6IlBMWDNocXBRTTNBQnA5b1lsenNtNGc9PSIsInZhbHVlIjoiYkhhRDB1SE03cjFxNEkyRVJCTXlkQT09IiwibWFjIjoiZDU2NDVlYmY4NjI2MTJhM2ZiMDMxYWJhYTM0ZjZkNjIzMGFkZWE5Mzk5ZDhhOWEzY2M5ODBlM2ZmODJjMDkyOCIsInRhZyI6IiJ9','eyJpdiI6InYwSFJtY1BIWk9oTnhYcGcydGEwekE9PSIsInZhbHVlIjoiUjlqTVhKWTU4cm11UnBhc0FFaUdCUT09IiwibWFjIjoiNDRkNWYwZjQ0ZTAwOTczZjdkYThiNzdkNmMxMmEyYzE4ZTMzMTQ4MTA4ZTYyMTU0YjY3ZDc3N2UyMzQzMmU4YSIsInRhZyI6IiJ9','eyJpdiI6IjVnYkJQY29KVk03dUdsL2VEUm1Ubmc9PSIsInZhbHVlIjoiWVRia0xxckVSVVJOSEYrSFpwVTlyQT09IiwibWFjIjoiODcxYjRjMTZiNjFhZTk5NjcwYTYzZTgxMGZlOWVhMjEzNjU4YTIyMWQ5OGY0NjYyM2QzYjc5YTAxZmEyYTIyZiIsInRhZyI6IiJ9','eyJpdiI6ImdpaGJHR1k3alV0eTh3TWg5Z1VxVkE9PSIsInZhbHVlIjoiNjVBVUIzUjcvQjhtZ1hHcmZiMkp1UT09IiwibWFjIjoiODBhN2RkNzRhNDkxNTAwYmY1OGY2MDQ0ZTc2YTI3NGFlZjk1ZmZlOTE0NzhmZTBiNDY2YjhiYjA3ZDI3ZWI1MyIsInRhZyI6IiJ9','dMJTT7kAHCPCJaw4xsDhdXQVEgqrRt29s5yU1kgY9nPa1q087UjiFUfVZPWaQQqnAg6RGYWSRFzLcDkCGCVWhETAfuGseCi3AAmY2K00ix7YCXnpExuabR9N',1,NULL,'2023-10-25 16:11:26','2023-10-25 16:11:26'),('9a747881-d5e7-45af-b4ad-7a6eb7a4e317','9a7477c7-7ead-4c61-9d86-2080d2ddf454','qui et','holmes-qui-et','3sgpFgsn5nuHG7DAsCnAvavFBNyzg29XIBfeDnlfuC6dxuvKaupaUmt7U7qTULXsGVNfTnVEocDmiHcRyn0rKaWSGmgR5hgriqEazr6i6zVrEySDGbmxT0KZO4yp2n3XH0pdn5Xr8FOAqXvGxyDWpf','eyJpdiI6Ii9WNVg0bGloVnd0U3g2eHBySGU3UHc9PSIsInZhbHVlIjoiQ0VGc0V6RmZiL1R6RSt3MituTUJLQT09IiwibWFjIjoiODFiODRlNWJmMDVkMGZiMWQ3ZGU0NGEyZWE4NmVlZDZjZjZjYTg4YzY0NWUxODFiYjEyOWE1YWEyNGIwNGJiYSIsInRhZyI6IiJ9','eyJpdiI6Ik84dWljYitqa0VtZXhYdXBxdkp3T2c9PSIsInZhbHVlIjoiUHorUEM4cnVXZVR2bnRyd0hIdU5iZz09IiwibWFjIjoiYjYyN2JiMjNjNzgwYjI2MGM1YzZhNDA1ZGYyZjhjMzU0OTQ3Mjk4N2IxMTNkY2Y2ZjFjNWExN2MzOGEwMWM3NCIsInRhZyI6IiJ9','eyJpdiI6IlhzdGxQenRxWjNFTDBuQUk2L1JkN2c9PSIsInZhbHVlIjoieEgxUHM1WExBZi9BWWJJaTl5aEpOQT09IiwibWFjIjoiZDkwYWQ3Mzk3NDU3ZjM4MjQ3MWU3YzJhOTFiZDcwMjYyOTU4MDUwZWFiYzgxNGU0ZTA5ZjdiMmI3YzA3ZWQ3MiIsInRhZyI6IiJ9','eyJpdiI6ImQ2cVMvQSt4TXNkS1duMEtmUzlWUlE9PSIsInZhbHVlIjoiak5oUFZlenNkSzhZQ004Vm9ZL3U4ckE3T2NrWFpwb0orcjdGWi85SnVwOD0iLCJtYWMiOiJhMzRmMjU1NjczNzIyODIzMzIzNDUwZjA1ZDViNzdhMmRlMzRhNGIwNGUzZDFmZDk1ODI1ZjQ3ZTlhNjJmYTI5IiwidGFnIjoiIn0=','e0nRpC2lXYKoLdhqiLqDuu8D8z3K37WPRs50ENXWj0gmZelrTXykgAyV0K1NwXto6qGIhnDIONqq6vYqNx2pdRruXJlrVmJdh9JdaRShrJdT1EWMYUy77Gf3',1,NULL,'2023-10-25 16:11:26','2023-10-25 16:11:26'),('9a747881-d7ce-4dde-8af4-8423f6facf20','9a7477c6-d69d-4b04-8ae0-ba3c2032eb07','enim tempora','khan-enim-tempora','NBgFo10HIRi89TwxbgIkjZgyUsWnQpZ9hLHOznS1EHTxXRKVDKNxeW41OFq6OTpotA7WLwDieu3HRKXlmxp00Dl9c9AY2yLCwECjShZfHaehZtdR7hhB4IOiXdgamIwo0xZZN5Vqe4aL3Q1M4bBM8G','eyJpdiI6Iml2ejJSQWRjM2JHLytiTU5aYys2Z1E9PSIsInZhbHVlIjoiSUJNdUJjYnp3NE5zL0hPT3ZWRW5GZz09IiwibWFjIjoiMjlkNjVmNjUwMGQ0NWM1NTU5ZDgzZTZkZTBhZTczNmZkMWQwNmZkMzNjNGEzNjlhNjliMTg5NDVkZTY0NmU1ZiIsInRhZyI6IiJ9','eyJpdiI6ImdJWmgxbkg1b0xNbzRWM0piWWgwd3c9PSIsInZhbHVlIjoicFgyRy9uNGtBSFRka2ZaU2o3WXJrUT09IiwibWFjIjoiNzg3NTkyN2U4YWQ4NzViZDlhY2Q2YjBlZTU3NzBmMmVkNzU0MzVhNzY4NjdkM2ZjM2M2MTUxMzI1N2U5MzJkMiIsInRhZyI6IiJ9','eyJpdiI6InFpdlhQZXA0S21ld3BEZlZXZ2RUV0E9PSIsInZhbHVlIjoiY0NLRE1jb1RXdlR3d3VNVzcyMGNSUT09IiwibWFjIjoiZmQxZTJjYzM1MWFlZTZhNzQxZjg5NDllZTIwYWNlOGJlYzQ2ODBkYjY3MzU0MGI4ODliZGMyMmI4YTczYTdkMiIsInRhZyI6IiJ9','eyJpdiI6IkQ3NDVtUjN2cW1kak9kQ29uM3dMY2c9PSIsInZhbHVlIjoibm9hYVBXLzNlbVZwd2Q5Ylg1T3p1dz09IiwibWFjIjoiNmI3ZmRiN2MwNTJmNWU3NDRkZjE2MzYwYzQ0YmE2ZmU2ZGFmZDE5ZjVjNWQyYjYxMzU0YTY1YzI3NDg4MWZhZSIsInRhZyI6IiJ9','cKMjLpXOwG7SdrcaPKRYJV2p7XLHStlhYDzBsU6WOYrDM610CXFk61co6I4SNg4JmqnBS5hZe2w3XZOoBrVxdd6kqXy0E8qGT1KADBDOOZ8x40dyDi7mvHKl',1,NULL,'2023-10-25 16:11:26','2023-10-25 16:11:26'),('9a747881-d99f-4650-ad1d-984bdd041792','9a7477c7-1ec4-450c-b612-c3e1d0d36f17','rem quam','cox-rem-quam','hP9fWVuTUCA16F4JSISdLuV4Gp4CzfLGco4aVs0mPyU6s6UaxeilLu3iP6SssWpFhO7qxXe6WsKEbuNoDR6JceXBUyMkj4HpK3Pku4dKt5Y2yInCqMNuHFk0t0liZzdLVI4ybjwEdiN3fTYZYwo508','eyJpdiI6IkRaaFBuRUlRR3hEYXhrcVU1UU5paXc9PSIsInZhbHVlIjoiM29qZnRYclpQbmRjUlhFTzE3dHBmZz09IiwibWFjIjoiMTZjNGI3OTU2ZTlkNTMxMGRjOWExNzY1MTkxOGZlOGFmYTkyODkxN2VjZjFiZTUzMTU2YTJiZTczYzZkYTYzOCIsInRhZyI6IiJ9','eyJpdiI6IjlqRUhPaE1QQ3ZBNnRKNUU2YTNHamc9PSIsInZhbHVlIjoibkJsZWFPbXZzUWpaYXhQb1NEQjdCdz09IiwibWFjIjoiMDQ4ZmY1MjA5NTU1ODMxY2VkNDM2ODZjOWZlNmNhYmU2YTRjNjkyMWIxOWRkM2E3MmVhZGM0MGQ4YTZhYmQxNyIsInRhZyI6IiJ9','eyJpdiI6InBmNWk3Tkg3WTNlelU3M3kyWEtrTUE9PSIsInZhbHVlIjoiK3hxU2dXTEJqVnhGd2pwRUJMYjRFZz09IiwibWFjIjoiODYwNWYxOGUwNTQzODA4NTc5MDM2MjU0ZWU2OWIwZTA0ZmVjNGQ2ZDQyZGM3ZWE1ZTBmZDQ0MmM0NzNmYTU2NSIsInRhZyI6IiJ9','eyJpdiI6IlJ1dDIyaDMwQTBMZEhHL24yTStiTFE9PSIsInZhbHVlIjoid2xWSlhrRmdjanhMcUFOU2Y2S1lIMTlxWkhhTkFSNEJCUS9xSHhYUmtoZz0iLCJtYWMiOiI0MjY5ZjJlOTAwMTMwYTMzNTgwYzQzNzJlYzc0NjViNmJiNDhhNzIwZjk0NTczYTM5Nzk4ZTc1ZjVlZDBjNTQ4IiwidGFnIjoiIn0=','fPJLADMKfzFVNMfCxZfH7f9dYUDLsHDTwNntMoKoV0LIxH2MC6mlp9ku1O1ivEWU9AoxJFe8nIGqNIvngni67fyws309FlGfykAwpc8z8Z4Y7LDM5jnwIeAo',1,NULL,'2023-10-25 16:11:26','2023-10-25 16:11:26'),('9a747881-db39-45b8-9b16-6e49368308c0','9a7477c6-bbd4-4684-b36d-e261bae399ac','nulla odit','cooper-nulla-odit','CkoLIBfxSHQlx6ZbeJ0YqaWGtq1OWXAOqpTo6G85eNi3SQ0UbvCIVOG75HTbeS57ffjznNOd9bHcSIn39kMKSzSCm52Ndw28MwUtK1xVxlH5ooiVHv3n5JcgmsESXJhJYYYSsCpTGREoaTVbEEU4Dt','eyJpdiI6IkNwa1JDTzc1RDRpOHhGOFQ3emJYa2c9PSIsInZhbHVlIjoidC9CMExpdHU5WW9lQW5WV2F0TzArUT09IiwibWFjIjoiMjI2OTQ0YjllNjcwMTA5ZWIwNTJhNTZlNTUzODQyYzI5MGNkMmEzYjUxZDEyMDIwYmIxYTQxMWU0YzkwNTNhNyIsInRhZyI6IiJ9','eyJpdiI6IjZ1TTVwckIxU0xrS0ZBcVNsZnhyVUE9PSIsInZhbHVlIjoiMXZINjlIWUpGZzY4YUYyMXo5eXdvQT09IiwibWFjIjoiNjFkNTk5MTcyMDk4YzZiMmRiMGMwZGQ1YWU1NGQ3Y2YwZTE3ZGMyMWFiMjdkZDM2NmUyY2VhZDMyZTE2MDAxYyIsInRhZyI6IiJ9','eyJpdiI6Ik0zZHBVSlRWYzBrZXBTTG9DL3RRd2c9PSIsInZhbHVlIjoiYlpiVzZvZkVQMGtFTXE1c1VQT05rQT09IiwibWFjIjoiZTNmZDM3NGM1NDVjZmI2MTk0Mjg3N2FmODQ0YTRhNDQ2ZTVhMTdkYTUyMjYxODJjOTk4MWM3ZGE1ZWFlZjhjYyIsInRhZyI6IiJ9','eyJpdiI6IjlwbDJUdDNTcmNLMjY2d083NnlnbUE9PSIsInZhbHVlIjoiVFdGdDZtZFFwdml3bnVZUldYT1RxUT09IiwibWFjIjoiZjBmNjNjOTA3YTk0MmQwMDFlN2Q0NzEwNTNkN2I5NmM4NjY4MDVlYjRjOWIwYTIxMjEyY2VhM2RmMzNkMzU0YiIsInRhZyI6IiJ9','6cTk4gl95vybPXrJlCRfumLn6gzYgW81mldDFIHQqnLy3EANa0wNizMHpqb6GncZb5HZi7wNM6iLqMNNcyk2h4wV0wDj4ydm9xgARpX2JeKtfK4gcQ8iNZCR',3,NULL,'2023-10-25 16:11:26','2023-10-25 16:11:26'),('9a747881-dcef-4604-adbb-2f4f650ea09d','9a7477c7-969d-4b87-952e-a426043095ae','aut incidunt','martin-aut-incidunt','4TaW6nlynwtEkcx54v4JqNI5WG986xvaQVlEYRyVSERFzfmUt8PL9r23OAFJVT07aX5Mfs7t3TlSvNrYgqy7VKRiDR6i1ChU3d9Z6jK1hkr45rhO79Htz5gG6c7bgdLctruTCQJPjXqkoca9qPttvh','eyJpdiI6ImNmZ0xjR21UeC9RQmZ0azBlUE13OGc9PSIsInZhbHVlIjoiU1JqQjN0b1JHYnNaK21nTkRyL3Zsdz09IiwibWFjIjoiZjc3MzNhZDI3MmY1NDczMWQyY2Q0MDZiYTZmM2I0MTBlOTY0ODFkNzBjMmYyNGYzMjQxOWY1YWQyMDkyNjEzMSIsInRhZyI6IiJ9','eyJpdiI6IlVHOTdzWFJpT2ZXTlk0MW9SeXVoSXc9PSIsInZhbHVlIjoiU3BjaHBaai9oeTdJeUUvWXFPVDhyUT09IiwibWFjIjoiMDNjN2Y0NGM4NGIxYzU2MDk5MDk3OGI2OWIzN2E4NmY3YmU5ZjBlMGJkMWQ1OWMxMmQwMDBjNjIzZGZlNzQ3MSIsInRhZyI6IiJ9','eyJpdiI6ImZQQmRjMXBpQ25ZL0U2YW8rbjRNL2c9PSIsInZhbHVlIjoiNlV2NDNpcTBKNjkyUU8zcjNtcUs1Zz09IiwibWFjIjoiNWFhMGZlYzYwOTI4ZDMyNjYzOGMxNjRiMWFlNGE1NzFjZmJkM2JhZTI3OWM5ZGY5ZDVmMDc2NDg4ZmIxYTQyMCIsInRhZyI6IiJ9','eyJpdiI6Im5ZcWY2R1gvWDlBRVpVUzVwMVczcHc9PSIsInZhbHVlIjoiNFFtR3pXZVdqQVlrRTNNdXJ5a0hLR0MvT04vREJaQmR6N1J0emlQV1oyYz0iLCJtYWMiOiI2OTA4NDg4YzRjMzkxNWRmN2U2NzYwNzE3NDUxYTA3ZDNjNWU1ZDIyMGEzZmZmMWM1YmUxNTU2ZTA2MDljMGE4IiwidGFnIjoiIn0=','x9pcX4ouOcEUdX97uwq4zV500th91PXO2il98uAAxgbCB7Fj66qXqviFzeN2RFI0oSX42GI8nKj6CXtFqqdZxk064jlRjtLWnePul5C4Bpx5cnQmpQLlyiYE',4,NULL,'2023-10-25 16:11:26','2023-10-25 16:11:26'),('9a747881-debe-4ff4-aa01-ef02becd81e7','9a7477c7-667a-4918-a02c-4319b5591f4c','impedit tempora','adams-impedit-tempora','nrjPaXiwSHJbkLa9A2FEZ3Pg4P0bKIEdOOi06TdD90TlvX3Ray14vgN2Yq3rbt5oqoOMTg2dL4WxOovbP3hk3VIAaoDs5qxnHvigHSPpjQCgOizYSvbIl3WD4bhfCt2TKpLqFPJrbPcVvwRCoepjWD','eyJpdiI6IisxdEtuN1EzNkJQQVJZUVpPQ01HZHc9PSIsInZhbHVlIjoiL1ZpZS9MRVYzcXE3QmxCZ2U2dWttdz09IiwibWFjIjoiMjhlNGUyYjgwMzhiMDkzZjc4MGExZjczMDI0Yjc0OTRjNWM1NzMzY2JhN2RjZjg4ZGRjNTQ5YTQwNjY3YTEwMSIsInRhZyI6IiJ9','eyJpdiI6ImM2WDNrQThxRi9aR1RCRFpxdFZodFE9PSIsInZhbHVlIjoiekRwRDVjbzNMdE93ZEl4Zk80OHBEZz09IiwibWFjIjoiYTE5OGFlNWM2NGFkMzI3MDg0ZmJjYWMyZDg2N2Y4NTdjYjYxZTdhNWFkZGE0YTg4MDRiNmQwZTczMGJmOTA0ZSIsInRhZyI6IiJ9','eyJpdiI6IkhleGZwQ3hSV0Q5cEJWQUpSbUMvVUE9PSIsInZhbHVlIjoiM3RicXprd25qZEVhN2dEV1NYNG15QT09IiwibWFjIjoiZjA4ZTZhMzY1YTQ1ZTA5M2UwMWM5ZDFlOGQ3OTk1M2NmMjk0MTViZWZhZmU5YTZjZTQxODljYjI2YzRjNzZlZSIsInRhZyI6IiJ9','eyJpdiI6IkxGN0VtUVhvTVdJN3ZuektDRjJMdUE9PSIsInZhbHVlIjoiOU1PVEdkNXZKOGh6dm9xRjZacVpvcHMvN09iTmNvSmxVTFZudkdQQzdKND0iLCJtYWMiOiIxYzY1MDY2MmJiZjQxZjQxODkwZjI3NzhmZDU4MjdkODAxNTA3MTViNTJhOTY0NWU0YzdmYzAwNTlmZTk5YmQ4IiwidGFnIjoiIn0=','t2xzfMnZBTaRdMqrwMYjJi3H8XbVSv1MDmL5z0m6q1uk5WW8nS7GkYG7faIIk7awaYJEPd2sIxTN6PJnw8AJ9odNyzw7z2zlUAsoqtKnrLPwOstrpVuiFhp1',3,NULL,'2023-10-25 16:11:26','2023-10-25 16:11:26'),('9a747881-e0c0-448e-a277-0e21279a8313','9a7477c7-c67a-4f01-9724-83c4cd0f8d49','est rerum','roberts-est-rerum','ghIBM45IZUKGFO8tipiuMbvKgvGKOUyAVRx3gHJIo9mjrGK5EVL3pIdLRdPPKVw5qUWnHUQRUPEeiSrliwiJDJABovEJwiqYfylOxzq5MeIS5ZiSRw2ISxl9v0yyfsGhG6nld7FYYlLBtxRAAbgEBJ','eyJpdiI6IllHVTA4WFVhZ3BKWnNySGY4MFdKOEE9PSIsInZhbHVlIjoiUUZyUWtkOHNVUWdMT0lRUmhJanh0Zz09IiwibWFjIjoiZDBlY2Q4N2NmNzA3MzYxMDM4MWJiY2Y1MjYyODJhZDBjZDlkMzMxMWU1MGRkMzEyNzI3ZTEyZGRlNGRkNTgwNSIsInRhZyI6IiJ9','eyJpdiI6IlBuSTRQbkVmbUVnTVQwUG5IZ2E4MkE9PSIsInZhbHVlIjoianlrN2d3SkRyRW4vWE90RnBkWU51Zz09IiwibWFjIjoiNjE4OWEwOGNiMjRiMGIwMTU1OGM1N2E2MmIyOGYzNjBiOWRkNWFkYmUzYTZmNjJjNmM1ZGUzOTVhMjgyMzI0ZSIsInRhZyI6IiJ9','eyJpdiI6Imh4V0JnNmZFTFltYXhMRENzQnJxRHc9PSIsInZhbHVlIjoiM3duTFh6S3VNNkR3U2F4MkYyTlBNdz09IiwibWFjIjoiN2I3NGY1YmRhOGM0NGZhNTc1NGUwYjY3MmZlZTYxNjkwOGFlMzYyNjYyZTk4YWZkZDVlNDRkZWU2ZGFjZGY0NCIsInRhZyI6IiJ9','eyJpdiI6IkZybnVlMG53aCtiV3ZTSmY2VW9ZaEE9PSIsInZhbHVlIjoibm45eVhVN0JzdncwL0lSQVBKZE9KQT09IiwibWFjIjoiNTE4MDBkYTNjZmE4ZGQwYWZjY2VjMzk4ODAwMjBjYTg0ZTYxYmZjMDdmZTBiOWRjNjhmYmNkNzVmODY4NWMwNCIsInRhZyI6IiJ9','sVIg2ahwF4vtmLkk3V6iou2T0F3E4njkS02HgVP9uSggNGfcwA3Sneozdz8hQ6uIWaWQiXtOTGzng05DrJT0c1D0UJm1ePQAFqyB5lzun6MQknhSShevpW09',2,NULL,'2023-10-25 16:11:26','2023-10-25 16:11:26'),('9a747881-e295-4345-8506-abe07d3a70f6','9a7477c6-ee5e-48b5-95f4-9d8a18c386d4','quas rem','holmes-quas-rem','7UYzdwKmCmZDHNFwzFjv8bymhw6V7KysvisFsyiI74RMjFhpYBY1fld4pEalQmRgku3zm5mqxheFYmGIy4cJEnDzLPd9P8byRvs7HJis8mJMlNuFhNPpz9VjTPLttsNB96i7mV52YHEngRA5YwCemQ','eyJpdiI6ImNDOTdNYklIWlhodXNyWHlTNHVMREE9PSIsInZhbHVlIjoiZzVqNjBsYVF2Wm9DWEVvL3I4MERCQT09IiwibWFjIjoiMDc3NTlkM2I5MmNmNTU5OGQzN2M1ZWE0MDhlNWFjMGNiOTgxNGYxMzc0NzIwYzBhMjljMDk1YTE4YTZjMjIyZCIsInRhZyI6IiJ9','eyJpdiI6IlloVnpIdE9SYmQ4ZktRRy8xTWExRGc9PSIsInZhbHVlIjoiQVJTZHpsbFpYU2dnb0dXUzN4Si9Kdz09IiwibWFjIjoiOTJmODc1NzZkN2EyMGNlNGZhNDk2OWFhMWIzZGVkYzMzNWQ3NmYzNzM0YzUzZTgzOWI5MjAwZjhhNjlhOTVhOCIsInRhZyI6IiJ9','eyJpdiI6IkdWeHpLQWJZK3pNbThXZElBcmVlK0E9PSIsInZhbHVlIjoiQkZ1RlJVaU5vV2FFd2NXMkY2THBvQT09IiwibWFjIjoiZWY3MDU0ZDIxMDQwMDZkYjlkMzgzMWFhNzAwZWI1MjJkYzJmZTgyMzhkY2I4OTY2ZWVjMzE2OTJmYjE5ZjY3ZiIsInRhZyI6IiJ9','eyJpdiI6IkltTHJzSDJmck03eFAxWG1vTzN3VWc9PSIsInZhbHVlIjoiRnNNT3daNlQyOU5rNlVNcElsSkRCdz09IiwibWFjIjoiY2RhNjU0ZWVjOTc4OTYxYTA5MjU5YWQ4NzNmYmUyNDhiNTMzOTIxNjI4NWI3NGZkZjAzMzk4OTE4ZTQzZjhiOCIsInRhZyI6IiJ9','BMKbL6ta8IsbIgQAHCNn7olPPYPCnJtfKEMH0uFEkIopWisCFjIYvrmRDGxzk7nVZEqpm4MsWBAEb1JP7cTJ3QJz1NsbZ2b49VSbXsIy67gFe1IDJdOwOs8T',1,NULL,'2023-10-25 16:11:26','2023-10-25 16:11:26'),('9a747881-e449-4619-9583-646acc7d8247','9a7477c7-ae56-44de-b2df-b5460720ed54','autem esse','shaw-autem-esse','kVhgHR80UXD8dVyXtDJjW0kbv7rPDUvdvI7IDqOpC8KRQ0m17cd8mkYrO7eRkvOgp94bqdBxfvtO59MtOtNQpEhPF0NAgNBzc8tuEmWWN8a1ITNmO60Kv286fiymClepgajrAEqGMpArU4ZwGWqwqj','eyJpdiI6InU0Q0xBRTdFOUcxQk0xaFlPemN6Tnc9PSIsInZhbHVlIjoiWWh2M3kreDI4N1JXVUt3T3VYeisrUT09IiwibWFjIjoiOGZhNmU2NDg0ZDE5MjNlMTJhMjExODUyNzBmZTE2NWE2NWMwOTY5NGQwMWE0ODBiNWQ3ZmM2ZTE5YzU5M2VkNCIsInRhZyI6IiJ9','eyJpdiI6IjBSTjdaaEpNSVR0OUFnSlFLZWZVYlE9PSIsInZhbHVlIjoiQko1VkFac3RDUDZna2ZzaEZiVDlTQT09IiwibWFjIjoiMTQ0NWJlZjc0NDI2NGFkNzRjYWVkYzVhMzZhYWMzMmY4NDRmMmI1M2FlMjUzYTI4OWFiOGI3M2FmNjMwZjI1MCIsInRhZyI6IiJ9','eyJpdiI6IkJJZm5xSVQ5dzRiTFRYa0JhTE1uOFE9PSIsInZhbHVlIjoiV3YzbHUyWXpkdjE5QWE4UnlBMktlUT09IiwibWFjIjoiODA1Nzc0YzdjMjkxNWJhZTgwMTdiOGNlOTFmMTQzZWYxZTQ0N2JlMmM0N2VlMDc3YTkyNTIxYTVlNzAzOTY0NiIsInRhZyI6IiJ9','eyJpdiI6ImkyNk1MUjQ0RUJFWXUrZHhTS0htdUE9PSIsInZhbHVlIjoiamwrbUhLdm90ZExVN25JZVZndzJSSFl2dmRPR3MrM05XRDJ4KzdIL2RTQT0iLCJtYWMiOiI2MjNmMDAzZDY4ODEwZWViMzI5YzAzZTk3ZGIwMTE4ODllMDkzMzkwNTE3MzZlMjA0NzBkZmRlM2Y5ZjU5MTJhIiwidGFnIjoiIn0=','YZcMddb6cVU3FJgZI3kexxdDxzL1oR6R1vVWDEusQbwDkoQc5N1dyrGEx0oJUKhYagcN5XSoWLlAypVNLT2EbJHsgGETAor38rrCC8G5OSNBwK94PgrCCk7x',4,NULL,'2023-10-25 16:11:26','2023-10-25 16:11:26');
/*!40000 ALTER TABLE `payment_sources` ENABLE KEYS */;
UNLOCK TABLES;

--
-- Table structure for table `payments`
--

DROP TABLE IF EXISTS `payments`;
/*!40101 SET @saved_cs_client     = @@character_set_client */;
/*!50503 SET character_set_client = utf8mb4 */;
CREATE TABLE `payments` (
  `id` char(36) COLLATE utf8mb4_unicode_ci NOT NULL,
  `payable_type` varchar(255) COLLATE utf8mb4_unicode_ci NOT NULL,
  `payable_id` char(36) COLLATE utf8mb4_unicode_ci NOT NULL,
  `amount` decimal(8,2) unsigned NOT NULL,
  `slug` varchar(255) COLLATE utf8mb4_unicode_ci NOT NULL,
  `user_id` char(36) COLLATE utf8mb4_unicode_ci DEFAULT NULL,
  `payment_source_id` char(36) COLLATE utf8mb4_unicode_ci DEFAULT NULL,
  `proof` json DEFAULT NULL,
  `status` tinyint NOT NULL DEFAULT '0',
  `payment_ref` varchar(150) COLLATE utf8mb4_unicode_ci DEFAULT NULL,
  `method_ref` varchar(150) COLLATE utf8mb4_unicode_ci DEFAULT NULL,
  `type` tinyint NOT NULL,
  `description` varchar(250) COLLATE utf8mb4_unicode_ci DEFAULT NULL,
  `deleted_at` timestamp NULL DEFAULT NULL,
  `created_at` timestamp NULL DEFAULT NULL,
  `updated_at` timestamp NULL DEFAULT NULL,
  PRIMARY KEY (`id`),
  KEY `payments_payable_type_payable_id_index` (`payable_type`,`payable_id`),
  KEY `payments_user_id_foreign` (`user_id`),
  KEY `payments_payment_source_id_foreign` (`payment_source_id`),
  CONSTRAINT `payments_payment_source_id_foreign` FOREIGN KEY (`payment_source_id`) REFERENCES `payment_sources` (`id`) ON DELETE SET NULL,
  CONSTRAINT `payments_user_id_foreign` FOREIGN KEY (`user_id`) REFERENCES `users` (`id`) ON DELETE SET NULL
) ENGINE=InnoDB DEFAULT CHARSET=utf8mb4 COLLATE=utf8mb4_unicode_ci;
/*!40101 SET character_set_client = @saved_cs_client */;

--
-- Dumping data for table `payments`
--

LOCK TABLES `payments` WRITE;
/*!40000 ALTER TABLE `payments` DISABLE KEYS */;
INSERT INTO `payments` VALUES ('9a747888-2c99-4ac6-85a6-1202ff88731c','App\\Models\\Order','9a747881-e7c4-43a8-87b7-efd7923f2057',1635.07,'mr-roland-treiber-lillyfort','9a7477c8-25ff-4d98-bbe7-890b083f96ce','9a747881-d3ea-4ec9-90f1-88dddf910e08',NULL,1,'NnVkoVGH2L','Gu7SZFe8bG',0,'Payment of £1635.07 for the Order with ID \"9a747881-e7c4-43a8-87b7-efd7923f2057\" processed at 2023-10-25 16:11:30',NULL,'2023-10-25 16:11:30','2023-10-25 16:11:30'),('9a747889-05da-468a-9711-a0eb165bfff5','App\\Models\\Order','9a747881-f6e7-454c-a22b-06beab1de90b',455.31,'gavin-holmes-alisonhaven','9a7477c7-7ead-4c61-9d86-2080d2ddf454','9a747881-d5e7-45af-b4ad-7a6eb7a4e317',NULL,1,'uHDC06WmMg','5zovYZ8uFa',0,'Payment of £455.31 for the Order with ID \"9a747881-f6e7-454c-a22b-06beab1de90b\" processed at 2023-10-25 16:11:31',NULL,'2023-10-25 16:11:31','2023-10-25 16:11:31'),('9a747889-3d05-4e18-a58b-b62d8c220450','App\\Models\\Order','9a747881-fee5-4356-861a-2ed25479431b',1869.62,'jackson-khan-new-sashachester','9a7477c6-d69d-4b04-8ae0-ba3c2032eb07','9a747881-d7ce-4dde-8af4-8423f6facf20',NULL,1,'Pgr632V99b','mxqtz71R4C',0,'Payment of £1869.62 for the Order with ID \"9a747881-fee5-4356-861a-2ed25479431b\" processed at 2023-10-25 16:11:31',NULL,'2023-10-25 16:11:31','2023-10-25 16:11:31'),('9a74788a-1353-4ded-8895-4a87fd0793ed','App\\Models\\Order','9a747882-093c-4161-9610-db22d3f9064e',952.18,'florence-cox-eileenport','9a7477c7-1ec4-450c-b612-c3e1d0d36f17','9a747881-d99f-4650-ad1d-984bdd041792',NULL,1,'91RSyspomS','FvMpVQA7bG',0,'Payment of £952.18 for the Order with ID \"9a747882-093c-4161-9610-db22d3f9064e\" processed at 2023-10-25 16:11:31',NULL,'2023-10-25 16:11:31','2023-10-25 16:11:31'),('9a74788a-840b-49ef-9d89-3b516ac2a142','App\\Models\\Order','9a747882-10a3-40e0-b700-4e2b53b674b2',1625.93,'alice-cooper-port-sofia','9a7477c6-bbd4-4684-b36d-e261bae399ac','9a747881-db39-45b8-9b16-6e49368308c0',NULL,1,'z1fEFqIhqB','Z9xuc4huOa',0,'Payment of £1625.93 for the Order with ID \"9a747882-10a3-40e0-b700-4e2b53b674b2\" processed at 2023-10-25 16:11:32',NULL,'2023-10-25 16:11:32','2023-10-25 16:11:32'),('9a74788b-4e00-4f5c-96e7-24a25fc58c79','App\\Models\\Order','9a747882-18f1-47df-9200-ecc0c8135489',772.52,'gavin-holmes-alisonhaven-1','9a7477c7-7ead-4c61-9d86-2080d2ddf454','9a747881-d5e7-45af-b4ad-7a6eb7a4e317',NULL,1,'TwSaXQ3tKV','2IkpfF0lW2',0,'Payment of £772.52 for the Order with ID \"9a747882-18f1-47df-9200-ecc0c8135489\" processed at 2023-10-25 16:11:32',NULL,'2023-10-25 16:11:32','2023-10-25 16:11:32'),('9a74788b-accf-4637-9871-d51a5248f2e5','App\\Models\\Order','9a747882-2072-4eb9-bb8e-2929f7298682',1565.58,'lucy-martin-south-tonyshire','9a7477c7-969d-4b87-952e-a426043095ae','9a747881-dcef-4604-adbb-2f4f650ea09d',NULL,1,'ySCmbOBZWE','2je2SkqGE5',0,'Payment of £1565.58 for the Order with ID \"9a747882-2072-4eb9-bb8e-2929f7298682\" processed at 2023-10-25 16:11:33',NULL,'2023-10-25 16:11:33','2023-10-25 16:11:33'),('9a74788c-80e4-4b37-8051-5a1821b84236','App\\Models\\Order','9a747882-27cb-4fa6-bf92-bdae316578fb',2554.16,'mr-roland-treiber-port-gordonmouth','9a7477c8-25ff-4d98-bbe7-890b083f96ce','9a747881-d3ea-4ec9-90f1-88dddf910e08',NULL,1,'5ZxROD6Aoz','Ic88DpRO07',0,'Payment of £2554.16 for the Order with ID \"9a747882-27cb-4fa6-bf92-bdae316578fb\" processed at 2023-10-25 16:11:33',NULL,'2023-10-25 16:11:33','2023-10-25 16:11:33'),('9a74788d-81cf-472a-a29d-7ebe0b18182c','App\\Models\\Order','9a747882-2d68-4801-ab38-b9c205278e15',1867.49,'jordan-adams-cooperview','9a7477c7-667a-4918-a02c-4319b5591f4c','9a747881-debe-4ff4-aa01-ef02becd81e7',NULL,1,'HdN21mWz9Y','N5WgPE0nB5',0,'Payment of £1867.49 for the Order with ID \"9a747882-2d68-4801-ab38-b9c205278e15\" processed at 2023-10-25 16:11:34',NULL,'2023-10-25 16:11:34','2023-10-25 16:11:34'),('9a74788e-3ff4-4506-827e-8b378ad99c71','App\\Models\\Order','9a747882-341c-4de6-a3c2-c86c477779fe',2604.98,'tiffany-roberts-russellland','9a7477c7-c67a-4f01-9724-83c4cd0f8d49','9a747881-e0c0-448e-a277-0e21279a8313',NULL,1,'EUmkXaeyJK','obJDLXQxhg',0,'Payment of £2604.98 for the Order with ID \"9a747882-341c-4de6-a3c2-c86c477779fe\" processed at 2023-10-25 16:11:34',NULL,'2023-10-25 16:11:34','2023-10-25 16:11:34'),('9a74788f-23ba-4898-8bae-4831d24cbe5c','App\\Models\\Order','9a747882-3991-4eba-8f05-406630dd2276',1288.05,'mr-roland-treiber-port-gordonmouth-1','9a7477c8-25ff-4d98-bbe7-890b083f96ce','9a747881-d3ea-4ec9-90f1-88dddf910e08',NULL,1,'RKG67F2Ekw','P1cQTYqa4V',0,'Payment of £1288.05 for the Order with ID \"9a747882-3991-4eba-8f05-406630dd2276\" processed at 2023-10-25 16:11:35',NULL,'2023-10-25 16:11:35','2023-10-25 16:11:35'),('9a74788f-a046-498f-9930-5581b7678cfc','App\\Models\\Order','9a747882-3f94-4815-b16b-98827d7ba10d',2065.96,'alice-cooper-port-sofia-1','9a7477c6-bbd4-4684-b36d-e261bae399ac','9a747881-db39-45b8-9b16-6e49368308c0',NULL,1,'W9AvScSI87','QSzk4zgxxg',0,'Payment of £2065.96 for the Order with ID \"9a747882-3f94-4815-b16b-98827d7ba10d\" processed at 2023-10-25 16:11:35',NULL,'2023-10-25 16:11:35','2023-10-25 16:11:35'),('9a747890-8826-4158-8e22-7baa63ae629c','App\\Models\\Order','9a747882-4576-4877-aca8-116d545a99f7',2434.06,'eleanor-holmes-lake-henry','9a7477c6-ee5e-48b5-95f4-9d8a18c386d4','9a747881-e295-4345-8506-abe07d3a70f6',NULL,1,'LdRfqgiwfR','MHQU2PB6ma',0,'Payment of £2434.06 for the Order with ID \"9a747882-4576-4877-aca8-116d545a99f7\" processed at 2023-10-25 16:11:36',NULL,'2023-10-25 16:11:36','2023-10-25 16:11:36'),('9a747891-6b1d-422e-9759-b657a6597edc','App\\Models\\Order','9a747882-4b53-43ce-aef4-8338b2152402',805.60,'gavin-holmes-beckyborough','9a7477c7-7ead-4c61-9d86-2080d2ddf454','9a747881-d5e7-45af-b4ad-7a6eb7a4e317',NULL,1,'Gzz1AMNiee','sbZuFlQ09w',0,'Payment of £805.60 for the Order with ID \"9a747882-4b53-43ce-aef4-8338b2152402\" processed at 2023-10-25 16:11:36',NULL,'2023-10-25 16:11:36','2023-10-25 16:11:36'),('9a747892-2096-4428-97cc-2195b77eff24','App\\Models\\Order','9a747882-5e3c-4b5d-96f4-609f8fe8b7b3',686.55,'ashley-shaw-karlborough','9a7477c7-ae56-44de-b2df-b5460720ed54','9a747881-e449-4619-9583-646acc7d8247',NULL,1,'YGlmljLbbW','j4dH7AfLeX',0,'Payment of £686.55 for the Order with ID \"9a747882-5e3c-4b5d-96f4-609f8fe8b7b3\" processed at 2023-10-25 16:11:37',NULL,'2023-10-25 16:11:37','2023-10-25 16:11:37');
/*!40000 ALTER TABLE `payments` ENABLE KEYS */;
UNLOCK TABLES;

--
-- Table structure for table `permissions`
--

DROP TABLE IF EXISTS `permissions`;
/*!40101 SET @saved_cs_client     = @@character_set_client */;
/*!50503 SET character_set_client = utf8mb4 */;
CREATE TABLE `permissions` (
  `id` bigint unsigned NOT NULL AUTO_INCREMENT,
  `name` varchar(255) COLLATE utf8mb4_unicode_ci NOT NULL,
  `guard_name` varchar(255) COLLATE utf8mb4_unicode_ci NOT NULL,
  `created_at` timestamp NULL DEFAULT NULL,
  `updated_at` timestamp NULL DEFAULT NULL,
  PRIMARY KEY (`id`),
  UNIQUE KEY `permissions_name_guard_name_unique` (`name`,`guard_name`)
) ENGINE=InnoDB AUTO_INCREMENT=105 DEFAULT CHARSET=utf8mb4 COLLATE=utf8mb4_unicode_ci;
/*!40101 SET character_set_client = @saved_cs_client */;

--
-- Dumping data for table `permissions`
--

LOCK TABLES `permissions` WRITE;
/*!40000 ALTER TABLE `permissions` DISABLE KEYS */;
INSERT INTO `permissions` VALUES (1,'users.can.invite','api','2023-10-25 16:09:22','2023-10-25 16:09:22'),(2,'users.can.update','api','2023-10-25 16:09:22','2023-10-25 16:09:22'),(3,'users.can.see','api','2023-10-25 16:09:22','2023-10-25 16:09:22'),(4,'users.can.list','api','2023-10-25 16:09:22','2023-10-25 16:09:22'),(5,'users.can.delete','api','2023-10-25 16:09:22','2023-10-25 16:09:22'),(6,'products.can.see','api','2023-10-25 16:09:22','2023-10-25 16:09:22'),(7,'products.can.list','api','2023-10-25 16:09:22','2023-10-25 16:09:22'),(8,'products.can.create','api','2023-10-25 16:09:22','2023-10-25 16:09:22'),(9,'products.can.delete','api','2023-10-25 16:09:22','2023-10-25 16:09:22'),(10,'products.can.update','api','2023-10-25 16:09:22','2023-10-25 16:09:22'),(11,'product.variants.can.see','api','2023-10-25 16:09:22','2023-10-25 16:09:22'),(12,'product.variants.can.list','api','2023-10-25 16:09:22','2023-10-25 16:09:22'),(13,'product.variants.can.create','api','2023-10-25 16:09:22','2023-10-25 16:09:22'),(14,'product.variants.can.delete','api','2023-10-25 16:09:22','2023-10-25 16:09:22'),(15,'product.variants.can.update','api','2023-10-25 16:09:22','2023-10-25 16:09:22'),(16,'product.categories.can.see','api','2023-10-25 16:09:22','2023-10-25 16:09:22'),(17,'product.categories.can.list','api','2023-10-25 16:09:22','2023-10-25 16:09:22'),(18,'product.categories.can.create','api','2023-10-25 16:09:22','2023-10-25 16:09:22'),(19,'product.categories.can.delete','api','2023-10-25 16:09:22','2023-10-25 16:09:22'),(20,'product.categories.can.update','api','2023-10-25 16:09:22','2023-10-25 16:09:22'),(21,'product.attributes.can.see','api','2023-10-25 16:09:22','2023-10-25 16:09:22'),(22,'product.attributes.can.list','api','2023-10-25 16:09:22','2023-10-25 16:09:22'),(23,'product.attributes.can.create','api','2023-10-25 16:09:22','2023-10-25 16:09:22'),(24,'product.attributes.can.delete','api','2023-10-25 16:09:22','2023-10-25 16:09:22'),(25,'product.attributes.can.update','api','2023-10-25 16:09:22','2023-10-25 16:09:22'),(26,'product.attribute.options.can.see','api','2023-10-25 16:09:22','2023-10-25 16:09:22'),(27,'product.attribute.options.can.list','api','2023-10-25 16:09:22','2023-10-25 16:09:22'),(28,'product.attribute.options.can.create','api','2023-10-25 16:09:22','2023-10-25 16:09:22'),(29,'product.attribute.options.can.delete','api','2023-10-25 16:09:22','2023-10-25 16:09:22'),(30,'product.attribute.options.can.update','api','2023-10-25 16:09:22','2023-10-25 16:09:22'),(31,'product.tags.can.see','api','2023-10-25 16:09:22','2023-10-25 16:09:22'),(32,'product.tags.can.list','api','2023-10-25 16:09:22','2023-10-25 16:09:22'),(33,'product.tags.can.create','api','2023-10-25 16:09:22','2023-10-25 16:09:22'),(34,'product.tags.can.delete','api','2023-10-25 16:09:22','2023-10-25 16:09:22'),(35,'product.tags.can.update','api','2023-10-25 16:09:22','2023-10-25 16:09:22'),(36,'orders.can.see','api','2023-10-25 16:09:22','2023-10-25 16:09:22'),(37,'orders.can.list','api','2023-10-25 16:09:22','2023-10-25 16:09:22'),(38,'orders.can.create','api','2023-10-25 16:09:22','2023-10-25 16:09:22'),(39,'orders.can.delete','api','2023-10-25 16:09:22','2023-10-25 16:09:22'),(40,'orders.can.update','api','2023-10-25 16:09:22','2023-10-25 16:09:22'),(41,'discount.rules.can.see','api','2023-10-25 16:09:22','2023-10-25 16:09:22'),(42,'discount.rules.can.list','api','2023-10-25 16:09:22','2023-10-25 16:09:22'),(43,'discount.rules.can.create','api','2023-10-25 16:09:22','2023-10-25 16:09:22'),(44,'discount.rules.can.delete','api','2023-10-25 16:09:22','2023-10-25 16:09:22'),(45,'discount.rules.can.update','api','2023-10-25 16:09:22','2023-10-25 16:09:22'),(46,'voucher.codes.can.see','api','2023-10-25 16:09:22','2023-10-25 16:09:22'),(47,'voucher.codes.can.list','api','2023-10-25 16:09:22','2023-10-25 16:09:22'),(48,'voucher.codes.can.create','api','2023-10-25 16:09:22','2023-10-25 16:09:22'),(49,'voucher.codes.can.delete','api','2023-10-25 16:09:22','2023-10-25 16:09:22'),(50,'voucher.codes.can.update','api','2023-10-25 16:09:22','2023-10-25 16:09:22'),(51,'delivery.types.can.see','api','2023-10-25 16:09:22','2023-10-25 16:09:22'),(52,'delivery.types.can.list','api','2023-10-25 16:09:22','2023-10-25 16:09:22'),(53,'delivery.types.can.create','api','2023-10-25 16:09:22','2023-10-25 16:09:22'),(54,'delivery.types.can.delete','api','2023-10-25 16:09:22','2023-10-25 16:09:22'),(55,'delivery.types.can.update','api','2023-10-25 16:09:22','2023-10-25 16:09:22'),(56,'delivery.rules.can.see','api','2023-10-25 16:09:22','2023-10-25 16:09:22'),(57,'delivery.rules.can.list','api','2023-10-25 16:09:22','2023-10-25 16:09:22'),(58,'delivery.rules.can.create','api','2023-10-25 16:09:22','2023-10-25 16:09:22'),(59,'delivery.rules.can.delete','api','2023-10-25 16:09:22','2023-10-25 16:09:22'),(60,'delivery.rules.can.update','api','2023-10-25 16:09:22','2023-10-25 16:09:22'),(61,'customers.can.see','api','2023-10-25 16:09:22','2023-10-25 16:09:22'),(62,'customers.can.list','api','2023-10-25 16:09:22','2023-10-25 16:09:22'),(63,'customers.can.create','api','2023-10-25 16:09:22','2023-10-25 16:09:22'),(64,'customers.can.delete','api','2023-10-25 16:09:22','2023-10-25 16:09:22'),(65,'customers.can.update','api','2023-10-25 16:09:22','2023-10-25 16:09:22'),(66,'payments.can.see','api','2023-10-25 16:09:22','2023-10-25 16:09:22'),(67,'payments.can.list','api','2023-10-25 16:09:22','2023-10-25 16:09:22'),(68,'payments.can.create','api','2023-10-25 16:09:22','2023-10-25 16:09:22'),(69,'payments.can.delete','api','2023-10-25 16:09:22','2023-10-25 16:09:22'),(70,'payments.can.update','api','2023-10-25 16:09:22','2023-10-25 16:09:22'),(71,'notes.can.see','api','2023-10-25 16:09:22','2023-10-25 16:09:22'),(72,'notes.can.list','api','2023-10-25 16:09:22','2023-10-25 16:09:22'),(73,'notes.can.create','api','2023-10-25 16:09:22','2023-10-25 16:09:22'),(74,'notes.can.delete','api','2023-10-25 16:09:22','2023-10-25 16:09:22'),(75,'notes.can.update','api','2023-10-25 16:09:22','2023-10-25 16:09:22'),(76,'ratings.can.see','api','2023-10-25 16:09:22','2023-10-25 16:09:22'),(77,'ratings.can.list','api','2023-10-25 16:09:22','2023-10-25 16:09:22'),(78,'ratings.can.create','api','2023-10-25 16:09:22','2023-10-25 16:09:22'),(79,'ratings.can.delete','api','2023-10-25 16:09:22','2023-10-25 16:09:22'),(80,'ratings.can.update','api','2023-10-25 16:09:22','2023-10-25 16:09:22'),(81,'banners.can.see','api','2023-10-25 16:09:22','2023-10-25 16:09:22'),(82,'banners.can.list','api','2023-10-25 16:09:22','2023-10-25 16:09:22'),(83,'banners.can.create','api','2023-10-25 16:09:22','2023-10-25 16:09:22'),(84,'banners.can.delete','api','2023-10-25 16:09:22','2023-10-25 16:09:22'),(85,'banners.can.update','api','2023-10-25 16:09:22','2023-10-25 16:09:22'),(86,'files.can.see','api','2023-10-25 16:09:22','2023-10-25 16:09:22'),(87,'files.can.list','api','2023-10-25 16:09:22','2023-10-25 16:09:22'),(88,'files.can.create','api','2023-10-25 16:09:22','2023-10-25 16:09:22'),(89,'files.can.delete','api','2023-10-25 16:09:22','2023-10-25 16:09:22'),(90,'files.can.update','api','2023-10-25 16:09:22','2023-10-25 16:09:22'),(91,'paid.files.can.see','api','2023-10-25 16:09:22','2023-10-25 16:09:22'),(92,'paid.files.can.list','api','2023-10-25 16:09:22','2023-10-25 16:09:22'),(93,'paid.files.can.create','api','2023-10-25 16:09:22','2023-10-25 16:09:22'),(94,'paid.files.can.delete','api','2023-10-25 16:09:22','2023-10-25 16:09:22'),(95,'paid.files.can.update','api','2023-10-25 16:09:22','2023-10-25 16:09:22'),(96,'reports.can.see','api','2023-10-25 16:09:22','2023-10-25 16:09:22'),(97,'reports.can.list','api','2023-10-25 16:09:22','2023-10-25 16:09:22'),(98,'reports.can.create','api','2023-10-25 16:09:22','2023-10-25 16:09:22'),(99,'reports.can.delete','api','2023-10-25 16:09:22','2023-10-25 16:09:22'),(100,'reports.can.update','api','2023-10-25 16:09:22','2023-10-25 16:09:22'),(101,'emails.can.see','api','2023-10-25 16:09:22','2023-10-25 16:09:22'),(102,'emails.can.list','api','2023-10-25 16:09:22','2023-10-25 16:09:22'),(103,'export.can.create','api','2023-10-25 16:09:22','2023-10-25 16:09:22'),(104,'can.import.mass.records','api','2023-10-25 16:09:22','2023-10-25 16:09:22');
/*!40000 ALTER TABLE `permissions` ENABLE KEYS */;
UNLOCK TABLES;

--
-- Table structure for table `product_attribute_options`
--

DROP TABLE IF EXISTS `product_attribute_options`;
/*!40101 SET @saved_cs_client     = @@character_set_client */;
/*!50503 SET character_set_client = utf8mb4 */;
CREATE TABLE `product_attribute_options` (
  `id` char(36) COLLATE utf8mb4_unicode_ci NOT NULL,
  `name` text COLLATE utf8mb4_unicode_ci NOT NULL,
  `slug` varchar(255) COLLATE utf8mb4_unicode_ci NOT NULL,
  `value` varchar(255) COLLATE utf8mb4_unicode_ci NOT NULL,
  `product_attribute_id` char(36) COLLATE utf8mb4_unicode_ci DEFAULT NULL,
  `image` json DEFAULT NULL,
  `enabled` tinyint(1) NOT NULL DEFAULT '1',
  `deleted_at` timestamp NULL DEFAULT NULL,
  `created_at` timestamp NULL DEFAULT NULL,
  `updated_at` timestamp NULL DEFAULT NULL,
  PRIMARY KEY (`id`),
  KEY `product_attribute_options_product_attribute_id_foreign` (`product_attribute_id`),
  CONSTRAINT `product_attribute_options_product_attribute_id_foreign` FOREIGN KEY (`product_attribute_id`) REFERENCES `product_attributes` (`id`)
) ENGINE=InnoDB DEFAULT CHARSET=utf8mb4 COLLATE=utf8mb4_unicode_ci;
/*!40101 SET character_set_client = @saved_cs_client */;

--
-- Dumping data for table `product_attribute_options`
--

LOCK TABLES `product_attribute_options` WRITE;
/*!40000 ALTER TABLE `product_attribute_options` DISABLE KEYS */;
INSERT INTO `product_attribute_options` VALUES ('9a7477de-48e4-4e89-90d8-a440564ba86b','{\"de\":\"XL\",\"fr\":\"XL\",\"en\":\"XL\"}','option-xl-1','XL','9a7477dd-5fad-46d3-8224-a95036768ede',NULL,1,NULL,'2023-10-25 16:09:39','2023-10-25 16:09:39'),('9a7477de-8857-4bd2-9753-567e36d872fa','{\"de\":\"L\",\"fr\":\"L\",\"en\":\"L\"}','option-l-1','L','9a7477dd-5fad-46d3-8224-a95036768ede',NULL,1,NULL,'2023-10-25 16:09:39','2023-10-25 16:09:39'),('9a7477de-bb63-4440-be8c-ecb62e5364e8','{\"de\":\"M\",\"fr\":\"M\",\"en\":\"M\"}','option-m-1','M','9a7477dd-5fad-46d3-8224-a95036768ede',NULL,1,NULL,'2023-10-25 16:09:39','2023-10-25 16:09:39'),('9a7477de-ee03-4cfd-b546-9b24f4d96c35','{\"de\":\"S\",\"fr\":\"S\",\"en\":\"S\"}','option-s-1','S','9a7477dd-5fad-46d3-8224-a95036768ede',NULL,1,NULL,'2023-10-25 16:09:39','2023-10-25 16:09:39'),('9a7477df-403e-4940-bf65-db4d0d737e0a','{\"de\":\"XS\",\"fr\":\"XS\",\"en\":\"XS\"}','option-xs-1','XS','9a7477dd-5fad-46d3-8224-a95036768ede',NULL,1,NULL,'2023-10-25 16:09:39','2023-10-25 16:09:40'),('9a7477df-7818-406b-ac1f-b0a798b7f71b','{\"de\":\"10\",\"fr\":\"dix\",\"en\":\"10\"}','option-10-1','10','9a7477dd-5fad-46d3-8224-a95036768ede',NULL,1,NULL,'2023-10-25 16:09:40','2023-10-25 16:09:40'),('9a7477df-cd58-44b0-b7f0-bccedc48e04c','{\"de\":\"9.5\",\"fr\":\"9.5\",\"en\":\"9.5\"}','option-9.5-1','9.5','9a7477dd-5fad-46d3-8224-a95036768ede',NULL,1,NULL,'2023-10-25 16:09:40','2023-10-25 16:09:40'),('9a7477e0-0336-469c-a7da-3000b4c02783','{\"de\":\"9\",\"fr\":\"9\",\"en\":\"9\"}','option-9-1','9','9a7477dd-5fad-46d3-8224-a95036768ede',NULL,1,NULL,'2023-10-25 16:09:40','2023-10-25 16:09:40'),('9a7477e0-5850-4fd6-9a7b-0536475dfa8b','{\"de\":\"8.5\",\"fr\":\"8.5\",\"en\":\"8.5\"}','option-8.5-1','8.5','9a7477dd-5fad-46d3-8224-a95036768ede',NULL,1,NULL,'2023-10-25 16:09:40','2023-10-25 16:09:40'),('9a7477e0-9db0-4ef3-a19b-ccfcb05161ad','{\"de\":\"8\",\"fr\":\"8\",\"en\":\"8\"}','option-8-1','8','9a7477dd-5fad-46d3-8224-a95036768ede',NULL,1,NULL,'2023-10-25 16:09:40','2023-10-25 16:09:40'),('9a7477e0-de67-4ffa-9de3-cecf583d9c34','{\"de\":\"Stoff\",\"fr\":\"Tissu\",\"en\":\"Fabric\"}','option-fabric-1','fabric','9a7477dd-9aa6-47d1-b9d1-e93b8f750842','{\"url\": \"https://shoptopus.test/sample-store-data/sample-store-1/attribute-option-fabric.jpg\", \"file_name\": \"attribute-option-fabric.jpg\"}',1,NULL,'2023-10-25 16:09:40','2023-10-25 16:09:41'),('9a7477e1-379b-4e8f-83ed-3132f535f0ce','{\"de\":\"Kunstleder\",\"fr\":\"faux cuir\",\"en\":\"Faux Leather\"}','option-faux-leather-1','faux leather','9a7477dd-9aa6-47d1-b9d1-e93b8f750842','{\"url\": \"https://shoptopus.test/sample-store-data/sample-store-1/attribute-option-faux-leather.jpg\", \"file_name\": \"attribute-option-faux-leather.jpg\"}',1,NULL,'2023-10-25 16:09:41','2023-10-25 16:09:41'),('9a7477e1-91d0-4b41-9b11-0137d4c1ce61','{\"de\":\"Leder\",\"fr\":\"Cuir\",\"en\":\"Leather\"}','option-leather-1','leather','9a7477dd-9aa6-47d1-b9d1-e93b8f750842','{\"url\": \"https://shoptopus.test/sample-store-data/sample-store-1/attribute-option-leather.jpg\", \"file_name\": \"attribute-option-leather.jpg\"}',1,NULL,'2023-10-25 16:09:41','2023-10-25 16:09:41'),('9a7477e1-d2e9-4858-ae48-62eb315bbba5','{\"de\":\"Gummi\",\"fr\":\"Caoutchouc\",\"en\":\"Rubber\"}','option-rubber-1','rubber','9a7477dd-9aa6-47d1-b9d1-e93b8f750842','{\"url\": \"https://shoptopus.test/sample-store-data/sample-store-1/attribute-option-rubber.jpg\", \"file_name\": \"attribute-option-rubber.jpg\"}',1,NULL,'2023-10-25 16:09:41','2023-10-25 16:09:41'),('9a7477e2-1935-4bd5-8501-8dc617b4cc2e','{\"de\":\"Wei\\u00df\",\"fr\":\"Blanc\",\"en\":\"White\"}','option-white-1','#ffffff','9a7477dd-edc5-48d9-8b86-4a187574fa90',NULL,1,NULL,'2023-10-25 16:09:41','2023-10-25 16:09:41'),('9a7477e2-5f7d-43f5-ba2d-da76c7a37ac2','{\"de\":\"Hellgrau\",\"fr\":\"Gris clair\",\"en\":\"Light Gray\"}','option-lightgray-1','#cfcdca','9a7477dd-edc5-48d9-8b86-4a187574fa90',NULL,1,NULL,'2023-10-25 16:09:41','2023-10-25 16:09:42'),('9a7477e2-b53d-41a2-b3a8-4a032794c962','{\"de\":\"Mittelgrau\",\"fr\":\"Gris moyen\",\"en\":\"Middle Gray\"}','option-middlegray-1','#969696','9a7477dd-edc5-48d9-8b86-4a187574fa90',NULL,1,NULL,'2023-10-25 16:09:42','2023-10-25 16:09:42'),('9a7477e3-2313-4194-8880-8fbc0a027e88','{\"de\":\"Dunkelgrau\",\"fr\":\"Gris fonc\\u00e9\",\"en\":\"Dark Gray\"}','option-darkgray-1','#383838','9a7477dd-edc5-48d9-8b86-4a187574fa90',NULL,1,NULL,'2023-10-25 16:09:42','2023-10-25 16:09:42'),('9a7477e3-6a9a-48b2-a9bc-e40c58147534','{\"de\":\"Schwarz\",\"fr\":\"Noir\",\"en\":\"Black\"}','option-black-1','#000000','9a7477dd-edc5-48d9-8b86-4a187574fa90',NULL,1,NULL,'2023-10-25 16:09:42','2023-10-25 16:09:42'),('9a7477e3-9f39-4f31-9768-f4add18e2376','{\"de\":\"Hellblau\",\"fr\":\"Bleu clair\",\"en\":\"Light Blue\"}','option-lightblue-1','#778bf2','9a7477dd-edc5-48d9-8b86-4a187574fa90',NULL,1,NULL,'2023-10-25 16:09:42','2023-10-25 16:09:42'),('9a7477e3-f10a-4a24-81b0-4bb604e48ef4','{\"de\":\"Hellblau\",\"fr\":\"Bleu brillant\",\"en\":\"Bright Blue\"}','option-brightblue-1','#2145ff','9a7477dd-edc5-48d9-8b86-4a187574fa90',NULL,1,NULL,'2023-10-25 16:09:42','2023-10-25 16:09:43'),('9a7477e4-435c-4e0f-9399-999b54e8f74e','{\"de\":\"Mitternachtsblau\",\"fr\":\"Bleu nuit\",\"en\":\"Midnight Blue\"}','option-midnightblue-1','#001061','9a7477dd-edc5-48d9-8b86-4a187574fa90',NULL,1,NULL,'2023-10-25 16:09:43','2023-10-25 16:09:43'),('9a7477e4-89e3-445f-ace1-ba3c3004cfab','{\"de\":\"Hellgr\\u00fcn\",\"fr\":\"Vert clair\",\"en\":\"Light Green\"}','option-lightgreen-1','#6aeb83','9a7477dd-edc5-48d9-8b86-4a187574fa90',NULL,1,NULL,'2023-10-25 16:09:43','2023-10-25 16:09:43'),('9a7477e4-cbab-4267-af7f-2298bc406147','{\"de\":\"Hellgr\\u00fcn\",\"fr\":\"Vert clair\",\"en\":\"Bright Green\"}','option-brightgreen-1','#16db3c','9a7477dd-edc5-48d9-8b86-4a187574fa90',NULL,1,NULL,'2023-10-25 16:09:43','2023-10-25 16:09:43'),('9a7477e5-147a-4e1c-957b-63a487119af3','{\"de\":\"Dunkelgr\\u00fcn\",\"fr\":\"Vert fonc\\u00e9\",\"en\":\"Dark Green\"}','option-darkgreen-1','#00400c','9a7477dd-edc5-48d9-8b86-4a187574fa90',NULL,1,NULL,'2023-10-25 16:09:43','2023-10-25 16:09:43'),('9a7477e5-7786-4572-9adc-508f396acdbc','{\"de\":\"Hellrot\",\"fr\":\"Rouge clair\",\"en\":\"Light Red\"}','option-lightred-1','#e87d7d','9a7477dd-edc5-48d9-8b86-4a187574fa90',NULL,1,NULL,'2023-10-25 16:09:43','2023-10-25 16:09:44'),('9a7477e5-c9ac-4344-9f9d-943814c39e78','{\"de\":\"Hellrot\",\"fr\":\"Rouge vif\",\"en\":\"Bright Red\"}','option-brightred-1','#e81515','9a7477dd-edc5-48d9-8b86-4a187574fa90',NULL,1,NULL,'2023-10-25 16:09:44','2023-10-25 16:09:44'),('9a7477e6-09f1-4448-ab40-d1c2b464fe95','{\"de\":\"Dunkelrot\",\"fr\":\"Rouge fonc\\u00e9\",\"en\":\"Dark Red\"}','option-darkred-1','#470101','9a7477dd-edc5-48d9-8b86-4a187574fa90',NULL,1,NULL,'2023-10-25 16:09:44','2023-10-25 16:09:44'),('9a7477e6-435e-43b5-a5e5-da8058ab5793','{\"de\":\"Rosa\",\"fr\":\"Rose\",\"en\":\"Pink\"}','option-pink-1','#dc4cfc','9a7477dd-edc5-48d9-8b86-4a187574fa90',NULL,1,NULL,'2023-10-25 16:09:44','2023-10-25 16:09:44'),('9a7477e6-a9e5-4cba-adcc-a9724fe0e363','{\"de\":\"Leuchtendes Orange\",\"fr\":\"Orange vif\",\"en\":\"Bright Orange\"}','option-brightorange-1','#ed8309','9a7477dd-edc5-48d9-8b86-4a187574fa90',NULL,1,NULL,'2023-10-25 16:09:44','2023-10-25 16:09:44');
/*!40000 ALTER TABLE `product_attribute_options` ENABLE KEYS */;
UNLOCK TABLES;

--
-- Table structure for table `product_attribute_product_variant`
--

DROP TABLE IF EXISTS `product_attribute_product_variant`;
/*!40101 SET @saved_cs_client     = @@character_set_client */;
/*!50503 SET character_set_client = utf8mb4 */;
CREATE TABLE `product_attribute_product_variant` (
  `id` char(36) COLLATE utf8mb4_unicode_ci NOT NULL,
  `product_attribute_id` char(36) COLLATE utf8mb4_unicode_ci NOT NULL,
  `product_variant_id` char(36) COLLATE utf8mb4_unicode_ci NOT NULL,
  `product_attribute_option_id` char(36) COLLATE utf8mb4_unicode_ci NOT NULL,
  PRIMARY KEY (`id`),
  KEY `product_attribute_product_variant_product_attribute_id_foreign` (`product_attribute_id`),
  KEY `product_attribute_product_variant_product_variant_id_foreign` (`product_variant_id`),
  KEY `variant_attribute_option_id` (`product_attribute_option_id`),
  CONSTRAINT `product_attribute_product_variant_product_attribute_id_foreign` FOREIGN KEY (`product_attribute_id`) REFERENCES `product_attributes` (`id`) ON DELETE CASCADE,
  CONSTRAINT `product_attribute_product_variant_product_variant_id_foreign` FOREIGN KEY (`product_variant_id`) REFERENCES `product_variants` (`id`) ON DELETE CASCADE,
  CONSTRAINT `variant_attribute_option_id` FOREIGN KEY (`product_attribute_option_id`) REFERENCES `product_attribute_options` (`id`) ON DELETE CASCADE
) ENGINE=InnoDB DEFAULT CHARSET=utf8mb4 COLLATE=utf8mb4_unicode_ci;
/*!40101 SET character_set_client = @saved_cs_client */;

--
-- Dumping data for table `product_attribute_product_variant`
--

LOCK TABLES `product_attribute_product_variant` WRITE;
/*!40000 ALTER TABLE `product_attribute_product_variant` DISABLE KEYS */;
INSERT INTO `product_attribute_product_variant` VALUES ('9a747878-aecc-442c-b35b-faee99ae27d1','9a7477dd-edc5-48d9-8b86-4a187574fa90','9a74786c-0809-478c-b2b8-73d438acd962','9a7477e4-435c-4e0f-9399-999b54e8f74e'),('9a747878-b0f8-4ece-a347-655885e3d4f2','9a7477dd-5fad-46d3-8224-a95036768ede','9a74786c-0809-478c-b2b8-73d438acd962','9a7477e0-9db0-4ef3-a19b-ccfcb05161ad'),('9a747878-b313-4924-b04e-bd05f18c42f2','9a7477dd-edc5-48d9-8b86-4a187574fa90','9a74786c-1015-4455-b840-761f01d6f59e','9a7477e4-435c-4e0f-9399-999b54e8f74e'),('9a747878-b4d5-490d-af90-9a2098f30477','9a7477dd-5fad-46d3-8224-a95036768ede','9a74786c-1015-4455-b840-761f01d6f59e','9a7477e0-5850-4fd6-9a7b-0536475dfa8b'),('9a747878-b6c6-45c9-81fa-bfc6da0a69fa','9a7477dd-edc5-48d9-8b86-4a187574fa90','9a74786c-182a-4a39-8b63-7080d1a1437f','9a7477e4-435c-4e0f-9399-999b54e8f74e'),('9a747878-b8d6-4627-a2d3-43d59f27a558','9a7477dd-5fad-46d3-8224-a95036768ede','9a74786c-182a-4a39-8b63-7080d1a1437f','9a7477e0-0336-469c-a7da-3000b4c02783'),('9a747878-bac2-48c7-9666-667666616f3e','9a7477dd-edc5-48d9-8b86-4a187574fa90','9a74786c-200c-43e1-9c82-7529390f4e56','9a7477e4-435c-4e0f-9399-999b54e8f74e'),('9a747878-bcc2-4199-aaea-fa99da01eb8f','9a7477dd-5fad-46d3-8224-a95036768ede','9a74786c-200c-43e1-9c82-7529390f4e56','9a7477df-cd58-44b0-b7f0-bccedc48e04c'),('9a747878-bec9-4432-a459-3cfcb75c4ec0','9a7477dd-edc5-48d9-8b86-4a187574fa90','9a74786c-27da-4856-83bb-236ea5fd0854','9a7477e4-435c-4e0f-9399-999b54e8f74e'),('9a747878-c0ba-4f1c-bbcf-c95efc9ee004','9a7477dd-5fad-46d3-8224-a95036768ede','9a74786c-27da-4856-83bb-236ea5fd0854','9a7477df-7818-406b-ac1f-b0a798b7f71b'),('9a747878-c280-43f2-aa39-93ff62ef3f5e','9a7477dd-edc5-48d9-8b86-4a187574fa90','9a74786c-2f9c-4920-b4a4-4a4341d41333','9a7477e5-147a-4e1c-957b-63a487119af3'),('9a747878-c486-4b89-88c5-2eb401a44530','9a7477dd-5fad-46d3-8224-a95036768ede','9a74786c-2f9c-4920-b4a4-4a4341d41333','9a7477e0-9db0-4ef3-a19b-ccfcb05161ad'),('9a747878-c678-40b4-9421-d1dfbc2d9923','9a7477dd-edc5-48d9-8b86-4a187574fa90','9a74786c-37d0-4b32-9640-91a5de4992b9','9a7477e5-147a-4e1c-957b-63a487119af3'),('9a747878-c85a-4030-9bb3-163664bd5ac0','9a7477dd-5fad-46d3-8224-a95036768ede','9a74786c-37d0-4b32-9640-91a5de4992b9','9a7477e0-5850-4fd6-9a7b-0536475dfa8b'),('9a747878-ca6a-4575-bf16-3f4dade90825','9a7477dd-edc5-48d9-8b86-4a187574fa90','9a74786c-3ff0-4047-bd33-00d0de51a946','9a7477e5-147a-4e1c-957b-63a487119af3'),('9a747878-cc49-4501-90a6-fa85ce991068','9a7477dd-5fad-46d3-8224-a95036768ede','9a74786c-3ff0-4047-bd33-00d0de51a946','9a7477e0-0336-469c-a7da-3000b4c02783'),('9a747878-ce49-4368-af01-185aa1012b2c','9a7477dd-edc5-48d9-8b86-4a187574fa90','9a74786c-47f1-4ba4-9179-528c3ba1c658','9a7477e5-147a-4e1c-957b-63a487119af3'),('9a747878-d035-403d-805f-88af73935fb2','9a7477dd-5fad-46d3-8224-a95036768ede','9a74786c-47f1-4ba4-9179-528c3ba1c658','9a7477df-cd58-44b0-b7f0-bccedc48e04c'),('9a747878-d237-4e00-ac3e-e61740d0e312','9a7477dd-edc5-48d9-8b86-4a187574fa90','9a74786c-50d6-4a22-b5fd-332b1b079da2','9a7477e5-147a-4e1c-957b-63a487119af3'),('9a747878-d409-4f6d-acc9-1ab124462965','9a7477dd-5fad-46d3-8224-a95036768ede','9a74786c-50d6-4a22-b5fd-332b1b079da2','9a7477df-7818-406b-ac1f-b0a798b7f71b'),('9a747878-d600-495b-b080-7dff11120207','9a7477dd-edc5-48d9-8b86-4a187574fa90','9a74786c-58c0-4c41-812c-9ac73250def2','9a7477e3-f10a-4a24-81b0-4bb604e48ef4'),('9a747878-d814-475c-8eed-3081d1d2696b','9a7477dd-5fad-46d3-8224-a95036768ede','9a74786c-58c0-4c41-812c-9ac73250def2','9a7477df-403e-4940-bf65-db4d0d737e0a'),('9a747878-d9fd-46f9-bc2f-199f67a84694','9a7477dd-edc5-48d9-8b86-4a187574fa90','9a74786c-60d7-4fdd-a7e5-ce0a3513c6da','9a7477e3-f10a-4a24-81b0-4bb604e48ef4'),('9a747878-dbe2-453d-a984-7b73cbb6eddd','9a7477dd-5fad-46d3-8224-a95036768ede','9a74786c-60d7-4fdd-a7e5-ce0a3513c6da','9a7477de-ee03-4cfd-b546-9b24f4d96c35'),('9a747878-ddcf-44ff-a1b8-cf732a5c4d4a','9a7477dd-edc5-48d9-8b86-4a187574fa90','9a74786c-68af-4534-835d-dbac1e927449','9a7477e3-f10a-4a24-81b0-4bb604e48ef4'),('9a747878-e001-423c-b93d-7812a52e78bc','9a7477dd-5fad-46d3-8224-a95036768ede','9a74786c-68af-4534-835d-dbac1e927449','9a7477de-bb63-4440-be8c-ecb62e5364e8'),('9a747878-e1dc-4080-85f5-787bce5da310','9a7477dd-edc5-48d9-8b86-4a187574fa90','9a74786c-70b3-41d2-8ad6-07f56a3cf03b','9a7477e3-f10a-4a24-81b0-4bb604e48ef4'),('9a747878-e3bb-4e6d-930a-ac5ee2f7f220','9a7477dd-5fad-46d3-8224-a95036768ede','9a74786c-70b3-41d2-8ad6-07f56a3cf03b','9a7477de-8857-4bd2-9753-567e36d872fa'),('9a747878-e59c-44f9-892f-37eaf2b66155','9a7477dd-edc5-48d9-8b86-4a187574fa90','9a74786c-78b6-4778-8c64-628ce024df22','9a7477e3-f10a-4a24-81b0-4bb604e48ef4'),('9a747878-e78e-4c57-b7d0-350d97ab8285','9a7477dd-5fad-46d3-8224-a95036768ede','9a74786c-78b6-4778-8c64-628ce024df22','9a7477de-48e4-4e89-90d8-a440564ba86b'),('9a747878-e95e-4668-87ae-618e0ded87d4','9a7477dd-edc5-48d9-8b86-4a187574fa90','9a74786c-812f-4ee5-9ea0-b2bc7378394c','9a7477e4-cbab-4267-af7f-2298bc406147'),('9a747878-eb60-4c2a-991c-577bf0d024b4','9a7477dd-5fad-46d3-8224-a95036768ede','9a74786c-812f-4ee5-9ea0-b2bc7378394c','9a7477df-403e-4940-bf65-db4d0d737e0a'),('9a747878-ed3a-4c1b-825f-91b607759133','9a7477dd-edc5-48d9-8b86-4a187574fa90','9a74786c-896b-46bb-8a39-3bfc879cd577','9a7477e4-cbab-4267-af7f-2298bc406147'),('9a747878-ef07-496d-94cf-566f4d9432d9','9a7477dd-5fad-46d3-8224-a95036768ede','9a74786c-896b-46bb-8a39-3bfc879cd577','9a7477de-ee03-4cfd-b546-9b24f4d96c35'),('9a747878-f104-4f42-9da9-0c6fd49360b4','9a7477dd-edc5-48d9-8b86-4a187574fa90','9a74786c-914c-4740-a5e6-bf7e2e7620b0','9a7477e4-cbab-4267-af7f-2298bc406147'),('9a747878-f311-4b9d-b527-c8dc1533264f','9a7477dd-5fad-46d3-8224-a95036768ede','9a74786c-914c-4740-a5e6-bf7e2e7620b0','9a7477de-bb63-4440-be8c-ecb62e5364e8'),('9a747878-f4e3-47cb-b700-158df47e603e','9a7477dd-edc5-48d9-8b86-4a187574fa90','9a74786d-3982-4536-9b4b-2472d41475ef','9a7477e4-cbab-4267-af7f-2298bc406147'),('9a747878-f6b8-4c32-abb5-e41ce70a601f','9a7477dd-5fad-46d3-8224-a95036768ede','9a74786d-3982-4536-9b4b-2472d41475ef','9a7477de-8857-4bd2-9753-567e36d872fa'),('9a747878-f8c9-4d81-a736-b7c5be68dc77','9a7477dd-edc5-48d9-8b86-4a187574fa90','9a74786d-4501-43b5-beb2-a57d7564fbd1','9a7477e4-cbab-4267-af7f-2298bc406147'),('9a747878-faab-4ef6-92db-e61af7479320','9a7477dd-5fad-46d3-8224-a95036768ede','9a74786d-4501-43b5-beb2-a57d7564fbd1','9a7477de-48e4-4e89-90d8-a440564ba86b'),('9a747878-fc99-48ef-9601-b25afe6aaf50','9a7477dd-edc5-48d9-8b86-4a187574fa90','9a74786d-5037-43f1-a5e6-7c07acbc6172','9a7477e4-435c-4e0f-9399-999b54e8f74e'),('9a747878-fe88-4348-ac62-524e464d4fa0','9a7477dd-5fad-46d3-8224-a95036768ede','9a74786d-5037-43f1-a5e6-7c07acbc6172','9a7477df-403e-4940-bf65-db4d0d737e0a'),('9a747879-00cc-4c10-8178-d06d64999dc6','9a7477dd-edc5-48d9-8b86-4a187574fa90','9a74786d-5aa0-48ab-90fc-567e6e5c2cb4','9a7477e4-435c-4e0f-9399-999b54e8f74e'),('9a747879-029c-4ef5-81a7-2c848ed9e29c','9a7477dd-5fad-46d3-8224-a95036768ede','9a74786d-5aa0-48ab-90fc-567e6e5c2cb4','9a7477de-ee03-4cfd-b546-9b24f4d96c35'),('9a747879-04a6-4135-b2d0-1381054965d9','9a7477dd-edc5-48d9-8b86-4a187574fa90','9a74786d-638b-4d98-acca-913bd77b396d','9a7477e4-435c-4e0f-9399-999b54e8f74e'),('9a747879-06aa-47c2-b001-75537e2c49b8','9a7477dd-5fad-46d3-8224-a95036768ede','9a74786d-638b-4d98-acca-913bd77b396d','9a7477de-bb63-4440-be8c-ecb62e5364e8'),('9a747879-0861-4bc8-92bb-dc4d323551d3','9a7477dd-edc5-48d9-8b86-4a187574fa90','9a74786d-6e9d-45b8-b99e-50de8abe0a0e','9a7477e4-435c-4e0f-9399-999b54e8f74e'),('9a747879-0a4b-4565-8b33-1f84a169180e','9a7477dd-5fad-46d3-8224-a95036768ede','9a74786d-6e9d-45b8-b99e-50de8abe0a0e','9a7477de-8857-4bd2-9753-567e36d872fa'),('9a747879-0c3d-49b2-a4fc-f6e9d8061c2e','9a7477dd-edc5-48d9-8b86-4a187574fa90','9a74786d-7960-4e39-a265-14c494f15180','9a7477e4-435c-4e0f-9399-999b54e8f74e'),('9a747879-0e4d-403f-a10d-81c00919aa57','9a7477dd-5fad-46d3-8224-a95036768ede','9a74786d-7960-4e39-a265-14c494f15180','9a7477de-48e4-4e89-90d8-a440564ba86b'),('9a747879-102d-4ea6-bcb2-0104f6f97564','9a7477dd-edc5-48d9-8b86-4a187574fa90','9a74786d-83a7-4d89-9663-12f29fb20c9c','9a7477e4-cbab-4267-af7f-2298bc406147'),('9a747879-1233-4980-8612-19a071b36d7b','9a7477dd-5fad-46d3-8224-a95036768ede','9a74786d-83a7-4d89-9663-12f29fb20c9c','9a7477df-403e-4940-bf65-db4d0d737e0a'),('9a747879-1430-4e2d-8337-206de5ece248','9a7477dd-edc5-48d9-8b86-4a187574fa90','9a74786d-8daf-4ca7-9d14-34bc7362e160','9a7477e4-cbab-4267-af7f-2298bc406147'),('9a747879-1610-4ed0-915c-b9bf93cda20f','9a7477dd-5fad-46d3-8224-a95036768ede','9a74786d-8daf-4ca7-9d14-34bc7362e160','9a7477de-ee03-4cfd-b546-9b24f4d96c35'),('9a747879-1824-4446-976d-573cf539f51c','9a7477dd-edc5-48d9-8b86-4a187574fa90','9a74786d-9645-4efe-8463-befb0e427d55','9a7477e4-cbab-4267-af7f-2298bc406147'),('9a747879-1a40-4b7e-9bc0-5e7cfe390084','9a7477dd-5fad-46d3-8224-a95036768ede','9a74786d-9645-4efe-8463-befb0e427d55','9a7477de-bb63-4440-be8c-ecb62e5364e8'),('9a747879-1c22-44ac-a55b-b02418ba70af','9a7477dd-edc5-48d9-8b86-4a187574fa90','9a74786d-9eb9-4a9a-a51d-7463a407b337','9a7477e4-cbab-4267-af7f-2298bc406147'),('9a747879-1dfa-49cd-830c-32e9b23617c7','9a7477dd-5fad-46d3-8224-a95036768ede','9a74786d-9eb9-4a9a-a51d-7463a407b337','9a7477de-8857-4bd2-9753-567e36d872fa'),('9a747879-1ff1-41e1-875a-a29558e51825','9a7477dd-edc5-48d9-8b86-4a187574fa90','9a74786d-a679-4033-a393-f19a21ba9b0d','9a7477e4-cbab-4267-af7f-2298bc406147'),('9a747879-21ce-48e3-bac8-7a8ed780479f','9a7477dd-5fad-46d3-8224-a95036768ede','9a74786d-a679-4033-a393-f19a21ba9b0d','9a7477de-48e4-4e89-90d8-a440564ba86b'),('9a747879-23c5-405a-8d00-5d3d4d9f553d','9a7477dd-edc5-48d9-8b86-4a187574fa90','9a74786d-af3f-4d33-abb9-15faa4a4338f','9a7477e3-f10a-4a24-81b0-4bb604e48ef4'),('9a747879-25ed-435e-b76f-ca7bb702026f','9a7477dd-5fad-46d3-8224-a95036768ede','9a74786d-af3f-4d33-abb9-15faa4a4338f','9a7477df-403e-4940-bf65-db4d0d737e0a'),('9a747879-281d-4800-8ee1-a0706101e2dc','9a7477dd-edc5-48d9-8b86-4a187574fa90','9a74786d-b7bb-490d-b2df-5c43abbb4417','9a7477e3-f10a-4a24-81b0-4bb604e48ef4'),('9a747879-2a3d-45f6-b88c-e7013041b702','9a7477dd-5fad-46d3-8224-a95036768ede','9a74786d-b7bb-490d-b2df-5c43abbb4417','9a7477de-ee03-4cfd-b546-9b24f4d96c35'),('9a747879-2c3e-4a38-8d27-9863bdad3742','9a7477dd-edc5-48d9-8b86-4a187574fa90','9a74786d-c02e-4700-b9d3-f76bb9b6984b','9a7477e3-f10a-4a24-81b0-4bb604e48ef4'),('9a747879-2e66-4abe-abf5-4cb0396c4602','9a7477dd-5fad-46d3-8224-a95036768ede','9a74786d-c02e-4700-b9d3-f76bb9b6984b','9a7477de-bb63-4440-be8c-ecb62e5364e8'),('9a747879-3050-4aa6-90bf-f0293e8e3936','9a7477dd-edc5-48d9-8b86-4a187574fa90','9a74786d-c9fd-4665-8645-f742754b9f61','9a7477e3-f10a-4a24-81b0-4bb604e48ef4'),('9a747879-3245-43f7-bcdc-308ea983a159','9a7477dd-5fad-46d3-8224-a95036768ede','9a74786d-c9fd-4665-8645-f742754b9f61','9a7477de-8857-4bd2-9753-567e36d872fa'),('9a747879-345a-4185-bda2-03ad03afe6f2','9a7477dd-edc5-48d9-8b86-4a187574fa90','9a74786d-d2c6-4765-a3bc-fc8047f588e8','9a7477e3-f10a-4a24-81b0-4bb604e48ef4'),('9a747879-3672-44ad-b513-153c62edc5bc','9a7477dd-5fad-46d3-8224-a95036768ede','9a74786d-d2c6-4765-a3bc-fc8047f588e8','9a7477de-48e4-4e89-90d8-a440564ba86b'),('9a747879-3868-4659-afa6-a00bf8e95c7e','9a7477dd-edc5-48d9-8b86-4a187574fa90','9a74786d-db2b-4c8a-b01a-72651db6752c','9a7477e5-c9ac-4344-9f9d-943814c39e78'),('9a747879-3a85-419c-aeaf-87cb35170357','9a7477dd-5fad-46d3-8224-a95036768ede','9a74786d-db2b-4c8a-b01a-72651db6752c','9a7477de-ee03-4cfd-b546-9b24f4d96c35'),('9a747879-3c9c-4fb4-8e1a-a46277ab3160','9a7477dd-edc5-48d9-8b86-4a187574fa90','9a74786d-e345-472f-8625-fabbc0aa4a64','9a7477e5-c9ac-4344-9f9d-943814c39e78'),('9a747879-3e7a-4f8c-b461-ce182bd5d86d','9a7477dd-5fad-46d3-8224-a95036768ede','9a74786d-e345-472f-8625-fabbc0aa4a64','9a7477de-ee03-4cfd-b546-9b24f4d96c35'),('9a747879-4093-46db-9c0d-12294289c947','9a7477dd-edc5-48d9-8b86-4a187574fa90','9a74786d-eb6b-46b8-88d2-c51b7c2f7aed','9a7477e5-c9ac-4344-9f9d-943814c39e78'),('9a747879-4290-45b7-9b29-2769d257b2d7','9a7477dd-5fad-46d3-8224-a95036768ede','9a74786d-eb6b-46b8-88d2-c51b7c2f7aed','9a7477de-bb63-4440-be8c-ecb62e5364e8'),('9a747879-44af-4058-a89c-dbdf9692f256','9a7477dd-edc5-48d9-8b86-4a187574fa90','9a74786d-f3fc-4178-988c-de99c2fa7917','9a7477e5-c9ac-4344-9f9d-943814c39e78'),('9a747879-46c1-4faa-a55c-b1a02d7bc790','9a7477dd-5fad-46d3-8224-a95036768ede','9a74786d-f3fc-4178-988c-de99c2fa7917','9a7477de-8857-4bd2-9753-567e36d872fa'),('9a747879-488e-4a56-be7a-098fdfb3c872','9a7477dd-edc5-48d9-8b86-4a187574fa90','9a74786d-fc05-4b9c-acfe-cad8fb943e3a','9a7477e5-c9ac-4344-9f9d-943814c39e78'),('9a747879-4a5a-4e32-b6d2-6428b440ad98','9a7477dd-5fad-46d3-8224-a95036768ede','9a74786d-fc05-4b9c-acfe-cad8fb943e3a','9a7477de-48e4-4e89-90d8-a440564ba86b'),('9a747879-4c6d-4767-bebb-fdaf96d82cfe','9a7477dd-edc5-48d9-8b86-4a187574fa90','9a74786e-04d0-445b-bc6a-9eb976025d0b','9a7477e6-435e-43b5-a5e5-da8058ab5793'),('9a747879-4e8e-4eb0-a10e-54e555078942','9a7477dd-5fad-46d3-8224-a95036768ede','9a74786e-04d0-445b-bc6a-9eb976025d0b','9a7477de-ee03-4cfd-b546-9b24f4d96c35'),('9a747879-5063-45e4-b30c-6829eb72f870','9a7477dd-edc5-48d9-8b86-4a187574fa90','9a74786e-0d01-44a7-9921-8e1aef285be2','9a7477e6-435e-43b5-a5e5-da8058ab5793'),('9a747879-522b-4973-b4ba-e8b5e6a9d25c','9a7477dd-5fad-46d3-8224-a95036768ede','9a74786e-0d01-44a7-9921-8e1aef285be2','9a7477de-ee03-4cfd-b546-9b24f4d96c35'),('9a747879-542c-4015-bd2b-c99b22b66815','9a7477dd-edc5-48d9-8b86-4a187574fa90','9a74786e-158b-4e7a-b6da-2a5344560bfe','9a7477e6-435e-43b5-a5e5-da8058ab5793'),('9a747879-562c-4c5c-9886-64ec21940b28','9a7477dd-5fad-46d3-8224-a95036768ede','9a74786e-158b-4e7a-b6da-2a5344560bfe','9a7477de-bb63-4440-be8c-ecb62e5364e8'),('9a747879-5825-40ce-aff0-df7c7a986e39','9a7477dd-edc5-48d9-8b86-4a187574fa90','9a74786e-1de5-4787-9e32-afbf9e266b17','9a7477e6-435e-43b5-a5e5-da8058ab5793'),('9a747879-5a16-4dc9-9ce8-7984a9db07b6','9a7477dd-5fad-46d3-8224-a95036768ede','9a74786e-1de5-4787-9e32-afbf9e266b17','9a7477de-8857-4bd2-9753-567e36d872fa'),('9a747879-5be2-4274-b799-25f7a832b2fa','9a7477dd-edc5-48d9-8b86-4a187574fa90','9a74786e-25b2-4be6-b448-26d6341599de','9a7477e6-435e-43b5-a5e5-da8058ab5793'),('9a747879-5deb-49a5-8740-1bdc81de370e','9a7477dd-5fad-46d3-8224-a95036768ede','9a74786e-25b2-4be6-b448-26d6341599de','9a7477de-48e4-4e89-90d8-a440564ba86b'),('9a747879-5ff1-422c-84dc-a15c6d1bab34','9a7477dd-edc5-48d9-8b86-4a187574fa90','9a74786e-2e88-4891-aed1-dd5d1a0a9350','9a7477e4-cbab-4267-af7f-2298bc406147'),('9a747879-61f6-4cf2-ba2c-c3b95081def0','9a7477dd-5fad-46d3-8224-a95036768ede','9a74786e-2e88-4891-aed1-dd5d1a0a9350','9a7477df-403e-4940-bf65-db4d0d737e0a'),('9a747879-6473-4cb5-bfc5-704ac92ab948','9a7477dd-edc5-48d9-8b86-4a187574fa90','9a74786e-366b-40b9-a50b-ba0a915c07d9','9a7477e4-cbab-4267-af7f-2298bc406147'),('9a747879-663b-4072-b5c7-aae35c5ede31','9a7477dd-5fad-46d3-8224-a95036768ede','9a74786e-366b-40b9-a50b-ba0a915c07d9','9a7477de-ee03-4cfd-b546-9b24f4d96c35'),('9a747879-6866-4a22-9d6a-eecb0fe696b3','9a7477dd-edc5-48d9-8b86-4a187574fa90','9a74786e-3e96-4a16-8862-69fbdb80715c','9a7477e4-cbab-4267-af7f-2298bc406147'),('9a747879-6a51-4cc9-9a50-da3aadde9c54','9a7477dd-5fad-46d3-8224-a95036768ede','9a74786e-3e96-4a16-8862-69fbdb80715c','9a7477de-bb63-4440-be8c-ecb62e5364e8'),('9a747879-6c03-4489-8fcc-0fbccc270d6f','9a7477dd-edc5-48d9-8b86-4a187574fa90','9a74786e-46d2-427b-8e56-ebd86c991b1e','9a7477e4-cbab-4267-af7f-2298bc406147'),('9a747879-6e30-4530-a015-1d05c3d43fb4','9a7477dd-5fad-46d3-8224-a95036768ede','9a74786e-46d2-427b-8e56-ebd86c991b1e','9a7477de-8857-4bd2-9753-567e36d872fa'),('9a747879-700a-4d60-a440-479109f62977','9a7477dd-edc5-48d9-8b86-4a187574fa90','9a74786e-4f2c-4c50-8646-87b1534bfba5','9a7477e4-cbab-4267-af7f-2298bc406147'),('9a747879-71d3-47a5-8704-04aef1f3c863','9a7477dd-5fad-46d3-8224-a95036768ede','9a74786e-4f2c-4c50-8646-87b1534bfba5','9a7477de-48e4-4e89-90d8-a440564ba86b'),('9a747879-73da-42fe-9187-f87d5c34f538','9a7477dd-edc5-48d9-8b86-4a187574fa90','9a74786e-584e-4d12-ac33-f0886b011a04','9a7477e3-f10a-4a24-81b0-4bb604e48ef4'),('9a747879-75c3-4601-a43c-6351698af976','9a7477dd-5fad-46d3-8224-a95036768ede','9a74786e-584e-4d12-ac33-f0886b011a04','9a7477df-403e-4940-bf65-db4d0d737e0a'),('9a747879-77e1-4d0b-92f4-baf36db80c87','9a7477dd-edc5-48d9-8b86-4a187574fa90','9a74786e-6084-40c0-b6b8-dee8aa4cf807','9a7477e3-f10a-4a24-81b0-4bb604e48ef4'),('9a747879-799c-4bb4-8840-1aaccca76bcf','9a7477dd-5fad-46d3-8224-a95036768ede','9a74786e-6084-40c0-b6b8-dee8aa4cf807','9a7477de-ee03-4cfd-b546-9b24f4d96c35'),('9a747879-7bb4-4811-b7e9-d4b85a6f23fa','9a7477dd-edc5-48d9-8b86-4a187574fa90','9a74786e-6823-4c2e-8ec2-7293575e431a','9a7477e3-f10a-4a24-81b0-4bb604e48ef4'),('9a747879-7d9e-42b5-ba71-5d9b3a21bc7d','9a7477dd-5fad-46d3-8224-a95036768ede','9a74786e-6823-4c2e-8ec2-7293575e431a','9a7477de-bb63-4440-be8c-ecb62e5364e8'),('9a747879-7f75-4286-be12-d3f729c1c883','9a7477dd-edc5-48d9-8b86-4a187574fa90','9a74786e-7067-43f6-b425-c11a38c85561','9a7477e3-f10a-4a24-81b0-4bb604e48ef4'),('9a747879-815a-4e6d-8d8e-e8f243fc7274','9a7477dd-5fad-46d3-8224-a95036768ede','9a74786e-7067-43f6-b425-c11a38c85561','9a7477de-8857-4bd2-9753-567e36d872fa'),('9a747879-831e-4b07-acf2-5749eddb181f','9a7477dd-edc5-48d9-8b86-4a187574fa90','9a74786e-786c-4a39-a267-4006884c9788','9a7477e3-f10a-4a24-81b0-4bb604e48ef4'),('9a747879-851a-4fcf-9a46-c5df76e2f5f4','9a7477dd-5fad-46d3-8224-a95036768ede','9a74786e-786c-4a39-a267-4006884c9788','9a7477de-48e4-4e89-90d8-a440564ba86b'),('9a747879-86ef-44b6-8410-d67741623a8c','9a7477dd-edc5-48d9-8b86-4a187574fa90','9a74786e-804e-4d08-a3aa-c71b774f35b7','9a7477e6-435e-43b5-a5e5-da8058ab5793'),('9a747879-88e9-40ab-af0b-375c1df2579c','9a7477dd-5fad-46d3-8224-a95036768ede','9a74786e-804e-4d08-a3aa-c71b774f35b7','9a7477de-ee03-4cfd-b546-9b24f4d96c35'),('9a747879-8ac5-486f-aaa4-6d425d1f66b0','9a7477dd-edc5-48d9-8b86-4a187574fa90','9a74786e-886f-49c5-825b-2bb147c183ad','9a7477e6-435e-43b5-a5e5-da8058ab5793'),('9a747879-8c9a-42a6-b68f-1b73d5977562','9a7477dd-5fad-46d3-8224-a95036768ede','9a74786e-886f-49c5-825b-2bb147c183ad','9a7477de-ee03-4cfd-b546-9b24f4d96c35'),('9a747879-8ecd-41ca-bc17-1f6d2efab69d','9a7477dd-edc5-48d9-8b86-4a187574fa90','9a74786e-905e-41e5-9b1d-9318bc6f2178','9a7477e6-435e-43b5-a5e5-da8058ab5793'),('9a747879-90c9-4cca-a745-bb7328b180f4','9a7477dd-5fad-46d3-8224-a95036768ede','9a74786e-905e-41e5-9b1d-9318bc6f2178','9a7477de-bb63-4440-be8c-ecb62e5364e8'),('9a747879-92a2-46aa-97c3-8b79c9477a3e','9a7477dd-edc5-48d9-8b86-4a187574fa90','9a74786e-9898-4a5c-ae12-bc1959cd885a','9a7477e6-435e-43b5-a5e5-da8058ab5793'),('9a747879-94a6-428f-ab86-fdd7554befeb','9a7477dd-5fad-46d3-8224-a95036768ede','9a74786e-9898-4a5c-ae12-bc1959cd885a','9a7477de-8857-4bd2-9753-567e36d872fa'),('9a747879-96ac-4685-960f-9c171560d05d','9a7477dd-edc5-48d9-8b86-4a187574fa90','9a74786e-a0a4-4d40-a092-004489d2b1fe','9a7477e6-435e-43b5-a5e5-da8058ab5793'),('9a747879-9884-43a1-b8ee-11e132a32113','9a7477dd-5fad-46d3-8224-a95036768ede','9a74786e-a0a4-4d40-a092-004489d2b1fe','9a7477de-48e4-4e89-90d8-a440564ba86b'),('9a747879-9a72-4ed5-8c8f-b1558d25facf','9a7477dd-edc5-48d9-8b86-4a187574fa90','9a74786e-a943-4063-98c4-c4f1b31682cd','9a7477e4-cbab-4267-af7f-2298bc406147'),('9a747879-9c8f-4333-bb4d-ff23589a68e8','9a7477dd-5fad-46d3-8224-a95036768ede','9a74786e-a943-4063-98c4-c4f1b31682cd','9a7477df-403e-4940-bf65-db4d0d737e0a'),('9a747879-9e73-4016-bd46-45c472e90e77','9a7477dd-edc5-48d9-8b86-4a187574fa90','9a74786e-b131-4c9c-9ad1-9bdc4c0b387d','9a7477e4-cbab-4267-af7f-2298bc406147'),('9a747879-a07d-4e95-9d61-1c5e14f674f4','9a7477dd-5fad-46d3-8224-a95036768ede','9a74786e-b131-4c9c-9ad1-9bdc4c0b387d','9a7477de-ee03-4cfd-b546-9b24f4d96c35'),('9a747879-a28f-4fe0-89e8-247e4b62538c','9a7477dd-edc5-48d9-8b86-4a187574fa90','9a74786e-b8b1-4ebd-a4c7-dec42305cee4','9a7477e4-cbab-4267-af7f-2298bc406147'),('9a747879-a474-4d93-a188-2c40271097f3','9a7477dd-5fad-46d3-8224-a95036768ede','9a74786e-b8b1-4ebd-a4c7-dec42305cee4','9a7477de-bb63-4440-be8c-ecb62e5364e8'),('9a747879-a62e-45b1-829b-8dc1b7e13376','9a7477dd-edc5-48d9-8b86-4a187574fa90','9a74786e-c099-4e33-bca8-a220977d0402','9a7477e4-cbab-4267-af7f-2298bc406147'),('9a747879-a846-48e1-9344-7632205efb21','9a7477dd-5fad-46d3-8224-a95036768ede','9a74786e-c099-4e33-bca8-a220977d0402','9a7477de-8857-4bd2-9753-567e36d872fa'),('9a747879-aa42-4e5f-93a0-4ddfef61b12d','9a7477dd-edc5-48d9-8b86-4a187574fa90','9a74786e-c841-4315-bb90-c4fafcbd1a64','9a7477e4-cbab-4267-af7f-2298bc406147'),('9a747879-ac20-40ee-b697-bf96c513d171','9a7477dd-5fad-46d3-8224-a95036768ede','9a74786e-c841-4315-bb90-c4fafcbd1a64','9a7477de-48e4-4e89-90d8-a440564ba86b'),('9a747879-ae21-443f-bc29-488dc9dc2e3a','9a7477dd-edc5-48d9-8b86-4a187574fa90','9a74786e-d03c-47ca-978e-0b02b3d5c68d','9a7477e4-435c-4e0f-9399-999b54e8f74e'),('9a747879-b038-4566-bcc2-63f8064da0c9','9a7477dd-5fad-46d3-8224-a95036768ede','9a74786e-d03c-47ca-978e-0b02b3d5c68d','9a7477df-403e-4940-bf65-db4d0d737e0a'),('9a747879-b214-47b8-9106-f674300aa8d5','9a7477dd-edc5-48d9-8b86-4a187574fa90','9a74786e-d8af-4a8b-9224-ec709ec80c3e','9a7477e4-435c-4e0f-9399-999b54e8f74e'),('9a747879-b3f8-41c1-a8f7-9c01b8a9eb8d','9a7477dd-5fad-46d3-8224-a95036768ede','9a74786e-d8af-4a8b-9224-ec709ec80c3e','9a7477de-ee03-4cfd-b546-9b24f4d96c35'),('9a747879-b5ed-4040-8787-2928e024e6cd','9a7477dd-edc5-48d9-8b86-4a187574fa90','9a74786e-e1a3-4276-84f7-8e73cd5b080a','9a7477e4-435c-4e0f-9399-999b54e8f74e'),('9a747879-b7d8-4e71-b57e-236f5eec7616','9a7477dd-5fad-46d3-8224-a95036768ede','9a74786e-e1a3-4276-84f7-8e73cd5b080a','9a7477de-bb63-4440-be8c-ecb62e5364e8'),('9a747879-b9e0-44db-8fa7-61f89d3c4388','9a7477dd-edc5-48d9-8b86-4a187574fa90','9a74786e-ea5b-4769-a545-1992018d607d','9a7477e4-435c-4e0f-9399-999b54e8f74e'),('9a747879-bc4a-496f-b513-3f81dfacfd09','9a7477dd-5fad-46d3-8224-a95036768ede','9a74786e-ea5b-4769-a545-1992018d607d','9a7477de-8857-4bd2-9753-567e36d872fa'),('9a747879-be40-42dc-acd9-6a5b5fd38ad2','9a7477dd-edc5-48d9-8b86-4a187574fa90','9a74786e-f2c8-4db9-a8b0-5b1bdfc10756','9a7477e4-435c-4e0f-9399-999b54e8f74e'),('9a747879-bff9-4f4e-91cd-94def8ecadee','9a7477dd-5fad-46d3-8224-a95036768ede','9a74786e-f2c8-4db9-a8b0-5b1bdfc10756','9a7477de-48e4-4e89-90d8-a440564ba86b'),('9a747879-c1e6-44d5-bf58-5c3126edeb02','9a7477dd-edc5-48d9-8b86-4a187574fa90','9a74786e-fa84-4c84-9610-c036d2670f36','9a7477e4-cbab-4267-af7f-2298bc406147'),('9a747879-c3f5-441f-99c7-8469176795df','9a7477dd-5fad-46d3-8224-a95036768ede','9a74786e-fa84-4c84-9610-c036d2670f36','9a7477e0-9db0-4ef3-a19b-ccfcb05161ad'),('9a747879-c5ca-4f9a-900f-2e647c6d61d7','9a7477dd-edc5-48d9-8b86-4a187574fa90','9a74786f-0279-4593-bbb6-7162ab703f97','9a7477e4-cbab-4267-af7f-2298bc406147'),('9a747879-c782-4624-b740-5d27ca71d640','9a7477dd-5fad-46d3-8224-a95036768ede','9a74786f-0279-4593-bbb6-7162ab703f97','9a7477e0-5850-4fd6-9a7b-0536475dfa8b'),('9a747879-c973-4f87-8672-2046ca93ce28','9a7477dd-edc5-48d9-8b86-4a187574fa90','9a74786f-0aee-4027-9e70-dceae2df7dc6','9a7477e4-cbab-4267-af7f-2298bc406147'),('9a747879-cb43-4dc4-a675-0c6db0c7158c','9a7477dd-5fad-46d3-8224-a95036768ede','9a74786f-0aee-4027-9e70-dceae2df7dc6','9a7477e0-0336-469c-a7da-3000b4c02783'),('9a747879-cd4c-4bd7-b372-0d28bb9529f5','9a7477dd-edc5-48d9-8b86-4a187574fa90','9a74786f-12ae-4c18-a902-843c699424ea','9a7477e4-cbab-4267-af7f-2298bc406147'),('9a747879-cf86-4c3c-8af7-96a46b6e3a83','9a7477dd-5fad-46d3-8224-a95036768ede','9a74786f-12ae-4c18-a902-843c699424ea','9a7477df-cd58-44b0-b7f0-bccedc48e04c'),('9a747879-d18d-4d55-8cad-a63b2dedb8b0','9a7477dd-edc5-48d9-8b86-4a187574fa90','9a74786f-1aa8-4d2e-a6fe-7a884c1e74b1','9a7477e4-cbab-4267-af7f-2298bc406147'),('9a747879-d38c-40ac-b759-5e1024eeb2bb','9a7477dd-5fad-46d3-8224-a95036768ede','9a74786f-1aa8-4d2e-a6fe-7a884c1e74b1','9a7477df-7818-406b-ac1f-b0a798b7f71b'),('9a747879-d5b4-4c3d-9641-ace64a1e3766','9a7477dd-edc5-48d9-8b86-4a187574fa90','9a74786f-225f-4c35-a5f7-6d31bb2dd4e2','9a7477e5-c9ac-4344-9f9d-943814c39e78'),('9a747879-d7cf-4d17-9eb1-6dbe0391678f','9a7477dd-5fad-46d3-8224-a95036768ede','9a74786f-225f-4c35-a5f7-6d31bb2dd4e2','9a7477e0-9db0-4ef3-a19b-ccfcb05161ad'),('9a747879-d9ef-4b91-9655-ac928ef5e2ff','9a7477dd-edc5-48d9-8b86-4a187574fa90','9a74786f-2a58-4fea-b936-9313003c9364','9a7477e5-c9ac-4344-9f9d-943814c39e78'),('9a747879-dbce-4614-8f59-d90326f437f0','9a7477dd-5fad-46d3-8224-a95036768ede','9a74786f-2a58-4fea-b936-9313003c9364','9a7477e0-5850-4fd6-9a7b-0536475dfa8b'),('9a747879-ddd4-4a34-bdae-3287bc686dc7','9a7477dd-edc5-48d9-8b86-4a187574fa90','9a74786f-32c4-4e2a-ad53-c56f9f369235','9a7477e5-c9ac-4344-9f9d-943814c39e78'),('9a747879-dfc4-41d0-aaf6-dc7206d5bf8a','9a7477dd-5fad-46d3-8224-a95036768ede','9a74786f-32c4-4e2a-ad53-c56f9f369235','9a7477e0-0336-469c-a7da-3000b4c02783'),('9a747879-e1d2-4a0a-92c7-5cf3fa4f672b','9a7477dd-edc5-48d9-8b86-4a187574fa90','9a74786f-3a3f-47fc-b202-b7aaef7ad7a0','9a7477e5-c9ac-4344-9f9d-943814c39e78'),('9a747879-e431-4f95-8864-808ed430a97f','9a7477dd-5fad-46d3-8224-a95036768ede','9a74786f-3a3f-47fc-b202-b7aaef7ad7a0','9a7477df-cd58-44b0-b7f0-bccedc48e04c'),('9a747879-e660-418b-b3e3-894d222f2c45','9a7477dd-edc5-48d9-8b86-4a187574fa90','9a74786f-42a3-477a-8161-3a36d808a007','9a7477e5-c9ac-4344-9f9d-943814c39e78'),('9a747879-e836-48d4-8fa5-c7a817f45d40','9a7477dd-5fad-46d3-8224-a95036768ede','9a74786f-42a3-477a-8161-3a36d808a007','9a7477df-7818-406b-ac1f-b0a798b7f71b'),('9a747879-ea62-4235-bb6c-6577da7269bc','9a7477dd-edc5-48d9-8b86-4a187574fa90','9a74786f-4a3e-4bbc-b75f-4146a523f8c9','9a7477e3-f10a-4a24-81b0-4bb604e48ef4'),('9a747879-ec47-4d31-a856-1a2c6af00367','9a7477dd-5fad-46d3-8224-a95036768ede','9a74786f-4a3e-4bbc-b75f-4146a523f8c9','9a7477df-403e-4940-bf65-db4d0d737e0a'),('9a747879-ee2c-4975-ba61-c3927312dc7b','9a7477dd-edc5-48d9-8b86-4a187574fa90','9a74786f-52ad-41c9-99ec-cb9af6346909','9a7477e3-f10a-4a24-81b0-4bb604e48ef4'),('9a747879-f03b-45b3-8a56-86f6e0d16ef8','9a7477dd-5fad-46d3-8224-a95036768ede','9a74786f-52ad-41c9-99ec-cb9af6346909','9a7477de-ee03-4cfd-b546-9b24f4d96c35'),('9a747879-f248-4995-9e67-54a98ab198fb','9a7477dd-edc5-48d9-8b86-4a187574fa90','9a74786f-5b2e-4640-96ca-01d14c415a84','9a7477e3-f10a-4a24-81b0-4bb604e48ef4'),('9a747879-f43c-47c5-989e-41761eb70028','9a7477dd-5fad-46d3-8224-a95036768ede','9a74786f-5b2e-4640-96ca-01d14c415a84','9a7477de-bb63-4440-be8c-ecb62e5364e8'),('9a747879-f62f-448e-80c1-106d5ba38e7b','9a7477dd-edc5-48d9-8b86-4a187574fa90','9a74786f-6336-42e0-902a-bda2ae4283ed','9a7477e3-f10a-4a24-81b0-4bb604e48ef4'),('9a747879-f84d-47b7-8c61-138b3f10be39','9a7477dd-5fad-46d3-8224-a95036768ede','9a74786f-6336-42e0-902a-bda2ae4283ed','9a7477de-8857-4bd2-9753-567e36d872fa'),('9a747879-fa39-44c0-9f6c-6ed3b1ee45f4','9a7477dd-edc5-48d9-8b86-4a187574fa90','9a74786f-6c23-4478-81e3-aa6cb2e391d8','9a7477e3-f10a-4a24-81b0-4bb604e48ef4'),('9a747879-fc22-4b84-b56e-c13b1502ef49','9a7477dd-5fad-46d3-8224-a95036768ede','9a74786f-6c23-4478-81e3-aa6cb2e391d8','9a7477de-48e4-4e89-90d8-a440564ba86b'),('9a747879-fe29-4de4-b77f-79a62d257573','9a7477dd-edc5-48d9-8b86-4a187574fa90','9a74786f-743f-4b99-bc5c-1359e01e1e79','9a7477e4-cbab-4267-af7f-2298bc406147'),('9a74787a-0029-4edb-8342-ad5f1b073d95','9a7477dd-5fad-46d3-8224-a95036768ede','9a74786f-743f-4b99-bc5c-1359e01e1e79','9a7477df-403e-4940-bf65-db4d0d737e0a'),('9a74787a-0275-4a0f-8b2f-44651f7504e6','9a7477dd-edc5-48d9-8b86-4a187574fa90','9a74786f-7cd8-41c3-8f9b-61108f1510e1','9a7477e4-cbab-4267-af7f-2298bc406147'),('9a74787a-04e8-44d6-91d8-159c8e50d88c','9a7477dd-5fad-46d3-8224-a95036768ede','9a74786f-7cd8-41c3-8f9b-61108f1510e1','9a7477de-ee03-4cfd-b546-9b24f4d96c35'),('9a74787a-06f4-471d-8ea6-0b5bd860c79e','9a7477dd-edc5-48d9-8b86-4a187574fa90','9a74786f-84f1-4f46-89e0-d121bc6ed775','9a7477e4-cbab-4267-af7f-2298bc406147'),('9a74787a-0901-4a48-809d-34cc7df70e4d','9a7477dd-5fad-46d3-8224-a95036768ede','9a74786f-84f1-4f46-89e0-d121bc6ed775','9a7477de-bb63-4440-be8c-ecb62e5364e8'),('9a74787a-0b3a-47d5-b333-a0f095d9dcd8','9a7477dd-edc5-48d9-8b86-4a187574fa90','9a74786f-8e42-451b-849f-489f878fd6cd','9a7477e4-cbab-4267-af7f-2298bc406147'),('9a74787a-0d35-4c5d-a435-3d180a1f3f5a','9a7477dd-5fad-46d3-8224-a95036768ede','9a74786f-8e42-451b-849f-489f878fd6cd','9a7477de-8857-4bd2-9753-567e36d872fa'),('9a74787a-0f62-464b-9940-a02789173423','9a7477dd-edc5-48d9-8b86-4a187574fa90','9a74786f-96c0-4038-8487-54d04dfb1c3a','9a7477e4-cbab-4267-af7f-2298bc406147'),('9a74787a-1177-42b5-b57c-2b8ba684fb4e','9a7477dd-5fad-46d3-8224-a95036768ede','9a74786f-96c0-4038-8487-54d04dfb1c3a','9a7477de-48e4-4e89-90d8-a440564ba86b'),('9a74787a-137d-43e1-ad07-429a124f73f1','9a7477dd-edc5-48d9-8b86-4a187574fa90','9a74786f-9ef0-4b9a-b511-4455038c6eae','9a7477e3-6a9a-48b2-a9bc-e40c58147534'),('9a74787a-1587-4c32-a383-08829dddce53','9a7477dd-5fad-46d3-8224-a95036768ede','9a74786f-9ef0-4b9a-b511-4455038c6eae','9a7477e0-9db0-4ef3-a19b-ccfcb05161ad'),('9a74787a-194d-4c09-aaf0-43911deb93ba','9a7477dd-edc5-48d9-8b86-4a187574fa90','9a74786f-aac1-4eb0-bfc9-32c12d492af4','9a7477e3-6a9a-48b2-a9bc-e40c58147534'),('9a74787a-1b4e-426f-beb2-3c56e376012f','9a7477dd-5fad-46d3-8224-a95036768ede','9a74786f-aac1-4eb0-bfc9-32c12d492af4','9a7477e0-5850-4fd6-9a7b-0536475dfa8b'),('9a74787a-1d9d-4217-adee-cb76f8225229','9a7477dd-edc5-48d9-8b86-4a187574fa90','9a74786f-b48a-4112-81ab-465ba3a245ad','9a7477e3-6a9a-48b2-a9bc-e40c58147534'),('9a74787a-2001-46d9-9258-9388018977c5','9a7477dd-5fad-46d3-8224-a95036768ede','9a74786f-b48a-4112-81ab-465ba3a245ad','9a7477e0-0336-469c-a7da-3000b4c02783'),('9a74787a-2222-44e1-94e1-0e2aed69de36','9a7477dd-edc5-48d9-8b86-4a187574fa90','9a74786f-c1e9-470c-93c1-fbc836fb6a88','9a7477e3-6a9a-48b2-a9bc-e40c58147534'),('9a74787a-243d-4c87-9ba7-15f24deb25bc','9a7477dd-5fad-46d3-8224-a95036768ede','9a74786f-c1e9-470c-93c1-fbc836fb6a88','9a7477df-cd58-44b0-b7f0-bccedc48e04c'),('9a74787a-263f-49e2-b2f9-72d62402d236','9a7477dd-edc5-48d9-8b86-4a187574fa90','9a74786f-cd6a-4a8a-8211-3e5c091a34f6','9a7477e3-6a9a-48b2-a9bc-e40c58147534'),('9a74787a-281d-4997-aa2f-e3c611c76b51','9a7477dd-5fad-46d3-8224-a95036768ede','9a74786f-cd6a-4a8a-8211-3e5c091a34f6','9a7477df-7818-406b-ac1f-b0a798b7f71b'),('9a74787a-2a01-4381-a43d-e9ba229200ae','9a7477dd-edc5-48d9-8b86-4a187574fa90','9a74786f-d8ac-4627-b3f4-0d3bd2e6dca9','9a7477e4-435c-4e0f-9399-999b54e8f74e'),('9a74787a-2c37-43b8-9eb5-771ca655ab9c','9a7477dd-5fad-46d3-8224-a95036768ede','9a74786f-d8ac-4627-b3f4-0d3bd2e6dca9','9a7477e0-9db0-4ef3-a19b-ccfcb05161ad'),('9a74787a-2e23-473e-9cbb-4f2431e51beb','9a7477dd-edc5-48d9-8b86-4a187574fa90','9a74786f-e48e-4600-b40f-20e23883e036','9a7477e4-435c-4e0f-9399-999b54e8f74e'),('9a74787a-3023-4a03-a777-8bc4b7e02370','9a7477dd-5fad-46d3-8224-a95036768ede','9a74786f-e48e-4600-b40f-20e23883e036','9a7477e0-5850-4fd6-9a7b-0536475dfa8b'),('9a74787a-3260-4355-ac8c-e55711abe6e1','9a7477dd-edc5-48d9-8b86-4a187574fa90','9a74786f-eecd-4af2-8472-453dafd322f0','9a7477e4-435c-4e0f-9399-999b54e8f74e'),('9a74787a-3447-42de-a68e-7c5cb17d577e','9a7477dd-5fad-46d3-8224-a95036768ede','9a74786f-eecd-4af2-8472-453dafd322f0','9a7477e0-0336-469c-a7da-3000b4c02783'),('9a74787a-363a-4e1d-bdd1-b83698809f7d','9a7477dd-edc5-48d9-8b86-4a187574fa90','9a74786f-f82d-4114-b6df-6b3fe732024c','9a7477e4-435c-4e0f-9399-999b54e8f74e'),('9a74787a-3860-4fef-b071-098241185d4d','9a7477dd-5fad-46d3-8224-a95036768ede','9a74786f-f82d-4114-b6df-6b3fe732024c','9a7477df-cd58-44b0-b7f0-bccedc48e04c'),('9a74787a-3a76-4849-aa86-a35ec3cb4667','9a7477dd-edc5-48d9-8b86-4a187574fa90','9a747870-022d-4fec-b3c7-73621bc5bcb7','9a7477e4-435c-4e0f-9399-999b54e8f74e'),('9a74787a-3c5c-4449-b264-00eceb7edc3a','9a7477dd-5fad-46d3-8224-a95036768ede','9a747870-022d-4fec-b3c7-73621bc5bcb7','9a7477df-7818-406b-ac1f-b0a798b7f71b'),('9a74787a-3e68-4a09-96cf-6fa3650fe54e','9a7477dd-edc5-48d9-8b86-4a187574fa90','9a747870-0c8c-4ee2-a677-70c4bf63d328','9a7477e3-2313-4194-8880-8fbc0a027e88'),('9a74787a-4097-47e2-bdc0-cbb73ed02357','9a7477dd-5fad-46d3-8224-a95036768ede','9a747870-0c8c-4ee2-a677-70c4bf63d328','9a7477e0-9db0-4ef3-a19b-ccfcb05161ad'),('9a74787a-426f-4010-98e4-d4da1c11015c','9a7477dd-edc5-48d9-8b86-4a187574fa90','9a747870-16cb-4f0e-813a-b49a06714e1b','9a7477e3-2313-4194-8880-8fbc0a027e88'),('9a74787a-449b-41d9-ab68-b9e6d461c3d5','9a7477dd-5fad-46d3-8224-a95036768ede','9a747870-16cb-4f0e-813a-b49a06714e1b','9a7477e0-5850-4fd6-9a7b-0536475dfa8b'),('9a74787a-467e-4baa-b3ea-59d955183400','9a7477dd-edc5-48d9-8b86-4a187574fa90','9a747870-204f-4afe-b2f0-5a862ddcb266','9a7477e3-2313-4194-8880-8fbc0a027e88'),('9a74787a-4bea-48c8-82b6-0e2a238dd17a','9a7477dd-5fad-46d3-8224-a95036768ede','9a747870-204f-4afe-b2f0-5a862ddcb266','9a7477e0-0336-469c-a7da-3000b4c02783'),('9a74787a-4dc7-4c62-a13e-17ff7288d65c','9a7477dd-edc5-48d9-8b86-4a187574fa90','9a747870-287d-47d6-b4bf-3699f1acd087','9a7477e3-2313-4194-8880-8fbc0a027e88'),('9a74787a-4fbc-48dd-8c0c-e9c68439aa1f','9a7477dd-5fad-46d3-8224-a95036768ede','9a747870-287d-47d6-b4bf-3699f1acd087','9a7477df-cd58-44b0-b7f0-bccedc48e04c'),('9a74787a-51e7-4585-8a93-adc647660dde','9a7477dd-edc5-48d9-8b86-4a187574fa90','9a747870-30cd-45a0-8e3f-b19b93280fba','9a7477e3-2313-4194-8880-8fbc0a027e88'),('9a74787a-53c9-4e0e-8f9a-db9e074cdd46','9a7477dd-5fad-46d3-8224-a95036768ede','9a747870-30cd-45a0-8e3f-b19b93280fba','9a7477df-7818-406b-ac1f-b0a798b7f71b'),('9a74787a-55ca-46b3-8ce7-3c24b08390f9','9a7477dd-edc5-48d9-8b86-4a187574fa90','9a747870-3934-4c02-baf2-4fb8e565dd8c','9a7477e5-147a-4e1c-957b-63a487119af3'),('9a74787a-57be-4b3d-81f1-63a3c4cca344','9a7477dd-5fad-46d3-8224-a95036768ede','9a747870-3934-4c02-baf2-4fb8e565dd8c','9a7477e0-9db0-4ef3-a19b-ccfcb05161ad'),('9a74787a-59d6-469e-9690-5305fe8d1758','9a7477dd-edc5-48d9-8b86-4a187574fa90','9a747870-413f-41ed-9e62-8368628d3216','9a7477e5-147a-4e1c-957b-63a487119af3'),('9a74787a-5bcd-4104-9150-0a4db782ea8a','9a7477dd-5fad-46d3-8224-a95036768ede','9a747870-413f-41ed-9e62-8368628d3216','9a7477e0-5850-4fd6-9a7b-0536475dfa8b'),('9a74787a-5dab-4a30-95d4-7de76e402ff0','9a7477dd-edc5-48d9-8b86-4a187574fa90','9a747870-4967-4219-b93d-4fe58ad6cb52','9a7477e5-147a-4e1c-957b-63a487119af3'),('9a74787a-5fab-4c7e-a621-01d99eec8e75','9a7477dd-5fad-46d3-8224-a95036768ede','9a747870-4967-4219-b93d-4fe58ad6cb52','9a7477e0-0336-469c-a7da-3000b4c02783'),('9a74787a-6197-4dae-9b3f-325a405ece9d','9a7477dd-edc5-48d9-8b86-4a187574fa90','9a747870-5171-4fbe-b5e4-b4e61e98e5a8','9a7477e5-147a-4e1c-957b-63a487119af3'),('9a74787a-637d-47e0-a02f-1560e4bac122','9a7477dd-5fad-46d3-8224-a95036768ede','9a747870-5171-4fbe-b5e4-b4e61e98e5a8','9a7477df-cd58-44b0-b7f0-bccedc48e04c'),('9a74787a-6583-41fb-866e-ec6ba579cfc6','9a7477dd-edc5-48d9-8b86-4a187574fa90','9a747870-5a67-4fd0-b0a0-97025171747a','9a7477e5-147a-4e1c-957b-63a487119af3'),('9a74787a-6764-4cb1-90b5-a92f265fffc0','9a7477dd-5fad-46d3-8224-a95036768ede','9a747870-5a67-4fd0-b0a0-97025171747a','9a7477df-7818-406b-ac1f-b0a798b7f71b'),('9a74787a-6938-404d-a00e-d14f67ec3bd7','9a7477dd-edc5-48d9-8b86-4a187574fa90','9a747870-629f-4ed4-9c5d-d823da2074c4','9a7477e4-435c-4e0f-9399-999b54e8f74e'),('9a74787a-6b11-4a17-b0dc-b9dbe9ecfb4d','9a7477dd-5fad-46d3-8224-a95036768ede','9a747870-629f-4ed4-9c5d-d823da2074c4','9a7477df-403e-4940-bf65-db4d0d737e0a'),('9a74787a-6d2b-4b58-8384-77900f77177b','9a7477dd-edc5-48d9-8b86-4a187574fa90','9a747870-6b7d-4eca-9cde-92b11873e350','9a7477e4-435c-4e0f-9399-999b54e8f74e'),('9a74787a-6f11-4e59-ad36-7524f806b285','9a7477dd-5fad-46d3-8224-a95036768ede','9a747870-6b7d-4eca-9cde-92b11873e350','9a7477de-ee03-4cfd-b546-9b24f4d96c35'),('9a74787a-70c6-4083-98bd-5671656f0add','9a7477dd-edc5-48d9-8b86-4a187574fa90','9a747870-7452-4596-90cf-e7064ec79a3d','9a7477e4-435c-4e0f-9399-999b54e8f74e'),('9a74787a-72e7-428e-b4ae-03b9d828fb4e','9a7477dd-5fad-46d3-8224-a95036768ede','9a747870-7452-4596-90cf-e7064ec79a3d','9a7477de-bb63-4440-be8c-ecb62e5364e8'),('9a74787a-7514-403e-9670-0b714ea0923f','9a7477dd-edc5-48d9-8b86-4a187574fa90','9a747870-7cb9-46ff-8bb9-cb0d9fec4bce','9a7477e4-435c-4e0f-9399-999b54e8f74e'),('9a74787a-7701-470f-97f7-f9bb9db48d02','9a7477dd-5fad-46d3-8224-a95036768ede','9a747870-7cb9-46ff-8bb9-cb0d9fec4bce','9a7477de-8857-4bd2-9753-567e36d872fa'),('9a74787a-7968-41e4-afec-0392a4129ae5','9a7477dd-edc5-48d9-8b86-4a187574fa90','9a747870-8532-4c38-813a-6a024f7150d4','9a7477e4-435c-4e0f-9399-999b54e8f74e'),('9a74787a-7b58-4ad5-ac8a-147fb5c01858','9a7477dd-5fad-46d3-8224-a95036768ede','9a747870-8532-4c38-813a-6a024f7150d4','9a7477de-48e4-4e89-90d8-a440564ba86b'),('9a74787a-7d5c-46cb-9bdd-91f8c8e816d5','9a7477dd-edc5-48d9-8b86-4a187574fa90','9a747870-8d59-476b-81c1-b747cd64316f','9a7477e5-147a-4e1c-957b-63a487119af3'),('9a74787a-7f9e-460d-9772-130364014605','9a7477dd-5fad-46d3-8224-a95036768ede','9a747870-8d59-476b-81c1-b747cd64316f','9a7477df-403e-4940-bf65-db4d0d737e0a'),('9a74787a-81bc-4816-818f-268f1fd70053','9a7477dd-edc5-48d9-8b86-4a187574fa90','9a747870-958a-4827-b193-b992e5a44f10','9a7477e5-147a-4e1c-957b-63a487119af3'),('9a74787a-839f-4df0-b35b-5d9fe38ed32d','9a7477dd-5fad-46d3-8224-a95036768ede','9a747870-958a-4827-b193-b992e5a44f10','9a7477de-ee03-4cfd-b546-9b24f4d96c35'),('9a74787a-85b5-4f2d-b0cc-931d7a805a8c','9a7477dd-edc5-48d9-8b86-4a187574fa90','9a747870-9df1-4d32-8a10-4a4b682eefc0','9a7477e5-147a-4e1c-957b-63a487119af3'),('9a74787a-87ab-4c7c-9beb-7c69e8c1240f','9a7477dd-5fad-46d3-8224-a95036768ede','9a747870-9df1-4d32-8a10-4a4b682eefc0','9a7477de-bb63-4440-be8c-ecb62e5364e8'),('9a74787a-899a-400c-817b-0d3e0b025232','9a7477dd-edc5-48d9-8b86-4a187574fa90','9a747870-a653-4027-b195-235e5f4d9d1d','9a7477e5-147a-4e1c-957b-63a487119af3'),('9a74787a-8b5a-46a3-b950-7b8ee333b117','9a7477dd-5fad-46d3-8224-a95036768ede','9a747870-a653-4027-b195-235e5f4d9d1d','9a7477de-8857-4bd2-9753-567e36d872fa'),('9a74787a-8d73-4812-b2a0-582725641414','9a7477dd-edc5-48d9-8b86-4a187574fa90','9a747870-ad6f-4b83-9122-f49b379810a2','9a7477e5-147a-4e1c-957b-63a487119af3'),('9a74787a-8f61-4dc2-9803-ccd4ee4134ce','9a7477dd-5fad-46d3-8224-a95036768ede','9a747870-ad6f-4b83-9122-f49b379810a2','9a7477de-48e4-4e89-90d8-a440564ba86b'),('9a74787a-9133-43c0-87dc-e60005a1cfd3','9a7477dd-edc5-48d9-8b86-4a187574fa90','9a747870-b605-4256-bd06-e067aa3bf6ef','9a7477e6-09f1-4448-ab40-d1c2b464fe95'),('9a74787a-934f-4ba3-b2a0-13ab2853efa8','9a7477dd-5fad-46d3-8224-a95036768ede','9a747870-b605-4256-bd06-e067aa3bf6ef','9a7477df-403e-4940-bf65-db4d0d737e0a'),('9a74787a-9529-414c-98f1-1d45b69e4fb9','9a7477dd-edc5-48d9-8b86-4a187574fa90','9a747870-bebc-4a69-bdb5-602bc740edae','9a7477e6-09f1-4448-ab40-d1c2b464fe95'),('9a74787a-9700-4deb-b7f9-29fa6d4b5530','9a7477dd-5fad-46d3-8224-a95036768ede','9a747870-bebc-4a69-bdb5-602bc740edae','9a7477de-ee03-4cfd-b546-9b24f4d96c35'),('9a74787a-991d-4624-83b9-e4e096d77f3b','9a7477dd-edc5-48d9-8b86-4a187574fa90','9a747870-c754-4bef-9646-eebdd8f33743','9a7477e6-09f1-4448-ab40-d1c2b464fe95'),('9a74787a-9b17-46f2-b754-108fd8fc1d91','9a7477dd-5fad-46d3-8224-a95036768ede','9a747870-c754-4bef-9646-eebdd8f33743','9a7477de-bb63-4440-be8c-ecb62e5364e8'),('9a74787a-9d02-4b86-a8db-f03182870256','9a7477dd-edc5-48d9-8b86-4a187574fa90','9a747870-d00f-41f2-a8ef-53782d99cb00','9a7477e6-09f1-4448-ab40-d1c2b464fe95'),('9a74787a-9eef-4bf2-a0c9-b9ee0e34ca59','9a7477dd-5fad-46d3-8224-a95036768ede','9a747870-d00f-41f2-a8ef-53782d99cb00','9a7477de-8857-4bd2-9753-567e36d872fa'),('9a74787a-a0ef-425f-a54c-f96586a919e6','9a7477dd-edc5-48d9-8b86-4a187574fa90','9a747870-d8af-40af-8d99-cf41c4df3528','9a7477e6-09f1-4448-ab40-d1c2b464fe95'),('9a74787a-a2ce-44d9-9c3d-4a83994b33a2','9a7477dd-5fad-46d3-8224-a95036768ede','9a747870-d8af-40af-8d99-cf41c4df3528','9a7477de-48e4-4e89-90d8-a440564ba86b'),('9a74787a-a498-4bd3-9f8b-0916ab22f4b5','9a7477dd-edc5-48d9-8b86-4a187574fa90','9a747870-e1d2-41aa-bbb6-e27eee5b0d16','9a7477e5-c9ac-4344-9f9d-943814c39e78'),('9a74787a-a6ae-42d2-866a-beb602070380','9a7477dd-5fad-46d3-8224-a95036768ede','9a747870-e1d2-41aa-bbb6-e27eee5b0d16','9a7477e0-9db0-4ef3-a19b-ccfcb05161ad'),('9a74787a-a8ae-45c0-9df4-a912fceb5935','9a7477dd-edc5-48d9-8b86-4a187574fa90','9a747870-ea85-46dc-9b57-a5eed147aaf4','9a7477e5-c9ac-4344-9f9d-943814c39e78'),('9a74787a-aa8f-4cf5-829e-b39541c7aceb','9a7477dd-5fad-46d3-8224-a95036768ede','9a747870-ea85-46dc-9b57-a5eed147aaf4','9a7477e0-5850-4fd6-9a7b-0536475dfa8b'),('9a74787a-ac9b-4903-a1c4-8588513ad0d0','9a7477dd-edc5-48d9-8b86-4a187574fa90','9a747870-f313-4dd2-bace-f0a8a880a979','9a7477e5-c9ac-4344-9f9d-943814c39e78'),('9a74787a-aeb1-490d-a669-b80e1ed57be5','9a7477dd-5fad-46d3-8224-a95036768ede','9a747870-f313-4dd2-bace-f0a8a880a979','9a7477e0-0336-469c-a7da-3000b4c02783'),('9a74787a-b09f-461d-9f31-cd4949bfd112','9a7477dd-edc5-48d9-8b86-4a187574fa90','9a747870-fb87-4fa5-8641-f938afca6bb1','9a7477e5-c9ac-4344-9f9d-943814c39e78'),('9a74787a-b2ad-4bfa-9d1a-a92fa1f506a9','9a7477dd-5fad-46d3-8224-a95036768ede','9a747870-fb87-4fa5-8641-f938afca6bb1','9a7477df-cd58-44b0-b7f0-bccedc48e04c'),('9a74787a-b4c0-4418-ae41-f7251df88ed8','9a7477dd-edc5-48d9-8b86-4a187574fa90','9a747871-03df-45c5-a81f-648b64e7e72e','9a7477e5-c9ac-4344-9f9d-943814c39e78'),('9a74787a-b6b2-4adc-b351-fbcb15443605','9a7477dd-5fad-46d3-8224-a95036768ede','9a747871-03df-45c5-a81f-648b64e7e72e','9a7477df-7818-406b-ac1f-b0a798b7f71b'),('9a74787a-b8af-4ff2-946d-a08a8df943e1','9a7477dd-edc5-48d9-8b86-4a187574fa90','9a747871-0be1-4e64-843e-2fa55edd1d7e','9a7477e4-cbab-4267-af7f-2298bc406147'),('9a74787a-bab5-4f42-9b28-5528067afb53','9a7477dd-5fad-46d3-8224-a95036768ede','9a747871-0be1-4e64-843e-2fa55edd1d7e','9a7477e0-9db0-4ef3-a19b-ccfcb05161ad'),('9a74787a-bc9d-46ea-b67e-0c6e6589e6a1','9a7477dd-edc5-48d9-8b86-4a187574fa90','9a747871-1380-4c02-ad4c-a7cc6aa7abac','9a7477e4-cbab-4267-af7f-2298bc406147'),('9a74787a-be8f-422f-9784-a28c35127cf8','9a7477dd-5fad-46d3-8224-a95036768ede','9a747871-1380-4c02-ad4c-a7cc6aa7abac','9a7477e0-5850-4fd6-9a7b-0536475dfa8b'),('9a74787a-c0c6-496f-9cab-6f63f65766ee','9a7477dd-edc5-48d9-8b86-4a187574fa90','9a747871-1c73-4727-9128-729ef47e977d','9a7477e4-cbab-4267-af7f-2298bc406147'),('9a74787a-c2d7-44c8-ad8b-8bbe7b78555b','9a7477dd-5fad-46d3-8224-a95036768ede','9a747871-1c73-4727-9128-729ef47e977d','9a7477e0-0336-469c-a7da-3000b4c02783'),('9a74787a-c4e8-4b31-aedb-34b473b39b9e','9a7477dd-edc5-48d9-8b86-4a187574fa90','9a747871-230d-46ef-bca5-6cc6a989885b','9a7477e4-cbab-4267-af7f-2298bc406147'),('9a74787a-c731-4844-b05b-c89186a44fbe','9a7477dd-5fad-46d3-8224-a95036768ede','9a747871-230d-46ef-bca5-6cc6a989885b','9a7477df-cd58-44b0-b7f0-bccedc48e04c'),('9a74787a-c977-4ee1-b5df-f698aa443b61','9a7477dd-edc5-48d9-8b86-4a187574fa90','9a747871-2af3-4a62-ba8e-5ab52ed3a308','9a7477e4-cbab-4267-af7f-2298bc406147'),('9a74787a-cb50-42dd-99e0-84e1c8a22825','9a7477dd-5fad-46d3-8224-a95036768ede','9a747871-2af3-4a62-ba8e-5ab52ed3a308','9a7477df-7818-406b-ac1f-b0a798b7f71b'),('9a74787a-cd94-40b1-813c-6d2a8be2f11c','9a7477dd-edc5-48d9-8b86-4a187574fa90','9a747871-3325-44f0-ad9a-9c31262e64ea','9a7477e2-1935-4bd5-8501-8dc617b4cc2e'),('9a74787a-cfa9-4561-8b5a-4a6deed6a4a0','9a7477dd-5fad-46d3-8224-a95036768ede','9a747871-3325-44f0-ad9a-9c31262e64ea','9a7477df-403e-4940-bf65-db4d0d737e0a'),('9a74787a-d1a7-4717-83bd-cd1cb2b9694e','9a7477dd-edc5-48d9-8b86-4a187574fa90','9a747871-3b3d-429d-bb05-f01d2c446b22','9a7477e2-1935-4bd5-8501-8dc617b4cc2e'),('9a74787a-d39b-4ac2-8868-4224a1899a0b','9a7477dd-5fad-46d3-8224-a95036768ede','9a747871-3b3d-429d-bb05-f01d2c446b22','9a7477de-ee03-4cfd-b546-9b24f4d96c35'),('9a74787a-d591-4d7f-85a1-00e67981c722','9a7477dd-edc5-48d9-8b86-4a187574fa90','9a747871-4392-466d-93bb-76bcbb3a4bd3','9a7477e2-1935-4bd5-8501-8dc617b4cc2e'),('9a74787a-d75d-49a4-b049-cf691b5c7755','9a7477dd-5fad-46d3-8224-a95036768ede','9a747871-4392-466d-93bb-76bcbb3a4bd3','9a7477de-bb63-4440-be8c-ecb62e5364e8'),('9a74787a-d923-4ac8-bf9f-fb84dc2d106c','9a7477dd-edc5-48d9-8b86-4a187574fa90','9a747871-4b45-4521-9b4a-608f11e19679','9a7477e2-1935-4bd5-8501-8dc617b4cc2e'),('9a74787a-db3b-46d2-b9aa-c808dbc48284','9a7477dd-5fad-46d3-8224-a95036768ede','9a747871-4b45-4521-9b4a-608f11e19679','9a7477de-8857-4bd2-9753-567e36d872fa'),('9a74787a-dd4a-4244-8fa7-1505099fff72','9a7477dd-edc5-48d9-8b86-4a187574fa90','9a747871-5334-45f5-b267-c56a3be16e76','9a7477e2-1935-4bd5-8501-8dc617b4cc2e'),('9a74787a-df2e-4b7b-82ee-b1b37c903d23','9a7477dd-5fad-46d3-8224-a95036768ede','9a747871-5334-45f5-b267-c56a3be16e76','9a7477de-48e4-4e89-90d8-a440564ba86b'),('9a74787a-e149-4dba-b570-0edbf55f4e36','9a7477dd-edc5-48d9-8b86-4a187574fa90','9a747871-5b1d-4002-a412-f5fdd466107b','9a7477e3-f10a-4a24-81b0-4bb604e48ef4'),('9a74787a-e323-4622-90ce-e773544c5ad4','9a7477dd-5fad-46d3-8224-a95036768ede','9a747871-5b1d-4002-a412-f5fdd466107b','9a7477df-403e-4940-bf65-db4d0d737e0a'),('9a74787a-e512-4c37-a5c7-e8b299af097d','9a7477dd-edc5-48d9-8b86-4a187574fa90','9a747871-6328-4421-b24c-db0518e1c216','9a7477e3-f10a-4a24-81b0-4bb604e48ef4'),('9a74787a-e724-4111-bad8-f59139ed669d','9a7477dd-5fad-46d3-8224-a95036768ede','9a747871-6328-4421-b24c-db0518e1c216','9a7477de-ee03-4cfd-b546-9b24f4d96c35'),('9a74787a-e920-422e-b804-352a2769f401','9a7477dd-edc5-48d9-8b86-4a187574fa90','9a747871-6af8-4bd7-adde-3b6be02360bd','9a7477e3-f10a-4a24-81b0-4bb604e48ef4'),('9a74787a-eb04-4b58-8994-ce7aa54b77bd','9a7477dd-5fad-46d3-8224-a95036768ede','9a747871-6af8-4bd7-adde-3b6be02360bd','9a7477de-bb63-4440-be8c-ecb62e5364e8'),('9a74787a-ece7-4d71-9d25-bdb6b094329f','9a7477dd-edc5-48d9-8b86-4a187574fa90','9a747871-732d-4e66-aa7b-8a660b394b9a','9a7477e3-f10a-4a24-81b0-4bb604e48ef4'),('9a74787a-ef01-4612-8301-f0747f2d0da1','9a7477dd-5fad-46d3-8224-a95036768ede','9a747871-732d-4e66-aa7b-8a660b394b9a','9a7477de-8857-4bd2-9753-567e36d872fa'),('9a74787a-f0e4-4866-9411-ce0a80db81d7','9a7477dd-edc5-48d9-8b86-4a187574fa90','9a747871-7b28-4caf-afb9-9a5c0a217bce','9a7477e3-f10a-4a24-81b0-4bb604e48ef4'),('9a74787a-f2a1-42b7-a4c1-0493cf9d5547','9a7477dd-5fad-46d3-8224-a95036768ede','9a747871-7b28-4caf-afb9-9a5c0a217bce','9a7477de-48e4-4e89-90d8-a440564ba86b'),('9a74787a-f4b9-4e65-a417-60d85235481b','9a7477dd-edc5-48d9-8b86-4a187574fa90','9a747871-8396-4cdd-a4b3-0c16279d5b38','9a7477e4-cbab-4267-af7f-2298bc406147'),('9a74787a-f6ae-4a27-961a-e7a7d584f76b','9a7477dd-5fad-46d3-8224-a95036768ede','9a747871-8396-4cdd-a4b3-0c16279d5b38','9a7477df-403e-4940-bf65-db4d0d737e0a'),('9a74787a-f88d-4167-bb74-555af30aed08','9a7477dd-edc5-48d9-8b86-4a187574fa90','9a747871-8c1d-40e0-95a8-c044768baedb','9a7477e4-cbab-4267-af7f-2298bc406147'),('9a74787a-fa70-46d8-91da-a1f396cc0df3','9a7477dd-5fad-46d3-8224-a95036768ede','9a747871-8c1d-40e0-95a8-c044768baedb','9a7477de-ee03-4cfd-b546-9b24f4d96c35'),('9a74787a-fc62-48ba-9161-e59fdd793405','9a7477dd-edc5-48d9-8b86-4a187574fa90','9a747871-93e0-410f-adff-00099aa1673d','9a7477e4-cbab-4267-af7f-2298bc406147'),('9a74787a-fe5e-414f-86eb-35f00d202b8c','9a7477dd-5fad-46d3-8224-a95036768ede','9a747871-93e0-410f-adff-00099aa1673d','9a7477de-bb63-4440-be8c-ecb62e5364e8'),('9a74787b-004f-47d2-b81d-0df696dc1f0a','9a7477dd-edc5-48d9-8b86-4a187574fa90','9a747871-9c40-4bc0-a85d-53ab5f155b97','9a7477e4-cbab-4267-af7f-2298bc406147'),('9a74787b-026a-444b-9a06-c55f2c2537cd','9a7477dd-5fad-46d3-8224-a95036768ede','9a747871-9c40-4bc0-a85d-53ab5f155b97','9a7477de-8857-4bd2-9753-567e36d872fa'),('9a74787b-0442-4202-92fd-8b20e2160c42','9a7477dd-edc5-48d9-8b86-4a187574fa90','9a747871-a43e-41ac-961e-3295f024144c','9a7477e4-cbab-4267-af7f-2298bc406147'),('9a74787b-061e-4897-82cd-a4e1855b398f','9a7477dd-5fad-46d3-8224-a95036768ede','9a747871-a43e-41ac-961e-3295f024144c','9a7477de-48e4-4e89-90d8-a440564ba86b'),('9a74787b-0835-479c-aeca-c05aac35ac02','9a7477dd-edc5-48d9-8b86-4a187574fa90','9a747871-ac8a-466f-99db-2419ff1a1c35','9a7477e6-a9e5-4cba-adcc-a9724fe0e363'),('9a74787b-0a26-4c67-bc58-dd270eef83c5','9a7477dd-5fad-46d3-8224-a95036768ede','9a747871-ac8a-466f-99db-2419ff1a1c35','9a7477df-403e-4940-bf65-db4d0d737e0a'),('9a74787b-0c12-4dee-ba0a-a0a4665ba8c2','9a7477dd-edc5-48d9-8b86-4a187574fa90','9a747871-b496-49a7-a22a-8f2ae85b0d4a','9a7477e6-a9e5-4cba-adcc-a9724fe0e363'),('9a74787b-0e20-4e8b-b2df-8968db55842d','9a7477dd-5fad-46d3-8224-a95036768ede','9a747871-b496-49a7-a22a-8f2ae85b0d4a','9a7477de-ee03-4cfd-b546-9b24f4d96c35'),('9a74787b-1028-4ded-a074-394f18db72be','9a7477dd-edc5-48d9-8b86-4a187574fa90','9a747871-bc9a-45c4-b80f-36c69e335ae1','9a7477e6-a9e5-4cba-adcc-a9724fe0e363'),('9a74787b-1205-43e4-8f53-ca530a6c5e42','9a7477dd-5fad-46d3-8224-a95036768ede','9a747871-bc9a-45c4-b80f-36c69e335ae1','9a7477de-bb63-4440-be8c-ecb62e5364e8'),('9a74787b-1406-476d-9aff-9ff434671218','9a7477dd-edc5-48d9-8b86-4a187574fa90','9a747871-c4c5-43e4-9b0d-ad8abbe17507','9a7477e6-a9e5-4cba-adcc-a9724fe0e363'),('9a74787b-1678-4c32-a2d7-f0f81e69799c','9a7477dd-5fad-46d3-8224-a95036768ede','9a747871-c4c5-43e4-9b0d-ad8abbe17507','9a7477de-8857-4bd2-9753-567e36d872fa'),('9a74787b-1854-4e5d-b7df-b68d8fb6f4f4','9a7477dd-edc5-48d9-8b86-4a187574fa90','9a747871-cd0c-4429-a7b7-58bf4c951e5c','9a7477e6-a9e5-4cba-adcc-a9724fe0e363'),('9a74787b-1a3c-4975-85a1-cf9e322076d6','9a7477dd-5fad-46d3-8224-a95036768ede','9a747871-cd0c-4429-a7b7-58bf4c951e5c','9a7477de-48e4-4e89-90d8-a440564ba86b'),('9a74787b-1c3a-48f8-8808-87cb1c532d17','9a7477dd-5fad-46d3-8224-a95036768ede','9a747871-d4d4-4b28-8639-62401433da47','9a7477df-403e-4940-bf65-db4d0d737e0a'),('9a74787b-1e0f-434b-9a9b-0689d96cc45b','9a7477dd-5fad-46d3-8224-a95036768ede','9a747871-dcf2-492b-aac3-59b58d04ca26','9a7477de-ee03-4cfd-b546-9b24f4d96c35'),('9a74787b-1fcc-4fbd-b961-c82a80a3a81b','9a7477dd-5fad-46d3-8224-a95036768ede','9a747871-e4de-4c94-81bd-75ba69383a0b','9a7477de-bb63-4440-be8c-ecb62e5364e8'),('9a74787b-21d9-4445-bef6-56702295bb6c','9a7477dd-5fad-46d3-8224-a95036768ede','9a747871-ec66-47b4-86ae-e92130e324e5','9a7477de-8857-4bd2-9753-567e36d872fa'),('9a74787b-23c9-441d-a204-21eec924e740','9a7477dd-5fad-46d3-8224-a95036768ede','9a747871-f558-4a68-8303-a2ec7a3f95c1','9a7477de-48e4-4e89-90d8-a440564ba86b'),('9a74787b-25c4-4fe1-8182-d71c2249f58f','9a7477dd-5fad-46d3-8224-a95036768ede','9a747872-009a-4eba-baf4-990444f7d109','9a7477df-403e-4940-bf65-db4d0d737e0a'),('9a74787b-27ec-4b3f-ac82-7dc2f590dad6','9a7477dd-5fad-46d3-8224-a95036768ede','9a747872-0a6f-415b-828b-3375e578bde4','9a7477de-ee03-4cfd-b546-9b24f4d96c35'),('9a74787b-2a26-4b62-ac53-dd5dce87baf6','9a7477dd-5fad-46d3-8224-a95036768ede','9a747872-1295-4c6e-88ff-e0cd29e2fc42','9a7477de-bb63-4440-be8c-ecb62e5364e8'),('9a74787b-2c1a-41ce-8c2d-c68b8e7348a1','9a7477dd-5fad-46d3-8224-a95036768ede','9a747872-1a14-4f50-b1ee-9f16daf9c84b','9a7477de-8857-4bd2-9753-567e36d872fa'),('9a74787b-2e71-4c67-acf9-bd8241a785a4','9a7477dd-5fad-46d3-8224-a95036768ede','9a747872-22f3-492f-964d-1cfe9274477f','9a7477de-48e4-4e89-90d8-a440564ba86b'),('9a74787b-308a-4549-927f-a73ba119ba8f','9a7477dd-5fad-46d3-8224-a95036768ede','9a747872-2af4-44e6-b4a0-af65836a3a9b','9a7477df-403e-4940-bf65-db4d0d737e0a'),('9a74787b-3284-46a2-8be9-8071d098e570','9a7477dd-5fad-46d3-8224-a95036768ede','9a747872-3372-459e-a113-399d6538759b','9a7477de-ee03-4cfd-b546-9b24f4d96c35'),('9a74787b-347f-4eb5-b391-d393d83ca486','9a7477dd-5fad-46d3-8224-a95036768ede','9a747872-3b08-4042-bf9b-e73d07ded765','9a7477de-bb63-4440-be8c-ecb62e5364e8'),('9a74787b-369b-4897-abeb-76c958c423b8','9a7477dd-5fad-46d3-8224-a95036768ede','9a747872-42eb-4dab-bc40-62b384a0b80a','9a7477de-8857-4bd2-9753-567e36d872fa'),('9a74787b-388c-455d-96e2-5a4cd5027820','9a7477dd-5fad-46d3-8224-a95036768ede','9a747872-4b37-473c-8656-470bde83fe66','9a7477de-48e4-4e89-90d8-a440564ba86b'),('9a74787b-3a7e-424c-b327-3f20b4ae675a','9a7477dd-5fad-46d3-8224-a95036768ede','9a747872-5308-4d21-8114-5412885977da','9a7477df-403e-4940-bf65-db4d0d737e0a'),('9a74787b-3c9d-4534-a286-43cf3d5af715','9a7477dd-5fad-46d3-8224-a95036768ede','9a747872-5b5a-4076-a0b5-d09497ef2c8f','9a7477de-ee03-4cfd-b546-9b24f4d96c35'),('9a74787b-3e8f-43e2-ab36-3f10f6e593dc','9a7477dd-5fad-46d3-8224-a95036768ede','9a747872-63d5-4930-82e3-5b9f74595e12','9a7477de-bb63-4440-be8c-ecb62e5364e8'),('9a74787b-4078-4cd1-8754-59e3173c9444','9a7477dd-5fad-46d3-8224-a95036768ede','9a747872-6e40-4e52-b7b6-ed772d6d6835','9a7477de-8857-4bd2-9753-567e36d872fa'),('9a74787b-42a1-49c8-aa38-287e2c1e6fd2','9a7477dd-5fad-46d3-8224-a95036768ede','9a747872-7643-440c-87b3-e222646f3085','9a7477de-48e4-4e89-90d8-a440564ba86b'),('9a74787b-44c0-4f2c-aa70-7029a71720f3','9a7477dd-5fad-46d3-8224-a95036768ede','9a747872-8021-4a77-963d-69e262d8a99b','9a7477df-403e-4940-bf65-db4d0d737e0a'),('9a74787b-46a0-405a-9694-7a00f633edad','9a7477dd-5fad-46d3-8224-a95036768ede','9a747872-893e-4c03-bbe4-a6c844b28b5d','9a7477de-ee03-4cfd-b546-9b24f4d96c35'),('9a74787b-48b0-4183-9eb2-e75d0561446e','9a7477dd-5fad-46d3-8224-a95036768ede','9a747872-91a3-4c95-9a51-0c978e273ff4','9a7477de-bb63-4440-be8c-ecb62e5364e8'),('9a74787b-4a9b-4313-ba3b-0c1fb562455f','9a7477dd-5fad-46d3-8224-a95036768ede','9a747872-99d2-44f5-8719-010f172a4fd3','9a7477de-8857-4bd2-9753-567e36d872fa'),('9a74787b-4c82-420c-a71c-7096b4e23c13','9a7477dd-5fad-46d3-8224-a95036768ede','9a747872-a1fe-4f31-af51-ebf19de68b9b','9a7477de-48e4-4e89-90d8-a440564ba86b'),('9a74787b-4e59-4181-b6bf-f1e764687f00','9a7477dd-5fad-46d3-8224-a95036768ede','9a747872-aa7a-46a9-8dc6-d0e8ebafcf87','9a7477df-403e-4940-bf65-db4d0d737e0a'),('9a74787b-5072-442b-b322-91e709331c7b','9a7477dd-5fad-46d3-8224-a95036768ede','9a747872-b2a3-458b-bf9c-7a8224cd9440','9a7477de-ee03-4cfd-b546-9b24f4d96c35'),('9a74787b-526a-4567-965c-80ed23f327c6','9a7477dd-5fad-46d3-8224-a95036768ede','9a747872-bcae-416a-b236-4799ea00de36','9a7477de-bb63-4440-be8c-ecb62e5364e8'),('9a74787b-5477-4b74-8578-f3e0cccb5f5f','9a7477dd-5fad-46d3-8224-a95036768ede','9a747872-cc18-4549-9334-8c81eba57ade','9a7477de-8857-4bd2-9753-567e36d872fa'),('9a74787b-56c2-4d84-9c83-8c7a2c949300','9a7477dd-5fad-46d3-8224-a95036768ede','9a747872-dba4-4adf-a62c-e27b66cec4d5','9a7477de-48e4-4e89-90d8-a440564ba86b'),('9a74787b-58ba-471a-83e3-7cfa54ce5f8f','9a7477dd-5fad-46d3-8224-a95036768ede','9a747872-e763-4341-84cb-6dc7892cb817','9a7477df-403e-4940-bf65-db4d0d737e0a'),('9a74787b-5a95-4023-83a7-fdf7ed903611','9a7477dd-5fad-46d3-8224-a95036768ede','9a747872-efb8-4ad5-80f5-b278ce802bd4','9a7477de-ee03-4cfd-b546-9b24f4d96c35'),('9a74787b-5c89-40d2-82e9-0fc1f3cd21cc','9a7477dd-5fad-46d3-8224-a95036768ede','9a747872-f8ff-4769-b0c9-e2c5e1b104a0','9a7477de-bb63-4440-be8c-ecb62e5364e8'),('9a74787b-5e6f-4c4e-b65f-3aa401421abd','9a7477dd-5fad-46d3-8224-a95036768ede','9a747873-00d7-48ab-bbf7-ada0c06badc0','9a7477de-8857-4bd2-9753-567e36d872fa'),('9a74787b-606d-49c2-8a85-4ae44a884569','9a7477dd-5fad-46d3-8224-a95036768ede','9a747873-07f0-400c-a5c2-c0898de7e3cf','9a7477de-48e4-4e89-90d8-a440564ba86b'),('9a74787b-6269-41bd-8a9f-767ea63d9516','9a7477dd-5fad-46d3-8224-a95036768ede','9a747873-1083-43a5-bfb8-ec14f78a4730','9a7477df-403e-4940-bf65-db4d0d737e0a'),('9a74787b-648b-47c1-8b4e-bfe1740beac0','9a7477dd-5fad-46d3-8224-a95036768ede','9a747873-240d-486b-afa2-52cb3b57fb86','9a7477de-ee03-4cfd-b546-9b24f4d96c35'),('9a74787b-66c4-4c2d-af9d-8bd9aa6a847b','9a7477dd-5fad-46d3-8224-a95036768ede','9a747873-6146-4191-9ce3-fbdb339dd604','9a7477de-bb63-4440-be8c-ecb62e5364e8'),('9a74787b-6964-4da9-982f-e9b246d107cb','9a7477dd-5fad-46d3-8224-a95036768ede','9a747873-6f8a-4534-aad4-8eb58ae24304','9a7477de-8857-4bd2-9753-567e36d872fa'),('9a74787b-6beb-4c06-8a5a-fbe784a81314','9a7477dd-5fad-46d3-8224-a95036768ede','9a747873-77fb-4199-b51a-7a4dc0e77553','9a7477de-48e4-4e89-90d8-a440564ba86b'),('9a74787b-6de1-48e3-94b4-300886d3c90a','9a7477dd-5fad-46d3-8224-a95036768ede','9a747873-7ffa-4931-b7dc-852f1edb2d06','9a7477df-403e-4940-bf65-db4d0d737e0a'),('9a74787b-700a-4cba-bc8b-ee36dbd22130','9a7477dd-5fad-46d3-8224-a95036768ede','9a747873-883a-4025-be43-b9d8be124141','9a7477de-ee03-4cfd-b546-9b24f4d96c35'),('9a74787b-7229-4d04-8614-1fb403961b08','9a7477dd-5fad-46d3-8224-a95036768ede','9a747873-8fdd-4d9c-9ad9-d5355cdc0e09','9a7477de-bb63-4440-be8c-ecb62e5364e8'),('9a74787b-7434-42f9-bfef-027b11549556','9a7477dd-5fad-46d3-8224-a95036768ede','9a747873-978c-4b8b-8df8-cf129c9f57a7','9a7477de-8857-4bd2-9753-567e36d872fa'),('9a74787b-76e1-42b3-b9b2-b01259c73fa3','9a7477dd-5fad-46d3-8224-a95036768ede','9a747873-9fb2-4ef0-aa0c-b12d655033c2','9a7477de-48e4-4e89-90d8-a440564ba86b'),('9a74787b-78bc-4198-9598-85108533c922','9a7477dd-5fad-46d3-8224-a95036768ede','9a747873-a768-4c2d-8303-4eb0a505892d','9a7477df-403e-4940-bf65-db4d0d737e0a'),('9a74787b-7aa9-4db0-b5a5-6497f6dd1e94','9a7477dd-5fad-46d3-8224-a95036768ede','9a747873-af9d-450b-9671-d4547f0bada2','9a7477de-ee03-4cfd-b546-9b24f4d96c35'),('9a74787b-7ce0-41d9-bffd-f967d668d95f','9a7477dd-5fad-46d3-8224-a95036768ede','9a747873-b74a-4581-9b8e-4264c7039d23','9a7477de-bb63-4440-be8c-ecb62e5364e8'),('9a74787b-7f0b-4bcb-a18d-0b13f5dcafee','9a7477dd-5fad-46d3-8224-a95036768ede','9a747873-bf1f-4e7d-b1e1-ce4ac0017dc4','9a7477de-8857-4bd2-9753-567e36d872fa'),('9a74787b-80ff-47ee-a614-0628e4c3a9b4','9a7477dd-5fad-46d3-8224-a95036768ede','9a747873-c7b8-466c-ac85-db83cf32fbe5','9a7477de-48e4-4e89-90d8-a440564ba86b'),('9a74787b-830f-49e3-b77a-b7f6ad464041','9a7477dd-5fad-46d3-8224-a95036768ede','9a747873-ced4-4fca-98db-f42a02732ce8','9a7477e0-9db0-4ef3-a19b-ccfcb05161ad'),('9a74787b-852c-425d-a1fd-06ddb9c79ff9','9a7477dd-5fad-46d3-8224-a95036768ede','9a747873-d6b5-4fec-9f36-72e8eeea0f2e','9a7477e0-0336-469c-a7da-3000b4c02783'),('9a74787b-870f-4613-a0b5-1a8da9df4c7a','9a7477dd-5fad-46d3-8224-a95036768ede','9a747873-de6b-4341-a810-bbbaa5866432','9a7477df-7818-406b-ac1f-b0a798b7f71b'),('9a74787b-8925-42da-96cc-247aa064ec84','9a7477dd-5fad-46d3-8224-a95036768ede','9a747873-e665-45ec-89f4-e60607a00a4a','9a7477e0-9db0-4ef3-a19b-ccfcb05161ad'),('9a74787b-8bac-4eb0-be59-3dbaac959cd8','9a7477dd-5fad-46d3-8224-a95036768ede','9a747873-eeea-4abc-8a74-57b737fff30e','9a7477e0-0336-469c-a7da-3000b4c02783'),('9a74787b-8db1-4ffb-ac88-21c3b0ead9e9','9a7477dd-5fad-46d3-8224-a95036768ede','9a747873-f850-4410-b5df-696cb3309e6a','9a7477df-7818-406b-ac1f-b0a798b7f71b'),('9a74787b-8faa-44d8-b05b-759fce21629a','9a7477dd-5fad-46d3-8224-a95036768ede','9a747874-0125-413a-a595-35a0b91b8832','9a7477e0-9db0-4ef3-a19b-ccfcb05161ad'),('9a74787b-91d3-4fc0-b948-f2c1fa731279','9a7477dd-5fad-46d3-8224-a95036768ede','9a747874-0931-41bf-82bd-773a479b1af5','9a7477e0-0336-469c-a7da-3000b4c02783'),('9a74787b-93de-444d-8b79-87b2038f44d7','9a7477dd-5fad-46d3-8224-a95036768ede','9a747874-1105-4b9e-a7ca-a56ba708a19e','9a7477df-7818-406b-ac1f-b0a798b7f71b'),('9a74787b-95bf-478a-bab2-757397290e33','9a7477dd-5fad-46d3-8224-a95036768ede','9a747874-18fc-4581-80b2-1c3827c4a915','9a7477df-403e-4940-bf65-db4d0d737e0a'),('9a74787b-97cf-44f1-9acf-ad7caa814ff6','9a7477dd-5fad-46d3-8224-a95036768ede','9a747874-28e5-4b9a-9063-10d28e5f6dcb','9a7477de-ee03-4cfd-b546-9b24f4d96c35'),('9a74787b-99cd-4987-860b-b36d284d0690','9a7477dd-5fad-46d3-8224-a95036768ede','9a747874-336f-4de9-8d1e-d4793b091f3a','9a7477de-bb63-4440-be8c-ecb62e5364e8'),('9a74787b-9baf-43e6-9417-2ac64f8886d4','9a7477dd-5fad-46d3-8224-a95036768ede','9a747874-3b23-4ba1-8d8a-b4f8dc884651','9a7477de-8857-4bd2-9753-567e36d872fa'),('9a74787b-9e0c-465e-b584-8ae6c2d27711','9a7477dd-5fad-46d3-8224-a95036768ede','9a747874-43c9-42ad-ae46-4a42f14ef2ac','9a7477de-48e4-4e89-90d8-a440564ba86b'),('9a74787b-a058-4515-990f-0c3a728204d7','9a7477dd-5fad-46d3-8224-a95036768ede','9a747874-4bd0-42ef-9b8b-02e2b015d138','9a7477df-403e-4940-bf65-db4d0d737e0a'),('9a74787b-a228-48d9-9f1b-e7af5d0758af','9a7477dd-5fad-46d3-8224-a95036768ede','9a747874-5450-414d-83fe-ad8662a27c41','9a7477de-ee03-4cfd-b546-9b24f4d96c35'),('9a74787b-a453-439c-a506-1376131914b9','9a7477dd-5fad-46d3-8224-a95036768ede','9a747874-5cb8-48f9-88da-676ad1f290e6','9a7477de-bb63-4440-be8c-ecb62e5364e8'),('9a74787b-a643-4835-8fe6-f7d02e624bb9','9a7477dd-5fad-46d3-8224-a95036768ede','9a747874-645f-4416-b508-5c4a8bb5697a','9a7477de-8857-4bd2-9753-567e36d872fa'),('9a74787b-a81c-40bf-9de8-9919306027fe','9a7477dd-5fad-46d3-8224-a95036768ede','9a747874-6c78-4f5a-9224-09b8b2a8a413','9a7477de-48e4-4e89-90d8-a440564ba86b'),('9a74787b-aa24-458d-afd4-017b2d2cf678','9a7477dd-5fad-46d3-8224-a95036768ede','9a747874-7480-47e3-89c7-5b4382a5ada9','9a7477df-403e-4940-bf65-db4d0d737e0a'),('9a74787b-ac65-43d2-afc6-30bc12c2c90a','9a7477dd-5fad-46d3-8224-a95036768ede','9a747874-7cd4-47a4-a92e-d9edb991f0f4','9a7477de-ee03-4cfd-b546-9b24f4d96c35'),('9a74787b-ae4f-4ef2-bb1d-73161302312f','9a7477dd-5fad-46d3-8224-a95036768ede','9a747874-84b2-4d38-a592-bea3352affa6','9a7477de-bb63-4440-be8c-ecb62e5364e8'),('9a74787b-b013-4c3c-aa20-e88a82aece66','9a7477dd-5fad-46d3-8224-a95036768ede','9a747874-8cdf-49bf-95cf-504bd2288899','9a7477de-8857-4bd2-9753-567e36d872fa'),('9a74787b-b23e-4251-8fef-44e55275e6ed','9a7477dd-5fad-46d3-8224-a95036768ede','9a747874-94f5-4084-bf81-4e1c50af4451','9a7477de-48e4-4e89-90d8-a440564ba86b'),('9a74787b-b44e-4b76-a742-e87c1a39add6','9a7477dd-5fad-46d3-8224-a95036768ede','9a747874-9cac-4a29-8408-361700476866','9a7477df-403e-4940-bf65-db4d0d737e0a'),('9a74787b-b625-420a-895f-4e625394c56a','9a7477dd-5fad-46d3-8224-a95036768ede','9a747874-a681-4dd9-94d0-db7ea33d728f','9a7477de-ee03-4cfd-b546-9b24f4d96c35'),('9a74787b-b837-4685-a5f7-600854ee2461','9a7477dd-5fad-46d3-8224-a95036768ede','9a747874-ae20-4d73-af31-3abb05222d25','9a7477de-bb63-4440-be8c-ecb62e5364e8'),('9a74787b-ba2b-447c-9784-1ad2bc7c82d0','9a7477dd-5fad-46d3-8224-a95036768ede','9a747874-b5c5-40d4-bf9b-68d084e3eaf3','9a7477de-8857-4bd2-9753-567e36d872fa'),('9a74787b-bc05-4179-85e9-0baaf9b43c40','9a7477dd-5fad-46d3-8224-a95036768ede','9a747874-c12f-4833-a930-118e91221ed6','9a7477de-48e4-4e89-90d8-a440564ba86b'),('9a74787b-be06-4475-b4ba-0411e1e36084','9a7477dd-5fad-46d3-8224-a95036768ede','9a747874-ca60-4deb-a8e7-f0e23806273c','9a7477df-403e-4940-bf65-db4d0d737e0a'),('9a74787b-c009-483e-a078-c8f33ba969a5','9a7477dd-5fad-46d3-8224-a95036768ede','9a747874-d28d-4652-b561-1ea1c131cff4','9a7477de-ee03-4cfd-b546-9b24f4d96c35'),('9a74787b-c1f0-4204-8207-81f4c4b60792','9a7477dd-5fad-46d3-8224-a95036768ede','9a747874-da23-4508-800a-8d7c63fe6589','9a7477de-bb63-4440-be8c-ecb62e5364e8'),('9a74787b-c418-4cc0-84f4-14ffa8369047','9a7477dd-5fad-46d3-8224-a95036768ede','9a747874-e255-4ad9-9233-906781a54ed6','9a7477de-8857-4bd2-9753-567e36d872fa'),('9a74787b-c623-4c1e-8227-4e12076f13ca','9a7477dd-5fad-46d3-8224-a95036768ede','9a747874-ea89-4183-9e43-85b674ec49e0','9a7477de-48e4-4e89-90d8-a440564ba86b'),('9a74787b-c809-4f98-a03d-4fdc7bac30e3','9a7477dd-5fad-46d3-8224-a95036768ede','9a747874-f5b9-4695-81e0-6cc76585d468','9a7477df-403e-4940-bf65-db4d0d737e0a'),('9a74787b-c9e5-453e-b395-c8d9f1bf0e38','9a7477dd-5fad-46d3-8224-a95036768ede','9a747874-fdbd-40a6-b116-3a56f74248da','9a7477de-ee03-4cfd-b546-9b24f4d96c35'),('9a74787b-cc0c-4d97-85a5-44e52c91f775','9a7477dd-5fad-46d3-8224-a95036768ede','9a747875-061f-46ce-b54f-eb3638d12bc6','9a7477de-bb63-4440-be8c-ecb62e5364e8'),('9a74787b-ce00-439e-9a7d-fe7a45045d3e','9a7477dd-5fad-46d3-8224-a95036768ede','9a747875-0e94-43ce-b58b-a79279da9ccf','9a7477de-8857-4bd2-9753-567e36d872fa'),('9a74787b-cff1-4f7a-b79e-dd546da02207','9a7477dd-5fad-46d3-8224-a95036768ede','9a747875-19ac-4716-9d46-f4319e821e64','9a7477de-48e4-4e89-90d8-a440564ba86b'),('9a74787b-d21b-4463-a3f1-9f100007817c','9a7477dd-5fad-46d3-8224-a95036768ede','9a747875-24f7-44a8-8a14-7f4f3abea286','9a7477df-403e-4940-bf65-db4d0d737e0a'),('9a74787b-d409-490e-bb43-76dafd098863','9a7477dd-5fad-46d3-8224-a95036768ede','9a747875-2cec-4f1f-9c64-5ca7e0fcdf53','9a7477de-ee03-4cfd-b546-9b24f4d96c35'),('9a74787b-d60a-4ece-97f4-6961e7aef750','9a7477dd-5fad-46d3-8224-a95036768ede','9a747875-3534-4d30-87e6-ff693b6fb6eb','9a7477de-bb63-4440-be8c-ecb62e5364e8'),('9a74787b-d83c-4132-bf3d-60a965b27167','9a7477dd-5fad-46d3-8224-a95036768ede','9a747875-3d36-4aad-9092-cb69458cdb04','9a7477de-8857-4bd2-9753-567e36d872fa'),('9a74787b-da50-4310-9013-cae8a270737f','9a7477dd-5fad-46d3-8224-a95036768ede','9a747875-458c-4d59-b1ac-6f9f02043d07','9a7477de-48e4-4e89-90d8-a440564ba86b'),('9a74787b-dc5d-4d51-8fd9-31d7a117cd09','9a7477dd-5fad-46d3-8224-a95036768ede','9a747875-4c38-4d4a-b9b5-586e2cf3352a','9a7477e0-9db0-4ef3-a19b-ccfcb05161ad'),('9a74787b-dea6-40cf-91b6-ebc5c229a46d','9a7477dd-5fad-46d3-8224-a95036768ede','9a747875-548b-4b6a-a290-75ec33a771f3','9a7477e0-0336-469c-a7da-3000b4c02783'),('9a74787b-e0fd-4d25-a3cd-5ead50439e65','9a7477dd-5fad-46d3-8224-a95036768ede','9a747875-5d26-41ca-b925-472fe3c33961','9a7477df-7818-406b-ac1f-b0a798b7f71b'),('9a74787b-e2e4-496c-b919-14f67cc69523','9a7477dd-5fad-46d3-8224-a95036768ede','9a747875-6535-42c8-9a70-ad66370fcbff','9a7477e0-9db0-4ef3-a19b-ccfcb05161ad'),('9a74787b-e4dd-4ffb-9678-b1709ab9e597','9a7477dd-5fad-46d3-8224-a95036768ede','9a747875-6d9a-4214-b414-5ce7816e4eea','9a7477e0-0336-469c-a7da-3000b4c02783'),('9a74787b-e6f8-4fbd-a099-bf510ec8f2fe','9a7477dd-5fad-46d3-8224-a95036768ede','9a747875-7683-4e53-a401-844bbae517a0','9a7477df-7818-406b-ac1f-b0a798b7f71b'),('9a74787b-e940-4d3d-89e7-216af9ca105b','9a7477dd-5fad-46d3-8224-a95036768ede','9a747875-7f06-410b-8e8d-0ca4193facf5','9a7477e0-9db0-4ef3-a19b-ccfcb05161ad'),('9a74787b-eb2c-4105-b82e-2de9db94f242','9a7477dd-5fad-46d3-8224-a95036768ede','9a747875-87ab-47d9-9e17-8395746c9a2c','9a7477e0-0336-469c-a7da-3000b4c02783'),('9a74787b-ed32-476d-a229-1fbcacac1ceb','9a7477dd-5fad-46d3-8224-a95036768ede','9a747875-9015-4d73-830e-a26bd7cdd15b','9a7477df-7818-406b-ac1f-b0a798b7f71b'),('9a74787b-ef04-4395-a5dd-56fdfd582f6a','9a7477dd-5fad-46d3-8224-a95036768ede','9a747875-98bf-45d9-a9b8-0a00645a1380','9a7477e0-9db0-4ef3-a19b-ccfcb05161ad'),('9a74787b-f0e5-42ed-9fd4-5b9ef78e9c82','9a7477dd-5fad-46d3-8224-a95036768ede','9a747875-a224-4195-a4a5-16d292227243','9a7477e0-5850-4fd6-9a7b-0536475dfa8b'),('9a74787b-f307-4ca2-ac6b-71803e57e920','9a7477dd-5fad-46d3-8224-a95036768ede','9a747875-a9ee-4884-a668-cb9c861c2f03','9a7477e0-0336-469c-a7da-3000b4c02783'),('9a74787b-f4f2-4328-8d09-75439e471df2','9a7477dd-5fad-46d3-8224-a95036768ede','9a747875-b1ef-4f2c-813f-df3c2cfaffa4','9a7477df-cd58-44b0-b7f0-bccedc48e04c'),('9a74787b-f6c4-4073-96c0-15919d1cbec0','9a7477dd-5fad-46d3-8224-a95036768ede','9a747875-b9cd-40d1-b8ac-82d355e2c5a4','9a7477df-7818-406b-ac1f-b0a798b7f71b'),('9a74787b-f908-4ff2-b24a-51d41709a865','9a7477dd-5fad-46d3-8224-a95036768ede','9a747875-c1ae-4d84-a206-327c6ea99985','9a7477e0-9db0-4ef3-a19b-ccfcb05161ad'),('9a74787b-faf6-4524-8ddd-c54def0b8921','9a7477dd-5fad-46d3-8224-a95036768ede','9a747875-ca9a-4fd0-8436-de9ab20f728d','9a7477e0-5850-4fd6-9a7b-0536475dfa8b'),('9a74787b-fce6-4a07-a62d-f631c48a5caa','9a7477dd-5fad-46d3-8224-a95036768ede','9a747875-d2b8-4185-8b16-596b3e0407b3','9a7477e0-0336-469c-a7da-3000b4c02783'),('9a74787b-fefe-44ff-ad6b-e12c85aaf45d','9a7477dd-5fad-46d3-8224-a95036768ede','9a747875-db4f-42d7-b84a-0b9eceed8f81','9a7477df-cd58-44b0-b7f0-bccedc48e04c'),('9a74787c-0138-4588-8d70-7d9dd0c6311f','9a7477dd-5fad-46d3-8224-a95036768ede','9a747875-e3c5-46b7-8881-bb6aefe66cb6','9a7477df-7818-406b-ac1f-b0a798b7f71b'),('9a74787c-032e-49b8-8c76-e78cff3e8b22','9a7477dd-5fad-46d3-8224-a95036768ede','9a747875-ed04-455b-90ac-8074002d4d90','9a7477e0-9db0-4ef3-a19b-ccfcb05161ad'),('9a74787c-04f0-44f4-a5e7-06821cb91c54','9a7477dd-5fad-46d3-8224-a95036768ede','9a747875-f520-4991-a736-713f0843bab5','9a7477e0-5850-4fd6-9a7b-0536475dfa8b'),('9a74787c-0724-415c-b842-4d5618aad079','9a7477dd-5fad-46d3-8224-a95036768ede','9a747875-fd99-4c7e-ba42-2b03f39a93e2','9a7477e0-0336-469c-a7da-3000b4c02783'),('9a74787c-091a-4a15-88c7-2fc8332460d3','9a7477dd-5fad-46d3-8224-a95036768ede','9a747876-05d0-4d81-aa04-1a1192df6dda','9a7477df-cd58-44b0-b7f0-bccedc48e04c'),('9a74787c-0b22-420c-8e16-8810d5e454a7','9a7477dd-5fad-46d3-8224-a95036768ede','9a747876-0dd5-417d-b746-f5ea7d529ccc','9a7477df-7818-406b-ac1f-b0a798b7f71b'),('9a74787c-0d35-41aa-ac52-7f72f0898fa6','9a7477dd-5fad-46d3-8224-a95036768ede','9a747876-15d5-47bc-988c-ce69bc478b06','9a7477e0-9db0-4ef3-a19b-ccfcb05161ad'),('9a74787c-0f24-4955-b136-2ca8702942b8','9a7477dd-5fad-46d3-8224-a95036768ede','9a747876-1ff5-4848-87c4-b8f87e0688c0','9a7477e0-5850-4fd6-9a7b-0536475dfa8b'),('9a74787c-112a-4459-8db7-ab3de858692c','9a7477dd-5fad-46d3-8224-a95036768ede','9a747876-2821-4f9e-b682-2c3789d3ecef','9a7477e0-0336-469c-a7da-3000b4c02783'),('9a74787c-1337-4288-af22-c4f94736ab53','9a7477dd-5fad-46d3-8224-a95036768ede','9a747876-303a-470f-be6d-fec5550d5892','9a7477df-cd58-44b0-b7f0-bccedc48e04c'),('9a74787c-1538-4577-a43e-3033269932e7','9a7477dd-5fad-46d3-8224-a95036768ede','9a747876-3825-43c2-8819-ae827598edb4','9a7477df-7818-406b-ac1f-b0a798b7f71b'),('9a74787c-1752-4984-8253-7246bb8bb27b','9a7477dd-5fad-46d3-8224-a95036768ede','9a747876-401e-418e-a334-cc3bb166490f','9a7477e0-9db0-4ef3-a19b-ccfcb05161ad'),('9a74787c-1971-4bbb-9cf5-d6857ae7b62d','9a7477dd-5fad-46d3-8224-a95036768ede','9a747876-484d-4013-9ea4-0640e5e7adbd','9a7477e0-5850-4fd6-9a7b-0536475dfa8b'),('9a74787c-1b9a-4065-8191-2f9c13bb379b','9a7477dd-5fad-46d3-8224-a95036768ede','9a747876-5485-431f-9c3a-9757861ae18d','9a7477e0-0336-469c-a7da-3000b4c02783'),('9a74787c-1d93-4292-9d75-f66b2b15a884','9a7477dd-5fad-46d3-8224-a95036768ede','9a747876-5d83-47a1-a29a-8b17628699ed','9a7477df-cd58-44b0-b7f0-bccedc48e04c'),('9a74787c-1f83-442e-90f4-0fc8bf521689','9a7477dd-5fad-46d3-8224-a95036768ede','9a747876-651e-4f41-8251-14da1fd3301a','9a7477df-7818-406b-ac1f-b0a798b7f71b'),('9a74787c-21a3-4934-8a80-7b5f02a867f3','9a7477dd-5fad-46d3-8224-a95036768ede','9a747876-6cdd-423a-9047-8be1f810b7c5','9a7477e0-9db0-4ef3-a19b-ccfcb05161ad'),('9a74787c-237d-4734-bffd-c2bd0cb00b80','9a7477dd-5fad-46d3-8224-a95036768ede','9a747876-7748-46a4-85c3-49eb06b61052','9a7477e0-5850-4fd6-9a7b-0536475dfa8b'),('9a74787c-255b-4484-96c8-650e65b800ac','9a7477dd-5fad-46d3-8224-a95036768ede','9a747876-7f25-4515-9426-6ac3899d9a56','9a7477e0-0336-469c-a7da-3000b4c02783'),('9a74787c-2778-458c-8155-b9476dbb5e4e','9a7477dd-5fad-46d3-8224-a95036768ede','9a747876-86d6-4c45-9076-6565969ac2e8','9a7477df-cd58-44b0-b7f0-bccedc48e04c'),('9a74787c-2a08-465d-90f2-65fe5da05f1d','9a7477dd-5fad-46d3-8224-a95036768ede','9a747876-8eea-40a2-b01c-dd780aec3a78','9a7477df-7818-406b-ac1f-b0a798b7f71b'),('9a74787c-2c29-4a64-b052-ccfd3549f10d','9a7477dd-5fad-46d3-8224-a95036768ede','9a747876-9747-4dc6-ab7e-9e675181d999','9a7477e0-9db0-4ef3-a19b-ccfcb05161ad'),('9a74787c-2e65-4148-828b-587c413dd591','9a7477dd-5fad-46d3-8224-a95036768ede','9a747876-a27a-424b-b1e3-06e1002e5a98','9a7477e0-5850-4fd6-9a7b-0536475dfa8b'),('9a74787c-30a0-4aee-87e0-dcda456bd3c1','9a7477dd-5fad-46d3-8224-a95036768ede','9a747876-aa11-49e4-a750-5e1697a579fa','9a7477e0-0336-469c-a7da-3000b4c02783'),('9a74787c-32f5-4ed2-b869-fdc1de438bff','9a7477dd-5fad-46d3-8224-a95036768ede','9a747876-b14f-4b44-be71-2fa785ccae12','9a7477df-cd58-44b0-b7f0-bccedc48e04c'),('9a74787c-3529-4f3b-b904-428612b360a5','9a7477dd-5fad-46d3-8224-a95036768ede','9a747876-b956-419f-bae0-e53653122b92','9a7477df-7818-406b-ac1f-b0a798b7f71b'),('9a74787c-3726-4a3b-827e-0c4c03979aa5','9a7477dd-5fad-46d3-8224-a95036768ede','9a747876-c143-43a0-948d-c264376ce105','9a7477e0-9db0-4ef3-a19b-ccfcb05161ad'),('9a74787c-38ed-48d0-91e2-89b732416b64','9a7477dd-5fad-46d3-8224-a95036768ede','9a747876-c93c-431e-846e-73414b0d71eb','9a7477e0-5850-4fd6-9a7b-0536475dfa8b'),('9a74787c-3b18-4246-b2c7-16fa68f8d9a8','9a7477dd-5fad-46d3-8224-a95036768ede','9a747876-d138-4c97-b11b-5fcba1920a9e','9a7477e0-0336-469c-a7da-3000b4c02783'),('9a74787c-3d51-4f76-8642-2e30aa62c434','9a7477dd-5fad-46d3-8224-a95036768ede','9a747876-d950-4dfd-85d7-4686692d26f9','9a7477df-cd58-44b0-b7f0-bccedc48e04c'),('9a74787c-3f30-4289-ba0d-cff98102fdbf','9a7477dd-5fad-46d3-8224-a95036768ede','9a747876-e0f2-44e9-ba8b-c876a648f69f','9a7477df-7818-406b-ac1f-b0a798b7f71b'),('9a74787c-414f-4ec8-aad0-b4c6304c550c','9a7477dd-5fad-46d3-8224-a95036768ede','9a747876-e8d6-4528-8956-47b1cb3a2692','9a7477e0-9db0-4ef3-a19b-ccfcb05161ad'),('9a74787c-4356-4662-ae4d-a3fe32b0582e','9a7477dd-5fad-46d3-8224-a95036768ede','9a747876-f2ea-4fb1-b88b-a0e653b357bf','9a7477e0-5850-4fd6-9a7b-0536475dfa8b'),('9a74787c-4531-4c7a-b659-9df5d80a6204','9a7477dd-5fad-46d3-8224-a95036768ede','9a747876-fb5e-4a81-b57f-ecaa62032a01','9a7477e0-0336-469c-a7da-3000b4c02783'),('9a74787c-4737-4014-978b-1e686b943b29','9a7477dd-5fad-46d3-8224-a95036768ede','9a747877-0392-41b8-97a8-bc353db3bb2c','9a7477df-cd58-44b0-b7f0-bccedc48e04c'),('9a74787c-496e-4965-9a1d-940d708f8edf','9a7477dd-5fad-46d3-8224-a95036768ede','9a747877-0b6e-4297-af86-8ef034188d6a','9a7477df-7818-406b-ac1f-b0a798b7f71b'),('9a74787c-4b48-4a1d-9b30-c889277b8ad9','9a7477dd-5fad-46d3-8224-a95036768ede','9a747877-13b1-41f2-9676-6e2df2bdad03','9a7477e0-9db0-4ef3-a19b-ccfcb05161ad'),('9a74787c-4d71-43b4-8c76-112180d81caa','9a7477dd-5fad-46d3-8224-a95036768ede','9a747877-1c5e-4642-86a8-445a8e6b0ce9','9a7477e0-5850-4fd6-9a7b-0536475dfa8b'),('9a74787c-4fc3-453f-85b1-30ff27ab60da','9a7477dd-5fad-46d3-8224-a95036768ede','9a747877-2517-4324-b734-19c3b2eb6255','9a7477e0-0336-469c-a7da-3000b4c02783'),('9a74787c-51c6-45e7-b301-b7cdf1f76ba8','9a7477dd-5fad-46d3-8224-a95036768ede','9a747877-2b76-4665-a475-91dac90edab9','9a7477df-cd58-44b0-b7f0-bccedc48e04c'),('9a74787c-5412-470a-a5e4-b0603a05a784','9a7477dd-5fad-46d3-8224-a95036768ede','9a747877-3413-49a0-9e05-1df25c567c47','9a7477df-7818-406b-ac1f-b0a798b7f71b'),('9a74787c-5636-404c-bc72-612e4fec8db8','9a7477dd-5fad-46d3-8224-a95036768ede','9a747877-3e7e-4897-b7ba-02699eef41e6','9a7477e0-9db0-4ef3-a19b-ccfcb05161ad'),('9a74787c-5825-48d7-beee-56c774ed189e','9a7477dd-5fad-46d3-8224-a95036768ede','9a747877-4963-4502-89db-476396d38187','9a7477e0-5850-4fd6-9a7b-0536475dfa8b'),('9a74787c-5a37-4640-a220-fa3c450f7816','9a7477dd-5fad-46d3-8224-a95036768ede','9a747877-5297-4170-b5ec-078109233232','9a7477e0-0336-469c-a7da-3000b4c02783'),('9a74787c-5c41-4090-b5d5-48e0673d5115','9a7477dd-5fad-46d3-8224-a95036768ede','9a747877-5cc1-4dd0-b440-e7cc6f4f9466','9a7477df-cd58-44b0-b7f0-bccedc48e04c'),('9a74787c-5e7e-40b4-bd44-1058c07529ce','9a7477dd-5fad-46d3-8224-a95036768ede','9a747877-643e-4cdd-af86-dc9f96c5be17','9a7477df-7818-406b-ac1f-b0a798b7f71b'),('9a74787c-60e6-404d-be28-84b87f75fbd9','9a7477dd-5fad-46d3-8224-a95036768ede','9a747877-6c76-44ff-aa0b-f96534ebaa43','9a7477e0-9db0-4ef3-a19b-ccfcb05161ad'),('9a74787c-6308-40f5-bb8d-76e61ea8dbf4','9a7477dd-5fad-46d3-8224-a95036768ede','9a747877-74a0-4fbd-8ec0-6cb4139c49d9','9a7477e0-5850-4fd6-9a7b-0536475dfa8b'),('9a74787c-6519-4824-a99d-3ef208fe34bc','9a7477dd-5fad-46d3-8224-a95036768ede','9a747877-7c6f-4085-bcf7-67d3ae201054','9a7477e0-0336-469c-a7da-3000b4c02783'),('9a74787c-6753-4189-9d3d-009b1de7fa40','9a7477dd-5fad-46d3-8224-a95036768ede','9a747877-84dc-4bd1-8d61-70a369b84dc9','9a7477df-cd58-44b0-b7f0-bccedc48e04c'),('9a74787c-695f-4437-8820-b5c7f634a16f','9a7477dd-5fad-46d3-8224-a95036768ede','9a747877-8d6d-47f8-94e1-b8261418eb05','9a7477df-7818-406b-ac1f-b0a798b7f71b'),('9a74787c-6b72-41c5-bfee-de1cc7d31ad8','9a7477dd-5fad-46d3-8224-a95036768ede','9a747877-958d-478f-bbb6-24225f167289','9a7477e0-9db0-4ef3-a19b-ccfcb05161ad'),('9a74787c-6d82-4d7f-91b7-9085d7c4b388','9a7477dd-5fad-46d3-8224-a95036768ede','9a747877-9d67-48ea-b5ab-70444e7362ff','9a7477e0-5850-4fd6-9a7b-0536475dfa8b'),('9a74787c-6fc3-4d84-941b-b7ac1662e830','9a7477dd-5fad-46d3-8224-a95036768ede','9a747877-a561-445d-8164-db389dd7d4c7','9a7477e0-0336-469c-a7da-3000b4c02783'),('9a74787c-71c3-45af-aa46-6ead413bb9e9','9a7477dd-5fad-46d3-8224-a95036768ede','9a747877-adf6-483d-a204-1725b7e986e7','9a7477df-cd58-44b0-b7f0-bccedc48e04c'),('9a74787c-73eb-468f-96fe-2981eab5ac54','9a7477dd-5fad-46d3-8224-a95036768ede','9a747877-b60e-4f3c-9ff0-c207e2fcc469','9a7477df-7818-406b-ac1f-b0a798b7f71b'),('9a74787c-75fa-4886-b16a-0673dfb1b277','9a7477dd-5fad-46d3-8224-a95036768ede','9a747877-bde4-49fa-8bbd-cc7874bc59dd','9a7477e0-9db0-4ef3-a19b-ccfcb05161ad'),('9a74787c-7804-45fd-ae2e-7f19a5ebaafb','9a7477dd-5fad-46d3-8224-a95036768ede','9a747877-c5f0-4062-a753-e6b93cf09d3f','9a7477e0-5850-4fd6-9a7b-0536475dfa8b'),('9a74787c-79f8-4d75-aeb2-e0cc33fdbd9e','9a7477dd-5fad-46d3-8224-a95036768ede','9a747877-cdea-4dad-ab27-fa253b94ebe9','9a7477e0-0336-469c-a7da-3000b4c02783'),('9a74787c-7c2e-4eb1-9e5d-d1fac655b519','9a7477dd-5fad-46d3-8224-a95036768ede','9a747877-d577-45f4-a019-ae4209ca1de3','9a7477df-cd58-44b0-b7f0-bccedc48e04c'),('9a74787c-7e44-4301-a162-cce4b063731a','9a7477dd-5fad-46d3-8224-a95036768ede','9a747877-de01-4ad5-8356-1700e2e91caf','9a7477df-7818-406b-ac1f-b0a798b7f71b'),('9a74787c-8132-448e-b49c-cb6dbf4c3953','9a7477dd-5fad-46d3-8224-a95036768ede','9a747877-e415-4a38-a387-cf72705459e5','9a7477e0-9db0-4ef3-a19b-ccfcb05161ad'),('9a74787c-8377-4f60-8adf-0b4bf3995e10','9a7477dd-5fad-46d3-8224-a95036768ede','9a747877-ebbf-4462-b778-0d93802509b0','9a7477e0-5850-4fd6-9a7b-0536475dfa8b'),('9a74787c-85a7-44ef-8263-c8353ca852e8','9a7477dd-5fad-46d3-8224-a95036768ede','9a747877-f3bf-4cc3-9ee9-917062ffdc1c','9a7477e0-0336-469c-a7da-3000b4c02783'),('9a74787c-87e0-4a16-91c6-84e631d99f90','9a7477dd-5fad-46d3-8224-a95036768ede','9a747877-fbbb-42ae-853b-2027383f0a11','9a7477df-cd58-44b0-b7f0-bccedc48e04c'),('9a74787c-8a11-4883-9aea-ad5c38e17294','9a7477dd-5fad-46d3-8224-a95036768ede','9a747878-039d-4905-b1fa-1a8f0b67e6b6','9a7477df-7818-406b-ac1f-b0a798b7f71b'),('9a74787c-8c30-4d32-bd99-25e72746db4d','9a7477dd-5fad-46d3-8224-a95036768ede','9a747878-0b45-490f-8dff-35c5a247d589','9a7477e0-9db0-4ef3-a19b-ccfcb05161ad'),('9a74787c-8edf-4675-b1f4-60a91332533e','9a7477dd-5fad-46d3-8224-a95036768ede','9a747878-151c-4d25-babb-ee5843441dac','9a7477e0-5850-4fd6-9a7b-0536475dfa8b'),('9a74787c-9112-47ce-aaca-943f2e08253b','9a7477dd-5fad-46d3-8224-a95036768ede','9a747878-1cbc-4699-a170-d2e03393d1be','9a7477e0-0336-469c-a7da-3000b4c02783'),('9a74787c-9328-45d1-b64b-feb0c86aeb43','9a7477dd-5fad-46d3-8224-a95036768ede','9a747878-24c4-4fb9-96d5-7286a908d362','9a7477df-cd58-44b0-b7f0-bccedc48e04c'),('9a74787c-95d4-4047-81a9-5c4c9c8c9624','9a7477dd-5fad-46d3-8224-a95036768ede','9a747878-2cb0-4807-8457-15643d1516c9','9a7477df-7818-406b-ac1f-b0a798b7f71b'),('9a74787c-97f8-4bc6-b66b-fc9242bf2c56','9a7477dd-5fad-46d3-8224-a95036768ede','9a747878-3578-4061-bb5a-120b028fef6b','9a7477e0-9db0-4ef3-a19b-ccfcb05161ad'),('9a74787c-99d1-42d8-965d-6bcaba3e0de7','9a7477dd-5fad-46d3-8224-a95036768ede','9a747878-3f27-4637-ad3e-9a1ee5b75ab9','9a7477e0-5850-4fd6-9a7b-0536475dfa8b'),('9a74787c-9cc8-4ef3-aee8-b78fe8251a9a','9a7477dd-5fad-46d3-8224-a95036768ede','9a747878-4713-4e63-a338-ee47b4cc109c','9a7477e0-0336-469c-a7da-3000b4c02783'),('9a74787c-9f00-44ce-b0c8-73c547aac0e3','9a7477dd-5fad-46d3-8224-a95036768ede','9a747878-4f79-45cc-9773-769c1b5b45d4','9a7477df-cd58-44b0-b7f0-bccedc48e04c'),('9a74787c-a122-42b0-a32d-33ad9be7396f','9a7477dd-5fad-46d3-8224-a95036768ede','9a747878-57a5-4229-b6c9-a98c69317076','9a7477df-7818-406b-ac1f-b0a798b7f71b'),('9a74787c-a34f-4255-91b7-1e66b2e1060b','9a7477dd-5fad-46d3-8224-a95036768ede','9a747878-5d69-4350-9483-6c71cf640004','9a7477e0-9db0-4ef3-a19b-ccfcb05161ad'),('9a74787c-a5be-46a5-ad45-8eb513b62375','9a7477dd-5fad-46d3-8224-a95036768ede','9a747878-6553-4502-8c4e-37ffa58a5df0','9a7477e0-5850-4fd6-9a7b-0536475dfa8b'),('9a74787c-a7c1-447f-b297-b45195bf117f','9a7477dd-5fad-46d3-8224-a95036768ede','9a747878-6d79-4818-b92a-335e1438dedc','9a7477e0-0336-469c-a7da-3000b4c02783'),('9a74787c-aa56-4958-89e2-5be5a2ef972b','9a7477dd-5fad-46d3-8224-a95036768ede','9a747878-7552-4fba-8e9f-681e5dfea75c','9a7477df-cd58-44b0-b7f0-bccedc48e04c'),('9a74787c-ac26-4582-9cba-cf94de0a9a2f','9a7477dd-5fad-46d3-8224-a95036768ede','9a747878-7e3b-452a-b8e5-fe8a462b322f','9a7477df-7818-406b-ac1f-b0a798b7f71b'),('9a74787c-ae69-461c-b75e-cdf8cae17f70','9a7477dd-5fad-46d3-8224-a95036768ede','9a747878-8637-47bc-bdf9-c8c431eddc90','9a7477e0-9db0-4ef3-a19b-ccfcb05161ad'),('9a74787c-b095-42ca-88d9-0b9715a7b095','9a7477dd-5fad-46d3-8224-a95036768ede','9a747878-8e45-4d5f-b40d-2c6b9833b137','9a7477e0-5850-4fd6-9a7b-0536475dfa8b'),('9a74787c-b29c-425a-a324-26bda4fa7fb3','9a7477dd-5fad-46d3-8224-a95036768ede','9a747878-9628-4ac9-98ad-8f1d471f32e9','9a7477e0-0336-469c-a7da-3000b4c02783'),('9a74787c-b485-477a-953c-461bc052eb66','9a7477dd-5fad-46d3-8224-a95036768ede','9a747878-9e56-49ca-9e24-ec410e0b52c1','9a7477df-cd58-44b0-b7f0-bccedc48e04c'),('9a74787c-b697-4420-82fc-ca5b69af1afc','9a7477dd-5fad-46d3-8224-a95036768ede','9a747878-a68d-445d-bc60-f5ccd59e03c7','9a7477df-7818-406b-ac1f-b0a798b7f71b');
/*!40000 ALTER TABLE `product_attribute_product_variant` ENABLE KEYS */;
UNLOCK TABLES;

--
-- Table structure for table `product_attributes`
--

DROP TABLE IF EXISTS `product_attributes`;
/*!40101 SET @saved_cs_client     = @@character_set_client */;
/*!50503 SET character_set_client = utf8mb4 */;
CREATE TABLE `product_attributes` (
  `id` char(36) COLLATE utf8mb4_unicode_ci NOT NULL,
  `name` text COLLATE utf8mb4_unicode_ci NOT NULL,
  `slug` varchar(255) COLLATE utf8mb4_unicode_ci NOT NULL,
  `type` tinyint NOT NULL DEFAULT '1',
  `image` json DEFAULT NULL,
  `enabled` tinyint(1) NOT NULL DEFAULT '1',
  `deleted_at` timestamp NULL DEFAULT NULL,
  `created_at` timestamp NULL DEFAULT NULL,
  `updated_at` timestamp NULL DEFAULT NULL,
  PRIMARY KEY (`id`)
) ENGINE=InnoDB DEFAULT CHARSET=utf8mb4 COLLATE=utf8mb4_unicode_ci;
/*!40101 SET character_set_client = @saved_cs_client */;

--
-- Dumping data for table `product_attributes`
--

LOCK TABLES `product_attributes` WRITE;
/*!40000 ALTER TABLE `product_attributes` DISABLE KEYS */;
INSERT INTO `product_attributes` VALUES ('9a7477dd-5fad-46d3-8224-a95036768ede','{\"de\":\"Gr\\u00f6\\u00dfe\",\"fr\":\"Taille\",\"en\":\"Size\"}','size-1',1,'{\"url\": \"https://shoptopus.test/sample-store-data/sample-store-1/attribute-size.jpg\", \"file_name\": \"attribute-size.jpg\"}',1,NULL,'2023-10-25 16:09:38','2023-10-25 16:09:38'),('9a7477dd-9aa6-47d1-b9d1-e93b8f750842','{\"de\":\"Material\",\"fr\":\"Mat\\u00e9riel\",\"en\":\"Material\"}','material-1',2,'{\"url\": \"https://shoptopus.test/sample-store-data/sample-store-1/attribute-material.jpg\", \"file_name\": \"attribute-material.jpg\"}',1,NULL,'2023-10-25 16:09:38','2023-10-25 16:09:38'),('9a7477dd-edc5-48d9-8b86-4a187574fa90','{\"de\":\"Farbe\",\"fr\":\"Couleur\",\"en\":\"Colour\"}','colour-1',3,'{\"url\": \"https://shoptopus.test/sample-store-data/sample-store-1/attribute-colour.jpg\", \"file_name\": \"attribute-colour.jpg\"}',1,NULL,'2023-10-25 16:09:38','2023-10-25 16:09:39');
/*!40000 ALTER TABLE `product_attributes` ENABLE KEYS */;
UNLOCK TABLES;

--
-- Table structure for table `product_categories`
--

DROP TABLE IF EXISTS `product_categories`;
/*!40101 SET @saved_cs_client     = @@character_set_client */;
/*!50503 SET character_set_client = utf8mb4 */;
CREATE TABLE `product_categories` (
  `id` char(36) COLLATE utf8mb4_unicode_ci NOT NULL,
  `parent_id` char(36) COLLATE utf8mb4_unicode_ci DEFAULT NULL,
  `name` text COLLATE utf8mb4_unicode_ci NOT NULL,
  `slug` varchar(255) COLLATE utf8mb4_unicode_ci NOT NULL,
  `description` text COLLATE utf8mb4_unicode_ci NOT NULL,
  `menu_image` json DEFAULT NULL,
  `header_image` json DEFAULT NULL,
  `enabled` tinyint(1) NOT NULL DEFAULT '1',
  `deleted_at` timestamp NULL DEFAULT NULL,
  `created_at` timestamp NULL DEFAULT NULL,
  `updated_at` timestamp NULL DEFAULT NULL,
  PRIMARY KEY (`id`),
  KEY `product_categories_parent_id_foreign` (`parent_id`),
  CONSTRAINT `product_categories_parent_id_foreign` FOREIGN KEY (`parent_id`) REFERENCES `product_categories` (`id`) ON DELETE SET NULL
) ENGINE=InnoDB DEFAULT CHARSET=utf8mb4 COLLATE=utf8mb4_unicode_ci;
/*!40101 SET character_set_client = @saved_cs_client */;

--
-- Dumping data for table `product_categories`
--

LOCK TABLES `product_categories` WRITE;
/*!40000 ALTER TABLE `product_categories` DISABLE KEYS */;
INSERT INTO `product_categories` VALUES ('9a7477c8-f201-45ee-acc0-1ebe080d41b4',NULL,'{\"de\":\"Kleidung\",\"fr\":\"V\\u00eatements\",\"en\":\"Clothing\"}','clothing-1','{\"de\":\"Kleidung f\\u00fcr alle Gelegenheiten\",\"fr\":\"Des v\\u00eatements pour toutes les occasions\",\"en\":\"Clothing for all occasions\"}','{\"url\": \"https://shoptopus.test/sample-store-data/sample-store-1/category-clothing-menu-image.jpg\", \"file_name\": \"category-clothing-menu-image.jpg\"}','{\"url\": \"https://shoptopus.test/sample-store-data/sample-store-1/category-clothing-header-image.jpg\", \"file_name\": \"category-clothing-header-image.jpg\"}',1,NULL,'2023-10-25 16:09:24','2023-10-25 16:09:25'),('9a7477c9-a978-4c94-885a-bf00d7164937','9a7477c8-f201-45ee-acc0-1ebe080d41b4','{\"de\":\"Damenbekleidung\",\"fr\":\"V\\u00eatements pour dames\",\"en\":\"Ladies clothing\"}','womans-clothing-1','{\"de\":\"Alles von Blusen, R\\u00f6cken, Tops und allem\",\"fr\":\"Tout, des chemisiers, jupes, hauts et tout\",\"en\":\"Everything from blouses, skirts, tops and all\"}','{\"url\": \"https://shoptopus.test/sample-store-data/sample-store-1/category-ladies-clothing-menu-image.jpg\", \"file_name\": \"category-ladies-clothing-menu-image.jpg\"}','{\"url\": \"https://shoptopus.test/sample-store-data/sample-store-1/category-ladies-clothing-header-image.jpg\", \"file_name\": \"category-ladies-clothing-header-image.jpg\"}',1,NULL,'2023-10-25 16:09:25','2023-10-25 16:09:25'),('9a7477ca-4ef9-4d79-99ef-b2de085d02f8','9a7477c9-a978-4c94-885a-bf00d7164937','{\"de\":\"Polo-Shirts\",\"fr\":\"Polos\",\"en\":\"Polo shirts\"}','womans-polo-shirts-1','{\"de\":\"Gro\\u00dfe Auswahl an Poloshirts\",\"fr\":\"Large choix de polos\",\"en\":\"Wide selection of polo shirts\"}','{\"url\": \"https://shoptopus.test/sample-store-data/sample-store-1/category-ladies-polo-shirts-menu-image.jpg\", \"file_name\": \"category-ladies-polo-shirts-menu-image.jpg\"}','{\"url\": \"https://shoptopus.test/sample-store-data/sample-store-1/category-ladies-polo-shirts-header-image.jpg\", \"file_name\": \"category-ladies-polo-shirts-header-image.jpg\"}',1,NULL,'2023-10-25 16:09:25','2023-10-25 16:09:26'),('9a7477ca-ef19-4936-b4d4-e7c8bfe3003a','9a7477c9-a978-4c94-885a-bf00d7164937','{\"de\":\"die R\\u00f6cke\",\"fr\":\"Jupes\",\"en\":\"Skirts\"}','womans-skirts-1','{\"de\":\"Gro\\u00dfe Auswahl an R\\u00f6cken\",\"fr\":\"Large choix de jupes\",\"en\":\"Wide selection of skirts\"}','{\"url\": \"https://shoptopus.test/sample-store-data/sample-store-1/category-ladies-skirts-menu-image.jpg\", \"file_name\": \"category-ladies-skirts-menu-image.jpg\"}','{\"url\": \"https://shoptopus.test/sample-store-data/sample-store-1/category-ladies-skirts-header-image.jpg\", \"file_name\": \"category-ladies-skirts-header-image.jpg\"}',1,NULL,'2023-10-25 16:09:26','2023-10-25 16:09:26'),('9a7477cb-a7c2-4076-b664-3295b3f068a7','9a7477c9-a978-4c94-885a-bf00d7164937','{\"de\":\"Pullover\",\"fr\":\"Pulls\",\"en\":\"Jumpers\"}','womans-jumpers-1','{\"de\":\"Gro\\u00dfe Auswahl an Pullovern\",\"fr\":\"Large choix de pulls\",\"en\":\"Wide selection of jumpers\"}','{\"url\": \"https://shoptopus.test/sample-store-data/sample-store-1/category-ladies-jumpers-menu-image.jpg\", \"file_name\": \"category-ladies-jumpers-menu-image.jpg\"}','{\"url\": \"https://shoptopus.test/sample-store-data/sample-store-1/category-ladies-jumpers-header-image.jpg\", \"file_name\": \"category-ladies-jumpers-header-image.jpg\"}',1,NULL,'2023-10-25 16:09:26','2023-10-25 16:09:27'),('9a7477cc-3ece-4dd7-886f-4c2a4cddc031','9a7477c9-a978-4c94-885a-bf00d7164937','{\"de\":\"Hose\",\"fr\":\"Pantalon\",\"en\":\"Trousers\"}','womans-trousers-1','{\"de\":\"Gro\\u00dfe Auswahl an Hosen\",\"fr\":\"Large choix de pantalons\",\"en\":\"Wide selection of trousers\"}','{\"url\": \"https://shoptopus.test/sample-store-data/sample-store-1/category-ladies-trousers-menu-image.jpg\", \"file_name\": \"category-ladies-trousers-menu-image.jpg\"}','{\"url\": \"https://shoptopus.test/sample-store-data/sample-store-1/category-ladies-trousers-header-image.jpg\", \"file_name\": \"category-ladies-trousers-header-image.jpg\"}',1,NULL,'2023-10-25 16:09:27','2023-10-25 16:09:27'),('9a7477cc-da5e-467f-bd69-5df9a8f89ed4','9a7477c9-a978-4c94-885a-bf00d7164937','{\"de\":\"Socken\",\"fr\":\"Chaussettes\",\"en\":\"Socks\"}','womans-socks-1','{\"de\":\"Gro\\u00dfe Auswahl an Socken\",\"fr\":\"Large choix de chaussettes\",\"en\":\"Wide selection of socks\"}','{\"url\": \"https://shoptopus.test/sample-store-data/sample-store-1/category-ladies-socks-menu-image.jpg\", \"file_name\": \"category-ladies-socks-menu-image.jpg\"}','{\"url\": \"https://shoptopus.test/sample-store-data/sample-store-1/category-ladies-socks-header-image.jpg\", \"file_name\": \"category-ladies-socks-header-image.jpg\"}',1,NULL,'2023-10-25 16:09:27','2023-10-25 16:09:27'),('9a7477cd-82e0-4c4a-b7e7-623aaf285306','9a7477c8-f201-45ee-acc0-1ebe080d41b4','{\"de\":\"M\\u00e4nnerkleidung\",\"fr\":\"V\\u00eatements pour hommes\",\"en\":\"Men\'s clothing\"}','mens-clothing-1','{\"de\":\"Alles von Anz\\u00fcgen, Krawatten, Hosen und allem\",\"fr\":\"Tout, des costumes, cravates, pantalons et tout\",\"en\":\"Everything from suits, ties, trousers and all\"}','{\"url\": \"https://shoptopus.test/sample-store-data/sample-store-1/category-mens-clothing-menu-image.jpg\", \"file_name\": \"category-mens-clothing-menu-image.jpg\"}','{\"url\": \"https://shoptopus.test/sample-store-data/sample-store-1/category-mens-clothing-header-image.jpg\", \"file_name\": \"category-mens-clothing-header-image.jpg\"}',1,NULL,'2023-10-25 16:09:27','2023-10-25 16:09:28'),('9a7477ce-1894-4f62-a3e4-fa46ef6d1946','9a7477cd-82e0-4c4a-b7e7-623aaf285306','{\"de\":\"T-Shirts\",\"fr\":\"T-shirts\",\"en\":\"T-shirts\"}','mens-t-shirts-1','{\"de\":\"Gro\\u00dfe Auswahl an T-Shirts\",\"fr\":\"Large choix de tee-shirts\",\"en\":\"Wide selection of t-shirts\"}','{\"url\": \"https://shoptopus.test/sample-store-data/sample-store-1/category-mens-t-shirts-menu-image.jpg\", \"file_name\": \"category-mens-t-shirts-menu-image.jpg\"}','{\"url\": \"https://shoptopus.test/sample-store-data/sample-store-1/category-mens-t-shirts-header-image.jpg\", \"file_name\": \"category-mens-t-shirts-header-image.jpg\"}',1,NULL,'2023-10-25 16:09:28','2023-10-25 16:09:28'),('9a7477ce-c4e5-41c4-89da-5d585c7612de','9a7477cd-82e0-4c4a-b7e7-623aaf285306','{\"de\":\"Hemden\",\"fr\":\"Chemises\",\"en\":\"Shirts\"}','mens-shirts-1','{\"de\":\"Gro\\u00dfe Auswahl an Hemden\",\"fr\":\"Large choix de chemises\",\"en\":\"Wide selection of shirts\"}','{\"url\": \"https://shoptopus.test/sample-store-data/sample-store-1/category-mens-shirts-menu-image.jpg\", \"file_name\": \"category-mens-shirts-menu-image.jpg\"}','{\"url\": \"https://shoptopus.test/sample-store-data/sample-store-1/category-mens-shirts-header-image.jpg\", \"file_name\": \"category-mens-shirts-header-image.jpg\"}',1,NULL,'2023-10-25 16:09:28','2023-10-25 16:09:29'),('9a7477cf-5d61-48fe-a409-a0fd2ac32310','9a7477cd-82e0-4c4a-b7e7-623aaf285306','{\"de\":\"Pullover\",\"fr\":\"Pulls\",\"en\":\"Jumpers\"}','mens-jumpers-1','{\"de\":\"Gro\\u00dfe Auswahl an Pullovern\",\"fr\":\"Large choix de pulls\",\"en\":\"Wide selection of jumpers\"}','{\"url\": \"https://shoptopus.test/sample-store-data/sample-store-1/category-mens-jumpers-menu-image.jpg\", \"file_name\": \"category-mens-jumpers-menu-image.jpg\"}','{\"url\": \"https://shoptopus.test/sample-store-data/sample-store-1/category-mens-jumpers-header-image.jpg\", \"file_name\": \"category-mens-jumpers-header-image.jpg\"}',1,NULL,'2023-10-25 16:09:29','2023-10-25 16:09:29'),('9a7477d0-1031-473a-b009-f725551fc9d7','9a7477cd-82e0-4c4a-b7e7-623aaf285306','{\"de\":\"Hose\",\"fr\":\"Pantalon\",\"en\":\"Trousers\"}','mens-trousers-1','{\"de\":\"Gro\\u00dfe Auswahl an Hosen\",\"fr\":\"Large choix de pantalons\",\"en\":\"Wide selection of trousers\"}','{\"url\": \"https://shoptopus.test/sample-store-data/sample-store-1/category-mens-trousers-menu-image.jpg\", \"file_name\": \"category-mens-trousers-menu-image.jpg\"}','{\"url\": \"https://shoptopus.test/sample-store-data/sample-store-1/category-mens-trousers-header-image.jpg\", \"file_name\": \"category-mens-trousers-header-image.jpg\"}',1,NULL,'2023-10-25 16:09:29','2023-10-25 16:09:30'),('9a7477d0-bdb6-477b-a0f0-b230763a8e7f','9a7477cd-82e0-4c4a-b7e7-623aaf285306','{\"de\":\"Socken\",\"fr\":\"Chaussettes\",\"en\":\"Socks\"}','mens-socks-1','{\"de\":\"Gro\\u00dfe Auswahl an Socken\",\"fr\":\"Large choix de chaussettes\",\"en\":\"Wide selection of socks\"}','{\"url\": \"https://shoptopus.test/sample-store-data/sample-store-1/category-mens-socks-menu-image.jpg\", \"file_name\": \"category-mens-socks-menu-image.jpg\"}','{\"url\": \"https://shoptopus.test/sample-store-data/sample-store-1/category-ladies-socks-header-image.jpg\", \"file_name\": \"category-mens-socks-header-image.jpg\"}',1,NULL,'2023-10-25 16:09:30','2023-10-25 16:09:30'),('9a7477d1-663a-4646-a34d-b25ebb8f31fe',NULL,'{\"de\":\"Schuhwerk\",\"fr\":\"Chaussure\",\"en\":\"Footwear\"}','footwear-1','{\"de\":\"Schuhe f\\u00fcr alle Gelegenheiten und Zwecke\",\"fr\":\"Des chaussures pour toutes les occasions et tous les usages\",\"en\":\"Footwear for all occasions and purposes\"}','{\"url\": \"https://shoptopus.test/sample-store-data/sample-store-1/category-footwear-menu-image.jpg\", \"file_name\": \"category-footwear-menu-image.jpg\"}','{\"url\": \"https://shoptopus.test/sample-store-data/sample-store-1/category-footwear-header-image.jpg\", \"file_name\": \"category-footwear-header-image.jpg\"}',1,NULL,'2023-10-25 16:09:30','2023-10-25 16:09:30'),('9a7477d2-0534-43fe-9c50-f89d8bd7333c','9a7477d1-663a-4646-a34d-b25ebb8f31fe','{\"de\":\"Damenschuhe\",\"fr\":\"Chaussures pour dames\",\"en\":\"Ladies footwear\"}','womans-footwear-1','{\"de\":\"Ausgefallene Schuhe, Hausschuhe und alles dazwischen\",\"fr\":\"Chaussures fantaisie, pantoufles et tout le reste\",\"en\":\"Fancy shoes, slippers and everything in-between\"}','{\"url\": \"https://shoptopus.test/sample-store-data/sample-store-1/category-ladies-footwear-menu-image.jpg\", \"file_name\": \"category-ladies-footwear-menu-image.jpg\"}','{\"url\": \"https://shoptopus.test/sample-store-data/sample-store-1/category-ladies-footwear-header-image.jpg\", \"file_name\": \"category-ladies-footwear-header-image.jpg\"}',1,NULL,'2023-10-25 16:09:30','2023-10-25 16:09:31'),('9a7477d2-9da2-42b4-a7c0-d4a4c835c8be','9a7477d2-0534-43fe-9c50-f89d8bd7333c','{\"de\":\"Turnschuhe\",\"fr\":\"Baskets\",\"en\":\"Sneakers\"}','womans-footwear-sneakers-1','{\"de\":\"Gro\\u00dfe Auswahl, wenn Turnschuhe verf\\u00fcgbar sind\",\"fr\":\"Large choix si baskets disponibles\",\"en\":\"Wide selection if sneakers available\"}','{\"url\": \"https://shoptopus.test/sample-store-data/sample-store-1/category-ladies-sneakers-menu-image.jpg\", \"file_name\": \"category-ladies-sneakers-menu-image.jpg\"}','{\"url\": \"https://shoptopus.test/sample-store-data/sample-store-1/category-ladies-sneakers-header-image.jpg\", \"file_name\": \"category-ladies-sneakers-header-image.jpg\"}',1,NULL,'2023-10-25 16:09:31','2023-10-25 16:09:31'),('9a7477d3-2b31-4af5-bd40-dce390e61a5a','9a7477d2-0534-43fe-9c50-f89d8bd7333c','{\"de\":\"Sandalen\",\"fr\":\"Des sandales\",\"en\":\"Sandals\"}','womans-footwear-sandals-1','{\"de\":\"Gro\\u00dfe Auswahl, wenn Sandalen verf\\u00fcgbar sind\",\"fr\":\"Large choix si sandales disponibles\",\"en\":\"Wide selection if sandals available\"}','{\"url\": \"https://shoptopus.test/sample-store-data/sample-store-1/category-ladies-sandals-menu-image.jpg\", \"file_name\": \"category-ladies-sandals-menu-image.jpg\"}','{\"url\": \"https://shoptopus.test/sample-store-data/sample-store-1/category-ladies-sandals-header-image.jpg\", \"file_name\": \"category-ladies-sandals-header-image.jpg\"}',1,NULL,'2023-10-25 16:09:31','2023-10-25 16:09:32'),('9a7477d3-a868-4f4c-9358-fee7dbc4e27a','9a7477d2-0534-43fe-9c50-f89d8bd7333c','{\"de\":\"Stiefel\",\"fr\":\"Bottes\",\"en\":\"Boots\"}','womans-footwear-boots-1','{\"de\":\"Gro\\u00dfe Auswahl, wenn Stiefel verf\\u00fcgbar sind\",\"fr\":\"Large choix si bottes disponibles\",\"en\":\"Wide selection if boots available\"}','{\"url\": \"https://shoptopus.test/sample-store-data/sample-store-1/category-ladies-boots-menu-image.jpg\", \"file_name\": \"category-ladies-boots-menu-image.jpg\"}','{\"url\": \"https://shoptopus.test/sample-store-data/sample-store-1/category-ladies-boots-header-image.jpg\", \"file_name\": \"category-ladies-boots-header-image.jpg\"}',1,NULL,'2023-10-25 16:09:32','2023-10-25 16:09:32'),('9a7477d4-5eb3-4864-845b-c603ee25bd5d','9a7477d2-0534-43fe-9c50-f89d8bd7333c','{\"de\":\"Plateauschuhe\",\"fr\":\"Chaussures \\u00e0 semelles compens\\u00e9es\",\"en\":\"Platform Shoes\"}','womans-footwear-platform-shoes-1','{\"de\":\"Gro\\u00dfe Auswahl an Plateauschuhen\",\"fr\":\"Large choix si chaussures \\u00e0 plateforme disponibles\",\"en\":\"Wide selection if platform shoes available\"}','{\"url\": \"https://shoptopus.test/sample-store-data/sample-store-1/category-ladies-platform-shoes-menu-image.jpg\", \"file_name\": \"category-ladies-platform-shoes-menu-image.jpg\"}','{\"url\": \"https://shoptopus.test/sample-store-data/sample-store-1/category-ladies-platform-shoes-header-image.jpg\", \"file_name\": \"category-ladies-platform-shoes-header-image.jpg\"}',1,NULL,'2023-10-25 16:09:32','2023-10-25 16:09:32'),('9a7477d5-026f-42f5-9b12-c9c65693f38b','9a7477d1-663a-4646-a34d-b25ebb8f31fe','{\"de\":\"Herrenschuhe\",\"fr\":\"Chaussures pour hommes\",\"en\":\"Men\'s footwear\"}','mens-footwear-1','{\"de\":\"Ausgefallene Schuhe, Hausschuhe und alles dazwischen\",\"fr\":\"Chaussures fantaisie, pantoufles et tout le reste\",\"en\":\"Fancy shoes, slippers and everything in-between\"}','{\"url\": \"https://shoptopus.test/sample-store-data/sample-store-1/category-mens-footwear-menu-image.jpg\", \"file_name\": \"category-mens-footwear-menu-image.jpg\"}','{\"url\": \"https://shoptopus.test/sample-store-data/sample-store-1/category-mens-footwear-header-image.jpg\", \"file_name\": \"category-mens-footwear-header-image.jpg\"}',1,NULL,'2023-10-25 16:09:32','2023-10-25 16:09:33'),('9a7477d5-b8c5-4b85-9816-8825fb93fe10','9a7477d5-026f-42f5-9b12-c9c65693f38b','{\"de\":\"Slipper\",\"fr\":\"Fl\\u00e2neurs\",\"en\":\"Loafers\"}','mens-footwear-loafers-1','{\"de\":\"Gro\\u00dfe Auswahl an Slippern\",\"fr\":\"Large choix si mocassins disponibles\",\"en\":\"Wide selection if loafers available\"}','{\"url\": \"https://shoptopus.test/sample-store-data/sample-store-1/category-mens-loafers-menu-image.jpg\", \"file_name\": \"category-mens-loafers-menu-image.jpg\"}','{\"url\": \"https://shoptopus.test/sample-store-data/sample-store-1/category-mens-loafers-header-image.jpg\", \"file_name\": \"category-mens-loafers-header-image.jpg\"}',1,NULL,'2023-10-25 16:09:33','2023-10-25 16:09:33'),('9a7477d6-4dd7-4fee-bd1d-0594f412eb95','9a7477d5-026f-42f5-9b12-c9c65693f38b','{\"de\":\"Turnschuhe\",\"fr\":\"Baskets\",\"en\":\"Sneakers\"}','mens-footwear-sneakers-1','{\"de\":\"Gro\\u00dfe Auswahl, wenn Turnschuhe verf\\u00fcgbar sind\",\"fr\":\"Large choix si baskets disponibles\",\"en\":\"Wide selection if sneakers available\"}','{\"url\": \"https://shoptopus.test/sample-store-data/sample-store-1/category-mens-sneakers-menu-image.jpg\", \"file_name\": \"category-mens-sneakers-menu-image.jpg\"}','{\"url\": \"https://shoptopus.test/sample-store-data/sample-store-1/category-mens-sneakers-header-image.jpg\", \"file_name\": \"category-mens-sneakers-header-image.jpg\"}',1,NULL,'2023-10-25 16:09:33','2023-10-25 16:09:34'),('9a7477d6-e3e9-490d-8af8-238bc6946090','9a7477d5-026f-42f5-9b12-c9c65693f38b','{\"de\":\"Sandale\",\"fr\":\"Sandale\",\"en\":\"Sandal\"}','mens-footwear-sandals-1','{\"de\":\"Gro\\u00dfe Auswahl, wenn Sandalen verf\\u00fcgbar sind\",\"fr\":\"Large choix si sandales disponibles\",\"en\":\"Wide selection if sandals available\"}','{\"url\": \"https://shoptopus.test/sample-store-data/sample-store-1/category-mens-sandals-menu-image.jpg\", \"file_name\": \"category-mens-sandals-menu-image.jpg\"}','{\"url\": \"https://shoptopus.test/sample-store-data/sample-store-1/category-mens-sandals-header-image.jpg\", \"file_name\": \"category-mens-sandals-header-image.jpg\"}',1,NULL,'2023-10-25 16:09:34','2023-10-25 16:09:34'),('9a7477d7-61a0-402e-95f3-b5dd6c1e19fb','9a7477d5-026f-42f5-9b12-c9c65693f38b','{\"de\":\"Stiefel\",\"fr\":\"Bottes\",\"en\":\"Boots\"}','mens-footwear-boots-1','{\"de\":\"Gro\\u00dfe Auswahl, wenn Stiefel verf\\u00fcgbar sind\",\"fr\":\"Large choix si bottes disponibles\",\"en\":\"Wide selection if boots available\"}','{\"url\": \"https://shoptopus.test/sample-store-data/sample-store-1/category-mens-boots-menu-image.jpg\", \"file_name\": \"category-mens-boots-menu-image.jpg\"}','{\"url\": \"https://shoptopus.test/sample-store-data/sample-store-1/category-mens-boots-header-image.jpg\", \"file_name\": \"category-mens-boots-header-image.jpg\"}',1,NULL,'2023-10-25 16:09:34','2023-10-25 16:09:34'),('9a7477d7-f8a5-40ad-9768-686c3bce48a4',NULL,'{\"de\":\"Zubeh\\u00f6r\",\"fr\":\"Accessoires\",\"en\":\"Accessories\"}','accessories-1','{\"de\":\"Von der Sonnenbrille bis zum Schmuck sind Sie bei uns genau richtig\",\"fr\":\"Des lunettes de soleil aux bijoux, nous avons ce qu&#39;il vous faut\",\"en\":\"From sunglasses to jewellery we got you covered\"}','{\"url\": \"https://shoptopus.test/sample-store-data/sample-store-1/category-accessories-menu-image.jpg\", \"file_name\": \"category-accessories-menu-image.jpg\"}','{\"url\": \"https://shoptopus.test/sample-store-data/sample-store-1/category-accessories-header-image.jpg\", \"file_name\": \"category-accessories-header-image.jpg\"}',1,NULL,'2023-10-25 16:09:34','2023-10-25 16:09:35'),('9a7477d8-952d-4c8c-84c4-f37b009fcb8d','9a7477d7-f8a5-40ad-9768-686c3bce48a4','{\"de\":\"Damenaccessoires\",\"fr\":\"Accessoires dames\",\"en\":\"Ladies accessories\"}','womans-accessories-1','{\"de\":\"Schmuck, Sonnenbrillen, M\\u00fctzen, Schals und mehr ...\",\"fr\":\"Bijoux, lunettes de soleil, chapeaux, \\u00e9charpes et bien plus encore...\",\"en\":\"Jewellery, sunglasses, hats, scarves and more...\"}','{\"url\": \"https://shoptopus.test/sample-store-data/sample-store-1/category-ladies-accessories-menu-image.jpg\", \"file_name\": \"category-ladies-accessories-menu-image.jpg\"}','{\"url\": \"https://shoptopus.test/sample-store-data/sample-store-1/category-ladies-accessories-header-image.jpg\", \"file_name\": \"category-ladies-accessories-header-image.jpg\"}',1,NULL,'2023-10-25 16:09:35','2023-10-25 16:09:35'),('9a7477d9-4484-4819-b9ef-87b3b7a10ff1','9a7477d8-952d-4c8c-84c4-f37b009fcb8d','{\"de\":\"Sonnenbrille\",\"fr\":\"Des lunettes de soleil\",\"en\":\"Sunglasses\"}','womans-accessories-sunglasses-1','{\"de\":\"Sch\\u00fctzen Sie Ihre Augen und seien Sie stilvoll\",\"fr\":\"Prot\\u00e9gez vos yeux et soyez \\u00e9l\\u00e9gant\",\"en\":\"Protect your eyes and be stylish\"}','{\"url\": \"https://shoptopus.test/sample-store-data/sample-store-1/category-ladies-sunglasses-menu-image.jpg\", \"file_name\": \"category-ladies-sunglasses-menu-image.jpg\"}','{\"url\": \"https://shoptopus.test/sample-store-data/sample-store-1/category-ladies-sunglasses-header-image.jpg\", \"file_name\": \"category-ladies-sunglasses-header-image.jpg\"}',1,NULL,'2023-10-25 16:09:35','2023-10-25 16:09:36'),('9a7477d9-e147-4607-85e5-ec3045508be3','9a7477d8-952d-4c8c-84c4-f37b009fcb8d','{\"de\":\"Schmuck\",\"fr\":\"Bijoux\",\"en\":\"Jewellery\"}','womans-accessories-jewellery-1','{\"de\":\"Wundersch\\u00f6nes Schmucksortiment der gr\\u00f6\\u00dften Marken\",\"fr\":\"Belle gamme de bijoux des plus grandes marques\",\"en\":\"Beautiful range of jewellery from the largest brands\"}','{\"url\": \"https://shoptopus.test/sample-store-data/sample-store-1/category-ladies-jewellery-menu-image.jpg\", \"file_name\": \"category-ladies-jewellery-menu-image.jpg\"}','{\"url\": \"https://shoptopus.test/sample-store-data/sample-store-1/category-ladies-jewellery-header-image.jpg\", \"file_name\": \"category-ladies-jewellery-header-image.jpg\"}',1,NULL,'2023-10-25 16:09:36','2023-10-25 16:09:36'),('9a7477da-8418-481f-8607-39b333959ade','9a7477d8-952d-4c8c-84c4-f37b009fcb8d','{\"de\":\"H\\u00fcte\",\"fr\":\"Chapeaux\",\"en\":\"Hats\"}','womans-accessories-hats-1','{\"de\":\"Finden Sie den Hut, der Ihnen das Gef\\u00fchl gibt, etwas Besonderes zu sein!\",\"fr\":\"Trouvez le chapeau qui vous fait sentir sp\\u00e9cial !\",\"en\":\"Find the hat that makes you feel special!\"}','{\"url\": \"https://shoptopus.test/sample-store-data/sample-store-1/category-ladies-hats-menu-image.jpg\", \"file_name\": \"category-ladies-hats-menu-image.jpg\"}','{\"url\": \"https://shoptopus.test/sample-store-data/sample-store-1/category-ladies-hats-header-image.jpg\", \"file_name\": \"category-ladies-hats-header-image.jpg\"}',1,NULL,'2023-10-25 16:09:36','2023-10-25 16:09:36'),('9a7477db-25d5-430b-8e73-87a29579a4b3','9a7477d7-f8a5-40ad-9768-686c3bce48a4','{\"de\":\"Herrenaccessoires\",\"fr\":\"Accessoires pour hommes\",\"en\":\"Mens accessories\"}','mens-accessories-1','{\"de\":\"Schmuck, Sonnenbrillen, M\\u00fctzen, Schals, Krawatten und mehr ...\",\"fr\":\"Bijoux, lunettes de soleil, chapeaux, foulards, cravates et plus encore...\",\"en\":\"Jewellery, sunglasses, hats, scarves, ties and more...\"}','{\"url\": \"https://shoptopus.test/sample-store-data/sample-store-1/category-mens-accessories-menu-image.jpg\", \"file_name\": \"category-mens-accessories-menu-image.jpg\"}','{\"url\": \"https://shoptopus.test/sample-store-data/sample-store-1/category-mens-accessories-header-image.jpg\", \"file_name\": \"category-mens-accessories-header-image.jpg\"}',1,NULL,'2023-10-25 16:09:36','2023-10-25 16:09:37'),('9a7477db-c866-4f37-afe1-1b767b478319','9a7477db-25d5-430b-8e73-87a29579a4b3','{\"de\":\"Sonnenbrille\",\"fr\":\"Des lunettes de soleil\",\"en\":\"Sunglasses\"}','mens-accessories-sunglasses-1','{\"de\":\"Sch\\u00fctzen Sie Ihre Augen und bleiben Sie cool\",\"fr\":\"Prot\\u00e9gez vos yeux et soyez cool\",\"en\":\"Protect your eyes and be cool\"}','{\"url\": \"https://shoptopus.test/sample-store-data/sample-store-1/category-mens-sunglasses-menu-image.jpg\", \"file_name\": \"category-mens-sunglasses-menu-image.jpg\"}','{\"url\": \"https://shoptopus.test/sample-store-data/sample-store-1/category-mens-sunglasses-header-image.jpg\", \"file_name\": \"category-mens-sunglasses-header-image.jpg\"}',1,NULL,'2023-10-25 16:09:37','2023-10-25 16:09:37'),('9a7477dc-983a-4f1a-a080-c5bd8ee2672e','9a7477db-25d5-430b-8e73-87a29579a4b3','{\"de\":\"Schmuck\",\"fr\":\"Bijoux\",\"en\":\"Jewellery\"}','mens-accessories-jewellery-1','{\"de\":\"Wundersch\\u00f6nes Schmucksortiment der gr\\u00f6\\u00dften Marken\",\"fr\":\"Belle gamme de bijoux des plus grandes marques\",\"en\":\"Beautiful range of jewellery from the largest brands\"}','{\"url\": \"https://shoptopus.test/sample-store-data/sample-store-1/category-mens-jewellery-menu-image.jpg\", \"file_name\": \"category-mens-jewellery-menu-image.jpg\"}','{\"url\": \"https://shoptopus.test/sample-store-data/sample-store-1/category-mens-jewellery-header-image.jpg\", \"file_name\": \"category-mens-jewellery-header-image.jpg\"}',1,NULL,'2023-10-25 16:09:37','2023-10-25 16:09:38'),('9a7477dd-0eda-4053-b597-149f367bbe3f','9a7477db-25d5-430b-8e73-87a29579a4b3','{\"de\":\"Krawatten\",\"fr\":\"Cravates\",\"en\":\"Ties\"}','mens-accessories-ties-1','{\"de\":\"Finden Sie die Krawatte, die Ihnen das Gef\\u00fchl gibt, etwas Besonderes zu sein!\",\"fr\":\"Trouvez la cravate qui vous fait sentir sp\\u00e9ciale !\",\"en\":\"Find the tie that makes you feel special!\"}','{\"url\": \"https://shoptopus.test/sample-store-data/sample-store-1/category-mens-ties-menu-image.jpg\", \"file_name\": \"category-mens-ties-menu-image.jpg\"}','{\"url\": \"https://shoptopus.test/sample-store-data/sample-store-1/category-mens-ties-header-image.jpg\", \"file_name\": \"category-mens-ties-header-image.jpg\"}',1,NULL,'2023-10-25 16:09:38','2023-10-25 16:09:38');
/*!40000 ALTER TABLE `product_categories` ENABLE KEYS */;
UNLOCK TABLES;

--
-- Table structure for table `product_product_attribute`
--

DROP TABLE IF EXISTS `product_product_attribute`;
/*!40101 SET @saved_cs_client     = @@character_set_client */;
/*!50503 SET character_set_client = utf8mb4 */;
CREATE TABLE `product_product_attribute` (
  `id` char(36) COLLATE utf8mb4_unicode_ci NOT NULL,
  `product_id` char(36) COLLATE utf8mb4_unicode_ci DEFAULT NULL,
  `product_attribute_id` char(36) COLLATE utf8mb4_unicode_ci NOT NULL,
  `product_attribute_option_id` char(36) COLLATE utf8mb4_unicode_ci DEFAULT NULL,
  PRIMARY KEY (`id`),
  UNIQUE KEY `p_a_o_id` (`product_id`,`product_attribute_id`,`product_attribute_option_id`),
  KEY `product_product_attribute_product_attribute_id_foreign` (`product_attribute_id`),
  KEY `product_product_attribute_product_attribute_option_id_foreign` (`product_attribute_option_id`),
  CONSTRAINT `product_product_attribute_product_attribute_id_foreign` FOREIGN KEY (`product_attribute_id`) REFERENCES `product_attributes` (`id`),
  CONSTRAINT `product_product_attribute_product_attribute_option_id_foreign` FOREIGN KEY (`product_attribute_option_id`) REFERENCES `product_attribute_options` (`id`),
  CONSTRAINT `product_product_attribute_product_id_foreign` FOREIGN KEY (`product_id`) REFERENCES `products` (`id`) ON DELETE CASCADE
) ENGINE=InnoDB DEFAULT CHARSET=utf8mb4 COLLATE=utf8mb4_unicode_ci;
/*!40101 SET character_set_client = @saved_cs_client */;

--
-- Dumping data for table `product_product_attribute`
--

LOCK TABLES `product_product_attribute` WRITE;
/*!40000 ALTER TABLE `product_product_attribute` DISABLE KEYS */;
/*!40000 ALTER TABLE `product_product_attribute` ENABLE KEYS */;
UNLOCK TABLES;

--
-- Table structure for table `product_product_category`
--

DROP TABLE IF EXISTS `product_product_category`;
/*!40101 SET @saved_cs_client     = @@character_set_client */;
/*!50503 SET character_set_client = utf8mb4 */;
CREATE TABLE `product_product_category` (
  `product_id` char(36) COLLATE utf8mb4_unicode_ci DEFAULT NULL,
  `product_category_id` char(36) COLLATE utf8mb4_unicode_ci NOT NULL,
  UNIQUE KEY `product_product_category_product_id_product_category_id_unique` (`product_id`,`product_category_id`),
  KEY `product_product_category_product_category_id_foreign` (`product_category_id`),
  CONSTRAINT `product_product_category_product_category_id_foreign` FOREIGN KEY (`product_category_id`) REFERENCES `product_categories` (`id`) ON DELETE CASCADE,
  CONSTRAINT `product_product_category_product_id_foreign` FOREIGN KEY (`product_id`) REFERENCES `products` (`id`) ON DELETE CASCADE
) ENGINE=InnoDB DEFAULT CHARSET=utf8mb4 COLLATE=utf8mb4_unicode_ci;
/*!40101 SET character_set_client = @saved_cs_client */;

--
-- Dumping data for table `product_product_category`
--

LOCK TABLES `product_product_category` WRITE;
/*!40000 ALTER TABLE `product_product_category` DISABLE KEYS */;
INSERT INTO `product_product_category` VALUES ('9a7477ec-d35c-4c2c-b4ca-7561477e0a93','9a7477c8-f201-45ee-acc0-1ebe080d41b4'),('9a7477ec-d35c-4c2c-b4ca-7561477e0a93','9a7477cd-82e0-4c4a-b7e7-623aaf285306'),('9a7477ec-d35c-4c2c-b4ca-7561477e0a93','9a7477ce-1894-4f62-a3e4-fa46ef6d1946'),('9a7477ee-d2f5-4baf-a7cb-4740c6f1efb0','9a7477c8-f201-45ee-acc0-1ebe080d41b4'),('9a7477ee-d2f5-4baf-a7cb-4740c6f1efb0','9a7477cd-82e0-4c4a-b7e7-623aaf285306'),('9a7477ee-d2f5-4baf-a7cb-4740c6f1efb0','9a7477ce-1894-4f62-a3e4-fa46ef6d1946'),('9a7477f0-8164-446d-9856-1197abb7f283','9a7477c8-f201-45ee-acc0-1ebe080d41b4'),('9a7477f0-8164-446d-9856-1197abb7f283','9a7477cd-82e0-4c4a-b7e7-623aaf285306'),('9a7477f0-8164-446d-9856-1197abb7f283','9a7477ce-1894-4f62-a3e4-fa46ef6d1946'),('9a7477f2-28ae-416f-b8ce-8b73a7ff31da','9a7477c8-f201-45ee-acc0-1ebe080d41b4'),('9a7477f2-28ae-416f-b8ce-8b73a7ff31da','9a7477cd-82e0-4c4a-b7e7-623aaf285306'),('9a7477f2-28ae-416f-b8ce-8b73a7ff31da','9a7477ce-c4e5-41c4-89da-5d585c7612de'),('9a7477f3-ed3d-43f3-970a-4fa01fb81891','9a7477c8-f201-45ee-acc0-1ebe080d41b4'),('9a7477f3-ed3d-43f3-970a-4fa01fb81891','9a7477cd-82e0-4c4a-b7e7-623aaf285306'),('9a7477f3-ed3d-43f3-970a-4fa01fb81891','9a7477ce-c4e5-41c4-89da-5d585c7612de'),('9a7477f5-8cfb-44d7-b099-c3222c1d589b','9a7477c8-f201-45ee-acc0-1ebe080d41b4'),('9a7477f5-8cfb-44d7-b099-c3222c1d589b','9a7477cd-82e0-4c4a-b7e7-623aaf285306'),('9a7477f5-8cfb-44d7-b099-c3222c1d589b','9a7477ce-c4e5-41c4-89da-5d585c7612de'),('9a7477f7-1c74-45c3-93e0-b0bc568265b1','9a7477c8-f201-45ee-acc0-1ebe080d41b4'),('9a7477f7-1c74-45c3-93e0-b0bc568265b1','9a7477cd-82e0-4c4a-b7e7-623aaf285306'),('9a7477f7-1c74-45c3-93e0-b0bc568265b1','9a7477cf-5d61-48fe-a409-a0fd2ac32310'),('9a7477f8-f3a4-4a28-ab49-b20f28d9bd1e','9a7477c8-f201-45ee-acc0-1ebe080d41b4'),('9a7477f8-f3a4-4a28-ab49-b20f28d9bd1e','9a7477cd-82e0-4c4a-b7e7-623aaf285306'),('9a7477f8-f3a4-4a28-ab49-b20f28d9bd1e','9a7477cf-5d61-48fe-a409-a0fd2ac32310'),('9a7477fa-d268-4d7d-9ebd-30d2560a2f2b','9a7477c8-f201-45ee-acc0-1ebe080d41b4'),('9a7477fa-d268-4d7d-9ebd-30d2560a2f2b','9a7477cd-82e0-4c4a-b7e7-623aaf285306'),('9a7477fa-d268-4d7d-9ebd-30d2560a2f2b','9a7477cf-5d61-48fe-a409-a0fd2ac32310'),('9a7477fc-4813-4a1a-9b3a-b484c1c88d7e','9a7477c8-f201-45ee-acc0-1ebe080d41b4'),('9a7477fc-4813-4a1a-9b3a-b484c1c88d7e','9a7477cd-82e0-4c4a-b7e7-623aaf285306'),('9a7477fc-4813-4a1a-9b3a-b484c1c88d7e','9a7477d0-1031-473a-b009-f725551fc9d7'),('9a7477fe-311d-4d90-9b36-4dbed6f0acca','9a7477c8-f201-45ee-acc0-1ebe080d41b4'),('9a7477fe-311d-4d90-9b36-4dbed6f0acca','9a7477cd-82e0-4c4a-b7e7-623aaf285306'),('9a7477fe-311d-4d90-9b36-4dbed6f0acca','9a7477d0-1031-473a-b009-f725551fc9d7'),('9a7477ff-efd1-45f7-a283-f038580e02b2','9a7477c8-f201-45ee-acc0-1ebe080d41b4'),('9a7477ff-efd1-45f7-a283-f038580e02b2','9a7477cd-82e0-4c4a-b7e7-623aaf285306'),('9a7477ff-efd1-45f7-a283-f038580e02b2','9a7477d0-1031-473a-b009-f725551fc9d7'),('9a747802-b390-45ff-93ea-746b30ccd7fe','9a7477c8-f201-45ee-acc0-1ebe080d41b4'),('9a747802-b390-45ff-93ea-746b30ccd7fe','9a7477cd-82e0-4c4a-b7e7-623aaf285306'),('9a747802-b390-45ff-93ea-746b30ccd7fe','9a7477d0-bdb6-477b-a0f0-b230763a8e7f'),('9a747804-8b26-41a2-8a5f-4bd7c6057dc1','9a7477c8-f201-45ee-acc0-1ebe080d41b4'),('9a747804-8b26-41a2-8a5f-4bd7c6057dc1','9a7477cd-82e0-4c4a-b7e7-623aaf285306'),('9a747804-8b26-41a2-8a5f-4bd7c6057dc1','9a7477d0-bdb6-477b-a0f0-b230763a8e7f'),('9a747806-391d-4e45-8f05-a967699cf7c3','9a7477c8-f201-45ee-acc0-1ebe080d41b4'),('9a747806-391d-4e45-8f05-a967699cf7c3','9a7477cd-82e0-4c4a-b7e7-623aaf285306'),('9a747806-391d-4e45-8f05-a967699cf7c3','9a7477d0-bdb6-477b-a0f0-b230763a8e7f'),('9a747808-0f26-4ac0-8b5b-1fbf9230a1d4','9a7477c8-f201-45ee-acc0-1ebe080d41b4'),('9a747808-0f26-4ac0-8b5b-1fbf9230a1d4','9a7477c9-a978-4c94-885a-bf00d7164937'),('9a747808-0f26-4ac0-8b5b-1fbf9230a1d4','9a7477ca-4ef9-4d79-99ef-b2de085d02f8'),('9a747809-b1c9-4f86-a887-d19fe25ff2d1','9a7477c8-f201-45ee-acc0-1ebe080d41b4'),('9a747809-b1c9-4f86-a887-d19fe25ff2d1','9a7477c9-a978-4c94-885a-bf00d7164937'),('9a747809-b1c9-4f86-a887-d19fe25ff2d1','9a7477ca-4ef9-4d79-99ef-b2de085d02f8'),('9a74780c-0553-48c2-94c0-afe7bf9b0a5b','9a7477c8-f201-45ee-acc0-1ebe080d41b4'),('9a74780c-0553-48c2-94c0-afe7bf9b0a5b','9a7477c9-a978-4c94-885a-bf00d7164937'),('9a74780c-0553-48c2-94c0-afe7bf9b0a5b','9a7477ca-4ef9-4d79-99ef-b2de085d02f8'),('9a74780d-d674-4712-aaa2-87e907ee492c','9a7477c8-f201-45ee-acc0-1ebe080d41b4'),('9a74780d-d674-4712-aaa2-87e907ee492c','9a7477c9-a978-4c94-885a-bf00d7164937'),('9a74780d-d674-4712-aaa2-87e907ee492c','9a7477ca-ef19-4936-b4d4-e7c8bfe3003a'),('9a74780f-98d6-42f3-8756-d49a5f3e340a','9a7477c8-f201-45ee-acc0-1ebe080d41b4'),('9a74780f-98d6-42f3-8756-d49a5f3e340a','9a7477c9-a978-4c94-885a-bf00d7164937'),('9a74780f-98d6-42f3-8756-d49a5f3e340a','9a7477ca-ef19-4936-b4d4-e7c8bfe3003a'),('9a747811-89af-4477-b351-11ee1cfd0b9b','9a7477c8-f201-45ee-acc0-1ebe080d41b4'),('9a747811-89af-4477-b351-11ee1cfd0b9b','9a7477c9-a978-4c94-885a-bf00d7164937'),('9a747811-89af-4477-b351-11ee1cfd0b9b','9a7477ca-ef19-4936-b4d4-e7c8bfe3003a'),('9a747813-4127-43db-b202-ada230ce5277','9a7477c8-f201-45ee-acc0-1ebe080d41b4'),('9a747813-4127-43db-b202-ada230ce5277','9a7477c9-a978-4c94-885a-bf00d7164937'),('9a747813-4127-43db-b202-ada230ce5277','9a7477cb-a7c2-4076-b664-3295b3f068a7'),('9a747814-fdd4-4823-af61-b85220c6fb22','9a7477c8-f201-45ee-acc0-1ebe080d41b4'),('9a747814-fdd4-4823-af61-b85220c6fb22','9a7477c9-a978-4c94-885a-bf00d7164937'),('9a747814-fdd4-4823-af61-b85220c6fb22','9a7477cb-a7c2-4076-b664-3295b3f068a7'),('9a747816-bc2e-4056-a1cb-a79c59ff7070','9a7477c8-f201-45ee-acc0-1ebe080d41b4'),('9a747816-bc2e-4056-a1cb-a79c59ff7070','9a7477c9-a978-4c94-885a-bf00d7164937'),('9a747816-bc2e-4056-a1cb-a79c59ff7070','9a7477cb-a7c2-4076-b664-3295b3f068a7'),('9a747818-5355-407e-b0c3-a0b1f5b8086a','9a7477c8-f201-45ee-acc0-1ebe080d41b4'),('9a747818-5355-407e-b0c3-a0b1f5b8086a','9a7477c9-a978-4c94-885a-bf00d7164937'),('9a747818-5355-407e-b0c3-a0b1f5b8086a','9a7477cc-3ece-4dd7-886f-4c2a4cddc031'),('9a74781a-0419-41e2-9396-46b0ae971b3b','9a7477c8-f201-45ee-acc0-1ebe080d41b4'),('9a74781a-0419-41e2-9396-46b0ae971b3b','9a7477c9-a978-4c94-885a-bf00d7164937'),('9a74781a-0419-41e2-9396-46b0ae971b3b','9a7477cc-3ece-4dd7-886f-4c2a4cddc031'),('9a74781b-ba63-4202-92e7-d594c03b5ed8','9a7477c8-f201-45ee-acc0-1ebe080d41b4'),('9a74781b-ba63-4202-92e7-d594c03b5ed8','9a7477c9-a978-4c94-885a-bf00d7164937'),('9a74781b-ba63-4202-92e7-d594c03b5ed8','9a7477cc-3ece-4dd7-886f-4c2a4cddc031'),('9a74781d-660b-42f7-9e96-ad82a8a8727b','9a7477c8-f201-45ee-acc0-1ebe080d41b4'),('9a74781d-660b-42f7-9e96-ad82a8a8727b','9a7477c9-a978-4c94-885a-bf00d7164937'),('9a74781d-660b-42f7-9e96-ad82a8a8727b','9a7477cc-da5e-467f-bd69-5df9a8f89ed4'),('9a74781f-10cc-4cac-aa74-c373841f91c5','9a7477c8-f201-45ee-acc0-1ebe080d41b4'),('9a74781f-10cc-4cac-aa74-c373841f91c5','9a7477c9-a978-4c94-885a-bf00d7164937'),('9a74781f-10cc-4cac-aa74-c373841f91c5','9a7477cc-da5e-467f-bd69-5df9a8f89ed4'),('9a747820-e766-4f7c-bf44-d6c971ef2249','9a7477c8-f201-45ee-acc0-1ebe080d41b4'),('9a747820-e766-4f7c-bf44-d6c971ef2249','9a7477c9-a978-4c94-885a-bf00d7164937'),('9a747820-e766-4f7c-bf44-d6c971ef2249','9a7477cc-da5e-467f-bd69-5df9a8f89ed4'),('9a747822-9309-4a20-b742-b5a3d8b001ba','9a7477d1-663a-4646-a34d-b25ebb8f31fe'),('9a747822-9309-4a20-b742-b5a3d8b001ba','9a7477d2-0534-43fe-9c50-f89d8bd7333c'),('9a747822-9309-4a20-b742-b5a3d8b001ba','9a7477d2-9da2-42b4-a7c0-d4a4c835c8be'),('9a747824-1d85-4967-aa32-7c06af994493','9a7477d1-663a-4646-a34d-b25ebb8f31fe'),('9a747824-1d85-4967-aa32-7c06af994493','9a7477d2-0534-43fe-9c50-f89d8bd7333c'),('9a747824-1d85-4967-aa32-7c06af994493','9a7477d2-9da2-42b4-a7c0-d4a4c835c8be'),('9a747825-dafc-4675-94cc-189a9a255a04','9a7477d1-663a-4646-a34d-b25ebb8f31fe'),('9a747825-dafc-4675-94cc-189a9a255a04','9a7477d2-0534-43fe-9c50-f89d8bd7333c'),('9a747825-dafc-4675-94cc-189a9a255a04','9a7477d2-9da2-42b4-a7c0-d4a4c835c8be'),('9a747827-84af-4f0f-80f6-4aecb04a913c','9a7477d1-663a-4646-a34d-b25ebb8f31fe'),('9a747827-84af-4f0f-80f6-4aecb04a913c','9a7477d2-0534-43fe-9c50-f89d8bd7333c'),('9a747827-84af-4f0f-80f6-4aecb04a913c','9a7477d3-2b31-4af5-bd40-dce390e61a5a'),('9a747829-4ef1-42cc-9708-4a3bc11d5245','9a7477d1-663a-4646-a34d-b25ebb8f31fe'),('9a747829-4ef1-42cc-9708-4a3bc11d5245','9a7477d2-0534-43fe-9c50-f89d8bd7333c'),('9a747829-4ef1-42cc-9708-4a3bc11d5245','9a7477d3-2b31-4af5-bd40-dce390e61a5a'),('9a74782b-0e42-45c0-acff-3487b1a8e4c4','9a7477d1-663a-4646-a34d-b25ebb8f31fe'),('9a74782b-0e42-45c0-acff-3487b1a8e4c4','9a7477d2-0534-43fe-9c50-f89d8bd7333c'),('9a74782b-0e42-45c0-acff-3487b1a8e4c4','9a7477d3-2b31-4af5-bd40-dce390e61a5a'),('9a74782c-e18a-4cbe-ac40-3290e193835b','9a7477d1-663a-4646-a34d-b25ebb8f31fe'),('9a74782c-e18a-4cbe-ac40-3290e193835b','9a7477d2-0534-43fe-9c50-f89d8bd7333c'),('9a74782c-e18a-4cbe-ac40-3290e193835b','9a7477d3-a868-4f4c-9358-fee7dbc4e27a'),('9a74782e-df26-4d31-99a2-400a7955af50','9a7477d1-663a-4646-a34d-b25ebb8f31fe'),('9a74782e-df26-4d31-99a2-400a7955af50','9a7477d2-0534-43fe-9c50-f89d8bd7333c'),('9a74782e-df26-4d31-99a2-400a7955af50','9a7477d3-a868-4f4c-9358-fee7dbc4e27a'),('9a747830-7ee3-4148-866d-a8c603645d29','9a7477d1-663a-4646-a34d-b25ebb8f31fe'),('9a747830-7ee3-4148-866d-a8c603645d29','9a7477d2-0534-43fe-9c50-f89d8bd7333c'),('9a747830-7ee3-4148-866d-a8c603645d29','9a7477d3-a868-4f4c-9358-fee7dbc4e27a'),('9a747832-ac4b-4ee6-8869-2e25f79bc272','9a7477d1-663a-4646-a34d-b25ebb8f31fe'),('9a747832-ac4b-4ee6-8869-2e25f79bc272','9a7477d2-0534-43fe-9c50-f89d8bd7333c'),('9a747832-ac4b-4ee6-8869-2e25f79bc272','9a7477d4-5eb3-4864-845b-c603ee25bd5d'),('9a747834-63a6-46a1-b33d-abeb1dc773d9','9a7477d1-663a-4646-a34d-b25ebb8f31fe'),('9a747834-63a6-46a1-b33d-abeb1dc773d9','9a7477d2-0534-43fe-9c50-f89d8bd7333c'),('9a747834-63a6-46a1-b33d-abeb1dc773d9','9a7477d4-5eb3-4864-845b-c603ee25bd5d'),('9a747836-2acb-4e2a-b26e-f6ffb98f3eca','9a7477d1-663a-4646-a34d-b25ebb8f31fe'),('9a747836-2acb-4e2a-b26e-f6ffb98f3eca','9a7477d2-0534-43fe-9c50-f89d8bd7333c'),('9a747836-2acb-4e2a-b26e-f6ffb98f3eca','9a7477d4-5eb3-4864-845b-c603ee25bd5d'),('9a747837-fd5e-4cf2-85b4-63a666a3436a','9a7477d1-663a-4646-a34d-b25ebb8f31fe'),('9a747837-fd5e-4cf2-85b4-63a666a3436a','9a7477d5-026f-42f5-9b12-c9c65693f38b'),('9a747837-fd5e-4cf2-85b4-63a666a3436a','9a7477d5-b8c5-4b85-9816-8825fb93fe10'),('9a747839-c9d3-4710-897a-f25b5381c2c2','9a7477d1-663a-4646-a34d-b25ebb8f31fe'),('9a747839-c9d3-4710-897a-f25b5381c2c2','9a7477d5-026f-42f5-9b12-c9c65693f38b'),('9a747839-c9d3-4710-897a-f25b5381c2c2','9a7477d5-b8c5-4b85-9816-8825fb93fe10'),('9a74783b-cf57-4103-8c03-8cf70613a692','9a7477d1-663a-4646-a34d-b25ebb8f31fe'),('9a74783b-cf57-4103-8c03-8cf70613a692','9a7477d5-026f-42f5-9b12-c9c65693f38b'),('9a74783b-cf57-4103-8c03-8cf70613a692','9a7477d5-b8c5-4b85-9816-8825fb93fe10'),('9a74783d-65ac-4ef3-ae5f-8d321cd07f5c','9a7477d1-663a-4646-a34d-b25ebb8f31fe'),('9a74783d-65ac-4ef3-ae5f-8d321cd07f5c','9a7477d5-026f-42f5-9b12-c9c65693f38b'),('9a74783d-65ac-4ef3-ae5f-8d321cd07f5c','9a7477d6-e3e9-490d-8af8-238bc6946090'),('9a74783f-2c3b-4e2e-87ac-b95e6e01782f','9a7477d1-663a-4646-a34d-b25ebb8f31fe'),('9a74783f-2c3b-4e2e-87ac-b95e6e01782f','9a7477d5-026f-42f5-9b12-c9c65693f38b'),('9a74783f-2c3b-4e2e-87ac-b95e6e01782f','9a7477d6-e3e9-490d-8af8-238bc6946090'),('9a747840-e6ad-4739-a651-d8cdd03d72fa','9a7477d1-663a-4646-a34d-b25ebb8f31fe'),('9a747840-e6ad-4739-a651-d8cdd03d72fa','9a7477d5-026f-42f5-9b12-c9c65693f38b'),('9a747840-e6ad-4739-a651-d8cdd03d72fa','9a7477d6-e3e9-490d-8af8-238bc6946090'),('9a747842-6a35-4a29-9cc8-3e6ab4c8d128','9a7477d1-663a-4646-a34d-b25ebb8f31fe'),('9a747842-6a35-4a29-9cc8-3e6ab4c8d128','9a7477d5-026f-42f5-9b12-c9c65693f38b'),('9a747842-6a35-4a29-9cc8-3e6ab4c8d128','9a7477d7-61a0-402e-95f3-b5dd6c1e19fb'),('9a747843-f82f-4313-9d10-2176f954d28d','9a7477d1-663a-4646-a34d-b25ebb8f31fe'),('9a747843-f82f-4313-9d10-2176f954d28d','9a7477d5-026f-42f5-9b12-c9c65693f38b'),('9a747843-f82f-4313-9d10-2176f954d28d','9a7477d7-61a0-402e-95f3-b5dd6c1e19fb'),('9a747845-b20e-487e-9f86-7b4e736ba01a','9a7477d1-663a-4646-a34d-b25ebb8f31fe'),('9a747845-b20e-487e-9f86-7b4e736ba01a','9a7477d5-026f-42f5-9b12-c9c65693f38b'),('9a747845-b20e-487e-9f86-7b4e736ba01a','9a7477d7-61a0-402e-95f3-b5dd6c1e19fb'),('9a747847-75ed-4965-99bf-7a5ce965c8c7','9a7477d1-663a-4646-a34d-b25ebb8f31fe'),('9a747847-75ed-4965-99bf-7a5ce965c8c7','9a7477d5-026f-42f5-9b12-c9c65693f38b'),('9a747847-75ed-4965-99bf-7a5ce965c8c7','9a7477d6-4dd7-4fee-bd1d-0594f412eb95'),('9a747849-2324-4c87-8812-df0d42b72937','9a7477d1-663a-4646-a34d-b25ebb8f31fe'),('9a747849-2324-4c87-8812-df0d42b72937','9a7477d5-026f-42f5-9b12-c9c65693f38b'),('9a747849-2324-4c87-8812-df0d42b72937','9a7477d6-4dd7-4fee-bd1d-0594f412eb95'),('9a74784a-cfea-4b44-93d6-22e4782675d0','9a7477d1-663a-4646-a34d-b25ebb8f31fe'),('9a74784a-cfea-4b44-93d6-22e4782675d0','9a7477d5-026f-42f5-9b12-c9c65693f38b'),('9a74784a-cfea-4b44-93d6-22e4782675d0','9a7477d6-4dd7-4fee-bd1d-0594f412eb95'),('9a74784c-aca2-423c-bfe7-17161b6f4175','9a7477d7-f8a5-40ad-9768-686c3bce48a4'),('9a74784c-aca2-423c-bfe7-17161b6f4175','9a7477d8-952d-4c8c-84c4-f37b009fcb8d'),('9a74784c-aca2-423c-bfe7-17161b6f4175','9a7477d9-4484-4819-b9ef-87b3b7a10ff1'),('9a74784e-46b6-46de-bbbf-78da6699b9fc','9a7477d7-f8a5-40ad-9768-686c3bce48a4'),('9a74784e-46b6-46de-bbbf-78da6699b9fc','9a7477d8-952d-4c8c-84c4-f37b009fcb8d'),('9a74784e-46b6-46de-bbbf-78da6699b9fc','9a7477d9-4484-4819-b9ef-87b3b7a10ff1'),('9a74784f-ee3b-4ba2-9775-bf73635b855b','9a7477d7-f8a5-40ad-9768-686c3bce48a4'),('9a74784f-ee3b-4ba2-9775-bf73635b855b','9a7477d8-952d-4c8c-84c4-f37b009fcb8d'),('9a74784f-ee3b-4ba2-9775-bf73635b855b','9a7477d9-4484-4819-b9ef-87b3b7a10ff1'),('9a747851-b3f9-44bc-84b0-90f1250c5c3f','9a7477d7-f8a5-40ad-9768-686c3bce48a4'),('9a747851-b3f9-44bc-84b0-90f1250c5c3f','9a7477d8-952d-4c8c-84c4-f37b009fcb8d'),('9a747851-b3f9-44bc-84b0-90f1250c5c3f','9a7477d9-e147-4607-85e5-ec3045508be3'),('9a747853-590b-48a1-934f-c68edde5a2bf','9a7477d7-f8a5-40ad-9768-686c3bce48a4'),('9a747853-590b-48a1-934f-c68edde5a2bf','9a7477d8-952d-4c8c-84c4-f37b009fcb8d'),('9a747853-590b-48a1-934f-c68edde5a2bf','9a7477d9-e147-4607-85e5-ec3045508be3'),('9a747855-3cdd-4ee0-b980-992ff94eaa1b','9a7477d7-f8a5-40ad-9768-686c3bce48a4'),('9a747855-3cdd-4ee0-b980-992ff94eaa1b','9a7477d8-952d-4c8c-84c4-f37b009fcb8d'),('9a747855-3cdd-4ee0-b980-992ff94eaa1b','9a7477d9-e147-4607-85e5-ec3045508be3'),('9a747857-33f5-401b-a760-bdd76fdad512','9a7477d7-f8a5-40ad-9768-686c3bce48a4'),('9a747857-33f5-401b-a760-bdd76fdad512','9a7477d8-952d-4c8c-84c4-f37b009fcb8d'),('9a747857-33f5-401b-a760-bdd76fdad512','9a7477da-8418-481f-8607-39b333959ade'),('9a747859-1df2-4b00-9a06-1d1e16b8a9ab','9a7477d7-f8a5-40ad-9768-686c3bce48a4'),('9a747859-1df2-4b00-9a06-1d1e16b8a9ab','9a7477d8-952d-4c8c-84c4-f37b009fcb8d'),('9a747859-1df2-4b00-9a06-1d1e16b8a9ab','9a7477da-8418-481f-8607-39b333959ade'),('9a74785a-b902-4c00-a22e-92ae6a7aad1b','9a7477d7-f8a5-40ad-9768-686c3bce48a4'),('9a74785a-b902-4c00-a22e-92ae6a7aad1b','9a7477d8-952d-4c8c-84c4-f37b009fcb8d'),('9a74785a-b902-4c00-a22e-92ae6a7aad1b','9a7477da-8418-481f-8607-39b333959ade'),('9a74785c-576c-485e-b65b-057aee96b7c1','9a7477d7-f8a5-40ad-9768-686c3bce48a4'),('9a74785c-576c-485e-b65b-057aee96b7c1','9a7477db-25d5-430b-8e73-87a29579a4b3'),('9a74785c-576c-485e-b65b-057aee96b7c1','9a7477dd-0eda-4053-b597-149f367bbe3f'),('9a74785d-fc8e-4cd6-a63e-cce30f647954','9a7477d7-f8a5-40ad-9768-686c3bce48a4'),('9a74785d-fc8e-4cd6-a63e-cce30f647954','9a7477db-25d5-430b-8e73-87a29579a4b3'),('9a74785d-fc8e-4cd6-a63e-cce30f647954','9a7477dd-0eda-4053-b597-149f367bbe3f'),('9a74785f-bb23-4d9c-890e-9c2a5424fb99','9a7477d7-f8a5-40ad-9768-686c3bce48a4'),('9a74785f-bb23-4d9c-890e-9c2a5424fb99','9a7477db-25d5-430b-8e73-87a29579a4b3'),('9a74785f-bb23-4d9c-890e-9c2a5424fb99','9a7477dd-0eda-4053-b597-149f367bbe3f'),('9a747861-6022-491e-bb41-832a84e017af','9a7477d7-f8a5-40ad-9768-686c3bce48a4'),('9a747861-6022-491e-bb41-832a84e017af','9a7477db-25d5-430b-8e73-87a29579a4b3'),('9a747861-6022-491e-bb41-832a84e017af','9a7477db-c866-4f37-afe1-1b767b478319'),('9a747863-654e-4688-96fe-c475f58dbe10','9a7477d7-f8a5-40ad-9768-686c3bce48a4'),('9a747863-654e-4688-96fe-c475f58dbe10','9a7477db-25d5-430b-8e73-87a29579a4b3'),('9a747863-654e-4688-96fe-c475f58dbe10','9a7477db-c866-4f37-afe1-1b767b478319'),('9a747865-18bc-4337-9e44-c555dfd6575d','9a7477d7-f8a5-40ad-9768-686c3bce48a4'),('9a747865-18bc-4337-9e44-c555dfd6575d','9a7477db-25d5-430b-8e73-87a29579a4b3'),('9a747865-18bc-4337-9e44-c555dfd6575d','9a7477db-c866-4f37-afe1-1b767b478319'),('9a747867-23c5-4a3f-b71e-344103911407','9a7477d7-f8a5-40ad-9768-686c3bce48a4'),('9a747867-23c5-4a3f-b71e-344103911407','9a7477db-25d5-430b-8e73-87a29579a4b3'),('9a747867-23c5-4a3f-b71e-344103911407','9a7477dc-983a-4f1a-a080-c5bd8ee2672e'),('9a747868-ccf9-4e97-9e09-96a1cc0888fe','9a7477d7-f8a5-40ad-9768-686c3bce48a4'),('9a747868-ccf9-4e97-9e09-96a1cc0888fe','9a7477db-25d5-430b-8e73-87a29579a4b3'),('9a747868-ccf9-4e97-9e09-96a1cc0888fe','9a7477dc-983a-4f1a-a080-c5bd8ee2672e'),('9a74786a-8a10-4faf-93d8-24010007d01d','9a7477d7-f8a5-40ad-9768-686c3bce48a4'),('9a74786a-8a10-4faf-93d8-24010007d01d','9a7477db-25d5-430b-8e73-87a29579a4b3'),('9a74786a-8a10-4faf-93d8-24010007d01d','9a7477dc-983a-4f1a-a080-c5bd8ee2672e');
/*!40000 ALTER TABLE `product_product_category` ENABLE KEYS */;
UNLOCK TABLES;

--
-- Table structure for table `product_product_tag`
--

DROP TABLE IF EXISTS `product_product_tag`;
/*!40101 SET @saved_cs_client     = @@character_set_client */;
/*!50503 SET character_set_client = utf8mb4 */;
CREATE TABLE `product_product_tag` (
  `product_id` char(36) COLLATE utf8mb4_unicode_ci DEFAULT NULL,
  `product_tag_id` char(36) COLLATE utf8mb4_unicode_ci DEFAULT NULL,
  UNIQUE KEY `product_product_tag_product_id_product_tag_id_unique` (`product_id`,`product_tag_id`),
  KEY `product_product_tag_product_tag_id_foreign` (`product_tag_id`),
  CONSTRAINT `product_product_tag_product_id_foreign` FOREIGN KEY (`product_id`) REFERENCES `products` (`id`) ON DELETE CASCADE,
  CONSTRAINT `product_product_tag_product_tag_id_foreign` FOREIGN KEY (`product_tag_id`) REFERENCES `product_tags` (`id`) ON DELETE CASCADE
) ENGINE=InnoDB DEFAULT CHARSET=utf8mb4 COLLATE=utf8mb4_unicode_ci;
/*!40101 SET character_set_client = @saved_cs_client */;

--
-- Dumping data for table `product_product_tag`
--

LOCK TABLES `product_product_tag` WRITE;
/*!40000 ALTER TABLE `product_product_tag` DISABLE KEYS */;
/*!40000 ALTER TABLE `product_product_tag` ENABLE KEYS */;
UNLOCK TABLES;

--
-- Table structure for table `product_tags`
--

DROP TABLE IF EXISTS `product_tags`;
/*!40101 SET @saved_cs_client     = @@character_set_client */;
/*!50503 SET character_set_client = utf8mb4 */;
CREATE TABLE `product_tags` (
  `id` char(36) COLLATE utf8mb4_unicode_ci NOT NULL,
  `name` text COLLATE utf8mb4_unicode_ci NOT NULL,
  `slug` varchar(255) COLLATE utf8mb4_unicode_ci NOT NULL,
  `description` text COLLATE utf8mb4_unicode_ci,
  `badge` json DEFAULT NULL,
  `display_badge` tinyint(1) NOT NULL DEFAULT '0',
  `enabled` tinyint(1) NOT NULL DEFAULT '1',
  `deleted_at` timestamp NULL DEFAULT NULL,
  `created_at` timestamp NULL DEFAULT NULL,
  `updated_at` timestamp NULL DEFAULT NULL,
  PRIMARY KEY (`id`)
) ENGINE=InnoDB DEFAULT CHARSET=utf8mb4 COLLATE=utf8mb4_unicode_ci;
/*!40101 SET character_set_client = @saved_cs_client */;

--
-- Dumping data for table `product_tags`
--

LOCK TABLES `product_tags` WRITE;
/*!40000 ALTER TABLE `product_tags` DISABLE KEYS */;
INSERT INTO `product_tags` VALUES ('9a7477e7-2ad0-48e5-9471-9a52165a578c','{\"de\":\"Bio\",\"fr\":\"Organique\",\"en\":\"Organic\"}','tag-organic-1','{\"de\":\"Ausschlie\\u00dflich aus organischen Materialien hergestellt\",\"fr\":\"Fabriqu\\u00e9 exclusivement \\u00e0 partir de mat\\u00e9riaux biologiques\",\"en\":\"Made exclusively from organic materials\"}',NULL,1,1,NULL,'2023-10-25 16:09:44','2023-10-25 16:09:45'),('9a7477e7-aff5-4917-be28-43dfb70f6c00','{\"de\":\"Nachhaltig\",\"fr\":\"Durable\",\"en\":\"Sustainable\"}','tag-sustainable-1','{\"de\":\"Aus nachhaltigen Quellen\",\"fr\":\"Provenant de sources durables\",\"en\":\"From sustainable sources\"}',NULL,1,1,NULL,'2023-10-25 16:09:45','2023-10-25 16:09:45');
/*!40000 ALTER TABLE `product_tags` ENABLE KEYS */;
UNLOCK TABLES;

--
-- Table structure for table `product_variants`
--

DROP TABLE IF EXISTS `product_variants`;
/*!40101 SET @saved_cs_client     = @@character_set_client */;
/*!50503 SET character_set_client = utf8mb4 */;
CREATE TABLE `product_variants` (
  `id` char(36) COLLATE utf8mb4_unicode_ci NOT NULL,
  `slug` varchar(255) COLLATE utf8mb4_unicode_ci NOT NULL,
  `price` decimal(8,2) unsigned NOT NULL,
  `product_id` char(36) COLLATE utf8mb4_unicode_ci NOT NULL,
  `data` text COLLATE utf8mb4_unicode_ci,
  `stock` bigint unsigned NOT NULL DEFAULT '0',
  `sku` varchar(50) COLLATE utf8mb4_unicode_ci DEFAULT NULL,
  `description` text COLLATE utf8mb4_unicode_ci,
  `attribute_options` json DEFAULT NULL,
  `enabled` tinyint(1) NOT NULL DEFAULT '1',
  `deleted_at` timestamp NULL DEFAULT NULL,
  `created_at` timestamp NULL DEFAULT NULL,
  `updated_at` timestamp NULL DEFAULT NULL,
  PRIMARY KEY (`id`),
  UNIQUE KEY `product_variants_sku_unique` (`sku`),
  KEY `product_variants_product_id_foreign` (`product_id`),
  CONSTRAINT `product_variants_product_id_foreign` FOREIGN KEY (`product_id`) REFERENCES `products` (`id`) ON DELETE CASCADE
) ENGINE=InnoDB DEFAULT CHARSET=utf8mb4 COLLATE=utf8mb4_unicode_ci;
/*!40101 SET character_set_client = @saved_cs_client */;

--
-- Dumping data for table `product_variants`
--

LOCK TABLES `product_variants` WRITE;
/*!40000 ALTER TABLE `product_variants` DISABLE KEYS */;
INSERT INTO `product_variants` VALUES ('9a74786c-0809-478c-b2b8-73d438acd962','ladies-boots-1-dark-blue-8',27.95,'9a74782c-e18a-4cbe-ac40-3290e193835b','',12,'W-BO001BLUE8','{\"en\":\"\"}','[\"9a7477e4-435c-4e0f-9399-999b54e8f74e\", \"9a7477e0-9db0-4ef3-a19b-ccfcb05161ad\"]',1,NULL,'2023-10-25 16:11:12','2023-10-25 16:11:12'),('9a74786c-1015-4455-b840-761f01d6f59e','ladies-boots-1-dark-blue-85',27.95,'9a74782c-e18a-4cbe-ac40-3290e193835b','',12,'W-BO001BLUE85','{\"en\":\"\"}','[\"9a7477e4-435c-4e0f-9399-999b54e8f74e\", \"9a7477e0-5850-4fd6-9a7b-0536475dfa8b\"]',1,NULL,'2023-10-25 16:11:12','2023-10-25 16:11:12'),('9a74786c-182a-4a39-8b63-7080d1a1437f','ladies-boots-1-dark-blue-9',27.95,'9a74782c-e18a-4cbe-ac40-3290e193835b','',12,'W-BO001BLUE9','{\"en\":\"\"}','[\"9a7477e4-435c-4e0f-9399-999b54e8f74e\", \"9a7477e0-0336-469c-a7da-3000b4c02783\"]',1,NULL,'2023-10-25 16:11:12','2023-10-25 16:11:12'),('9a74786c-200c-43e1-9c82-7529390f4e56','ladies-boots-1-dark-blue-95',28.25,'9a74782c-e18a-4cbe-ac40-3290e193835b','',12,'W-BO001BLUE95','{\"en\":\"\"}','[\"9a7477e4-435c-4e0f-9399-999b54e8f74e\", \"9a7477df-cd58-44b0-b7f0-bccedc48e04c\"]',1,NULL,'2023-10-25 16:11:12','2023-10-25 16:11:12'),('9a74786c-27da-4856-83bb-236ea5fd0854','ladies-boots-1-dark-blue-10',28.95,'9a74782c-e18a-4cbe-ac40-3290e193835b','',12,'W-BO001BLUE10','{\"en\":\"\"}','[\"9a7477e4-435c-4e0f-9399-999b54e8f74e\", \"9a7477df-7818-406b-ac1f-b0a798b7f71b\"]',1,NULL,'2023-10-25 16:11:12','2023-10-25 16:11:12'),('9a74786c-2f9c-4920-b4a4-4a4341d41333','ladies-boots-1-dark-green-8',27.95,'9a74782c-e18a-4cbe-ac40-3290e193835b','',12,'W-BO001GREEN8','{\"en\":\"\"}','[\"9a7477e5-147a-4e1c-957b-63a487119af3\", \"9a7477e0-9db0-4ef3-a19b-ccfcb05161ad\"]',1,NULL,'2023-10-25 16:11:12','2023-10-25 16:11:12'),('9a74786c-37d0-4b32-9640-91a5de4992b9','ladies-boots-1-dark-green-85',27.95,'9a74782c-e18a-4cbe-ac40-3290e193835b','',12,'W-BO001GREEN85','{\"en\":\"\"}','[\"9a7477e5-147a-4e1c-957b-63a487119af3\", \"9a7477e0-5850-4fd6-9a7b-0536475dfa8b\"]',1,NULL,'2023-10-25 16:11:12','2023-10-25 16:11:12'),('9a74786c-3ff0-4047-bd33-00d0de51a946','ladies-boots-1-dark-green-9',27.95,'9a74782c-e18a-4cbe-ac40-3290e193835b','',12,'W-BO001GREEN9','{\"en\":\"\"}','[\"9a7477e5-147a-4e1c-957b-63a487119af3\", \"9a7477e0-0336-469c-a7da-3000b4c02783\"]',1,NULL,'2023-10-25 16:11:12','2023-10-25 16:11:12'),('9a74786c-47f1-4ba4-9179-528c3ba1c658','ladies-boots-1-dark-green-95',28.25,'9a74782c-e18a-4cbe-ac40-3290e193835b','',12,'W-BO001GREEN95','{\"en\":\"\"}','[\"9a7477e5-147a-4e1c-957b-63a487119af3\", \"9a7477df-cd58-44b0-b7f0-bccedc48e04c\"]',1,NULL,'2023-10-25 16:11:12','2023-10-25 16:11:12'),('9a74786c-50d6-4a22-b5fd-332b1b079da2','ladies-boots-1-dark-green-10',28.95,'9a74782c-e18a-4cbe-ac40-3290e193835b','',12,'W-BO001GREEN10','{\"en\":\"\"}','[\"9a7477e5-147a-4e1c-957b-63a487119af3\", \"9a7477df-7818-406b-ac1f-b0a798b7f71b\"]',1,NULL,'2023-10-25 16:11:12','2023-10-25 16:11:12'),('9a74786c-58c0-4c41-812c-9ac73250def2','ladies-jumpers-3-bright-blue-xs',25.99,'9a747816-bc2e-4056-a1cb-a79c59ff7070','',12,'W-J003-BLUE-XS','{\"en\":\"\"}','[\"9a7477e3-f10a-4a24-81b0-4bb604e48ef4\", \"9a7477df-403e-4940-bf65-db4d0d737e0a\"]',1,NULL,'2023-10-25 16:11:12','2023-10-25 16:11:12'),('9a74786c-60d7-4fdd-a7e5-ce0a3513c6da','ladies-jumpers-3-bright-blue-s',25.99,'9a747816-bc2e-4056-a1cb-a79c59ff7070','',12,'W-J003-BLUE-S','{\"en\":\"\"}','[\"9a7477e3-f10a-4a24-81b0-4bb604e48ef4\", \"9a7477de-ee03-4cfd-b546-9b24f4d96c35\"]',1,NULL,'2023-10-25 16:11:12','2023-10-25 16:11:12'),('9a74786c-68af-4534-835d-dbac1e927449','ladies-jumpers-3-bright-blue-m',25.99,'9a747816-bc2e-4056-a1cb-a79c59ff7070','',12,'W-J003-BLUE-M','{\"en\":\"\"}','[\"9a7477e3-f10a-4a24-81b0-4bb604e48ef4\", \"9a7477de-bb63-4440-be8c-ecb62e5364e8\"]',1,NULL,'2023-10-25 16:11:12','2023-10-25 16:11:12'),('9a74786c-70b3-41d2-8ad6-07f56a3cf03b','ladies-jumpers-3-bright-blue-l',25.99,'9a747816-bc2e-4056-a1cb-a79c59ff7070','',12,'W-J003-BLUE-L','{\"en\":\"\"}','[\"9a7477e3-f10a-4a24-81b0-4bb604e48ef4\", \"9a7477de-8857-4bd2-9753-567e36d872fa\"]',1,NULL,'2023-10-25 16:11:12','2023-10-25 16:11:12'),('9a74786c-78b6-4778-8c64-628ce024df22','ladies-jumpers-3-bright-blue-xl',25.99,'9a747816-bc2e-4056-a1cb-a79c59ff7070','',12,'W-J003-BLUE-XL','{\"en\":\"\"}','[\"9a7477e3-f10a-4a24-81b0-4bb604e48ef4\", \"9a7477de-48e4-4e89-90d8-a440564ba86b\"]',1,NULL,'2023-10-25 16:11:12','2023-10-25 16:11:12'),('9a74786c-812f-4ee5-9ea0-b2bc7378394c','ladies-jumpers-3-bright-green-xs',25.99,'9a747816-bc2e-4056-a1cb-a79c59ff7070','',12,'W-J003-GREEN-XS','{\"en\":\"\"}','[\"9a7477e4-cbab-4267-af7f-2298bc406147\", \"9a7477df-403e-4940-bf65-db4d0d737e0a\"]',1,NULL,'2023-10-25 16:11:12','2023-10-25 16:11:12'),('9a74786c-896b-46bb-8a39-3bfc879cd577','ladies-jumpers-3-bright-green-s',25.99,'9a747816-bc2e-4056-a1cb-a79c59ff7070','',12,'W-J003-GREEN-S','{\"en\":\"\"}','[\"9a7477e4-cbab-4267-af7f-2298bc406147\", \"9a7477de-ee03-4cfd-b546-9b24f4d96c35\"]',1,NULL,'2023-10-25 16:11:12','2023-10-25 16:11:12'),('9a74786c-914c-4740-a5e6-bf7e2e7620b0','ladies-jumpers-3-bright-green-m',25.99,'9a747816-bc2e-4056-a1cb-a79c59ff7070','',12,'W-J003-GREEN-M','{\"en\":\"\"}','[\"9a7477e4-cbab-4267-af7f-2298bc406147\", \"9a7477de-bb63-4440-be8c-ecb62e5364e8\"]',1,NULL,'2023-10-25 16:11:12','2023-10-25 16:11:12'),('9a74786d-3982-4536-9b4b-2472d41475ef','ladies-jumpers-3-bright-green-l',25.99,'9a747816-bc2e-4056-a1cb-a79c59ff7070','',12,'W-J003-GREEN-L','{\"en\":\"\"}','[\"9a7477e4-cbab-4267-af7f-2298bc406147\", \"9a7477de-8857-4bd2-9753-567e36d872fa\"]',1,NULL,'2023-10-25 16:11:13','2023-10-25 16:11:13'),('9a74786d-4501-43b5-beb2-a57d7564fbd1','ladies-jumpers-3-bright-green-xl',25.99,'9a747816-bc2e-4056-a1cb-a79c59ff7070','',12,'W-J003-GREEN-XL','{\"en\":\"\"}','[\"9a7477e4-cbab-4267-af7f-2298bc406147\", \"9a7477de-48e4-4e89-90d8-a440564ba86b\"]',1,NULL,'2023-10-25 16:11:13','2023-10-25 16:11:13'),('9a74786d-5037-43f1-a5e6-7c07acbc6172','ladies-polo-shirts-1-dark-blue-xs',17.99,'9a747808-0f26-4ac0-8b5b-1fbf9230a1d4','',12,'W-P001-BLUE-XS','{\"en\":\"\"}','[\"9a7477e4-435c-4e0f-9399-999b54e8f74e\", \"9a7477df-403e-4940-bf65-db4d0d737e0a\"]',1,NULL,'2023-10-25 16:11:13','2023-10-25 16:11:13'),('9a74786d-5aa0-48ab-90fc-567e6e5c2cb4','ladies-polo-shirts-1-dark-blue-s',17.99,'9a747808-0f26-4ac0-8b5b-1fbf9230a1d4','',12,'W-P001-BLUE-S','{\"en\":\"\"}','[\"9a7477e4-435c-4e0f-9399-999b54e8f74e\", \"9a7477de-ee03-4cfd-b546-9b24f4d96c35\"]',1,NULL,'2023-10-25 16:11:13','2023-10-25 16:11:13'),('9a74786d-638b-4d98-acca-913bd77b396d','ladies-polo-shirts-1-dark-blue-m',17.99,'9a747808-0f26-4ac0-8b5b-1fbf9230a1d4','',12,'W-P001-BLUE-M','{\"en\":\"\"}','[\"9a7477e4-435c-4e0f-9399-999b54e8f74e\", \"9a7477de-bb63-4440-be8c-ecb62e5364e8\"]',1,NULL,'2023-10-25 16:11:13','2023-10-25 16:11:13'),('9a74786d-6e9d-45b8-b99e-50de8abe0a0e','ladies-polo-shirts-1-dark-blue-l',17.99,'9a747808-0f26-4ac0-8b5b-1fbf9230a1d4','',12,'W-P001-BLUE-L','{\"en\":\"\"}','[\"9a7477e4-435c-4e0f-9399-999b54e8f74e\", \"9a7477de-8857-4bd2-9753-567e36d872fa\"]',1,NULL,'2023-10-25 16:11:13','2023-10-25 16:11:13'),('9a74786d-7960-4e39-a265-14c494f15180','ladies-polo-shirts-1-dark-blue-xl',17.99,'9a747808-0f26-4ac0-8b5b-1fbf9230a1d4','',12,'W-P001-BLUE-XL','{\"en\":\"\"}','[\"9a7477e4-435c-4e0f-9399-999b54e8f74e\", \"9a7477de-48e4-4e89-90d8-a440564ba86b\"]',1,NULL,'2023-10-25 16:11:13','2023-10-25 16:11:13'),('9a74786d-83a7-4d89-9663-12f29fb20c9c','ladies-polo-shirts-1-bright-green-xs',17.99,'9a747808-0f26-4ac0-8b5b-1fbf9230a1d4','',12,'W-P001-GREEN-XS','{\"en\":\"\"}','[\"9a7477e4-cbab-4267-af7f-2298bc406147\", \"9a7477df-403e-4940-bf65-db4d0d737e0a\"]',1,NULL,'2023-10-25 16:11:13','2023-10-25 16:11:13'),('9a74786d-8daf-4ca7-9d14-34bc7362e160','ladies-polo-shirts-1-bright-green-s',17.99,'9a747808-0f26-4ac0-8b5b-1fbf9230a1d4','',12,'W-P001-GREEN-S','{\"en\":\"\"}','[\"9a7477e4-cbab-4267-af7f-2298bc406147\", \"9a7477de-ee03-4cfd-b546-9b24f4d96c35\"]',1,NULL,'2023-10-25 16:11:13','2023-10-25 16:11:13'),('9a74786d-9645-4efe-8463-befb0e427d55','ladies-polo-shirts-1-bright-green-m',17.99,'9a747808-0f26-4ac0-8b5b-1fbf9230a1d4','',12,'W-P001-GREEN-M','{\"en\":\"\"}','[\"9a7477e4-cbab-4267-af7f-2298bc406147\", \"9a7477de-bb63-4440-be8c-ecb62e5364e8\"]',1,NULL,'2023-10-25 16:11:13','2023-10-25 16:11:13'),('9a74786d-9eb9-4a9a-a51d-7463a407b337','ladies-polo-shirts-1-bright-green-l',17.99,'9a747808-0f26-4ac0-8b5b-1fbf9230a1d4','',12,'W-P001-GREEN-L','{\"en\":\"\"}','[\"9a7477e4-cbab-4267-af7f-2298bc406147\", \"9a7477de-8857-4bd2-9753-567e36d872fa\"]',1,NULL,'2023-10-25 16:11:13','2023-10-25 16:11:13'),('9a74786d-a679-4033-a393-f19a21ba9b0d','ladies-polo-shirts-1-bright-green-xl',17.99,'9a747808-0f26-4ac0-8b5b-1fbf9230a1d4','',12,'W-P001-GREEN-XL','{\"en\":\"\"}','[\"9a7477e4-cbab-4267-af7f-2298bc406147\", \"9a7477de-48e4-4e89-90d8-a440564ba86b\"]',1,NULL,'2023-10-25 16:11:13','2023-10-25 16:11:13'),('9a74786d-af3f-4d33-abb9-15faa4a4338f','ladies-polo-shirts-1-bright-blue-xs',17.99,'9a747808-0f26-4ac0-8b5b-1fbf9230a1d4','',12,'W-P001-BRIGHT-BLUE-XS','{\"en\":\"\"}','[\"9a7477e3-f10a-4a24-81b0-4bb604e48ef4\", \"9a7477df-403e-4940-bf65-db4d0d737e0a\"]',1,NULL,'2023-10-25 16:11:13','2023-10-25 16:11:13'),('9a74786d-b7bb-490d-b2df-5c43abbb4417','ladies-polo-shirts-1-bright-blue-s',17.99,'9a747808-0f26-4ac0-8b5b-1fbf9230a1d4','',12,'W-P001-BRIGHT-BLUE-S','{\"en\":\"\"}','[\"9a7477e3-f10a-4a24-81b0-4bb604e48ef4\", \"9a7477de-ee03-4cfd-b546-9b24f4d96c35\"]',1,NULL,'2023-10-25 16:11:13','2023-10-25 16:11:13'),('9a74786d-c02e-4700-b9d3-f76bb9b6984b','ladies-polo-shirts-1-bright-blue-m',17.99,'9a747808-0f26-4ac0-8b5b-1fbf9230a1d4','',12,'W-P001-BRIGHT-BLUE-M','{\"en\":\"\"}','[\"9a7477e3-f10a-4a24-81b0-4bb604e48ef4\", \"9a7477de-bb63-4440-be8c-ecb62e5364e8\"]',1,NULL,'2023-10-25 16:11:13','2023-10-25 16:11:13'),('9a74786d-c9fd-4665-8645-f742754b9f61','ladies-polo-shirts-1-bright-blue-l',17.99,'9a747808-0f26-4ac0-8b5b-1fbf9230a1d4','',12,'W-P001-BRIGHT-BLUE-L','{\"en\":\"\"}','[\"9a7477e3-f10a-4a24-81b0-4bb604e48ef4\", \"9a7477de-8857-4bd2-9753-567e36d872fa\"]',1,NULL,'2023-10-25 16:11:13','2023-10-25 16:11:13'),('9a74786d-d2c6-4765-a3bc-fc8047f588e8','ladies-polo-shirts-1-bright-blue-xl',17.99,'9a747808-0f26-4ac0-8b5b-1fbf9230a1d4','',12,'W-P001-BRIGHT-BLUE-XL','{\"en\":\"\"}','[\"9a7477e3-f10a-4a24-81b0-4bb604e48ef4\", \"9a7477de-48e4-4e89-90d8-a440564ba86b\"]',1,NULL,'2023-10-25 16:11:13','2023-10-25 16:11:13'),('9a74786d-db2b-4c8a-b01a-72651db6752c','ladies-polo-shirts-1-bright-red-xs',17.99,'9a747808-0f26-4ac0-8b5b-1fbf9230a1d4','',12,'W-P001-BRIGHT-RED-XS','{\"en\":\"\"}','[\"9a7477e5-c9ac-4344-9f9d-943814c39e78\", \"9a7477de-ee03-4cfd-b546-9b24f4d96c35\"]',1,NULL,'2023-10-25 16:11:13','2023-10-25 16:11:13'),('9a74786d-e345-472f-8625-fabbc0aa4a64','ladies-polo-shirts-1-bright-red-s',17.99,'9a747808-0f26-4ac0-8b5b-1fbf9230a1d4','',12,'W-P001-BRIGHT-RED-S','{\"en\":\"\"}','[\"9a7477e5-c9ac-4344-9f9d-943814c39e78\", \"9a7477de-ee03-4cfd-b546-9b24f4d96c35\"]',1,NULL,'2023-10-25 16:11:13','2023-10-25 16:11:13'),('9a74786d-eb6b-46b8-88d2-c51b7c2f7aed','ladies-polo-shirts-1-bright-red-m',17.99,'9a747808-0f26-4ac0-8b5b-1fbf9230a1d4','',12,'W-P001-BRIGHT-RED-M','{\"en\":\"\"}','[\"9a7477e5-c9ac-4344-9f9d-943814c39e78\", \"9a7477de-bb63-4440-be8c-ecb62e5364e8\"]',1,NULL,'2023-10-25 16:11:13','2023-10-25 16:11:13'),('9a74786d-f3fc-4178-988c-de99c2fa7917','ladies-polo-shirts-1-bright-red-l',17.99,'9a747808-0f26-4ac0-8b5b-1fbf9230a1d4','',12,'W-P001-BRIGHT-RED-L','{\"en\":\"\"}','[\"9a7477e5-c9ac-4344-9f9d-943814c39e78\", \"9a7477de-8857-4bd2-9753-567e36d872fa\"]',1,NULL,'2023-10-25 16:11:13','2023-10-25 16:11:13'),('9a74786d-fc05-4b9c-acfe-cad8fb943e3a','ladies-polo-shirts-1-bright-red-xl',17.99,'9a747808-0f26-4ac0-8b5b-1fbf9230a1d4','',12,'W-P001-BRIGHT-RED-XL','{\"en\":\"\"}','[\"9a7477e5-c9ac-4344-9f9d-943814c39e78\", \"9a7477de-48e4-4e89-90d8-a440564ba86b\"]',1,NULL,'2023-10-25 16:11:13','2023-10-25 16:11:13'),('9a74786e-04d0-445b-bc6a-9eb976025d0b','ladies-polo-shirts-1-pink-xs',17.99,'9a747808-0f26-4ac0-8b5b-1fbf9230a1d4','',12,'W-P001-PINK-XS','{\"en\":\"\"}','[\"9a7477e6-435e-43b5-a5e5-da8058ab5793\", \"9a7477de-ee03-4cfd-b546-9b24f4d96c35\"]',1,NULL,'2023-10-25 16:11:13','2023-10-25 16:11:13'),('9a74786e-0d01-44a7-9921-8e1aef285be2','ladies-polo-shirts-1-pink-s',17.99,'9a747808-0f26-4ac0-8b5b-1fbf9230a1d4','',12,'W-P001-PINK-S','{\"en\":\"\"}','[\"9a7477e6-435e-43b5-a5e5-da8058ab5793\", \"9a7477de-ee03-4cfd-b546-9b24f4d96c35\"]',1,NULL,'2023-10-25 16:11:13','2023-10-25 16:11:13'),('9a74786e-158b-4e7a-b6da-2a5344560bfe','ladies-polo-shirts-1-pink-m',17.99,'9a747808-0f26-4ac0-8b5b-1fbf9230a1d4','',12,'W-P001-PINK-M','{\"en\":\"\"}','[\"9a7477e6-435e-43b5-a5e5-da8058ab5793\", \"9a7477de-bb63-4440-be8c-ecb62e5364e8\"]',1,NULL,'2023-10-25 16:11:13','2023-10-25 16:11:13'),('9a74786e-1de5-4787-9e32-afbf9e266b17','ladies-polo-shirts-1-pink-l',17.99,'9a747808-0f26-4ac0-8b5b-1fbf9230a1d4','',12,'W-P001-PINK-L','{\"en\":\"\"}','[\"9a7477e6-435e-43b5-a5e5-da8058ab5793\", \"9a7477de-8857-4bd2-9753-567e36d872fa\"]',1,NULL,'2023-10-25 16:11:13','2023-10-25 16:11:13'),('9a74786e-25b2-4be6-b448-26d6341599de','ladies-polo-shirts-1-pink-xl',17.99,'9a747808-0f26-4ac0-8b5b-1fbf9230a1d4','',12,'W-P001-PINK-XL','{\"en\":\"\"}','[\"9a7477e6-435e-43b5-a5e5-da8058ab5793\", \"9a7477de-48e4-4e89-90d8-a440564ba86b\"]',1,NULL,'2023-10-25 16:11:13','2023-10-25 16:11:13'),('9a74786e-2e88-4891-aed1-dd5d1a0a9350','ladies-polo-shirts-3-bright-green-xs',17.99,'9a74780c-0553-48c2-94c0-afe7bf9b0a5b','',12,'W-P003-GREEN-XS','{\"en\":\"\"}','[\"9a7477e4-cbab-4267-af7f-2298bc406147\", \"9a7477df-403e-4940-bf65-db4d0d737e0a\"]',1,NULL,'2023-10-25 16:11:13','2023-10-25 16:11:13'),('9a74786e-366b-40b9-a50b-ba0a915c07d9','ladies-polo-shirts-3-bright-green-s',17.99,'9a74780c-0553-48c2-94c0-afe7bf9b0a5b','',12,'W-P003-GREEN-S','{\"en\":\"\"}','[\"9a7477e4-cbab-4267-af7f-2298bc406147\", \"9a7477de-ee03-4cfd-b546-9b24f4d96c35\"]',1,NULL,'2023-10-25 16:11:13','2023-10-25 16:11:13'),('9a74786e-3e96-4a16-8862-69fbdb80715c','ladies-polo-shirts-3-bright-green-m',17.99,'9a74780c-0553-48c2-94c0-afe7bf9b0a5b','',12,'W-P003-GREEN-M','{\"en\":\"\"}','[\"9a7477e4-cbab-4267-af7f-2298bc406147\", \"9a7477de-bb63-4440-be8c-ecb62e5364e8\"]',1,NULL,'2023-10-25 16:11:13','2023-10-25 16:11:13'),('9a74786e-46d2-427b-8e56-ebd86c991b1e','ladies-polo-shirts-3-bright-green-l',17.99,'9a74780c-0553-48c2-94c0-afe7bf9b0a5b','',12,'W-P003-GREEN-L','{\"en\":\"\"}','[\"9a7477e4-cbab-4267-af7f-2298bc406147\", \"9a7477de-8857-4bd2-9753-567e36d872fa\"]',1,NULL,'2023-10-25 16:11:13','2023-10-25 16:11:13'),('9a74786e-4f2c-4c50-8646-87b1534bfba5','ladies-polo-shirts-3-bright-green-xl',17.99,'9a74780c-0553-48c2-94c0-afe7bf9b0a5b','',12,'W-P003-GREEN-XL','{\"en\":\"\"}','[\"9a7477e4-cbab-4267-af7f-2298bc406147\", \"9a7477de-48e4-4e89-90d8-a440564ba86b\"]',1,NULL,'2023-10-25 16:11:13','2023-10-25 16:11:13'),('9a74786e-584e-4d12-ac33-f0886b011a04','ladies-polo-shirts-3-bright-blue-xs',17.99,'9a74780c-0553-48c2-94c0-afe7bf9b0a5b','',12,'W-P003-BRIGHT-BLUE-XS','{\"en\":\"\"}','[\"9a7477e3-f10a-4a24-81b0-4bb604e48ef4\", \"9a7477df-403e-4940-bf65-db4d0d737e0a\"]',1,NULL,'2023-10-25 16:11:13','2023-10-25 16:11:13'),('9a74786e-6084-40c0-b6b8-dee8aa4cf807','ladies-polo-shirts-3-bright-blue-s',17.99,'9a74780c-0553-48c2-94c0-afe7bf9b0a5b','',12,'W-P003-BRIGHT-BLUE-S','{\"en\":\"\"}','[\"9a7477e3-f10a-4a24-81b0-4bb604e48ef4\", \"9a7477de-ee03-4cfd-b546-9b24f4d96c35\"]',1,NULL,'2023-10-25 16:11:13','2023-10-25 16:11:13'),('9a74786e-6823-4c2e-8ec2-7293575e431a','ladies-polo-shirts-3-bright-blue-m',17.99,'9a74780c-0553-48c2-94c0-afe7bf9b0a5b','',12,'W-P003-BRIGHT-BLUE-M','{\"en\":\"\"}','[\"9a7477e3-f10a-4a24-81b0-4bb604e48ef4\", \"9a7477de-bb63-4440-be8c-ecb62e5364e8\"]',1,NULL,'2023-10-25 16:11:13','2023-10-25 16:11:13'),('9a74786e-7067-43f6-b425-c11a38c85561','ladies-polo-shirts-3-bright-blue-l',17.99,'9a74780c-0553-48c2-94c0-afe7bf9b0a5b','',12,'W-P003-BRIGHT-BLUE-L','{\"en\":\"\"}','[\"9a7477e3-f10a-4a24-81b0-4bb604e48ef4\", \"9a7477de-8857-4bd2-9753-567e36d872fa\"]',1,NULL,'2023-10-25 16:11:13','2023-10-25 16:11:13'),('9a74786e-786c-4a39-a267-4006884c9788','ladies-polo-shirts-3-bright-blue-xl',17.99,'9a74780c-0553-48c2-94c0-afe7bf9b0a5b','',12,'W-P003-BRIGHT-BLUE-XL','{\"en\":\"\"}','[\"9a7477e3-f10a-4a24-81b0-4bb604e48ef4\", \"9a7477de-48e4-4e89-90d8-a440564ba86b\"]',1,NULL,'2023-10-25 16:11:13','2023-10-25 16:11:13'),('9a74786e-804e-4d08-a3aa-c71b774f35b7','ladies-polo-shirts-3-pink-xs',17.99,'9a74780c-0553-48c2-94c0-afe7bf9b0a5b','',12,'W-P003-PINK-XS','{\"en\":\"\"}','[\"9a7477e6-435e-43b5-a5e5-da8058ab5793\", \"9a7477de-ee03-4cfd-b546-9b24f4d96c35\"]',1,NULL,'2023-10-25 16:11:13','2023-10-25 16:11:13'),('9a74786e-886f-49c5-825b-2bb147c183ad','ladies-polo-shirts-3-pink-s',17.99,'9a74780c-0553-48c2-94c0-afe7bf9b0a5b','',12,'W-P003-PINK-S','{\"en\":\"\"}','[\"9a7477e6-435e-43b5-a5e5-da8058ab5793\", \"9a7477de-ee03-4cfd-b546-9b24f4d96c35\"]',1,NULL,'2023-10-25 16:11:13','2023-10-25 16:11:13'),('9a74786e-905e-41e5-9b1d-9318bc6f2178','ladies-polo-shirts-3-pink-m',17.99,'9a74780c-0553-48c2-94c0-afe7bf9b0a5b','',12,'W-P003-PINK-M','{\"en\":\"\"}','[\"9a7477e6-435e-43b5-a5e5-da8058ab5793\", \"9a7477de-bb63-4440-be8c-ecb62e5364e8\"]',1,NULL,'2023-10-25 16:11:13','2023-10-25 16:11:13'),('9a74786e-9898-4a5c-ae12-bc1959cd885a','ladies-polo-shirts-3-pink-l',17.99,'9a74780c-0553-48c2-94c0-afe7bf9b0a5b','',12,'W-P003-PINK-L','{\"en\":\"\"}','[\"9a7477e6-435e-43b5-a5e5-da8058ab5793\", \"9a7477de-8857-4bd2-9753-567e36d872fa\"]',1,NULL,'2023-10-25 16:11:13','2023-10-25 16:11:13'),('9a74786e-a0a4-4d40-a092-004489d2b1fe','ladies-polo-shirts-3-pink-xl',17.99,'9a74780c-0553-48c2-94c0-afe7bf9b0a5b','',12,'W-P003-PINK-XL','{\"en\":\"\"}','[\"9a7477e6-435e-43b5-a5e5-da8058ab5793\", \"9a7477de-48e4-4e89-90d8-a440564ba86b\"]',1,NULL,'2023-10-25 16:11:13','2023-10-25 16:11:13'),('9a74786e-a943-4063-98c4-c4f1b31682cd','ladies-skirts-1-bright-green-xs',28.99,'9a74780d-d674-4712-aaa2-87e907ee492c','',12,'W-S001-GREEN-XS','{\"en\":\"\"}','[\"9a7477e4-cbab-4267-af7f-2298bc406147\", \"9a7477df-403e-4940-bf65-db4d0d737e0a\"]',1,NULL,'2023-10-25 16:11:14','2023-10-25 16:11:14'),('9a74786e-b131-4c9c-9ad1-9bdc4c0b387d','ladies-skirts-1-bright-green-s',28.99,'9a74780d-d674-4712-aaa2-87e907ee492c','',12,'W-S001-GREEN-S','{\"en\":\"\"}','[\"9a7477e4-cbab-4267-af7f-2298bc406147\", \"9a7477de-ee03-4cfd-b546-9b24f4d96c35\"]',1,NULL,'2023-10-25 16:11:14','2023-10-25 16:11:14'),('9a74786e-b8b1-4ebd-a4c7-dec42305cee4','ladies-skirts-1-bright-green-m',28.99,'9a74780d-d674-4712-aaa2-87e907ee492c','',12,'W-S001-GREEN-M','{\"en\":\"\"}','[\"9a7477e4-cbab-4267-af7f-2298bc406147\", \"9a7477de-bb63-4440-be8c-ecb62e5364e8\"]',1,NULL,'2023-10-25 16:11:14','2023-10-25 16:11:14'),('9a74786e-c099-4e33-bca8-a220977d0402','ladies-skirts-1-bright-green-l',28.99,'9a74780d-d674-4712-aaa2-87e907ee492c','',12,'W-S001-GREEN-L','{\"en\":\"\"}','[\"9a7477e4-cbab-4267-af7f-2298bc406147\", \"9a7477de-8857-4bd2-9753-567e36d872fa\"]',1,NULL,'2023-10-25 16:11:14','2023-10-25 16:11:14'),('9a74786e-c841-4315-bb90-c4fafcbd1a64','ladies-skirts-1-bright-green-xl',28.99,'9a74780d-d674-4712-aaa2-87e907ee492c','',12,'W-S001-GREEN-XL','{\"en\":\"\"}','[\"9a7477e4-cbab-4267-af7f-2298bc406147\", \"9a7477de-48e4-4e89-90d8-a440564ba86b\"]',1,NULL,'2023-10-25 16:11:14','2023-10-25 16:11:14'),('9a74786e-d03c-47ca-978e-0b02b3d5c68d','ladies-skirts-1-dark-blue-xs',28.99,'9a74780d-d674-4712-aaa2-87e907ee492c','',12,'W-S001-BLUE-XS','{\"en\":\"\"}','[\"9a7477e4-435c-4e0f-9399-999b54e8f74e\", \"9a7477df-403e-4940-bf65-db4d0d737e0a\"]',1,NULL,'2023-10-25 16:11:14','2023-10-25 16:11:14'),('9a74786e-d8af-4a8b-9224-ec709ec80c3e','ladies-skirts-1-dark-blue-s',28.99,'9a74780d-d674-4712-aaa2-87e907ee492c','',12,'W-S001-BLUE-S','{\"en\":\"\"}','[\"9a7477e4-435c-4e0f-9399-999b54e8f74e\", \"9a7477de-ee03-4cfd-b546-9b24f4d96c35\"]',1,NULL,'2023-10-25 16:11:14','2023-10-25 16:11:14'),('9a74786e-e1a3-4276-84f7-8e73cd5b080a','ladies-skirts-1-dark-blue-m',28.99,'9a74780d-d674-4712-aaa2-87e907ee492c','',12,'W-S001-BLUE-M','{\"en\":\"\"}','[\"9a7477e4-435c-4e0f-9399-999b54e8f74e\", \"9a7477de-bb63-4440-be8c-ecb62e5364e8\"]',1,NULL,'2023-10-25 16:11:14','2023-10-25 16:11:14'),('9a74786e-ea5b-4769-a545-1992018d607d','ladies-skirts-1-dark-blue-l',28.99,'9a74780d-d674-4712-aaa2-87e907ee492c','',12,'W-S001-BLUE-L','{\"en\":\"\"}','[\"9a7477e4-435c-4e0f-9399-999b54e8f74e\", \"9a7477de-8857-4bd2-9753-567e36d872fa\"]',1,NULL,'2023-10-25 16:11:14','2023-10-25 16:11:14'),('9a74786e-f2c8-4db9-a8b0-5b1bdfc10756','ladies-skirts-1-dark-blue-xl',28.99,'9a74780d-d674-4712-aaa2-87e907ee492c','',12,'W-S001-BLUE-XL','{\"en\":\"\"}','[\"9a7477e4-435c-4e0f-9399-999b54e8f74e\", \"9a7477de-48e4-4e89-90d8-a440564ba86b\"]',1,NULL,'2023-10-25 16:11:14','2023-10-25 16:11:14'),('9a74786e-fa84-4c84-9610-c036d2670f36','ladies-sneakers-2-bright-green-8',27.95,'9a747824-1d85-4967-aa32-7c06af994493','',12,'W-SN002GREEN8','{\"en\":\"\"}','[\"9a7477e4-cbab-4267-af7f-2298bc406147\", \"9a7477e0-9db0-4ef3-a19b-ccfcb05161ad\"]',1,NULL,'2023-10-25 16:11:14','2023-10-25 16:11:14'),('9a74786f-0279-4593-bbb6-7162ab703f97','ladies-sneakers-2-bright-green-85',27.95,'9a747824-1d85-4967-aa32-7c06af994493','',12,'W-SN002GREEN85','{\"en\":\"\"}','[\"9a7477e4-cbab-4267-af7f-2298bc406147\", \"9a7477e0-5850-4fd6-9a7b-0536475dfa8b\"]',1,NULL,'2023-10-25 16:11:14','2023-10-25 16:11:14'),('9a74786f-0aee-4027-9e70-dceae2df7dc6','ladies-sneakers-2-bright-green-9',27.95,'9a747824-1d85-4967-aa32-7c06af994493','',12,'W-SN002GREEN9','{\"en\":\"\"}','[\"9a7477e4-cbab-4267-af7f-2298bc406147\", \"9a7477e0-0336-469c-a7da-3000b4c02783\"]',1,NULL,'2023-10-25 16:11:14','2023-10-25 16:11:14'),('9a74786f-12ae-4c18-a902-843c699424ea','ladies-sneakers-2-bright-green-95',28.25,'9a747824-1d85-4967-aa32-7c06af994493','',12,'W-SN002GREEN95','{\"en\":\"\"}','[\"9a7477e4-cbab-4267-af7f-2298bc406147\", \"9a7477df-cd58-44b0-b7f0-bccedc48e04c\"]',1,NULL,'2023-10-25 16:11:14','2023-10-25 16:11:14'),('9a74786f-1aa8-4d2e-a6fe-7a884c1e74b1','ladies-sneakers-2-bright-green-10',28.95,'9a747824-1d85-4967-aa32-7c06af994493','',12,'W-SN002GREEN10','{\"en\":\"\"}','[\"9a7477e4-cbab-4267-af7f-2298bc406147\", \"9a7477df-7818-406b-ac1f-b0a798b7f71b\"]',1,NULL,'2023-10-25 16:11:14','2023-10-25 16:11:14'),('9a74786f-225f-4c35-a5f7-6d31bb2dd4e2','ladies-sneakers-2-bright-red-8',27.95,'9a747824-1d85-4967-aa32-7c06af994493','',12,'W-SN002RED8','{\"en\":\"\"}','[\"9a7477e5-c9ac-4344-9f9d-943814c39e78\", \"9a7477e0-9db0-4ef3-a19b-ccfcb05161ad\"]',1,NULL,'2023-10-25 16:11:14','2023-10-25 16:11:14'),('9a74786f-2a58-4fea-b936-9313003c9364','ladies-sneakers-2-bright-red-85',27.95,'9a747824-1d85-4967-aa32-7c06af994493','',12,'W-SN002RED85','{\"en\":\"\"}','[\"9a7477e5-c9ac-4344-9f9d-943814c39e78\", \"9a7477e0-5850-4fd6-9a7b-0536475dfa8b\"]',1,NULL,'2023-10-25 16:11:14','2023-10-25 16:11:14'),('9a74786f-32c4-4e2a-ad53-c56f9f369235','ladies-sneakers-2-bright-red-9',27.95,'9a747824-1d85-4967-aa32-7c06af994493','',12,'W-SN002RED9','{\"en\":\"\"}','[\"9a7477e5-c9ac-4344-9f9d-943814c39e78\", \"9a7477e0-0336-469c-a7da-3000b4c02783\"]',1,NULL,'2023-10-25 16:11:14','2023-10-25 16:11:14'),('9a74786f-3a3f-47fc-b202-b7aaef7ad7a0','ladies-sneakers-2-bright-red-95',28.25,'9a747824-1d85-4967-aa32-7c06af994493','',12,'W-SN002RED95','{\"en\":\"\"}','[\"9a7477e5-c9ac-4344-9f9d-943814c39e78\", \"9a7477df-cd58-44b0-b7f0-bccedc48e04c\"]',1,NULL,'2023-10-25 16:11:14','2023-10-25 16:11:14'),('9a74786f-42a3-477a-8161-3a36d808a007','ladies-sneakers-2-bright-red-10',28.95,'9a747824-1d85-4967-aa32-7c06af994493','',12,'W-SN002RED10','{\"en\":\"\"}','[\"9a7477e5-c9ac-4344-9f9d-943814c39e78\", \"9a7477df-7818-406b-ac1f-b0a798b7f71b\"]',1,NULL,'2023-10-25 16:11:14','2023-10-25 16:11:14'),('9a74786f-4a3e-4bbc-b75f-4146a523f8c9','casual-chino-trousers-brightblue-xs',12.99,'9a74781a-0419-41e2-9396-46b0ae971b3b','',50,'W-TR002-BRIGHTBLUE-XS','{\"en\":\"\"}','[\"9a7477e3-f10a-4a24-81b0-4bb604e48ef4\", \"9a7477df-403e-4940-bf65-db4d0d737e0a\"]',1,NULL,'2023-10-25 16:11:14','2023-10-25 16:11:14'),('9a74786f-52ad-41c9-99ec-cb9af6346909','casual-chino-trousers-brightblue-s',12.99,'9a74781a-0419-41e2-9396-46b0ae971b3b','',1,'W-TR002-BRIGHTBLUE-S','{\"en\":\"\"}','[\"9a7477e3-f10a-4a24-81b0-4bb604e48ef4\", \"9a7477de-ee03-4cfd-b546-9b24f4d96c35\"]',1,NULL,'2023-10-25 16:11:14','2023-10-25 16:11:14'),('9a74786f-5b2e-4640-96ca-01d14c415a84','casual-chino-trousers-brightblue-m',12.99,'9a74781a-0419-41e2-9396-46b0ae971b3b','',42,'W-TR002-BRIGHTBLUE-M','{\"en\":\"\"}','[\"9a7477e3-f10a-4a24-81b0-4bb604e48ef4\", \"9a7477de-bb63-4440-be8c-ecb62e5364e8\"]',1,NULL,'2023-10-25 16:11:14','2023-10-25 16:11:14'),('9a74786f-6336-42e0-902a-bda2ae4283ed','casual-chino-trousers-brightblue-l',12.99,'9a74781a-0419-41e2-9396-46b0ae971b3b','',31,'W-TR002-BRIGHTBLUE-L','{\"en\":\"\"}','[\"9a7477e3-f10a-4a24-81b0-4bb604e48ef4\", \"9a7477de-8857-4bd2-9753-567e36d872fa\"]',1,NULL,'2023-10-25 16:11:14','2023-10-25 16:11:14'),('9a74786f-6c23-4478-81e3-aa6cb2e391d8','casual-chino-trousers-brightblue-xl',12.99,'9a74781a-0419-41e2-9396-46b0ae971b3b','',18,'W-TR002-BRIGHTBLUE-XL','{\"en\":\"\"}','[\"9a7477e3-f10a-4a24-81b0-4bb604e48ef4\", \"9a7477de-48e4-4e89-90d8-a440564ba86b\"]',1,NULL,'2023-10-25 16:11:14','2023-10-25 16:11:14'),('9a74786f-743f-4b99-bc5c-1359e01e1e79','casual-chino-trousers-brightgreen-xs',12.99,'9a74781a-0419-41e2-9396-46b0ae971b3b','',3,'W-TR002-BRIGHTGREEN-XS','{\"en\":\"\"}','[\"9a7477e4-cbab-4267-af7f-2298bc406147\", \"9a7477df-403e-4940-bf65-db4d0d737e0a\"]',1,NULL,'2023-10-25 16:11:14','2023-10-25 16:11:14'),('9a74786f-7cd8-41c3-8f9b-61108f1510e1','casual-chino-trousers-brightgreen-s',12.99,'9a74781a-0419-41e2-9396-46b0ae971b3b','',16,'W-TR002-BRIGHTGREEN-S','{\"en\":\"\"}','[\"9a7477e4-cbab-4267-af7f-2298bc406147\", \"9a7477de-ee03-4cfd-b546-9b24f4d96c35\"]',1,NULL,'2023-10-25 16:11:14','2023-10-25 16:11:14'),('9a74786f-84f1-4f46-89e0-d121bc6ed775','casual-chino-trousers-brightgreen-m',12.99,'9a74781a-0419-41e2-9396-46b0ae971b3b','',45,'W-TR002-BRIGHTGREEN-M','{\"en\":\"\"}','[\"9a7477e4-cbab-4267-af7f-2298bc406147\", \"9a7477de-bb63-4440-be8c-ecb62e5364e8\"]',1,NULL,'2023-10-25 16:11:14','2023-10-25 16:11:14'),('9a74786f-8e42-451b-849f-489f878fd6cd','casual-chino-trousers-brightgreen-l',12.99,'9a74781a-0419-41e2-9396-46b0ae971b3b','',11,'W-TR002-BRIGHTGREEN-L','{\"en\":\"\"}','[\"9a7477e4-cbab-4267-af7f-2298bc406147\", \"9a7477de-8857-4bd2-9753-567e36d872fa\"]',1,NULL,'2023-10-25 16:11:14','2023-10-25 16:11:14'),('9a74786f-96c0-4038-8487-54d04dfb1c3a','casual-chino-trousers-brightgreen-xl',12.99,'9a74781a-0419-41e2-9396-46b0ae971b3b','',29,'W-TR002-BRIGHTGREEN-XL','{\"en\":\"\"}','[\"9a7477e4-cbab-4267-af7f-2298bc406147\", \"9a7477de-48e4-4e89-90d8-a440564ba86b\"]',1,NULL,'2023-10-25 16:11:14','2023-10-25 16:11:14'),('9a74786f-9ef0-4b9a-b511-4455038c6eae','outdoor-hiking-boots-black-8',29.99,'9a747845-b20e-487e-9f86-7b4e736ba01a','',9,'M-BO003-BLACK-8','{\"en\":\"\"}','[\"9a7477e3-6a9a-48b2-a9bc-e40c58147534\", \"9a7477e0-9db0-4ef3-a19b-ccfcb05161ad\"]',1,NULL,'2023-10-25 16:11:14','2023-10-25 16:11:14'),('9a74786f-aac1-4eb0-bfc9-32c12d492af4','outdoor-hiking-boots-black-85',29.99,'9a747845-b20e-487e-9f86-7b4e736ba01a','',23,'M-BO003-BLACK-85','{\"en\":\"\"}','[\"9a7477e3-6a9a-48b2-a9bc-e40c58147534\", \"9a7477e0-5850-4fd6-9a7b-0536475dfa8b\"]',1,NULL,'2023-10-25 16:11:14','2023-10-25 16:11:14'),('9a74786f-b48a-4112-81ab-465ba3a245ad','outdoor-hiking-boots-black-9',29.99,'9a747845-b20e-487e-9f86-7b4e736ba01a','',36,'M-BO003-BLACK-9','{\"en\":\"\"}','[\"9a7477e3-6a9a-48b2-a9bc-e40c58147534\", \"9a7477e0-0336-469c-a7da-3000b4c02783\"]',1,NULL,'2023-10-25 16:11:14','2023-10-25 16:11:14'),('9a74786f-c1e9-470c-93c1-fbc836fb6a88','outdoor-hiking-boots-black-95',29.99,'9a747845-b20e-487e-9f86-7b4e736ba01a','',13,'M-BO003-BLACK-95','{\"en\":\"\"}','[\"9a7477e3-6a9a-48b2-a9bc-e40c58147534\", \"9a7477df-cd58-44b0-b7f0-bccedc48e04c\"]',1,NULL,'2023-10-25 16:11:14','2023-10-25 16:11:14'),('9a74786f-cd6a-4a8a-8211-3e5c091a34f6','outdoor-hiking-boots-black-10',29.99,'9a747845-b20e-487e-9f86-7b4e736ba01a','',6,'M-BO003-BLACK-10','{\"en\":\"\"}','[\"9a7477e3-6a9a-48b2-a9bc-e40c58147534\", \"9a7477df-7818-406b-ac1f-b0a798b7f71b\"]',1,NULL,'2023-10-25 16:11:14','2023-10-25 16:11:14'),('9a74786f-d8ac-4627-b3f4-0d3bd2e6dca9','outdoor-hiking-boots-midnightblue-8',29.99,'9a747845-b20e-487e-9f86-7b4e736ba01a','',34,'M-BO003-MIDNIGHTBLUE-8','{\"en\":\"\"}','[\"9a7477e4-435c-4e0f-9399-999b54e8f74e\", \"9a7477e0-9db0-4ef3-a19b-ccfcb05161ad\"]',1,NULL,'2023-10-25 16:11:14','2023-10-25 16:11:14'),('9a74786f-e48e-4600-b40f-20e23883e036','outdoor-hiking-boots-midnightblue-85',29.99,'9a747845-b20e-487e-9f86-7b4e736ba01a','',14,'M-BO003-MIDNIGHTBLUE-85','{\"en\":\"\"}','[\"9a7477e4-435c-4e0f-9399-999b54e8f74e\", \"9a7477e0-5850-4fd6-9a7b-0536475dfa8b\"]',1,NULL,'2023-10-25 16:11:14','2023-10-25 16:11:14'),('9a74786f-eecd-4af2-8472-453dafd322f0','outdoor-hiking-boots-midnightblue-9',29.99,'9a747845-b20e-487e-9f86-7b4e736ba01a','',38,'M-BO003-MIDNIGHTBLUE-9','{\"en\":\"\"}','[\"9a7477e4-435c-4e0f-9399-999b54e8f74e\", \"9a7477e0-0336-469c-a7da-3000b4c02783\"]',1,NULL,'2023-10-25 16:11:14','2023-10-25 16:11:14'),('9a74786f-f82d-4114-b6df-6b3fe732024c','outdoor-hiking-boots-midnightblue-95',29.99,'9a747845-b20e-487e-9f86-7b4e736ba01a','',9,'M-BO003-MIDNIGHTBLUE-95','{\"en\":\"\"}','[\"9a7477e4-435c-4e0f-9399-999b54e8f74e\", \"9a7477df-cd58-44b0-b7f0-bccedc48e04c\"]',1,NULL,'2023-10-25 16:11:14','2023-10-25 16:11:14'),('9a747870-022d-4fec-b3c7-73621bc5bcb7','outdoor-hiking-boots-midnightblue-10',29.99,'9a747845-b20e-487e-9f86-7b4e736ba01a','',14,'M-BO003-MIDNIGHTBLUE-10','{\"en\":\"\"}','[\"9a7477e4-435c-4e0f-9399-999b54e8f74e\", \"9a7477df-7818-406b-ac1f-b0a798b7f71b\"]',1,NULL,'2023-10-25 16:11:14','2023-10-25 16:11:14'),('9a747870-0c8c-4ee2-a677-70c4bf63d328','classic-leather-loafers-darkgray-8',29.99,'9a747837-fd5e-4cf2-85b4-63a666a3436a','',44,'M-LO001-DARKGRAY-8','{\"en\":\"\"}','[\"9a7477e3-2313-4194-8880-8fbc0a027e88\", \"9a7477e0-9db0-4ef3-a19b-ccfcb05161ad\"]',1,NULL,'2023-10-25 16:11:14','2023-10-25 16:11:14'),('9a747870-16cb-4f0e-813a-b49a06714e1b','classic-leather-loafers-darkgray-85',29.99,'9a747837-fd5e-4cf2-85b4-63a666a3436a','',51,'M-LO001-DARKGRAY-85','{\"en\":\"\"}','[\"9a7477e3-2313-4194-8880-8fbc0a027e88\", \"9a7477e0-5850-4fd6-9a7b-0536475dfa8b\"]',1,NULL,'2023-10-25 16:11:14','2023-10-25 16:11:14'),('9a747870-204f-4afe-b2f0-5a862ddcb266','classic-leather-loafers-darkgray-9',29.99,'9a747837-fd5e-4cf2-85b4-63a666a3436a','',36,'M-LO001-DARKGRAY-9','{\"en\":\"\"}','[\"9a7477e3-2313-4194-8880-8fbc0a027e88\", \"9a7477e0-0336-469c-a7da-3000b4c02783\"]',1,NULL,'2023-10-25 16:11:14','2023-10-25 16:11:14'),('9a747870-287d-47d6-b4bf-3699f1acd087','classic-leather-loafers-darkgray-95',29.99,'9a747837-fd5e-4cf2-85b4-63a666a3436a','',15,'M-LO001-DARKGRAY-95','{\"en\":\"\"}','[\"9a7477e3-2313-4194-8880-8fbc0a027e88\", \"9a7477df-cd58-44b0-b7f0-bccedc48e04c\"]',1,NULL,'2023-10-25 16:11:14','2023-10-25 16:11:15'),('9a747870-30cd-45a0-8e3f-b19b93280fba','classic-leather-loafers-darkgray-10',29.99,'9a747837-fd5e-4cf2-85b4-63a666a3436a','',48,'M-LO001-DARKGRAY-10','{\"en\":\"\"}','[\"9a7477e3-2313-4194-8880-8fbc0a027e88\", \"9a7477df-7818-406b-ac1f-b0a798b7f71b\"]',1,NULL,'2023-10-25 16:11:15','2023-10-25 16:11:15'),('9a747870-3934-4c02-baf2-4fb8e565dd8c','classic-leather-loafers-darkgreen-8',29.99,'9a747837-fd5e-4cf2-85b4-63a666a3436a','',12,'M-LO001-DARKGREEN-8','{\"en\":\"\"}','[\"9a7477e5-147a-4e1c-957b-63a487119af3\", \"9a7477e0-9db0-4ef3-a19b-ccfcb05161ad\"]',1,NULL,'2023-10-25 16:11:15','2023-10-25 16:11:15'),('9a747870-413f-41ed-9e62-8368628d3216','classic-leather-loafers-darkgreen-85',29.99,'9a747837-fd5e-4cf2-85b4-63a666a3436a','',31,'M-LO001-DARKGREEN-85','{\"en\":\"\"}','[\"9a7477e5-147a-4e1c-957b-63a487119af3\", \"9a7477e0-5850-4fd6-9a7b-0536475dfa8b\"]',1,NULL,'2023-10-25 16:11:15','2023-10-25 16:11:15'),('9a747870-4967-4219-b93d-4fe58ad6cb52','classic-leather-loafers-darkgreen-9',29.99,'9a747837-fd5e-4cf2-85b4-63a666a3436a','',26,'M-LO001-DARKGREEN-9','{\"en\":\"\"}','[\"9a7477e5-147a-4e1c-957b-63a487119af3\", \"9a7477e0-0336-469c-a7da-3000b4c02783\"]',1,NULL,'2023-10-25 16:11:15','2023-10-25 16:11:15'),('9a747870-5171-4fbe-b5e4-b4e61e98e5a8','classic-leather-loafers-darkgreen-95',29.99,'9a747837-fd5e-4cf2-85b4-63a666a3436a','',7,'M-LO001-DARKGREEN-95','{\"en\":\"\"}','[\"9a7477e5-147a-4e1c-957b-63a487119af3\", \"9a7477df-cd58-44b0-b7f0-bccedc48e04c\"]',1,NULL,'2023-10-25 16:11:15','2023-10-25 16:11:15'),('9a747870-5a67-4fd0-b0a0-97025171747a','classic-leather-loafers-darkgreen-10',29.99,'9a747837-fd5e-4cf2-85b4-63a666a3436a','',3,'M-LO001-DARKGREEN-10','{\"en\":\"\"}','[\"9a7477e5-147a-4e1c-957b-63a487119af3\", \"9a7477df-7818-406b-ac1f-b0a798b7f71b\"]',1,NULL,'2023-10-25 16:11:15','2023-10-25 16:11:15'),('9a747870-629f-4ed4-9c5d-d823da2074c4','business-casual-shirt-midnightblue-xs',29.99,'9a7477f3-ed3d-43f3-970a-4fa01fb81891','',17,'M-S002-MIDNIGHTBLUE-XS','{\"en\":\"\"}','[\"9a7477e4-435c-4e0f-9399-999b54e8f74e\", \"9a7477df-403e-4940-bf65-db4d0d737e0a\"]',1,NULL,'2023-10-25 16:11:15','2023-10-25 16:11:15'),('9a747870-6b7d-4eca-9cde-92b11873e350','business-casual-shirt-midnightblue-s',29.99,'9a7477f3-ed3d-43f3-970a-4fa01fb81891','',1,'M-S002-MIDNIGHTBLUE-S','{\"en\":\"\"}','[\"9a7477e4-435c-4e0f-9399-999b54e8f74e\", \"9a7477de-ee03-4cfd-b546-9b24f4d96c35\"]',1,NULL,'2023-10-25 16:11:15','2023-10-25 16:11:15'),('9a747870-7452-4596-90cf-e7064ec79a3d','business-casual-shirt-midnightblue-m',29.99,'9a7477f3-ed3d-43f3-970a-4fa01fb81891','',51,'M-S002-MIDNIGHTBLUE-M','{\"en\":\"\"}','[\"9a7477e4-435c-4e0f-9399-999b54e8f74e\", \"9a7477de-bb63-4440-be8c-ecb62e5364e8\"]',1,NULL,'2023-10-25 16:11:15','2023-10-25 16:11:15'),('9a747870-7cb9-46ff-8bb9-cb0d9fec4bce','business-casual-shirt-midnightblue-l',29.99,'9a7477f3-ed3d-43f3-970a-4fa01fb81891','',38,'M-S002-MIDNIGHTBLUE-L','{\"en\":\"\"}','[\"9a7477e4-435c-4e0f-9399-999b54e8f74e\", \"9a7477de-8857-4bd2-9753-567e36d872fa\"]',1,NULL,'2023-10-25 16:11:15','2023-10-25 16:11:15'),('9a747870-8532-4c38-813a-6a024f7150d4','business-casual-shirt-midnightblue-xl',29.99,'9a7477f3-ed3d-43f3-970a-4fa01fb81891','',53,'M-S002-MIDNIGHTBLUE-XL','{\"en\":\"\"}','[\"9a7477e4-435c-4e0f-9399-999b54e8f74e\", \"9a7477de-48e4-4e89-90d8-a440564ba86b\"]',1,NULL,'2023-10-25 16:11:15','2023-10-25 16:11:15'),('9a747870-8d59-476b-81c1-b747cd64316f','business-casual-shirt-darkgreen-xs',29.99,'9a7477f3-ed3d-43f3-970a-4fa01fb81891','',25,'M-S002-DARKGREEN-XS','{\"en\":\"\"}','[\"9a7477e5-147a-4e1c-957b-63a487119af3\", \"9a7477df-403e-4940-bf65-db4d0d737e0a\"]',1,NULL,'2023-10-25 16:11:15','2023-10-25 16:11:15'),('9a747870-958a-4827-b193-b992e5a44f10','business-casual-shirt-darkgreen-s',29.99,'9a7477f3-ed3d-43f3-970a-4fa01fb81891','',13,'M-S002-DARKGREEN-S','{\"en\":\"\"}','[\"9a7477e5-147a-4e1c-957b-63a487119af3\", \"9a7477de-ee03-4cfd-b546-9b24f4d96c35\"]',1,NULL,'2023-10-25 16:11:15','2023-10-25 16:11:15'),('9a747870-9df1-4d32-8a10-4a4b682eefc0','business-casual-shirt-darkgreen-m',29.99,'9a7477f3-ed3d-43f3-970a-4fa01fb81891','',17,'M-S002-DARKGREEN-M','{\"en\":\"\"}','[\"9a7477e5-147a-4e1c-957b-63a487119af3\", \"9a7477de-bb63-4440-be8c-ecb62e5364e8\"]',1,NULL,'2023-10-25 16:11:15','2023-10-25 16:11:15'),('9a747870-a653-4027-b195-235e5f4d9d1d','business-casual-shirt-darkgreen-l',29.99,'9a7477f3-ed3d-43f3-970a-4fa01fb81891','',0,'M-S002-DARKGREEN-L','{\"en\":\"\"}','[\"9a7477e5-147a-4e1c-957b-63a487119af3\", \"9a7477de-8857-4bd2-9753-567e36d872fa\"]',1,NULL,'2023-10-25 16:11:15','2023-10-25 16:11:15'),('9a747870-ad6f-4b83-9122-f49b379810a2','business-casual-shirt-darkgreen-xl',29.99,'9a7477f3-ed3d-43f3-970a-4fa01fb81891','',28,'M-S002-DARKGREEN-XL','{\"en\":\"\"}','[\"9a7477e5-147a-4e1c-957b-63a487119af3\", \"9a7477de-48e4-4e89-90d8-a440564ba86b\"]',1,NULL,'2023-10-25 16:11:15','2023-10-25 16:11:15'),('9a747870-b605-4256-bd06-e067aa3bf6ef','business-casual-shirt-darkred-xs',29.99,'9a7477f3-ed3d-43f3-970a-4fa01fb81891','',38,'M-S002-DARKRED-XS','{\"en\":\"\"}','[\"9a7477e6-09f1-4448-ab40-d1c2b464fe95\", \"9a7477df-403e-4940-bf65-db4d0d737e0a\"]',1,NULL,'2023-10-25 16:11:15','2023-10-25 16:11:15'),('9a747870-bebc-4a69-bdb5-602bc740edae','business-casual-shirt-darkred-s',29.99,'9a7477f3-ed3d-43f3-970a-4fa01fb81891','',31,'M-S002-DARKRED-S','{\"en\":\"\"}','[\"9a7477e6-09f1-4448-ab40-d1c2b464fe95\", \"9a7477de-ee03-4cfd-b546-9b24f4d96c35\"]',1,NULL,'2023-10-25 16:11:15','2023-10-25 16:11:15'),('9a747870-c754-4bef-9646-eebdd8f33743','business-casual-shirt-darkred-m',29.99,'9a7477f3-ed3d-43f3-970a-4fa01fb81891','',13,'M-S002-DARKRED-M','{\"en\":\"\"}','[\"9a7477e6-09f1-4448-ab40-d1c2b464fe95\", \"9a7477de-bb63-4440-be8c-ecb62e5364e8\"]',1,NULL,'2023-10-25 16:11:15','2023-10-25 16:11:15'),('9a747870-d00f-41f2-a8ef-53782d99cb00','business-casual-shirt-darkred-l',29.99,'9a7477f3-ed3d-43f3-970a-4fa01fb81891','',14,'M-S002-DARKRED-L','{\"en\":\"\"}','[\"9a7477e6-09f1-4448-ab40-d1c2b464fe95\", \"9a7477de-8857-4bd2-9753-567e36d872fa\"]',1,NULL,'2023-10-25 16:11:15','2023-10-25 16:11:15'),('9a747870-d8af-40af-8d99-cf41c4df3528','business-casual-shirt-darkred-xl',29.99,'9a7477f3-ed3d-43f3-970a-4fa01fb81891','',30,'M-S002-DARKRED-XL','{\"en\":\"\"}','[\"9a7477e6-09f1-4448-ab40-d1c2b464fe95\", \"9a7477de-48e4-4e89-90d8-a440564ba86b\"]',1,NULL,'2023-10-25 16:11:15','2023-10-25 16:11:15'),('9a747870-e1d2-41aa-bbb6-e27eee5b0d16','modern-high-top-sneakers-brightred-8',29.99,'9a74784a-cfea-4b44-93d6-22e4782675d0','',9,'M-S002-BRIGHTRED-8','{\"en\":\"\"}','[\"9a7477e5-c9ac-4344-9f9d-943814c39e78\", \"9a7477e0-9db0-4ef3-a19b-ccfcb05161ad\"]',1,NULL,'2023-10-25 16:11:15','2023-10-25 16:11:15'),('9a747870-ea85-46dc-9b57-a5eed147aaf4','modern-high-top-sneakers-brightred-85',29.99,'9a74784a-cfea-4b44-93d6-22e4782675d0','',46,'M-S002-BRIGHTRED-8.5','{\"en\":\"\"}','[\"9a7477e5-c9ac-4344-9f9d-943814c39e78\", \"9a7477e0-5850-4fd6-9a7b-0536475dfa8b\"]',1,NULL,'2023-10-25 16:11:15','2023-10-25 16:11:15'),('9a747870-f313-4dd2-bace-f0a8a880a979','modern-high-top-sneakers-brightred-9',29.99,'9a74784a-cfea-4b44-93d6-22e4782675d0','',22,'M-S002-BRIGHTRED-9','{\"en\":\"\"}','[\"9a7477e5-c9ac-4344-9f9d-943814c39e78\", \"9a7477e0-0336-469c-a7da-3000b4c02783\"]',1,NULL,'2023-10-25 16:11:15','2023-10-25 16:11:15'),('9a747870-fb87-4fa5-8641-f938afca6bb1','modern-high-top-sneakers-brightred-95',29.99,'9a74784a-cfea-4b44-93d6-22e4782675d0','',47,'M-S002-BRIGHTRED-9.5','{\"en\":\"\"}','[\"9a7477e5-c9ac-4344-9f9d-943814c39e78\", \"9a7477df-cd58-44b0-b7f0-bccedc48e04c\"]',1,NULL,'2023-10-25 16:11:15','2023-10-25 16:11:15'),('9a747871-03df-45c5-a81f-648b64e7e72e','modern-high-top-sneakers-brightred-10',29.99,'9a74784a-cfea-4b44-93d6-22e4782675d0','',39,'M-S002-BRIGHTRED-10','{\"en\":\"\"}','[\"9a7477e5-c9ac-4344-9f9d-943814c39e78\", \"9a7477df-7818-406b-ac1f-b0a798b7f71b\"]',1,NULL,'2023-10-25 16:11:15','2023-10-25 16:11:15'),('9a747871-0be1-4e64-843e-2fa55edd1d7e','modern-high-top-sneakers-brightgreen-8',29.99,'9a74784a-cfea-4b44-93d6-22e4782675d0','',17,'M-S002-BRIGHTGREEN-8','{\"en\":\"\"}','[\"9a7477e4-cbab-4267-af7f-2298bc406147\", \"9a7477e0-9db0-4ef3-a19b-ccfcb05161ad\"]',1,NULL,'2023-10-25 16:11:15','2023-10-25 16:11:15'),('9a747871-1380-4c02-ad4c-a7cc6aa7abac','modern-high-top-sneakers-brightgreen-85',29.99,'9a74784a-cfea-4b44-93d6-22e4782675d0','',6,'M-S002-BRIGHTGREEN-8.5','{\"en\":\"\"}','[\"9a7477e4-cbab-4267-af7f-2298bc406147\", \"9a7477e0-5850-4fd6-9a7b-0536475dfa8b\"]',1,NULL,'2023-10-25 16:11:15','2023-10-25 16:11:15'),('9a747871-1c73-4727-9128-729ef47e977d','modern-high-top-sneakers-brightgreen-9',29.99,'9a74784a-cfea-4b44-93d6-22e4782675d0','',0,'M-S002-BRIGHTGREEN-9','{\"en\":\"\"}','[\"9a7477e4-cbab-4267-af7f-2298bc406147\", \"9a7477e0-0336-469c-a7da-3000b4c02783\"]',1,NULL,'2023-10-25 16:11:15','2023-10-25 16:11:15'),('9a747871-230d-46ef-bca5-6cc6a989885b','modern-high-top-sneakers-brightgreen-95',29.99,'9a74784a-cfea-4b44-93d6-22e4782675d0','',43,'M-S002-BRIGHTGREEN-9.5','{\"en\":\"\"}','[\"9a7477e4-cbab-4267-af7f-2298bc406147\", \"9a7477df-cd58-44b0-b7f0-bccedc48e04c\"]',1,NULL,'2023-10-25 16:11:15','2023-10-25 16:11:15'),('9a747871-2af3-4a62-ba8e-5ab52ed3a308','modern-high-top-sneakers-brightgreen-10',29.99,'9a74784a-cfea-4b44-93d6-22e4782675d0','',9,'M-S002-BRIGHTGREEN-10','{\"en\":\"\"}','[\"9a7477e4-cbab-4267-af7f-2298bc406147\", \"9a7477df-7818-406b-ac1f-b0a798b7f71b\"]',1,NULL,'2023-10-25 16:11:15','2023-10-25 16:11:15'),('9a747871-3325-44f0-ad9a-9c31262e64ea','casual-crew-neck-t-shirt-white-xs',14.99,'9a7477f0-8164-446d-9856-1197abb7f283','',48,'M-T003-WHITE-XS','{\"en\":\"\"}','[\"9a7477e2-1935-4bd5-8501-8dc617b4cc2e\", \"9a7477df-403e-4940-bf65-db4d0d737e0a\"]',1,NULL,'2023-10-25 16:11:15','2023-10-25 16:11:15'),('9a747871-3b3d-429d-bb05-f01d2c446b22','casual-crew-neck-t-shirt-white-s',14.99,'9a7477f0-8164-446d-9856-1197abb7f283','',16,'M-T003-WHITE-S','{\"en\":\"\"}','[\"9a7477e2-1935-4bd5-8501-8dc617b4cc2e\", \"9a7477de-ee03-4cfd-b546-9b24f4d96c35\"]',1,NULL,'2023-10-25 16:11:15','2023-10-25 16:11:15'),('9a747871-4392-466d-93bb-76bcbb3a4bd3','casual-crew-neck-t-shirt-white-m',14.99,'9a7477f0-8164-446d-9856-1197abb7f283','',1,'M-T003-WHITE-M','{\"en\":\"\"}','[\"9a7477e2-1935-4bd5-8501-8dc617b4cc2e\", \"9a7477de-bb63-4440-be8c-ecb62e5364e8\"]',1,NULL,'2023-10-25 16:11:15','2023-10-25 16:11:15'),('9a747871-4b45-4521-9b4a-608f11e19679','casual-crew-neck-t-shirt-white-l',14.99,'9a7477f0-8164-446d-9856-1197abb7f283','',34,'M-T003-WHITE-L','{\"en\":\"\"}','[\"9a7477e2-1935-4bd5-8501-8dc617b4cc2e\", \"9a7477de-8857-4bd2-9753-567e36d872fa\"]',1,NULL,'2023-10-25 16:11:15','2023-10-25 16:11:15'),('9a747871-5334-45f5-b267-c56a3be16e76','casual-crew-neck-t-shirt-white-xl',14.99,'9a7477f0-8164-446d-9856-1197abb7f283','',49,'M-T003-WHITE-XL','{\"en\":\"\"}','[\"9a7477e2-1935-4bd5-8501-8dc617b4cc2e\", \"9a7477de-48e4-4e89-90d8-a440564ba86b\"]',1,NULL,'2023-10-25 16:11:15','2023-10-25 16:11:15'),('9a747871-5b1d-4002-a412-f5fdd466107b','casual-crew-neck-t-shirt-brightblue-xs',14.99,'9a7477f0-8164-446d-9856-1197abb7f283','',24,'M-T003-BRIGHTBLUE-XS','{\"en\":\"\"}','[\"9a7477e3-f10a-4a24-81b0-4bb604e48ef4\", \"9a7477df-403e-4940-bf65-db4d0d737e0a\"]',1,NULL,'2023-10-25 16:11:15','2023-10-25 16:11:15'),('9a747871-6328-4421-b24c-db0518e1c216','casual-crew-neck-t-shirt-brightblue-s',14.99,'9a7477f0-8164-446d-9856-1197abb7f283','',9,'M-T003-BRIGHTBLUE-S','{\"en\":\"\"}','[\"9a7477e3-f10a-4a24-81b0-4bb604e48ef4\", \"9a7477de-ee03-4cfd-b546-9b24f4d96c35\"]',1,NULL,'2023-10-25 16:11:15','2023-10-25 16:11:15'),('9a747871-6af8-4bd7-adde-3b6be02360bd','casual-crew-neck-t-shirt-brightblue-m',14.99,'9a7477f0-8164-446d-9856-1197abb7f283','',7,'M-T003-BRIGHTBLUE-M','{\"en\":\"\"}','[\"9a7477e3-f10a-4a24-81b0-4bb604e48ef4\", \"9a7477de-bb63-4440-be8c-ecb62e5364e8\"]',1,NULL,'2023-10-25 16:11:15','2023-10-25 16:11:15'),('9a747871-732d-4e66-aa7b-8a660b394b9a','casual-crew-neck-t-shirt-brightblue-l',14.99,'9a7477f0-8164-446d-9856-1197abb7f283','',51,'M-T003-BRIGHTBLUE-L','{\"en\":\"\"}','[\"9a7477e3-f10a-4a24-81b0-4bb604e48ef4\", \"9a7477de-8857-4bd2-9753-567e36d872fa\"]',1,NULL,'2023-10-25 16:11:15','2023-10-25 16:11:15'),('9a747871-7b28-4caf-afb9-9a5c0a217bce','casual-crew-neck-t-shirt-brightblue-xl',14.99,'9a7477f0-8164-446d-9856-1197abb7f283','',33,'M-T003-BRIGHTBLUE-XL','{\"en\":\"\"}','[\"9a7477e3-f10a-4a24-81b0-4bb604e48ef4\", \"9a7477de-48e4-4e89-90d8-a440564ba86b\"]',1,NULL,'2023-10-25 16:11:15','2023-10-25 16:11:15'),('9a747871-8396-4cdd-a4b3-0c16279d5b38','casual-crew-neck-t-shirt-brightgreen-xs',14.99,'9a7477f0-8164-446d-9856-1197abb7f283','',7,'M-T003-BRIGHTGREEN-XS','{\"en\":\"\"}','[\"9a7477e4-cbab-4267-af7f-2298bc406147\", \"9a7477df-403e-4940-bf65-db4d0d737e0a\"]',1,NULL,'2023-10-25 16:11:15','2023-10-25 16:11:15'),('9a747871-8c1d-40e0-95a8-c044768baedb','casual-crew-neck-t-shirt-brightgreen-s',14.99,'9a7477f0-8164-446d-9856-1197abb7f283','',29,'M-T003-BRIGHTGREEN-S','{\"en\":\"\"}','[\"9a7477e4-cbab-4267-af7f-2298bc406147\", \"9a7477de-ee03-4cfd-b546-9b24f4d96c35\"]',1,NULL,'2023-10-25 16:11:15','2023-10-25 16:11:15'),('9a747871-93e0-410f-adff-00099aa1673d','casual-crew-neck-t-shirt-brightgreen-m',14.99,'9a7477f0-8164-446d-9856-1197abb7f283','',15,'M-T003-BRIGHTGREEN-M','{\"en\":\"\"}','[\"9a7477e4-cbab-4267-af7f-2298bc406147\", \"9a7477de-bb63-4440-be8c-ecb62e5364e8\"]',1,NULL,'2023-10-25 16:11:15','2023-10-25 16:11:15'),('9a747871-9c40-4bc0-a85d-53ab5f155b97','casual-crew-neck-t-shirt-brightgreen-l',14.99,'9a7477f0-8164-446d-9856-1197abb7f283','',46,'M-T003-BRIGHTGREEN-L','{\"en\":\"\"}','[\"9a7477e4-cbab-4267-af7f-2298bc406147\", \"9a7477de-8857-4bd2-9753-567e36d872fa\"]',1,NULL,'2023-10-25 16:11:15','2023-10-25 16:11:15'),('9a747871-a43e-41ac-961e-3295f024144c','casual-crew-neck-t-shirt-brightgreen-xl',14.99,'9a7477f0-8164-446d-9856-1197abb7f283','',22,'M-T003-BRIGHTGREEN-XL','{\"en\":\"\"}','[\"9a7477e4-cbab-4267-af7f-2298bc406147\", \"9a7477de-48e4-4e89-90d8-a440564ba86b\"]',1,NULL,'2023-10-25 16:11:15','2023-10-25 16:11:15'),('9a747871-ac8a-466f-99db-2419ff1a1c35','casual-crew-neck-t-shirt-brightorange-xs',14.99,'9a7477f0-8164-446d-9856-1197abb7f283','',31,'M-T003-BRIGHTORANGE-XS','{\"en\":\"\"}','[\"9a7477e6-a9e5-4cba-adcc-a9724fe0e363\", \"9a7477df-403e-4940-bf65-db4d0d737e0a\"]',1,NULL,'2023-10-25 16:11:15','2023-10-25 16:11:15'),('9a747871-b496-49a7-a22a-8f2ae85b0d4a','casual-crew-neck-t-shirt-brightorange-s',14.99,'9a7477f0-8164-446d-9856-1197abb7f283','',46,'M-T003-BRIGHTORANGE-S','{\"en\":\"\"}','[\"9a7477e6-a9e5-4cba-adcc-a9724fe0e363\", \"9a7477de-ee03-4cfd-b546-9b24f4d96c35\"]',1,NULL,'2023-10-25 16:11:16','2023-10-25 16:11:16'),('9a747871-bc9a-45c4-b80f-36c69e335ae1','casual-crew-neck-t-shirt-brightorange-m',14.99,'9a7477f0-8164-446d-9856-1197abb7f283','',31,'M-T003-BRIGHTORANGE-M','{\"en\":\"\"}','[\"9a7477e6-a9e5-4cba-adcc-a9724fe0e363\", \"9a7477de-bb63-4440-be8c-ecb62e5364e8\"]',1,NULL,'2023-10-25 16:11:16','2023-10-25 16:11:16'),('9a747871-c4c5-43e4-9b0d-ad8abbe17507','casual-crew-neck-t-shirt-brightorange-l',14.99,'9a7477f0-8164-446d-9856-1197abb7f283','',48,'M-T003-BRIGHTORANGE-L','{\"en\":\"\"}','[\"9a7477e6-a9e5-4cba-adcc-a9724fe0e363\", \"9a7477de-8857-4bd2-9753-567e36d872fa\"]',1,NULL,'2023-10-25 16:11:16','2023-10-25 16:11:16'),('9a747871-cd0c-4429-a7b7-58bf4c951e5c','casual-crew-neck-t-shirt-brightorange-xl',14.99,'9a7477f0-8164-446d-9856-1197abb7f283','',41,'M-T003-BRIGHTORANGE-XL','{\"en\":\"\"}','[\"9a7477e6-a9e5-4cba-adcc-a9724fe0e363\", \"9a7477de-48e4-4e89-90d8-a440564ba86b\"]',1,NULL,'2023-10-25 16:11:16','2023-10-25 16:11:16'),('9a747871-d4d4-4b28-8639-62401433da47','classic-cotton-t-shirt-xs',16.99,'9a7477ec-d35c-4c2c-b4ca-7561477e0a93','',51,'M-T001-XS','{\"en\":\"\"}','[\"9a7477df-403e-4940-bf65-db4d0d737e0a\"]',1,NULL,'2023-10-25 16:11:16','2023-10-25 16:11:16'),('9a747871-dcf2-492b-aac3-59b58d04ca26','classic-cotton-t-shirt-s',16.99,'9a7477ec-d35c-4c2c-b4ca-7561477e0a93','',41,'M-T001-S','{\"en\":\"\"}','[\"9a7477de-ee03-4cfd-b546-9b24f4d96c35\"]',1,NULL,'2023-10-25 16:11:16','2023-10-25 16:11:16'),('9a747871-e4de-4c94-81bd-75ba69383a0b','classic-cotton-t-shirt-m',16.99,'9a7477ec-d35c-4c2c-b4ca-7561477e0a93','',47,'M-T001-M','{\"en\":\"\"}','[\"9a7477de-bb63-4440-be8c-ecb62e5364e8\"]',1,NULL,'2023-10-25 16:11:16','2023-10-25 16:11:16'),('9a747871-ec66-47b4-86ae-e92130e324e5','classic-cotton-t-shirt-l',16.99,'9a7477ec-d35c-4c2c-b4ca-7561477e0a93','',47,'M-T001-L','{\"en\":\"\"}','[\"9a7477de-8857-4bd2-9753-567e36d872fa\"]',1,NULL,'2023-10-25 16:11:16','2023-10-25 16:11:16'),('9a747871-f558-4a68-8303-a2ec7a3f95c1','classic-cotton-t-shirt-xl',16.99,'9a7477ec-d35c-4c2c-b4ca-7561477e0a93','',43,'M-T001-XL','{\"en\":\"\"}','[\"9a7477de-48e4-4e89-90d8-a440564ba86b\"]',1,NULL,'2023-10-25 16:11:16','2023-10-25 16:11:16'),('9a747872-009a-4eba-baf4-990444f7d109','sporty-performance-t-shirt-xs',18.50,'9a7477ee-d2f5-4baf-a7cb-4740c6f1efb0','',50,'M-T002-XS','{\"en\":\"\"}','[\"9a7477df-403e-4940-bf65-db4d0d737e0a\"]',1,NULL,'2023-10-25 16:11:16','2023-10-25 16:11:16'),('9a747872-0a6f-415b-828b-3375e578bde4','sporty-performance-t-shirt-s',18.50,'9a7477ee-d2f5-4baf-a7cb-4740c6f1efb0','',11,'M-T002-S','{\"en\":\"\"}','[\"9a7477de-ee03-4cfd-b546-9b24f4d96c35\"]',1,NULL,'2023-10-25 16:11:16','2023-10-25 16:11:16'),('9a747872-1295-4c6e-88ff-e0cd29e2fc42','sporty-performance-t-shirt-m',18.50,'9a7477ee-d2f5-4baf-a7cb-4740c6f1efb0','',50,'M-T002-M','{\"en\":\"\"}','[\"9a7477de-bb63-4440-be8c-ecb62e5364e8\"]',1,NULL,'2023-10-25 16:11:16','2023-10-25 16:11:16'),('9a747872-1a14-4f50-b1ee-9f16daf9c84b','sporty-performance-t-shirt-l',18.50,'9a7477ee-d2f5-4baf-a7cb-4740c6f1efb0','',22,'M-T002-L','{\"en\":\"\"}','[\"9a7477de-8857-4bd2-9753-567e36d872fa\"]',1,NULL,'2023-10-25 16:11:16','2023-10-25 16:11:16'),('9a747872-22f3-492f-964d-1cfe9274477f','sporty-performance-t-shirt-xl',18.50,'9a7477ee-d2f5-4baf-a7cb-4740c6f1efb0','',29,'M-T002-XL','{\"en\":\"\"}','[\"9a7477de-48e4-4e89-90d8-a440564ba86b\"]',1,NULL,'2023-10-25 16:11:16','2023-10-25 16:11:16'),('9a747872-2af4-44e6-b4a0-af65836a3a9b','classic-dress-shirt-xs',28.99,'9a7477f2-28ae-416f-b8ce-8b73a7ff31da','',21,'M-S001-XS','{\"en\":\"\"}','[\"9a7477df-403e-4940-bf65-db4d0d737e0a\"]',1,NULL,'2023-10-25 16:11:16','2023-10-25 16:11:16'),('9a747872-3372-459e-a113-399d6538759b','classic-dress-shirt-s',28.99,'9a7477f2-28ae-416f-b8ce-8b73a7ff31da','',48,'M-S001-S','{\"en\":\"\"}','[\"9a7477de-ee03-4cfd-b546-9b24f4d96c35\"]',1,NULL,'2023-10-25 16:11:16','2023-10-25 16:11:16'),('9a747872-3b08-4042-bf9b-e73d07ded765','classic-dress-shirt-m',28.99,'9a7477f2-28ae-416f-b8ce-8b73a7ff31da','',42,'M-S001-M','{\"en\":\"\"}','[\"9a7477de-bb63-4440-be8c-ecb62e5364e8\"]',1,NULL,'2023-10-25 16:11:16','2023-10-25 16:11:16'),('9a747872-42eb-4dab-bc40-62b384a0b80a','classic-dress-shirt-l',28.99,'9a7477f2-28ae-416f-b8ce-8b73a7ff31da','',3,'M-S001-L','{\"en\":\"\"}','[\"9a7477de-8857-4bd2-9753-567e36d872fa\"]',1,NULL,'2023-10-25 16:11:16','2023-10-25 16:11:16'),('9a747872-4b37-473c-8656-470bde83fe66','classic-dress-shirt-xl',28.99,'9a7477f2-28ae-416f-b8ce-8b73a7ff31da','',33,'M-S001-XL','{\"en\":\"\"}','[\"9a7477de-48e4-4e89-90d8-a440564ba86b\"]',1,NULL,'2023-10-25 16:11:16','2023-10-25 16:11:16'),('9a747872-5308-4d21-8114-5412885977da','casual-checkered-shirt-xs',24.99,'9a7477f5-8cfb-44d7-b099-c3222c1d589b','',46,'M-S003-XS','{\"en\":\"\"}','[\"9a7477df-403e-4940-bf65-db4d0d737e0a\"]',1,NULL,'2023-10-25 16:11:16','2023-10-25 16:11:16'),('9a747872-5b5a-4076-a0b5-d09497ef2c8f','casual-checkered-shirt-s',24.99,'9a7477f5-8cfb-44d7-b099-c3222c1d589b','',36,'M-S003-S','{\"en\":\"\"}','[\"9a7477de-ee03-4cfd-b546-9b24f4d96c35\"]',1,NULL,'2023-10-25 16:11:16','2023-10-25 16:11:16'),('9a747872-63d5-4930-82e3-5b9f74595e12','casual-checkered-shirt-m',24.99,'9a7477f5-8cfb-44d7-b099-c3222c1d589b','',43,'M-S003-M','{\"en\":\"\"}','[\"9a7477de-bb63-4440-be8c-ecb62e5364e8\"]',1,NULL,'2023-10-25 16:11:16','2023-10-25 16:11:16'),('9a747872-6e40-4e52-b7b6-ed772d6d6835','casual-checkered-shirt-l',24.99,'9a7477f5-8cfb-44d7-b099-c3222c1d589b','',0,'M-S003-L','{\"en\":\"\"}','[\"9a7477de-8857-4bd2-9753-567e36d872fa\"]',1,NULL,'2023-10-25 16:11:16','2023-10-25 16:11:16'),('9a747872-7643-440c-87b3-e222646f3085','casual-checkered-shirt-xl',24.99,'9a7477f5-8cfb-44d7-b099-c3222c1d589b','',22,'M-S003-XL','{\"en\":\"\"}','[\"9a7477de-48e4-4e89-90d8-a440564ba86b\"]',1,NULL,'2023-10-25 16:11:16','2023-10-25 16:11:16'),('9a747872-8021-4a77-963d-69e262d8a99b','classic-elegant-wool-jumper-xs',29.99,'9a7477f7-1c74-45c3-93e0-b0bc568265b1','',53,'M-J001-XS','{\"en\":\"\"}','[\"9a7477df-403e-4940-bf65-db4d0d737e0a\"]',1,NULL,'2023-10-25 16:11:16','2023-10-25 16:11:16'),('9a747872-893e-4c03-bbe4-a6c844b28b5d','classic-elegant-wool-jumper-s',29.99,'9a7477f7-1c74-45c3-93e0-b0bc568265b1','',40,'M-J001-S','{\"en\":\"\"}','[\"9a7477de-ee03-4cfd-b546-9b24f4d96c35\"]',1,NULL,'2023-10-25 16:11:16','2023-10-25 16:11:16'),('9a747872-91a3-4c95-9a51-0c978e273ff4','classic-elegant-wool-jumper-m',29.99,'9a7477f7-1c74-45c3-93e0-b0bc568265b1','',2,'M-J001-M','{\"en\":\"\"}','[\"9a7477de-bb63-4440-be8c-ecb62e5364e8\"]',1,NULL,'2023-10-25 16:11:16','2023-10-25 16:11:16'),('9a747872-99d2-44f5-8719-010f172a4fd3','classic-elegant-wool-jumper-l',29.99,'9a7477f7-1c74-45c3-93e0-b0bc568265b1','',49,'M-J001-L','{\"en\":\"\"}','[\"9a7477de-8857-4bd2-9753-567e36d872fa\"]',1,NULL,'2023-10-25 16:11:16','2023-10-25 16:11:16'),('9a747872-a1fe-4f31-af51-ebf19de68b9b','classic-elegant-wool-jumper-xl',29.99,'9a7477f7-1c74-45c3-93e0-b0bc568265b1','',22,'M-J001-XL','{\"en\":\"\"}','[\"9a7477de-48e4-4e89-90d8-a440564ba86b\"]',1,NULL,'2023-10-25 16:11:16','2023-10-25 16:11:16'),('9a747872-aa7a-46a9-8dc6-d0e8ebafcf87','casual-v-neck-modern-jumper-xs',21.50,'9a7477f8-f3a4-4a28-ab49-b20f28d9bd1e','',8,'M-J002-XS','{\"en\":\"\"}','[\"9a7477df-403e-4940-bf65-db4d0d737e0a\"]',1,NULL,'2023-10-25 16:11:16','2023-10-25 16:11:16'),('9a747872-b2a3-458b-bf9c-7a8224cd9440','casual-v-neck-modern-jumper-s',21.50,'9a7477f8-f3a4-4a28-ab49-b20f28d9bd1e','',22,'M-J002-S','{\"en\":\"\"}','[\"9a7477de-ee03-4cfd-b546-9b24f4d96c35\"]',1,NULL,'2023-10-25 16:11:16','2023-10-25 16:11:16'),('9a747872-bcae-416a-b236-4799ea00de36','casual-v-neck-modern-jumper-m',21.50,'9a7477f8-f3a4-4a28-ab49-b20f28d9bd1e','',5,'M-J002-M','{\"en\":\"\"}','[\"9a7477de-bb63-4440-be8c-ecb62e5364e8\"]',1,NULL,'2023-10-25 16:11:16','2023-10-25 16:11:16'),('9a747872-cc18-4549-9334-8c81eba57ade','casual-v-neck-modern-jumper-l',21.50,'9a7477f8-f3a4-4a28-ab49-b20f28d9bd1e','',35,'M-J002-L','{\"en\":\"\"}','[\"9a7477de-8857-4bd2-9753-567e36d872fa\"]',1,NULL,'2023-10-25 16:11:16','2023-10-25 16:11:16'),('9a747872-dba4-4adf-a62c-e27b66cec4d5','casual-v-neck-modern-jumper-xl',21.50,'9a7477f8-f3a4-4a28-ab49-b20f28d9bd1e','',38,'M-J002-XL','{\"en\":\"\"}','[\"9a7477de-48e4-4e89-90d8-a440564ba86b\"]',1,NULL,'2023-10-25 16:11:16','2023-10-25 16:11:16'),('9a747872-e763-4341-84cb-6dc7892cb817','sporty-zip-up-jumper-xs',25.99,'9a7477fa-d268-4d7d-9ebd-30d2560a2f2b','',9,'M-J003-XS','{\"en\":\"\"}','[\"9a7477df-403e-4940-bf65-db4d0d737e0a\"]',1,NULL,'2023-10-25 16:11:16','2023-10-25 16:11:16'),('9a747872-efb8-4ad5-80f5-b278ce802bd4','sporty-zip-up-jumper-s',25.99,'9a7477fa-d268-4d7d-9ebd-30d2560a2f2b','',53,'M-J003-S','{\"en\":\"\"}','[\"9a7477de-ee03-4cfd-b546-9b24f4d96c35\"]',1,NULL,'2023-10-25 16:11:16','2023-10-25 16:11:16'),('9a747872-f8ff-4769-b0c9-e2c5e1b104a0','sporty-zip-up-jumper-m',25.99,'9a7477fa-d268-4d7d-9ebd-30d2560a2f2b','',29,'M-J003-M','{\"en\":\"\"}','[\"9a7477de-bb63-4440-be8c-ecb62e5364e8\"]',1,NULL,'2023-10-25 16:11:16','2023-10-25 16:11:16'),('9a747873-00d7-48ab-bbf7-ada0c06badc0','sporty-zip-up-jumper-l',25.99,'9a7477fa-d268-4d7d-9ebd-30d2560a2f2b','',0,'M-J003-L','{\"en\":\"\"}','[\"9a7477de-8857-4bd2-9753-567e36d872fa\"]',1,NULL,'2023-10-25 16:11:16','2023-10-25 16:11:16'),('9a747873-07f0-400c-a5c2-c0898de7e3cf','sporty-zip-up-jumper-xl',25.99,'9a7477fa-d268-4d7d-9ebd-30d2560a2f2b','',47,'M-J003-XL','{\"en\":\"\"}','[\"9a7477de-48e4-4e89-90d8-a440564ba86b\"]',1,NULL,'2023-10-25 16:11:16','2023-10-25 16:11:16'),('9a747873-1083-43a5-bfb8-ec14f78a4730','classic-dress-trousers-xs',27.99,'9a7477fc-4813-4a1a-9b3a-b484c1c88d7e','',41,'M-TR001-XS','{\"en\":\"\"}','[\"9a7477df-403e-4940-bf65-db4d0d737e0a\"]',1,NULL,'2023-10-25 16:11:16','2023-10-25 16:11:16'),('9a747873-240d-486b-afa2-52cb3b57fb86','classic-dress-trousers-s',27.99,'9a7477fc-4813-4a1a-9b3a-b484c1c88d7e','',3,'M-TR001-S','{\"en\":\"\"}','[\"9a7477de-ee03-4cfd-b546-9b24f4d96c35\"]',1,NULL,'2023-10-25 16:11:16','2023-10-25 16:11:16'),('9a747873-6146-4191-9ce3-fbdb339dd604','classic-dress-trousers-m',27.99,'9a7477fc-4813-4a1a-9b3a-b484c1c88d7e','',50,'M-TR001-M','{\"en\":\"\"}','[\"9a7477de-bb63-4440-be8c-ecb62e5364e8\"]',1,NULL,'2023-10-25 16:11:17','2023-10-25 16:11:17'),('9a747873-6f8a-4534-aad4-8eb58ae24304','classic-dress-trousers-l',27.99,'9a7477fc-4813-4a1a-9b3a-b484c1c88d7e','',7,'M-TR001-L','{\"en\":\"\"}','[\"9a7477de-8857-4bd2-9753-567e36d872fa\"]',1,NULL,'2023-10-25 16:11:17','2023-10-25 16:11:17'),('9a747873-77fb-4199-b51a-7a4dc0e77553','classic-dress-trousers-xl',27.99,'9a7477fc-4813-4a1a-9b3a-b484c1c88d7e','',18,'M-TR001-XL','{\"en\":\"\"}','[\"9a7477de-48e4-4e89-90d8-a440564ba86b\"]',1,NULL,'2023-10-25 16:11:17','2023-10-25 16:11:17'),('9a747873-7ffa-4931-b7dc-852f1edb2d06','casual-chino-trousers-xs',19.50,'9a7477fe-311d-4d90-9b36-4dbed6f0acca','',48,'M-TR002-XS','{\"en\":\"\"}','[\"9a7477df-403e-4940-bf65-db4d0d737e0a\"]',1,NULL,'2023-10-25 16:11:17','2023-10-25 16:11:17'),('9a747873-883a-4025-be43-b9d8be124141','casual-chino-trousers-s',19.50,'9a7477fe-311d-4d90-9b36-4dbed6f0acca','',43,'M-TR002-S','{\"en\":\"\"}','[\"9a7477de-ee03-4cfd-b546-9b24f4d96c35\"]',1,NULL,'2023-10-25 16:11:17','2023-10-25 16:11:17'),('9a747873-8fdd-4d9c-9ad9-d5355cdc0e09','casual-chino-trousers-m',19.50,'9a7477fe-311d-4d90-9b36-4dbed6f0acca','',21,'M-TR002-M','{\"en\":\"\"}','[\"9a7477de-bb63-4440-be8c-ecb62e5364e8\"]',1,NULL,'2023-10-25 16:11:17','2023-10-25 16:11:17'),('9a747873-978c-4b8b-8df8-cf129c9f57a7','casual-chino-trousers-l',19.50,'9a7477fe-311d-4d90-9b36-4dbed6f0acca','',31,'M-TR002-L','{\"en\":\"\"}','[\"9a7477de-8857-4bd2-9753-567e36d872fa\"]',1,NULL,'2023-10-25 16:11:17','2023-10-25 16:11:17'),('9a747873-9fb2-4ef0-aa0c-b12d655033c2','casual-chino-trousers-xl',19.50,'9a7477fe-311d-4d90-9b36-4dbed6f0acca','',39,'M-TR002-XL','{\"en\":\"\"}','[\"9a7477de-48e4-4e89-90d8-a440564ba86b\"]',1,NULL,'2023-10-25 16:11:17','2023-10-25 16:11:17'),('9a747873-a768-4c2d-8303-4eb0a505892d','sporty-track-pants-xs',22.99,'9a7477ff-efd1-45f7-a283-f038580e02b2','',16,'M-TR003-XS','{\"en\":\"\"}','[\"9a7477df-403e-4940-bf65-db4d0d737e0a\"]',1,NULL,'2023-10-25 16:11:17','2023-10-25 16:11:17'),('9a747873-af9d-450b-9671-d4547f0bada2','sporty-track-pants-s',22.99,'9a7477ff-efd1-45f7-a283-f038580e02b2','',10,'M-TR003-S','{\"en\":\"\"}','[\"9a7477de-ee03-4cfd-b546-9b24f4d96c35\"]',1,NULL,'2023-10-25 16:11:17','2023-10-25 16:11:17'),('9a747873-b74a-4581-9b8e-4264c7039d23','sporty-track-pants-m',22.99,'9a7477ff-efd1-45f7-a283-f038580e02b2','',45,'M-TR003-M','{\"en\":\"\"}','[\"9a7477de-bb63-4440-be8c-ecb62e5364e8\"]',1,NULL,'2023-10-25 16:11:17','2023-10-25 16:11:17'),('9a747873-bf1f-4e7d-b1e1-ce4ac0017dc4','sporty-track-pants-l',22.99,'9a7477ff-efd1-45f7-a283-f038580e02b2','',29,'M-TR003-L','{\"en\":\"\"}','[\"9a7477de-8857-4bd2-9753-567e36d872fa\"]',1,NULL,'2023-10-25 16:11:17','2023-10-25 16:11:17'),('9a747873-c7b8-466c-ac85-db83cf32fbe5','sporty-track-pants-xl',22.99,'9a7477ff-efd1-45f7-a283-f038580e02b2','',0,'M-TR003-XL','{\"en\":\"\"}','[\"9a7477de-48e4-4e89-90d8-a440564ba86b\"]',1,NULL,'2023-10-25 16:11:17','2023-10-25 16:11:17'),('9a747873-ced4-4fca-98db-f42a02732ce8','classic-cotton-crew-socks-8',12.99,'9a747802-b390-45ff-93ea-746b30ccd7fe','',51,'M-SK001-8','{\"en\":\"\"}','[\"9a7477e0-9db0-4ef3-a19b-ccfcb05161ad\"]',1,NULL,'2023-10-25 16:11:17','2023-10-25 16:11:17'),('9a747873-d6b5-4fec-9f36-72e8eeea0f2e','classic-cotton-crew-socks-9',12.99,'9a747802-b390-45ff-93ea-746b30ccd7fe','',8,'M-SK001-9','{\"en\":\"\"}','[\"9a7477e0-0336-469c-a7da-3000b4c02783\"]',1,NULL,'2023-10-25 16:11:17','2023-10-25 16:11:17'),('9a747873-de6b-4341-a810-bbbaa5866432','classic-cotton-crew-socks-10',12.99,'9a747802-b390-45ff-93ea-746b30ccd7fe','',24,'M-SK001-10','{\"en\":\"\"}','[\"9a7477df-7818-406b-ac1f-b0a798b7f71b\"]',1,NULL,'2023-10-25 16:11:17','2023-10-25 16:11:17'),('9a747873-e665-45ec-89f4-e60607a00a4a','sporty-ankle-socks-8',14.50,'9a747804-8b26-41a2-8a5f-4bd7c6057dc1','',10,'M-SK002-8','{\"en\":\"\"}','[\"9a7477e0-9db0-4ef3-a19b-ccfcb05161ad\"]',1,NULL,'2023-10-25 16:11:17','2023-10-25 16:11:17'),('9a747873-eeea-4abc-8a74-57b737fff30e','sporty-ankle-socks-9',14.50,'9a747804-8b26-41a2-8a5f-4bd7c6057dc1','',2,'M-SK002-9','{\"en\":\"\"}','[\"9a7477e0-0336-469c-a7da-3000b4c02783\"]',1,NULL,'2023-10-25 16:11:17','2023-10-25 16:11:17'),('9a747873-f850-4410-b5df-696cb3309e6a','sporty-ankle-socks-10',14.50,'9a747804-8b26-41a2-8a5f-4bd7c6057dc1','',51,'M-SK002-10','{\"en\":\"\"}','[\"9a7477df-7818-406b-ac1f-b0a798b7f71b\"]',1,NULL,'2023-10-25 16:11:17','2023-10-25 16:11:17'),('9a747874-0125-413a-a595-35a0b91b8832','casual-low-cut-socks-8',11.99,'9a747806-391d-4e45-8f05-a967699cf7c3','',49,'M-SK003-8','{\"en\":\"\"}','[\"9a7477e0-9db0-4ef3-a19b-ccfcb05161ad\"]',1,NULL,'2023-10-25 16:11:17','2023-10-25 16:11:17'),('9a747874-0931-41bf-82bd-773a479b1af5','casual-low-cut-socks-9',11.99,'9a747806-391d-4e45-8f05-a967699cf7c3','',45,'M-SK003-9','{\"en\":\"\"}','[\"9a7477e0-0336-469c-a7da-3000b4c02783\"]',1,NULL,'2023-10-25 16:11:17','2023-10-25 16:11:17'),('9a747874-1105-4b9e-a7ca-a56ba708a19e','casual-low-cut-socks-10',11.99,'9a747806-391d-4e45-8f05-a967699cf7c3','',19,'M-SK003-10','{\"en\":\"\"}','[\"9a7477df-7818-406b-ac1f-b0a798b7f71b\"]',1,NULL,'2023-10-25 16:11:17','2023-10-25 16:11:17'),('9a747874-18fc-4581-80b2-1c3827c4a915','sporty-performance-polo-xs',19.50,'9a747809-b1c9-4f86-a887-d19fe25ff2d1','',0,'W-P002-XS','{\"en\":\"\"}','[\"9a7477df-403e-4940-bf65-db4d0d737e0a\"]',1,NULL,'2023-10-25 16:11:17','2023-10-25 16:11:17'),('9a747874-28e5-4b9a-9063-10d28e5f6dcb','sporty-performance-polo-s',19.50,'9a747809-b1c9-4f86-a887-d19fe25ff2d1','',3,'W-P002-S','{\"en\":\"\"}','[\"9a7477de-ee03-4cfd-b546-9b24f4d96c35\"]',1,NULL,'2023-10-25 16:11:17','2023-10-25 16:11:17'),('9a747874-336f-4de9-8d1e-d4793b091f3a','sporty-performance-polo-m',19.50,'9a747809-b1c9-4f86-a887-d19fe25ff2d1','',12,'W-P002-M','{\"en\":\"\"}','[\"9a7477de-bb63-4440-be8c-ecb62e5364e8\"]',1,NULL,'2023-10-25 16:11:17','2023-10-25 16:11:17'),('9a747874-3b23-4ba1-8d8a-b4f8dc884651','sporty-performance-polo-l',19.50,'9a747809-b1c9-4f86-a887-d19fe25ff2d1','',3,'W-P002-L','{\"en\":\"\"}','[\"9a7477de-8857-4bd2-9753-567e36d872fa\"]',1,NULL,'2023-10-25 16:11:17','2023-10-25 16:11:17'),('9a747874-43c9-42ad-ae46-4a42f14ef2ac','sporty-performance-polo-xl',19.50,'9a747809-b1c9-4f86-a887-d19fe25ff2d1','',6,'W-P002-XL','{\"en\":\"\"}','[\"9a7477de-48e4-4e89-90d8-a440564ba86b\"]',1,NULL,'2023-10-25 16:11:17','2023-10-25 16:11:17'),('9a747874-4bd0-42ef-9b8b-02e2b015d138','casual-denim-skirt-xs',24.50,'9a74780f-98d6-42f3-8756-d49a5f3e340a','',30,'W-S002-XS','{\"en\":\"\"}','[\"9a7477df-403e-4940-bf65-db4d0d737e0a\"]',1,NULL,'2023-10-25 16:11:17','2023-10-25 16:11:17'),('9a747874-5450-414d-83fe-ad8662a27c41','casual-denim-skirt-s',24.50,'9a74780f-98d6-42f3-8756-d49a5f3e340a','',1,'W-S002-S','{\"en\":\"\"}','[\"9a7477de-ee03-4cfd-b546-9b24f4d96c35\"]',1,NULL,'2023-10-25 16:11:17','2023-10-25 16:11:17'),('9a747874-5cb8-48f9-88da-676ad1f290e6','casual-denim-skirt-m',24.50,'9a74780f-98d6-42f3-8756-d49a5f3e340a','',29,'W-S002-M','{\"en\":\"\"}','[\"9a7477de-bb63-4440-be8c-ecb62e5364e8\"]',1,NULL,'2023-10-25 16:11:17','2023-10-25 16:11:17'),('9a747874-645f-4416-b508-5c4a8bb5697a','casual-denim-skirt-l',24.50,'9a74780f-98d6-42f3-8756-d49a5f3e340a','',25,'W-S002-L','{\"en\":\"\"}','[\"9a7477de-8857-4bd2-9753-567e36d872fa\"]',1,NULL,'2023-10-25 16:11:17','2023-10-25 16:11:17'),('9a747874-6c78-4f5a-9224-09b8b2a8a413','casual-denim-skirt-xl',24.50,'9a74780f-98d6-42f3-8756-d49a5f3e340a','',13,'W-S002-XL','{\"en\":\"\"}','[\"9a7477de-48e4-4e89-90d8-a440564ba86b\"]',1,NULL,'2023-10-25 16:11:17','2023-10-25 16:11:17'),('9a747874-7480-47e3-89c7-5b4382a5ada9','floral-midi-skirt-xs',22.99,'9a747811-89af-4477-b351-11ee1cfd0b9b','',27,'W-S003-XS','{\"en\":\"\"}','[\"9a7477df-403e-4940-bf65-db4d0d737e0a\"]',1,NULL,'2023-10-25 16:11:17','2023-10-25 16:11:17'),('9a747874-7cd4-47a4-a92e-d9edb991f0f4','floral-midi-skirt-s',22.99,'9a747811-89af-4477-b351-11ee1cfd0b9b','',38,'W-S003-S','{\"en\":\"\"}','[\"9a7477de-ee03-4cfd-b546-9b24f4d96c35\"]',1,NULL,'2023-10-25 16:11:17','2023-10-25 16:11:17'),('9a747874-84b2-4d38-a592-bea3352affa6','floral-midi-skirt-m',22.99,'9a747811-89af-4477-b351-11ee1cfd0b9b','',22,'W-S003-M','{\"en\":\"\"}','[\"9a7477de-bb63-4440-be8c-ecb62e5364e8\"]',1,NULL,'2023-10-25 16:11:17','2023-10-25 16:11:17'),('9a747874-8cdf-49bf-95cf-504bd2288899','floral-midi-skirt-l',22.99,'9a747811-89af-4477-b351-11ee1cfd0b9b','',7,'W-S003-L','{\"en\":\"\"}','[\"9a7477de-8857-4bd2-9753-567e36d872fa\"]',1,NULL,'2023-10-25 16:11:17','2023-10-25 16:11:17'),('9a747874-94f5-4084-bf81-4e1c50af4451','floral-midi-skirt-xl',22.99,'9a747811-89af-4477-b351-11ee1cfd0b9b','',42,'W-S003-XL','{\"en\":\"\"}','[\"9a7477de-48e4-4e89-90d8-a440564ba86b\"]',1,NULL,'2023-10-25 16:11:17','2023-10-25 16:11:17'),('9a747874-9cac-4a29-8408-361700476866','classic-wool-jumper-xs',29.99,'9a747813-4127-43db-b202-ada230ce5277','',3,'W-J001-XS','{\"en\":\"\"}','[\"9a7477df-403e-4940-bf65-db4d0d737e0a\"]',1,NULL,'2023-10-25 16:11:17','2023-10-25 16:11:17'),('9a747874-a681-4dd9-94d0-db7ea33d728f','classic-wool-jumper-s',29.99,'9a747813-4127-43db-b202-ada230ce5277','',53,'W-J001-S','{\"en\":\"\"}','[\"9a7477de-ee03-4cfd-b546-9b24f4d96c35\"]',1,NULL,'2023-10-25 16:11:17','2023-10-25 16:11:17'),('9a747874-ae20-4d73-af31-3abb05222d25','classic-wool-jumper-m',29.99,'9a747813-4127-43db-b202-ada230ce5277','',28,'W-J001-M','{\"en\":\"\"}','[\"9a7477de-bb63-4440-be8c-ecb62e5364e8\"]',1,NULL,'2023-10-25 16:11:17','2023-10-25 16:11:17'),('9a747874-b5c5-40d4-bf9b-68d084e3eaf3','classic-wool-jumper-l',29.99,'9a747813-4127-43db-b202-ada230ce5277','',17,'W-J001-L','{\"en\":\"\"}','[\"9a7477de-8857-4bd2-9753-567e36d872fa\"]',1,NULL,'2023-10-25 16:11:17','2023-10-25 16:11:17'),('9a747874-c12f-4833-a930-118e91221ed6','classic-wool-jumper-xl',29.99,'9a747813-4127-43db-b202-ada230ce5277','',36,'W-J001-XL','{\"en\":\"\"}','[\"9a7477de-48e4-4e89-90d8-a440564ba86b\"]',1,NULL,'2023-10-25 16:11:18','2023-10-25 16:11:18'),('9a747874-ca60-4deb-a8e7-f0e23806273c','casual-v-neck-jumper-xs',21.50,'9a747814-fdd4-4823-af61-b85220c6fb22','',8,'W-J002-XS','{\"en\":\"\"}','[\"9a7477df-403e-4940-bf65-db4d0d737e0a\"]',1,NULL,'2023-10-25 16:11:18','2023-10-25 16:11:18'),('9a747874-d28d-4652-b561-1ea1c131cff4','casual-v-neck-jumper-s',21.50,'9a747814-fdd4-4823-af61-b85220c6fb22','',22,'W-J002-S','{\"en\":\"\"}','[\"9a7477de-ee03-4cfd-b546-9b24f4d96c35\"]',1,NULL,'2023-10-25 16:11:18','2023-10-25 16:11:18'),('9a747874-da23-4508-800a-8d7c63fe6589','casual-v-neck-jumper-m',21.50,'9a747814-fdd4-4823-af61-b85220c6fb22','',51,'W-J002-M','{\"en\":\"\"}','[\"9a7477de-bb63-4440-be8c-ecb62e5364e8\"]',1,NULL,'2023-10-25 16:11:18','2023-10-25 16:11:18'),('9a747874-e255-4ad9-9233-906781a54ed6','casual-v-neck-jumper-l',21.50,'9a747814-fdd4-4823-af61-b85220c6fb22','',23,'W-J002-L','{\"en\":\"\"}','[\"9a7477de-8857-4bd2-9753-567e36d872fa\"]',1,NULL,'2023-10-25 16:11:18','2023-10-25 16:11:18'),('9a747874-ea89-4183-9e43-85b674ec49e0','casual-v-neck-jumper-xl',21.50,'9a747814-fdd4-4823-af61-b85220c6fb22','',0,'W-J002-XL','{\"en\":\"\"}','[\"9a7477de-48e4-4e89-90d8-a440564ba86b\"]',1,NULL,'2023-10-25 16:11:18','2023-10-25 16:11:18'),('9a747874-f5b9-4695-81e0-6cc76585d468','classic-dress-trousers-1-xs',29.99,'9a747818-5355-407e-b0c3-a0b1f5b8086a','',28,'W-TR001-XS','{\"en\":\"\"}','[\"9a7477df-403e-4940-bf65-db4d0d737e0a\"]',1,NULL,'2023-10-25 16:11:18','2023-10-25 16:11:18'),('9a747874-fdbd-40a6-b116-3a56f74248da','classic-dress-trousers-1-s',29.99,'9a747818-5355-407e-b0c3-a0b1f5b8086a','',36,'W-TR001-S','{\"en\":\"\"}','[\"9a7477de-ee03-4cfd-b546-9b24f4d96c35\"]',1,NULL,'2023-10-25 16:11:18','2023-10-25 16:11:18'),('9a747875-061f-46ce-b54f-eb3638d12bc6','classic-dress-trousers-1-m',29.99,'9a747818-5355-407e-b0c3-a0b1f5b8086a','',2,'W-TR001-M','{\"en\":\"\"}','[\"9a7477de-bb63-4440-be8c-ecb62e5364e8\"]',1,NULL,'2023-10-25 16:11:18','2023-10-25 16:11:18'),('9a747875-0e94-43ce-b58b-a79279da9ccf','classic-dress-trousers-1-l',29.99,'9a747818-5355-407e-b0c3-a0b1f5b8086a','',43,'W-TR001-L','{\"en\":\"\"}','[\"9a7477de-8857-4bd2-9753-567e36d872fa\"]',1,NULL,'2023-10-25 16:11:18','2023-10-25 16:11:18'),('9a747875-19ac-4716-9d46-f4319e821e64','classic-dress-trousers-1-xl',29.99,'9a747818-5355-407e-b0c3-a0b1f5b8086a','',1,'W-TR001-XL','{\"en\":\"\"}','[\"9a7477de-48e4-4e89-90d8-a440564ba86b\"]',1,NULL,'2023-10-25 16:11:18','2023-10-25 16:11:18'),('9a747875-24f7-44a8-8a14-7f4f3abea286','sporty-track-pants-1-xs',22.99,'9a74781b-ba63-4202-92e7-d594c03b5ed8','',6,'W-TR003-XS','{\"en\":\"\"}','[\"9a7477df-403e-4940-bf65-db4d0d737e0a\"]',1,NULL,'2023-10-25 16:11:18','2023-10-25 16:11:18'),('9a747875-2cec-4f1f-9c64-5ca7e0fcdf53','sporty-track-pants-1-s',22.99,'9a74781b-ba63-4202-92e7-d594c03b5ed8','',17,'W-TR003-S','{\"en\":\"\"}','[\"9a7477de-ee03-4cfd-b546-9b24f4d96c35\"]',1,NULL,'2023-10-25 16:11:18','2023-10-25 16:11:18'),('9a747875-3534-4d30-87e6-ff693b6fb6eb','sporty-track-pants-1-m',22.99,'9a74781b-ba63-4202-92e7-d594c03b5ed8','',3,'W-TR003-M','{\"en\":\"\"}','[\"9a7477de-bb63-4440-be8c-ecb62e5364e8\"]',1,NULL,'2023-10-25 16:11:18','2023-10-25 16:11:18'),('9a747875-3d36-4aad-9092-cb69458cdb04','sporty-track-pants-1-l',22.99,'9a74781b-ba63-4202-92e7-d594c03b5ed8','',12,'W-TR003-L','{\"en\":\"\"}','[\"9a7477de-8857-4bd2-9753-567e36d872fa\"]',1,NULL,'2023-10-25 16:11:18','2023-10-25 16:11:18'),('9a747875-458c-4d59-b1ac-6f9f02043d07','sporty-track-pants-1-xl',22.99,'9a74781b-ba63-4202-92e7-d594c03b5ed8','',0,'W-TR003-XL','{\"en\":\"\"}','[\"9a7477de-48e4-4e89-90d8-a440564ba86b\"]',1,NULL,'2023-10-25 16:11:18','2023-10-25 16:11:18'),('9a747875-4c38-4d4a-b9b5-586e2cf3352a','classic-cotton-crew-socks-1-8',12.99,'9a74781d-660b-42f7-9e96-ad82a8a8727b','',40,'W-SK001-8','{\"en\":\"\"}','[\"9a7477e0-9db0-4ef3-a19b-ccfcb05161ad\"]',1,NULL,'2023-10-25 16:11:18','2023-10-25 16:11:18'),('9a747875-548b-4b6a-a290-75ec33a771f3','classic-cotton-crew-socks-1-9',12.99,'9a74781d-660b-42f7-9e96-ad82a8a8727b','',26,'W-SK001-9','{\"en\":\"\"}','[\"9a7477e0-0336-469c-a7da-3000b4c02783\"]',1,NULL,'2023-10-25 16:11:18','2023-10-25 16:11:18'),('9a747875-5d26-41ca-b925-472fe3c33961','classic-cotton-crew-socks-1-10',12.99,'9a74781d-660b-42f7-9e96-ad82a8a8727b','',40,'W-SK001-10','{\"en\":\"\"}','[\"9a7477df-7818-406b-ac1f-b0a798b7f71b\"]',1,NULL,'2023-10-25 16:11:18','2023-10-25 16:11:18'),('9a747875-6535-42c8-9a70-ad66370fcbff','sporty-ankle-socks-1-8',14.50,'9a74781f-10cc-4cac-aa74-c373841f91c5','',34,'W-SK002-8','{\"en\":\"\"}','[\"9a7477e0-9db0-4ef3-a19b-ccfcb05161ad\"]',1,NULL,'2023-10-25 16:11:18','2023-10-25 16:11:18'),('9a747875-6d9a-4214-b414-5ce7816e4eea','sporty-ankle-socks-1-9',14.50,'9a74781f-10cc-4cac-aa74-c373841f91c5','',18,'W-SK002-9','{\"en\":\"\"}','[\"9a7477e0-0336-469c-a7da-3000b4c02783\"]',1,NULL,'2023-10-25 16:11:18','2023-10-25 16:11:18'),('9a747875-7683-4e53-a401-844bbae517a0','sporty-ankle-socks-1-10',14.50,'9a74781f-10cc-4cac-aa74-c373841f91c5','',53,'W-SK002-10','{\"en\":\"\"}','[\"9a7477df-7818-406b-ac1f-b0a798b7f71b\"]',1,NULL,'2023-10-25 16:11:18','2023-10-25 16:11:18'),('9a747875-7f06-410b-8e8d-0ca4193facf5','casual-low-cut-socks-1-8',11.99,'9a747820-e766-4f7c-bf44-d6c971ef2249','',26,'W-SK003-8','{\"en\":\"\"}','[\"9a7477e0-9db0-4ef3-a19b-ccfcb05161ad\"]',1,NULL,'2023-10-25 16:11:18','2023-10-25 16:11:18'),('9a747875-87ab-47d9-9e17-8395746c9a2c','casual-low-cut-socks-1-9',11.99,'9a747820-e766-4f7c-bf44-d6c971ef2249','',27,'W-SK003-9','{\"en\":\"\"}','[\"9a7477e0-0336-469c-a7da-3000b4c02783\"]',1,NULL,'2023-10-25 16:11:18','2023-10-25 16:11:18'),('9a747875-9015-4d73-830e-a26bd7cdd15b','casual-low-cut-socks-1-10',11.99,'9a747820-e766-4f7c-bf44-d6c971ef2249','',18,'W-SK003-10','{\"en\":\"\"}','[\"9a7477df-7818-406b-ac1f-b0a798b7f71b\"]',1,NULL,'2023-10-25 16:11:18','2023-10-25 16:11:18'),('9a747875-98bf-45d9-a9b8-0a00645a1380','casual-slip-on-sneakers-8',28.99,'9a747822-9309-4a20-b742-b5a3d8b001ba','',4,'W-SN001-8','{\"en\":\"\"}','[\"9a7477e0-9db0-4ef3-a19b-ccfcb05161ad\"]',1,NULL,'2023-10-25 16:11:18','2023-10-25 16:11:18'),('9a747875-a224-4195-a4a5-16d292227243','casual-slip-on-sneakers-8.5',28.99,'9a747822-9309-4a20-b742-b5a3d8b001ba','',41,'W-SN001-8.5','{\"en\":\"\"}','[\"9a7477e0-5850-4fd6-9a7b-0536475dfa8b\"]',1,NULL,'2023-10-25 16:11:18','2023-10-25 16:11:18'),('9a747875-a9ee-4884-a668-cb9c861c2f03','casual-slip-on-sneakers-9',28.99,'9a747822-9309-4a20-b742-b5a3d8b001ba','',20,'W-SN001-9','{\"en\":\"\"}','[\"9a7477e0-0336-469c-a7da-3000b4c02783\"]',1,NULL,'2023-10-25 16:11:18','2023-10-25 16:11:18'),('9a747875-b1ef-4f2c-813f-df3c2cfaffa4','casual-slip-on-sneakers-9.5',28.99,'9a747822-9309-4a20-b742-b5a3d8b001ba','',33,'W-SN001-9.5','{\"en\":\"\"}','[\"9a7477df-cd58-44b0-b7f0-bccedc48e04c\"]',1,NULL,'2023-10-25 16:11:18','2023-10-25 16:11:18'),('9a747875-b9cd-40d1-b8ac-82d355e2c5a4','casual-slip-on-sneakers-10',28.99,'9a747822-9309-4a20-b742-b5a3d8b001ba','',45,'W-SN001-10','{\"en\":\"\"}','[\"9a7477df-7818-406b-ac1f-b0a798b7f71b\"]',1,NULL,'2023-10-25 16:11:18','2023-10-25 16:11:18'),('9a747875-c1ae-4d84-a206-327c6ea99985','fashion-high-top-sneakers-8',29.99,'9a747825-dafc-4675-94cc-189a9a255a04','',18,'W-SN003-8','{\"en\":\"\"}','[\"9a7477e0-9db0-4ef3-a19b-ccfcb05161ad\"]',1,NULL,'2023-10-25 16:11:18','2023-10-25 16:11:18'),('9a747875-ca9a-4fd0-8436-de9ab20f728d','fashion-high-top-sneakers-8.5',29.99,'9a747825-dafc-4675-94cc-189a9a255a04','',53,'W-SN003-8.5','{\"en\":\"\"}','[\"9a7477e0-5850-4fd6-9a7b-0536475dfa8b\"]',1,NULL,'2023-10-25 16:11:18','2023-10-25 16:11:18'),('9a747875-d2b8-4185-8b16-596b3e0407b3','fashion-high-top-sneakers-9',29.99,'9a747825-dafc-4675-94cc-189a9a255a04','',30,'W-SN003-9','{\"en\":\"\"}','[\"9a7477e0-0336-469c-a7da-3000b4c02783\"]',1,NULL,'2023-10-25 16:11:18','2023-10-25 16:11:18'),('9a747875-db4f-42d7-b84a-0b9eceed8f81','fashion-high-top-sneakers-9.5',29.99,'9a747825-dafc-4675-94cc-189a9a255a04','',13,'W-SN003-9.5','{\"en\":\"\"}','[\"9a7477df-cd58-44b0-b7f0-bccedc48e04c\"]',1,NULL,'2023-10-25 16:11:18','2023-10-25 16:11:18'),('9a747875-e3c5-46b7-8881-bb6aefe66cb6','fashion-high-top-sneakers-10',29.99,'9a747825-dafc-4675-94cc-189a9a255a04','',10,'W-SN003-10','{\"en\":\"\"}','[\"9a7477df-7818-406b-ac1f-b0a798b7f71b\"]',1,NULL,'2023-10-25 16:11:18','2023-10-25 16:11:18'),('9a747875-ed04-455b-90ac-8074002d4d90','casual-slide-sandals-8',19.99,'9a747827-84af-4f0f-80f6-4aecb04a913c','',6,'W-SA001-8','{\"en\":\"\"}','[\"9a7477e0-9db0-4ef3-a19b-ccfcb05161ad\"]',1,NULL,'2023-10-25 16:11:18','2023-10-25 16:11:18'),('9a747875-f520-4991-a736-713f0843bab5','casual-slide-sandals-8.5',19.99,'9a747827-84af-4f0f-80f6-4aecb04a913c','',50,'W-SA001-8.5','{\"en\":\"\"}','[\"9a7477e0-5850-4fd6-9a7b-0536475dfa8b\"]',1,NULL,'2023-10-25 16:11:18','2023-10-25 16:11:18'),('9a747875-fd99-4c7e-ba42-2b03f39a93e2','casual-slide-sandals-9',19.99,'9a747827-84af-4f0f-80f6-4aecb04a913c','',15,'W-SA001-9','{\"en\":\"\"}','[\"9a7477e0-0336-469c-a7da-3000b4c02783\"]',1,NULL,'2023-10-25 16:11:18','2023-10-25 16:11:18'),('9a747876-05d0-4d81-aa04-1a1192df6dda','casual-slide-sandals-9.5',19.99,'9a747827-84af-4f0f-80f6-4aecb04a913c','',2,'W-SA001-9.5','{\"en\":\"\"}','[\"9a7477df-cd58-44b0-b7f0-bccedc48e04c\"]',1,NULL,'2023-10-25 16:11:18','2023-10-25 16:11:18'),('9a747876-0dd5-417d-b746-f5ea7d529ccc','casual-slide-sandals-10',19.99,'9a747827-84af-4f0f-80f6-4aecb04a913c','',45,'W-SA001-10','{\"en\":\"\"}','[\"9a7477df-7818-406b-ac1f-b0a798b7f71b\"]',1,NULL,'2023-10-25 16:11:18','2023-10-25 16:11:18'),('9a747876-15d5-47bc-988c-ce69bc478b06','strappy-beach-sandals-8',23.50,'9a747829-4ef1-42cc-9708-4a3bc11d5245','',0,'W-SA002-8','{\"en\":\"\"}','[\"9a7477e0-9db0-4ef3-a19b-ccfcb05161ad\"]',1,NULL,'2023-10-25 16:11:18','2023-10-25 16:11:18'),('9a747876-1ff5-4848-87c4-b8f87e0688c0','strappy-beach-sandals-8.5',23.50,'9a747829-4ef1-42cc-9708-4a3bc11d5245','',44,'W-SA002-8.5','{\"en\":\"\"}','[\"9a7477e0-5850-4fd6-9a7b-0536475dfa8b\"]',1,NULL,'2023-10-25 16:11:18','2023-10-25 16:11:18'),('9a747876-2821-4f9e-b682-2c3789d3ecef','strappy-beach-sandals-9',23.50,'9a747829-4ef1-42cc-9708-4a3bc11d5245','',2,'W-SA002-9','{\"en\":\"\"}','[\"9a7477e0-0336-469c-a7da-3000b4c02783\"]',1,NULL,'2023-10-25 16:11:18','2023-10-25 16:11:18'),('9a747876-303a-470f-be6d-fec5550d5892','strappy-beach-sandals-9.5',23.50,'9a747829-4ef1-42cc-9708-4a3bc11d5245','',2,'W-SA002-9.5','{\"en\":\"\"}','[\"9a7477df-cd58-44b0-b7f0-bccedc48e04c\"]',1,NULL,'2023-10-25 16:11:18','2023-10-25 16:11:18'),('9a747876-3825-43c2-8819-ae827598edb4','strappy-beach-sandals-10',23.50,'9a747829-4ef1-42cc-9708-4a3bc11d5245','',9,'W-SA002-10','{\"en\":\"\"}','[\"9a7477df-7818-406b-ac1f-b0a798b7f71b\"]',1,NULL,'2023-10-25 16:11:18','2023-10-25 16:11:18'),('9a747876-401e-418e-a334-cc3bb166490f','fashion-wedge-sandals-8',28.99,'9a74782b-0e42-45c0-acff-3487b1a8e4c4','',17,'W-SA003-8','{\"en\":\"\"}','[\"9a7477e0-9db0-4ef3-a19b-ccfcb05161ad\"]',1,NULL,'2023-10-25 16:11:18','2023-10-25 16:11:18'),('9a747876-484d-4013-9ea4-0640e5e7adbd','fashion-wedge-sandals-8.5',28.99,'9a74782b-0e42-45c0-acff-3487b1a8e4c4','',46,'W-SA003-8.5','{\"en\":\"\"}','[\"9a7477e0-5850-4fd6-9a7b-0536475dfa8b\"]',1,NULL,'2023-10-25 16:11:19','2023-10-25 16:11:19'),('9a747876-5485-431f-9c3a-9757861ae18d','fashion-wedge-sandals-9',28.99,'9a74782b-0e42-45c0-acff-3487b1a8e4c4','',37,'W-SA003-9','{\"en\":\"\"}','[\"9a7477e0-0336-469c-a7da-3000b4c02783\"]',1,NULL,'2023-10-25 16:11:19','2023-10-25 16:11:19'),('9a747876-5d83-47a1-a29a-8b17628699ed','fashion-wedge-sandals-9.5',28.99,'9a74782b-0e42-45c0-acff-3487b1a8e4c4','',21,'W-SA003-9.5','{\"en\":\"\"}','[\"9a7477df-cd58-44b0-b7f0-bccedc48e04c\"]',1,NULL,'2023-10-25 16:11:19','2023-10-25 16:11:19'),('9a747876-651e-4f41-8251-14da1fd3301a','fashion-wedge-sandals-10',28.99,'9a74782b-0e42-45c0-acff-3487b1a8e4c4','',10,'W-SA003-10','{\"en\":\"\"}','[\"9a7477df-7818-406b-ac1f-b0a798b7f71b\"]',1,NULL,'2023-10-25 16:11:19','2023-10-25 16:11:19'),('9a747876-6cdd-423a-9047-8be1f810b7c5','lace-up-combat-boots-8',26.50,'9a74782e-df26-4d31-99a2-400a7955af50','',0,'W-BO002-8','{\"en\":\"\"}','[\"9a7477e0-9db0-4ef3-a19b-ccfcb05161ad\"]',1,NULL,'2023-10-25 16:11:19','2023-10-25 16:11:19'),('9a747876-7748-46a4-85c3-49eb06b61052','lace-up-combat-boots-8.5',26.50,'9a74782e-df26-4d31-99a2-400a7955af50','',0,'W-BO002-8.5','{\"en\":\"\"}','[\"9a7477e0-5850-4fd6-9a7b-0536475dfa8b\"]',1,NULL,'2023-10-25 16:11:19','2023-10-25 16:11:19'),('9a747876-7f25-4515-9426-6ac3899d9a56','lace-up-combat-boots-9',26.50,'9a74782e-df26-4d31-99a2-400a7955af50','',16,'W-BO002-9','{\"en\":\"\"}','[\"9a7477e0-0336-469c-a7da-3000b4c02783\"]',1,NULL,'2023-10-25 16:11:19','2023-10-25 16:11:19'),('9a747876-86d6-4c45-9076-6565969ac2e8','lace-up-combat-boots-9.5',26.50,'9a74782e-df26-4d31-99a2-400a7955af50','',37,'W-BO002-9.5','{\"en\":\"\"}','[\"9a7477df-cd58-44b0-b7f0-bccedc48e04c\"]',1,NULL,'2023-10-25 16:11:19','2023-10-25 16:11:19'),('9a747876-8eea-40a2-b01c-dd780aec3a78','lace-up-combat-boots-10',26.50,'9a74782e-df26-4d31-99a2-400a7955af50','',34,'W-BO002-10','{\"en\":\"\"}','[\"9a7477df-7818-406b-ac1f-b0a798b7f71b\"]',1,NULL,'2023-10-25 16:11:19','2023-10-25 16:11:19'),('9a747876-9747-4dc6-ab7e-9e675181d999','fashion-knee-high-boots-8',29.99,'9a747830-7ee3-4148-866d-a8c603645d29','',32,'W-BO003-8','{\"en\":\"\"}','[\"9a7477e0-9db0-4ef3-a19b-ccfcb05161ad\"]',1,NULL,'2023-10-25 16:11:19','2023-10-25 16:11:19'),('9a747876-a27a-424b-b1e3-06e1002e5a98','fashion-knee-high-boots-8.5',29.99,'9a747830-7ee3-4148-866d-a8c603645d29','',14,'W-BO003-8.5','{\"en\":\"\"}','[\"9a7477e0-5850-4fd6-9a7b-0536475dfa8b\"]',1,NULL,'2023-10-25 16:11:19','2023-10-25 16:11:19'),('9a747876-aa11-49e4-a750-5e1697a579fa','fashion-knee-high-boots-9',29.99,'9a747830-7ee3-4148-866d-a8c603645d29','',34,'W-BO003-9','{\"en\":\"\"}','[\"9a7477e0-0336-469c-a7da-3000b4c02783\"]',1,NULL,'2023-10-25 16:11:19','2023-10-25 16:11:19'),('9a747876-b14f-4b44-be71-2fa785ccae12','fashion-knee-high-boots-9.5',29.99,'9a747830-7ee3-4148-866d-a8c603645d29','',10,'W-BO003-9.5','{\"en\":\"\"}','[\"9a7477df-cd58-44b0-b7f0-bccedc48e04c\"]',1,NULL,'2023-10-25 16:11:19','2023-10-25 16:11:19'),('9a747876-b956-419f-bae0-e53653122b92','fashion-knee-high-boots-10',29.99,'9a747830-7ee3-4148-866d-a8c603645d29','',12,'W-BO003-10','{\"en\":\"\"}','[\"9a7477df-7818-406b-ac1f-b0a798b7f71b\"]',1,NULL,'2023-10-25 16:11:19','2023-10-25 16:11:19'),('9a747876-c143-43a0-948d-c264376ce105','platform-slip-on-shoes-8',28.99,'9a747832-ac4b-4ee6-8869-2e25f79bc272','',31,'W-PS001-8','{\"en\":\"\"}','[\"9a7477e0-9db0-4ef3-a19b-ccfcb05161ad\"]',1,NULL,'2023-10-25 16:11:19','2023-10-25 16:11:19'),('9a747876-c93c-431e-846e-73414b0d71eb','platform-slip-on-shoes-8.5',28.99,'9a747832-ac4b-4ee6-8869-2e25f79bc272','',30,'W-PS001-8.5','{\"en\":\"\"}','[\"9a7477e0-5850-4fd6-9a7b-0536475dfa8b\"]',1,NULL,'2023-10-25 16:11:19','2023-10-25 16:11:19'),('9a747876-d138-4c97-b11b-5fcba1920a9e','platform-slip-on-shoes-9',28.99,'9a747832-ac4b-4ee6-8869-2e25f79bc272','',4,'W-PS001-9','{\"en\":\"\"}','[\"9a7477e0-0336-469c-a7da-3000b4c02783\"]',1,NULL,'2023-10-25 16:11:19','2023-10-25 16:11:19'),('9a747876-d950-4dfd-85d7-4686692d26f9','platform-slip-on-shoes-9.5',28.99,'9a747832-ac4b-4ee6-8869-2e25f79bc272','',18,'W-PS001-9.5','{\"en\":\"\"}','[\"9a7477df-cd58-44b0-b7f0-bccedc48e04c\"]',1,NULL,'2023-10-25 16:11:19','2023-10-25 16:11:19'),('9a747876-e0f2-44e9-ba8b-c876a648f69f','platform-slip-on-shoes-10',28.99,'9a747832-ac4b-4ee6-8869-2e25f79bc272','',45,'W-PS001-10','{\"en\":\"\"}','[\"9a7477df-7818-406b-ac1f-b0a798b7f71b\"]',1,NULL,'2023-10-25 16:11:19','2023-10-25 16:11:19'),('9a747876-e8d6-4528-8956-47b1cb3a2692','chunky-heel-platform-sandals-8',29.50,'9a747834-63a6-46a1-b33d-abeb1dc773d9','',3,'W-PS002-8','{\"en\":\"\"}','[\"9a7477e0-9db0-4ef3-a19b-ccfcb05161ad\"]',1,NULL,'2023-10-25 16:11:19','2023-10-25 16:11:19'),('9a747876-f2ea-4fb1-b88b-a0e653b357bf','chunky-heel-platform-sandals-8.5',29.50,'9a747834-63a6-46a1-b33d-abeb1dc773d9','',20,'W-PS002-8.5','{\"en\":\"\"}','[\"9a7477e0-5850-4fd6-9a7b-0536475dfa8b\"]',1,NULL,'2023-10-25 16:11:19','2023-10-25 16:11:19'),('9a747876-fb5e-4a81-b57f-ecaa62032a01','chunky-heel-platform-sandals-9',29.50,'9a747834-63a6-46a1-b33d-abeb1dc773d9','',10,'W-PS002-9','{\"en\":\"\"}','[\"9a7477e0-0336-469c-a7da-3000b4c02783\"]',1,NULL,'2023-10-25 16:11:19','2023-10-25 16:11:19'),('9a747877-0392-41b8-97a8-bc353db3bb2c','chunky-heel-platform-sandals-9.5',29.50,'9a747834-63a6-46a1-b33d-abeb1dc773d9','',14,'W-PS002-9.5','{\"en\":\"\"}','[\"9a7477df-cd58-44b0-b7f0-bccedc48e04c\"]',1,NULL,'2023-10-25 16:11:19','2023-10-25 16:11:19'),('9a747877-0b6e-4297-af86-8ef034188d6a','chunky-heel-platform-sandals-10',29.50,'9a747834-63a6-46a1-b33d-abeb1dc773d9','',6,'W-PS002-10','{\"en\":\"\"}','[\"9a7477df-7818-406b-ac1f-b0a798b7f71b\"]',1,NULL,'2023-10-25 16:11:19','2023-10-25 16:11:19'),('9a747877-13b1-41f2-9676-6e2df2bdad03','lace-up-platform-boots-8',31.99,'9a747836-2acb-4e2a-b26e-f6ffb98f3eca','',5,'W-PS003-8','{\"en\":\"\"}','[\"9a7477e0-9db0-4ef3-a19b-ccfcb05161ad\"]',1,NULL,'2023-10-25 16:11:19','2023-10-25 16:11:19'),('9a747877-1c5e-4642-86a8-445a8e6b0ce9','lace-up-platform-boots-8.5',31.99,'9a747836-2acb-4e2a-b26e-f6ffb98f3eca','',11,'W-PS003-8.5','{\"en\":\"\"}','[\"9a7477e0-5850-4fd6-9a7b-0536475dfa8b\"]',1,NULL,'2023-10-25 16:11:19','2023-10-25 16:11:19'),('9a747877-2517-4324-b734-19c3b2eb6255','lace-up-platform-boots-9',31.99,'9a747836-2acb-4e2a-b26e-f6ffb98f3eca','',0,'W-PS003-9','{\"en\":\"\"}','[\"9a7477e0-0336-469c-a7da-3000b4c02783\"]',1,NULL,'2023-10-25 16:11:19','2023-10-25 16:11:19'),('9a747877-2b76-4665-a475-91dac90edab9','lace-up-platform-boots-9.5',31.99,'9a747836-2acb-4e2a-b26e-f6ffb98f3eca','',41,'W-PS003-9.5','{\"en\":\"\"}','[\"9a7477df-cd58-44b0-b7f0-bccedc48e04c\"]',1,NULL,'2023-10-25 16:11:19','2023-10-25 16:11:19'),('9a747877-3413-49a0-9e05-1df25c567c47','lace-up-platform-boots-10',31.99,'9a747836-2acb-4e2a-b26e-f6ffb98f3eca','',48,'W-PS003-10','{\"en\":\"\"}','[\"9a7477df-7818-406b-ac1f-b0a798b7f71b\"]',1,NULL,'2023-10-25 16:11:19','2023-10-25 16:11:19'),('9a747877-3e7e-4897-b7ba-02699eef41e6','suede-tassel-loafers-8',26.50,'9a747839-c9d3-4710-897a-f25b5381c2c2','',0,'M-LO002-8','{\"en\":\"\"}','[\"9a7477e0-9db0-4ef3-a19b-ccfcb05161ad\"]',1,NULL,'2023-10-25 16:11:19','2023-10-25 16:11:19'),('9a747877-4963-4502-89db-476396d38187','suede-tassel-loafers-8.5',26.50,'9a747839-c9d3-4710-897a-f25b5381c2c2','',0,'M-LO002-8.5','{\"en\":\"\"}','[\"9a7477e0-5850-4fd6-9a7b-0536475dfa8b\"]',1,NULL,'2023-10-25 16:11:19','2023-10-25 16:11:19'),('9a747877-5297-4170-b5ec-078109233232','suede-tassel-loafers-9',26.50,'9a747839-c9d3-4710-897a-f25b5381c2c2','',4,'M-LO002-9','{\"en\":\"\"}','[\"9a7477e0-0336-469c-a7da-3000b4c02783\"]',1,NULL,'2023-10-25 16:11:19','2023-10-25 16:11:19'),('9a747877-5cc1-4dd0-b440-e7cc6f4f9466','suede-tassel-loafers-9.5',26.50,'9a747839-c9d3-4710-897a-f25b5381c2c2','',11,'M-LO002-9.5','{\"en\":\"\"}','[\"9a7477df-cd58-44b0-b7f0-bccedc48e04c\"]',1,NULL,'2023-10-25 16:11:19','2023-10-25 16:11:19'),('9a747877-643e-4cdd-af86-dc9f96c5be17','suede-tassel-loafers-10',26.50,'9a747839-c9d3-4710-897a-f25b5381c2c2','',27,'M-LO002-10','{\"en\":\"\"}','[\"9a7477df-7818-406b-ac1f-b0a798b7f71b\"]',1,NULL,'2023-10-25 16:11:19','2023-10-25 16:11:19'),('9a747877-6c76-44ff-aa0b-f96534ebaa43','fashion-slip-on-loafers-8',29.99,'9a74783b-cf57-4103-8c03-8cf70613a692','',32,'M-LO003-8','{\"en\":\"\"}','[\"9a7477e0-9db0-4ef3-a19b-ccfcb05161ad\"]',1,NULL,'2023-10-25 16:11:19','2023-10-25 16:11:19'),('9a747877-74a0-4fbd-8ec0-6cb4139c49d9','fashion-slip-on-loafers-8.5',29.99,'9a74783b-cf57-4103-8c03-8cf70613a692','',16,'M-LO003-8.5','{\"en\":\"\"}','[\"9a7477e0-5850-4fd6-9a7b-0536475dfa8b\"]',1,NULL,'2023-10-25 16:11:19','2023-10-25 16:11:19'),('9a747877-7c6f-4085-bcf7-67d3ae201054','fashion-slip-on-loafers-9',29.99,'9a74783b-cf57-4103-8c03-8cf70613a692','',2,'M-LO003-9','{\"en\":\"\"}','[\"9a7477e0-0336-469c-a7da-3000b4c02783\"]',1,NULL,'2023-10-25 16:11:19','2023-10-25 16:11:19'),('9a747877-84dc-4bd1-8d61-70a369b84dc9','fashion-slip-on-loafers-9.5',29.99,'9a74783b-cf57-4103-8c03-8cf70613a692','',1,'M-LO003-9.5','{\"en\":\"\"}','[\"9a7477df-cd58-44b0-b7f0-bccedc48e04c\"]',1,NULL,'2023-10-25 16:11:19','2023-10-25 16:11:19'),('9a747877-8d6d-47f8-94e1-b8261418eb05','fashion-slip-on-loafers-10',29.99,'9a74783b-cf57-4103-8c03-8cf70613a692','',34,'M-LO003-10','{\"en\":\"\"}','[\"9a7477df-7818-406b-ac1f-b0a798b7f71b\"]',1,NULL,'2023-10-25 16:11:19','2023-10-25 16:11:19'),('9a747877-958d-478f-bbb6-24225f167289','casual-slide-sandals-1-8',19.99,'9a74783d-65ac-4ef3-ae5f-8d321cd07f5c','',19,'M-SA001-8','{\"en\":\"\"}','[\"9a7477e0-9db0-4ef3-a19b-ccfcb05161ad\"]',1,NULL,'2023-10-25 16:11:19','2023-10-25 16:11:19'),('9a747877-9d67-48ea-b5ab-70444e7362ff','casual-slide-sandals-1-8.5',19.99,'9a74783d-65ac-4ef3-ae5f-8d321cd07f5c','',17,'M-SA001-8.5','{\"en\":\"\"}','[\"9a7477e0-5850-4fd6-9a7b-0536475dfa8b\"]',1,NULL,'2023-10-25 16:11:19','2023-10-25 16:11:19'),('9a747877-a561-445d-8164-db389dd7d4c7','casual-slide-sandals-1-9',19.99,'9a74783d-65ac-4ef3-ae5f-8d321cd07f5c','',42,'M-SA001-9','{\"en\":\"\"}','[\"9a7477e0-0336-469c-a7da-3000b4c02783\"]',1,NULL,'2023-10-25 16:11:19','2023-10-25 16:11:19'),('9a747877-adf6-483d-a204-1725b7e986e7','casual-slide-sandals-1-9.5',19.99,'9a74783d-65ac-4ef3-ae5f-8d321cd07f5c','',14,'M-SA001-9.5','{\"en\":\"\"}','[\"9a7477df-cd58-44b0-b7f0-bccedc48e04c\"]',1,NULL,'2023-10-25 16:11:19','2023-10-25 16:11:19'),('9a747877-b60e-4f3c-9ff0-c207e2fcc469','casual-slide-sandals-1-10',19.99,'9a74783d-65ac-4ef3-ae5f-8d321cd07f5c','',39,'M-SA001-10','{\"en\":\"\"}','[\"9a7477df-7818-406b-ac1f-b0a798b7f71b\"]',1,NULL,'2023-10-25 16:11:19','2023-10-25 16:11:19'),('9a747877-bde4-49fa-8bbd-cc7874bc59dd','sporty-outdoor-sandals-8',23.50,'9a74783f-2c3b-4e2e-87ac-b95e6e01782f','',39,'M-SA002-8','{\"en\":\"\"}','[\"9a7477e0-9db0-4ef3-a19b-ccfcb05161ad\"]',1,NULL,'2023-10-25 16:11:19','2023-10-25 16:11:19'),('9a747877-c5f0-4062-a753-e6b93cf09d3f','sporty-outdoor-sandals-8.5',23.50,'9a74783f-2c3b-4e2e-87ac-b95e6e01782f','',28,'M-SA002-8.5','{\"en\":\"\"}','[\"9a7477e0-5850-4fd6-9a7b-0536475dfa8b\"]',1,NULL,'2023-10-25 16:11:19','2023-10-25 16:11:19'),('9a747877-cdea-4dad-ab27-fa253b94ebe9','sporty-outdoor-sandals-9',23.50,'9a74783f-2c3b-4e2e-87ac-b95e6e01782f','',41,'M-SA002-9','{\"en\":\"\"}','[\"9a7477e0-0336-469c-a7da-3000b4c02783\"]',1,NULL,'2023-10-25 16:11:20','2023-10-25 16:11:20'),('9a747877-d577-45f4-a019-ae4209ca1de3','sporty-outdoor-sandals-9.5',23.50,'9a74783f-2c3b-4e2e-87ac-b95e6e01782f','',2,'M-SA002-9.5','{\"en\":\"\"}','[\"9a7477df-cd58-44b0-b7f0-bccedc48e04c\"]',1,NULL,'2023-10-25 16:11:20','2023-10-25 16:11:20'),('9a747877-de01-4ad5-8356-1700e2e91caf','sporty-outdoor-sandals-10',23.50,'9a74783f-2c3b-4e2e-87ac-b95e6e01782f','',0,'M-SA002-10','{\"en\":\"\"}','[\"9a7477df-7818-406b-ac1f-b0a798b7f71b\"]',1,NULL,'2023-10-25 16:11:20','2023-10-25 16:11:20'),('9a747877-e415-4a38-a387-cf72705459e5','fashion-flip-flops-8',21.99,'9a747840-e6ad-4739-a651-d8cdd03d72fa','',5,'M-SA003-8','{\"en\":\"\"}','[\"9a7477e0-9db0-4ef3-a19b-ccfcb05161ad\"]',1,NULL,'2023-10-25 16:11:20','2023-10-25 16:11:20'),('9a747877-ebbf-4462-b778-0d93802509b0','fashion-flip-flops-8.5',21.99,'9a747840-e6ad-4739-a651-d8cdd03d72fa','',26,'M-SA003-8.5','{\"en\":\"\"}','[\"9a7477e0-5850-4fd6-9a7b-0536475dfa8b\"]',1,NULL,'2023-10-25 16:11:20','2023-10-25 16:11:20'),('9a747877-f3bf-4cc3-9ee9-917062ffdc1c','fashion-flip-flops-9',21.99,'9a747840-e6ad-4739-a651-d8cdd03d72fa','',4,'M-SA003-9','{\"en\":\"\"}','[\"9a7477e0-0336-469c-a7da-3000b4c02783\"]',1,NULL,'2023-10-25 16:11:20','2023-10-25 16:11:20'),('9a747877-fbbb-42ae-853b-2027383f0a11','fashion-flip-flops-9.5',21.99,'9a747840-e6ad-4739-a651-d8cdd03d72fa','',3,'M-SA003-9.5','{\"en\":\"\"}','[\"9a7477df-cd58-44b0-b7f0-bccedc48e04c\"]',1,NULL,'2023-10-25 16:11:20','2023-10-25 16:11:20'),('9a747878-039d-4905-b1fa-1a8f0b67e6b6','fashion-flip-flops-10',21.99,'9a747840-e6ad-4739-a651-d8cdd03d72fa','',7,'M-SA003-10','{\"en\":\"\"}','[\"9a7477df-7818-406b-ac1f-b0a798b7f71b\"]',1,NULL,'2023-10-25 16:11:20','2023-10-25 16:11:20'),('9a747878-0b45-490f-8dff-35c5a247d589','classic-leather-boots-8',27.99,'9a747842-6a35-4a29-9cc8-3e6ab4c8d128','',4,'M-BO001-8','{\"en\":\"\"}','[\"9a7477e0-9db0-4ef3-a19b-ccfcb05161ad\"]',1,NULL,'2023-10-25 16:11:20','2023-10-25 16:11:20'),('9a747878-151c-4d25-babb-ee5843441dac','classic-leather-boots-8.5',27.99,'9a747842-6a35-4a29-9cc8-3e6ab4c8d128','',51,'M-BO001-8.5','{\"en\":\"\"}','[\"9a7477e0-5850-4fd6-9a7b-0536475dfa8b\"]',1,NULL,'2023-10-25 16:11:20','2023-10-25 16:11:20'),('9a747878-1cbc-4699-a170-d2e03393d1be','classic-leather-boots-9',27.99,'9a747842-6a35-4a29-9cc8-3e6ab4c8d128','',45,'M-BO001-9','{\"en\":\"\"}','[\"9a7477e0-0336-469c-a7da-3000b4c02783\"]',1,NULL,'2023-10-25 16:11:20','2023-10-25 16:11:20'),('9a747878-24c4-4fb9-96d5-7286a908d362','classic-leather-boots-9.5',27.99,'9a747842-6a35-4a29-9cc8-3e6ab4c8d128','',48,'M-BO001-9.5','{\"en\":\"\"}','[\"9a7477df-cd58-44b0-b7f0-bccedc48e04c\"]',1,NULL,'2023-10-25 16:11:20','2023-10-25 16:11:20'),('9a747878-2cb0-4807-8457-15643d1516c9','classic-leather-boots-10',27.99,'9a747842-6a35-4a29-9cc8-3e6ab4c8d128','',3,'M-BO001-10','{\"en\":\"\"}','[\"9a7477df-7818-406b-ac1f-b0a798b7f71b\"]',1,NULL,'2023-10-25 16:11:20','2023-10-25 16:11:20'),('9a747878-3578-4061-bb5a-120b028fef6b','stylish-chelsea-boots-8',26.50,'9a747843-f82f-4313-9d10-2176f954d28d','',1,'M-BO002-8','{\"en\":\"\"}','[\"9a7477e0-9db0-4ef3-a19b-ccfcb05161ad\"]',1,NULL,'2023-10-25 16:11:20','2023-10-25 16:11:20'),('9a747878-3f27-4637-ad3e-9a1ee5b75ab9','stylish-chelsea-boots-8.5',26.50,'9a747843-f82f-4313-9d10-2176f954d28d','',41,'M-BO002-8.5','{\"en\":\"\"}','[\"9a7477e0-5850-4fd6-9a7b-0536475dfa8b\"]',1,NULL,'2023-10-25 16:11:20','2023-10-25 16:11:20'),('9a747878-4713-4e63-a338-ee47b4cc109c','stylish-chelsea-boots-9',26.50,'9a747843-f82f-4313-9d10-2176f954d28d','',30,'M-BO002-9','{\"en\":\"\"}','[\"9a7477e0-0336-469c-a7da-3000b4c02783\"]',1,NULL,'2023-10-25 16:11:20','2023-10-25 16:11:20'),('9a747878-4f79-45cc-9773-769c1b5b45d4','stylish-chelsea-boots-9.5',26.50,'9a747843-f82f-4313-9d10-2176f954d28d','',32,'M-BO002-9.5','{\"en\":\"\"}','[\"9a7477df-cd58-44b0-b7f0-bccedc48e04c\"]',1,NULL,'2023-10-25 16:11:20','2023-10-25 16:11:20'),('9a747878-57a5-4229-b6c9-a98c69317076','stylish-chelsea-boots-10',26.50,'9a747843-f82f-4313-9d10-2176f954d28d','',0,'M-BO002-10','{\"en\":\"\"}','[\"9a7477df-7818-406b-ac1f-b0a798b7f71b\"]',1,NULL,'2023-10-25 16:11:20','2023-10-25 16:11:20'),('9a747878-5d69-4350-9483-6c71cf640004','sporty-mens-sneakers-8',25.99,'9a747847-75ed-4965-99bf-7a5ce965c8c7','',20,'M-SN001-8','{\"en\":\"\"}','[\"9a7477e0-9db0-4ef3-a19b-ccfcb05161ad\"]',1,NULL,'2023-10-25 16:11:20','2023-10-25 16:11:20'),('9a747878-6553-4502-8c4e-37ffa58a5df0','sporty-mens-sneakers-8.5',25.99,'9a747847-75ed-4965-99bf-7a5ce965c8c7','',31,'M-SN001-8.5','{\"en\":\"\"}','[\"9a7477e0-5850-4fd6-9a7b-0536475dfa8b\"]',1,NULL,'2023-10-25 16:11:20','2023-10-25 16:11:20'),('9a747878-6d79-4818-b92a-335e1438dedc','sporty-mens-sneakers-9',25.99,'9a747847-75ed-4965-99bf-7a5ce965c8c7','',44,'M-SN001-9','{\"en\":\"\"}','[\"9a7477e0-0336-469c-a7da-3000b4c02783\"]',1,NULL,'2023-10-25 16:11:20','2023-10-25 16:11:20'),('9a747878-7552-4fba-8e9f-681e5dfea75c','sporty-mens-sneakers-9.5',25.99,'9a747847-75ed-4965-99bf-7a5ce965c8c7','',3,'M-SN001-9.5','{\"en\":\"\"}','[\"9a7477df-cd58-44b0-b7f0-bccedc48e04c\"]',1,NULL,'2023-10-25 16:11:20','2023-10-25 16:11:20'),('9a747878-7e3b-452a-b8e5-fe8a462b322f','sporty-mens-sneakers-10',25.99,'9a747847-75ed-4965-99bf-7a5ce965c8c7','',9,'M-SN001-10','{\"en\":\"\"}','[\"9a7477df-7818-406b-ac1f-b0a798b7f71b\"]',1,NULL,'2023-10-25 16:11:20','2023-10-25 16:11:20'),('9a747878-8637-47bc-bdf9-c8c431eddc90','classic-canvas-sneakers-8',22.50,'9a747849-2324-4c87-8812-df0d42b72937','',13,'M-SN002-8','{\"en\":\"\"}','[\"9a7477e0-9db0-4ef3-a19b-ccfcb05161ad\"]',1,NULL,'2023-10-25 16:11:20','2023-10-25 16:11:20'),('9a747878-8e45-4d5f-b40d-2c6b9833b137','classic-canvas-sneakers-8.5',22.50,'9a747849-2324-4c87-8812-df0d42b72937','',17,'M-SN002-8.5','{\"en\":\"\"}','[\"9a7477e0-5850-4fd6-9a7b-0536475dfa8b\"]',1,NULL,'2023-10-25 16:11:20','2023-10-25 16:11:20'),('9a747878-9628-4ac9-98ad-8f1d471f32e9','classic-canvas-sneakers-9',22.50,'9a747849-2324-4c87-8812-df0d42b72937','',28,'M-SN002-9','{\"en\":\"\"}','[\"9a7477e0-0336-469c-a7da-3000b4c02783\"]',1,NULL,'2023-10-25 16:11:20','2023-10-25 16:11:20'),('9a747878-9e56-49ca-9e24-ec410e0b52c1','classic-canvas-sneakers-9.5',22.50,'9a747849-2324-4c87-8812-df0d42b72937','',19,'M-SN002-9.5','{\"en\":\"\"}','[\"9a7477df-cd58-44b0-b7f0-bccedc48e04c\"]',1,NULL,'2023-10-25 16:11:20','2023-10-25 16:11:20'),('9a747878-a68d-445d-bc60-f5ccd59e03c7','classic-canvas-sneakers-10',22.50,'9a747849-2324-4c87-8812-df0d42b72937','',4,'M-SN002-10','{\"en\":\"\"}','[\"9a7477df-7818-406b-ac1f-b0a798b7f71b\"]',1,NULL,'2023-10-25 16:11:20','2023-10-25 16:11:20');
/*!40000 ALTER TABLE `product_variants` ENABLE KEYS */;
UNLOCK TABLES;

--
-- Table structure for table `products`
--

DROP TABLE IF EXISTS `products`;
/*!40101 SET @saved_cs_client     = @@character_set_client */;
/*!50503 SET character_set_client = utf8mb4 */;
CREATE TABLE `products` (
  `id` char(36) COLLATE utf8mb4_unicode_ci NOT NULL,
  `name` text COLLATE utf8mb4_unicode_ci NOT NULL,
  `slug` varchar(255) COLLATE utf8mb4_unicode_ci NOT NULL,
  `short_description` text COLLATE utf8mb4_unicode_ci NOT NULL,
  `description` longtext COLLATE utf8mb4_unicode_ci NOT NULL,
  `price` decimal(8,2) unsigned NOT NULL,
  `headline` text COLLATE utf8mb4_unicode_ci,
  `subtitle` text COLLATE utf8mb4_unicode_ci,
  `status` tinyint NOT NULL DEFAULT '1',
  `purchase_count` bigint unsigned NOT NULL DEFAULT '0',
  `stock` bigint unsigned NOT NULL DEFAULT '0',
  `backup_stock` bigint unsigned DEFAULT '0',
  `sku` varchar(50) COLLATE utf8mb4_unicode_ci DEFAULT NULL,
  `virtual` tinyint(1) DEFAULT '0',
  `weight` int DEFAULT '0',
  `cover_photo` json DEFAULT NULL,
  `rating` double(8,2) DEFAULT NULL,
  `deleted_at` timestamp NULL DEFAULT NULL,
  `created_at` timestamp NULL DEFAULT NULL,
  `updated_at` timestamp NULL DEFAULT NULL,
  PRIMARY KEY (`id`),
  UNIQUE KEY `products_sku_unique` (`sku`)
) ENGINE=InnoDB DEFAULT CHARSET=utf8mb4 COLLATE=utf8mb4_unicode_ci;
/*!40101 SET character_set_client = @saved_cs_client */;

--
-- Dumping data for table `products`
--

LOCK TABLES `products` WRITE;
/*!40000 ALTER TABLE `products` DISABLE KEYS */;
INSERT INTO `products` VALUES ('9a7477ec-d35c-4c2c-b4ca-7561477e0a93','{\"de\":\"Klassisches Baumwoll-T-Shirt\",\"fr\":\"T-shirt classique en coton\",\"en\":\"Classic Cotton T-Shirt\"}','classic-cotton-t-shirt','{\"de\":\"Zeitloser Stil in diesem klassischen Baumwoll-T-Shirt.\",\"fr\":\"Style intemporel dans ce t-shirt classique en coton.\",\"en\":\"Timeless style in this classic cotton t-shirt.\"}','{\"de\":\"Werten Sie Ihren l\\u00e4ssigen Look mit diesem klassischen Baumwoll-T-Shirt auf. Das zeitlose Design und die hochwertige Baumwolle machen es perfekt f\\u00fcr jeden Anlass. Ob f\\u00fcr einen Tagesausflug mit Freunden oder einen entspannten Abend, dieses T-Shirt bietet sowohl Stil als auch Komfort. Erh\\u00e4ltlich in verschiedenen Farben, passend zu Ihrem Look.\",\"fr\":\"Am\\u00e9liorez votre look d\\u00e9contract\\u00e9 avec ce t-shirt classique en coton. Son design intemporel et son coton de haute qualit\\u00e9 le rendent parfait pour toutes les occasions. Que ce soit pour une journ\\u00e9e entre amis ou une soir\\u00e9e d\\u00e9contract\\u00e9e, ce t-shirt offre \\u00e0 la fois style et confort. Disponible en diff\\u00e9rentes couleurs pour correspondre \\u00e0 votre look.\",\"en\":\"Elevate your casual look with this Classic Cotton T-Shirt. The timeless design and high-quality cotton make it perfect for any occasion. Whether for a day out with friends or a relaxed evening, this t-shirt offers both style and comfort. Available in various colors to match your look.\"}',16.99,'{\"de\":\"Zeitlose Eleganz\",\"fr\":\"\\u00c9l\\u00e9gance intemporelle\",\"en\":\"Timeless Elegance\"}','{\"de\":\"Perfekt f\\u00fcr ungezwungene Anl\\u00e4sse und entspannte Abende.\",\"fr\":\"Parfait pour les occasions d\\u00e9contract\\u00e9es et les soir\\u00e9es d\\u00e9tendues.\",\"en\":\"Perfect for casual occasions and relaxed evenings.\"}',1,0,229,150,'M-T001',0,220,'{\"url\": \"https://shoptopus.test/sample-store-data/sample-store-1/product-images/mens-t-shirts-1.jpg\", \"file_name\": \"mens-t-shirts-1.jpg\"}',NULL,NULL,'2023-10-25 16:09:47','2023-10-25 16:11:16'),('9a7477ee-d2f5-4baf-a7cb-4740c6f1efb0','{\"de\":\"Sportliches Performance-T-Shirt\",\"fr\":\"T-shirt de performance sportive\",\"en\":\"Sporty Performance T-Shirt\"}','sporty-performance-t-shirt','{\"de\":\"Verbessern Sie Ihr Training mit diesem bequemen Performance-T-Shirt.\",\"fr\":\"Am\\u00e9liorez votre entra\\u00eenement avec ce t-shirt performant et confortable.\",\"en\":\"Elevate your workout with this comfortable performance t-shirt.\"}','{\"de\":\"Werten Sie Ihren sportlichen Stil mit diesem sportlichen Performance-T-Shirt auf. Das feuchtigkeitsableitende Material und die bequeme Passform bieten Unterst\\u00fctzung beim Training oder bei sportlichen Aktivit\\u00e4ten. Ob zum Laufen oder Basketballspiel, dieses T-Shirt ist eine vielseitige Erg\\u00e4nzung Ihrer Sammlung.\",\"fr\":\"Am\\u00e9liorez votre style athl\\u00e9tique avec ce t-shirt Sporty Performance. Le tissu \\u00e9vacuant l&#39;humidit\\u00e9 et la coupe confortable offrent un soutien pendant les entra\\u00eenements ou les activit\\u00e9s sportives. Que ce soit pour une course ou une partie de basket-ball, ce t-shirt est un ajout polyvalent \\u00e0 votre collection.\",\"en\":\"Upgrade your athletic style with this Sporty Performance T-Shirt. The moisture-wicking fabric and comfortable fit provide support during workouts or sports activities. Whether for a run or a game of basketball, this t-shirt is a versatile addition to your collection.\"}',18.50,'{\"de\":\"Steigern Sie Ihr Training\",\"fr\":\"\\u00c9levez vos entra\\u00eenements\",\"en\":\"Elevate Your Workouts\"}','{\"de\":\"Feuchtigkeitsableitendes Material f\\u00fcr Komfort beim Training.\",\"fr\":\"Tissu \\u00e9vacuant l&#39;humidit\\u00e9 pour plus de confort pendant l&#39;exercice.\",\"en\":\"Moisture-wicking fabric for comfort during exercise.\"}',2,0,162,180,'M-T002',0,230,'{\"url\": \"https://shoptopus.test/sample-store-data/sample-store-1/product-images/mens-t-shirts-2.jpg\", \"file_name\": \"mens-t-shirts-2.jpg\"}',NULL,NULL,'2023-10-25 16:09:49','2023-10-25 16:11:16'),('9a7477f0-8164-446d-9856-1197abb7f283','{\"de\":\"L\\u00e4ssiges T-Shirt mit Rundhalsausschnitt\",\"fr\":\"T-shirt d\\u00e9contract\\u00e9 \\u00e0 col rond\",\"en\":\"Casual Crew Neck T-Shirt\"}','casual-crew-neck-t-shirt','{\"de\":\"Bleiben Sie l\\u00e4ssig und bequem in diesem vielseitigen T-Shirt mit Rundhalsausschnitt.\",\"fr\":\"Restez d\\u00e9contract\\u00e9 et confortable avec ce t-shirt polyvalent \\u00e0 col rond.\",\"en\":\"Stay casual and comfy in this versatile crew neck t-shirt.\"}','{\"de\":\"Finden Sie Komfort in diesem l\\u00e4ssigen T-Shirt mit Rundhalsausschnitt. Das klassische Rundhalsdesign und der vielseitige Stil machen es perfekt f\\u00fcr entspannte Tage. Dieses T-Shirt ist aus weichen, atmungsaktiven Materialien gefertigt und sorgt f\\u00fcr ein angenehmes Tragegef\\u00fchl. Ob f\\u00fcr ein Wochenende zu Hause oder einen entspannten Tagesausflug, es ist ein Muss in Ihrer Garderobe.\",\"fr\":\"Trouvez le confort dans ce t-shirt d\\u00e9contract\\u00e9 \\u00e0 col rond. Le design classique \\u00e0 col rond et le style polyvalent le rendent parfait pour les journ\\u00e9es d\\u00e9contract\\u00e9es. Fabriqu\\u00e9 \\u00e0 partir de mat\\u00e9riaux doux et respirants, ce t-shirt vous assure un confort optimal. Que ce soit pour un week-end \\u00e0 la maison ou une journ\\u00e9e d\\u00e9contract\\u00e9e, c&#39;est un incontournable de votre garde-robe.\",\"en\":\"Find comfort in this Casual Crew Neck T-Shirt. The classic crew neck design and versatile style make it perfect for laid-back days. Crafted from soft, breathable materials, this t-shirt keeps you comfortable. Whether for a weekend at home or a casual day out, it\'s a must-have in your wardrobe.\"}',14.99,'{\"de\":\"L\\u00e4ssiger Komfort\",\"fr\":\"Confort d\\u00e9contract\\u00e9\",\"en\":\"Casual Comfort\"}','{\"de\":\"Vielseitiger Rundhalsausschnitt f\\u00fcr entspannte Tage.\",\"fr\":\"Col rond polyvalent pour des journ\\u00e9es faciles et d\\u00e9contract\\u00e9es.\",\"en\":\"Versatile crew neck for easy and laid-back days.\"}',1,0,588,120,'M-T003',0,240,'{\"url\": \"https://shoptopus.test/sample-store-data/sample-store-1/product-images/mens-t-shirts-3.jpg\", \"file_name\": \"mens-t-shirts-3.jpg\"}',NULL,NULL,'2023-10-25 16:09:50','2023-10-25 16:11:16'),('9a7477f2-28ae-416f-b8ce-8b73a7ff31da','{\"de\":\"Klassisches Hemd\",\"fr\":\"Chemise habill\\u00e9e classique\",\"en\":\"Classic Dress Shirt\"}','classic-dress-shirt','{\"de\":\"Zeitloser Stil in diesem klassischen Hemd.\",\"fr\":\"Style intemporel dans cette chemise habill\\u00e9e classique.\",\"en\":\"Timeless style in this classic dress shirt.\"}','{\"de\":\"Werten Sie Ihren formellen Look mit diesem klassischen Hemd auf. Das zeitlose Design und der hochwertige Stoff machen es perfekt f\\u00fcr jeden besonderen Anlass. Ob f\\u00fcr ein Gesch\\u00e4ftstreffen oder eine formelle Veranstaltung, dieses Hemd bietet sowohl Stil als auch Raffinesse. Erh\\u00e4ltlich in verschiedenen Farben, passend zu Ihrem Ensemble.\",\"fr\":\"Rehaussez votre look formel avec cette chemise habill\\u00e9e classique. Son design intemporel et son tissu de haute qualit\\u00e9 le rendent parfait pour toute occasion sp\\u00e9ciale. Que ce soit pour une r\\u00e9union d&#39;affaires ou un \\u00e9v\\u00e9nement formel, cette chemise habill\\u00e9e offre \\u00e0 la fois style et sophistication. Disponible en diff\\u00e9rentes couleurs pour correspondre \\u00e0 votre ensemble.\",\"en\":\"Elevate your formal look with this Classic Dress Shirt. The timeless design and high-quality fabric make it perfect for any special occasion. Whether for a business meeting or a formal event, this dress shirt offers both style and sophistication. Available in various colors to match your ensemble.\"}',28.99,'{\"de\":\"Zeitlose Eleganz\",\"fr\":\"\\u00c9l\\u00e9gance intemporelle\",\"en\":\"Timeless Elegance\"}','{\"de\":\"Perfekt f\\u00fcr formelle Veranstaltungen und Gesch\\u00e4ftstreffen.\",\"fr\":\"Parfait pour les \\u00e9v\\u00e9nements formels et les r\\u00e9unions d&#39;affaires.\",\"en\":\"Perfect for formal events and business meetings.\"}',2,0,147,160,'M-S001',0,220,'{\"url\": \"https://shoptopus.test/sample-store-data/sample-store-1/product-images/mens-shirt-1.jpg\", \"file_name\": \"mens-shirt-1.jpg\"}',NULL,NULL,'2023-10-25 16:09:51','2023-10-25 16:11:16'),('9a7477f3-ed3d-43f3-970a-4fa01fb81891','{\"de\":\"Business-Freizeithemd\",\"fr\":\"Chemise d\\u00e9contract\\u00e9e d&#39;affaires\",\"en\":\"Business Casual Shirt\"}','business-casual-shirt','{\"de\":\"Werten Sie Ihre B\\u00fcrokleidung mit diesem Business-Freizeithemd auf.\",\"fr\":\"Rehaussez votre tenue de bureau avec cette chemise business casual.\",\"en\":\"Elevate your office attire with this business casual shirt.\"}','{\"de\":\"Werten Sie Ihren professionellen Stil mit diesem Business-Freizeithemd auf. Das moderne Design und die bequeme Passform machen es ideal f\\u00fcr das B\\u00fcro oder Gesch\\u00e4ftstreffen. Ob f\\u00fcr einen Arbeitstag oder eine Firmenveranstaltung, dieses Hemd verleiht Ihrer Garderobe einen Hauch von Eleganz.\",\"fr\":\"Am\\u00e9liorez votre style professionnel avec cette chemise professionnelle d\\u00e9contract\\u00e9e. Son design moderne et sa coupe confortable le rendent id\\u00e9al pour le bureau ou les r\\u00e9unions d&#39;affaires. Que ce soit pour une journ\\u00e9e de travail ou un \\u00e9v\\u00e9nement d&#39;entreprise, cette chemise ajoute une touche de sophistication \\u00e0 votre garde-robe.\",\"en\":\"Upgrade your professional style with this Business Casual Shirt. The modern design and comfortable fit make it ideal for the office or business meetings. Whether for a day at work or a corporate event, this shirt adds a touch of sophistication to your wardrobe.\"}',22.50,'{\"de\":\"Business-Eleganz\",\"fr\":\"\\u00c9l\\u00e9gance commerciale\",\"en\":\"Business Elegance\"}','{\"de\":\"Ideal f\\u00fcr B\\u00fcrokleidung und Firmenveranstaltungen.\",\"fr\":\"Id\\u00e9al pour les tenues de bureau et les \\u00e9v\\u00e9nements d&#39;entreprise.\",\"en\":\"Ideal for office attire and corporate events.\"}',1,0,369,190,'M-S002',0,210,'{\"url\": \"https://shoptopus.test/sample-store-data/sample-store-1/product-images/mens-shirt-2.jpg\", \"file_name\": \"2.jpg\"}',NULL,NULL,'2023-10-25 16:09:52','2023-10-25 16:11:15'),('9a7477f5-8cfb-44d7-b099-c3222c1d589b','{\"de\":\"L\\u00e4ssiges Karohemd\",\"fr\":\"Chemise \\u00e0 carreaux d\\u00e9contract\\u00e9e\",\"en\":\"Casual Checkered Shirt\"}','casual-checkered-shirt','{\"de\":\"Bleiben Sie l\\u00e4ssig und stilvoll mit diesem vielseitigen karierten Hemd.\",\"fr\":\"Restez d\\u00e9contract\\u00e9 et \\u00e9l\\u00e9gant avec cette chemise \\u00e0 carreaux polyvalente.\",\"en\":\"Stay casual and stylish with this versatile checkered shirt.\"}','{\"de\":\"Finden Sie Stil und Komfort in diesem l\\u00e4ssigen karierten Hemd. Das Karomuster und das vielseitige Design machen es perfekt f\\u00fcr l\\u00e4ssige und semi-formelle Anl\\u00e4sse. Dieses aus weichen, atmungsaktiven Materialien gefertigte Shirt sorgt daf\\u00fcr, dass Sie gro\\u00dfartig aussehen. Ob f\\u00fcr einen Wochenendausflug oder ein zwangloses Abendessen, es ist eine vielseitige Erg\\u00e4nzung Ihrer Garderobe.\",\"fr\":\"Trouvez style et confort dans cette chemise \\u00e0 carreaux d\\u00e9contract\\u00e9e. Le motif \\u00e0 carreaux et le design polyvalent le rendent parfait pour les occasions d\\u00e9contract\\u00e9es et semi-formelles. Fabriqu\\u00e9e \\u00e0 partir de mat\\u00e9riaux doux et respirants, cette chemise vous permet de rester belle. Que ce soit pour une sortie du week-end ou un d\\u00eener d\\u00e9contract\\u00e9, c&#39;est un ajout polyvalent \\u00e0 votre garde-robe.\",\"en\":\"Find style and comfort in this Casual Checkered Shirt. The checkered pattern and versatile design make it perfect for both casual and semi-formal occasions. Crafted from soft, breathable materials, this shirt keeps you looking great. Whether for a weekend outing or a casual dinner, it\'s a versatile addition to your wardrobe.\"}',24.99,'{\"de\":\"L\\u00e4ssige Vielseitigkeit\",\"fr\":\"Polyvalence d\\u00e9contract\\u00e9e\",\"en\":\"Casual Versatility\"}','{\"de\":\"Ideal sowohl f\\u00fcr ungezwungene als auch f\\u00fcr semi-formelle Anl\\u00e4sse.\",\"fr\":\"Id\\u00e9al pour les occasions d\\u00e9contract\\u00e9es et semi-formelles.\",\"en\":\"Ideal for both casual and semi-formal occasions.\"}',2,0,147,200,'M-S003',0,225,'{\"url\": \"https://shoptopus.test/sample-store-data/sample-store-1/product-images/mens-shirt-3.jpg\", \"file_name\": \"3.jpg\"}',NULL,NULL,'2023-10-25 16:09:53','2023-10-25 16:11:16'),('9a7477f7-1c74-45c3-93e0-b0bc568265b1','{\"de\":\"Klassisch eleganter Wollpullover\",\"fr\":\"Pull en laine classique et \\u00e9l\\u00e9gant\",\"en\":\"Classic Elegant Wool Jumper\"}','classic-elegant-wool-jumper','{\"de\":\"Zeitlose W\\u00e4rme in diesem klassischen Wollpullover.\",\"fr\":\"Chaleur intemporelle dans ce pull en laine classique.\",\"en\":\"Timeless warmth in this classic wool jumper.\"}','{\"de\":\"Mit diesem klassischen Wollpullover bleiben Sie stilvoll warm. Das zeitlose Design und die hochwertige Wolle machen es perfekt f\\u00fcr k\\u00fchle Tage. Ob f\\u00fcr einen Winterausflug oder einen gem\\u00fctlichen Abend am Kamin, dieser Pullover bietet sowohl W\\u00e4rme als auch Eleganz. Erh\\u00e4ltlich in verschiedenen Farben, ganz nach Ihrem Geschmack.\",\"fr\":\"Restez au chaud avec style avec ce pull en laine classique. Son design intemporel et sa laine de haute qualit\\u00e9 le rendent parfait pour les journ\\u00e9es froides. Que ce soit pour une sortie hivernale ou une soir\\u00e9e douillette au coin du feu, ce pull offre \\u00e0 la fois chaleur et \\u00e9l\\u00e9gance. Disponible en diff\\u00e9rentes couleurs selon vos go\\u00fbts.\",\"en\":\"Stay warm in style with this Classic Wool Jumper. The timeless design and high-quality wool make it perfect for chilly days. Whether for a winter outing or a cozy evening by the fireplace, this jumper offers both warmth and elegance. Available in various colors to suit your taste.\"}',29.99,'{\"de\":\"Zeitlose W\\u00e4rme\",\"fr\":\"Chaleur intemporelle\",\"en\":\"Timeless Warmth\"}','{\"de\":\"Perfekt f\\u00fcr Winterausfl\\u00fcge und gem\\u00fctliche Abende.\",\"fr\":\"Parfait pour les sorties hivernales et les soir\\u00e9es douillettes.\",\"en\":\"Perfect for winter outings and cozy evenings.\"}',1,0,166,180,'M-J001',0,240,'{\"url\": \"https://shoptopus.test/sample-store-data/sample-store-1/product-images/mens-jumpers-1.jpg\", \"file_name\": \"mens-jumpers-1.jpg\"}',NULL,NULL,'2023-10-25 16:09:54','2023-10-25 16:11:16'),('9a7477f8-f3a4-4a28-ab49-b20f28d9bd1e','{\"de\":\"L\\u00e4ssiger, moderner Pullover mit V-Ausschnitt\",\"fr\":\"Pull moderne d\\u00e9contract\\u00e9 \\u00e0 col en V\",\"en\":\"Casual V-Neck Modern Jumper\"}','casual-v-neck-modern-jumper','{\"de\":\"Bleiben Sie l\\u00e4ssig und bequem in diesem vielseitigen Pullover mit V-Ausschnitt.\",\"fr\":\"Restez d\\u00e9contract\\u00e9 et confortable avec ce pull polyvalent \\u00e0 col en V.\",\"en\":\"Stay casual and comfy in this versatile v-neck jumper.\"}','{\"de\":\"Finden Sie Komfort in diesem l\\u00e4ssigen Pullover mit V-Ausschnitt. Das klassische V-Ausschnitt-Design und der vielseitige Stil machen es perfekt f\\u00fcr entspannte Tage. Dieser Pullover ist aus weichen, atmungsaktiven Materialien gefertigt und sorgt f\\u00fcr ein angenehmes Tragegef\\u00fchl. Ob f\\u00fcr ein Wochenende zu Hause oder einen entspannten Tagesausflug, es ist ein Muss in Ihrer Garderobe.\",\"fr\":\"Trouvez le confort dans ce pull d\\u00e9contract\\u00e9 \\u00e0 col en V. Le design classique \\u00e0 col en V et le style polyvalent le rendent parfait pour les journ\\u00e9es d\\u00e9contract\\u00e9es. Fabriqu\\u00e9 \\u00e0 partir de mat\\u00e9riaux doux et respirants, ce pull vous assure un confort optimal. Que ce soit pour un week-end \\u00e0 la maison ou une journ\\u00e9e d\\u00e9contract\\u00e9e, c&#39;est un incontournable de votre garde-robe.\",\"en\":\"Find comfort in this Casual V-Neck Jumper. The classic v-neck design and versatile style make it perfect for laid-back days. Crafted from soft, breathable materials, this jumper keeps you comfortable. Whether for a weekend at home or a casual day out, it\'s a must-have in your wardrobe.\"}',21.50,'{\"de\":\"L\\u00e4ssiger Komfort\",\"fr\":\"Confort d\\u00e9contract\\u00e9\",\"en\":\"Casual Comfort\"}','{\"de\":\"Vielseitiger V-Ausschnitt f\\u00fcr entspannte Tage.\",\"fr\":\"Col en V polyvalent pour des journ\\u00e9es faciles et d\\u00e9contract\\u00e9es.\",\"en\":\"Versatile v-neck for easy and laid-back days.\"}',2,0,108,120,'M-J002',0,225,'{\"url\": \"https://shoptopus.test/sample-store-data/sample-store-1/product-images/mens-jumpers-2.jpg\", \"file_name\": \"mens-jumpers-1.jpg\"}',NULL,NULL,'2023-10-25 16:09:55','2023-10-25 16:11:16'),('9a7477fa-d268-4d7d-9ebd-30d2560a2f2b','{\"de\":\"Sportlicher Pullover mit Rei\\u00dfverschluss\",\"fr\":\"Pull sportif zipp\\u00e9\",\"en\":\"Sporty Zip-Up Jumper\"}','sporty-zip-up-jumper','{\"de\":\"Werten Sie Ihren sportlichen Look mit diesem bequemen Pullover mit Rei\\u00dfverschluss auf.\",\"fr\":\"Rehaussez votre look sportif avec ce pull zipp\\u00e9 confortable.\",\"en\":\"Elevate your sporty look with this comfortable zip-up jumper.\"}','{\"de\":\"Werten Sie Ihren sportlichen Stil mit diesem sportlichen Pullover mit Rei\\u00dfverschluss auf. Das Rei\\u00dfverschlussdesign und die bequeme Passform bieten Unterst\\u00fctzung beim Training oder bei sportlichen Aktivit\\u00e4ten. Ob zum Laufen oder Basketballspiel, dieser Pullover ist eine vielseitige Erg\\u00e4nzung Ihrer Sammlung.\",\"fr\":\"Am\\u00e9liorez votre style athl\\u00e9tique avec ce pull sportif zipp\\u00e9. La conception zipp\\u00e9e et la coupe confortable offrent un soutien pendant les entra\\u00eenements ou les activit\\u00e9s sportives. Que ce soit pour une course ou une partie de basket-ball, ce pull est un ajout polyvalent \\u00e0 votre collection.\",\"en\":\"Upgrade your athletic style with this Sporty Zip-Up Jumper. The zip-up design and comfortable fit provide support during workouts or sports activities. Whether for a run or a game of basketball, this jumper is a versatile addition to your collection.\"}',25.99,'{\"de\":\"Steigern Sie Ihr Training\",\"fr\":\"\\u00c9levez vos entra\\u00eenements\",\"en\":\"Elevate Your Workouts\"}','{\"de\":\"Rei\\u00dfverschluss-Stil f\\u00fcr Komfort beim Training.\",\"fr\":\"Style zipp\\u00e9 pour plus de confort pendant l&#39;exercice.\",\"en\":\"Zip-up style for comfort during exercise.\"}',1,0,138,160,'M-J003',0,210,'{\"url\": \"https://shoptopus.test/sample-store-data/sample-store-1/product-images/mens-jumpers-3.jpg\", \"file_name\": \"mens-jumpers-3.jpg\"}',NULL,NULL,'2023-10-25 16:09:56','2023-10-25 16:11:16'),('9a7477fc-4813-4a1a-9b3a-b484c1c88d7e','{\"de\":\"Klassische Anzughose\",\"fr\":\"Pantalon habill\\u00e9 classique\",\"en\":\"Classic Dress Trousers\"}','classic-dress-trousers','{\"de\":\"Zeitloser Stil in dieser klassischen Anzughose.\",\"fr\":\"Style intemporel avec ce pantalon habill\\u00e9 classique.\",\"en\":\"Timeless style in these classic dress trousers.\"}','{\"de\":\"Werten Sie Ihren formellen Look mit dieser klassischen Anzughose auf. Das zeitlose Design und der hochwertige Stoff machen sie perfekt f\\u00fcr jeden besonderen Anlass. Ob f\\u00fcr ein Gesch\\u00e4ftstreffen oder eine formelle Veranstaltung, diese Hose bietet sowohl Stil als auch Raffinesse. Erh\\u00e4ltlich in verschiedenen Farben, passend zu Ihrem Ensemble.\",\"fr\":\"Rehaussez votre look formel avec ce pantalon habill\\u00e9 classique. Leur design intemporel et leur tissu de haute qualit\\u00e9 les rendent parfaits pour toute occasion sp\\u00e9ciale. Que ce soit pour une r\\u00e9union d&#39;affaires ou un \\u00e9v\\u00e9nement formel, ce pantalon offre \\u00e0 la fois style et sophistication. Disponible en diff\\u00e9rentes couleurs pour correspondre \\u00e0 votre ensemble.\",\"en\":\"Elevate your formal look with these Classic Dress Trousers. The timeless design and high-quality fabric make them perfect for any special occasion. Whether for a business meeting or a formal event, these trousers offer both style and sophistication. Available in various colors to match your ensemble.\"}',27.99,'{\"de\":\"Zeitlose Eleganz\",\"fr\":\"\\u00c9l\\u00e9gance intemporelle\",\"en\":\"Timeless Elegance\"}','{\"de\":\"Perfekt f\\u00fcr formelle Veranstaltungen und Gesch\\u00e4ftstreffen.\",\"fr\":\"Parfait pour les \\u00e9v\\u00e9nements formels et les r\\u00e9unions d&#39;affaires.\",\"en\":\"Perfect for formal events and business meetings.\"}',2,0,119,170,'M-TR001',0,220,'{\"url\": \"https://shoptopus.test/sample-store-data/sample-store-1/product-images/mens-trousers-1.jpg\", \"file_name\": \"mens-trousers-1.jpg\"}',NULL,NULL,'2023-10-25 16:09:58','2023-10-25 16:11:17'),('9a7477fe-311d-4d90-9b36-4dbed6f0acca','{\"de\":\"L\\u00e4ssige Chinohose\",\"fr\":\"Pantalon chino d\\u00e9contract\\u00e9\",\"en\":\"Casual Chino Trousers\"}','casual-chino-trousers','{\"de\":\"Bleiben Sie l\\u00e4ssig und bequem in dieser vielseitigen Chinohose.\",\"fr\":\"Restez d\\u00e9contract\\u00e9 et confortable avec ce pantalon chino polyvalent.\",\"en\":\"Stay casual and comfy in these versatile chino trousers.\"}','{\"de\":\"Finden Sie Komfort in dieser l\\u00e4ssigen Chinohose. Das klassische Chino-Design und der vielseitige Stil machen sie perfekt f\\u00fcr entspannte Tage. Diese Hose ist aus weichen, atmungsaktiven Materialien gefertigt und sorgt f\\u00fcr ein angenehmes Tragegef\\u00fchl. Ob f\\u00fcr ein Wochenende zu Hause oder einen entspannten Tagesausflug, sie sind ein Muss in Ihrer Garderobe.\",\"fr\":\"Trouvez le confort dans ce pantalon chino d\\u00e9contract\\u00e9. Le design chino classique et le style polyvalent le rendent parfait pour les journ\\u00e9es d\\u00e9contract\\u00e9es. Fabriqu\\u00e9 \\u00e0 partir de mat\\u00e9riaux doux et respirants, ce pantalon vous assure un confort optimal. Que ce soit pour un week-end \\u00e0 la maison ou une journ\\u00e9e d\\u00e9contract\\u00e9e, ils sont un incontournable de votre garde-robe.\",\"en\":\"Find comfort in these Casual Chino Trousers. The classic chino design and versatile style make them perfect for laid-back days. Crafted from soft, breathable materials, these trousers keep you comfortable. Whether for a weekend at home or a casual day out, they\'re a must-have in your wardrobe.\"}',19.50,'{\"de\":\"L\\u00e4ssiger Komfort\",\"fr\":\"Confort d\\u00e9contract\\u00e9\",\"en\":\"Casual Comfort\"}','{\"de\":\"Vielseitiger Chino-Stil f\\u00fcr entspannte Tage.\",\"fr\":\"Style chino polyvalent pour des journ\\u00e9es faciles et d\\u00e9contract\\u00e9es.\",\"en\":\"Versatile chino style for easy and laid-back days.\"}',1,0,182,150,'M-TR002',0,230,'{\"url\": \"https://shoptopus.test/sample-store-data/sample-store-1/product-images/mens-trousers-2.jpg\", \"file_name\": \"mens-trousers-2.jpg\"}',NULL,NULL,'2023-10-25 16:09:59','2023-10-25 16:11:17'),('9a7477ff-efd1-45f7-a283-f038580e02b2','{\"de\":\"Sportliche Trainingshose\",\"fr\":\"Pantalon de surv\\u00eatement sportif\",\"en\":\"Sporty Track Pants\"}','sporty-track-pants','{\"de\":\"Werten Sie Ihren sportlichen Look mit dieser bequemen Trainingshose auf.\",\"fr\":\"Rehaussez votre look sportif avec ce pantalon de surv\\u00eatement confortable.\",\"en\":\"Elevate your sporty look with these comfortable track pants.\"}','{\"de\":\"Werten Sie Ihren sportlichen Stil mit dieser sportlichen Trainingshose auf. Die entspannte Passform und das bequeme Design bieten Unterst\\u00fctzung beim Training oder bei sportlichen Aktivit\\u00e4ten. Ob zum Laufen oder Basketballspielen, diese Trainingshose ist eine vielseitige Erg\\u00e4nzung Ihrer Sammlung.\",\"fr\":\"Am\\u00e9liorez votre style athl\\u00e9tique avec ce pantalon de surv\\u00eatement sportif. La coupe d\\u00e9contract\\u00e9e et le design confortable offrent un soutien pendant les entra\\u00eenements ou les activit\\u00e9s sportives. Que ce soit pour une course ou une partie de basket-ball, ce pantalon de surv\\u00eatement est un ajout polyvalent \\u00e0 votre collection.\",\"en\":\"Upgrade your athletic style with these Sporty Track Pants. The relaxed fit and comfortable design provide support during workouts or sports activities. Whether for a run or a game of basketball, these track pants are a versatile addition to your collection.\"}',22.99,'{\"de\":\"Steigern Sie Ihr Training\",\"fr\":\"\\u00c9levez vos entra\\u00eenements\",\"en\":\"Elevate Your Workouts\"}','{\"de\":\"Entspannte Passform f\\u00fcr Komfort beim Training.\",\"fr\":\"Coupe d\\u00e9contract\\u00e9e pour plus de confort pendant l&#39;exercice.\",\"en\":\"Relaxed fit for comfort during exercise.\"}',2,0,100,200,'M-TR003',0,225,'{\"url\": \"https://shoptopus.test/sample-store-data/sample-store-1/product-images/mens-trousers-3.jpg\", \"file_name\": \"mens-trousers-3.jpg\"}',NULL,NULL,'2023-10-25 16:10:00','2023-10-25 16:11:17'),('9a747802-b390-45ff-93ea-746b30ccd7fe','{\"de\":\"Klassische Crew-Socken aus Baumwolle\",\"fr\":\"Chaussettes classiques en coton\",\"en\":\"Classic Cotton Crew Socks\"}','classic-cotton-crew-socks','{\"de\":\"Zeitloser Komfort in diesen klassischen Crew-Socken aus Baumwolle.\",\"fr\":\"Confort intemporel avec ces chaussettes classiques en coton.\",\"en\":\"Timeless comfort in these classic cotton crew socks.\"}','{\"de\":\"Werten Sie Ihren Stil mit diesen klassischen Crew-Socken aus Baumwolle auf. Das zeitlose Design und die weiche, atmungsaktive Baumwolle machen sie perfekt f\\u00fcr jeden Anlass. Ob f\\u00fcr eine formelle Veranstaltung oder einen besonderen Abend, diese Socken bieten sowohl Komfort als auch Eleganz. Erh\\u00e4ltlich in verschiedenen Farben, passend zu Ihrem Look.\",\"fr\":\"Am\\u00e9liorez votre style avec ces chaussettes classiques en coton. Leur design intemporel et leur coton doux et respirant les rendent parfaits pour toutes les occasions. Que ce soit pour un \\u00e9v\\u00e9nement formel ou une soir\\u00e9e sp\\u00e9ciale, ces chaussettes offrent \\u00e0 la fois confort et \\u00e9l\\u00e9gance. Disponible en diff\\u00e9rentes couleurs pour correspondre \\u00e0 votre look.\",\"en\":\"Elevate your style with these Classic Cotton Crew Socks. The timeless design and soft, breathable cotton make them perfect for any occasion. Whether for a formal event or a special evening out, these socks offer both comfort and elegance. Available in various colors to match your look.\"}',12.99,'{\"de\":\"Zeitlose Eleganz\",\"fr\":\"\\u00c9l\\u00e9gance intemporelle\",\"en\":\"Timeless Elegance\"}','{\"de\":\"Perfekt f\\u00fcr formelle Veranstaltungen und besondere Abende.\",\"fr\":\"Parfait pour les \\u00e9v\\u00e9nements formels et les soir\\u00e9es sp\\u00e9ciales.\",\"en\":\"Perfect for formal events and special evenings.\"}',1,0,83,150,'M-SK001',0,220,'{\"url\": \"https://shoptopus.test/sample-store-data/sample-store-1/product-images/mens-socks-1.jpg\", \"file_name\": \"mens-socks-1.jpg\"}',NULL,NULL,'2023-10-25 16:10:01','2023-10-25 16:11:17'),('9a747804-8b26-41a2-8a5f-4bd7c6057dc1','{\"de\":\"Sportliche S\\u00f6ckchen\",\"fr\":\"Socquettes sportives\",\"en\":\"Sporty Ankle Socks\"}','sporty-ankle-socks','{\"de\":\"Verbessern Sie Ihr Training mit diesen bequemen Kn\\u00f6chelsocken.\",\"fr\":\"Am\\u00e9liorez votre entra\\u00eenement avec ces chaussettes confortables.\",\"en\":\"Elevate your workout with these comfortable ankle socks.\"}','{\"de\":\"Werten Sie Ihren sportlichen Stil mit diesen sportlichen S\\u00f6ckchen auf. Das gepolsterte Design und die gute Passform sorgen f\\u00fcr Komfort und Unterst\\u00fctzung beim Training oder bei Outdoor-Aktivit\\u00e4ten. Ob f\\u00fcr einen Lauf oder eine Sportveranstaltung, diese Socken sind eine vielseitige Erg\\u00e4nzung Ihrer Sammlung.\",\"fr\":\"Am\\u00e9liorez votre style athl\\u00e9tique avec ces chaussettes sportives. La conception rembourr\\u00e9e et la coupe ajust\\u00e9e offrent confort et soutien pendant les entra\\u00eenements ou les activit\\u00e9s de plein air. Que ce soit pour une course ou un \\u00e9v\\u00e9nement sportif, ces chaussettes sont un ajout polyvalent \\u00e0 votre collection.\",\"en\":\"Upgrade your athletic style with these Sporty Ankle Socks. The cushioned design and snug fit provide comfort and support during workouts or outdoor activities. Whether for a run or a sports event, these socks are a versatile addition to your collection.\"}',14.50,'{\"de\":\"Steigern Sie Ihr Training\",\"fr\":\"\\u00c9levez vos entra\\u00eenements\",\"en\":\"Elevate Your Workouts\"}','{\"de\":\"Gepolstertes Design f\\u00fcr Komfort und Unterst\\u00fctzung beim Training.\",\"fr\":\"Conception rembourr\\u00e9e pour plus de confort et de soutien pendant l&#39;exercice.\",\"en\":\"Cushioned design for comfort and support during exercise.\"}',2,0,63,180,'M-SK002',0,230,'{\"url\": \"https://shoptopus.test/sample-store-data/sample-store-1/product-images/mens-socks-2.jpg\", \"file_name\": \"mens-socks-2.jpg\"}',NULL,NULL,'2023-10-25 16:10:03','2023-10-25 16:11:17'),('9a747806-391d-4e45-8f05-a967699cf7c3','{\"de\":\"L\\u00e4ssige Low-Cut-Socken\",\"fr\":\"Chaussettes basses d\\u00e9contract\\u00e9es\",\"en\":\"Casual Low-Cut Socks\"}','casual-low-cut-socks','{\"de\":\"Bleiben Sie l\\u00e4ssig und bequem mit diesen vielseitigen, niedrig geschnittenen Socken.\",\"fr\":\"Restez d\\u00e9contract\\u00e9 et confortable avec ces chaussettes basses polyvalentes.\",\"en\":\"Stay casual and comfy with these versatile low-cut socks.\"}','{\"de\":\"Finden Sie Komfort in diesen l\\u00e4ssigen Low-Cut-Socken. Ihr tief ausgeschnittenes Design und ihr vielseitiger Stil machen sie perfekt f\\u00fcr entspannte Tage. Diese Socken sind aus weichen, atmungsaktiven Materialien gefertigt und halten Ihre F\\u00fc\\u00dfe gl\\u00fccklich. Ob f\\u00fcr ein Wochenende zu Hause oder einen entspannten Tagesausflug, sie sind ein Muss in Ihrer Sockensammlung.\",\"fr\":\"Trouvez le confort dans ces chaussettes basses d\\u00e9contract\\u00e9es. Leur coupe basse et leur style polyvalent les rendent parfaits pour les journ\\u00e9es d\\u00e9contract\\u00e9es. Fabriqu\\u00e9es \\u00e0 partir de mat\\u00e9riaux doux et respirants, ces chaussettes gardent vos pieds heureux. Que ce soit pour un week-end \\u00e0 la maison ou une journ\\u00e9e d\\u00e9contract\\u00e9e, elles sont un incontournable de votre collection de chaussettes.\",\"en\":\"Find comfort in these Casual Low-Cut Socks. Their low-cut design and versatile style make them perfect for laid-back days. Crafted from soft, breathable materials, these socks keep your feet happy. Whether for a weekend at home or a casual day out, they\'re a must-have in your sock collection.\"}',11.99,'{\"de\":\"L\\u00e4ssiger Komfort\",\"fr\":\"Confort d\\u00e9contract\\u00e9\",\"en\":\"Casual Comfort\"}','{\"de\":\"Low-Cut-Stil f\\u00fcr entspannte Tage.\",\"fr\":\"Style d\\u00e9collet\\u00e9 pour des journ\\u00e9es faciles et d\\u00e9contract\\u00e9es.\",\"en\":\"Low-cut style for easy and laid-back days.\"}',1,0,113,120,'M-SK003',0,240,'{\"url\": \"https://shoptopus.test/sample-store-data/sample-store-1/product-images/mens-socks-3.jpg\", \"file_name\": \"mens-socks-3.jpg\"}',NULL,NULL,'2023-10-25 16:10:04','2023-10-25 16:11:17'),('9a747808-0f26-4ac0-8b5b-1fbf9230a1d4','{\"de\":\"Klassisches Poloshirt\",\"fr\":\"Polo classique\",\"en\":\"Classic Polo Shirt\"}','classic-polo-shirt','{\"de\":\"Zeitloser Stil in diesem klassischen Poloshirt.\",\"fr\":\"Style intemporel dans ce polo classique.\",\"en\":\"Timeless style in this classic polo shirt.\"}','{\"de\":\"Werten Sie Ihren l\\u00e4ssigen Look mit diesem klassischen Poloshirt auf. Das zeitlose Design und der hochwertige Stoff machen es perfekt f\\u00fcr jeden Anlass. Ob f\\u00fcr einen Tagesausflug mit Freunden oder einen entspannten Abend, dieses Poloshirt bietet sowohl Stil als auch Komfort. Erh\\u00e4ltlich in verschiedenen Farben, passend zu Ihrem Look.\",\"fr\":\"Rehaussez votre look d\\u00e9contract\\u00e9 avec ce polo classique. Son design intemporel et son tissu de haute qualit\\u00e9 le rendent parfait pour toutes les occasions. Que ce soit pour une journ\\u00e9e entre amis ou une soir\\u00e9e d\\u00e9contract\\u00e9e, ce polo offre \\u00e0 la fois style et confort. Disponible en diff\\u00e9rentes couleurs pour correspondre \\u00e0 votre look.\",\"en\":\"Elevate your casual look with this Classic Polo Shirt. The timeless design and high-quality fabric make it perfect for any occasion. Whether for a day out with friends or a relaxed evening, this polo shirt offers both style and comfort. Available in various colors to match your look.\"}',17.99,'{\"de\":\"Zeitlose Eleganz\",\"fr\":\"\\u00c9l\\u00e9gance intemporelle\",\"en\":\"Timeless Elegance\"}','{\"de\":\"Perfekt f\\u00fcr ungezwungene Anl\\u00e4sse und entspannte Abende.\",\"fr\":\"Parfait pour les occasions d\\u00e9contract\\u00e9es et les soir\\u00e9es d\\u00e9tendues.\",\"en\":\"Perfect for casual occasions and relaxed evenings.\"}',1,0,300,150,'W-P001',0,220,'{\"url\": \"https://shoptopus.test/sample-store-data/sample-store-1/product-images/ladies-polo-shirts-1.jpg\", \"file_name\": \"ladies-polo-shirts-1.jpg\"}',NULL,NULL,'2023-10-25 16:10:05','2023-10-25 16:11:13'),('9a747809-b1c9-4f86-a887-d19fe25ff2d1','{\"de\":\"Sportliches Performance-Polo\",\"fr\":\"Polo de performance sportive\",\"en\":\"Sporty Performance Polo\"}','sporty-performance-polo','{\"de\":\"Werten Sie Ihren sportlichen Look mit diesem bequemen Performance-Poloshirt auf.\",\"fr\":\"Am\\u00e9liorez votre look sportif avec ce polo performant et confortable.\",\"en\":\"Elevate your sporty look with this comfortable performance polo shirt.\"}','{\"de\":\"Werten Sie Ihren sportlichen Stil mit diesem sportlichen Performance-Poloshirt auf. Das feuchtigkeitsableitende Material und die bequeme Passform bieten Unterst\\u00fctzung beim Training oder bei sportlichen Aktivit\\u00e4ten. Ob zum Laufen oder Tennisspielen, dieses Poloshirt ist eine vielseitige Erg\\u00e4nzung Ihrer Sammlung.\",\"fr\":\"Am\\u00e9liorez votre style athl\\u00e9tique avec ce polo Sporty Performance. Le tissu \\u00e9vacuant l&#39;humidit\\u00e9 et la coupe confortable offrent un soutien pendant les entra\\u00eenements ou les activit\\u00e9s sportives. Que ce soit pour une course ou une partie de tennis, ce polo est un ajout polyvalent \\u00e0 votre collection.\",\"en\":\"Upgrade your athletic style with this Sporty Performance Polo Shirt. The moisture-wicking fabric and comfortable fit provide support during workouts or sports activities. Whether for a run or a game of tennis, this polo shirt is a versatile addition to your collection.\"}',19.50,'{\"de\":\"Steigern Sie Ihr Training\",\"fr\":\"\\u00c9levez vos entra\\u00eenements\",\"en\":\"Elevate Your Workouts\"}','{\"de\":\"Feuchtigkeitsableitendes Material f\\u00fcr Komfort beim Training.\",\"fr\":\"Tissu \\u00e9vacuant l&#39;humidit\\u00e9 pour plus de confort pendant l&#39;exercice.\",\"en\":\"Moisture-wicking fabric for comfort during exercise.\"}',2,0,24,160,'W-P002',0,230,'{\"url\": \"https://shoptopus.test/sample-store-data/sample-store-1/product-images/ladies-polo-shirts-2.jpg\", \"file_name\": \"ladies-polo-shirts-2.jpg\"}',NULL,NULL,'2023-10-25 16:10:06','2023-10-25 16:11:17'),('9a74780c-0553-48c2-94c0-afe7bf9b0a5b','{\"de\":\"L\\u00e4ssiges Kurzarm-Polo\",\"fr\":\"Polo d\\u00e9contract\\u00e9 \\u00e0 manches courtes\",\"en\":\"Casual Short Sleeve Polo\"}','casual-short-sleeve-polo','{\"de\":\"Bleiben Sie l\\u00e4ssig und bequem in diesem vielseitigen Kurzarm-Poloshirt.\",\"fr\":\"Restez d\\u00e9contract\\u00e9 et confortable avec ce polo polyvalent \\u00e0 manches courtes.\",\"en\":\"Stay casual and comfy in this versatile short sleeve polo shirt.\"}','{\"de\":\"Finden Sie Komfort in diesem l\\u00e4ssigen Kurzarm-Poloshirt. Das klassische Kurzarmdesign und der vielseitige Stil machen es perfekt f\\u00fcr entspannte Tage. Dieses Poloshirt ist aus weichen, atmungsaktiven Materialien gefertigt und sorgt f\\u00fcr ein angenehmes Tragegef\\u00fchl. Ob f\\u00fcr ein Wochenende zu Hause oder einen entspannten Tagesausflug, es ist ein Muss in Ihrer Garderobe.\",\"fr\":\"Trouvez le confort dans ce polo d\\u00e9contract\\u00e9 \\u00e0 manches courtes. Le design classique \\u00e0 manches courtes et le style polyvalent le rendent parfait pour les journ\\u00e9es d\\u00e9contract\\u00e9es. Fabriqu\\u00e9 \\u00e0 partir de mat\\u00e9riaux doux et respirants, ce polo vous assure un confort optimal. Que ce soit pour un week-end \\u00e0 la maison ou une journ\\u00e9e d\\u00e9contract\\u00e9e, c&#39;est un incontournable de votre garde-robe.\",\"en\":\"Find comfort in this Casual Short Sleeve Polo Shirt. The classic short sleeve design and versatile style make it perfect for laid-back days. Crafted from soft, breathable materials, this polo shirt keeps you comfortable. Whether for a weekend at home or a casual day out, it\'s a must-have in your wardrobe.\"}',15.99,'{\"de\":\"L\\u00e4ssiger Komfort\",\"fr\":\"Confort d\\u00e9contract\\u00e9\",\"en\":\"Casual Comfort\"}','{\"de\":\"Vielseitige kurze \\u00c4rmel f\\u00fcr entspannte Tage.\",\"fr\":\"Manches courtes polyvalentes pour des journ\\u00e9es faciles et d\\u00e9contract\\u00e9es.\",\"en\":\"Versatile short sleeves for easy and laid-back days.\"}',1,0,180,120,'W-P003',0,240,'{\"url\": \"https://shoptopus.test/sample-store-data/sample-store-1/product-images/ladies-polo-shirts-3.jpg\", \"file_name\": \"ladies-polo-shirts-3.jpg\"}',NULL,NULL,'2023-10-25 16:10:07','2023-10-25 16:11:14'),('9a74780d-d674-4712-aaa2-87e907ee492c','{\"de\":\"Eleganter A-Linien-Rock\",\"fr\":\"Jupe trap\\u00e8ze \\u00e9l\\u00e9gante\",\"en\":\"Elegant A-Line Skirt\"}','elegant-a-line-skirt','{\"de\":\"Werten Sie Ihren Stil mit diesem eleganten Rock in A-Linie auf.\",\"fr\":\"Rehaussez votre style avec cette \\u00e9l\\u00e9gante jupe trap\\u00e8ze.\",\"en\":\"Elevate your style with this elegant A-line skirt.\"}','{\"de\":\"Mit diesem eleganten A-Linien-Rock werden Sie alle Blicke auf sich ziehen. Das klassische A-Linien-Design und der hochwertige Stoff machen es perfekt f\\u00fcr besondere Anl\\u00e4sse. Ob f\\u00fcr einen romantischen Date-Abend oder eine elegante Veranstaltung, dieser Rock bietet sowohl Stil als auch Anmut. Erh\\u00e4ltlich in verschiedenen Farben, passend zu Ihrem Ensemble.\",\"fr\":\"Faites tourner les t\\u00eates avec cette \\u00e9l\\u00e9gante jupe trap\\u00e8ze. Le design classique de la ligne A et le tissu de haute qualit\\u00e9 le rendent parfait pour les occasions sp\\u00e9ciales. Que ce soit pour un rendez-vous romantique ou un \\u00e9v\\u00e9nement \\u00e9l\\u00e9gant, cette jupe offre \\u00e0 la fois style et gr\\u00e2ce. Disponible en diff\\u00e9rentes couleurs pour correspondre \\u00e0 votre ensemble.\",\"en\":\"Turn heads with this Elegant A-Line Skirt. The classic A-line design and high-quality fabric make it perfect for special occasions. Whether for a romantic date night or an elegant event, this skirt offers both style and grace. Available in various colors to match your ensemble.\"}',28.99,'{\"de\":\"Zeitlose Eleganz\",\"fr\":\"\\u00c9l\\u00e9gance intemporelle\",\"en\":\"Timeless Elegance\"}','{\"de\":\"Perfekt f\\u00fcr besondere Anl\\u00e4sse und elegante Events.\",\"fr\":\"Parfait pour les occasions sp\\u00e9ciales et les \\u00e9v\\u00e9nements \\u00e9l\\u00e9gants.\",\"en\":\"Perfect for special occasions and elegant events.\"}',2,0,120,160,'W-S001',0,220,'{\"url\": \"https://shoptopus.test/sample-store-data/sample-store-1/product-images/ladies-skirts-1.jpg\", \"file_name\": \"ladies-skirts-1.jpg\"}',NULL,NULL,'2023-10-25 16:10:09','2023-10-25 16:11:14'),('9a74780f-98d6-42f3-8756-d49a5f3e340a','{\"de\":\"L\\u00e4ssiger Jeansrock\",\"fr\":\"Jupe en jean d\\u00e9contract\\u00e9e\",\"en\":\"Casual Denim Skirt\"}','casual-denim-skirt','{\"de\":\"Bleiben Sie l\\u00e4ssig und stilvoll in diesem vielseitigen Jeansrock.\",\"fr\":\"Restez d\\u00e9contract\\u00e9e et \\u00e9l\\u00e9gante avec cette jupe en jean polyvalente.\",\"en\":\"Stay casual and stylish in this versatile denim skirt.\"}','{\"de\":\"Finden Sie Stil und Komfort in diesem l\\u00e4ssigen Jeansrock. Der Denim-Stoff und das vielseitige Design machen es perfekt f\\u00fcr l\\u00e4ssige und semi-formelle Anl\\u00e4sse. Dieser aus weichen, atmungsaktiven Materialien gefertigte Rock sorgt daf\\u00fcr, dass Sie gro\\u00dfartig aussehen. Ob f\\u00fcr einen Wochenendausflug oder ein zwangloses Abendessen, es ist eine vielseitige Erg\\u00e4nzung Ihrer Garderobe.\",\"fr\":\"Trouvez style et confort dans cette jupe en jean d\\u00e9contract\\u00e9e. Le tissu denim et le design polyvalent le rendent parfait pour les occasions d\\u00e9contract\\u00e9es et semi-formelles. Fabriqu\\u00e9e \\u00e0 partir de mat\\u00e9riaux doux et respirants, cette jupe vous garde belle. Que ce soit pour une sortie du week-end ou un d\\u00eener d\\u00e9contract\\u00e9, c&#39;est un ajout polyvalent \\u00e0 votre garde-robe.\",\"en\":\"Find style and comfort in this Casual Denim Skirt. The denim fabric and versatile design make it perfect for both casual and semi-formal occasions. Crafted from soft, breathable materials, this skirt keeps you looking great. Whether for a weekend outing or a casual dinner, it\'s a versatile addition to your wardrobe.\"}',24.50,'{\"de\":\"L\\u00e4ssige Vielseitigkeit\",\"fr\":\"Polyvalence d\\u00e9contract\\u00e9e\",\"en\":\"Casual Versatility\"}','{\"de\":\"Ideal sowohl f\\u00fcr ungezwungene als auch f\\u00fcr semi-formelle Anl\\u00e4sse.\",\"fr\":\"Id\\u00e9al pour les occasions d\\u00e9contract\\u00e9es et semi-formelles.\",\"en\":\"Ideal for both casual and semi-formal occasions.\"}',1,0,98,190,'W-S002',0,210,'{\"url\": \"https://shoptopus.test/sample-store-data/sample-store-1/product-images/ladies-skirts-2.jpg\", \"file_name\": \"ladies-skirts-2.jpg\"}',NULL,NULL,'2023-10-25 16:10:10','2023-10-25 16:11:17'),('9a747811-89af-4477-b351-11ee1cfd0b9b','{\"de\":\"Gebl\\u00fcmter Midirock\",\"fr\":\"Jupe mi-longue fleurie\",\"en\":\"Floral Midi Skirt\"}','floral-midi-skirt','{\"de\":\"Werten Sie Ihren Stil mit diesem bequemen Midirock mit Blumenmuster auf.\",\"fr\":\"Rehaussez votre style avec cette jupe midi fleurie confortable.\",\"en\":\"Elevate your style with this comfortable floral midi skirt.\"}','{\"de\":\"Werten Sie Ihre Garderobe mit diesem floralen Midirock auf. Der Blumendruck und die bequeme Passform sorgen f\\u00fcr einen Hauch von Eleganz bei legeren oder halbformellen Anl\\u00e4ssen. Ob f\\u00fcr ein Brunch-Date oder eine Gartenparty, dieser Rock ist eine vielseitige Erg\\u00e4nzung Ihrer Sammlung.\",\"fr\":\"Am\\u00e9liorez votre garde-robe avec cette jupe midi fleurie. L&#39;imprim\\u00e9 floral et la coupe confortable apportent une touche d&#39;\\u00e9l\\u00e9gance lors d&#39;occasions d\\u00e9contract\\u00e9es ou semi-formelles. Que ce soit pour un brunch ou une garden-party, cette jupe est un ajout polyvalent \\u00e0 votre collection.\",\"en\":\"Upgrade your wardrobe with this Floral Midi Skirt. The floral print and comfortable fit provide a touch of elegance during casual or semi-formal occasions. Whether for a brunch date or a garden party, this skirt is a versatile addition to your collection.\"}',22.99,'{\"de\":\"Werten Sie Ihre Garderobe auf\",\"fr\":\"\\u00c9levez votre garde-robe\",\"en\":\"Elevate Your Wardrobe\"}','{\"de\":\"Florale Eleganz f\\u00fcr l\\u00e4ssige und semi-formelle Anl\\u00e4sse.\",\"fr\":\"\\u00c9l\\u00e9gance florale pour les occasions d\\u00e9contract\\u00e9es et semi-formelles.\",\"en\":\"Floral elegance for casual and semi-formal occasions.\"}',2,0,136,200,'W-S003',0,225,'{\"url\": \"https://shoptopus.test/sample-store-data/sample-store-1/product-images/ladies-skirts-3.jpg\", \"file_name\": \"ladies-skirts-3.jpg\"}',NULL,NULL,'2023-10-25 16:10:11','2023-10-25 16:11:17'),('9a747813-4127-43db-b202-ada230ce5277','{\"de\":\"Klassischer Wollpullover\",\"fr\":\"Pull classique en laine\",\"en\":\"Classic Wool Jumper\"}','classic-wool-jumper','{\"de\":\"Zeitlose W\\u00e4rme in diesem klassischen Wollpullover.\",\"fr\":\"Chaleur intemporelle dans ce pull en laine classique.\",\"en\":\"Timeless warmth in this classic wool jumper.\"}','{\"de\":\"Mit diesem klassischen Wollpullover bleiben Sie stilvoll warm. Das zeitlose Design und die hochwertige Wolle machen es perfekt f\\u00fcr k\\u00fchle Tage. Ob f\\u00fcr einen Winterausflug oder einen gem\\u00fctlichen Abend am Kamin, dieser Pullover bietet sowohl W\\u00e4rme als auch Eleganz. Erh\\u00e4ltlich in verschiedenen Farben, ganz nach Ihrem Geschmack.\",\"fr\":\"Restez au chaud avec style avec ce pull en laine classique. Son design intemporel et sa laine de haute qualit\\u00e9 le rendent parfait pour les journ\\u00e9es froides. Que ce soit pour une sortie hivernale ou une soir\\u00e9e douillette au coin du feu, ce pull offre \\u00e0 la fois chaleur et \\u00e9l\\u00e9gance. Disponible en diff\\u00e9rentes couleurs selon vos go\\u00fbts.\",\"en\":\"Stay warm in style with this Classic Wool Jumper. The timeless design and high-quality wool make it perfect for chilly days. Whether for a winter outing or a cozy evening by the fireplace, this jumper offers both warmth and elegance. Available in various colors to suit your taste.\"}',29.99,'{\"de\":\"Zeitlose W\\u00e4rme\",\"fr\":\"Chaleur intemporelle\",\"en\":\"Timeless Warmth\"}','{\"de\":\"Perfekt f\\u00fcr Winterausfl\\u00fcge und gem\\u00fctliche Abende.\",\"fr\":\"Parfait pour les sorties hivernales et les soir\\u00e9es douillettes.\",\"en\":\"Perfect for winter outings and cozy evenings.\"}',1,0,137,180,'W-J001',0,240,'{\"url\": \"https://shoptopus.test/sample-store-data/sample-store-1/product-images/ladies-jumpers-1.jpg\", \"file_name\": \"ladies-jumpers-1.jpg\"}',NULL,NULL,'2023-10-25 16:10:13','2023-10-25 16:11:18'),('9a747814-fdd4-4823-af61-b85220c6fb22','{\"de\":\"L\\u00e4ssiger Pullover mit V-Ausschnitt\",\"fr\":\"Pull d\\u00e9contract\\u00e9 \\u00e0 col en V\",\"en\":\"Casual V-Neck Jumper\"}','casual-v-neck-jumper','{\"de\":\"Bleiben Sie l\\u00e4ssig und bequem in diesem vielseitigen Pullover mit V-Ausschnitt.\",\"fr\":\"Restez d\\u00e9contract\\u00e9 et confortable avec ce pull polyvalent \\u00e0 col en V.\",\"en\":\"Stay casual and comfy in this versatile v-neck jumper.\"}','{\"de\":\"Finden Sie Komfort in diesem l\\u00e4ssigen Pullover mit V-Ausschnitt. Das klassische V-Ausschnitt-Design und der vielseitige Stil machen es perfekt f\\u00fcr entspannte Tage. Dieser Pullover ist aus weichen, atmungsaktiven Materialien gefertigt und sorgt f\\u00fcr ein angenehmes Tragegef\\u00fchl. Ob f\\u00fcr ein Wochenende zu Hause oder einen entspannten Tagesausflug, es ist ein Muss in Ihrer Garderobe.\",\"fr\":\"Trouvez le confort dans ce pull d\\u00e9contract\\u00e9 \\u00e0 col en V. Le design classique \\u00e0 col en V et le style polyvalent le rendent parfait pour les journ\\u00e9es d\\u00e9contract\\u00e9es. Fabriqu\\u00e9 \\u00e0 partir de mat\\u00e9riaux doux et respirants, ce pull vous assure un confort optimal. Que ce soit pour un week-end \\u00e0 la maison ou une journ\\u00e9e d\\u00e9contract\\u00e9e, c&#39;est un incontournable de votre garde-robe.\",\"en\":\"Find comfort in this Casual V-Neck Jumper. The classic v-neck design and versatile style make it perfect for laid-back days. Crafted from soft, breathable materials, this jumper keeps you comfortable. Whether for a weekend at home or a casual day out, it\'s a must-have in your wardrobe.\"}',21.50,'{\"de\":\"L\\u00e4ssiger Komfort\",\"fr\":\"Confort d\\u00e9contract\\u00e9\",\"en\":\"Casual Comfort\"}','{\"de\":\"Vielseitiger V-Ausschnitt f\\u00fcr entspannte Tage.\",\"fr\":\"Col en V polyvalent pour des journ\\u00e9es faciles et d\\u00e9contract\\u00e9es.\",\"en\":\"Versatile v-neck for easy and laid-back days.\"}',2,0,104,120,'W-J002',0,225,'{\"url\": \"https://shoptopus.test/sample-store-data/sample-store-1/product-images/ladies-jumpers-2.jpg\", \"file_name\": \"ladies-jumpers-2.jpg\"}',NULL,NULL,'2023-10-25 16:10:14','2023-10-25 16:11:18'),('9a747816-bc2e-4056-a1cb-a79c59ff7070','{\"de\":\"Sportlicher Pullover mit Rei\\u00dfverschluss\",\"fr\":\"Pull sportif zipp\\u00e9\",\"en\":\"Sporty Zip-Up Jumper\"}','sporty-zip-up-jumper-1','{\"de\":\"Werten Sie Ihren sportlichen Look mit diesem bequemen Pullover mit Rei\\u00dfverschluss auf.\",\"fr\":\"Rehaussez votre look sportif avec ce pull zipp\\u00e9 confortable.\",\"en\":\"Elevate your sporty look with this comfortable zip-up jumper.\"}','{\"de\":\"Werten Sie Ihren sportlichen Stil mit diesem sportlichen Pullover mit Rei\\u00dfverschluss auf. Das Rei\\u00dfverschlussdesign und die bequeme Passform bieten Unterst\\u00fctzung beim Training oder bei sportlichen Aktivit\\u00e4ten. Ob zum Laufen oder Basketballspiel, dieser Pullover ist eine vielseitige Erg\\u00e4nzung Ihrer Sammlung.\",\"fr\":\"Am\\u00e9liorez votre style athl\\u00e9tique avec ce pull sportif zipp\\u00e9. La conception zipp\\u00e9e et la coupe confortable offrent un soutien pendant les entra\\u00eenements ou les activit\\u00e9s sportives. Que ce soit pour une course ou une partie de basket-ball, ce pull est un ajout polyvalent \\u00e0 votre collection.\",\"en\":\"Upgrade your athletic style with this Sporty Zip-Up Jumper. The zip-up design and comfortable fit provide support during workouts or sports activities. Whether for a run or a game of basketball, this jumper is a versatile addition to your collection.\"}',25.99,'{\"de\":\"Steigern Sie Ihr Training\",\"fr\":\"\\u00c9levez vos entra\\u00eenements\",\"en\":\"Elevate Your Workouts\"}','{\"de\":\"Rei\\u00dfverschluss-Stil f\\u00fcr Komfort beim Training.\",\"fr\":\"Style zipp\\u00e9 pour plus de confort pendant l&#39;exercice.\",\"en\":\"Zip-up style for comfort during exercise.\"}',1,0,120,160,'W-J003',0,210,'{\"url\": \"https://shoptopus.test/sample-store-data/sample-store-1/product-images/ladies-jumpers-3.jpg\", \"file_name\": \"ladies-jumpers-3.jpg\"}',NULL,NULL,'2023-10-25 16:10:15','2023-10-25 16:11:13'),('9a747818-5355-407e-b0c3-a0b1f5b8086a','{\"de\":\"Klassische Anzughose\",\"fr\":\"Pantalon habill\\u00e9 classique\",\"en\":\"Classic Dress Trousers\"}','classic-dress-trousers-1','{\"de\":\"Zeitloser Stil in dieser klassischen Anzughose.\",\"fr\":\"Style intemporel avec ce pantalon habill\\u00e9 classique.\",\"en\":\"Timeless style in these classic dress trousers.\"}','{\"de\":\"Werten Sie Ihren formellen Look mit dieser klassischen Anzughose auf. Das zeitlose Design und der hochwertige Stoff machen sie perfekt f\\u00fcr jeden besonderen Anlass. Ob f\\u00fcr ein Gesch\\u00e4ftstreffen oder eine formelle Veranstaltung, diese Hose bietet sowohl Stil als auch Raffinesse. Erh\\u00e4ltlich in verschiedenen Farben, passend zu Ihrem Ensemble.\",\"fr\":\"Rehaussez votre look formel avec ce pantalon habill\\u00e9 classique. Leur design intemporel et leur tissu de haute qualit\\u00e9 les rendent parfaits pour toute occasion sp\\u00e9ciale. Que ce soit pour une r\\u00e9union d&#39;affaires ou un \\u00e9v\\u00e9nement formel, ce pantalon offre \\u00e0 la fois style et sophistication. Disponible en diff\\u00e9rentes couleurs pour correspondre \\u00e0 votre ensemble.\",\"en\":\"Elevate your formal look with these Classic Dress Trousers. The timeless design and high-quality fabric make them perfect for any special occasion. Whether for a business meeting or a formal event, these trousers offer both style and sophistication. Available in various colors to match your ensemble.\"}',27.99,'{\"de\":\"Zeitlose Eleganz\",\"fr\":\"\\u00c9l\\u00e9gance intemporelle\",\"en\":\"Timeless Elegance\"}','{\"de\":\"Perfekt f\\u00fcr formelle Veranstaltungen und Gesch\\u00e4ftstreffen.\",\"fr\":\"Parfait pour les \\u00e9v\\u00e9nements formels et les r\\u00e9unions d&#39;affaires.\",\"en\":\"Perfect for formal events and business meetings.\"}',2,0,110,170,'W-TR001',0,220,'{\"url\": \"https://shoptopus.test/sample-store-data/sample-store-1/product-images/ladies-trousers-1.jpg\", \"file_name\": \"ladies-trousers-1.jpg\"}',NULL,NULL,'2023-10-25 16:10:16','2023-10-25 16:11:18'),('9a74781a-0419-41e2-9396-46b0ae971b3b','{\"de\":\"L\\u00e4ssige Chinohose\",\"fr\":\"Pantalon chino d\\u00e9contract\\u00e9\",\"en\":\"Casual Chino Trousers\"}','casual-chino-trousers-1','{\"de\":\"Bleiben Sie l\\u00e4ssig und bequem in dieser vielseitigen Chinohose.\",\"fr\":\"Restez d\\u00e9contract\\u00e9 et confortable avec ce pantalon chino polyvalent.\",\"en\":\"Stay casual and comfy in these versatile chino trousers.\"}','{\"de\":\"Finden Sie Komfort in dieser l\\u00e4ssigen Chinohose. Das klassische Chino-Design und der vielseitige Stil machen sie perfekt f\\u00fcr entspannte Tage. Diese Hose ist aus weichen, atmungsaktiven Materialien gefertigt und sorgt f\\u00fcr ein angenehmes Tragegef\\u00fchl. Ob f\\u00fcr ein Wochenende zu Hause oder einen entspannten Tagesausflug, sie sind ein Muss in Ihrer Garderobe.\",\"fr\":\"Trouvez le confort dans ce pantalon chino d\\u00e9contract\\u00e9. Le design chino classique et le style polyvalent le rendent parfait pour les journ\\u00e9es d\\u00e9contract\\u00e9es. Fabriqu\\u00e9 \\u00e0 partir de mat\\u00e9riaux doux et respirants, ce pantalon vous assure un confort optimal. Que ce soit pour un week-end \\u00e0 la maison ou une journ\\u00e9e d\\u00e9contract\\u00e9e, ils sont un incontournable de votre garde-robe.\",\"en\":\"Find comfort in these Casual Chino Trousers. The classic chino design and versatile style make them perfect for laid-back days. Crafted from soft, breathable materials, these trousers keep you comfortable. Whether for a weekend at home or a casual day out, they\'re a must-have in your wardrobe.\"}',19.50,'{\"de\":\"L\\u00e4ssiger Komfort\",\"fr\":\"Confort d\\u00e9contract\\u00e9\",\"en\":\"Casual Comfort\"}','{\"de\":\"Vielseitiger Chino-Stil f\\u00fcr entspannte Tage.\",\"fr\":\"Style chino polyvalent pour des journ\\u00e9es faciles et d\\u00e9contract\\u00e9es.\",\"en\":\"Versatile chino style for easy and laid-back days.\"}',1,0,246,150,'W-TR002',0,230,'{\"url\": \"https://shoptopus.test/sample-store-data/sample-store-1/product-images/ladies-trousers-2.jpg\", \"file_name\": \"ladies-trousers-2.jpg\"}',NULL,NULL,'2023-10-25 16:10:17','2023-10-25 16:11:14'),('9a74781b-ba63-4202-92e7-d594c03b5ed8','{\"de\":\"Sportliche Trainingshose\",\"fr\":\"Pantalon de surv\\u00eatement sportif\",\"en\":\"Sporty Track Pants\"}','sporty-track-pants-1','{\"de\":\"Werten Sie Ihren sportlichen Look mit dieser bequemen Trainingshose auf.\",\"fr\":\"Rehaussez votre look sportif avec ce pantalon de surv\\u00eatement confortable.\",\"en\":\"Elevate your sporty look with these comfortable track pants.\"}','{\"de\":\"Werten Sie Ihren sportlichen Stil mit dieser sportlichen Trainingshose auf. Die entspannte Passform und das bequeme Design bieten Unterst\\u00fctzung beim Training oder bei sportlichen Aktivit\\u00e4ten. Ob zum Laufen oder Basketballspielen, diese Trainingshose ist eine vielseitige Erg\\u00e4nzung Ihrer Sammlung.\",\"fr\":\"Am\\u00e9liorez votre style athl\\u00e9tique avec ce pantalon de surv\\u00eatement sportif. La coupe d\\u00e9contract\\u00e9e et le design confortable offrent un soutien pendant les entra\\u00eenements ou les activit\\u00e9s sportives. Que ce soit pour une course ou une partie de basket-ball, ce pantalon de surv\\u00eatement est un ajout polyvalent \\u00e0 votre collection.\",\"en\":\"Upgrade your athletic style with these Sporty Track Pants. The relaxed fit and comfortable design provide support during workouts or sports activities. Whether for a run or a game of basketball, these track pants are a versatile addition to your collection.\"}',22.99,'{\"de\":\"Steigern Sie Ihr Training\",\"fr\":\"\\u00c9levez vos entra\\u00eenements\",\"en\":\"Elevate Your Workouts\"}','{\"de\":\"Entspannte Passform f\\u00fcr Komfort beim Training.\",\"fr\":\"Coupe d\\u00e9contract\\u00e9e pour plus de confort pendant l&#39;exercice.\",\"en\":\"Relaxed fit for comfort during exercise.\"}',2,0,38,200,'W-TR003',0,225,'{\"url\": \"https://shoptopus.test/sample-store-data/sample-store-1/product-images/ladies-trousers-3.jpg\", \"file_name\": \"ladies-trousers-3.jpg\"}',NULL,NULL,'2023-10-25 16:10:18','2023-10-25 16:11:18'),('9a74781d-660b-42f7-9e96-ad82a8a8727b','{\"de\":\"Klassische Crew-Socken aus Baumwolle\",\"fr\":\"Chaussettes classiques en coton\",\"en\":\"Classic Cotton Crew Socks\"}','classic-cotton-crew-socks-1','{\"de\":\"Zeitloser Komfort in diesen klassischen Crew-Socken aus Baumwolle.\",\"fr\":\"Confort intemporel avec ces chaussettes classiques en coton.\",\"en\":\"Timeless comfort in these classic cotton crew socks.\"}','{\"de\":\"Werten Sie Ihren Stil mit diesen klassischen Crew-Socken aus Baumwolle auf. Das zeitlose Design und die weiche, atmungsaktive Baumwolle machen sie perfekt f\\u00fcr jeden Anlass. Ob f\\u00fcr eine formelle Veranstaltung oder einen besonderen Abend, diese Socken bieten sowohl Komfort als auch Eleganz. Erh\\u00e4ltlich in verschiedenen Farben, passend zu Ihrem Look.\",\"fr\":\"Am\\u00e9liorez votre style avec ces chaussettes classiques en coton. Leur design intemporel et leur coton doux et respirant les rendent parfaits pour toutes les occasions. Que ce soit pour un \\u00e9v\\u00e9nement formel ou une soir\\u00e9e sp\\u00e9ciale, ces chaussettes offrent \\u00e0 la fois confort et \\u00e9l\\u00e9gance. Disponible en diff\\u00e9rentes couleurs pour correspondre \\u00e0 votre look.\",\"en\":\"Elevate your style with these Classic Cotton Crew Socks. The timeless design and soft, breathable cotton make them perfect for any occasion. Whether for a formal event or a special evening out, these socks offer both comfort and elegance. Available in various colors to match your look.\"}',12.99,'{\"de\":\"Zeitlose Eleganz\",\"fr\":\"\\u00c9l\\u00e9gance intemporelle\",\"en\":\"Timeless Elegance\"}','{\"de\":\"Perfekt f\\u00fcr formelle Veranstaltungen und besondere Abende.\",\"fr\":\"Parfait pour les \\u00e9v\\u00e9nements formels et les soir\\u00e9es sp\\u00e9ciales.\",\"en\":\"Perfect for formal events and special evenings.\"}',1,0,106,150,'W-SK001',0,220,'{\"url\": \"https://shoptopus.test/sample-store-data/sample-store-1/product-images/ladies-socks-1.jpg\", \"file_name\": \"ladies-socks-1.jpg\"}',NULL,NULL,'2023-10-25 16:10:19','2023-10-25 16:11:18'),('9a74781f-10cc-4cac-aa74-c373841f91c5','{\"de\":\"Sportliche S\\u00f6ckchen\",\"fr\":\"Socquettes sportives\",\"en\":\"Sporty Ankle Socks\"}','sporty-ankle-socks-1','{\"de\":\"Verbessern Sie Ihr Training mit diesen bequemen Kn\\u00f6chelsocken.\",\"fr\":\"Am\\u00e9liorez votre entra\\u00eenement avec ces chaussettes confortables.\",\"en\":\"Elevate your workout with these comfortable ankle socks.\"}','{\"de\":\"Werten Sie Ihren sportlichen Stil mit diesen sportlichen S\\u00f6ckchen auf. Das gepolsterte Design und die gute Passform sorgen f\\u00fcr Komfort und Unterst\\u00fctzung beim Training oder bei Outdoor-Aktivit\\u00e4ten. Ob f\\u00fcr einen Lauf oder eine Sportveranstaltung, diese Socken sind eine vielseitige Erg\\u00e4nzung Ihrer Sammlung.\",\"fr\":\"Am\\u00e9liorez votre style athl\\u00e9tique avec ces chaussettes sportives. La conception rembourr\\u00e9e et la coupe ajust\\u00e9e offrent confort et soutien pendant les entra\\u00eenements ou les activit\\u00e9s de plein air. Que ce soit pour une course ou un \\u00e9v\\u00e9nement sportif, ces chaussettes sont un ajout polyvalent \\u00e0 votre collection.\",\"en\":\"Upgrade your athletic style with these Sporty Ankle Socks. The cushioned design and snug fit provide comfort and support during workouts or outdoor activities. Whether for a run or a sports event, these socks are a versatile addition to your collection.\"}',14.50,'{\"de\":\"Steigern Sie Ihr Training\",\"fr\":\"\\u00c9levez vos entra\\u00eenements\",\"en\":\"Elevate Your Workouts\"}','{\"de\":\"Gepolstertes Design f\\u00fcr Komfort und Unterst\\u00fctzung beim Training.\",\"fr\":\"Conception rembourr\\u00e9e pour plus de confort et de soutien pendant l&#39;exercice.\",\"en\":\"Cushioned design for comfort and support during exercise.\"}',2,0,105,180,'W-SK002',0,230,'{\"url\": \"https://shoptopus.test/sample-store-data/sample-store-1/product-images/ladies-socks-2.jpg\", \"file_name\": \"ladies-socks-2.jpg\"}',NULL,NULL,'2023-10-25 16:10:20','2023-10-25 16:11:18'),('9a747820-e766-4f7c-bf44-d6c971ef2249','{\"de\":\"L\\u00e4ssige Low-Cut-Socken\",\"fr\":\"Chaussettes basses d\\u00e9contract\\u00e9es\",\"en\":\"Casual Low-Cut Socks\"}','casual-low-cut-socks-1','{\"de\":\"Bleiben Sie l\\u00e4ssig und bequem mit diesen vielseitigen, niedrig geschnittenen Socken.\",\"fr\":\"Restez d\\u00e9contract\\u00e9 et confortable avec ces chaussettes basses polyvalentes.\",\"en\":\"Stay casual and comfy with these versatile low-cut socks.\"}','{\"de\":\"Finden Sie Komfort in diesen l\\u00e4ssigen Low-Cut-Socken. Ihr tief ausgeschnittenes Design und ihr vielseitiger Stil machen sie perfekt f\\u00fcr entspannte Tage. Diese Socken sind aus weichen, atmungsaktiven Materialien gefertigt und halten Ihre F\\u00fc\\u00dfe gl\\u00fccklich. Ob f\\u00fcr ein Wochenende zu Hause oder einen entspannten Tagesausflug, sie sind ein Muss in Ihrer Sockensammlung.\",\"fr\":\"Trouvez le confort dans ces chaussettes basses d\\u00e9contract\\u00e9es. Leur coupe basse et leur style polyvalent les rendent parfaits pour les journ\\u00e9es d\\u00e9contract\\u00e9es. Fabriqu\\u00e9es \\u00e0 partir de mat\\u00e9riaux doux et respirants, ces chaussettes gardent vos pieds heureux. Que ce soit pour un week-end \\u00e0 la maison ou une journ\\u00e9e d\\u00e9contract\\u00e9e, elles sont un incontournable de votre collection de chaussettes.\",\"en\":\"Find comfort in these Casual Low-Cut Socks. Their low-cut design and versatile style make them perfect for laid-back days. Crafted from soft, breathable materials, these socks keep your feet happy. Whether for a weekend at home or a casual day out, they\'re a must-have in your sock collection.\"}',11.99,'{\"de\":\"L\\u00e4ssiger Komfort\",\"fr\":\"Confort d\\u00e9contract\\u00e9\",\"en\":\"Casual Comfort\"}','{\"de\":\"Low-Cut-Stil f\\u00fcr entspannte Tage.\",\"fr\":\"Style d\\u00e9collet\\u00e9 pour des journ\\u00e9es faciles et d\\u00e9contract\\u00e9es.\",\"en\":\"Low-cut style for easy and laid-back days.\"}',1,0,71,120,'W-SK003',0,240,'{\"url\": \"https://shoptopus.test/sample-store-data/sample-store-1/product-images/ladies-socks-3.jpg\", \"file_name\": \"ladies-socks-3.jpg\"}',NULL,NULL,'2023-10-25 16:10:21','2023-10-25 16:11:18'),('9a747822-9309-4a20-b742-b5a3d8b001ba','{\"de\":\"L\\u00e4ssige Slip-On-Sneaker\",\"fr\":\"Baskets d\\u00e9contract\\u00e9es \\u00e0 enfiler\",\"en\":\"Casual Slip-On Sneakers\"}','casual-slip-on-sneakers','{\"de\":\"Bleiben Sie bequem und stilvoll in diesen Slip-On-Sneakern.\",\"fr\":\"Restez confortable et \\u00e9l\\u00e9gant avec ces baskets \\u00e0 enfiler.\",\"en\":\"Stay comfy and stylish in these slip-on sneakers.\"}','{\"de\":\"Werten Sie Ihren l\\u00e4ssigen Stil mit diesen l\\u00e4ssigen Slip-On-Sneakern auf. Das Slip-On-Design und die bequeme Passform machen sie perfekt f\\u00fcr den Alltag. Ob f\\u00fcr einen Tagesausflug mit Freunden oder einen kurzen Ausflug in den Laden, diese Sneaker sind eine vielseitige Erg\\u00e4nzung Ihrer Sammlung.\",\"fr\":\"\\u00c9levez votre style d\\u00e9contract\\u00e9 avec ces baskets d\\u00e9contract\\u00e9es \\u00e0 enfiler. Leur design \\u00e0 enfiler et leur coupe confortable les rendent parfaits pour un usage quotidien. Que ce soit pour une journ\\u00e9e entre amis ou une visite rapide au magasin, ces baskets sont un ajout polyvalent \\u00e0 votre collection.\",\"en\":\"Elevate your casual style with these Casual Slip-On Sneakers. The slip-on design and comfortable fit make them perfect for everyday wear. Whether for a day out with friends or a quick trip to the store, these sneakers are a versatile addition to your collection.\"}',28.99,'{\"de\":\"M\\u00fcheloser Stil\",\"fr\":\"Style sans effort\",\"en\":\"Effortless Style\"}','{\"de\":\"Slip-on-Design f\\u00fcr einfaches und stilvolles Tragen.\",\"fr\":\"Conception \\u00e0 enfiler pour un port facile et \\u00e9l\\u00e9gant.\",\"en\":\"Slip-on design for easy and stylish wear.\"}',1,0,143,120,'W-SN001',0,215,'{\"url\": \"https://shoptopus.test/sample-store-data/sample-store-1/product-images/ladies-sneakers-1.jpg\", \"file_name\": \"ladies-sneakers-1.jpg\"}',NULL,NULL,'2023-10-25 16:10:23','2023-10-25 16:11:18'),('9a747824-1d85-4967-aa32-7c06af994493','{\"de\":\"Sportliche Laufsneaker\",\"fr\":\"Baskets de course sportives\",\"en\":\"Sporty Running Sneakers\"}','sporty-running-sneakers','{\"de\":\"Verbessern Sie Ihr Training mit diesen bequemen Laufsneakern.\",\"fr\":\"Am\\u00e9liorez votre entra\\u00eenement avec ces baskets de course confortables.\",\"en\":\"Elevate your workout with these comfortable running sneakers.\"}','{\"de\":\"Werten Sie Ihren sportlichen Stil mit diesen sportlichen Laufschuhen auf. Das gepolsterte Design und die st\\u00fctzende Passform sorgen f\\u00fcr Komfort beim Training oder bei Outdoor-Aktivit\\u00e4ten. Ob beim morgendlichen Joggen oder bei einer Sportveranstaltung, diese Laufsneaker sind eine vielseitige Erg\\u00e4nzung Ihrer Sammlung.\",\"fr\":\"Am\\u00e9liorez votre style athl\\u00e9tique avec ces baskets de course sportives. La conception rembourr\\u00e9e et la coupe de soutien offrent un confort pendant les entra\\u00eenements ou les activit\\u00e9s de plein air. Que ce soit pour un jogging matinal ou un \\u00e9v\\u00e9nement sportif, ces baskets de course sont un ajout polyvalent \\u00e0 votre collection.\",\"en\":\"Upgrade your athletic style with these Sporty Running Sneakers. The cushioned design and supportive fit provide comfort during workouts or outdoor activities. Whether for a morning jog or a sports event, these running sneakers are a versatile addition to your collection.\"}',25.50,'{\"de\":\"Steigern Sie Ihr Training\",\"fr\":\"\\u00c9levez vos entra\\u00eenements\",\"en\":\"Elevate Your Workouts\"}','{\"de\":\"Gepolstertes Design f\\u00fcr Komfort beim Training.\",\"fr\":\"Conception rembourr\\u00e9e pour plus de confort pendant l&#39;exercice.\",\"en\":\"Cushioned design for comfort during exercise.\"}',2,0,120,180,'W-SN002',0,210,'{\"url\": \"https://shoptopus.test/sample-store-data/sample-store-1/product-images/ladies-sneakers-2.jpg\", \"file_name\": \"ladies-sneakers-2.jpg\"}',NULL,NULL,'2023-10-25 16:10:24','2023-10-25 16:11:14'),('9a747825-dafc-4675-94cc-189a9a255a04','{\"de\":\"Modische High-Top-Sneaker\",\"fr\":\"Baskets montantes tendance\",\"en\":\"Fashion High-Top Sneakers\"}','fashion-high-top-sneakers','{\"de\":\"Werten Sie Ihren Stil mit diesen trendigen High-Top-Sneakern auf.\",\"fr\":\"Am\\u00e9liorez votre style avec ces baskets montantes tendance.\",\"en\":\"Upgrade your style with these trendy high-top sneakers.\"}','{\"de\":\"Bringen Sie Ihre Mode mit diesen modischen High-Top-Sneakern auf ein neues Niveau. Das trendige High-Top-Design und die schicken Details machen sie perfekt f\\u00fcr einen stilvollen Look. Ob f\\u00fcr einen Abend oder ein zwangloses Abendessen, diese High-Top-Sneaker sind eine vielseitige Erg\\u00e4nzung Ihrer Sammlung.\",\"fr\":\"\\u00c9levez votre jeu de mode avec ces baskets montantes tendance. Leur design montant tendance et leurs d\\u00e9tails chics les rendent parfaites pour un look \\u00e9l\\u00e9gant. Que ce soit pour une soir\\u00e9e ou un d\\u00eener d\\u00e9contract\\u00e9, ces baskets montantes sont un ajout polyvalent \\u00e0 votre collection.\",\"en\":\"Elevate your fashion game with these Fashion High-Top Sneakers. The trendy high-top design and chic details make them perfect for a stylish look. Whether for a night out or a casual dinner, these high-top sneakers are a versatile addition to your collection.\"}',29.99,'{\"de\":\"Trendige Eleganz\",\"fr\":\"\\u00c9l\\u00e9gance tendance\",\"en\":\"Trendy Elegance\"}','{\"de\":\"High-Top-Design f\\u00fcr einen modischen Look.\",\"fr\":\"Design haut de gamme pour un look tendance.\",\"en\":\"High-top design for a fashionable look.\"}',1,0,124,150,'W-SN003',0,220,'{\"url\": \"https://shoptopus.test/sample-store-data/sample-store-1/product-images/ladies-sneakers-3.jpg\", \"file_name\": \"ladies-sneakers-3.jpg\"}',NULL,NULL,'2023-10-25 16:10:25','2023-10-25 16:11:18'),('9a747827-84af-4f0f-80f6-4aecb04a913c','{\"de\":\"L\\u00e4ssige Slide-Sandalen\",\"fr\":\"Sandales \\u00e0 glissi\\u00e8re d\\u00e9contract\\u00e9es\",\"en\":\"Casual Slide Sandals\"}','casual-slide-sandals','{\"de\":\"Bleiben Sie bequem und stilvoll in diesen Slide-Sandalen.\",\"fr\":\"Restez confortable et \\u00e9l\\u00e9gant dans ces sandales \\u00e0 glissi\\u00e8re.\",\"en\":\"Stay comfy and stylish in these slide sandals.\"}','{\"de\":\"Werten Sie Ihren l\\u00e4ssigen Stil mit diesen Casual Slide Sandalen auf. Das Slide-Design und die bequeme Passform machen sie perfekt f\\u00fcr den Alltag. Ob f\\u00fcr einen Tagesausflug mit Freunden oder einen kurzen Ausflug in den Laden, diese Sandalen sind eine vielseitige Erg\\u00e4nzung Ihrer Sammlung.\",\"fr\":\"\\u00c9levez votre style d\\u00e9contract\\u00e9 avec ces sandales \\u00e0 glissi\\u00e8re d\\u00e9contract\\u00e9es. Leur design coulissant et leur coupe confortable les rendent parfaits pour un usage quotidien. Que ce soit pour une journ\\u00e9e entre amis ou une visite rapide au magasin, ces sandales sont un ajout polyvalent \\u00e0 votre collection.\",\"en\":\"Elevate your casual style with these Casual Slide Sandals. The slide design and comfortable fit make them perfect for everyday wear. Whether for a day out with friends or a quick trip to the store, these sandals are a versatile addition to your collection.\"}',19.99,'{\"de\":\"M\\u00fcheloser Stil\",\"fr\":\"Style sans effort\",\"en\":\"Effortless Style\"}','{\"de\":\"Slide-Design f\\u00fcr einfaches und stilvolles Tragen.\",\"fr\":\"Conception coulissante pour un port facile et \\u00e9l\\u00e9gant.\",\"en\":\"Slide design for easy and stylish wear.\"}',1,0,118,130,'W-SA001',0,210,'{\"url\": \"https://shoptopus.test/sample-store-data/sample-store-1/product-images/ladies-sandals-1.jpg\", \"file_name\": \"ladies-sandals-1.jpg\"}',NULL,NULL,'2023-10-25 16:10:26','2023-10-25 16:11:18'),('9a747829-4ef1-42cc-9708-4a3bc11d5245','{\"de\":\"Riemchen-Strandsandalen\",\"fr\":\"Sandales de plage \\u00e0 lani\\u00e8res\",\"en\":\"Strappy Beach Sandals\"}','strappy-beach-sandals','{\"de\":\"Werten Sie Ihren Strandlook mit diesen bequemen Riemchensandalen auf.\",\"fr\":\"Rehaussez votre look de plage avec ces sandales \\u00e0 lani\\u00e8res confortables.\",\"en\":\"Elevate your beach look with these comfortable strappy sandals.\"}','{\"de\":\"Werten Sie Ihren Strandstil mit diesen Riemchen-Strandsandalen auf. Das Riemchendesign und die leichte Passform sorgen f\\u00fcr Komfort im Strandurlaub oder an sonnigen Tagen. Ob f\\u00fcr einen Strandtag oder eine Party am Pool, diese Sandalen sind eine vielseitige Erg\\u00e4nzung Ihrer Sammlung.\",\"fr\":\"Am\\u00e9liorez votre style de plage avec ces sandales de plage \\u00e0 lani\\u00e8res. Le design \\u00e0 bretelles et la coupe l\\u00e9g\\u00e8re offrent un confort pendant les vacances \\u00e0 la plage ou les journ\\u00e9es ensoleill\\u00e9es. Que ce soit pour une journ\\u00e9e \\u00e0 la plage ou une f\\u00eate au bord de la piscine, ces sandales sont un ajout polyvalent \\u00e0 votre collection.\",\"en\":\"Upgrade your beach style with these Strappy Beach Sandals. The strappy design and lightweight fit provide comfort during beach vacations or sunny days. Whether for a beach day or a poolside party, these sandals are a versatile addition to your collection.\"}',23.50,'{\"de\":\"Strand-Eleganz\",\"fr\":\"\\u00c9l\\u00e9gance de plage\",\"en\":\"Beach Elegance\"}','{\"de\":\"Riemchendesign f\\u00fcr Komfort an Strandtagen.\",\"fr\":\"Conception \\u00e0 bretelles pour plus de confort pendant les journ\\u00e9es \\u00e0 la plage.\",\"en\":\"Strappy design for comfort during beach days.\"}',2,0,57,160,'W-SA002',0,215,'{\"url\": \"https://shoptopus.test/sample-store-data/sample-store-1/product-images/ladies-sandals-2.jpg\", \"file_name\": \"ladies-sandals-2.jpg\"}',NULL,NULL,'2023-10-25 16:10:27','2023-10-25 16:11:18'),('9a74782b-0e42-45c0-acff-3487b1a8e4c4','{\"de\":\"Modische Keilsandalen\",\"fr\":\"Sandales compens\\u00e9es \\u00e0 la mode\",\"en\":\"Fashion Wedge Sandals\"}','fashion-wedge-sandals','{\"de\":\"Werten Sie Ihren Stil mit diesen trendigen Keilsandalen auf.\",\"fr\":\"Am\\u00e9liorez votre style avec ces sandales compens\\u00e9es tendance.\",\"en\":\"Upgrade your style with these trendy wedge sandals.\"}','{\"de\":\"Bringen Sie Ihre Mode mit diesen modischen Keilsandalen auf ein neues Niveau. Das trendige Keildesign und die schicken Details machen sie perfekt f\\u00fcr einen stilvollen Look. Ob f\\u00fcr einen Abend oder ein zwangloses Abendessen, diese Keilsandaletten sind eine vielseitige Erg\\u00e4nzung Ihrer Sammlung.\",\"fr\":\"\\u00c9levez votre jeu de mode avec ces sandales compens\\u00e9es tendance. Le design compens\\u00e9 tendance et les d\\u00e9tails chics les rendent parfaits pour un look \\u00e9l\\u00e9gant. Que ce soit pour une soir\\u00e9e ou un d\\u00eener d\\u00e9contract\\u00e9, ces sandales compens\\u00e9es sont un ajout polyvalent \\u00e0 votre collection.\",\"en\":\"Elevate your fashion game with these Fashion Wedge Sandals. The trendy wedge design and chic details make them perfect for a stylish look. Whether for a night out or a casual dinner, these wedge sandals are a versatile addition to your collection.\"}',28.99,'{\"de\":\"Trendige Eleganz\",\"fr\":\"\\u00c9l\\u00e9gance tendance\",\"en\":\"Trendy Elegance\"}','{\"de\":\"Keildesign f\\u00fcr einen modischen Look.\",\"fr\":\"Design compens\\u00e9 pour un look tendance.\",\"en\":\"Wedge design for a fashionable look.\"}',1,0,131,140,'W-SA003',0,220,'{\"url\": \"https://shoptopus.test/sample-store-data/sample-store-1/product-images/ladies-sandals-3.jpg\", \"file_name\": \"ladies-sandals-3.jpg\"}',NULL,NULL,'2023-10-25 16:10:28','2023-10-25 16:11:19'),('9a74782c-e18a-4cbe-ac40-3290e193835b','{\"de\":\"Klassische Stiefeletten\",\"fr\":\"Bottines classiques\",\"en\":\"Classic Ankle Boots\"}','classic-ankle-boots','{\"de\":\"Zeitloser Stil in diesen klassischen Stiefeletten.\",\"fr\":\"Style intemporel avec ces bottines classiques.\",\"en\":\"Timeless style in these classic ankle boots.\"}','{\"de\":\"Bringen Sie Ihre Mode mit diesen klassischen Stiefeletten auf ein neues Niveau. Das zeitlose Design und die hochwertigen Materialien machen sie perfekt f\\u00fcr einen stilvollen Look. Ob f\\u00fcr einen Abend oder ein zwangloses Abendessen, diese Stiefeletten bieten sowohl Stil als auch Raffinesse. Erh\\u00e4ltlich in verschiedenen Farben, passend zu Ihrem Ensemble.\",\"fr\":\"\\u00c9levez votre jeu de mode avec ces bottines classiques. Leur design intemporel et leurs mat\\u00e9riaux de haute qualit\\u00e9 les rendent parfaits pour un look \\u00e9l\\u00e9gant. Que ce soit pour une soir\\u00e9e ou un d\\u00eener d\\u00e9contract\\u00e9, ces bottines offrent \\u00e0 la fois style et sophistication. Disponible en diff\\u00e9rentes couleurs pour correspondre \\u00e0 votre ensemble.\",\"en\":\"Elevate your fashion game with these Classic Ankle Boots. The timeless design and high-quality materials make them perfect for a stylish look. Whether for a night out or a casual dinner, these ankle boots offer both style and sophistication. Available in various colors to match your ensemble.\"}',27.99,'{\"de\":\"Zeitlose Eleganz\",\"fr\":\"\\u00c9l\\u00e9gance intemporelle\",\"en\":\"Timeless Elegance\"}','{\"de\":\"Perfekt f\\u00fcr stilvolle Abende und entspannte Ausfl\\u00fcge.\",\"fr\":\"Parfait pour les soir\\u00e9es styl\\u00e9es et les sorties d\\u00e9contract\\u00e9es.\",\"en\":\"Perfect for stylish evenings and casual outings.\"}',2,0,120,180,'W-BO001',0,230,'{\"url\": \"https://shoptopus.test/sample-store-data/sample-store-1/product-images/ladies-boots-1.jpg\", \"file_name\": \"ladies-boots-1.jpg\"}',NULL,NULL,'2023-10-25 16:10:29','2023-10-25 16:11:12'),('9a74782e-df26-4d31-99a2-400a7955af50','{\"de\":\"Schn\\u00fcr-Kampfstiefel\",\"fr\":\"Bottes de combat \\u00e0 lacets\",\"en\":\"Lace-Up Combat Boots\"}','lace-up-combat-boots','{\"de\":\"Veredeln Sie Ihren Stil mit diesen Schn\\u00fcr-Kampfstiefeln.\",\"fr\":\"Am\\u00e9liorez votre style avec ces bottes de combat \\u00e0 lacets.\",\"en\":\"Elevate your style with these lace-up combat boots.\"}','{\"de\":\"Werten Sie Ihre Mode mit diesen Schn\\u00fcr-Kampfstiefeln auf. Das Schn\\u00fcrdesign und die robuste Konstruktion machen sie perfekt f\\u00fcr einen stilvollen und robusten Look. Ob f\\u00fcr einen Abend oder ein zwangloses Abendessen, diese Kampfstiefel bieten Stil und Vielseitigkeit.\",\"fr\":\"Am\\u00e9liorez votre jeu de mode avec ces bottes de combat \\u00e0 lacets. La conception \\u00e0 lacets et la construction durable les rendent parfaites pour un look \\u00e9l\\u00e9gant et robuste. Que ce soit pour une soir\\u00e9e ou un d\\u00eener d\\u00e9contract\\u00e9, ces bottes de combat offrent style et polyvalence.\",\"en\":\"Upgrade your fashion game with these Lace-Up Combat Boots. The lace-up design and durable construction make them perfect for a stylish and rugged look. Whether for a night out or a casual dinner, these combat boots offer style and versatility.\"}',26.50,'{\"de\":\"Robuste Eleganz\",\"fr\":\"\\u00c9l\\u00e9gance robuste\",\"en\":\"Rugged Elegance\"}','{\"de\":\"Schn\\u00fcrdesign f\\u00fcr einen stilvollen und robusten Look.\",\"fr\":\"Conception \\u00e0 lacets pour un look \\u00e9l\\u00e9gant et robuste.\",\"en\":\"Lace-up design for a stylish and sturdy look.\"}',1,0,87,160,'W-BO002',0,235,'{\"url\": \"https://shoptopus.test/sample-store-data/sample-store-1/product-images/ladies-boots-2.jpg\", \"file_name\": \"ladies-boots-2.jpg\"}',NULL,NULL,'2023-10-25 16:10:30','2023-10-25 16:11:19'),('9a747830-7ee3-4148-866d-a8c603645d29','{\"de\":\"Modische kniehohe Stiefel\",\"fr\":\"Bottes hautes \\u00e0 la mode\",\"en\":\"Fashion Knee-High Boots\"}','fashion-knee-high-boots','{\"de\":\"Werten Sie Ihren Stil mit diesen trendigen kniehohen Stiefeln auf.\",\"fr\":\"Am\\u00e9liorez votre style avec ces bottes hautes tendance.\",\"en\":\"Upgrade your style with these trendy knee-high boots.\"}','{\"de\":\"Bringen Sie Ihre Mode mit diesen modischen kniehohen Stiefeln auf ein neues Niveau. Das trendige kniehohe Design und die schicken Details machen sie perfekt f\\u00fcr einen stilvollen Look. Ob f\\u00fcr einen Abend oder ein zwangloses Abendessen, diese kniehohen Stiefel bieten Stil und Raffinesse. Erh\\u00e4ltlich in verschiedenen Farben, passend zu Ihrem Ensemble.\",\"fr\":\"\\u00c9levez votre jeu de mode avec ces bottes hautes tendance. Le design tendance jusqu&#39;aux genoux et les d\\u00e9tails chics les rendent parfaits pour un look \\u00e9l\\u00e9gant. Que ce soit pour une soir\\u00e9e ou un d\\u00eener d\\u00e9contract\\u00e9, ces bottes hauteur genou offrent style et sophistication. Disponible en diff\\u00e9rentes couleurs pour correspondre \\u00e0 votre ensemble.\",\"en\":\"Elevate your fashion game with these Fashion Knee-High Boots. The trendy knee-high design and chic details make them perfect for a stylish look. Whether for a night out or a casual dinner, these knee-high boots offer style and sophistication. Available in various colors to match your ensemble.\"}',29.99,'{\"de\":\"Trendige Eleganz\",\"fr\":\"\\u00c9l\\u00e9gance tendance\",\"en\":\"Trendy Elegance\"}','{\"de\":\"Kniehohes Design f\\u00fcr einen modischen Look.\",\"fr\":\"Conception \\u00e0 hauteur de genou pour un look tendance.\",\"en\":\"Knee-high design for a fashionable look.\"}',2,0,102,150,'W-BO003',0,240,'{\"url\": \"https://shoptopus.test/sample-store-data/sample-store-1/product-images/ladies-boots-3.jpg\", \"file_name\": \"ladies-boots-3.jpg\"}',NULL,NULL,'2023-10-25 16:10:32','2023-10-25 16:11:19'),('9a747832-ac4b-4ee6-8869-2e25f79bc272','{\"de\":\"Plateau-Slip-On-Schuhe\",\"fr\":\"Chaussures \\u00e0 plateforme \\u00e0 enfiler\",\"en\":\"Platform Slip-On Shoes\"}','platform-slip-on-shoes','{\"de\":\"Werten Sie Ihren Stil mit diesen trendigen Plateau-Slip-On-Schuhen auf.\",\"fr\":\"Am\\u00e9liorez votre style avec ces chaussures \\u00e0 enfiler \\u00e0 plateforme tendance.\",\"en\":\"Elevate your style with these trendy platform slip-on shoes.\"}','{\"de\":\"Bringen Sie Ihre Mode mit diesen Plateau-Slip-On-Schuhen auf ein neues Niveau. Das trendige Plateau-Design und die schicken Details machen sie perfekt f\\u00fcr einen stilvollen Look. Ob f\\u00fcr einen Abend oder ein zwangloses Abendessen, diese Plateau-Slipper bieten Stil und Raffinesse. Erh\\u00e4ltlich in verschiedenen Farben, passend zu Ihrem Ensemble.\",\"fr\":\"\\u00c9levez votre jeu de mode avec ces chaussures \\u00e0 plateforme \\u00e0 enfiler. Le design tendance de la plateforme et les d\\u00e9tails chics les rendent parfaits pour un look \\u00e9l\\u00e9gant. Que ce soit pour une soir\\u00e9e ou un d\\u00eener d\\u00e9contract\\u00e9, ces chaussures \\u00e0 enfiler \\u00e0 plateforme offrent style et sophistication. Disponible en diff\\u00e9rentes couleurs pour correspondre \\u00e0 votre ensemble.\",\"en\":\"Elevate your fashion game with these Platform Slip-On Shoes. The trendy platform design and chic details make them perfect for a stylish look. Whether for a night out or a casual dinner, these platform slip-on shoes offer style and sophistication. Available in various colors to match your ensemble.\"}',28.99,'{\"de\":\"Trendige Eleganz\",\"fr\":\"\\u00c9l\\u00e9gance tendance\",\"en\":\"Trendy Elegance\"}','{\"de\":\"Plateau-Design f\\u00fcr einen modischen Look.\",\"fr\":\"Conception de plateforme pour un look tendance.\",\"en\":\"Platform design for a fashionable look.\"}',1,0,128,140,'W-PS001',0,235,'{\"url\": \"https://shoptopus.test/sample-store-data/sample-store-1/product-images/ladies-platform-shoes-1.jpg\", \"file_name\": \"ladies-platform-shoes-1.jpg\"}',NULL,NULL,'2023-10-25 16:10:33','2023-10-25 16:11:19'),('9a747834-63a6-46a1-b33d-abeb1dc773d9','{\"de\":\"Plateausandalen mit klobigem Absatz\",\"fr\":\"Sandales \\u00e0 plateforme et talons \\u00e9pais\",\"en\":\"Chunky Heel Platform Sandals\"}','chunky-heel-platform-sandals','{\"de\":\"Werten Sie Ihren Stil mit diesen trendigen Plateausandalen mit klobigem Absatz auf.\",\"fr\":\"Am\\u00e9liorez votre style avec ces sandales \\u00e0 plateforme tendance \\u00e0 talons \\u00e9pais.\",\"en\":\"Elevate your style with these trendy chunky heel platform sandals.\"}','{\"de\":\"Werten Sie Ihre Mode mit diesen Plateausandalen mit klobigem Absatz auf. Das klobige Plateau-Design und die schicken Details machen sie perfekt f\\u00fcr einen stilvollen Look. Ob f\\u00fcr einen Abend oder ein zwangloses Abendessen, diese Plateausandalen bieten Stil und Raffinesse. Erh\\u00e4ltlich in verschiedenen Farben, passend zu Ihrem Ensemble.\",\"fr\":\"Am\\u00e9liorez votre jeu de mode avec ces sandales \\u00e0 plateforme \\u00e0 talons \\u00e9pais. Le design de la plateforme \\u00e0 talon \\u00e9pais et les d\\u00e9tails chics les rendent parfaits pour un look \\u00e9l\\u00e9gant. Que ce soit pour une soir\\u00e9e ou un d\\u00eener d\\u00e9contract\\u00e9, ces sandales \\u00e0 plateforme offrent style et sophistication. Disponible en diff\\u00e9rentes couleurs pour correspondre \\u00e0 votre ensemble.\",\"en\":\"Upgrade your fashion game with these Chunky Heel Platform Sandals. The chunky heel platform design and chic details make them perfect for a stylish look. Whether for a night out or a casual dinner, these platform sandals offer style and sophistication. Available in various colors to match your ensemble.\"}',29.50,'{\"de\":\"Trendige Eleganz\",\"fr\":\"\\u00c9l\\u00e9gance tendance\",\"en\":\"Trendy Elegance\"}','{\"de\":\"Plateau-Design mit klobigem Absatz f\\u00fcr einen modischen Look.\",\"fr\":\"Conception de plate-forme \\u00e0 talon \\u00e9pais pour un look \\u00e0 la mode.\",\"en\":\"Chunky heel platform design for a fashionable look.\"}',2,0,53,160,'W-PS002',0,240,'{\"url\": \"https://shoptopus.test/sample-store-data/sample-store-1/product-images/ladies-platform-shoes-2.jpg\", \"file_name\": \"ladies-platform-shoes-2.jpg\"}',NULL,NULL,'2023-10-25 16:10:34','2023-10-25 16:11:19'),('9a747836-2acb-4e2a-b26e-f6ffb98f3eca','{\"de\":\"Schn\\u00fcrstiefel mit Plateausohle\",\"fr\":\"Bottes \\u00e0 plateforme \\u00e0 lacets\",\"en\":\"Lace-Up Platform Boots\"}','lace-up-platform-boots','{\"de\":\"Werten Sie Ihren Stil mit diesen trendigen Plateaustiefeln zum Schn\\u00fcren auf.\",\"fr\":\"Am\\u00e9liorez votre style avec ces bottes \\u00e0 plateforme \\u00e0 lacets tendance.\",\"en\":\"Elevate your style with these trendy lace-up platform boots.\"}','{\"de\":\"Werten Sie Ihre Mode mit diesen Schn\\u00fcrstiefeln mit Plateausohle auf. Das Schn\\u00fcr-Plateau-Design und die schicken Details machen sie perfekt f\\u00fcr einen stilvollen Look. Ob f\\u00fcr einen Abend oder ein zwangloses Abendessen, diese Plateaustiefel bieten Stil und Raffinesse. Erh\\u00e4ltlich in verschiedenen Farben, passend zu Ihrem Ensemble.\",\"fr\":\"Am\\u00e9liorez votre jeu de mode avec ces bottes \\u00e0 plateforme \\u00e0 lacets. La conception de la plateforme \\u00e0 lacets et les d\\u00e9tails chics les rendent parfaits pour un look \\u00e9l\\u00e9gant. Que ce soit pour une soir\\u00e9e ou un d\\u00eener d\\u00e9contract\\u00e9, ces bottes \\u00e0 plateforme offrent style et sophistication. Disponible en diff\\u00e9rentes couleurs pour correspondre \\u00e0 votre ensemble.\",\"en\":\"Upgrade your fashion game with these Lace-Up Platform Boots. The lace-up platform design and chic details make them perfect for a stylish look. Whether for a night out or a casual dinner, these platform boots offer style and sophistication. Available in various colors to match your ensemble.\"}',31.99,'{\"de\":\"Trendige Eleganz\",\"fr\":\"\\u00c9l\\u00e9gance tendance\",\"en\":\"Trendy Elegance\"}','{\"de\":\"Schn\\u00fcr-Plateau-Design f\\u00fcr einen modischen Look.\",\"fr\":\"Conception de plate-forme \\u00e0 lacets pour un look tendance.\",\"en\":\"Lace-up platform design for a fashionable look.\"}',1,0,105,150,'W-PS003',0,245,'{\"url\": \"https://shoptopus.test/sample-store-data/sample-store-1/product-images/ladies-platform-shoes-3.jpg\", \"file_name\": \"ladies-platform-shoes-3.jpg\"}',NULL,NULL,'2023-10-25 16:10:35','2023-10-25 16:11:19'),('9a747837-fd5e-4cf2-85b4-63a666a3436a','{\"de\":\"Klassische Leder-Loafer\",\"fr\":\"Mocassins classiques en cuir\",\"en\":\"Classic Leather Loafers\"}','classic-leather-loafers','{\"de\":\"Zeitloser Stil in diesen klassischen Leder-Loafern.\",\"fr\":\"Style intemporel avec ces mocassins en cuir classiques.\",\"en\":\"Timeless style in these classic leather loafers.\"}','{\"de\":\"Werten Sie Ihre Mode mit diesen klassischen Leder-Loafern auf. Das zeitlose Design und das hochwertige Leder machen sie perfekt f\\u00fcr einen stilvollen Look. Ob f\\u00fcr einen Abend oder ein zwangloses Abendessen, diese Slipper bieten sowohl Stil als auch Raffinesse.\",\"fr\":\"\\u00c9levez votre jeu de mode avec ces mocassins classiques en cuir. Leur design intemporel et leur cuir de haute qualit\\u00e9 les rendent parfaits pour un look \\u00e9l\\u00e9gant. Que ce soit pour une soir\\u00e9e ou un d\\u00eener d\\u00e9contract\\u00e9, ces mocassins offrent \\u00e0 la fois style et sophistication.\",\"en\":\"Elevate your fashion game with these Classic Leather Loafers. The timeless design and high-quality leather make them perfect for a stylish look. Whether for a night out or a casual dinner, these loafers offer both style and sophistication.\"}',27.99,'{\"de\":\"Zeitlose Eleganz\",\"fr\":\"\\u00c9l\\u00e9gance intemporelle\",\"en\":\"Timeless Elegance\"}','{\"de\":\"Perfekt f\\u00fcr stilvolle Abende und entspannte Ausfl\\u00fcge.\",\"fr\":\"Parfait pour les soir\\u00e9es styl\\u00e9es et les sorties d\\u00e9contract\\u00e9es.\",\"en\":\"Perfect for stylish evenings and casual outings.\"}',2,0,273,180,'M-LO001',0,225,'{\"url\": \"https://shoptopus.test/sample-store-data/sample-store-1/product-images/mens-loafers-1.jpg\", \"file_name\": \"mens-loafers-1.jpg\"}',NULL,NULL,'2023-10-25 16:10:37','2023-10-25 16:11:15'),('9a747839-c9d3-4710-897a-f25b5381c2c2','{\"de\":\"Wildleder-Quasten-Loafer\",\"fr\":\"Mocassins \\u00e0 pampilles en daim\",\"en\":\"Suede Tassel Loafers\"}','suede-tassel-loafers','{\"de\":\"Werten Sie Ihren Stil mit diesen Wildleder-Quasten-Loafern auf.\",\"fr\":\"Rehaussez votre style avec ces mocassins \\u00e0 pampilles en daim.\",\"en\":\"Elevate your style with these suede tassel loafers.\"}','{\"de\":\"Werten Sie Ihre Mode mit diesen Wildleder-Quasten-Loafern auf. Das Quastendesign und die Wildlederkonstruktion machen sie perfekt f\\u00fcr einen stilvollen und raffinierten Look. Ob f\\u00fcr einen Abend oder eine formelle Veranstaltung, diese Slipper bieten Stil und Vielseitigkeit.\",\"fr\":\"Am\\u00e9liorez votre jeu de mode avec ces mocassins \\u00e0 pampilles en daim. Le design \\u00e0 pampilles et la construction en daim les rendent parfaits pour un look \\u00e9l\\u00e9gant et raffin\\u00e9. Que ce soit pour une soir\\u00e9e ou un \\u00e9v\\u00e9nement formel, ces mocassins offrent style et polyvalence.\",\"en\":\"Upgrade your fashion game with these Suede Tassel Loafers. The tassel design and suede construction make them perfect for a stylish and refined look. Whether for a night out or a formal event, these loafers offer style and versatility.\"}',26.50,'{\"de\":\"Raffinierte Eleganz\",\"fr\":\"\\u00c9l\\u00e9gance raffin\\u00e9e\",\"en\":\"Refined Elegance\"}','{\"de\":\"Quasten-Design f\\u00fcr einen stilvollen und eleganten Look.\",\"fr\":\"Conception de gland pour un look \\u00e9l\\u00e9gant et poli.\",\"en\":\"Tassel design for a stylish and polished look.\"}',1,0,42,160,'M-LO002',0,230,'{\"url\": \"https://shoptopus.test/sample-store-data/sample-store-1/product-images/mens-loafers-2.jpg\", \"file_name\": \"mens-loafers-2.jpg\"}',NULL,NULL,'2023-10-25 16:10:38','2023-10-25 16:11:19'),('9a74783b-cf57-4103-8c03-8cf70613a692','{\"de\":\"Modische Slip-On-Loafer\",\"fr\":\"Mocassins \\u00e0 la mode \\u00e0 enfiler\",\"en\":\"Fashion Slip-On Loafers\"}','fashion-slip-on-loafers','{\"de\":\"Werten Sie Ihren Stil mit diesen trendigen Slippern zum Hineinschl\\u00fcpfen auf.\",\"fr\":\"Am\\u00e9liorez votre style avec ces mocassins \\u00e0 enfiler tendance.\",\"en\":\"Elevate your style with these trendy slip-on loafers.\"}','{\"de\":\"Werten Sie Ihre Mode mit diesen modischen Slip-On-Loafern auf. Das Slip-On-Design und die schicken Details machen sie perfekt f\\u00fcr einen stilvollen Look. Ob f\\u00fcr einen Abend oder ein zwangloses Abendessen, diese Slip-on-Loafer bieten Stil und Raffinesse.\",\"fr\":\"Am\\u00e9liorez votre jeu de mode avec ces mocassins \\u00e0 enfiler tendance. Leur design \\u00e0 enfiler et leurs d\\u00e9tails chics les rendent parfaits pour un look \\u00e9l\\u00e9gant. Que ce soit pour une soir\\u00e9e ou un d\\u00eener d\\u00e9contract\\u00e9, ces mocassins \\u00e0 enfiler offrent style et sophistication.\",\"en\":\"Upgrade your fashion game with these Fashion Slip-On Loafers. The slip-on design and chic details make them perfect for a stylish look. Whether for a night out or a casual dinner, these slip-on loafers offer style and sophistication.\"}',29.99,'{\"de\":\"Trendige Eleganz\",\"fr\":\"\\u00c9l\\u00e9gance tendance\",\"en\":\"Trendy Elegance\"}','{\"de\":\"Slip-on-Design f\\u00fcr einen modischen Look.\",\"fr\":\"Mod\\u00e8le \\u00e0 enfiler pour un look tendance.\",\"en\":\"Slip-on design for a fashionable look.\"}',2,0,85,150,'M-LO003',0,235,'{\"url\": \"https://shoptopus.test/sample-store-data/sample-store-1/product-images/mens-loafers-3.jpg\", \"file_name\": \"mens-loafers-3.jpg\"}',NULL,NULL,'2023-10-25 16:10:39','2023-10-25 16:11:19'),('9a74783d-65ac-4ef3-ae5f-8d321cd07f5c','{\"de\":\"L\\u00e4ssige Slide-Sandalen\",\"fr\":\"Sandales \\u00e0 glissi\\u00e8re d\\u00e9contract\\u00e9es\",\"en\":\"Casual Slide Sandals\"}','casual-slide-sandals-1','{\"de\":\"Bleiben Sie bequem und stilvoll in diesen Slide-Sandalen.\",\"fr\":\"Restez confortable et \\u00e9l\\u00e9gant dans ces sandales \\u00e0 glissi\\u00e8re.\",\"en\":\"Stay comfy and stylish in these slide sandals.\"}','{\"de\":\"Werten Sie Ihren l\\u00e4ssigen Stil mit diesen Casual Slide Sandalen auf. Das Slide-Design und die bequeme Passform machen sie perfekt f\\u00fcr den Alltag. Ob f\\u00fcr einen Tagesausflug mit Freunden oder einen kurzen Ausflug in den Laden, diese Sandalen sind eine vielseitige Erg\\u00e4nzung Ihrer Sammlung.\",\"fr\":\"\\u00c9levez votre style d\\u00e9contract\\u00e9 avec ces sandales \\u00e0 glissi\\u00e8re d\\u00e9contract\\u00e9es. Leur design coulissant et leur coupe confortable les rendent parfaits pour un usage quotidien. Que ce soit pour une journ\\u00e9e entre amis ou une visite rapide au magasin, ces sandales sont un ajout polyvalent \\u00e0 votre collection.\",\"en\":\"Elevate your casual style with these Casual Slide Sandals. The slide design and comfortable fit make them perfect for everyday wear. Whether for a day out with friends or a quick trip to the store, these sandals are a versatile addition to your collection.\"}',19.99,'{\"de\":\"M\\u00fcheloser Stil\",\"fr\":\"Style sans effort\",\"en\":\"Effortless Style\"}','{\"de\":\"Slide-Design f\\u00fcr einfaches und stilvolles Tragen.\",\"fr\":\"Conception coulissante pour un port facile et \\u00e9l\\u00e9gant.\",\"en\":\"Slide design for easy and stylish wear.\"}',1,0,131,140,'M-SA001',0,220,'{\"url\": \"https://shoptopus.test/sample-store-data/sample-store-1/product-images/mens-sandals-1.jpg\", \"file_name\": \"mens-sandals-1.jpg\"}',NULL,NULL,'2023-10-25 16:10:40','2023-10-25 16:11:19'),('9a74783f-2c3b-4e2e-87ac-b95e6e01782f','{\"de\":\"Sportliche Outdoor-Sandalen\",\"fr\":\"Sandales d&#39;ext\\u00e9rieur sportives\",\"en\":\"Sporty Outdoor Sandals\"}','sporty-outdoor-sandals','{\"de\":\"Werten Sie Ihre Outdoor-Aktivit\\u00e4ten mit diesen bequemen, sportlichen Sandalen auf.\",\"fr\":\"Am\\u00e9liorez vos activit\\u00e9s de plein air avec ces sandales sportives confortables.\",\"en\":\"Elevate your outdoor activities with these comfortable sporty sandals.\"}','{\"de\":\"Werten Sie Ihren Outdoor-Stil mit diesen sportlichen Outdoor-Sandalen auf. Die bequeme Passform und das langlebige Design bieten Halt bei Outdoor-Aktivit\\u00e4ten. Ob f\\u00fcr einen Wanderausflug oder ein Camping-Abenteuer, diese sportlichen Sandalen sind eine vielseitige Erg\\u00e4nzung Ihrer Sammlung.\",\"fr\":\"Am\\u00e9liorez votre style ext\\u00e9rieur avec ces sandales d&#39;ext\\u00e9rieur sportives. La coupe confortable et la conception durable offrent un soutien pendant les activit\\u00e9s de plein air. Que ce soit pour une randonn\\u00e9e ou une aventure en camping, ces sandales sportives sont un ajout polyvalent \\u00e0 votre collection.\",\"en\":\"Upgrade your outdoor style with these Sporty Outdoor Sandals. The comfortable fit and durable design provide support during outdoor activities. Whether for a hiking trip or a camping adventure, these sporty sandals are a versatile addition to your collection.\"}',23.50,'{\"de\":\"Erh\\u00f6hen Sie Ihre Abenteuer\",\"fr\":\"\\u00c9levez vos aventures\",\"en\":\"Elevate Your Adventures\"}','{\"de\":\"Komfortables Design f\\u00fcr Outdoor-Aktivit\\u00e4ten.\",\"fr\":\"Conception confortable pour les activit\\u00e9s de plein air.\",\"en\":\"Comfortable design for outdoor activities.\"}',2,0,110,160,'M-SA002',0,225,'{\"url\": \"https://shoptopus.test/sample-store-data/sample-store-1/product-images/mens-sandals-2.jpg\", \"file_name\": \"mens-sandals-2.jpg\"}',NULL,NULL,'2023-10-25 16:10:41','2023-10-25 16:11:20'),('9a747840-e6ad-4739-a651-d8cdd03d72fa','{\"de\":\"Modische Flip-Flops\",\"fr\":\"Tongs tendance\",\"en\":\"Fashion Flip-Flops\"}','fashion-flip-flops','{\"de\":\"Werten Sie Ihren Strandlook mit diesen trendigen, modischen Flip-Flops auf.\",\"fr\":\"Am\\u00e9liorez votre look de plage avec ces tongs tendance.\",\"en\":\"Upgrade your beach look with these trendy fashion flip-flops.\"}','{\"de\":\"Werten Sie Ihren Strandstil mit diesen modischen Flip-Flops auf. Das trendige Flip-Flop-Design und die schicken Details machen sie perfekt f\\u00fcr einen stilvollen Strandtag. Ob f\\u00fcr einen Strandausflug oder eine Party am Pool, diese modischen Flip-Flops sind eine vielseitige Erg\\u00e4nzung Ihrer Sammlung.\",\"fr\":\"Am\\u00e9liorez votre style de plage avec ces tongs tendance. Le design tendance des tongs et les d\\u00e9tails chics les rendent parfaites pour une journ\\u00e9e \\u00e9l\\u00e9gante \\u00e0 la plage. Que ce soit pour une sortie \\u00e0 la plage ou une f\\u00eate au bord de la piscine, ces tongs tendance sont un ajout polyvalent \\u00e0 votre collection.\",\"en\":\"Elevate your beach style with these Fashion Flip-Flops. The trendy flip-flop design and chic details make them perfect for a stylish beach day. Whether for a beach outing or a poolside party, these fashion flip-flops are a versatile addition to your collection.\"}',21.99,'{\"de\":\"Strand-Eleganz\",\"fr\":\"\\u00c9l\\u00e9gance de plage\",\"en\":\"Beach Elegance\"}','{\"de\":\"Trendiges Design f\\u00fcr einen stilvollen Strandlook.\",\"fr\":\"Un design tendance pour un look de plage styl\\u00e9.\",\"en\":\"Trendy design for a stylish beach look.\"}',1,0,45,150,'M-SA003',0,230,'{\"url\": \"https://shoptopus.test/sample-store-data/sample-store-1/product-images/mens-sandals-3.jpg\", \"file_name\": \"mens-sandals-3.jpg\"}',NULL,NULL,'2023-10-25 16:10:42','2023-10-25 16:11:20'),('9a747842-6a35-4a29-9cc8-3e6ab4c8d128','{\"de\":\"Klassische Lederstiefel\",\"fr\":\"Bottes en cuir classiques\",\"en\":\"Classic Leather Boots\"}','classic-leather-boots','{\"de\":\"Zeitloser Stil in diesen klassischen Lederstiefeln.\",\"fr\":\"Style intemporel avec ces bottes en cuir classiques.\",\"en\":\"Timeless style in these classic leather boots.\"}','{\"de\":\"Bringen Sie Ihre Mode mit diesen klassischen Lederstiefeln auf ein neues Niveau. Das zeitlose Design und das hochwertige Leder machen sie perfekt f\\u00fcr einen stilvollen Look. Ob f\\u00fcr einen Abend oder ein zwangloses Abendessen, diese Stiefel bieten sowohl Stil als auch Raffinesse.\",\"fr\":\"\\u00c9levez votre jeu de mode avec ces bottes en cuir classiques. Leur design intemporel et leur cuir de haute qualit\\u00e9 les rendent parfaits pour un look \\u00e9l\\u00e9gant. Que ce soit pour une soir\\u00e9e ou un d\\u00eener d\\u00e9contract\\u00e9, ces bottes offrent \\u00e0 la fois style et sophistication.\",\"en\":\"Elevate your fashion game with these Classic Leather Boots. The timeless design and high-quality leather make them perfect for a stylish look. Whether for a night out or a casual dinner, these boots offer both style and sophistication.\"}',27.99,'{\"de\":\"Zeitlose Eleganz\",\"fr\":\"\\u00c9l\\u00e9gance intemporelle\",\"en\":\"Timeless Elegance\"}','{\"de\":\"Perfekt f\\u00fcr stilvolle Abende und entspannte Ausfl\\u00fcge.\",\"fr\":\"Parfait pour les soir\\u00e9es styl\\u00e9es et les sorties d\\u00e9contract\\u00e9es.\",\"en\":\"Perfect for stylish evenings and casual outings.\"}',2,0,151,190,'M-BO001',0,240,'{\"url\": \"https://shoptopus.test/sample-store-data/sample-store-1/product-images/mens-boots-1.jpg\", \"file_name\": \"mens-boots-1.jpg\"}',NULL,NULL,'2023-10-25 16:10:44','2023-10-25 16:11:20'),('9a747843-f82f-4313-9d10-2176f954d28d','{\"de\":\"Stilvolle Chelsea-Stiefel\",\"fr\":\"Bottines Chelsea \\u00e9l\\u00e9gantes\",\"en\":\"Stylish Chelsea Boots\"}','stylish-chelsea-boots','{\"de\":\"Werten Sie Ihren Stil mit diesen trendigen Chelsea-Stiefeln auf.\",\"fr\":\"Rehaussez votre style avec ces bottes Chelsea tendance.\",\"en\":\"Elevate your style with these trendy Chelsea boots.\"}','{\"de\":\"Werten Sie Ihr Modespiel mit diesen stilvollen Chelsea-Stiefeln auf. Das Chelsea-Boot-Design und die stilvollen Details machen sie perfekt f\\u00fcr einen modischen Look. Ob f\\u00fcr einen Abend oder ein zwangloses Abendessen, diese Chelsea-Stiefel bieten Stil und Raffinesse.\",\"fr\":\"Am\\u00e9liorez votre jeu de mode avec ces bottes Chelsea \\u00e9l\\u00e9gantes. Le design des bottines Chelsea et leurs d\\u00e9tails \\u00e9l\\u00e9gants les rendent parfaites pour un look tendance. Que ce soit pour une soir\\u00e9e ou un d\\u00eener d\\u00e9contract\\u00e9, ces bottes Chelsea offrent style et sophistication.\",\"en\":\"Upgrade your fashion game with these Stylish Chelsea Boots. The Chelsea boot design and stylish details make them perfect for a fashionable look. Whether for a night out or a casual dinner, these Chelsea boots offer style and sophistication.\"}',26.50,'{\"de\":\"Trendige Eleganz\",\"fr\":\"\\u00c9l\\u00e9gance tendance\",\"en\":\"Trendy Elegance\"}','{\"de\":\"Chelsea-Boot-Design f\\u00fcr einen modischen Look.\",\"fr\":\"Conception de bottes Chelsea pour un look tendance.\",\"en\":\"Chelsea boot design for a fashionable look.\"}',1,0,104,170,'M-BO002',0,245,'{\"url\": \"https://shoptopus.test/sample-store-data/sample-store-1/product-images/mens-boots-2.jpg\", \"file_name\": \"mens-boots-2.jpg\"}',NULL,NULL,'2023-10-25 16:10:45','2023-10-25 16:11:20'),('9a747845-b20e-487e-9f86-7b4e736ba01a','{\"de\":\"Outdoor-Wanderschuhe\",\"fr\":\"Bottes de randonn\\u00e9e en plein air\",\"en\":\"Outdoor Hiking Boots\"}','outdoor-hiking-boots','{\"de\":\"Erweitern Sie Ihre Outdoor-Abenteuer mit diesen bequemen Wanderstiefeln.\",\"fr\":\"Am\\u00e9liorez vos aventures en plein air avec ces bottes de randonn\\u00e9e confortables.\",\"en\":\"Elevate your outdoor adventures with these comfortable hiking boots.\"}','{\"de\":\"Werten Sie Ihr Outdoor-Spiel mit diesen Outdoor-Wanderstiefeln auf. Die bequeme Passform und das langlebige Design bieten Unterst\\u00fctzung beim Wandern und bei Outdoor-Aktivit\\u00e4ten. Ob f\\u00fcr einen Wanderausflug oder ein Camping-Abenteuer, diese Wanderstiefel sind eine vielseitige Erg\\u00e4nzung Ihrer Sammlung.\",\"fr\":\"Am\\u00e9liorez votre jeu en plein air avec ces bottes de randonn\\u00e9e en plein air. La coupe confortable et la conception durable offrent un soutien lors de la randonn\\u00e9e et des activit\\u00e9s de plein air. Que ce soit pour une randonn\\u00e9e ou une aventure en camping, ces bottes de randonn\\u00e9e sont un ajout polyvalent \\u00e0 votre collection.\",\"en\":\"Upgrade your outdoor game with these Outdoor Hiking Boots. The comfortable fit and durable design provide support during hiking and outdoor activities. Whether for a hiking trip or a camping adventure, these hiking boots are a versatile addition to your collection.\"}',29.99,'{\"de\":\"Erh\\u00f6hen Sie Ihre Abenteuer\",\"fr\":\"\\u00c9levez vos aventures\",\"en\":\"Elevate Your Adventures\"}','{\"de\":\"Komfortables Design f\\u00fcr Outdoor-Aktivit\\u00e4ten.\",\"fr\":\"Conception confortable pour les activit\\u00e9s de plein air.\",\"en\":\"Comfortable design for outdoor activities.\"}',2,0,196,160,'M-BO003',0,250,'{\"url\": \"https://shoptopus.test/sample-store-data/sample-store-1/product-images/mens-boots-3.jpg\", \"file_name\": \"mens-boots-3.jpg\"}',NULL,NULL,'2023-10-25 16:10:46','2023-10-25 16:11:14'),('9a747847-75ed-4965-99bf-7a5ce965c8c7','{\"de\":\"Sportliche Herren-Sneaker\",\"fr\":\"Baskets sportives pour hommes\",\"en\":\"Sporty Men\'s Sneakers\"}','sporty-mens-sneakers','{\"de\":\"Mit diesen sportlichen Sneakers bleiben Sie aktiv und stilvoll.\",\"fr\":\"Restez actif et \\u00e9l\\u00e9gant avec ces baskets sportives.\",\"en\":\"Stay active and stylish with these sporty sneakers.\"}','{\"de\":\"Bringen Sie Ihre sportlichen und modischen Akzente mit diesen sportlichen Herren-Sneakern auf ein neues Niveau. Das sportliche Design und die bequeme Passform machen sie perfekt f\\u00fcr einen trendigen Look und einen aktiven Lebensstil. Ob zum Laufen oder f\\u00fcr Freizeitausfl\\u00fcge, diese Sneaker bieten sowohl Stil als auch Komfort.\",\"fr\":\"\\u00c9levez votre jeu de sport et de mode avec ces baskets sportives pour hommes. Leur design sportif et leur coupe confortable les rendent parfaits pour un look tendance et un style de vie actif. Que ce soit pour le running ou les sorties d\\u00e9contract\\u00e9es, ces baskets offrent \\u00e0 la fois style et confort.\",\"en\":\"Elevate your sports and fashion game with these Sporty Men\'s Sneakers. The sporty design and comfortable fit make them perfect for a trendy look and active lifestyle. Whether for running or casual outings, these sneakers offer both style and comfort.\"}',25.99,'{\"de\":\"Stilvoll und aktiv\",\"fr\":\"\\u00c9l\\u00e9gant et actif\",\"en\":\"Stylish and Active\"}','{\"de\":\"Sportliches Design f\\u00fcr einen trendigen Look und aktiven Lebensstil.\",\"fr\":\"Un design sportif pour un look tendance et un style de vie actif.\",\"en\":\"Sporty design for a trendy look and active lifestyle.\"}',1,0,107,180,'M-SN001',0,220,'{\"url\": \"https://shoptopus.test/sample-store-data/sample-store-1/product-images/mens-sneakers-1.jpg\", \"file_name\": \"mens-sneakers-1.jpg\"}',NULL,NULL,'2023-10-25 16:10:47','2023-10-25 16:11:20'),('9a747849-2324-4c87-8812-df0d42b72937','{\"de\":\"Klassische Canvas-Sneaker\",\"fr\":\"Baskets classiques en toile\",\"en\":\"Classic Canvas Sneakers\"}','classic-canvas-sneakers','{\"de\":\"Werten Sie Ihren Freizeitstil mit diesen klassischen Canvas-Sneakern auf.\",\"fr\":\"Am\\u00e9liorez votre style d\\u00e9contract\\u00e9 avec ces baskets classiques en toile.\",\"en\":\"Upgrade your casual style with these classic canvas sneakers.\"}','{\"de\":\"Werten Sie Ihre Freizeitmode mit diesen klassischen Canvas-Sneakern auf. Das Canvas-Material und das zeitlose Design machen sie perfekt f\\u00fcr einen klassischen und bequemen Look. Ob f\\u00fcr einen Tagesausflug oder einen Wochenendspaziergang, diese Sneaker bieten sowohl Stil als auch Leichtigkeit.\",\"fr\":\"\\u00c9levez votre mode d\\u00e9contract\\u00e9e avec ces baskets classiques en toile. La mati\\u00e8re en toile et le design intemporel les rendent parfaits pour un look classique et confortable. Que ce soit pour une journ\\u00e9e ou une balade du week-end, ces baskets offrent \\u00e0 la fois style et aisance.\",\"en\":\"Elevate your casual fashion with these Classic Canvas Sneakers. The canvas material and timeless design make them perfect for a classic and comfortable look. Whether for a day out or a weekend stroll, these sneakers offer both style and ease.\"}',22.50,'{\"de\":\"Zeitloser Komfort\",\"fr\":\"Confort intemporel\",\"en\":\"Timeless Comfort\"}','{\"de\":\"Canvas-Material f\\u00fcr einen klassischen und bequemen Look.\",\"fr\":\"Mati\\u00e8re toile pour un look classique et confortable.\",\"en\":\"Canvas material for a classic and comfortable look.\"}',2,0,81,170,'M-SN002',0,225,'{\"url\": \"https://shoptopus.test/sample-store-data/sample-store-1/product-images/mens-sneakers-2.jpg\", \"file_name\": \"mens-sneakers-2.jpg\"}',NULL,NULL,'2023-10-25 16:10:48','2023-10-25 16:11:20'),('9a74784a-cfea-4b44-93d6-22e4782675d0','{\"de\":\"Moderne High-Top-Sneaker\",\"fr\":\"Baskets montantes modernes\",\"en\":\"Modern High-Top Sneakers\"}','modern-high-top-sneakers','{\"de\":\"Bleiben Sie mit diesen modernen High-Top-Sneakern im Trend.\",\"fr\":\"Restez tendance avec ces baskets montantes modernes.\",\"en\":\"Stay trendy with these modern high-top sneakers.\"}','{\"de\":\"Bringen Sie Ihre Mode mit diesen modernen High-Top-Sneakern auf ein neues Niveau. Das High-Top-Design und die stilvollen Details machen sie perfekt f\\u00fcr einen trendigen Look. Ob f\\u00fcr einen Abend mit Freunden oder einen Freizeitausflug, diese Sneaker bieten sowohl Stil als auch Flair.\",\"fr\":\"\\u00c9levez votre jeu de mode avec ces baskets montantes modernes. Leur design montant et leurs d\\u00e9tails \\u00e9l\\u00e9gants les rendent parfaits pour un look tendance. Que ce soit pour une soir\\u00e9e entre amis ou une sortie d\\u00e9contract\\u00e9e, ces baskets offrent \\u00e0 la fois style et flair.\",\"en\":\"Elevate your fashion game with these Modern High-Top Sneakers. The high-top design and stylish details make them perfect for a trendy look. Whether for a night out with friends or a casual outing, these sneakers offer both style and flair.\"}',28.99,'{\"de\":\"Trendig und stilvoll\",\"fr\":\"Tendance et \\u00e9l\\u00e9gant\",\"en\":\"Trendy and Stylish\"}','{\"de\":\"High-Top-Design f\\u00fcr einen trendigen und modischen Look.\",\"fr\":\"Design haut de gamme pour un look tendance et mode.\",\"en\":\"High-top design for a trendy and fashionable look.\"}',1,0,238,160,'M-SN003',0,230,'{\"url\": \"https://shoptopus.test/sample-store-data/sample-store-1/product-images/mens-sneakers-3.jpg\", \"file_name\": \"mens-sneakers-3.jpg\"}',NULL,NULL,'2023-10-25 16:10:49','2023-10-25 16:11:15'),('9a74784c-aca2-423c-bfe7-17161b6f4175','{\"de\":\"Schicke Cat-Eye-Sonnenbrille\",\"fr\":\"Lunettes de soleil \\u0153il-de-chat chics\",\"en\":\"Chic Cat-Eye Sunglasses\"}','chic-cat-eye-sunglasses','{\"de\":\"Werten Sie Ihren Stil mit dieser schicken Cat-Eye-Sonnenbrille auf.\",\"fr\":\"Rehaussez votre style avec ces lunettes de soleil chics \\u0153il-de-chat.\",\"en\":\"Elevate your style with these chic cat-eye sunglasses.\"}','{\"de\":\"Werten Sie Ihre Mode mit dieser schicken Cat-Eye-Sonnenbrille auf. Das Cat-Eye-Design und die stilvollen Details machen sie perfekt f\\u00fcr einen modischen Look. Ob f\\u00fcr einen Tagesausflug mit Freunden oder einen Strandausflug, diese Sonnenbrille bietet sowohl Stil als auch Sonnenschutz.\",\"fr\":\"Am\\u00e9liorez votre jeu de mode avec ces lunettes de soleil chics \\u0153il-de-chat. Le design \\u0153il de chat et les d\\u00e9tails \\u00e9l\\u00e9gants les rendent parfaits pour un look tendance. Que ce soit pour une journ\\u00e9e entre amis ou une sortie \\u00e0 la plage, ces lunettes de soleil offrent \\u00e0 la fois style et protection solaire.\",\"en\":\"Upgrade your fashion game with these Chic Cat-Eye Sunglasses. The cat-eye design and stylish details make them perfect for a fashionable look. Whether for a day out with friends or a beach outing, these sunglasses offer both style and sun protection.\"}',24.99,'{\"de\":\"Trendige Eleganz\",\"fr\":\"\\u00c9l\\u00e9gance tendance\",\"en\":\"Trendy Elegance\"}','{\"de\":\"Cat-Eye-Design f\\u00fcr einen modischen Look.\",\"fr\":\"Design \\u0153il de chat pour un look tendance.\",\"en\":\"Cat-eye design for a fashionable look.\"}',1,0,42,180,'W-SG001',0,205,'{\"url\": \"https://shoptopus.test/sample-store-data/sample-store-1/product-images/ladies-sunglasses-1.jpg\", \"file_name\": \"ladies-sunglasses-1.jpg\"}',NULL,NULL,'2023-10-25 16:10:50','2023-10-25 16:10:51'),('9a74784e-46b6-46de-bbbf-78da6699b9fc','{\"de\":\"Runde Vintage-Sonnenbrille\",\"fr\":\"Lunettes de soleil rondes vintage\",\"en\":\"Vintage Round Sunglasses\"}','vintage-round-sunglasses','{\"de\":\"Verleihen Sie Ihrem Look mit dieser runden Sonnenbrille einen Vintage-Touch.\",\"fr\":\"Ajoutez une touche vintage \\u00e0 votre look avec ces lunettes de soleil rondes.\",\"en\":\"Add a vintage touch to your look with these round sunglasses.\"}','{\"de\":\"Werten Sie Ihren Stil mit dieser runden Vintage-Sonnenbrille auf. Das runde Rahmendesign und die Retro-Details machen sie perfekt f\\u00fcr einen einzigartigen Look. Ob f\\u00fcr ein Musikfestival oder einen Tag im Park, diese Sonnenbrille ist eine vielseitige Erg\\u00e4nzung Ihrer Sammlung.\",\"fr\":\"Am\\u00e9liorez votre style avec ces lunettes de soleil rondes vintage. La monture ronde et les d\\u00e9tails r\\u00e9tro les rendent parfaits pour un look unique. Que ce soit pour un festival de musique ou une journ\\u00e9e au parc, ces lunettes de soleil sont un ajout polyvalent \\u00e0 votre collection.\",\"en\":\"Elevate your style with these Vintage Round Sunglasses. The round frame design and retro details make them perfect for a unique look. Whether for a music festival or a day at the park, these sunglasses are a versatile addition to your collection.\"}',22.50,'{\"de\":\"Retro-Charme\",\"fr\":\"Charme r\\u00e9tro\",\"en\":\"Retro Charm\"}','{\"de\":\"Runder Rahmen f\\u00fcr einen Vintage-Touch.\",\"fr\":\"Cadre rond pour une touche vintage.\",\"en\":\"Round frame for a vintage touch.\"}',2,0,39,170,'W-SG002',0,210,'{\"url\": \"https://shoptopus.test/sample-store-data/sample-store-1/product-images/ladies-sunglasses-2.jpg\", \"file_name\": \"ladies-sunglasses-2.jpg\"}',NULL,NULL,'2023-10-25 16:10:51','2023-10-25 16:10:52'),('9a74784f-ee3b-4ba2-9775-bf73635b855b','{\"de\":\"Sportliche polarisierte Sonnenbrille\",\"fr\":\"Lunettes de soleil polaris\\u00e9es sportives\",\"en\":\"Sporty Polarized Sunglasses\"}','sporty-polarized-sunglasses','{\"de\":\"Bleiben Sie aktiv mit dieser sportlichen polarisierten Sonnenbrille.\",\"fr\":\"Restez actif avec ces lunettes de soleil polaris\\u00e9es sportives.\",\"en\":\"Stay active with these sporty polarized sunglasses.\"}','{\"de\":\"Werten Sie Ihre Outdoor-Abenteuer mit dieser sportlichen polarisierten Sonnenbrille auf. Die polarisierten Gl\\u00e4ser und die bequeme Passform bieten Augenschutz bei Outdoor-Aktivit\\u00e4ten. Ob f\\u00fcr einen Wanderausflug oder einen Tag am Strand, diese sportliche Sonnenbrille ist eine vielseitige Erg\\u00e4nzung Ihrer Sammlung.\",\"fr\":\"Am\\u00e9liorez vos aventures en plein air avec ces lunettes de soleil polaris\\u00e9es sportives. Les verres polaris\\u00e9s et la coupe confortable offrent une protection oculaire lors des activit\\u00e9s de plein air. Que ce soit pour une randonn\\u00e9e ou une journ\\u00e9e \\u00e0 la plage, ces lunettes de soleil sportives sont un ajout polyvalent \\u00e0 votre collection.\",\"en\":\"Upgrade your outdoor adventures with these Sporty Polarized Sunglasses. The polarized lenses and comfortable fit provide eye protection during outdoor activities. Whether for a hiking trip or a day at the beach, these sporty sunglasses are a versatile addition to your collection.\"}',26.99,'{\"de\":\"Erh\\u00f6hen Sie Ihre Abenteuer\",\"fr\":\"\\u00c9levez vos aventures\",\"en\":\"Elevate Your Adventures\"}','{\"de\":\"Polarisierte Gl\\u00e4ser f\\u00fcr Outdoor-Aktivit\\u00e4ten.\",\"fr\":\"Verres polaris\\u00e9s pour les activit\\u00e9s de plein air.\",\"en\":\"Polarized lenses for outdoor activities.\"}',1,0,45,160,'W-SG003',0,215,'{\"url\": \"https://shoptopus.test/sample-store-data/sample-store-1/product-images/ladies-sunglasses-3.jpg\", \"file_name\": \"ladies-sunglasses-3.jpg\"}',NULL,NULL,'2023-10-25 16:10:52','2023-10-25 16:10:53'),('9a747851-b3f9-44bc-84b0-90f1250c5c3f','{\"de\":\"Kristall-Tropfen-Ohrringe\",\"fr\":\"Boucles d&#39;oreilles pendantes en cristal\",\"en\":\"Crystal Drop Earrings\"}','crystal-drop-earrings','{\"de\":\"Verleihen Sie mit diesen Kristall-Ohrringen einen Hauch von Eleganz.\",\"fr\":\"Ajoutez une touche d&#39;\\u00e9l\\u00e9gance avec ces boucles d&#39;oreilles en cristal.\",\"en\":\"Add a touch of elegance with these crystal drop earrings.\"}','{\"de\":\"Werten Sie Ihren Stil mit diesen Kristall-Ohrringen auf. Das Kristalldesign und die eleganten Details machen sie perfekt f\\u00fcr einen anspruchsvollen Look. Ob f\\u00fcr einen besonderen Anlass oder eine formelle Veranstaltung, diese Ohrringe bieten sowohl Stil als auch Anmut.\",\"fr\":\"Rehaussez votre style avec ces boucles d&#39;oreilles pendantes en cristal. Le design en cristal et les d\\u00e9tails \\u00e9l\\u00e9gants les rendent parfaits pour un look sophistiqu\\u00e9. Que ce soit pour une occasion sp\\u00e9ciale ou un \\u00e9v\\u00e9nement formel, ces boucles d&#39;oreilles offrent \\u00e0 la fois style et gr\\u00e2ce.\",\"en\":\"Elevate your style with these Crystal Drop Earrings. The crystal design and elegant details make them perfect for a sophisticated look. Whether for a special occasion or a formal event, these earrings offer both style and grace.\"}',19.99,'{\"de\":\"Eleganter Glanz\",\"fr\":\"\\u00c9clat \\u00e9l\\u00e9gant\",\"en\":\"Elegant Sparkle\"}','{\"de\":\"Kristalltropfen f\\u00fcr eine elegante Note.\",\"fr\":\"Gouttes de cristal pour une touche \\u00e9l\\u00e9gante.\",\"en\":\"Crystal drops for an elegant touch.\"}',2,0,47,195,'W-ER001',0,220,'{\"url\": \"https://shoptopus.test/sample-store-data/sample-store-1/product-images/ladies-jewellery-1.jpg\", \"file_name\": \"ladies-jewellery-1.jpg\"}',NULL,NULL,'2023-10-25 16:10:53','2023-10-25 16:10:55'),('9a747853-590b-48a1-934f-c68edde5a2bf','{\"de\":\"Perlenohrstecker\",\"fr\":\"Boucles d&#39;oreilles \\u00e0 tige en perles\",\"en\":\"Pearl Stud Earrings\"}','pearl-stud-earrings','{\"de\":\"Zeitlose Eleganz mit diesen Perlenohrsteckern.\",\"fr\":\"\\u00c9l\\u00e9gance intemporelle avec ces boucles d&#39;oreilles en perles.\",\"en\":\"Timeless elegance with these pearl stud earrings.\"}','{\"de\":\"Werten Sie Ihren Stil mit diesen Perlenohrsteckern auf. Das klassische Perlendesign und die zeitlosen Details machen sie perfekt f\\u00fcr einen raffinierten Look. Ob f\\u00fcr eine Hochzeit oder ein romantisches Abendessen, diese Ohrringe sind eine vielseitige Erg\\u00e4nzung Ihrer Sammlung.\",\"fr\":\"Am\\u00e9liorez votre style avec ces boucles d&#39;oreilles \\u00e0 tige en perles. Le design classique en perles et les d\\u00e9tails intemporels les rendent parfaits pour un look raffin\\u00e9. Que ce soit pour un mariage ou un d\\u00eener romantique, ces boucles d&#39;oreilles sont un ajout polyvalent \\u00e0 votre collection.\",\"en\":\"Upgrade your style with these Pearl Stud Earrings. The classic pearl design and timeless details make them perfect for a refined look. Whether for a wedding or a romantic dinner, these earrings are a versatile addition to your collection.\"}',16.50,'{\"de\":\"Zeitlose Sch\\u00f6nheit\",\"fr\":\"Beaut\\u00e9 intemporelle\",\"en\":\"Timeless Beauty\"}','{\"de\":\"Perlennieten f\\u00fcr einen klassischen Touch.\",\"fr\":\"Clous en perles pour une touche classique.\",\"en\":\"Pearl studs for a classic touch.\"}',1,0,50,190,'W-ER002',0,225,'{\"url\": \"https://shoptopus.test/sample-store-data/sample-store-1/product-images/ladies-jewellery-2.jpg\", \"file_name\": \"ladies-jewellery-2.jpg\"}',NULL,NULL,'2023-10-25 16:10:55','2023-10-25 16:10:56'),('9a747855-3cdd-4ee0-b980-992ff94eaa1b','{\"de\":\"Statement-Quastenohrringe\",\"fr\":\"Boucles d&#39;oreilles \\u00e0 pampilles tendance\",\"en\":\"Statement Tassel Earrings\"}','statement-tassel-earrings','{\"de\":\"Setzen Sie ein Statement mit diesen trendigen Quastenohrringen.\",\"fr\":\"Faites une d\\u00e9claration avec ces boucles d&#39;oreilles \\u00e0 pampilles tendance.\",\"en\":\"Make a statement with these trendy tassel earrings.\"}','{\"de\":\"Werten Sie Ihre Mode mit diesen Statement-Quastenohrringen auf. Das Quastendesign und die trendigen Details machen sie perfekt f\\u00fcr einen stilvollen Look. Ob f\\u00fcr einen Abend mit Freunden oder eine Party, diese Ohrringe bieten sowohl Stil als auch Flair.\",\"fr\":\"\\u00c9levez votre jeu de mode avec ces boucles d&#39;oreilles \\u00e0 pampilles. Le design \\u00e0 pompons et les d\\u00e9tails tendance les rendent parfaits pour un look \\u00e9l\\u00e9gant. Que ce soit pour une soir\\u00e9e entre amis ou une f\\u00eate, ces boucles d&#39;oreilles offrent \\u00e0 la fois style et flair.\",\"en\":\"Elevate your fashion game with these Statement Tassel Earrings. The tassel design and trendy details make them perfect for a stylish look. Whether for a night out with friends or a party, these earrings offer both style and flair.\"}',24.99,'{\"de\":\"Trendige Eleganz\",\"fr\":\"\\u00c9l\\u00e9gance tendance\",\"en\":\"Trendy Elegance\"}','{\"de\":\"Quasten-Design f\\u00fcr einen modischen Look.\",\"fr\":\"Design \\u00e0 pompons pour un look tendance.\",\"en\":\"Tassel design for a fashionable look.\"}',2,0,43,150,'W-ER003',0,230,'{\"url\": \"https://shoptopus.test/sample-store-data/sample-store-1/product-images/ladies-jewellery-3.jpg\", \"file_name\": \"ladies-jewellery-3.jpg\"}',NULL,NULL,'2023-10-25 16:10:56','2023-10-25 16:10:57'),('9a747857-33f5-401b-a760-bdd76fdad512','{\"de\":\"Strohhut mit breiter Krempe\",\"fr\":\"Chapeau de paille \\u00e0 large bord\",\"en\":\"Wide-Brim Straw Hat\"}','wide-brim-straw-hat','{\"de\":\"Bleiben Sie mit diesem Strohhut mit breiter Krempe vor der Sonne gesch\\u00fctzt.\",\"fr\":\"Prot\\u00e9gez-vous du soleil avec ce chapeau de paille \\u00e0 large bord.\",\"en\":\"Stay sun-protected with this wide-brim straw hat.\"}','{\"de\":\"Werten Sie Ihren Strandstil mit diesem Strohhut mit breiter Krempe auf. Das breite Krempendesign und die bequeme Passform machen es perfekt als Sonnenschutz und f\\u00fcr einen stilvollen Strandtag. Ob f\\u00fcr einen Strandausflug oder eine Party am Pool, dieser Hut ist eine vielseitige Erg\\u00e4nzung Ihrer Sammlung.\",\"fr\":\"Am\\u00e9liorez votre style de plage avec ce chapeau de paille \\u00e0 large bord. Le design \\u00e0 large bord et la coupe confortable le rendent parfait pour la protection solaire et une journ\\u00e9e \\u00e9l\\u00e9gante \\u00e0 la plage. Que ce soit pour une sortie \\u00e0 la plage ou une f\\u00eate au bord de la piscine, ce chapeau est un ajout polyvalent \\u00e0 votre collection.\",\"en\":\"Elevate your beach style with this Wide-Brim Straw Hat. The wide brim design and comfortable fit make it perfect for sun protection and a stylish beach day. Whether for a beach outing or a poolside party, this hat is a versatile addition to your collection.\"}',22.99,'{\"de\":\"Strand-Eleganz\",\"fr\":\"\\u00c9l\\u00e9gance de plage\",\"en\":\"Beach Elegance\"}','{\"de\":\"Breite Krempe f\\u00fcr Sonnenschutz und Stil.\",\"fr\":\"Large bord pour la protection solaire et le style.\",\"en\":\"Wide-brim for sun protection and style.\"}',1,0,46,180,'W-HA001',0,235,'{\"url\": \"https://shoptopus.test/sample-store-data/sample-store-1/product-images/ladies-hats-1.jpg\", \"file_name\": \"ladies-hats-1.jpg\"}',NULL,NULL,'2023-10-25 16:10:57','2023-10-25 16:10:58'),('9a747859-1df2-4b00-9a06-1d1e16b8a9ab','{\"de\":\"Klassischer Fedora-Hut\",\"fr\":\"Chapeau Fedora classique\",\"en\":\"Classic Fedora Hat\"}','classic-fedora-hat','{\"de\":\"Verleihen Sie mit diesem klassischen Fedora-Hut einen Hauch von Klasse.\",\"fr\":\"Ajoutez une touche de classe avec ce chapeau fedora classique.\",\"en\":\"Add a touch of class with this classic fedora hat.\"}','{\"de\":\"Werten Sie Ihren Stil mit diesem klassischen Fedora-Hut auf. Das zeitlose Design und die eleganten Details machen es perfekt f\\u00fcr einen raffinierten Look. Ob f\\u00fcr eine Gartenparty oder einen Tag beim Rennen, dieser Fedora-Hut ist eine vielseitige Erg\\u00e4nzung Ihrer Sammlung.\",\"fr\":\"Am\\u00e9liorez votre style avec ce chapeau Fedora classique. Son design intemporel et ses d\\u00e9tails \\u00e9l\\u00e9gants le rendent parfait pour un look raffin\\u00e9. Que ce soit pour une garden-party ou une journ\\u00e9e aux courses, ce chapeau fedora est un ajout polyvalent \\u00e0 votre collection.\",\"en\":\"Upgrade your style with this Classic Fedora Hat. The timeless design and elegant details make it perfect for a refined look. Whether for a garden party or a day at the races, this fedora hat is a versatile addition to your collection.\"}',18.50,'{\"de\":\"Zeitloser Charme\",\"fr\":\"Charme intemporel\",\"en\":\"Timeless Charm\"}','{\"de\":\"Klassischer Fedora f\\u00fcr einen Hauch von Klasse.\",\"fr\":\"Fedora classique pour une touche de classe.\",\"en\":\"Classic fedora for a touch of class.\"}',2,0,48,170,'W-HA002',0,240,'{\"url\": \"https://shoptopus.test/sample-store-data/sample-store-1/product-images/ladies-hats-2.jpg\", \"file_name\": \"ladies-hats-2.jpg\"}',NULL,NULL,'2023-10-25 16:10:58','2023-10-25 16:10:59'),('9a74785a-b902-4c00-a22e-92ae6a7aad1b','{\"de\":\"Trendiger Fischerhut\",\"fr\":\"Chapeau bob tendance\",\"en\":\"Trendy Bucket Hat\"}','trendy-bucket-hat','{\"de\":\"Bleiben Sie mit diesem modischen Fischerhut im Trend.\",\"fr\":\"Restez tendance avec ce chapeau bob tendance.\",\"en\":\"Stay trendy with this fashionable bucket hat.\"}','{\"de\":\"Werten Sie Ihre Mode mit diesem trendigen Fischerhut auf. Das Bucket Hat-Design und die stilvollen Details machen ihn perfekt f\\u00fcr einen modischen Look. Ob f\\u00fcr einen Tagesausflug mit Freunden oder ein Musikfestival, dieser Hut bietet sowohl Stil als auch Flair.\",\"fr\":\"\\u00c9levez votre jeu de mode avec ce chapeau bob tendance. Le design du chapeau bob et les d\\u00e9tails \\u00e9l\\u00e9gants le rendent parfait pour un look tendance. Que ce soit pour une journ\\u00e9e entre amis ou un festival de musique, ce chapeau offre \\u00e0 la fois style et flair.\",\"en\":\"Elevate your fashion game with this Trendy Bucket Hat. The bucket hat design and stylish details make it perfect for a fashionable look. Whether for a day out with friends or a music festival, this hat offers both style and flair.\"}',26.99,'{\"de\":\"Trendige Eleganz\",\"fr\":\"\\u00c9l\\u00e9gance tendance\",\"en\":\"Trendy Elegance\"}','{\"de\":\"Fischerhut-Design f\\u00fcr einen modischen Look.\",\"fr\":\"Conception de chapeau de seau pour un look \\u00e0 la mode.\",\"en\":\"Bucket hat design for a fashionable look.\"}',1,0,44,160,'W-HA003',0,245,'{\"url\": \"https://shoptopus.test/sample-store-data/sample-store-1/product-images/ladies-hats-3.jpg\", \"file_name\": \"ladies-hats-3.jpg\"}',NULL,NULL,'2023-10-25 16:10:59','2023-10-25 16:11:00'),('9a74785c-576c-485e-b65b-057aee96b7c1','{\"de\":\"Klassische Seidenkrawatte\",\"fr\":\"Cravate classique en soie\",\"en\":\"Classic Silk Tie\"}','classic-silk-tie','{\"de\":\"Verleihen Sie mit dieser klassischen Seidenkrawatte einen Hauch von Eleganz.\",\"fr\":\"Ajoutez une touche d&#39;\\u00e9l\\u00e9gance avec cette cravate classique en soie.\",\"en\":\"Add a touch of elegance with this classic silk tie.\"}','{\"de\":\"Werten Sie Ihren Stil mit dieser klassischen Seidenkrawatte auf. Das Seidenmaterial und das zeitlose Design machen es perfekt f\\u00fcr einen raffinierten Look. Ob f\\u00fcr eine formelle Veranstaltung oder ein Gesch\\u00e4ftstreffen, diese Krawatte ist eine vielseitige Erg\\u00e4nzung Ihrer Sammlung.\",\"fr\":\"Rehaussez votre style avec cette cravate classique en soie. La mati\\u00e8re en soie et le design intemporel le rendent parfait pour un look raffin\\u00e9. Que ce soit pour un \\u00e9v\\u00e9nement formel ou une r\\u00e9union d&#39;affaires, cette cravate est un ajout polyvalent \\u00e0 votre collection.\",\"en\":\"Elevate your style with this Classic Silk Tie. The silk material and timeless design make it perfect for a refined look. Whether for a formal event or a business meeting, this tie is a versatile addition to your collection.\"}',19.99,'{\"de\":\"Zeitloser Charme\",\"fr\":\"Charme intemporel\",\"en\":\"Timeless Charm\"}','{\"de\":\"Seidenmaterial f\\u00fcr einen Hauch von Eleganz.\",\"fr\":\"Mati\\u00e8re soie pour une touche d&#39;\\u00e9l\\u00e9gance.\",\"en\":\"Silk material for a touch of elegance.\"}',2,0,45,195,'M-TI001',0,250,'{\"url\": \"https://shoptopus.test/sample-store-data/sample-store-1/product-images/ties-1.jpg\", \"file_name\": \"ties-1.jpg\"}',NULL,NULL,'2023-10-25 16:11:00','2023-10-25 16:11:02'),('9a74785d-fc8e-4cd6-a63e-cce30f647954','{\"de\":\"Gestreifte Business-Krawatte\",\"fr\":\"Cravate d&#39;affaires ray\\u00e9e\",\"en\":\"Striped Business Tie\"}','striped-business-tie','{\"de\":\"Werten Sie Ihre Gesch\\u00e4ftskleidung mit dieser gestreiften Krawatte auf.\",\"fr\":\"Am\\u00e9liorez votre tenue professionnelle avec cette cravate ray\\u00e9e.\",\"en\":\"Upgrade your business attire with this striped tie.\"}','{\"de\":\"Werten Sie Ihren Gesch\\u00e4ftsstil mit dieser gestreiften Business-Krawatte auf. Das Streifenmuster und die eleganten Details machen es perfekt f\\u00fcr einen professionellen Look. Ob f\\u00fcr eine Vorstandssitzung oder eine Firmenveranstaltung, diese Krawatte ist eine vielseitige Erg\\u00e4nzung Ihrer Sammlung.\",\"fr\":\"Am\\u00e9liorez votre style professionnel avec cette cravate d&#39;affaires ray\\u00e9e. Le motif ray\\u00e9 et les d\\u00e9tails \\u00e9l\\u00e9gants le rendent parfait pour un look professionnel. Que ce soit pour une r\\u00e9union du conseil d&#39;administration ou un \\u00e9v\\u00e9nement d&#39;entreprise, cette cravate est un ajout polyvalent \\u00e0 votre collection.\",\"en\":\"Upgrade your business style with this Striped Business Tie. The striped pattern and elegant details make it perfect for a professional look. Whether for a board meeting or a corporate event, this tie is a versatile addition to your collection.\"}',16.50,'{\"de\":\"Professionelle Eleganz\",\"fr\":\"\\u00c9l\\u00e9gance professionnelle\",\"en\":\"Professional Elegance\"}','{\"de\":\"Streifenmuster f\\u00fcr einen professionellen Look.\",\"fr\":\"Motif ray\\u00e9 pour un look professionnel.\",\"en\":\"Striped pattern for a professional look.\"}',1,0,49,185,'M-TI002',0,255,'{\"url\": \"https://shoptopus.test/sample-store-data/sample-store-1/product-images/ties-2.jpg\", \"file_name\": \"ties-2.jpg\"}',NULL,NULL,'2023-10-25 16:11:02','2023-10-25 16:11:03'),('9a74785f-bb23-4d9c-890e-9c2a5424fb99','{\"de\":\"Moderne schmale Krawatte\",\"fr\":\"Cravate fine moderne\",\"en\":\"Modern Skinny Tie\"}','modern-skinny-tie','{\"de\":\"Bleiben Sie mit dieser modernen schmalen Krawatte im Trend.\",\"fr\":\"Restez tendance avec cette cravate skinny moderne.\",\"en\":\"Stay trendy with this modern skinny tie.\"}','{\"de\":\"Werten Sie Ihre Mode mit dieser modernen Skinny-Krawatte auf. Das schmale Design und die stilvollen Details machen es perfekt f\\u00fcr einen modischen Look. Ob zum Ausgehen oder zu einem besonderen Anlass, diese Krawatte bietet sowohl Stil als auch Flair.\",\"fr\":\"Am\\u00e9liorez votre jeu de mode avec cette cravate fine moderne. Son design skinny et ses d\\u00e9tails \\u00e9l\\u00e9gants le rendent parfait pour un look tendance. Que ce soit pour une soir\\u00e9e ou une occasion sp\\u00e9ciale, cette cravate offre \\u00e0 la fois style et flair.\",\"en\":\"Upgrade your fashion game with this Modern Skinny Tie. The skinny design and stylish details make it perfect for a fashionable look. Whether for a night out or a special occasion, this tie offers both style and flair.\"}',24.99,'{\"de\":\"Trendige Eleganz\",\"fr\":\"\\u00c9l\\u00e9gance tendance\",\"en\":\"Trendy Elegance\"}','{\"de\":\"Skinny-Design f\\u00fcr einen modischen Look.\",\"fr\":\"Design skinny pour un look tendance.\",\"en\":\"Skinny design for a fashionable look.\"}',2,0,47,175,'M-TI003',0,260,'{\"url\": \"https://shoptopus.test/sample-store-data/sample-store-1/product-images/ties-3.jpg\", \"file_name\": \"ties-3.jpg\"}',NULL,NULL,'2023-10-25 16:11:03','2023-10-25 16:11:04'),('9a747861-6022-491e-bb41-832a84e017af','{\"de\":\"Pilotensonnenbrille\",\"fr\":\"Lunettes de soleil aviateur\",\"en\":\"Aviator Sunglasses\"}','aviator-sunglasses','{\"de\":\"Werten Sie Ihren Stil mit dieser klassischen Pilotensonnenbrille auf.\",\"fr\":\"Am\\u00e9liorez votre style avec ces lunettes de soleil aviateur classiques.\",\"en\":\"Upgrade your style with these classic aviator sunglasses.\"}','{\"de\":\"Bringen Sie Ihre Mode mit dieser Pilotensonnenbrille auf ein neues Niveau. Das klassische Pilotendesign und die zeitlosen Details machen sie perfekt f\\u00fcr einen stilvollen Look. Ob f\\u00fcr einen Tagesausflug mit Freunden oder einen Roadtrip, diese Sonnenbrille bietet sowohl Stil als auch Sonnenschutz.\",\"fr\":\"Am\\u00e9liorez votre jeu de mode avec ces lunettes de soleil aviateur. Le design aviateur classique et les d\\u00e9tails intemporels les rendent parfaits pour un look \\u00e9l\\u00e9gant. Que ce soit pour une journ\\u00e9e entre amis ou un road trip, ces lunettes de soleil offrent \\u00e0 la fois style et protection solaire.\",\"en\":\"Elevate your fashion game with these Aviator Sunglasses. The classic aviator design and timeless details make them perfect for a stylish look. Whether for a day out with friends or a road trip, these sunglasses offer both style and sun protection.\"}',21.99,'{\"de\":\"Zeitlose Eleganz\",\"fr\":\"\\u00c9l\\u00e9gance intemporelle\",\"en\":\"Timeless Elegance\"}','{\"de\":\"Klassisches Pilotendesign f\\u00fcr einen stilvollen Look.\",\"fr\":\"Design aviateur classique pour un look \\u00e9l\\u00e9gant.\",\"en\":\"Classic aviator design for a stylish look.\"}',1,0,43,190,'M-SG001',0,265,'{\"url\": \"https://shoptopus.test/sample-store-data/sample-store-1/product-images/mens-sunglasses-1.jpg\", \"file_name\": \"mens-sunglasses-1.jpg\"}',NULL,NULL,'2023-10-25 16:11:04','2023-10-25 16:11:05'),('9a747863-654e-4688-96fe-c475f58dbe10','{\"de\":\"Sportliche Wraparound-Sonnenbrille\",\"fr\":\"Lunettes de soleil enveloppantes sportives\",\"en\":\"Sporty Wraparound Sunglasses\"}','sporty-wraparound-sunglasses','{\"de\":\"Bleiben Sie aktiv mit dieser sportlichen Rundum-Sonnenbrille.\",\"fr\":\"Restez actif avec ces lunettes de soleil sportives enveloppantes.\",\"en\":\"Stay active with these sporty wraparound sunglasses.\"}','{\"de\":\"Werten Sie Ihre Outdoor-Abenteuer mit dieser sportlichen Wraparound-Sonnenbrille auf. Das Rundum-Design und die polarisierten Gl\\u00e4ser bieten Augenschutz bei Outdoor-Aktivit\\u00e4ten. Ob f\\u00fcr einen Wanderausflug oder einen Tag am Strand, diese sportliche Sonnenbrille ist eine vielseitige Erg\\u00e4nzung Ihrer Sammlung.\",\"fr\":\"Am\\u00e9liorez vos aventures en plein air avec ces lunettes de soleil sportives enveloppantes. Le design enveloppant et les verres polaris\\u00e9s offrent une protection oculaire lors des activit\\u00e9s de plein air. Que ce soit pour une randonn\\u00e9e ou une journ\\u00e9e \\u00e0 la plage, ces lunettes de soleil sportives sont un ajout polyvalent \\u00e0 votre collection.\",\"en\":\"Upgrade your outdoor adventures with these Sporty Wraparound Sunglasses. The wraparound design and polarized lenses provide eye protection during outdoor activities. Whether for a hiking trip or a day at the beach, these sporty sunglasses are a versatile addition to your collection.\"}',19.50,'{\"de\":\"Erh\\u00f6hen Sie Ihre Abenteuer\",\"fr\":\"\\u00c9levez vos aventures\",\"en\":\"Elevate Your Adventures\"}','{\"de\":\"Rundum-Design f\\u00fcr Outdoor-Aktivit\\u00e4ten.\",\"fr\":\"Conception enveloppante pour les activit\\u00e9s de plein air.\",\"en\":\"Wraparound design for outdoor activities.\"}',2,0,48,180,'M-SG002',0,270,'{\"url\": \"https://shoptopus.test/sample-store-data/sample-store-1/product-images/mens-sunglasses-2.jpg\", \"file_name\": \"mens-sunglasses-2.jpg\"}',NULL,NULL,'2023-10-25 16:11:05','2023-10-25 16:11:06'),('9a747865-18bc-4337-9e44-c555dfd6575d','{\"de\":\"Moderne quadratische Sonnenbrille\",\"fr\":\"Lunettes de soleil carr\\u00e9es modernes\",\"en\":\"Modern Square Sunglasses\"}','modern-square-sunglasses','{\"de\":\"Bleiben Sie mit dieser modernen quadratischen Sonnenbrille im Trend.\",\"fr\":\"Restez tendance avec ces lunettes de soleil carr\\u00e9es modernes.\",\"en\":\"Stay trendy with these modern square sunglasses.\"}','{\"de\":\"Werten Sie Ihr Modespiel mit dieser modernen quadratischen Sonnenbrille auf. Das quadratische Rahmendesign und die stilvollen Details machen sie perfekt f\\u00fcr einen modischen Look. Ob f\\u00fcr einen Abend mit Freunden oder ein Musikfestival, diese Sonnenbrille bietet sowohl Stil als auch Flair.\",\"fr\":\"Am\\u00e9liorez votre jeu de mode avec ces lunettes de soleil carr\\u00e9es modernes. La conception de la monture carr\\u00e9e et les d\\u00e9tails \\u00e9l\\u00e9gants les rendent parfaits pour un look tendance. Que ce soit pour une soir\\u00e9e entre amis ou un festival de musique, ces lunettes de soleil offrent \\u00e0 la fois style et flair.\",\"en\":\"Upgrade your fashion game with these Modern Square Sunglasses. The square frame design and stylish details make them perfect for a fashionable look. Whether for a night out with friends or a music festival, these sunglasses offer both style and flair.\"}',26.99,'{\"de\":\"Trendige Eleganz\",\"fr\":\"\\u00c9l\\u00e9gance tendance\",\"en\":\"Trendy Elegance\"}','{\"de\":\"Quadratischer Rahmen f\\u00fcr einen modischen Look.\",\"fr\":\"Monture carr\\u00e9e pour un look tendance.\",\"en\":\"Square frame for a fashionable look.\"}',1,0,50,170,'M-SG003',0,275,'{\"url\": \"https://shoptopus.test/sample-store-data/sample-store-1/product-images/mens-sunglasses-3.jpg\", \"file_name\": \"mens-sunglasses-3.jpg\"}',NULL,NULL,'2023-10-25 16:11:06','2023-10-25 16:11:07'),('9a747867-23c5-4a3f-b71e-344103911407','{\"de\":\"Manschettenarmband aus Leder\",\"fr\":\"Bracelet manchette en cuir\",\"en\":\"Leather Cuff Bracelet\"}','leather-cuff-bracelet','{\"de\":\"Werten Sie Ihren Stil mit diesem Manschettenarmband aus Leder auf.\",\"fr\":\"Am\\u00e9liorez votre style avec ce bracelet manchette en cuir.\",\"en\":\"Upgrade your style with this leather cuff bracelet.\"}','{\"de\":\"Werten Sie Ihre Mode mit diesem Ledermanschettenarmband auf. Das Ledermaterial und die stilvollen Details machen es perfekt f\\u00fcr einen modischen Look. Ob f\\u00fcr einen Abend mit Freunden oder einen besonderen Anlass, dieses Armband bietet sowohl Stil als auch Flair.\",\"fr\":\"Am\\u00e9liorez votre jeu de mode avec ce bracelet manchette en cuir. Le mat\\u00e9riau en cuir et les d\\u00e9tails \\u00e9l\\u00e9gants le rendent parfait pour un look tendance. Que ce soit pour une soir\\u00e9e entre amis ou une occasion sp\\u00e9ciale, ce bracelet offre \\u00e0 la fois style et flair.\",\"en\":\"Elevate your fashion game with this Leather Cuff Bracelet. The leather material and stylish details make it perfect for a fashionable look. Whether for a night out with friends or a special occasion, this bracelet offers both style and flair.\"}',18.99,'{\"de\":\"Trendige Eleganz\",\"fr\":\"\\u00c9l\\u00e9gance tendance\",\"en\":\"Trendy Elegance\"}','{\"de\":\"Ledermaterial f\\u00fcr einen modischen Look.\",\"fr\":\"Mati\\u00e8re cuir pour un look tendance.\",\"en\":\"Leather material for a fashionable look.\"}',2,0,46,185,'M-BR001',0,280,'{\"url\": \"https://shoptopus.test/sample-store-data/sample-store-1/product-images/mens-jewellery-1.jpg\", \"file_name\": \"mens-jewellery-1.jpg\"}',NULL,NULL,'2023-10-25 16:11:07','2023-10-25 16:11:09'),('9a747868-ccf9-4e97-9e09-96a1cc0888fe','{\"de\":\"Gliederarmband aus Edelstahl\",\"fr\":\"Bracelet \\u00e0 maillons en acier inoxydable\",\"en\":\"Stainless Steel Link Bracelet\"}','stainless-steel-link-bracelet','{\"de\":\"Verleihen Sie mit diesem Gliederarmband aus Edelstahl einen Hauch von Eleganz.\",\"fr\":\"Ajoutez une touche d&#39;\\u00e9l\\u00e9gance avec ce bracelet \\u00e0 maillons en acier inoxydable.\",\"en\":\"Add a touch of elegance with this stainless steel link bracelet.\"}','{\"de\":\"Werten Sie Ihren Stil mit diesem Edelstahl-Gliederarmband auf. Das Edelstahlmaterial und das klassische Design machen es perfekt f\\u00fcr einen raffinierten Look. Ob f\\u00fcr eine formelle Veranstaltung oder ein Gesch\\u00e4ftstreffen, dieses Armband ist eine vielseitige Erg\\u00e4nzung Ihrer Sammlung.\",\"fr\":\"Am\\u00e9liorez votre style avec ce bracelet \\u00e0 maillons en acier inoxydable. Le mat\\u00e9riau en acier inoxydable et le design classique le rendent parfait pour un look raffin\\u00e9. Que ce soit pour un \\u00e9v\\u00e9nement formel ou une r\\u00e9union d&#39;affaires, ce bracelet est un ajout polyvalent \\u00e0 votre collection.\",\"en\":\"Upgrade your style with this Stainless Steel Link Bracelet. The stainless steel material and classic design make it perfect for a refined look. Whether for a formal event or a business meeting, this bracelet is a versatile addition to your collection.\"}',22.50,'{\"de\":\"Zeitloser Charme\",\"fr\":\"Charme intemporel\",\"en\":\"Timeless Charm\"}','{\"de\":\"Edelstahl f\\u00fcr einen Hauch von Eleganz.\",\"fr\":\"L&#39;acier inoxydable pour une touche d&#39;\\u00e9l\\u00e9gance.\",\"en\":\"Stainless steel for a touch of elegance.\"}',1,0,45,195,'M-BR002',0,285,'{\"url\": \"https://shoptopus.test/sample-store-data/sample-store-1/product-images/mens-jewellery-2.jpg\", \"file_name\": \"mens-jewellery-2.jpg\"}',NULL,NULL,'2023-10-25 16:11:09','2023-10-25 16:11:10'),('9a74786a-8a10-4faf-93d8-24010007d01d','{\"de\":\"Perlenarmband\",\"fr\":\"Bracelet \\u00e0 breloques perl\\u00e9\",\"en\":\"Beaded Charm Bracelet\"}','beaded-charm-bracelet','{\"de\":\"Bleiben Sie stilvoll mit diesem Perlenarmband.\",\"fr\":\"Restez \\u00e9l\\u00e9gant avec ce bracelet \\u00e0 breloques en perles.\",\"en\":\"Stay stylish with this beaded charm bracelet.\"}','{\"de\":\"Werten Sie Ihre Mode mit diesem perlenbesetzten Charm-Armband auf. Das Perlendesign und die trendigen Details machen es perfekt f\\u00fcr einen modischen Look. Ob f\\u00fcr einen entspannten Tagesausflug oder eine Party, dieses Armband bietet sowohl Stil als auch Flair.\",\"fr\":\"Am\\u00e9liorez votre jeu de mode avec ce bracelet \\u00e0 breloques en perles. Le design perl\\u00e9 et les d\\u00e9tails tendance le rendent parfait pour un look tendance. Que ce soit pour une journ\\u00e9e d\\u00e9contract\\u00e9e ou une f\\u00eate, ce bracelet offre \\u00e0 la fois style et style.\",\"en\":\"Elevate your fashion game with this Beaded Charm Bracelet. The beaded design and trendy details make it perfect for a fashionable look. Whether for a casual day out or a party, this bracelet offers both style and flair.\"}',24.99,'{\"de\":\"Stilvolle Eleganz\",\"fr\":\"\\u00c9l\\u00e9gance \\u00e9l\\u00e9gante\",\"en\":\"Stylish Elegance\"}','{\"de\":\"Perlendesign f\\u00fcr einen modischen Look.\",\"fr\":\"Design perl\\u00e9 pour un look tendance.\",\"en\":\"Beaded design for a fashionable look.\"}',2,0,47,190,'M-BR003',0,290,'{\"url\": \"https://shoptopus.test/sample-store-data/sample-store-1/product-images/mens-jewellery-3.jpg\", \"file_name\": \"mens-jewellery-3.jpg\"}',NULL,NULL,'2023-10-25 16:11:10','2023-10-25 16:11:11');
/*!40000 ALTER TABLE `products` ENABLE KEYS */;
UNLOCK TABLES;

--
-- Table structure for table `ratings`
--

DROP TABLE IF EXISTS `ratings`;
/*!40101 SET @saved_cs_client     = @@character_set_client */;
/*!50503 SET character_set_client = utf8mb4 */;
CREATE TABLE `ratings` (
  `id` char(36) COLLATE utf8mb4_unicode_ci NOT NULL,
  `user_id` char(36) COLLATE utf8mb4_unicode_ci DEFAULT NULL,
  `ratable_type` varchar(255) COLLATE utf8mb4_unicode_ci DEFAULT NULL,
  `ratable_id` char(36) COLLATE utf8mb4_unicode_ci DEFAULT NULL,
  `rating` int NOT NULL,
  `language_prefix` varchar(255) COLLATE utf8mb4_unicode_ci DEFAULT NULL,
  `description` varchar(255) COLLATE utf8mb4_unicode_ci DEFAULT NULL,
  `title` varchar(255) COLLATE utf8mb4_unicode_ci DEFAULT NULL,
  `enabled` tinyint(1) NOT NULL DEFAULT '1',
  `verified` tinyint(1) NOT NULL DEFAULT '1',
  `slug` varchar(255) COLLATE utf8mb4_unicode_ci NOT NULL,
  `deleted_at` timestamp NULL DEFAULT NULL,
  `created_at` timestamp NULL DEFAULT NULL,
  `updated_at` timestamp NULL DEFAULT NULL,
  PRIMARY KEY (`id`),
  KEY `ratings_user_id_foreign` (`user_id`),
  CONSTRAINT `ratings_user_id_foreign` FOREIGN KEY (`user_id`) REFERENCES `users` (`id`)
) ENGINE=InnoDB DEFAULT CHARSET=utf8mb4 COLLATE=utf8mb4_unicode_ci;
/*!40101 SET character_set_client = @saved_cs_client */;

--
-- Dumping data for table `ratings`
--

LOCK TABLES `ratings` WRITE;
/*!40000 ALTER TABLE `ratings` DISABLE KEYS */;
/*!40000 ALTER TABLE `ratings` ENABLE KEYS */;
UNLOCK TABLES;

--
-- Table structure for table `role_has_permissions`
--

DROP TABLE IF EXISTS `role_has_permissions`;
/*!40101 SET @saved_cs_client     = @@character_set_client */;
/*!50503 SET character_set_client = utf8mb4 */;
CREATE TABLE `role_has_permissions` (
  `permission_id` bigint unsigned NOT NULL,
  `role_id` bigint unsigned NOT NULL,
  PRIMARY KEY (`permission_id`,`role_id`),
  KEY `role_has_permissions_role_id_foreign` (`role_id`),
  CONSTRAINT `role_has_permissions_permission_id_foreign` FOREIGN KEY (`permission_id`) REFERENCES `permissions` (`id`) ON DELETE CASCADE,
  CONSTRAINT `role_has_permissions_role_id_foreign` FOREIGN KEY (`role_id`) REFERENCES `roles` (`id`) ON DELETE CASCADE
) ENGINE=InnoDB DEFAULT CHARSET=utf8mb4 COLLATE=utf8mb4_unicode_ci;
/*!40101 SET character_set_client = @saved_cs_client */;

--
-- Dumping data for table `role_has_permissions`
--

LOCK TABLES `role_has_permissions` WRITE;
/*!40000 ALTER TABLE `role_has_permissions` DISABLE KEYS */;
INSERT INTO `role_has_permissions` VALUES (1,1),(2,1),(3,1),(4,1),(5,1),(6,1),(7,1),(8,1),(9,1),(10,1),(11,1),(12,1),(13,1),(14,1),(15,1),(16,1),(17,1),(18,1),(19,1),(20,1),(21,1),(22,1),(23,1),(24,1),(25,1),(26,1),(27,1),(28,1),(29,1),(30,1),(31,1),(32,1),(33,1),(34,1),(35,1),(36,1),(37,1),(38,1),(39,1),(40,1),(41,1),(42,1),(43,1),(44,1),(45,1),(46,1),(47,1),(48,1),(49,1),(50,1),(51,1),(52,1),(53,1),(54,1),(55,1),(56,1),(57,1),(58,1),(59,1),(60,1),(61,1),(62,1),(63,1),(64,1),(65,1),(66,1),(67,1),(68,1),(69,1),(70,1),(71,1),(72,1),(73,1),(74,1),(75,1),(76,1),(77,1),(78,1),(79,1),(80,1),(81,1),(82,1),(83,1),(84,1),(85,1),(86,1),(87,1),(88,1),(89,1),(90,1),(91,1),(92,1),(93,1),(94,1),(95,1),(96,1),(97,1),(98,1),(99,1),(100,1),(101,1),(102,1),(103,1),(104,1),(6,2),(7,2),(8,2),(9,2),(10,2),(11,2),(12,2),(13,2),(14,2),(15,2),(16,2),(17,2),(18,2),(19,2),(20,2),(21,2),(22,2),(23,2),(24,2),(25,2),(26,2),(27,2),(28,2),(29,2),(30,2),(31,2),(32,2),(33,2),(34,2),(35,2),(36,2),(37,2),(38,2),(39,2),(40,2),(41,2),(42,2),(43,2),(44,2),(45,2),(46,2),(47,2),(48,2),(49,2),(50,2),(51,2),(52,2),(53,2),(54,2),(55,2),(56,2),(57,2),(58,2),(59,2),(60,2),(61,2),(62,2),(63,2),(64,2),(65,2),(66,2),(67,2),(68,2),(69,2),(70,2),(71,2),(72,2),(73,2),(74,2),(75,2),(76,2),(77,2),(78,2),(79,2),(80,2),(81,2),(82,2),(83,2),(84,2),(85,2),(86,2),(87,2),(88,2),(89,2),(90,2),(91,2),(92,2),(93,2),(94,2),(95,2),(96,2),(97,2),(98,2),(99,2),(100,2),(101,2),(102,2),(103,2),(104,2),(6,3),(7,3),(8,3),(9,3),(10,3),(11,3),(12,3),(13,3),(14,3),(15,3),(36,3),(37,3),(38,3),(39,3),(40,3),(41,3),(42,3),(43,3),(44,3),(45,3),(46,3),(47,3),(48,3),(49,3),(50,3),(61,3),(62,3),(63,3),(64,3),(65,3),(66,3),(67,3),(68,3),(69,3),(70,3),(71,3),(72,3),(73,3),(74,3),(75,3),(76,3),(77,3),(78,3),(79,3),(80,3),(81,3),(82,3),(83,3),(84,3),(85,3),(86,3),(87,3),(88,3),(89,3),(90,3),(91,3),(92,3),(93,3),(94,3),(95,3),(96,3),(97,3),(98,3),(99,3),(100,3),(101,3),(102,3),(103,3),(104,3),(6,4),(7,4),(8,4),(9,4),(10,4),(11,4),(12,4),(13,4),(14,4),(15,4),(36,4),(37,4),(38,4),(39,4),(40,4),(46,4),(47,4),(48,4),(49,4),(50,4),(61,4),(62,4),(63,4),(64,4),(65,4),(71,4),(72,4),(73,4),(74,4),(75,4),(76,4),(77,4),(78,4),(79,4),(80,4),(81,4),(82,4),(83,4),(84,4),(85,4),(96,4),(97,4),(98,4),(99,4),(100,4),(101,4),(102,4);
/*!40000 ALTER TABLE `role_has_permissions` ENABLE KEYS */;
UNLOCK TABLES;

--
-- Table structure for table `roles`
--

DROP TABLE IF EXISTS `roles`;
/*!40101 SET @saved_cs_client     = @@character_set_client */;
/*!50503 SET character_set_client = utf8mb4 */;
CREATE TABLE `roles` (
  `id` bigint unsigned NOT NULL AUTO_INCREMENT,
  `name` varchar(255) COLLATE utf8mb4_unicode_ci NOT NULL,
  `guard_name` varchar(255) COLLATE utf8mb4_unicode_ci NOT NULL,
  `created_at` timestamp NULL DEFAULT NULL,
  `updated_at` timestamp NULL DEFAULT NULL,
  PRIMARY KEY (`id`),
  UNIQUE KEY `roles_name_guard_name_unique` (`name`,`guard_name`)
) ENGINE=InnoDB AUTO_INCREMENT=6 DEFAULT CHARSET=utf8mb4 COLLATE=utf8mb4_unicode_ci;
/*!40101 SET character_set_client = @saved_cs_client */;

--
-- Dumping data for table `roles`
--

LOCK TABLES `roles` WRITE;
/*!40000 ALTER TABLE `roles` DISABLE KEYS */;
INSERT INTO `roles` VALUES (1,'super_admin','api','2023-10-25 16:09:22','2023-10-25 16:09:22'),(2,'admin','api','2023-10-25 16:09:22','2023-10-25 16:09:22'),(3,'store_manager','api','2023-10-25 16:09:22','2023-10-25 16:09:22'),(4,'store_assistant','api','2023-10-25 16:09:22','2023-10-25 16:09:22'),(5,'customer','api','2023-10-25 16:09:22','2023-10-25 16:09:22');
/*!40000 ALTER TABLE `roles` ENABLE KEYS */;
UNLOCK TABLES;

--
-- Table structure for table `social_accounts`
--

DROP TABLE IF EXISTS `social_accounts`;
/*!40101 SET @saved_cs_client     = @@character_set_client */;
/*!50503 SET character_set_client = utf8mb4 */;
CREATE TABLE `social_accounts` (
  `id` bigint unsigned NOT NULL AUTO_INCREMENT,
  `user_id` char(36) COLLATE utf8mb4_unicode_ci NOT NULL,
  `provider_name` varchar(255) COLLATE utf8mb4_unicode_ci NOT NULL,
  `provider_id` varchar(255) COLLATE utf8mb4_unicode_ci NOT NULL,
  `created_at` timestamp NULL DEFAULT NULL,
  `updated_at` timestamp NULL DEFAULT NULL,
  PRIMARY KEY (`id`),
  KEY `social_accounts_user_id_foreign` (`user_id`),
  CONSTRAINT `social_accounts_user_id_foreign` FOREIGN KEY (`user_id`) REFERENCES `users` (`id`) ON DELETE CASCADE
) ENGINE=InnoDB DEFAULT CHARSET=utf8mb4 COLLATE=utf8mb4_unicode_ci;
/*!40101 SET character_set_client = @saved_cs_client */;

--
-- Dumping data for table `social_accounts`
--

LOCK TABLES `social_accounts` WRITE;
/*!40000 ALTER TABLE `social_accounts` DISABLE KEYS */;
/*!40000 ALTER TABLE `social_accounts` ENABLE KEYS */;
UNLOCK TABLES;

--
-- Table structure for table `system_settings`
--

DROP TABLE IF EXISTS `system_settings`;
/*!40101 SET @saved_cs_client     = @@character_set_client */;
/*!50503 SET character_set_client = utf8mb4 */;
CREATE TABLE `system_settings` (
  `id` char(36) COLLATE utf8mb4_unicode_ci NOT NULL,
  `key` varchar(60) COLLATE utf8mb4_unicode_ci NOT NULL,
  `value` longtext COLLATE utf8mb4_unicode_ci NOT NULL,
  `type` tinyint NOT NULL DEFAULT '0',
  `deleted_at` timestamp NULL DEFAULT NULL,
  `created_at` timestamp NULL DEFAULT NULL,
  `updated_at` timestamp NULL DEFAULT NULL,
  PRIMARY KEY (`id`)
) ENGINE=InnoDB DEFAULT CHARSET=utf8mb4 COLLATE=utf8mb4_unicode_ci;
/*!40101 SET character_set_client = @saved_cs_client */;

--
-- Dumping data for table `system_settings`
--

LOCK TABLES `system_settings` WRITE;
/*!40000 ALTER TABLE `system_settings` DISABLE KEYS */;
/*!40000 ALTER TABLE `system_settings` ENABLE KEYS */;
UNLOCK TABLES;

--
-- Table structure for table `transaction_amazon`
--

DROP TABLE IF EXISTS `transaction_amazon`;
/*!40101 SET @saved_cs_client     = @@character_set_client */;
/*!50503 SET character_set_client = utf8mb4 */;
CREATE TABLE `transaction_amazon` (
  `id` bigint unsigned NOT NULL AUTO_INCREMENT,
  `order_id` char(36) COLLATE utf8mb4_unicode_ci NOT NULL,
  `request_id` varchar(255) COLLATE utf8mb4_unicode_ci NOT NULL,
  `checkout_session_id` varchar(255) COLLATE utf8mb4_unicode_ci NOT NULL,
  `charge_id` varchar(255) COLLATE utf8mb4_unicode_ci NOT NULL,
  `product_type` varchar(255) COLLATE utf8mb4_unicode_ci DEFAULT NULL,
  `merchant_reference_id` varchar(255) COLLATE utf8mb4_unicode_ci DEFAULT NULL,
  `merchant_store_name` varchar(255) COLLATE utf8mb4_unicode_ci DEFAULT NULL,
  `buyer_name` varchar(255) COLLATE utf8mb4_unicode_ci DEFAULT NULL,
  `buyer_email` varchar(255) COLLATE utf8mb4_unicode_ci DEFAULT NULL,
  `buyer_id` varchar(255) COLLATE utf8mb4_unicode_ci DEFAULT NULL,
  `state` varchar(255) COLLATE utf8mb4_unicode_ci NOT NULL,
  `reason_code` varchar(255) COLLATE utf8mb4_unicode_ci DEFAULT NULL,
  `reason_description` varchar(255) COLLATE utf8mb4_unicode_ci DEFAULT NULL,
  `amazon_last_updated_timestamp` datetime NOT NULL,
  `deleted_at` timestamp NULL DEFAULT NULL,
  `created_at` timestamp NULL DEFAULT NULL,
  `updated_at` timestamp NULL DEFAULT NULL,
  PRIMARY KEY (`id`),
  KEY `transaction_amazon_order_id_foreign` (`order_id`),
  CONSTRAINT `transaction_amazon_order_id_foreign` FOREIGN KEY (`order_id`) REFERENCES `orders` (`id`)
) ENGINE=InnoDB DEFAULT CHARSET=utf8mb4 COLLATE=utf8mb4_unicode_ci;
/*!40101 SET character_set_client = @saved_cs_client */;

--
-- Dumping data for table `transaction_amazon`
--

LOCK TABLES `transaction_amazon` WRITE;
/*!40000 ALTER TABLE `transaction_amazon` DISABLE KEYS */;
/*!40000 ALTER TABLE `transaction_amazon` ENABLE KEYS */;
UNLOCK TABLES;

--
-- Table structure for table `transaction_paypal`
--

DROP TABLE IF EXISTS `transaction_paypal`;
/*!40101 SET @saved_cs_client     = @@character_set_client */;
/*!50503 SET character_set_client = utf8mb4 */;
CREATE TABLE `transaction_paypal` (
  `id` bigint unsigned NOT NULL AUTO_INCREMENT,
  `order_id` char(36) COLLATE utf8mb4_unicode_ci NOT NULL,
  `status_code` int NOT NULL,
  `transaction_id` varchar(255) COLLATE utf8mb4_unicode_ci NOT NULL,
  `intent` varchar(255) COLLATE utf8mb4_unicode_ci NOT NULL,
  `status` varchar(255) COLLATE utf8mb4_unicode_ci NOT NULL,
  `reference_id` varchar(255) COLLATE utf8mb4_unicode_ci NOT NULL,
  `charge_amount` decimal(10,2) NOT NULL,
  `currency_code` varchar(255) COLLATE utf8mb4_unicode_ci NOT NULL,
  `merchant_id` varchar(255) COLLATE utf8mb4_unicode_ci NOT NULL,
  `merchant_email` varchar(255) COLLATE utf8mb4_unicode_ci NOT NULL,
  `soft_descriptor` varchar(255) COLLATE utf8mb4_unicode_ci DEFAULT NULL,
  `payer_firstname` varchar(255) COLLATE utf8mb4_unicode_ci NOT NULL,
  `payer_surname` varchar(255) COLLATE utf8mb4_unicode_ci NOT NULL,
  `payer_email` varchar(255) COLLATE utf8mb4_unicode_ci NOT NULL,
  `payer_id` varchar(255) COLLATE utf8mb4_unicode_ci NOT NULL,
  `deleted_at` timestamp NULL DEFAULT NULL,
  `created_at` timestamp NULL DEFAULT NULL,
  `updated_at` timestamp NULL DEFAULT NULL,
  PRIMARY KEY (`id`),
  KEY `transaction_paypal_order_id_foreign` (`order_id`),
  CONSTRAINT `transaction_paypal_order_id_foreign` FOREIGN KEY (`order_id`) REFERENCES `orders` (`id`)
) ENGINE=InnoDB DEFAULT CHARSET=utf8mb4 COLLATE=utf8mb4_unicode_ci;
/*!40101 SET character_set_client = @saved_cs_client */;

--
-- Dumping data for table `transaction_paypal`
--

LOCK TABLES `transaction_paypal` WRITE;
/*!40000 ALTER TABLE `transaction_paypal` DISABLE KEYS */;
/*!40000 ALTER TABLE `transaction_paypal` ENABLE KEYS */;
UNLOCK TABLES;

--
-- Table structure for table `transaction_stripe`
--

DROP TABLE IF EXISTS `transaction_stripe`;
/*!40101 SET @saved_cs_client     = @@character_set_client */;
/*!50503 SET character_set_client = utf8mb4 */;
CREATE TABLE `transaction_stripe` (
  `id` bigint unsigned NOT NULL AUTO_INCREMENT,
  `order_id` char(36) COLLATE utf8mb4_unicode_ci NOT NULL,
  `payment_id` varchar(255) COLLATE utf8mb4_unicode_ci NOT NULL,
  `object` varchar(255) COLLATE utf8mb4_unicode_ci NOT NULL,
  `amount` bigint unsigned NOT NULL,
  `canceled_at` datetime DEFAULT NULL,
  `cancellation_reason` varchar(255) COLLATE utf8mb4_unicode_ci DEFAULT NULL,
  `capture_method` varchar(255) COLLATE utf8mb4_unicode_ci NOT NULL,
  `confirmation_method` varchar(255) COLLATE utf8mb4_unicode_ci NOT NULL,
  `created` datetime NOT NULL,
  `currency` varchar(255) COLLATE utf8mb4_unicode_ci NOT NULL,
  `description` varchar(255) COLLATE utf8mb4_unicode_ci DEFAULT NULL,
  `last_payment_error` varchar(255) COLLATE utf8mb4_unicode_ci DEFAULT NULL,
  `livemode` tinyint(1) NOT NULL,
  `next_action` varchar(255) COLLATE utf8mb4_unicode_ci DEFAULT NULL,
  `next_source_action` varchar(255) COLLATE utf8mb4_unicode_ci DEFAULT NULL,
  `payment_method` varchar(255) COLLATE utf8mb4_unicode_ci DEFAULT NULL,
  `payment_method_types` varchar(255) COLLATE utf8mb4_unicode_ci NOT NULL,
  `receipt_email` varchar(255) COLLATE utf8mb4_unicode_ci DEFAULT NULL,
  `setup_future_usage` varchar(255) COLLATE utf8mb4_unicode_ci DEFAULT NULL,
  `shipping` varchar(255) COLLATE utf8mb4_unicode_ci DEFAULT NULL,
  `source` varchar(255) COLLATE utf8mb4_unicode_ci DEFAULT NULL,
  `status` varchar(255) COLLATE utf8mb4_unicode_ci NOT NULL,
  `deleted_at` timestamp NULL DEFAULT NULL,
  `created_at` timestamp NULL DEFAULT NULL,
  `updated_at` timestamp NULL DEFAULT NULL,
  PRIMARY KEY (`id`),
  KEY `transaction_stripe_order_id_foreign` (`order_id`),
  CONSTRAINT `transaction_stripe_order_id_foreign` FOREIGN KEY (`order_id`) REFERENCES `orders` (`id`)
) ENGINE=InnoDB DEFAULT CHARSET=utf8mb4 COLLATE=utf8mb4_unicode_ci;
/*!40101 SET character_set_client = @saved_cs_client */;

--
-- Dumping data for table `transaction_stripe`
--

LOCK TABLES `transaction_stripe` WRITE;
/*!40000 ALTER TABLE `transaction_stripe` DISABLE KEYS */;
/*!40000 ALTER TABLE `transaction_stripe` ENABLE KEYS */;
UNLOCK TABLES;

--
-- Table structure for table `users`
--

DROP TABLE IF EXISTS `users`;
/*!40101 SET @saved_cs_client     = @@character_set_client */;
/*!50503 SET character_set_client = utf8mb4 */;
CREATE TABLE `users` (
  `id` char(36) COLLATE utf8mb4_unicode_ci NOT NULL,
  `first_name` varchar(100) COLLATE utf8mb4_unicode_ci NOT NULL,
  `last_name` varchar(100) COLLATE utf8mb4_unicode_ci NOT NULL,
  `email` varchar(150) COLLATE utf8mb4_unicode_ci NOT NULL,
  `password` varchar(255) COLLATE utf8mb4_unicode_ci DEFAULT NULL,
  `name` varchar(100) COLLATE utf8mb4_unicode_ci DEFAULT NULL,
  `initials` varchar(5) COLLATE utf8mb4_unicode_ci DEFAULT NULL,
  `prefix` varchar(5) COLLATE utf8mb4_unicode_ci DEFAULT NULL,
  `phone` varchar(50) COLLATE utf8mb4_unicode_ci DEFAULT NULL,
  `avatar` json DEFAULT NULL,
  `email_verified_at` timestamp NULL DEFAULT NULL,
  `client_ref` varchar(12) COLLATE utf8mb4_unicode_ci DEFAULT NULL,
  `temporary` tinyint(1) NOT NULL DEFAULT '0',
  `is_favorite` tinyint(1) NOT NULL DEFAULT '0',
  `slug` varchar(255) COLLATE utf8mb4_unicode_ci NOT NULL,
  `last_seen` timestamp NULL DEFAULT NULL,
  `remember_token` varchar(100) COLLATE utf8mb4_unicode_ci DEFAULT NULL,
  `deleted_at` timestamp NULL DEFAULT NULL,
  `created_at` timestamp NULL DEFAULT NULL,
  `updated_at` timestamp NULL DEFAULT NULL,
  PRIMARY KEY (`id`),
  UNIQUE KEY `users_email_unique` (`email`),
  KEY `users_client_ref_index` (`client_ref`)
) ENGINE=InnoDB DEFAULT CHARSET=utf8mb4 COLLATE=utf8mb4_unicode_ci;
/*!40101 SET character_set_client = @saved_cs_client */;

--
-- Dumping data for table `users`
--

LOCK TABLES `users` WRITE;
/*!40000 ALTER TABLE `users` DISABLE KEYS */;
INSERT INTO `users` VALUES ('9a7477c6-3cf6-4a14-8497-5eb6cf6e89cf','Imogen','Edwards','superadmin@m.com','$2y$10$1/kK008Bxl7WpIHVn68oFe6/EKFvj0N92dyDvlw9s3fdUy2KE57zG','MR Imogen Edwards','IE','MR',NULL,'{\"url\": \"https://shoptopus.test/sample-store-data/avatars/avatar5.jpg\", \"file_name\": \"avatar5.jpg\"}','2023-10-25 09:00:25','4IHC1DFR',0,0,'imogen-edwards','2023-10-25 09:09:20',NULL,NULL,'2023-10-25 16:09:23','2023-10-25 16:09:23'),('9a7477c6-5984-493a-a275-38e635eb4e72','Rebecca','Price','admin@m.com','$2y$10$QWbzTLO7y.I2GL7m6m1l7ONpkoa2UaKTb5uOXpJgN0sVHH2M29YzK','MRS Rebecca Price','RP','MRS',NULL,'{\"url\": \"https://shoptopus.test/sample-store-data/avatars/avatar4.jpg\", \"file_name\": \"avatar4.jpg\"}','2023-10-25 09:00:25','GSKDVUOE',0,0,'rebecca-price','2023-10-25 09:00:25',NULL,NULL,'2023-10-25 16:09:23','2023-10-25 16:09:23'),('9a7477c6-731b-4ea4-96a3-cfe9e700960c','Emma','Morgan','storemanager@m.com','$2y$10$uK7WK4nQRvQYgMYmWXHSRey/LZChOqqt1s5I9f1KtAPWm6yWGmdnq','Miss Emma Morgan','EM','Miss',NULL,'{\"url\": \"https://shoptopus.test/sample-store-data/avatars/avatar11.jpg\", \"file_name\": \"avatar11.jpg\"}','2023-10-25 09:00:25','DCRCWHDA',0,0,'emma-morgan','2023-10-25 09:00:25',NULL,NULL,'2023-10-25 16:09:23','2023-10-25 16:09:23'),('9a7477c6-8b4b-4e84-8d3c-3dfa837b345e','Laura','Harrison','storeassistant@m.com','$2y$10$v/zNCz1u3abGaUmGjm53N./3fEzl5Np3.m17yxEo9mUkNZywp.cuG','Laura Harrison','LH','',NULL,'{\"url\": \"https://shoptopus.test/sample-store-data/avatars/avatar13.jpg\", \"file_name\": \"avatar13.jpg\"}','2023-10-25 09:00:25','UQ32AXIV',0,0,'laura-harrison','2023-10-25 09:00:25',NULL,NULL,'2023-10-25 16:09:23','2023-10-25 16:09:23'),('9a7477c6-a3c1-4f67-af2f-3af0242aa9e5','Darren','Hall','customer1@m.com','$2y$10$IjkNASuJNgn7be5rty890OOSix5Uvg/DOvUy9K3jzQE4O2RoUtD9K','MR Darren Hall','DH','MR',NULL,'{\"url\": \"https://shoptopus.test/sample-store-data/avatars/avatar14.jpg\", \"file_name\": \"avatar14.jpg\"}','2023-10-25 09:00:25','JDVYKKLR',0,0,'darren-hall','2023-10-25 09:00:25',NULL,NULL,'2023-10-25 16:09:23','2023-10-25 16:09:23'),('9a7477c6-bbd4-4684-b36d-e261bae399ac','Alice','Cooper','customer2@m.com','$2y$10$WQNJ8Cvnc.VugBXxX/gzveCAG4mPwsZfMlZ/EhG0eL2nb2hSLi8LG','Alice Cooper','AC',NULL,NULL,'{\"url\": \"https://shoptopus.test/sample-store-data/avatars/avatar9.jpg\", \"file_name\": \"avatar9.jpg\"}',NULL,'7N19S1MH',0,0,'alice-cooper','2023-10-25 09:00:26',NULL,NULL,'2023-10-25 16:09:23','2023-10-25 16:09:23'),('9a7477c6-d69d-4b04-8ae0-ba3c2032eb07','Jackson','Khan','customer3@m.com','$2y$10$IBftReHoslw.Ur3tFa1CyugdkaAE.J6uqQh7Qvu4WJ/NSx5t7dbYq','Jackson Khan','JK',NULL,NULL,'{\"url\": \"https://shoptopus.test/sample-store-data/avatars/avatar7.jpg\", \"file_name\": \"avatar7.jpg\"}',NULL,'6PCA9HMH',0,0,'jackson-khan','2023-10-25 09:00:26',NULL,NULL,'2023-10-25 16:09:23','2023-10-25 16:09:24'),('9a7477c6-ee5e-48b5-95f4-9d8a18c386d4','Eleanor','Holmes','customer4@m.com','$2y$10$ictcnlVrDRyXMwhdEV7iYuYzVslN1oP9Qkhi23FhJVElJ6al/B5hG','Eleanor Holmes','EH',NULL,NULL,'{\"url\": \"https://shoptopus.test/sample-store-data/avatars/avatar15.jpg\", \"file_name\": \"avatar15.jpg\"}',NULL,'0R495RUH',0,0,'eleanor-holmes','2023-10-25 09:00:26',NULL,NULL,'2023-10-25 16:09:24','2023-10-25 16:09:24'),('9a7477c7-06b7-4064-b652-e54ed0ab9bf7','Ian','Cox','customer5@m.com','$2y$10$T06w.L8mT2nkrUhHYfADk.aujF5Oc7Z2.VpV28yxgFJLkRQKoSpR2','Ian Cox','IC',NULL,NULL,'{\"url\": \"https://shoptopus.test/sample-store-data/avatars/avatar10.jpg\", \"file_name\": \"avatar10.jpg\"}',NULL,'1RQQOGBU',0,0,'ian-cox','2023-10-25 09:00:26',NULL,NULL,'2023-10-25 16:09:24','2023-10-25 16:09:24'),('9a7477c7-1ec4-450c-b612-c3e1d0d36f17','Florence','Cox','customer6@m.com','$2y$10$d8oEso0UqTqCq7OHqfmnLeXaCDZlbjVBFF75drKuh9FUcxBLusNZy','Florence Cox','FC',NULL,NULL,'{\"url\": \"https://shoptopus.test/sample-store-data/avatars/avatar13.jpg\", \"file_name\": \"avatar13.jpg\"}',NULL,'RF71WWOU',0,0,'florence-cox','2023-10-25 09:00:26',NULL,NULL,'2023-10-25 16:09:24','2023-10-25 16:09:24'),('9a7477c7-3689-4311-8dd2-da7122fbf656','Samuel','Murphy','customer7@m.com','$2y$10$C4jAQq6GFQL0pG19yTbxFueOSxuHWusLgPz0Dku0Jyq8.R45B950S','Samuel Murphy','SM',NULL,NULL,'{\"url\": \"https://shoptopus.test/sample-store-data/avatars/avatar16.jpg\", \"file_name\": \"avatar16.jpg\"}',NULL,'N2R7A7N2',0,0,'samuel-murphy','2023-10-25 09:00:26',NULL,NULL,'2023-10-25 16:09:24','2023-10-25 16:09:24'),('9a7477c7-4ea9-432a-a312-783a04963eb2','Jodie','Johnson','customer8@m.com','$2y$10$QMzoq/doIETVTTOV.VRxB.PiKdp2uwq/.EJ0er1P9fdZUbk/2QZ6O','Jodie Johnson','JJ',NULL,NULL,'{\"url\": \"https://shoptopus.test/sample-store-data/avatars/avatar4.jpg\", \"file_name\": \"avatar4.jpg\"}',NULL,'LNB79LW2',0,0,'jodie-johnson','2023-10-25 09:00:26',NULL,NULL,'2023-10-25 16:09:24','2023-10-25 16:09:24'),('9a7477c7-667a-4918-a02c-4319b5591f4c','Jordan','Adams','customer9@m.com','$2y$10$Q55s1G.AS.wE8IryJBGMm.MmKpjpoPSONwIDQP1fC78Pa5oGtTlba','Jordan Adams','JA',NULL,NULL,'{\"url\": \"https://shoptopus.test/sample-store-data/avatars/avatar8.jpg\", \"file_name\": \"avatar8.jpg\"}',NULL,'MALO0K29',0,0,'jordan-adams','2023-10-25 09:00:26',NULL,NULL,'2023-10-25 16:09:24','2023-10-25 16:09:24'),('9a7477c7-7ead-4c61-9d86-2080d2ddf454','Gavin','Holmes','customer10@m.com','$2y$10$MJ.YgLFGi7G2Uvu0VbMhR.3Dcb8Hx4fnnyV0DutOdB358yyaNhB2m','Gavin Holmes','GH',NULL,NULL,'{\"url\": \"https://shoptopus.test/sample-store-data/avatars/avatar12.jpg\", \"file_name\": \"avatar12.jpg\"}',NULL,'CAD1SNBJ',0,0,'gavin-holmes','2023-10-25 09:00:26',NULL,NULL,'2023-10-25 16:09:24','2023-10-25 16:09:24'),('9a7477c7-969d-4b87-952e-a426043095ae','Lucy','Martin','customer11@m.com','$2y$10$H0PnXcmlU.tiUDW9tw4HJ.9Qx2IfPoB2SBxGBqbf.sYB5zT6Qn4JK','Lucy Martin','LM',NULL,NULL,'{\"url\": \"https://shoptopus.test/sample-store-data/avatars/avatar3.jpg\", \"file_name\": \"avatar3.jpg\"}',NULL,'46VVU1OQ',0,0,'lucy-martin','2023-10-25 09:00:26',NULL,NULL,'2023-10-25 16:09:24','2023-10-25 16:09:24'),('9a7477c7-ae56-44de-b2df-b5460720ed54','Ashley','Shaw','customer12@m.com','$2y$10$DrIwPOh8GwcUJLhfRsO5n.j6TeUznfLUn8LrdiGTlcP2J4t6uAmcu','Ashley Shaw','AS',NULL,NULL,'{\"url\": \"https://shoptopus.test/sample-store-data/avatars/avatar2.jpg\", \"file_name\": \"avatar2.jpg\"}',NULL,'D1U9R4HA',0,0,'ashley-shaw','2023-10-25 09:00:26',NULL,NULL,'2023-10-25 16:09:24','2023-10-25 16:09:24'),('9a7477c7-c67a-4f01-9724-83c4cd0f8d49','Tiffany','Roberts','customer13@m.com','$2y$10$mZkR483OPJ1LQ0pV4kI9Fe6A8uUYX9UK0f4rJ6jMX0ry6xx8sFjfm','Tiffany Roberts','TR',NULL,NULL,'{\"url\": \"https://shoptopus.test/sample-store-data/avatars/avatar1.jpg\", \"file_name\": \"avatar1.jpg\"}',NULL,'3NFI8K40',0,0,'tiffany-roberts','2023-10-25 09:00:26',NULL,NULL,'2023-10-25 16:09:24','2023-10-25 16:09:24'),('9a7477c7-de74-448f-8217-14bd8011981b','Rosie','Cook','customer14@m.com','$2y$10$P2nMvrNIdinCjsgpsZ1HGekdH06w6qvlx4ThZybnmxs3mn6BVmMpG','Rosie Cook','RC',NULL,NULL,'{\"url\": \"https://shoptopus.test/sample-store-data/avatars/avatar11.jpg\", \"file_name\": \"avatar11.jpg\"}',NULL,'73YYG4RL',0,0,'rosie-cook','2023-10-25 09:00:26',NULL,NULL,'2023-10-25 16:09:24','2023-10-25 16:09:24'),('9a7477c7-f651-4276-9796-ce8dca896fde','Charles','Shaw','customer15@m.com','$2y$10$6egWdMXPYfZ3JoSZB8nJ1eEgJsI4h2RxRTjGfks81iYbES8K8yr5K','Charles Shaw','CS',NULL,NULL,'{\"url\": \"https://shoptopus.test/sample-store-data/avatars/avatar14.jpg\", \"file_name\": \"avatar14.jpg\"}',NULL,'OKV5QQBP',0,0,'charles-shaw','2023-10-25 09:00:26',NULL,NULL,'2023-10-25 16:09:24','2023-10-25 16:09:24'),('9a7477c8-0e11-4ac1-9af9-bff1f38ec974','Rosie','Thomas','customer16@m.com','$2y$10$R0JDzJrMyJV.UUA3IJ3SWORhf4ZQJBqNcrtFc2lRgVv2qfaKe9zNO','Rosie Thomas','RT',NULL,NULL,'{\"url\": \"https://shoptopus.test/sample-store-data/avatars/avatar15.jpg\", \"file_name\": \"avatar15.jpg\"}',NULL,'V9G7QR5T',0,0,'rosie-thomas','2023-10-25 09:00:26',NULL,NULL,'2023-10-25 16:09:24','2023-10-25 16:09:24'),('9a7477c8-25ff-4d98-bbe7-890b083f96ce','Roland','Treiber','rolandtreiber@gmail.com','$2y$10$V4gsXPDGdiO9BSZsbro4LOs8MsffkjtmaseARQnjRVLEciZZ3Lhxe','MR Roland Treiber','RT','MR',NULL,'{\"url\": \"https://shoptopus.test/sample-store-data/avatars/avatar16.jpg\", \"file_name\": \"avatar16.jpg\"}',NULL,'1JBNG9B9',0,0,'charlotte-lewis','2023-10-25 09:00:27',NULL,NULL,'2023-10-25 16:09:24','2023-10-25 16:09:24');
/*!40000 ALTER TABLE `users` ENABLE KEYS */;
UNLOCK TABLES;

--
-- Table structure for table `voucher_codes`
--

DROP TABLE IF EXISTS `voucher_codes`;
/*!40101 SET @saved_cs_client     = @@character_set_client */;
/*!50503 SET character_set_client = utf8mb4 */;
CREATE TABLE `voucher_codes` (
  `id` char(36) COLLATE utf8mb4_unicode_ci NOT NULL,
  `amount` decimal(8,2) NOT NULL,
  `code` varchar(100) COLLATE utf8mb4_unicode_ci NOT NULL,
  `valid_from` timestamp NULL DEFAULT NULL,
  `valid_until` timestamp NULL DEFAULT NULL,
  `type` int unsigned NOT NULL DEFAULT '1',
  `enabled` tinyint(1) NOT NULL DEFAULT '1',
  `slug` varchar(255) COLLATE utf8mb4_unicode_ci NOT NULL,
  `deleted_at` timestamp NULL DEFAULT NULL,
  `created_at` timestamp NULL DEFAULT NULL,
  `updated_at` timestamp NULL DEFAULT NULL,
  PRIMARY KEY (`id`)
) ENGINE=InnoDB DEFAULT CHARSET=utf8mb4 COLLATE=utf8mb4_unicode_ci;
/*!40101 SET character_set_client = @saved_cs_client */;

--
-- Dumping data for table `voucher_codes`
--

LOCK TABLES `voucher_codes` WRITE;
/*!40000 ALTER TABLE `voucher_codes` DISABLE KEYS */;
INSERT INTO `voucher_codes` VALUES ('9a7477e7-b27a-4739-be79-c854a2c02908',2.00,'12XU6N1EWB','2023-10-12 08:00:00','2024-10-12 08:00:00',2,1,'2-off-1',NULL,'2023-10-25 16:09:45','2023-10-25 16:09:45'),('9a7477e7-b459-4207-91e8-90d44e67f9aa',5.00,'3MQVN1ST3T','2023-10-12 08:00:00','2024-10-12 08:00:00',1,1,'5%-off-1',NULL,'2023-10-25 16:09:45','2023-10-25 16:09:45'),('9a7477e7-b637-48d5-aa8e-f3bc1573f9c5',7.50,'B73UYS7FW1','2023-10-12 08:00:00','2024-10-12 08:00:00',1,1,'7.5%-off-1',NULL,'2023-10-25 16:09:45','2023-10-25 16:09:45'),('9a7477e7-b7e3-4398-a928-21499757b2a3',10.00,'BVG0MEUCLM','2023-10-12 08:00:00','2024-10-12 08:00:00',1,1,'10%-off-1',NULL,'2023-10-25 16:09:45','2023-10-25 16:09:45');
/*!40000 ALTER TABLE `voucher_codes` ENABLE KEYS */;
UNLOCK TABLES;
/*!40103 SET TIME_ZONE=@OLD_TIME_ZONE */;

/*!40101 SET SQL_MODE=@OLD_SQL_MODE */;
/*!40014 SET FOREIGN_KEY_CHECKS=@OLD_FOREIGN_KEY_CHECKS */;
/*!40014 SET UNIQUE_CHECKS=@OLD_UNIQUE_CHECKS */;
/*!40101 SET CHARACTER_SET_CLIENT=@OLD_CHARACTER_SET_CLIENT */;
/*!40101 SET CHARACTER_SET_RESULTS=@OLD_CHARACTER_SET_RESULTS */;
/*!40101 SET COLLATION_CONNECTION=@OLD_COLLATION_CONNECTION */;
/*!40111 SET SQL_NOTES=@OLD_SQL_NOTES */;

-- Dump completed on 2023-10-25 16:11:51
