-- MySQL dump 10.13  Distrib 8.2.0, for Linux (aarch64)
--
-- Host: localhost    Database: shoptopus
-- ------------------------------------------------------
-- Server version	8.2.0

/*!40101 SET @OLD_CHARACTER_SET_CLIENT=@@CHARACTER_SET_CLIENT */;
/*!40101 SET @OLD_CHARACTER_SET_RESULTS=@@CHARACTER_SET_RESULTS */;
/*!40101 SET @OLD_COLLATION_CONNECTION=@@COLLATION_CONNECTION */;
/*!50503 SET NAMES utf8mb4 */;
/*!40103 SET @OLD_TIME_ZONE=@@TIME_ZONE */;
/*!40103 SET TIME_ZONE='+00:00' */;
/*!40014 SET @OLD_UNIQUE_CHECKS=@@UNIQUE_CHECKS, UNIQUE_CHECKS=0 */;
/*!40014 SET @OLD_FOREIGN_KEY_CHECKS=@@FOREIGN_KEY_CHECKS, FOREIGN_KEY_CHECKS=0 */;
/*!40101 SET @OLD_SQL_MODE=@@SQL_MODE, SQL_MODE='NO_AUTO_VALUE_ON_ZERO' */;
/*!40111 SET @OLD_SQL_NOTES=@@SQL_NOTES, SQL_NOTES=0 */;

--
-- Table structure for table `access_tokens`
--

DROP TABLE IF EXISTS `access_tokens`;
/*!40101 SET @saved_cs_client     = @@character_set_client */;
/*!50503 SET character_set_client = utf8mb4 */;
CREATE TABLE `access_tokens` (
  `id` char(36) COLLATE utf8mb4_unicode_ci NOT NULL,
  `type` int NOT NULL DEFAULT '0',
  `token` varchar(120) COLLATE utf8mb4_unicode_ci NOT NULL,
  `accessable_type` varchar(255) COLLATE utf8mb4_unicode_ci NOT NULL,
  `accessable_id` char(36) COLLATE utf8mb4_unicode_ci NOT NULL,
  `user_id` char(36) COLLATE utf8mb4_unicode_ci DEFAULT NULL,
  `issuer_user_id` char(36) COLLATE utf8mb4_unicode_ci DEFAULT NULL,
  `expiry` timestamp NULL DEFAULT NULL,
  `created_at` timestamp NULL DEFAULT NULL,
  `updated_at` timestamp NULL DEFAULT NULL,
  PRIMARY KEY (`id`),
  KEY `access_tokens_accessable_type_accessable_id_index` (`accessable_type`,`accessable_id`),
  KEY `access_tokens_user_id_foreign` (`user_id`),
  KEY `access_tokens_issuer_user_id_foreign` (`issuer_user_id`),
  CONSTRAINT `access_tokens_issuer_user_id_foreign` FOREIGN KEY (`issuer_user_id`) REFERENCES `users` (`id`) ON DELETE SET NULL,
  CONSTRAINT `access_tokens_user_id_foreign` FOREIGN KEY (`user_id`) REFERENCES `users` (`id`) ON DELETE SET NULL
) ENGINE=InnoDB DEFAULT CHARSET=utf8mb4 COLLATE=utf8mb4_unicode_ci;
/*!40101 SET character_set_client = @saved_cs_client */;

--
-- Dumping data for table `access_tokens`
--

LOCK TABLES `access_tokens` WRITE;
/*!40000 ALTER TABLE `access_tokens` DISABLE KEYS */;
INSERT INTO `access_tokens` VALUES ('9c427487-84f6-4d8d-894f-5d36050f4e76',1,'022L6KNUJM8FU4ILEJKV','App\\Models\\Invoice','9c427487-8396-43b5-9782-920a1bfcf584','9c4273cd-fd90-42a8-99d2-54147d0e9353','9c4273cd-fd90-42a8-99d2-54147d0e9353',NULL,'2024-06-11 07:52:48','2024-06-11 07:52:48'),('9c427487-9ff2-4ba2-8968-f5939ad1d766',1,'SMS1Y88BXV2BQSNN9BIJ','App\\Models\\Invoice','9c427487-9ed4-4471-bc53-e9b21c12cf5a','9c4273cd-5665-41d5-a1bf-ebfd8979aee4','9c4273cd-5665-41d5-a1bf-ebfd8979aee4',NULL,'2024-06-11 07:52:48','2024-06-11 07:52:48'),('9c427488-1496-44ec-bb76-849440eed6ef',1,'FG42DSXT7U7A5D5IHE1R','App\\Models\\Invoice','9c427488-11bf-49e7-a924-d93343e697cd','9c4273cc-b0bf-45f5-8d37-6a087c046ac0','9c4273cc-b0bf-45f5-8d37-6a087c046ac0',NULL,'2024-06-11 07:52:48','2024-06-11 07:52:48'),('9c427488-4e77-4eb9-bc4d-7284fcd9c016',1,'REU01MABXFWAL8PSAFB8','App\\Models\\Invoice','9c427488-4ce3-4b32-b150-9fb81d6b58eb','9c4273cc-f778-4b5e-9bdc-f90847d1103a','9c4273cc-f778-4b5e-9bdc-f90847d1103a',NULL,'2024-06-11 07:52:48','2024-06-11 07:52:48'),('9c427488-b6d4-4c30-80a8-cb7bd73ded81',1,'X354PUBS8IYI6KLGW61X','App\\Models\\Invoice','9c427488-b4a8-4fd5-8a63-17622a4373da','9c4273cc-9924-4a2c-a0a1-af3018b37ab3','9c4273cc-9924-4a2c-a0a1-af3018b37ab3',NULL,'2024-06-11 07:52:48','2024-06-11 07:52:48'),('9c427488-e70c-40df-9673-e91d6e34e602',1,'G26E7XW42EGYXXD5PZ32','App\\Models\\Invoice','9c427488-e5aa-4742-9d32-f52a9654871f','9c4273cd-5665-41d5-a1bf-ebfd8979aee4','9c4273cd-5665-41d5-a1bf-ebfd8979aee4',NULL,'2024-06-11 07:52:49','2024-06-11 07:52:49'),('9c427489-59dd-4000-b98b-a789eb0bf27b',1,'SSX6W8M3Q0W1NVHDD601','App\\Models\\Invoice','9c427489-563b-42c6-9f7c-931785b2f02d','9c4273cd-6df9-4eae-ad34-b56f8bf11835','9c4273cd-6df9-4eae-ad34-b56f8bf11835',NULL,'2024-06-11 07:52:49','2024-06-11 07:52:49'),('9c427489-debe-4951-bc73-5fba3ee74a98',1,'W3FZ6H36MNNH7VST0NML','App\\Models\\Invoice','9c427489-dca0-4e7e-89a0-bc4d763d2d9c','9c4273cd-fd90-42a8-99d2-54147d0e9353','9c4273cd-fd90-42a8-99d2-54147d0e9353',NULL,'2024-06-11 07:52:49','2024-06-11 07:52:49'),('9c42748a-4776-464e-8da9-f3ed3ed066aa',1,'CPDOI8WN3LFPMR1MGR0W','App\\Models\\Invoice','9c42748a-458a-427d-891f-c0a04e2112aa','9c4273cd-3f08-426c-af71-a317e6c7ce0d','9c4273cd-3f08-426c-af71-a317e6c7ce0d',NULL,'2024-06-11 07:52:49','2024-06-11 07:52:49'),('9c42748a-be93-411e-acb7-a81ef44a0184',1,'2OWEN23B5FDECYA31E9B','App\\Models\\Invoice','9c42748a-bcaa-4381-8e1f-1d55f6ebdf00','9c4273cd-9dd5-4ccc-b903-ba99e778c019','9c4273cd-9dd5-4ccc-b903-ba99e778c019',NULL,'2024-06-11 07:52:50','2024-06-11 07:52:50'),('9c42748b-0ecc-43a2-85c2-c2d8518dffca',1,'FYU1LZNS0KGYG19LF7XG','App\\Models\\Invoice','9c42748b-0d2a-49d4-a6d3-eeddfca4cb48','9c4273cd-fd90-42a8-99d2-54147d0e9353','9c4273cd-fd90-42a8-99d2-54147d0e9353',NULL,'2024-06-11 07:52:50','2024-06-11 07:52:50'),('9c42748b-8470-4e0c-8533-716627a01506',1,'J3SZ5NN5Q0ELYMZ492QW','App\\Models\\Invoice','9c42748b-82ca-4aad-bfae-8acc0eccb0a8','9c4273cc-9924-4a2c-a0a1-af3018b37ab3','9c4273cc-9924-4a2c-a0a1-af3018b37ab3',NULL,'2024-06-11 07:52:50','2024-06-11 07:52:50'),('9c42748b-f983-45e2-8b5e-cfb5a12a7004',1,'ZK3HSXUWF02WLZRYN6GE','App\\Models\\Invoice','9c42748b-f5ce-4bc4-8918-4e708b816154','9c4273cc-c85e-444d-b2ec-3fb805b3a1fc','9c4273cc-c85e-444d-b2ec-3fb805b3a1fc',NULL,'2024-06-11 07:52:51','2024-06-11 07:52:51'),('9c42748c-3c0f-4ca4-8a68-e612933ae3fa',1,'TN59287IXY67CTQ8HA2R','App\\Models\\Invoice','9c42748c-385c-4317-a627-3b6f29f59e3c','9c4273cd-5665-41d5-a1bf-ebfd8979aee4','9c4273cd-5665-41d5-a1bf-ebfd8979aee4',NULL,'2024-06-11 07:52:51','2024-06-11 07:52:51'),('9c42748c-7116-426b-a7e7-40d0b77b31b4',1,'YQ1NFABD8ICVLDZXUPP8','App\\Models\\Invoice','9c42748c-6fd8-447b-8702-0b3c0c16e0a2','9c4273cd-863c-4957-be1b-84e09c21166e','9c4273cd-863c-4957-be1b-84e09c21166e',NULL,'2024-06-11 07:52:51','2024-06-11 07:52:51');
/*!40000 ALTER TABLE `access_tokens` ENABLE KEYS */;
UNLOCK TABLES;

--
-- Table structure for table `addresses`
--

DROP TABLE IF EXISTS `addresses`;
/*!40101 SET @saved_cs_client     = @@character_set_client */;
/*!50503 SET character_set_client = utf8mb4 */;
CREATE TABLE `addresses` (
  `id` char(36) COLLATE utf8mb4_unicode_ci NOT NULL,
  `address_line_1` varchar(255) COLLATE utf8mb4_unicode_ci NOT NULL,
  `town` varchar(255) COLLATE utf8mb4_unicode_ci NOT NULL,
  `post_code` varchar(255) COLLATE utf8mb4_unicode_ci NOT NULL,
  `slug` varchar(255) COLLATE utf8mb4_unicode_ci NOT NULL,
  `user_id` char(36) COLLATE utf8mb4_unicode_ci NOT NULL,
  `country` varchar(255) COLLATE utf8mb4_unicode_ci NOT NULL DEFAULT 'UK',
  `name` varchar(255) COLLATE utf8mb4_unicode_ci DEFAULT NULL,
  `address_line_2` varchar(255) COLLATE utf8mb4_unicode_ci DEFAULT NULL,
  `lat` varchar(255) COLLATE utf8mb4_unicode_ci DEFAULT NULL,
  `lon` varchar(255) COLLATE utf8mb4_unicode_ci DEFAULT NULL,
  `deleted_at` timestamp NULL DEFAULT NULL,
  `created_at` timestamp NULL DEFAULT NULL,
  `updated_at` timestamp NULL DEFAULT NULL,
  PRIMARY KEY (`id`),
  KEY `addresses_user_id_foreign` (`user_id`),
  CONSTRAINT `addresses_user_id_foreign` FOREIGN KEY (`user_id`) REFERENCES `users` (`id`)
) ENGINE=InnoDB DEFAULT CHARSET=utf8mb4 COLLATE=utf8mb4_unicode_ci;
/*!40101 SET character_set_client = @saved_cs_client */;

--
-- Dumping data for table `addresses`
--

LOCK TABLES `addresses` WRITE;
/*!40000 ALTER TABLE `addresses` DISABLE KEYS */;
INSERT INTO `addresses` VALUES ('9c427485-0866-4a75-a174-a0d9d4d5c6fe','250 Mitchell Harbours','Isaacton','L39 3LJ','mr-darren-hall-isaacton','9c4273cc-8176-4f3b-84b3-117201f8b0a7','UK',NULL,NULL,'-72.545181','81.454462',NULL,'2024-06-11 07:52:46','2024-06-11 07:52:46'),('9c427485-0909-4c84-ac9c-1905faa11bec','67 Eden Pines','Port Sofia','L25 2NW','alice-cooper-port-sofia','9c4273cc-9924-4a2c-a0a1-af3018b37ab3','UK',NULL,NULL,'-10.151721','96.881978',NULL,'2024-06-11 07:52:46','2024-06-11 07:52:46'),('9c427485-09d8-494a-862d-ad2445e94279','8 Harris Lights','New Sashachester','BR6 9XJ','jackson-khan-new-sashachester','9c4273cc-b0bf-45f5-8d37-6a087c046ac0','UK',NULL,NULL,'76.928937','19.370465',NULL,'2024-06-11 07:52:46','2024-06-11 07:52:46'),('9c427485-0a7b-4088-853e-667d09f63f81','5 Allen Springs','Lake Henry','BB4 5TZ','eleanor-holmes-lake-henry','9c4273cc-c85e-444d-b2ec-3fb805b3a1fc','UK',NULL,NULL,'-88.136726','93.504511',NULL,'2024-06-11 07:52:46','2024-06-11 07:52:46'),('9c427485-0b09-40b8-bfb2-1e51272d613a','2 Sienna Meadow','Jonesport','LN5 9WR','ian-cox-jonesport','9c4273cc-e01a-452f-96b4-410e2743b7f7','UK',NULL,NULL,'-67.428131','80.496620',NULL,'2024-06-11 07:52:46','2024-06-11 07:52:46'),('9c427485-0bbe-4d52-b8f0-7227ac57dec1','Studio 19h Bailey Canyon','Eileenport','WV99 1RG','florence-cox-eileenport','9c4273cc-f778-4b5e-9bdc-f90847d1103a','UK',NULL,NULL,'-45.469859','-147.550215',NULL,'2024-06-11 07:52:46','2024-06-11 07:52:46'),('9c427485-0c3c-411e-9d53-f27799110124','Flat 45 Thomas Dam','West Jamesbury','HU14 3EB','samuel-murphy-west-jamesbury','9c4273cd-0f44-482c-ae6d-5233a56cbcad','UK',NULL,NULL,'68.527973','-140.453261',NULL,'2024-06-11 07:52:46','2024-06-11 07:52:46'),('9c427485-0ccd-4618-8302-f0283296e687','Flat 41n Powell Centers','Woodborough','DD3 8ES','jodie-johnson-woodborough','9c4273cd-273c-46ff-ad58-87a942505d79','UK',NULL,NULL,'71.700288','-129.193896',NULL,'2024-06-11 07:52:46','2024-06-11 07:52:46'),('9c427485-0d4a-4774-8042-2ed1e598c9af','Flat 76 Sarah Heights','Cooperview','BR6 9XJ','jordan-adams-cooperview','9c4273cd-3f08-426c-af71-a317e6c7ce0d','UK',NULL,NULL,'46.151568','175.665827',NULL,'2024-06-11 07:52:46','2024-06-11 07:52:46'),('9c427485-0de4-4c38-92d6-92b6acdc9f57','Flat 98 Baker Lane','Alisonhaven','NP44 4PE','gavin-holmes-alisonhaven','9c4273cd-5665-41d5-a1bf-ebfd8979aee4','UK',NULL,NULL,'-68.236771','172.849723',NULL,'2024-06-11 07:52:46','2024-06-11 07:52:46'),('9c427485-0e76-4da6-85fa-d77e2a4c008a','Flat 61u Scott Coves','Beckyborough','EH26 0LE','gavin-holmes-beckyborough','9c4273cd-5665-41d5-a1bf-ebfd8979aee4','UK',NULL,NULL,'-68.236771','172.849723',NULL,'2024-06-11 07:52:46','2024-06-11 07:52:46'),('9c427485-0f5e-4a4f-9cdf-7978b7871f30','537 Ward Walk','South Tonyshire','RM14 3PA','lucy-martin-south-tonyshire','9c4273cd-6df9-4eae-ad34-b56f8bf11835','UK',NULL,NULL,'-79.796876','128.528690',NULL,'2024-06-11 07:52:46','2024-06-11 07:52:46'),('9c427485-10c2-42c9-b480-32cf0e12e1b0','96 Ian Falls','Karlborough','PO17 5HZ','ashley-shaw-karlborough','9c4273cd-863c-4957-be1b-84e09c21166e','UK',NULL,NULL,'30.519391','-39.778628',NULL,'2024-06-11 07:52:46','2024-06-11 07:52:46'),('9c427485-114b-42fd-bcf9-f09ed62650a5','Flat 97f Fox Cliffs','Russellland','LE11 9DA','tiffany-roberts-russellland','9c4273cd-9dd5-4ccc-b903-ba99e778c019','UK',NULL,NULL,'-50.257994','-113.610780',NULL,'2024-06-11 07:52:46','2024-06-11 07:52:46'),('9c427485-11e2-462e-a0e2-6960fab3d781','Flat 62a Chapman Valleys','South Martin','TR10 8QN','rosie-cook-south-martin','9c4273cd-b5a1-407e-8d09-82bacc21a966','UK',NULL,NULL,'43.467040','-135.799870',NULL,'2024-06-11 07:52:46','2024-06-11 07:52:46'),('9c427485-1266-4625-b457-0e4c4ed7965c','Studio 17 Dan Land','Parkerstad','BD9 4EF','charles-shaw-parkerstad','9c4273cd-cdef-4842-958c-51898c7081c6','UK',NULL,NULL,'-35.112060','-8.659202',NULL,'2024-06-11 07:52:46','2024-06-11 07:52:46'),('9c427485-131f-4d10-ba9a-b06f2ec31762','Studio 11 Amelia Extensions','Chelseahaven','FK3 8EP','rosie-thomas-chelseahaven','9c4273cd-e561-45a5-ab4f-92986f88c791','UK',NULL,NULL,'41.790133','-67.283085',NULL,'2024-06-11 07:52:46','2024-06-11 07:52:46'),('9c427485-13a3-4c0e-a0ef-4438a83bb4c4','Studio 23 Miller Burgs','Port Gordonmouth','M44 6ZR','mr-roland-treiber-port-gordonmouth','9c4273cd-fd90-42a8-99d2-54147d0e9353','UK',NULL,NULL,'82.270890','-47.616283',NULL,'2024-06-11 07:52:46','2024-06-11 07:52:46'),('9c427485-1437-45ee-8945-267462f11012','Studio 55 Ward Wall','Lillyfort','LA12 0HX','mr-roland-treiber-lillyfort','9c4273cd-fd90-42a8-99d2-54147d0e9353','UK',NULL,NULL,'82.270890','-47.616283',NULL,'2024-06-11 07:52:46','2024-06-11 07:52:46');
/*!40000 ALTER TABLE `addresses` ENABLE KEYS */;
UNLOCK TABLES;

--
-- Table structure for table `banners`
--

DROP TABLE IF EXISTS `banners`;
/*!40101 SET @saved_cs_client     = @@character_set_client */;
/*!50503 SET character_set_client = utf8mb4 */;
CREATE TABLE `banners` (
  `id` char(36) COLLATE utf8mb4_unicode_ci NOT NULL,
  `title` text COLLATE utf8mb4_unicode_ci,
  `description` text COLLATE utf8mb4_unicode_ci,
  `background_image` json DEFAULT NULL,
  `show_button` tinyint(1) NOT NULL DEFAULT '0',
  `button_text` text COLLATE utf8mb4_unicode_ci,
  `button_url` varchar(255) COLLATE utf8mb4_unicode_ci DEFAULT NULL,
  `enabled` tinyint(1) NOT NULL DEFAULT '1',
  `total_clicks` bigint unsigned NOT NULL DEFAULT '0',
  `slug` varchar(255) COLLATE utf8mb4_unicode_ci NOT NULL,
  `deleted_at` timestamp NULL DEFAULT NULL,
  `created_at` timestamp NULL DEFAULT NULL,
  `updated_at` timestamp NULL DEFAULT NULL,
  PRIMARY KEY (`id`)
) ENGINE=InnoDB DEFAULT CHARSET=utf8mb4 COLLATE=utf8mb4_unicode_ci;
/*!40101 SET character_set_client = @saved_cs_client */;

--
-- Dumping data for table `banners`
--

LOCK TABLES `banners` WRITE;
/*!40000 ALTER TABLE `banners` DISABLE KEYS */;
INSERT INTO `banners` VALUES ('9c427482-5d19-4756-86a7-d7ebee6d61f8','{\"de\":\"Schicke Styles f\\u00fcr moderne Frauen \\u2013 Entdecken Sie unsere neueste Kollektion!\",\"fr\":\"Styles chics pour les femmes modernes - Explorez notre derni\\u00e8re collection\\u00a0!\",\"en\":\"Chic Styles for Modern Women - Explore Our Latest Collection!\"}','{\"de\":\"Entdecken Sie trendige Damenbekleidung f\\u00fcr jeden Anlass. Shoppen Sie jetzt die neusten Fashion-Must-Haves!\",\"fr\":\"D\\u00e9couvrez des v\\u00eatements pour femmes tendance, parfaits pour toutes les occasions. Achetez maintenant les derniers incontournables de la mode\\u00a0!\",\"en\":\"Discover trendy ladies\' clothing, perfect for every occasion. Shop now for the latest fashion must-haves!\"}','{\"url\": \"https://shoptopus.test/sample-store-data/sample-store-1/banner-1.jpg\", \"file_name\": \"banner-1.jpg\"}',1,'{\"de\":\"Entdecken\",\"fr\":\"D\\u00e9couvrir\",\"en\":\"Discover\"}','http://localhost:3000/categories/womans-clothing-1',1,0,'chic-styles-for-modern-women-explore-our-latest-collection',NULL,'2024-06-11 07:52:44','2024-06-11 07:52:44'),('9c427483-6372-4ab0-b0fe-5ca1eae4c072','{\"de\":\"Verbessern Sie Ihren Stil mit Herren-Sneakern \\u2013 holen Sie sich jetzt die hei\\u00dfesten Kicks!\",\"fr\":\"Am\\u00e9liorez votre style avec des baskets pour hommes - Obtenez les chaussures les plus chaudes maintenant !\",\"en\":\"Step Up Your Style with Men\'s Sneakers - Get the Hottest Kicks Now!\"}','{\"de\":\"Erweitern Sie Ihr Schuhwerk mit unserer neuesten Sneaker-Kollektion f\\u00fcr Herren. Komfort und Stil bei jedem Schritt. Jetzt einkaufen!\",\"fr\":\"Am\\u00e9liorez votre jeu de chaussures avec notre derni\\u00e8re collection de baskets pour hommes. Confort et style \\u00e0 chaque \\u00e9tape. Achetez maintenant!\",\"en\":\"Elevate your footwear game with our latest men\'s sneakers collection. Comfort and style in every step. Shop now!\"}','{\"url\": \"https://shoptopus.test/sample-store-data/sample-store-1/banner-2.jpg\", \"file_name\": \"banner-2.jpg\"}',1,'{\"de\":\"H\\u00f6r zu\",\"fr\":\"V\\u00e9rifiez-le\",\"en\":\"Check it out\"}','http://localhost:3000/categories/mens-footwear-sneakers-1',1,0,'step-up-your-style-with-mens-sneakers-get-the-hottest-kicks-now',NULL,'2024-06-11 07:52:44','2024-06-11 07:52:45'),('9c427484-482e-428f-8ddc-f5bf549069f2','{\"de\":\"2 \\u00a3 Rabatt auf alle Herrenaccessoires!\",\"fr\":\"2\\u00a0\\u20ac de r\\u00e9duction sur tous les accessoires pour hommes\\u00a0!\",\"en\":\"\\u00a32 off from all men\'s accessories!\"}','{\"de\":\"Sparen Sie noch mehr bei Krawatten, Schmuck und Sonnenbrillen!\",\"fr\":\"\\u00c9conomisez davantage sur les cravates, les bijoux et les lunettes de soleil\\u00a0!\",\"en\":\"Save more on ties, jewellery and sunglasses!\"}','{\"url\": \"https://shoptopus.test/sample-store-data/sample-store-1/banner-3.jpg\", \"file_name\": \"banner-3.jpg\"}',1,'{\"de\":\"H\\u00f6r zu\",\"fr\":\"V\\u00e9rifiez-le\",\"en\":\"Check it out\"}','http://localhost:3000/categories/mens-accessories-1',1,0,'ps2-off-from-all-mens-accessories',NULL,'2024-06-11 07:52:45','2024-06-11 07:52:46');
/*!40000 ALTER TABLE `banners` ENABLE KEYS */;
UNLOCK TABLES;

--
-- Table structure for table `cart_product`
--

DROP TABLE IF EXISTS `cart_product`;
/*!40101 SET @saved_cs_client     = @@character_set_client */;
/*!50503 SET character_set_client = utf8mb4 */;
CREATE TABLE `cart_product` (
  `cart_id` char(36) COLLATE utf8mb4_unicode_ci DEFAULT NULL,
  `product_id` char(36) COLLATE utf8mb4_unicode_ci DEFAULT NULL,
  `product_variant_id` char(36) COLLATE utf8mb4_unicode_ci DEFAULT NULL,
  `quantity` bigint unsigned NOT NULL DEFAULT '1',
  UNIQUE KEY `cart_product_cart_id_product_id_unique` (`cart_id`,`product_id`),
  KEY `cart_product_product_id_foreign` (`product_id`),
  KEY `cart_product_product_variant_id_foreign` (`product_variant_id`),
  CONSTRAINT `cart_product_cart_id_foreign` FOREIGN KEY (`cart_id`) REFERENCES `carts` (`id`) ON DELETE CASCADE,
  CONSTRAINT `cart_product_product_id_foreign` FOREIGN KEY (`product_id`) REFERENCES `products` (`id`) ON DELETE CASCADE,
  CONSTRAINT `cart_product_product_variant_id_foreign` FOREIGN KEY (`product_variant_id`) REFERENCES `product_variants` (`id`) ON DELETE CASCADE
) ENGINE=InnoDB DEFAULT CHARSET=utf8mb4 COLLATE=utf8mb4_unicode_ci;
/*!40101 SET character_set_client = @saved_cs_client */;

--
-- Dumping data for table `cart_product`
--

LOCK TABLES `cart_product` WRITE;
/*!40000 ALTER TABLE `cart_product` DISABLE KEYS */;
INSERT INTO `cart_product` VALUES ('9c4273cc-0afe-4f2f-9f3a-3c5b04bea769','9c427425-6dfb-4e1b-911c-8a16fc149b20','9c42747d-cd7c-44c4-b7b8-ed338c476932',10),('9c4273cc-0afe-4f2f-9f3a-3c5b04bea769','9c42746c-87d8-4702-8f10-a8dfbaa6dcc0',NULL,4),('9c4273cc-0afe-4f2f-9f3a-3c5b04bea769','9c427436-8ecf-42ba-bf14-a29bcdd197a7','9c427477-bc97-47a7-893e-e0c0218598b2',7),('9c4273cc-0afe-4f2f-9f3a-3c5b04bea769','9c427461-679d-40f0-bc4a-7c3c30abd7af',NULL,8),('9c4273cc-0afe-4f2f-9f3a-3c5b04bea769','9c42740a-d67a-48f4-9927-04e9464288f4','9c42747d-3ab4-40f6-9f92-e646a9c60fdb',4),('9c4273cc-0afe-4f2f-9f3a-3c5b04bea769','9c427465-39d5-4c6e-a3a2-867819f62e05',NULL,3),('9c4273cc-0afe-4f2f-9f3a-3c5b04bea769','9c427454-4d17-4afa-ae28-7573e2e45ba0','9c42747f-1f8f-41d0-89d9-0ff22c2e1591',7),('9c4273cc-0afe-4f2f-9f3a-3c5b04bea769','9c427427-5fa8-4839-8daf-9e78672196ad','9c42747d-d800-45b4-a41e-9868a90d5671',4),('9c4273cc-0afe-4f2f-9f3a-3c5b04bea769','9c427463-1cbc-483f-a843-e66019350775',NULL,2),('9c4273cc-0afe-4f2f-9f3a-3c5b04bea769','9c42743a-34af-4ae7-9298-273fbd731492','9c42747e-560f-4c68-a0e8-8c6504e21256',4),('9c4273cc-0afe-4f2f-9f3a-3c5b04bea769','9c427416-3a4e-455e-a179-19c5451fa787','9c42747d-691e-41a1-b499-f87a5d5f0c55',8),('9c4273cc-0afe-4f2f-9f3a-3c5b04bea769','9c42740c-a29e-4467-bc11-b66993b6a9a3','9c42747d-41b0-435a-a386-eb8efbc6dfa3',2),('9c4273cc-0afe-4f2f-9f3a-3c5b04bea769','9c42742b-4b68-4f6a-af3d-c719dbd717de','9c42747d-ee09-431f-aa00-6b95da00bb94',5),('9c4273cc-0afe-4f2f-9f3a-3c5b04bea769','9c4273f3-114b-4608-94de-9ed2d0265919','9c42747c-8bd4-4d9e-bf8c-e9856a0969e5',8),('9c4273cc-0afe-4f2f-9f3a-3c5b04bea769','9c427412-529e-4ee8-8d55-0be0575239e9','9c427479-8b7d-498c-8b55-3de08130c28e',9),('9c4273cc-0afe-4f2f-9f3a-3c5b04bea769','9c42741a-1905-48d1-9c24-0021a2a51367','9c42747d-8783-486c-8dd3-2ca836a341a2',7),('9c4273cc-0afe-4f2f-9f3a-3c5b04bea769','9c427456-3187-43ce-b4ef-dca27cf76287','9c42747b-d87b-4eb7-b1f4-d42a9d74c28f',7),('9c4273cc-0afe-4f2f-9f3a-3c5b04bea769','9c4273f1-08e6-4562-bf93-51a173ea9083','9c42747c-84bf-49bb-be32-110bc9e356b5',4),('9c4273cc-0afe-4f2f-9f3a-3c5b04bea769','9c4273f6-c260-4e77-9cae-af165373987a','9c42747c-9dce-46ae-9147-93b3f7a9fa49',1),('9c4273cc-0afe-4f2f-9f3a-3c5b04bea769','9c427452-8f5c-49b1-a14e-5390e66844e9','9c42747f-1690-411f-ac72-eff6b966caa6',3),('9c4273cc-0afe-4f2f-9f3a-3c5b04bea769','9c427441-6d77-4a9b-b668-7906aca48814','9c42747b-3a90-4522-b227-3399baf250c9',8),('9c4273cc-0afe-4f2f-9f3a-3c5b04bea769','9c427402-69ff-458e-9080-7043ee891a99','9c42747c-f86e-47f7-aec1-3747448053ca',10),('9c4273cc-0afe-4f2f-9f3a-3c5b04bea769','9c427467-30ff-441f-96ea-84c45bd0208e',NULL,6),('9c4273cc-0afe-4f2f-9f3a-3c5b04bea769','9c427418-4736-4bac-99cc-ada2a171a3ae','9c42747d-762b-4bd6-838b-190891ec1c56',8),('9c4273cc-0afe-4f2f-9f3a-3c5b04bea769','9c427433-1e9b-4cc3-9c5d-8da2bcf59d0d','9c42747e-1dfb-4eac-a9b0-1a5421dfa937',7),('9c4273cc-0afe-4f2f-9f3a-3c5b04bea769','9c4273fc-b26f-4f8e-b4f4-7fb01c61b469','9c42747c-cc88-479e-b9b1-a35331a25de7',7),('9c4273cc-0afe-4f2f-9f3a-3c5b04bea769','9c427400-a7c7-4057-b1be-6ed62f4c5c38','9c42747c-eb68-4b10-b318-24f1e9ba8a63',2),('9c4273cc-0afe-4f2f-9f3a-3c5b04bea769','9c427448-a5ad-44d0-b513-df19ec8971e3','9c42747e-cccf-4f8d-a211-eb718ad5096b',10),('9c4273cc-0afe-4f2f-9f3a-3c5b04bea769','9c427475-52fe-461c-977f-e71ddc8c934d',NULL,2),('9c4273cc-0afe-4f2f-9f3a-3c5b04bea769','9c427476-fc83-4e6d-9208-28e308d4e179',NULL,7),('9c4273cc-0afe-4f2f-9f3a-3c5b04bea769','9c42741f-c8c5-4197-b78a-2aec13df1767','9c42747d-b1ce-4f44-b6c7-4c16127430ff',4),('9c4273cc-0afe-4f2f-9f3a-3c5b04bea769','9c427414-5cf5-480d-8324-74ea8f9e275c','9c42747a-23cb-44c6-b3b5-eecc682d6bf4',8),('9c4273cc-0afe-4f2f-9f3a-3c5b04bea769','9c427404-73bd-45ee-b5a6-8506590cee10','9c42747d-0905-404e-a52c-226f1c2097f1',8),('9c4273cc-e0f1-4702-a8ca-89c759916f87','9c427429-4eb4-4416-a99d-1d7e587375ac','9c42747d-e0ea-49cd-8ba7-8cc52d40bc85',6),('9c4273cc-e0f1-4702-a8ca-89c759916f87','9c42745d-f817-4e95-bea4-2ee94f90c1c6',NULL,2),('9c4273cc-e0f1-4702-a8ca-89c759916f87','9c427450-8225-4e1d-bfb7-ec4c08a908f2','9c42747a-f8b8-4df2-892a-098cdd72e1d9',1),('9c4273cc-e0f1-4702-a8ca-89c759916f87','9c427431-3343-4c53-842f-77ed317cb077','9c42747e-119d-4ff9-8b88-5732f7d54276',9),('9c4273cc-e0f1-4702-a8ca-89c759916f87','9c42741a-1905-48d1-9c24-0021a2a51367','9c42747d-8783-486c-8dd3-2ca836a341a2',7),('9c4273cc-e0f1-4702-a8ca-89c759916f87','9c427476-fc83-4e6d-9208-28e308d4e179',NULL,3),('9c4273cc-e0f1-4702-a8ca-89c759916f87','9c427427-5fa8-4839-8daf-9e78672196ad','9c42747d-d800-45b4-a41e-9868a90d5671',10),('9c4273cc-e0f1-4702-a8ca-89c759916f87','9c427434-e614-4d37-9373-f118c3b87caa','9c42747e-2f4e-4308-bd17-772bb96f620f',10),('9c4273cc-e0f1-4702-a8ca-89c759916f87','9c42744e-9ff3-4200-a5b9-6ae850427163','9c42747f-0324-47f9-96d5-c6db1c2db494',2),('9c4273cc-e0f1-4702-a8ca-89c759916f87','9c42746e-0f59-430f-bb16-93c845067266',NULL,7),('9c4273cc-e0f1-4702-a8ca-89c759916f87','9c427410-66d7-441a-8e70-d6d91f6923bc','9c42747d-5f65-4ee8-8697-35c4031b7743',5),('9c4273cc-e0f1-4702-a8ca-89c759916f87','9c4273f6-c260-4e77-9cae-af165373987a','9c42747c-a108-4a9b-ad07-ec8839c7666e',7),('9c4273cc-e0f1-4702-a8ca-89c759916f87','9c427404-73bd-45ee-b5a6-8506590cee10','9c42747d-0c1e-45f2-be45-c2324e2f1ed2',3),('9c4273cc-e0f1-4702-a8ca-89c759916f87','9c427465-39d5-4c6e-a3a2-867819f62e05',NULL,10),('9c4273cc-e0f1-4702-a8ca-89c759916f87','9c42743b-e518-4ba1-917a-f5553b612d2f','9c42747e-67e6-4923-aea0-79aebc135f53',5),('9c4273cc-e0f1-4702-a8ca-89c759916f87','9c42745f-a65c-4a04-a3c9-934a890b8a95',NULL,1),('9c4273cc-e0f1-4702-a8ca-89c759916f87','9c427443-48de-4fbb-a396-c0f3111607c8','9c42747e-a506-499a-8cdf-3d223754f2a0',4),('9c4273cc-e0f1-4702-a8ca-89c759916f87','9c4273f1-08e6-4562-bf93-51a173ea9083','9c42747c-84bf-49bb-be32-110bc9e356b5',3),('9c4273cc-e0f1-4702-a8ca-89c759916f87','9c42740c-a29e-4467-bc11-b66993b6a9a3','9c42747d-4589-4721-8eef-4c44acda16f2',3),('9c4273cc-8277-4460-910e-15f228e1dcfa','9c4273f4-f413-4d70-b893-71a070efcbce','9c42747c-0148-4e3f-9621-c0e11c01dcb0',10),('9c4273cc-8277-4460-910e-15f228e1dcfa','9c42741a-1905-48d1-9c24-0021a2a51367','9c42747d-8783-486c-8dd3-2ca836a341a2',1),('9c4273cc-8277-4460-910e-15f228e1dcfa','9c427410-66d7-441a-8e70-d6d91f6923bc','9c42747d-5f65-4ee8-8697-35c4031b7743',2),('9c4273cc-8277-4460-910e-15f228e1dcfa','9c427465-39d5-4c6e-a3a2-867819f62e05',NULL,4),('9c4273cc-8277-4460-910e-15f228e1dcfa','9c427454-4d17-4afa-ae28-7573e2e45ba0','9c42747f-1cbb-48b1-81da-a053c3dda3f1',7),('9c4273cc-8277-4460-910e-15f228e1dcfa','9c4273f3-114b-4608-94de-9ed2d0265919','9c42747c-9331-4994-80d9-2b0304944ba1',8),('9c4273cc-8277-4460-910e-15f228e1dcfa','9c42745c-047a-4599-a177-cba6a63bfd61',NULL,6),('9c4273cc-8277-4460-910e-15f228e1dcfa','9c42741b-fbd5-4310-856c-6e9d03e2615e','9c42747d-a0b1-4a85-8050-f491b2013f08',7),('9c4273cc-8277-4460-910e-15f228e1dcfa','9c427473-53e1-4ecf-b548-b429632e6501',NULL,5),('9c4273cc-8277-4460-910e-15f228e1dcfa','9c42746c-87d8-4702-8f10-a8dfbaa6dcc0',NULL,7),('9c4273cc-8277-4460-910e-15f228e1dcfa','9c42740e-6466-4f3a-9ad0-b62ebd2ac671','9c427479-3196-430b-80af-4e50ec3b29ef',7),('9c4273cc-8277-4460-910e-15f228e1dcfa','9c427452-8f5c-49b1-a14e-5390e66844e9','9c42747f-0db8-4118-be0c-21009a6ee9ae',7),('9c4273cc-8277-4460-910e-15f228e1dcfa','9c427429-4eb4-4416-a99d-1d7e587375ac','9c42747d-e431-4a31-addd-c26b7a0a6c32',8),('9c4273cc-8277-4460-910e-15f228e1dcfa','9c427471-ab46-484d-95ab-17ede950c3a7',NULL,5),('9c4273cc-8277-4460-910e-15f228e1dcfa','9c427402-69ff-458e-9080-7043ee891a99','9c42747c-ff0d-4ad4-9fa5-dbd4cd83548c',2),('9c4273cc-8277-4460-910e-15f228e1dcfa','9c427412-529e-4ee8-8d55-0be0575239e9','9c427479-60f8-4453-9941-ff910cbcc82c',2),('9c4273cc-8277-4460-910e-15f228e1dcfa','9c42746e-0f59-430f-bb16-93c845067266',NULL,1),('9c4273cc-8277-4460-910e-15f228e1dcfa','9c427407-0bb8-4bb4-97cd-ba830bdf6728','9c42747d-198d-41a5-889e-0af7a9a1b6f8',1),('9c4273cc-8277-4460-910e-15f228e1dcfa','9c427443-48de-4fbb-a396-c0f3111607c8','9c42747e-a506-499a-8cdf-3d223754f2a0',9),('9c4273cc-8277-4460-910e-15f228e1dcfa','9c427475-52fe-461c-977f-e71ddc8c934d',NULL,5),('9c4273cc-8277-4460-910e-15f228e1dcfa','9c427441-6d77-4a9b-b668-7906aca48814','9c42747b-3fac-4113-adfa-0c4d66867382',8),('9c4273cc-8277-4460-910e-15f228e1dcfa','9c42743a-34af-4ae7-9298-273fbd731492','9c42747e-5b1d-48b4-9dd8-320089a66b98',5),('9c4273cc-8277-4460-910e-15f228e1dcfa','9c427445-10fc-4a7c-bda2-902b5b9bebed','9c42747e-b387-428a-99a5-b71d72123591',4),('9c4273cc-8277-4460-910e-15f228e1dcfa','9c427456-3187-43ce-b4ef-dca27cf76287','9c42747b-d36f-4d0c-9096-04838196af0d',6),('9c4273cc-8277-4460-910e-15f228e1dcfa','9c42745d-f817-4e95-bea4-2ee94f90c1c6',NULL,9),('9c4273cc-8277-4460-910e-15f228e1dcfa','9c427421-a196-4ca7-ae18-2ff4bb221591','9c42747a-c97a-49d4-bf8a-7127077c0b12',4),('9c4273cc-8277-4460-910e-15f228e1dcfa','9c42740c-a29e-4467-bc11-b66993b6a9a3','9c42747d-4589-4721-8eef-4c44acda16f2',10),('9c4273cc-8277-4460-910e-15f228e1dcfa','9c427450-8225-4e1d-bfb7-ec4c08a908f2','9c42747a-f498-4686-84e7-fe01768a75f5',2),('9c4273cc-8277-4460-910e-15f228e1dcfa','9c4273f8-a75f-43db-a321-c633be068840','9c42747b-86b4-4353-9b6c-03067ad652ea',10),('9c4273cc-8277-4460-910e-15f228e1dcfa','9c427448-a5ad-44d0-b513-df19ec8971e3','9c42747e-d48e-461b-89c8-cdf6e4db25fa',6),('9c4273cc-8277-4460-910e-15f228e1dcfa','9c427404-73bd-45ee-b5a6-8506590cee10','9c42747d-05a7-43ac-bac2-48b23c04528c',2),('9c4273cc-8277-4460-910e-15f228e1dcfa','9c42743d-c8b6-4f07-9d39-0ecfb4358f0e','9c42747e-794f-4a36-97da-f36d93a83129',9),('9c4273cc-8277-4460-910e-15f228e1dcfa','9c42744a-dc9d-45aa-ae8c-c7450777c210','9c42747e-e7fe-47be-9fe7-f57b144dbdff',2),('9c4273cc-8277-4460-910e-15f228e1dcfa','9c427423-8dc7-4a04-8a33-d838f1989a0d','9c42747d-c715-4da5-8831-fe9c2d4b60d5',8),('9c4273cc-8277-4460-910e-15f228e1dcfa','9c427408-ebac-4870-8635-1e21ee25ac0b','9c42747d-2b79-422e-9f4d-04114482af1f',10),('9c4273cc-8277-4460-910e-15f228e1dcfa','9c42740a-d67a-48f4-9927-04e9464288f4','9c42747d-3760-4bb8-a341-a0c9acae49d2',1),('9c4273cc-8277-4460-910e-15f228e1dcfa','9c427427-5fa8-4839-8daf-9e78672196ad','9c42747d-d800-45b4-a41e-9868a90d5671',4),('9c4273cc-8277-4460-910e-15f228e1dcfa','9c42741f-c8c5-4197-b78a-2aec13df1767','9c42747d-b1ce-4f44-b6c7-4c16127430ff',2),('9c4273cc-8277-4460-910e-15f228e1dcfa','9c427425-6dfb-4e1b-911c-8a16fc149b20','9c42747d-d0f1-4ab4-920c-fed7ba1918d0',5),('9c4273cc-8277-4460-910e-15f228e1dcfa','9c427438-579b-4f07-afad-05fd1c27ccd1','9c42747e-45e3-4697-af02-b6102eb418fe',8),('9c4273cc-8277-4460-910e-15f228e1dcfa','9c427468-ff76-487b-9d41-2c68977b3cf7',NULL,9),('9c4273cc-8277-4460-910e-15f228e1dcfa','9c42746f-e905-4763-881f-0eefcb60f795',NULL,7),('9c4273cc-8277-4460-910e-15f228e1dcfa','9c4273f6-c260-4e77-9cae-af165373987a','9c42747c-a108-4a9b-ad07-ec8839c7666e',6),('9c4273cc-8277-4460-910e-15f228e1dcfa','9c42746a-d1d9-473a-a22b-a82430031148',NULL,9),('9c4273cc-8277-4460-910e-15f228e1dcfa','9c427414-5cf5-480d-8324-74ea8f9e275c','9c42747a-32fc-4704-b755-644dbd95b2aa',5),('9c4273cc-8277-4460-910e-15f228e1dcfa','9c427431-3343-4c53-842f-77ed317cb077','9c42747e-119d-4ff9-8b88-5732f7d54276',10);
/*!40000 ALTER TABLE `cart_product` ENABLE KEYS */;
UNLOCK TABLES;

--
-- Table structure for table `carts`
--

DROP TABLE IF EXISTS `carts`;
/*!40101 SET @saved_cs_client     = @@character_set_client */;
/*!50503 SET character_set_client = utf8mb4 */;
CREATE TABLE `carts` (
  `id` char(36) COLLATE utf8mb4_unicode_ci NOT NULL,
  `user_id` char(36) COLLATE utf8mb4_unicode_ci DEFAULT NULL,
  `ip_address` varchar(100) COLLATE utf8mb4_unicode_ci DEFAULT NULL,
  `slug` varchar(255) COLLATE utf8mb4_unicode_ci NOT NULL,
  `created_at` timestamp NULL DEFAULT NULL,
  `updated_at` timestamp NULL DEFAULT NULL,
  PRIMARY KEY (`id`),
  KEY `carts_user_id_foreign` (`user_id`),
  CONSTRAINT `carts_user_id_foreign` FOREIGN KEY (`user_id`) REFERENCES `users` (`id`) ON DELETE SET NULL
) ENGINE=InnoDB DEFAULT CHARSET=utf8mb4 COLLATE=utf8mb4_unicode_ci;
/*!40101 SET character_set_client = @saved_cs_client */;

--
-- Dumping data for table `carts`
--

LOCK TABLES `carts` WRITE;
/*!40000 ALTER TABLE `carts` DISABLE KEYS */;
INSERT INTO `carts` VALUES ('9c4273cc-0afe-4f2f-9f3a-3c5b04bea769','9c4273cc-031e-469f-8e0f-21cb0def84e2',NULL,'mr-imogen-edwards','2024-06-11 07:50:45','2024-06-11 07:50:45'),('9c4273cc-384c-4402-b591-5c2587432706','9c4273cc-2c8a-4b80-a920-e8b90155ed2f',NULL,'mrs-rebecca-price','2024-06-11 07:50:45','2024-06-11 07:50:45'),('9c4273cc-52ef-4836-8be8-0e6c71173cf4','9c4273cc-51cd-4120-b6fd-5e0c9ea51601',NULL,'miss-emma-morgan','2024-06-11 07:50:45','2024-06-11 07:50:45'),('9c4273cc-6aa7-4ca8-8815-327aa0e8a12c','9c4273cc-69c7-4d94-8ec1-095fd95b9712',NULL,'laura-harrison','2024-06-11 07:50:45','2024-06-11 07:50:45'),('9c4273cc-8277-4460-910e-15f228e1dcfa','9c4273cc-8176-4f3b-84b3-117201f8b0a7',NULL,'mr-darren-hall','2024-06-11 07:50:45','2024-06-11 07:50:45'),('9c4273cc-9a14-42e9-bda0-58d0cb7b12ff','9c4273cc-9924-4a2c-a0a1-af3018b37ab3',NULL,'alice-cooper','2024-06-11 07:50:45','2024-06-11 07:50:45'),('9c4273cc-b1c7-4a15-b355-bfe68f29679f','9c4273cc-b0bf-45f5-8d37-6a087c046ac0',NULL,'jackson-khan','2024-06-11 07:50:45','2024-06-11 07:50:45'),('9c4273cc-c999-4ae8-b017-e04fc47f855f','9c4273cc-c85e-444d-b2ec-3fb805b3a1fc',NULL,'eleanor-holmes','2024-06-11 07:50:45','2024-06-11 07:50:45'),('9c4273cc-e0f1-4702-a8ca-89c759916f87','9c4273cc-e01a-452f-96b4-410e2743b7f7',NULL,'ian-cox','2024-06-11 07:50:45','2024-06-11 07:50:45'),('9c4273cc-f856-44a6-a9fb-ae46f9679de1','9c4273cc-f778-4b5e-9bdc-f90847d1103a',NULL,'florence-cox','2024-06-11 07:50:45','2024-06-11 07:50:45'),('9c4273cd-1061-4d4b-a43d-de325ff92add','9c4273cd-0f44-482c-ae6d-5233a56cbcad',NULL,'samuel-murphy','2024-06-11 07:50:45','2024-06-11 07:50:45'),('9c4273cd-2839-4055-b65e-c60979179783','9c4273cd-273c-46ff-ad58-87a942505d79',NULL,'jodie-johnson','2024-06-11 07:50:45','2024-06-11 07:50:45'),('9c4273cd-3fd5-4a8a-8744-986355d0e45c','9c4273cd-3f08-426c-af71-a317e6c7ce0d',NULL,'jordan-adams','2024-06-11 07:50:46','2024-06-11 07:50:46'),('9c4273cd-5742-4021-8190-1738af4327b3','9c4273cd-5665-41d5-a1bf-ebfd8979aee4',NULL,'gavin-holmes','2024-06-11 07:50:46','2024-06-11 07:50:46'),('9c4273cd-6edc-40a6-8533-3139ac081cf7','9c4273cd-6df9-4eae-ad34-b56f8bf11835',NULL,'lucy-martin','2024-06-11 07:50:46','2024-06-11 07:50:46'),('9c4273cd-8723-4932-909e-f79ee05020db','9c4273cd-863c-4957-be1b-84e09c21166e',NULL,'ashley-shaw','2024-06-11 07:50:46','2024-06-11 07:50:46'),('9c4273cd-9ef5-4b41-a206-65a2a42ad43b','9c4273cd-9dd5-4ccc-b903-ba99e778c019',NULL,'tiffany-roberts','2024-06-11 07:50:46','2024-06-11 07:50:46'),('9c4273cd-b6cf-4902-9bd3-a9bd26545c8b','9c4273cd-b5a1-407e-8d09-82bacc21a966',NULL,'rosie-cook','2024-06-11 07:50:46','2024-06-11 07:50:46'),('9c4273cd-cef4-4676-ad53-6de0bb52f29f','9c4273cd-cdef-4842-958c-51898c7081c6',NULL,'charles-shaw','2024-06-11 07:50:46','2024-06-11 07:50:46'),('9c4273cd-e64d-408d-af93-317c4a36713a','9c4273cd-e561-45a5-ab4f-92986f88c791',NULL,'rosie-thomas','2024-06-11 07:50:46','2024-06-11 07:50:46'),('9c4273cd-fee9-41ce-a993-2e80788f4201','9c4273cd-fd90-42a8-99d2-54147d0e9353',NULL,'mr-roland-treiber','2024-06-11 07:50:46','2024-06-11 07:50:46'),('9c42748c-72d7-4826-bca7-851174f3a3d0','9c4273cc-031e-469f-8e0f-21cb0def84e2',NULL,'mr-imogen-edwards-1','2024-06-11 07:52:51','2024-06-11 07:52:51'),('9c42748c-7381-4f1f-bb90-3acdfbf26687','9c4273cc-2c8a-4b80-a920-e8b90155ed2f',NULL,'mrs-rebecca-price-1','2024-06-11 07:52:51','2024-06-11 07:52:51'),('9c42748c-7432-4430-a8fc-a0a67fd723d5','9c4273cc-51cd-4120-b6fd-5e0c9ea51601',NULL,'miss-emma-morgan-1','2024-06-11 07:52:51','2024-06-11 07:52:51'),('9c42748c-7501-421f-be21-26b76c6d8d01','9c4273cc-69c7-4d94-8ec1-095fd95b9712',NULL,'laura-harrison-1','2024-06-11 07:52:51','2024-06-11 07:52:51'),('9c42748c-75d7-4b4f-bc87-05ba46fb44c0','9c4273cc-8176-4f3b-84b3-117201f8b0a7',NULL,'mr-darren-hall-1','2024-06-11 07:52:51','2024-06-11 07:52:51'),('9c42748c-7690-4dc9-8212-28f399151823','9c4273cc-9924-4a2c-a0a1-af3018b37ab3',NULL,'alice-cooper-1','2024-06-11 07:52:51','2024-06-11 07:52:51'),('9c42748c-7737-4e4f-a401-3cd5ecaa42f6','9c4273cc-b0bf-45f5-8d37-6a087c046ac0',NULL,'jackson-khan-1','2024-06-11 07:52:51','2024-06-11 07:52:51'),('9c42748c-77e3-4f95-9c4d-f20b1528470f','9c4273cc-c85e-444d-b2ec-3fb805b3a1fc',NULL,'eleanor-holmes-1','2024-06-11 07:52:51','2024-06-11 07:52:51'),('9c42748c-7892-467d-a5ac-03118b890eb0','9c4273cc-e01a-452f-96b4-410e2743b7f7',NULL,'ian-cox-1','2024-06-11 07:52:51','2024-06-11 07:52:51'),('9c42748c-794a-46d7-a84e-46f52d3dbc7e','9c4273cc-f778-4b5e-9bdc-f90847d1103a',NULL,'florence-cox-1','2024-06-11 07:52:51','2024-06-11 07:52:51'),('9c42748c-7a31-4c91-8f2d-da1734c6ffbc','9c4273cd-0f44-482c-ae6d-5233a56cbcad',NULL,'samuel-murphy-1','2024-06-11 07:52:51','2024-06-11 07:52:51'),('9c42748c-7b79-4057-b872-5cc999cab950','9c4273cd-273c-46ff-ad58-87a942505d79',NULL,'jodie-johnson-1','2024-06-11 07:52:51','2024-06-11 07:52:51'),('9c42748c-7c1d-47b1-aee6-ef5afd1b7863','9c4273cd-3f08-426c-af71-a317e6c7ce0d',NULL,'jordan-adams-1','2024-06-11 07:52:51','2024-06-11 07:52:51'),('9c42748c-7cd4-4648-bdb7-f7973b624ab3','9c4273cd-5665-41d5-a1bf-ebfd8979aee4',NULL,'gavin-holmes-1','2024-06-11 07:52:51','2024-06-11 07:52:51'),('9c42748c-7db0-4f13-8f73-8b5178afedc9','9c4273cd-6df9-4eae-ad34-b56f8bf11835',NULL,'lucy-martin-1','2024-06-11 07:52:51','2024-06-11 07:52:51'),('9c42748c-7e4b-4208-920e-6a572170c492','9c4273cd-863c-4957-be1b-84e09c21166e',NULL,'ashley-shaw-1','2024-06-11 07:52:51','2024-06-11 07:52:51'),('9c42748c-7f0b-4c7b-a3d4-73cb3f03f6cf','9c4273cd-9dd5-4ccc-b903-ba99e778c019',NULL,'tiffany-roberts-1','2024-06-11 07:52:51','2024-06-11 07:52:51'),('9c42748c-7fb3-4d35-a277-538c6ec32c79','9c4273cd-b5a1-407e-8d09-82bacc21a966',NULL,'rosie-cook-1','2024-06-11 07:52:51','2024-06-11 07:52:51'),('9c42748c-8072-4713-9b05-82105c02c74e','9c4273cd-cdef-4842-958c-51898c7081c6',NULL,'charles-shaw-1','2024-06-11 07:52:51','2024-06-11 07:52:51'),('9c42748c-8122-4695-82d9-a4f0ed40913a','9c4273cd-e561-45a5-ab4f-92986f88c791',NULL,'rosie-thomas-1','2024-06-11 07:52:51','2024-06-11 07:52:51'),('9c42748c-81cf-4ff9-9cdc-3e669e6e392f','9c4273cd-fd90-42a8-99d2-54147d0e9353',NULL,'mr-roland-treiber-1','2024-06-11 07:52:51','2024-06-11 07:52:51');
/*!40000 ALTER TABLE `carts` ENABLE KEYS */;
UNLOCK TABLES;

--
-- Table structure for table `contents`
--

DROP TABLE IF EXISTS `contents`;
/*!40101 SET @saved_cs_client     = @@character_set_client */;
/*!50503 SET character_set_client = utf8mb4 */;
CREATE TABLE `contents` (
  `id` char(36) COLLATE utf8mb4_unicode_ci NOT NULL,
  `contentable_type` varchar(255) COLLATE utf8mb4_unicode_ci DEFAULT NULL,
  `contentable_id` char(36) COLLATE utf8mb4_unicode_ci DEFAULT NULL,
  `language_id` bigint unsigned NOT NULL,
  `type` tinyint NOT NULL,
  `text` text COLLATE utf8mb4_unicode_ci NOT NULL,
  `created_at` timestamp NULL DEFAULT NULL,
  `updated_at` timestamp NULL DEFAULT NULL,
  PRIMARY KEY (`id`),
  KEY `contents_language_id_foreign` (`language_id`),
  CONSTRAINT `contents_language_id_foreign` FOREIGN KEY (`language_id`) REFERENCES `languages` (`id`)
) ENGINE=InnoDB DEFAULT CHARSET=utf8mb4 COLLATE=utf8mb4_unicode_ci;
/*!40101 SET character_set_client = @saved_cs_client */;

--
-- Dumping data for table `contents`
--

LOCK TABLES `contents` WRITE;
/*!40000 ALTER TABLE `contents` DISABLE KEYS */;
/*!40000 ALTER TABLE `contents` ENABLE KEYS */;
UNLOCK TABLES;

--
-- Table structure for table `delivery_rules`
--

DROP TABLE IF EXISTS `delivery_rules`;
/*!40101 SET @saved_cs_client     = @@character_set_client */;
/*!50503 SET character_set_client = utf8mb4 */;
CREATE TABLE `delivery_rules` (
  `id` char(36) COLLATE utf8mb4_unicode_ci NOT NULL,
  `delivery_type_id` char(36) COLLATE utf8mb4_unicode_ci NOT NULL,
  `postcodes` json DEFAULT NULL,
  `min_weight` bigint unsigned DEFAULT NULL,
  `max_weight` bigint unsigned DEFAULT NULL,
  `min_distance` bigint unsigned DEFAULT NULL,
  `max_distance` bigint unsigned DEFAULT NULL,
  `distance_unit` varchar(255) COLLATE utf8mb4_unicode_ci NOT NULL DEFAULT 'meter',
  `lat` varchar(255) COLLATE utf8mb4_unicode_ci DEFAULT NULL,
  `lon` varchar(255) COLLATE utf8mb4_unicode_ci DEFAULT NULL,
  `status` tinyint NOT NULL DEFAULT '1',
  `slug` varchar(255) COLLATE utf8mb4_unicode_ci NOT NULL,
  `enabled` tinyint(1) NOT NULL DEFAULT '1',
  `deleted_at` timestamp NULL DEFAULT NULL,
  `created_at` timestamp NULL DEFAULT NULL,
  `updated_at` timestamp NULL DEFAULT NULL,
  PRIMARY KEY (`id`),
  KEY `delivery_rules_delivery_type_id_foreign` (`delivery_type_id`),
  CONSTRAINT `delivery_rules_delivery_type_id_foreign` FOREIGN KEY (`delivery_type_id`) REFERENCES `delivery_types` (`id`)
) ENGINE=InnoDB DEFAULT CHARSET=utf8mb4 COLLATE=utf8mb4_unicode_ci;
/*!40101 SET character_set_client = @saved_cs_client */;

--
-- Dumping data for table `delivery_rules`
--

LOCK TABLES `delivery_rules` WRITE;
/*!40000 ALTER TABLE `delivery_rules` DISABLE KEYS */;
INSERT INTO `delivery_rules` VALUES ('9c4273ef-54ef-4f68-9f03-dcf2619103ed','9c4273ec-bcf9-4b26-ab32-2cb9674ab238','[]',0,10000,0,4500,'meter','51.4990343','-0.0914655',1,'local-small-rule-1',1,NULL,'2024-06-11 07:51:08','2024-06-11 07:51:08'),('9c4273ef-5760-497e-aa3b-1099af3c287c','9c4273ec-bcf9-4b26-ab32-2cb9674ab238','[]',0,10000,0,4500,'meter','51.8803789','-0.4376852',1,'local-small-rule-2',1,NULL,'2024-06-11 07:51:08','2024-06-11 07:51:08'),('9c4273ef-5960-41c0-99bd-8c249961f5b5','9c4273ed-5fdf-4397-8834-040150b1e063','[]',10000,25000,0,4500,'meter','51.4990343','-0.0914655',1,'local-heavy-rule-1',1,NULL,'2024-06-11 07:51:08','2024-06-11 07:51:08'),('9c4273ef-5b09-4588-a50a-63e1651e7b82','9c4273ed-5fdf-4397-8834-040150b1e063','[]',10000,25000,0,4500,'meter','51.8803789','-0.4376852',1,'local-heavy-rule-1-1',1,NULL,'2024-06-11 07:51:08','2024-06-11 07:51:08'),('9c4273ef-5c6a-4a84-a4e1-76b3268284d6','9c4273ee-162d-4c89-9e7b-7bd414e934e6','[]',0,10000,NULL,NULL,'meter',NULL,NULL,1,'standard-small-rule-1',1,NULL,'2024-06-11 07:51:08','2024-06-11 07:51:08'),('9c4273ef-5d91-46ae-bc98-1e58132f7441','9c4273ee-bfc7-4f0e-8408-a100c9d8b445','[]',10000,15000,NULL,NULL,'meter',NULL,NULL,1,'standard-heavy-rule-1',1,NULL,'2024-06-11 07:51:08','2024-06-11 07:51:08'),('9c4273ef-5ebe-41f4-97fa-feb9fe0f539e','9c4273ef-4fcb-44a3-9a91-a433a1377538','[]',0,25000,NULL,NULL,'meter',NULL,NULL,1,'overnight-rule-1',1,NULL,'2024-06-11 07:51:08','2024-06-11 07:51:08');
/*!40000 ALTER TABLE `delivery_rules` ENABLE KEYS */;
UNLOCK TABLES;

--
-- Table structure for table `delivery_types`
--

DROP TABLE IF EXISTS `delivery_types`;
/*!40101 SET @saved_cs_client     = @@character_set_client */;
/*!50503 SET character_set_client = utf8mb4 */;
CREATE TABLE `delivery_types` (
  `id` char(36) COLLATE utf8mb4_unicode_ci NOT NULL,
  `name` json NOT NULL,
  `description` json NOT NULL,
  `price` decimal(8,2) NOT NULL DEFAULT '0.00',
  `slug` varchar(255) COLLATE utf8mb4_unicode_ci NOT NULL,
  `enabled` tinyint(1) NOT NULL DEFAULT '1',
  `enabled_by_default_on_creation` tinyint(1) NOT NULL DEFAULT '1',
  `deleted_at` timestamp NULL DEFAULT NULL,
  `created_at` timestamp NULL DEFAULT NULL,
  `updated_at` timestamp NULL DEFAULT NULL,
  PRIMARY KEY (`id`)
) ENGINE=InnoDB DEFAULT CHARSET=utf8mb4 COLLATE=utf8mb4_unicode_ci;
/*!40101 SET character_set_client = @saved_cs_client */;

--
-- Dumping data for table `delivery_types`
--

LOCK TABLES `delivery_types` WRITE;
/*!40000 ALTER TABLE `delivery_types` DISABLE KEYS */;
INSERT INTO `delivery_types` VALUES ('9c4273ec-bcf9-4b26-ab32-2cb9674ab238','{\"de\": \"Lokal (kostenlos bis 10 kg)\", \"en\": \"Local (free up to 10kg)\", \"fr\": \"Local (gratuit jusqu&#39;à 10kg)\"}','{\"de\": \"Sie genießen eine kostenlose Lieferung im Umkreis von 5 km von unserem Lager.\", \"en\": \"You enjoy free delivery within 5km range from our warehouse.\", \"fr\": \"Vous bénéficiez d&#39;une livraison gratuite dans un rayon de 5 km depuis notre entrepôt.\"}',0.00,'local-small-1',1,1,NULL,'2024-06-11 07:51:06','2024-06-11 07:51:06'),('9c4273ed-5fdf-4397-8834-040150b1e063','{\"de\": \"Lokale Schwerlasttransporte (10-25 kg)\", \"en\": \"Local Heavy (10-25kg)\", \"fr\": \"Lourd local (10-25kg)\"}','{\"de\": \"Wenn Sie in der Nähe wohnen, liefern wir bis an die Haustür.\", \"en\": \"If you live nearby, we deliver to your door.\", \"fr\": \"Si vous habitez à proximité, nous livrons à votre porte.\"}',2.99,'local-heavy-1',1,1,NULL,'2024-06-11 07:51:06','2024-06-11 07:51:07'),('9c4273ee-162d-4c89-9e7b-7bd414e934e6','{\"de\": \"Standard Klein (unter 5kg)\", \"en\": \"Standard Small (under 5kg)\", \"fr\": \"Standard petit (moins de 5 kg)\"}','{\"de\": \"Zustellung per Royal Mail (ca. 3–5 Tage)\", \"en\": \"Royal mail delivery. (approximately 3-5 days)\", \"fr\": \"Livraison du courrier royal. (environ 3 à 5 jours)\"}',7.99,'standard-small-1',1,1,NULL,'2024-06-11 07:51:07','2024-06-11 07:51:07'),('9c4273ee-bfc7-4f0e-8408-a100c9d8b445','{\"de\": \"Standard Schwer (5kg - 15kg)\", \"en\": \"Standard Heavy (5kg - 15kg)\", \"fr\": \"Standard lourd (5 kg - 15 kg)\"}','{\"de\": \"DPD (ca. 4-10 Tage)\", \"en\": \"DPD (approximately 4-10 days)\", \"fr\": \"DPD (environ 4 à 10 jours)\"}',8.99,'standard-heavy-1',1,1,NULL,'2024-06-11 07:51:07','2024-06-11 07:51:08'),('9c4273ef-4fcb-44a3-9a91-a433a1377538','{\"de\": \"Übernacht-Zustellung\", \"en\": \"Overnight delivery\", \"fr\": \"Livraison le lendemain\"}','{\"de\": \"DPD Overnight (1 Tag)\", \"en\": \"DPD overnight (1 day)\", \"fr\": \"DPD nuit (1 jour)\"}',11.99,'overnight-1',1,1,NULL,'2024-06-11 07:51:08','2024-06-11 07:51:08');
/*!40000 ALTER TABLE `delivery_types` ENABLE KEYS */;
UNLOCK TABLES;

--
-- Table structure for table `discount_rule_product`
--

DROP TABLE IF EXISTS `discount_rule_product`;
/*!40101 SET @saved_cs_client     = @@character_set_client */;
/*!50503 SET character_set_client = utf8mb4 */;
CREATE TABLE `discount_rule_product` (
  `discount_rule_id` char(36) COLLATE utf8mb4_unicode_ci NOT NULL,
  `product_id` char(36) COLLATE utf8mb4_unicode_ci DEFAULT NULL,
  UNIQUE KEY `discount_rule_product_discount_rule_id_product_id_unique` (`discount_rule_id`,`product_id`),
  KEY `discount_rule_product_product_id_foreign` (`product_id`),
  CONSTRAINT `discount_rule_product_discount_rule_id_foreign` FOREIGN KEY (`discount_rule_id`) REFERENCES `discount_rules` (`id`),
  CONSTRAINT `discount_rule_product_product_id_foreign` FOREIGN KEY (`product_id`) REFERENCES `products` (`id`) ON DELETE CASCADE
) ENGINE=InnoDB DEFAULT CHARSET=utf8mb4 COLLATE=utf8mb4_unicode_ci;
/*!40101 SET character_set_client = @saved_cs_client */;

--
-- Dumping data for table `discount_rule_product`
--

LOCK TABLES `discount_rule_product` WRITE;
/*!40000 ALTER TABLE `discount_rule_product` DISABLE KEYS */;
/*!40000 ALTER TABLE `discount_rule_product` ENABLE KEYS */;
UNLOCK TABLES;

--
-- Table structure for table `discount_rule_product_category`
--

DROP TABLE IF EXISTS `discount_rule_product_category`;
/*!40101 SET @saved_cs_client     = @@character_set_client */;
/*!50503 SET character_set_client = utf8mb4 */;
CREATE TABLE `discount_rule_product_category` (
  `discount_rule_id` char(36) COLLATE utf8mb4_unicode_ci NOT NULL,
  `product_category_id` char(36) COLLATE utf8mb4_unicode_ci NOT NULL,
  UNIQUE KEY `discount_rule_product_category` (`discount_rule_id`,`product_category_id`),
  KEY `discount_rule_product_category_product_category_id_foreign` (`product_category_id`),
  CONSTRAINT `discount_rule_product_category_discount_rule_id_foreign` FOREIGN KEY (`discount_rule_id`) REFERENCES `discount_rules` (`id`),
  CONSTRAINT `discount_rule_product_category_product_category_id_foreign` FOREIGN KEY (`product_category_id`) REFERENCES `product_categories` (`id`)
) ENGINE=InnoDB DEFAULT CHARSET=utf8mb4 COLLATE=utf8mb4_unicode_ci;
/*!40101 SET character_set_client = @saved_cs_client */;

--
-- Dumping data for table `discount_rule_product_category`
--

LOCK TABLES `discount_rule_product_category` WRITE;
/*!40000 ALTER TABLE `discount_rule_product_category` DISABLE KEYS */;
INSERT INTO `discount_rule_product_category` VALUES ('9c427481-24fd-4ffd-84a0-18f0fa34ebca','9c4273e1-3caf-4182-b0f6-6b0eea4e9570'),('9c427480-c348-493a-b427-a0a3d096af0d','9c4273e3-4b0e-444a-b8c7-2678868fb2a2');
/*!40000 ALTER TABLE `discount_rule_product_category` ENABLE KEYS */;
UNLOCK TABLES;

--
-- Table structure for table `discount_rules`
--

DROP TABLE IF EXISTS `discount_rules`;
/*!40101 SET @saved_cs_client     = @@character_set_client */;
/*!50503 SET character_set_client = utf8mb4 */;
CREATE TABLE `discount_rules` (
  `id` char(36) COLLATE utf8mb4_unicode_ci NOT NULL,
  `name` text COLLATE utf8mb4_unicode_ci NOT NULL,
  `slug` varchar(255) COLLATE utf8mb4_unicode_ci NOT NULL,
  `type` tinyint NOT NULL,
  `amount` decimal(8,2) unsigned NOT NULL,
  `valid_from` datetime NOT NULL,
  `valid_until` datetime NOT NULL,
  `enabled` tinyint(1) NOT NULL DEFAULT '1',
  `deleted_at` timestamp NULL DEFAULT NULL,
  `created_at` timestamp NULL DEFAULT NULL,
  `updated_at` timestamp NULL DEFAULT NULL,
  PRIMARY KEY (`id`)
) ENGINE=InnoDB DEFAULT CHARSET=utf8mb4 COLLATE=utf8mb4_unicode_ci;
/*!40101 SET character_set_client = @saved_cs_client */;

--
-- Dumping data for table `discount_rules`
--

LOCK TABLES `discount_rules` WRITE;
/*!40000 ALTER TABLE `discount_rules` DISABLE KEYS */;
INSERT INTO `discount_rules` VALUES ('9c427480-c348-493a-b427-a0a3d096af0d','{\"de\":\"5% Rabatt auf alle Krawatten\",\"fr\":\"5\\u00a0% de r\\u00e9duction sur toutes les cravates\",\"en\":\"5% off from all ties\"}','5-off-from-all-ties',1,5.00,'2023-10-10 01:00:00','2033-10-10 01:00:00',1,NULL,'2024-06-11 07:52:43','2024-06-11 07:52:43'),('9c427481-24fd-4ffd-84a0-18f0fa34ebca','{\"de\":\"2 \\u00a3 Rabatt auf alle Herren-Accessoires\",\"fr\":\"2\\u00a0\\u20ac de r\\u00e9duction sur tous les accessoires pour hommes\",\"en\":\"\\u00a32 off from all men\'s accessories\"}','2-off-from-all-mens-accessories',2,2.00,'2023-10-10 01:00:00','2033-10-10 01:00:00',1,NULL,'2024-06-11 07:52:43','2024-06-11 07:52:43');
/*!40000 ALTER TABLE `discount_rules` ENABLE KEYS */;
UNLOCK TABLES;

--
-- Table structure for table `email_archives`
--

DROP TABLE IF EXISTS `email_archives`;
/*!40101 SET @saved_cs_client     = @@character_set_client */;
/*!50503 SET character_set_client = utf8mb4 */;
CREATE TABLE `email_archives` (
  `id` bigint unsigned NOT NULL AUTO_INCREMENT,
  `address` varchar(255) COLLATE utf8mb4_unicode_ci NOT NULL,
  `subject` varchar(255) COLLATE utf8mb4_unicode_ci NOT NULL,
  `template_id` varchar(255) COLLATE utf8mb4_unicode_ci NOT NULL,
  `content` text COLLATE utf8mb4_unicode_ci NOT NULL,
  `created_at` timestamp NULL DEFAULT NULL,
  `updated_at` timestamp NULL DEFAULT NULL,
  PRIMARY KEY (`id`)
) ENGINE=InnoDB DEFAULT CHARSET=utf8mb4 COLLATE=utf8mb4_unicode_ci;
/*!40101 SET character_set_client = @saved_cs_client */;

--
-- Dumping data for table `email_archives`
--

LOCK TABLES `email_archives` WRITE;
/*!40000 ALTER TABLE `email_archives` DISABLE KEYS */;
/*!40000 ALTER TABLE `email_archives` ENABLE KEYS */;
UNLOCK TABLES;

--
-- Table structure for table `event_logs`
--

DROP TABLE IF EXISTS `event_logs`;
/*!40101 SET @saved_cs_client     = @@character_set_client */;
/*!50503 SET character_set_client = utf8mb4 */;
CREATE TABLE `event_logs` (
  `id` char(36) COLLATE utf8mb4_unicode_ci NOT NULL,
  `message` varchar(200) COLLATE utf8mb4_unicode_ci NOT NULL,
  `type` tinyint NOT NULL,
  `eventable_type` varchar(255) COLLATE utf8mb4_unicode_ci DEFAULT NULL,
  `eventable_id` char(36) COLLATE utf8mb4_unicode_ci DEFAULT NULL,
  `data` text COLLATE utf8mb4_unicode_ci NOT NULL,
  `created_at` timestamp NULL DEFAULT NULL,
  `updated_at` timestamp NULL DEFAULT NULL,
  PRIMARY KEY (`id`)
) ENGINE=InnoDB DEFAULT CHARSET=utf8mb4 COLLATE=utf8mb4_unicode_ci;
/*!40101 SET character_set_client = @saved_cs_client */;

--
-- Dumping data for table `event_logs`
--

LOCK TABLES `event_logs` WRITE;
/*!40000 ALTER TABLE `event_logs` DISABLE KEYS */;
INSERT INTO `event_logs` VALUES ('9c427485-204b-43bb-91d7-cc00a92de841','Order status was updated to On Hold',0,'App\\Models\\Order','9c427485-1ef0-4055-896c-9825e7cd1cf7','{\"status\":6}','2024-06-11 07:52:46','2024-06-11 07:52:46'),('9c427485-22cd-4186-9762-a563113a5dd3','Order status was updated to Paid',0,'App\\Models\\Order','9c427485-22b1-4ed4-9fc0-b73fd57c08e7','{\"status\":2}','2024-06-11 07:52:46','2024-06-11 07:52:46'),('9c427485-248e-49c3-bacc-f752e19a2ee1','Order status was updated to On Hold',0,'App\\Models\\Order','9c427485-2471-4196-8b81-ba78673693a1','{\"status\":6}','2024-06-11 07:52:46','2024-06-11 07:52:46'),('9c427485-2651-4f8d-a1b6-04e00a0b7aac','Order status was updated to Awaiting Payment',0,'App\\Models\\Order','9c427485-2638-49a5-9a19-3092909853c5','{\"status\":1}','2024-06-11 07:52:46','2024-06-11 07:52:46'),('9c427485-280c-49e3-a09b-bf322cdc60cc','Order status was updated to On Hold',0,'App\\Models\\Order','9c427485-27f2-4bd0-a860-bed640d53c21','{\"status\":6}','2024-06-11 07:52:46','2024-06-11 07:52:46'),('9c427485-29cc-4ce7-991d-5f9088539b3a','Order status was updated to In Transit',0,'App\\Models\\Order','9c427485-29b0-46d4-a72f-bd6e1bca8067','{\"status\":4}','2024-06-11 07:52:46','2024-06-11 07:52:46'),('9c427485-2b97-4dad-836b-d12cd9c661c8','Order status was updated to In Transit',0,'App\\Models\\Order','9c427485-2b7b-439a-9f73-f6cfa2d0be07','{\"status\":4}','2024-06-11 07:52:46','2024-06-11 07:52:46'),('9c427485-2d3e-4571-a3a0-ef095994a843','Order status was updated to Processing',0,'App\\Models\\Order','9c427485-2d25-4e2f-8d82-ff54078b86f1','{\"status\":3}','2024-06-11 07:52:46','2024-06-11 07:52:46'),('9c427485-2f2b-48c3-b022-bf5b715a57bb','Order status was updated to On Hold',0,'App\\Models\\Order','9c427485-2f10-4fa8-8762-26382cfa6ff3','{\"status\":6}','2024-06-11 07:52:46','2024-06-11 07:52:46'),('9c427485-30f4-4684-8eec-0ca80fc27b12','Order status was updated to In Transit',0,'App\\Models\\Order','9c427485-30d9-4cd7-b0ee-27a34cf03e3b','{\"status\":4}','2024-06-11 07:52:46','2024-06-11 07:52:46'),('9c427485-32ce-47a5-94aa-d3f6a9271a6b','Order status was updated to On Hold',0,'App\\Models\\Order','9c427485-3299-4767-9104-e66715eeb382','{\"status\":6}','2024-06-11 07:52:46','2024-06-11 07:52:46'),('9c427485-35a2-4635-bc7b-8b00c7286497','Order status was updated to Paid',0,'App\\Models\\Order','9c427485-356d-4216-a38a-bc70cdc8c9b4','{\"status\":2}','2024-06-11 07:52:46','2024-06-11 07:52:46'),('9c427485-383a-41d8-9776-aa447839f3e6','Order status was updated to In Transit',0,'App\\Models\\Order','9c427485-380c-42ef-b1d1-3ecd341a2a6c','{\"status\":4}','2024-06-11 07:52:46','2024-06-11 07:52:46'),('9c427485-3a65-4417-b03d-84d60c060442','Order status was updated to On Hold',0,'App\\Models\\Order','9c427485-3a35-4861-be79-d197eafd658a','{\"status\":6}','2024-06-11 07:52:46','2024-06-11 07:52:46'),('9c427485-3cd7-4459-a8e1-a167118bb25f','Order status was updated to Completed',0,'App\\Models\\Order','9c427485-3ca6-4fb1-9bc0-9fa2529fb149','{\"status\":5}','2024-06-11 07:52:46','2024-06-11 07:52:46');
/*!40000 ALTER TABLE `event_logs` ENABLE KEYS */;
UNLOCK TABLES;

--
-- Table structure for table `failed_jobs`
--

DROP TABLE IF EXISTS `failed_jobs`;
/*!40101 SET @saved_cs_client     = @@character_set_client */;
/*!50503 SET character_set_client = utf8mb4 */;
CREATE TABLE `failed_jobs` (
  `id` char(36) COLLATE utf8mb4_unicode_ci NOT NULL,
  `uuid` varchar(255) COLLATE utf8mb4_unicode_ci NOT NULL,
  `connection` text COLLATE utf8mb4_unicode_ci NOT NULL,
  `queue` text COLLATE utf8mb4_unicode_ci NOT NULL,
  `payload` longtext COLLATE utf8mb4_unicode_ci NOT NULL,
  `exception` longtext COLLATE utf8mb4_unicode_ci NOT NULL,
  `failed_at` timestamp NOT NULL DEFAULT CURRENT_TIMESTAMP,
  PRIMARY KEY (`id`),
  UNIQUE KEY `failed_jobs_uuid_unique` (`uuid`)
) ENGINE=InnoDB DEFAULT CHARSET=utf8mb4 COLLATE=utf8mb4_unicode_ci;
/*!40101 SET character_set_client = @saved_cs_client */;

--
-- Dumping data for table `failed_jobs`
--

LOCK TABLES `failed_jobs` WRITE;
/*!40000 ALTER TABLE `failed_jobs` DISABLE KEYS */;
/*!40000 ALTER TABLE `failed_jobs` ENABLE KEYS */;
UNLOCK TABLES;

--
-- Table structure for table `favorited_products`
--

DROP TABLE IF EXISTS `favorited_products`;
/*!40101 SET @saved_cs_client     = @@character_set_client */;
/*!50503 SET character_set_client = utf8mb4 */;
CREATE TABLE `favorited_products` (
  `user_id` char(36) COLLATE utf8mb4_unicode_ci NOT NULL,
  `product_id` char(36) COLLATE utf8mb4_unicode_ci NOT NULL,
  PRIMARY KEY (`user_id`,`product_id`),
  KEY `favorited_products_product_id_foreign` (`product_id`),
  CONSTRAINT `favorited_products_product_id_foreign` FOREIGN KEY (`product_id`) REFERENCES `products` (`id`) ON DELETE CASCADE,
  CONSTRAINT `favorited_products_user_id_foreign` FOREIGN KEY (`user_id`) REFERENCES `users` (`id`) ON DELETE CASCADE
) ENGINE=InnoDB DEFAULT CHARSET=utf8mb4 COLLATE=utf8mb4_unicode_ci;
/*!40101 SET character_set_client = @saved_cs_client */;

--
-- Dumping data for table `favorited_products`
--

LOCK TABLES `favorited_products` WRITE;
/*!40000 ALTER TABLE `favorited_products` DISABLE KEYS */;
/*!40000 ALTER TABLE `favorited_products` ENABLE KEYS */;
UNLOCK TABLES;

--
-- Table structure for table `file_contents`
--

DROP TABLE IF EXISTS `file_contents`;
/*!40101 SET @saved_cs_client     = @@character_set_client */;
/*!50503 SET character_set_client = utf8mb4 */;
CREATE TABLE `file_contents` (
  `id` char(36) COLLATE utf8mb4_unicode_ci NOT NULL,
  `product_id` char(36) COLLATE utf8mb4_unicode_ci DEFAULT NULL,
  `url` varchar(255) COLLATE utf8mb4_unicode_ci NOT NULL,
  `file_name` varchar(255) COLLATE utf8mb4_unicode_ci NOT NULL,
  `fileable_type` varchar(255) COLLATE utf8mb4_unicode_ci NOT NULL,
  `fileable_id` char(36) COLLATE utf8mb4_unicode_ci NOT NULL,
  `original_file_name` varchar(255) COLLATE utf8mb4_unicode_ci DEFAULT NULL,
  `size` varchar(50) COLLATE utf8mb4_unicode_ci DEFAULT NULL,
  `title` text COLLATE utf8mb4_unicode_ci,
  `description` text COLLATE utf8mb4_unicode_ci,
  `type` tinyint NOT NULL DEFAULT '1',
  `created_at` timestamp NULL DEFAULT NULL,
  `updated_at` timestamp NULL DEFAULT NULL,
  PRIMARY KEY (`id`),
  KEY `file_contents_product_id_foreign` (`product_id`),
  KEY `file_contents_fileable_type_fileable_id_index` (`fileable_type`,`fileable_id`),
  CONSTRAINT `file_contents_product_id_foreign` FOREIGN KEY (`product_id`) REFERENCES `products` (`id`) ON DELETE SET NULL
) ENGINE=InnoDB DEFAULT CHARSET=utf8mb4 COLLATE=utf8mb4_unicode_ci;
/*!40101 SET character_set_client = @saved_cs_client */;

--
-- Dumping data for table `file_contents`
--

LOCK TABLES `file_contents` WRITE;
/*!40000 ALTER TABLE `file_contents` DISABLE KEYS */;
INSERT INTO `file_contents` VALUES ('9c427484-4c5b-43a9-be1e-788cc6b322de','9c427436-8ecf-42ba-bf14-a29bcdd197a7','https://shoptopus.test/sample-store-data/sample-store-1/product-images/ladies-boots-1.jpg','ladies-boots-1.jpg','App\\Models\\Product','9c427436-8ecf-42ba-bf14-a29bcdd197a7',NULL,'329','{\"en\":\"\"}','{\"en\":\"\"}',1,'2024-06-11 07:52:46','2024-06-11 07:52:46'),('9c427484-4ff2-4ce4-9cd4-8f1d82ab3aa9','9c427436-8ecf-42ba-bf14-a29bcdd197a7','https://shoptopus.test/sample-store-data/sample-store-1/product-images/ladies-boots-1-dark-blue.jpg','ladies-boots-1-dark-blue.jpg','App\\Models\\ProductVariant','9c427477-9992-4f9a-90ae-41ec9cfac0df',NULL,'317','{\"en\":\"\"}','{\"en\":\"\"}',1,'2024-06-11 07:52:46','2024-06-11 07:52:46'),('9c427484-51fd-4102-b96c-be605441271d','9c427436-8ecf-42ba-bf14-a29bcdd197a7','https://shoptopus.test/sample-store-data/sample-store-1/product-images/ladies-boots-1-dark-blue.jpg','ladies-boots-1-dark-blue.jpg','App\\Models\\ProductVariant','9c427477-a2e6-42e4-9da8-06949bafed70',NULL,'317','{\"en\":\"\"}','{\"en\":\"\"}',1,'2024-06-11 07:52:46','2024-06-11 07:52:46'),('9c427484-5390-4f20-93d8-24d445282b3f','9c427436-8ecf-42ba-bf14-a29bcdd197a7','https://shoptopus.test/sample-store-data/sample-store-1/product-images/ladies-boots-1-dark-blue.jpg','ladies-boots-1-dark-blue.jpg','App\\Models\\ProductVariant','9c427477-a7ec-477b-ac8f-a78a0d1f4263',NULL,'317','{\"en\":\"\"}','{\"en\":\"\"}',1,'2024-06-11 07:52:46','2024-06-11 07:52:46'),('9c427484-5540-4e25-a8cb-41797aeb068c','9c427436-8ecf-42ba-bf14-a29bcdd197a7','https://shoptopus.test/sample-store-data/sample-store-1/product-images/ladies-boots-1-dark-blue.jpg','ladies-boots-1-dark-blue.jpg','App\\Models\\ProductVariant','9c427477-ad1d-41a0-bb73-ca959aa2e9f0',NULL,'317','{\"en\":\"\"}','{\"en\":\"\"}',1,'2024-06-11 07:52:46','2024-06-11 07:52:46'),('9c427484-5700-4eba-b364-21b551903900','9c427436-8ecf-42ba-bf14-a29bcdd197a7','https://shoptopus.test/sample-store-data/sample-store-1/product-images/ladies-boots-1-dark-blue.jpg','ladies-boots-1-dark-blue.jpg','App\\Models\\ProductVariant','9c427477-b225-4e9f-93a7-fa3e8921b64e',NULL,'317','{\"en\":\"\"}','{\"en\":\"\"}',1,'2024-06-11 07:52:46','2024-06-11 07:52:46'),('9c427484-5881-4033-bfd2-1a1b9be7de9f','9c427436-8ecf-42ba-bf14-a29bcdd197a7','https://shoptopus.test/sample-store-data/sample-store-1/product-images/ladies-boots-1-green.jpg','ladies-boots-1-green.jpg','App\\Models\\ProductVariant','9c427477-b7c0-47c5-8478-cdb0e0e8b758',NULL,'333','{\"en\":\"\"}','{\"en\":\"\"}',1,'2024-06-11 07:52:46','2024-06-11 07:52:46'),('9c427484-59ba-4d61-a56f-41fb7969dd61','9c427436-8ecf-42ba-bf14-a29bcdd197a7','https://shoptopus.test/sample-store-data/sample-store-1/product-images/ladies-boots-1-green.jpg','ladies-boots-1-green.jpg','App\\Models\\ProductVariant','9c427477-bc97-47a7-893e-e0c0218598b2',NULL,'333','{\"en\":\"\"}','{\"en\":\"\"}',1,'2024-06-11 07:52:46','2024-06-11 07:52:46'),('9c427484-5ac1-4f42-a795-cdfc77584208','9c427436-8ecf-42ba-bf14-a29bcdd197a7','https://shoptopus.test/sample-store-data/sample-store-1/product-images/ladies-boots-1-green.jpg','ladies-boots-1-green.jpg','App\\Models\\ProductVariant','9c427477-c151-48df-9bf1-a2acc79d4310',NULL,'333','{\"en\":\"\"}','{\"en\":\"\"}',1,'2024-06-11 07:52:46','2024-06-11 07:52:46'),('9c427484-5ba3-408f-be55-5103d19ac917','9c427436-8ecf-42ba-bf14-a29bcdd197a7','https://shoptopus.test/sample-store-data/sample-store-1/product-images/ladies-boots-1-green.jpg','ladies-boots-1-green.jpg','App\\Models\\ProductVariant','9c427477-d438-4183-bdb0-7783aefd9fcb',NULL,'333','{\"en\":\"\"}','{\"en\":\"\"}',1,'2024-06-11 07:52:46','2024-06-11 07:52:46'),('9c427484-5c81-4bae-ae4b-e024560873a2','9c427436-8ecf-42ba-bf14-a29bcdd197a7','https://shoptopus.test/sample-store-data/sample-store-1/product-images/ladies-boots-1-green.jpg','ladies-boots-1-green.jpg','App\\Models\\ProductVariant','9c427477-dcc2-4faa-8e9f-c0218005bbc6',NULL,'333','{\"en\":\"\"}','{\"en\":\"\"}',1,'2024-06-11 07:52:46','2024-06-11 07:52:46'),('9c427484-5d79-4c6c-9a53-6697317ca3cf','9c427438-579b-4f07-afad-05fd1c27ccd1','https://shoptopus.test/sample-store-data/sample-store-1/product-images/ladies-boots-2.jpg','ladies-boots-2.jpg','App\\Models\\Product','9c427438-579b-4f07-afad-05fd1c27ccd1',NULL,'337','{\"en\":\"\"}','{\"en\":\"\"}',1,'2024-06-11 07:52:46','2024-06-11 07:52:46'),('9c427484-5e6d-4fe6-9a31-d7e074704c0e','9c42743a-34af-4ae7-9298-273fbd731492','https://shoptopus.test/sample-store-data/sample-store-1/product-images/ladies-boots-3.jpg','ladies-boots-3.jpg','App\\Models\\Product','9c42743a-34af-4ae7-9298-273fbd731492',NULL,'282','{\"en\":\"\"}','{\"en\":\"\"}',1,'2024-06-11 07:52:46','2024-06-11 07:52:46'),('9c427484-5f37-4159-aa0b-be546310aef3','9c427463-1cbc-483f-a843-e66019350775','https://shoptopus.test/sample-store-data/sample-store-1/product-images/ladies-hats-1.jpg','ladies-hats-1.jpg','App\\Models\\Product','9c427463-1cbc-483f-a843-e66019350775',NULL,'322','{\"en\":\"\"}','{\"en\":\"\"}',1,'2024-06-11 07:52:46','2024-06-11 07:52:46'),('9c427484-5fee-4e3f-abf3-d39db330bba8','9c427465-39d5-4c6e-a3a2-867819f62e05','https://shoptopus.test/sample-store-data/sample-store-1/product-images/ladies-hats-2.jpg','ladies-hats-2.jpg','App\\Models\\Product','9c427465-39d5-4c6e-a3a2-867819f62e05',NULL,'343','{\"en\":\"\"}','{\"en\":\"\"}',1,'2024-06-11 07:52:46','2024-06-11 07:52:46'),('9c427484-60d8-4ac1-831e-216fd7d68ff6','9c427465-39d5-4c6e-a3a2-867819f62e05','https://shoptopus.test/sample-store-data/sample-store-1/product-images/ladies-hats-3.jpg','ladies-hats-3.jpg','App\\Models\\Product','9c427465-39d5-4c6e-a3a2-867819f62e05',NULL,'310','{\"en\":\"\"}','{\"en\":\"\"}',1,'2024-06-11 07:52:46','2024-06-11 07:52:46'),('9c427484-618f-4345-9d89-a6e2107ec8a3','9c42745d-f817-4e95-bea4-2ee94f90c1c6','https://shoptopus.test/sample-store-data/sample-store-1/product-images/ladies-jewellery-1.jpg','ladies-jewellery-1.jpg','App\\Models\\Product','9c42745d-f817-4e95-bea4-2ee94f90c1c6',NULL,'275','{\"en\":\"\"}','{\"en\":\"\"}',1,'2024-06-11 07:52:46','2024-06-11 07:52:46'),('9c427484-624f-460d-b4a0-100c3d92c814','9c42745f-a65c-4a04-a3c9-934a890b8a95','https://shoptopus.test/sample-store-data/sample-store-1/product-images/ladies-jewellery-2.jpg','ladies-jewellery-2.jpg','App\\Models\\Product','9c42745f-a65c-4a04-a3c9-934a890b8a95',NULL,'316','{\"en\":\"\"}','{\"en\":\"\"}',1,'2024-06-11 07:52:46','2024-06-11 07:52:46'),('9c427484-62f0-4a91-82b0-3374787d4a2e','9c427461-679d-40f0-bc4a-7c3c30abd7af','https://shoptopus.test/sample-store-data/sample-store-1/product-images/ladies-jewellery-3.jpg','ladies-jewellery-3.jpg','App\\Models\\Product','9c427461-679d-40f0-bc4a-7c3c30abd7af',NULL,'312','{\"en\":\"\"}','{\"en\":\"\"}',1,'2024-06-11 07:52:46','2024-06-11 07:52:46'),('9c427484-63bd-46ab-8ee9-76f3459ffd0d','9c42741a-1905-48d1-9c24-0021a2a51367','https://shoptopus.test/sample-store-data/sample-store-1/product-images/ladies-jumpers-1.jpg','ladies-jumpers-1.jpg','App\\Models\\Product','9c42741a-1905-48d1-9c24-0021a2a51367',NULL,'264','{\"en\":\"\"}','{\"en\":\"\"}',1,'2024-06-11 07:52:46','2024-06-11 07:52:46'),('9c427484-6464-4cd6-81bb-41c7c2eef160','9c42741b-fbd5-4310-856c-6e9d03e2615e','https://shoptopus.test/sample-store-data/sample-store-1/product-images/ladies-jumpers-2.jpg','ladies-jumpers-2.jpg','App\\Models\\Product','9c42741b-fbd5-4310-856c-6e9d03e2615e',NULL,'273','{\"en\":\"\"}','{\"en\":\"\"}',1,'2024-06-11 07:52:46','2024-06-11 07:52:46'),('9c427484-6502-4b71-a67f-3cddaddcfa48','9c42741d-c9a4-461c-83bb-da8fc7a45309','https://shoptopus.test/sample-store-data/sample-store-1/product-images/ladies-jumpers-3.jpg','ladies-jumpers-3.jpg','App\\Models\\Product','9c42741d-c9a4-461c-83bb-da8fc7a45309',NULL,'268','{\"en\":\"\"}','{\"en\":\"\"}',1,'2024-06-11 07:52:46','2024-06-11 07:52:46'),('9c427484-6595-4351-ac24-83f9ac4b29ac','9c42741d-c9a4-461c-83bb-da8fc7a45309','https://shoptopus.test/sample-store-data/sample-store-1/product-images/ladies-jumpers-3-bright-blue.jpg','ladies-jumpers-3-bright-blue.jpg','App\\Models\\ProductVariant','9c427477-e123-4af9-befe-746ae127d206',NULL,'302','{\"en\":\"\"}','{\"en\":\"\"}',1,'2024-06-11 07:52:46','2024-06-11 07:52:46'),('9c427484-6630-45fd-a126-d72155f21392','9c42741d-c9a4-461c-83bb-da8fc7a45309','https://shoptopus.test/sample-store-data/sample-store-1/product-images/ladies-jumpers-3-bright-blue.jpg','ladies-jumpers-3-bright-blue.jpg','App\\Models\\ProductVariant','9c427477-e580-4538-80a3-9134cd0b6106',NULL,'302','{\"en\":\"\"}','{\"en\":\"\"}',1,'2024-06-11 07:52:46','2024-06-11 07:52:46'),('9c427484-66e6-4f9e-b1ce-e8c5f15f2731','9c42741d-c9a4-461c-83bb-da8fc7a45309','https://shoptopus.test/sample-store-data/sample-store-1/product-images/ladies-jumpers-3-bright-blue.jpg','ladies-jumpers-3-bright-blue.jpg','App\\Models\\ProductVariant','9c427477-e993-4f0f-9abd-88dea797ed2e',NULL,'302','{\"en\":\"\"}','{\"en\":\"\"}',1,'2024-06-11 07:52:46','2024-06-11 07:52:46'),('9c427484-6773-43ad-844f-110a65a245d9','9c42741d-c9a4-461c-83bb-da8fc7a45309','https://shoptopus.test/sample-store-data/sample-store-1/product-images/ladies-jumpers-3-bright-blue.jpg','ladies-jumpers-3-bright-blue.jpg','App\\Models\\ProductVariant','9c427477-ee86-4d8b-9675-6b2428fabfff',NULL,'302','{\"en\":\"\"}','{\"en\":\"\"}',1,'2024-06-11 07:52:46','2024-06-11 07:52:46'),('9c427484-6817-42ea-9c4e-2293f0b44897','9c42741d-c9a4-461c-83bb-da8fc7a45309','https://shoptopus.test/sample-store-data/sample-store-1/product-images/ladies-jumpers-3-bright-blue.jpg','ladies-jumpers-3-bright-blue.jpg','App\\Models\\ProductVariant','9c427477-f2d8-4bea-ba6f-fb6821a0debb',NULL,'302','{\"en\":\"\"}','{\"en\":\"\"}',1,'2024-06-11 07:52:46','2024-06-11 07:52:46'),('9c427484-68c4-4fc0-bdd4-cd08319006a0','9c42741d-c9a4-461c-83bb-da8fc7a45309','https://shoptopus.test/sample-store-data/sample-store-1/product-images/ladies-jumpers-3-green.jpg','ladies-jumpers-3-green.jpg','App\\Models\\ProductVariant','9c427477-f74c-423a-8707-b396391a7313',NULL,'316','{\"en\":\"\"}','{\"en\":\"\"}',1,'2024-06-11 07:52:46','2024-06-11 07:52:46'),('9c427484-694d-4fe3-af5a-0b10e69c6c3e','9c42741d-c9a4-461c-83bb-da8fc7a45309','https://shoptopus.test/sample-store-data/sample-store-1/product-images/ladies-jumpers-3-green.jpg','ladies-jumpers-3-green.jpg','App\\Models\\ProductVariant','9c427478-bcb5-4012-8d69-6d1180d0fddc',NULL,'316','{\"en\":\"\"}','{\"en\":\"\"}',1,'2024-06-11 07:52:46','2024-06-11 07:52:46'),('9c427484-69f1-465b-b8ed-4306c563e515','9c42741d-c9a4-461c-83bb-da8fc7a45309','https://shoptopus.test/sample-store-data/sample-store-1/product-images/ladies-jumpers-3-green.jpg','ladies-jumpers-3-green.jpg','App\\Models\\ProductVariant','9c427478-c311-4b14-ba39-d948da100e12',NULL,'316','{\"en\":\"\"}','{\"en\":\"\"}',1,'2024-06-11 07:52:46','2024-06-11 07:52:46'),('9c427484-6a77-4fb7-94b5-a3c8aa89c62b','9c42741d-c9a4-461c-83bb-da8fc7a45309','https://shoptopus.test/sample-store-data/sample-store-1/product-images/ladies-jumpers-3-green.jpg','ladies-jumpers-3-green.jpg','App\\Models\\ProductVariant','9c427478-c76d-4f3a-8fff-8ab54735d308',NULL,'316','{\"en\":\"\"}','{\"en\":\"\"}',1,'2024-06-11 07:52:46','2024-06-11 07:52:46'),('9c427484-6b14-4242-b377-36102462c8d0','9c42741d-c9a4-461c-83bb-da8fc7a45309','https://shoptopus.test/sample-store-data/sample-store-1/product-images/ladies-jumpers-3-green.jpg','ladies-jumpers-3-green.jpg','App\\Models\\ProductVariant','9c427478-cbc0-46eb-8eda-abc2385d5291',NULL,'316','{\"en\":\"\"}','{\"en\":\"\"}',1,'2024-06-11 07:52:46','2024-06-11 07:52:46'),('9c427484-6ba5-4585-8538-19820b201d40','9c42743b-e518-4ba1-917a-f5553b612d2f','https://shoptopus.test/sample-store-data/sample-store-1/product-images/ladies-platform-shoes-1.jpg','ladies-platform-shoes-1.jpg','App\\Models\\Product','9c42743b-e518-4ba1-917a-f5553b612d2f',NULL,'347','{\"en\":\"\"}','{\"en\":\"\"}',1,'2024-06-11 07:52:46','2024-06-11 07:52:46'),('9c427484-6c67-492f-bea1-9a8650c6f4ba','9c42743b-e518-4ba1-917a-f5553b612d2f','https://shoptopus.test/sample-store-data/sample-store-1/product-images/ladies-platform-shoes-1-2.jpg','ladies-platform-shoes-1-2.jpg','App\\Models\\Product','9c42743b-e518-4ba1-917a-f5553b612d2f',NULL,'347','{\"en\":\"\"}','{\"en\":\"\"}',1,'2024-06-11 07:52:46','2024-06-11 07:52:46'),('9c427484-6d08-4733-9cab-578566f10b39','9c42743b-e518-4ba1-917a-f5553b612d2f','https://shoptopus.test/sample-store-data/sample-store-1/product-images/ladies-platform-shoes-1-3.jpg','ladies-platform-shoes-1-3.jpg','App\\Models\\Product','9c42743b-e518-4ba1-917a-f5553b612d2f',NULL,'294','{\"en\":\"\"}','{\"en\":\"\"}',1,'2024-06-11 07:52:46','2024-06-11 07:52:46'),('9c427484-6d8f-47e8-9e7b-b949b571aaca','9c42743d-c8b6-4f07-9d39-0ecfb4358f0e','https://shoptopus.test/sample-store-data/sample-store-1/product-images/ladies-platform-shoes-2.jpg','ladies-platform-shoes-2.jpg','App\\Models\\Product','9c42743d-c8b6-4f07-9d39-0ecfb4358f0e',NULL,'264','{\"en\":\"\"}','{\"en\":\"\"}',1,'2024-06-11 07:52:46','2024-06-11 07:52:46'),('9c427484-6e3c-442a-ab83-560e05de394f','9c42743f-a06d-48c9-ae66-fd22fcc7022b','https://shoptopus.test/sample-store-data/sample-store-1/product-images/ladies-platform-shoes-3.jpg','ladies-platform-shoes-3.jpg','App\\Models\\Product','9c42743f-a06d-48c9-ae66-fd22fcc7022b',NULL,'307','{\"en\":\"\"}','{\"en\":\"\"}',1,'2024-06-11 07:52:46','2024-06-11 07:52:46'),('9c427484-6ec2-4852-817f-9e356d0164f1','9c42740e-6466-4f3a-9ad0-b62ebd2ac671','https://shoptopus.test/sample-store-data/sample-store-1/product-images/ladies-polo-shirts-1.jpg','ladies-polo-shirts-1.jpg','App\\Models\\Product','9c42740e-6466-4f3a-9ad0-b62ebd2ac671',NULL,'326','{\"en\":\"\"}','{\"en\":\"\"}',1,'2024-06-11 07:52:46','2024-06-11 07:52:46'),('9c427484-6f5f-4a34-88fa-bd6a07d57940','9c42740e-6466-4f3a-9ad0-b62ebd2ac671','https://shoptopus.test/sample-store-data/sample-store-1/product-images/ladies-polo-shirts-1-dark-blue.jpg','ladies-polo-shirts-1-dark-blue.jpg','App\\Models\\ProductVariant','9c427478-d016-408d-a6e5-950379cfd669',NULL,'344','{\"en\":\"\"}','{\"en\":\"\"}',1,'2024-06-11 07:52:46','2024-06-11 07:52:46'),('9c427484-6ffc-45a8-a698-16bcc53d4c3b','9c42740e-6466-4f3a-9ad0-b62ebd2ac671','https://shoptopus.test/sample-store-data/sample-store-1/product-images/ladies-polo-shirts-1-dark-blue.jpg','ladies-polo-shirts-1-dark-blue.jpg','App\\Models\\ProductVariant','9c427478-d46d-41bf-8e78-1eb7df3067e1',NULL,'344','{\"en\":\"\"}','{\"en\":\"\"}',1,'2024-06-11 07:52:46','2024-06-11 07:52:46'),('9c427484-7085-4f4e-880b-2e65826ceb2f','9c42740e-6466-4f3a-9ad0-b62ebd2ac671','https://shoptopus.test/sample-store-data/sample-store-1/product-images/ladies-polo-shirts-1-dark-blue.jpg','ladies-polo-shirts-1-dark-blue.jpg','App\\Models\\ProductVariant','9c427478-d8e2-4c77-a1d2-21baf8fafddf',NULL,'344','{\"en\":\"\"}','{\"en\":\"\"}',1,'2024-06-11 07:52:46','2024-06-11 07:52:46'),('9c427484-7110-4fdf-a9f2-7c2a79050db7','9c42740e-6466-4f3a-9ad0-b62ebd2ac671','https://shoptopus.test/sample-store-data/sample-store-1/product-images/ladies-polo-shirts-1-dark-blue.jpg','ladies-polo-shirts-1-dark-blue.jpg','App\\Models\\ProductVariant','9c427478-dd13-45d6-82ed-9a21ae9997b4',NULL,'344','{\"en\":\"\"}','{\"en\":\"\"}',1,'2024-06-11 07:52:46','2024-06-11 07:52:46'),('9c427484-71c4-4374-9d1b-aad44429d06a','9c42740e-6466-4f3a-9ad0-b62ebd2ac671','https://shoptopus.test/sample-store-data/sample-store-1/product-images/ladies-polo-shirts-1-dark-blue.jpg','ladies-polo-shirts-1-dark-blue.jpg','App\\Models\\ProductVariant','9c427478-e150-4a16-b790-97cee68bb664',NULL,'344','{\"en\":\"\"}','{\"en\":\"\"}',1,'2024-06-11 07:52:46','2024-06-11 07:52:46'),('9c427484-7266-4b9f-b14a-594576500677','9c42740e-6466-4f3a-9ad0-b62ebd2ac671','https://shoptopus.test/sample-store-data/sample-store-1/product-images/ladies-polo-shirts-1-green.jpg','ladies-polo-shirts-1-green.jpg','App\\Models\\ProductVariant','9c427478-e5cd-4b24-bc80-32bf4b9314cc',NULL,'321','{\"en\":\"\"}','{\"en\":\"\"}',1,'2024-06-11 07:52:46','2024-06-11 07:52:46'),('9c427484-72f2-43ba-b8cd-cf8515bf75ca','9c42740e-6466-4f3a-9ad0-b62ebd2ac671','https://shoptopus.test/sample-store-data/sample-store-1/product-images/ladies-polo-shirts-1-green.jpg','ladies-polo-shirts-1-green.jpg','App\\Models\\ProductVariant','9c427478-ea05-4eec-9c55-46eeb951662e',NULL,'321','{\"en\":\"\"}','{\"en\":\"\"}',1,'2024-06-11 07:52:46','2024-06-11 07:52:46'),('9c427484-7392-4a0b-a04b-9a0e91a1bec6','9c42740e-6466-4f3a-9ad0-b62ebd2ac671','https://shoptopus.test/sample-store-data/sample-store-1/product-images/ladies-polo-shirts-1-green.jpg','ladies-polo-shirts-1-green.jpg','App\\Models\\ProductVariant','9c427478-ee3a-44bc-a65a-5cd13b9e69b6',NULL,'321','{\"en\":\"\"}','{\"en\":\"\"}',1,'2024-06-11 07:52:46','2024-06-11 07:52:46'),('9c427484-7448-4485-a92a-b733393f0c97','9c42740e-6466-4f3a-9ad0-b62ebd2ac671','https://shoptopus.test/sample-store-data/sample-store-1/product-images/ladies-polo-shirts-1-green.jpg','ladies-polo-shirts-1-green.jpg','App\\Models\\ProductVariant','9c427478-f276-4893-97d9-adce4fcfc303',NULL,'321','{\"en\":\"\"}','{\"en\":\"\"}',1,'2024-06-11 07:52:46','2024-06-11 07:52:46'),('9c427484-74ec-4516-8bdb-3eeae2a2bcd9','9c42740e-6466-4f3a-9ad0-b62ebd2ac671','https://shoptopus.test/sample-store-data/sample-store-1/product-images/ladies-polo-shirts-1-green.jpg','ladies-polo-shirts-1-green.jpg','App\\Models\\ProductVariant','9c427478-f633-4e0b-9d4b-ee25c3ef6b19',NULL,'321','{\"en\":\"\"}','{\"en\":\"\"}',1,'2024-06-11 07:52:46','2024-06-11 07:52:46'),('9c427484-7577-4404-b0f2-de9c56558d42','9c42740e-6466-4f3a-9ad0-b62ebd2ac671','https://shoptopus.test/sample-store-data/sample-store-1/product-images/ladies-polo-shirts-1-light-blue.jpg','ladies-polo-shirts-1-light-blue.jpg','App\\Models\\ProductVariant','9c427478-f9f9-44c7-ab19-7d07664a2b97',NULL,'270','{\"en\":\"\"}','{\"en\":\"\"}',1,'2024-06-11 07:52:46','2024-06-11 07:52:46'),('9c427484-767f-47cb-a82b-09f93dc97eb5','9c42740e-6466-4f3a-9ad0-b62ebd2ac671','https://shoptopus.test/sample-store-data/sample-store-1/product-images/ladies-polo-shirts-1-light-blue.jpg','ladies-polo-shirts-1-light-blue.jpg','App\\Models\\ProductVariant','9c427478-fd9a-4da8-a492-f0b2acc3b01b',NULL,'270','{\"en\":\"\"}','{\"en\":\"\"}',1,'2024-06-11 07:52:46','2024-06-11 07:52:46'),('9c427484-7727-4df5-94c2-375b83379b21','9c42740e-6466-4f3a-9ad0-b62ebd2ac671','https://shoptopus.test/sample-store-data/sample-store-1/product-images/ladies-polo-shirts-1-light-blue.jpg','ladies-polo-shirts-1-light-blue.jpg','App\\Models\\ProductVariant','9c427479-0104-46b9-a141-f8f7a7a17c4a',NULL,'270','{\"en\":\"\"}','{\"en\":\"\"}',1,'2024-06-11 07:52:46','2024-06-11 07:52:46'),('9c427484-780f-475f-a951-a7eb920c12a0','9c42740e-6466-4f3a-9ad0-b62ebd2ac671','https://shoptopus.test/sample-store-data/sample-store-1/product-images/ladies-polo-shirts-1-light-blue.jpg','ladies-polo-shirts-1-light-blue.jpg','App\\Models\\ProductVariant','9c427479-0498-4032-8f19-cc33b26fe4a5',NULL,'270','{\"en\":\"\"}','{\"en\":\"\"}',1,'2024-06-11 07:52:46','2024-06-11 07:52:46'),('9c427484-78bb-4af1-97bf-8c0375f7921f','9c42740e-6466-4f3a-9ad0-b62ebd2ac671','https://shoptopus.test/sample-store-data/sample-store-1/product-images/ladies-polo-shirts-1-light-blue.jpg','ladies-polo-shirts-1-light-blue.jpg','App\\Models\\ProductVariant','9c427479-0818-4732-85f4-e9050c873564',NULL,'270','{\"en\":\"\"}','{\"en\":\"\"}',1,'2024-06-11 07:52:46','2024-06-11 07:52:46'),('9c427484-7957-43ec-b63c-9fcbdcbc0807','9c42740e-6466-4f3a-9ad0-b62ebd2ac671','https://shoptopus.test/sample-store-data/sample-store-1/product-images/ladies-polo-shirts-1-pink.jpg','ladies-polo-shirts-1-pink.jpg','App\\Models\\ProductVariant','9c427479-1e95-4510-8eb0-157b0efbf6e3',NULL,'295','{\"en\":\"\"}','{\"en\":\"\"}',1,'2024-06-11 07:52:46','2024-06-11 07:52:46'),('9c427484-79e4-49e6-897f-4c2ece6d811c','9c42740e-6466-4f3a-9ad0-b62ebd2ac671','https://shoptopus.test/sample-store-data/sample-store-1/product-images/ladies-polo-shirts-1-pink.jpg','ladies-polo-shirts-1-pink.jpg','App\\Models\\ProductVariant','9c427479-22a9-4b3a-a8f0-7690750b4cfd',NULL,'295','{\"en\":\"\"}','{\"en\":\"\"}',1,'2024-06-11 07:52:46','2024-06-11 07:52:46'),('9c427484-7a86-4565-bc1c-fe1deedb6bd9','9c42740e-6466-4f3a-9ad0-b62ebd2ac671','https://shoptopus.test/sample-store-data/sample-store-1/product-images/ladies-polo-shirts-1-pink.jpg','ladies-polo-shirts-1-pink.jpg','App\\Models\\ProductVariant','9c427479-2720-45f5-a893-ce20113fc080',NULL,'295','{\"en\":\"\"}','{\"en\":\"\"}',1,'2024-06-11 07:52:46','2024-06-11 07:52:46'),('9c427484-7b0f-4dd8-b34a-9c76e03c4749','9c42740e-6466-4f3a-9ad0-b62ebd2ac671','https://shoptopus.test/sample-store-data/sample-store-1/product-images/ladies-polo-shirts-1-pink.jpg','ladies-polo-shirts-1-pink.jpg','App\\Models\\ProductVariant','9c427479-2cf1-416e-8b58-b9fc21466957',NULL,'295','{\"en\":\"\"}','{\"en\":\"\"}',1,'2024-06-11 07:52:46','2024-06-11 07:52:46'),('9c427484-7bb0-459a-8a2f-608af8db8933','9c42740e-6466-4f3a-9ad0-b62ebd2ac671','https://shoptopus.test/sample-store-data/sample-store-1/product-images/ladies-polo-shirts-1-pink.jpg','ladies-polo-shirts-1-pink.jpg','App\\Models\\ProductVariant','9c427479-3196-430b-80af-4e50ec3b29ef',NULL,'295','{\"en\":\"\"}','{\"en\":\"\"}',1,'2024-06-11 07:52:46','2024-06-11 07:52:46'),('9c427484-7c41-41f4-afd3-441fe94c0be8','9c42740e-6466-4f3a-9ad0-b62ebd2ac671','https://shoptopus.test/sample-store-data/sample-store-1/product-images/ladies-polo-shirts-1-red.jpg','ladies-polo-shirts-1-red.jpg','App\\Models\\ProductVariant','9c427479-0ba9-46bd-bb55-ed915a588d59',NULL,'332','{\"en\":\"\"}','{\"en\":\"\"}',1,'2024-06-11 07:52:46','2024-06-11 07:52:46'),('9c427484-7cd3-4932-a235-19b49984f307','9c42740e-6466-4f3a-9ad0-b62ebd2ac671','https://shoptopus.test/sample-store-data/sample-store-1/product-images/ladies-polo-shirts-1-red.jpg','ladies-polo-shirts-1-red.jpg','App\\Models\\ProductVariant','9c427479-0f77-42a1-8a30-0e71ad3d9266',NULL,'332','{\"en\":\"\"}','{\"en\":\"\"}',1,'2024-06-11 07:52:46','2024-06-11 07:52:46'),('9c427484-7d6f-49dc-85b6-f1ba5d029d52','9c42740e-6466-4f3a-9ad0-b62ebd2ac671','https://shoptopus.test/sample-store-data/sample-store-1/product-images/ladies-polo-shirts-1-red.jpg','ladies-polo-shirts-1-red.jpg','App\\Models\\ProductVariant','9c427479-1329-437a-860a-5deefc151369',NULL,'332','{\"en\":\"\"}','{\"en\":\"\"}',1,'2024-06-11 07:52:46','2024-06-11 07:52:46'),('9c427484-7df5-4d16-8847-4c9fb48664ea','9c42740e-6466-4f3a-9ad0-b62ebd2ac671','https://shoptopus.test/sample-store-data/sample-store-1/product-images/ladies-polo-shirts-1-red.jpg','ladies-polo-shirts-1-red.jpg','App\\Models\\ProductVariant','9c427479-1682-4c42-89e0-e6d27bb6c719',NULL,'332','{\"en\":\"\"}','{\"en\":\"\"}',1,'2024-06-11 07:52:46','2024-06-11 07:52:46'),('9c427484-7e8f-4afc-adeb-3cf7708d0f51','9c42740e-6466-4f3a-9ad0-b62ebd2ac671','https://shoptopus.test/sample-store-data/sample-store-1/product-images/ladies-polo-shirts-1-red.jpg','ladies-polo-shirts-1-red.jpg','App\\Models\\ProductVariant','9c427479-1aa9-487d-9269-69a1c9e40693',NULL,'332','{\"en\":\"\"}','{\"en\":\"\"}',1,'2024-06-11 07:52:46','2024-06-11 07:52:46'),('9c427484-7f17-49f7-a3ca-c752f6d90cbd','9c427410-66d7-441a-8e70-d6d91f6923bc','https://shoptopus.test/sample-store-data/sample-store-1/product-images/ladies-polo-shirts-2.jpg','ladies-polo-shirts-2.jpg','App\\Models\\Product','9c427410-66d7-441a-8e70-d6d91f6923bc',NULL,'305','{\"en\":\"\"}','{\"en\":\"\"}',1,'2024-06-11 07:52:46','2024-06-11 07:52:46'),('9c427484-7fb7-4d54-bff6-c8bb94f5cd74','9c427412-529e-4ee8-8d55-0be0575239e9','https://shoptopus.test/sample-store-data/sample-store-1/product-images/ladies-polo-shirts-3.jpg','ladies-polo-shirts-3.jpg','App\\Models\\Product','9c427412-529e-4ee8-8d55-0be0575239e9',NULL,'349','{\"en\":\"\"}','{\"en\":\"\"}',1,'2024-06-11 07:52:46','2024-06-11 07:52:46'),('9c427484-8054-416d-a614-d989dea3faf8','9c427412-529e-4ee8-8d55-0be0575239e9','https://shoptopus.test/sample-store-data/sample-store-1/product-images/ladies-polo-shirts-3-bright-blue.jpg','ladies-polo-shirts-3-bright-blue.jpg','App\\Models\\ProductVariant','9c427479-4c25-4f79-8e71-fb3ee15d8abf',NULL,'322','{\"en\":\"\"}','{\"en\":\"\"}',1,'2024-06-11 07:52:46','2024-06-11 07:52:46'),('9c427484-80ea-4eec-9686-edbe860eeecb','9c427412-529e-4ee8-8d55-0be0575239e9','https://shoptopus.test/sample-store-data/sample-store-1/product-images/ladies-polo-shirts-3-bright-blue.jpg','ladies-polo-shirts-3-bright-blue.jpg','App\\Models\\ProductVariant','9c427479-55e4-4f0b-beae-3bad727e9f75',NULL,'322','{\"en\":\"\"}','{\"en\":\"\"}',1,'2024-06-11 07:52:46','2024-06-11 07:52:46'),('9c427484-817d-46a4-8de1-1019eaab95af','9c427412-529e-4ee8-8d55-0be0575239e9','https://shoptopus.test/sample-store-data/sample-store-1/product-images/ladies-polo-shirts-3-bright-blue.jpg','ladies-polo-shirts-3-bright-blue.jpg','App\\Models\\ProductVariant','9c427479-5c04-405c-8539-d4704cbec3c4',NULL,'322','{\"en\":\"\"}','{\"en\":\"\"}',1,'2024-06-11 07:52:46','2024-06-11 07:52:46'),('9c427484-8237-4b10-9b0f-65829a8e68db','9c427412-529e-4ee8-8d55-0be0575239e9','https://shoptopus.test/sample-store-data/sample-store-1/product-images/ladies-polo-shirts-3-bright-blue.jpg','ladies-polo-shirts-3-bright-blue.jpg','App\\Models\\ProductVariant','9c427479-60f8-4453-9941-ff910cbcc82c',NULL,'322','{\"en\":\"\"}','{\"en\":\"\"}',1,'2024-06-11 07:52:46','2024-06-11 07:52:46'),('9c427484-82c9-4a31-bf90-e869c2846630','9c427412-529e-4ee8-8d55-0be0575239e9','https://shoptopus.test/sample-store-data/sample-store-1/product-images/ladies-polo-shirts-3-bright-blue.jpg','ladies-polo-shirts-3-bright-blue.jpg','App\\Models\\ProductVariant','9c427479-66d0-4f5e-b46e-0908f430ab3c',NULL,'322','{\"en\":\"\"}','{\"en\":\"\"}',1,'2024-06-11 07:52:46','2024-06-11 07:52:46'),('9c427484-8356-401e-b08e-822d6539a922','9c427412-529e-4ee8-8d55-0be0575239e9','https://shoptopus.test/sample-store-data/sample-store-1/product-images/ladies-polo-shirts-3-green.jpg','ladies-polo-shirts-3-green.jpg','App\\Models\\ProductVariant','9c427479-3626-4040-b691-f2d96afbdf34',NULL,'325','{\"en\":\"\"}','{\"en\":\"\"}',1,'2024-06-11 07:52:46','2024-06-11 07:52:46'),('9c427484-83fe-4a50-9c89-6292ffe5b7e2','9c427412-529e-4ee8-8d55-0be0575239e9','https://shoptopus.test/sample-store-data/sample-store-1/product-images/ladies-polo-shirts-3-green.jpg','ladies-polo-shirts-3-green.jpg','App\\Models\\ProductVariant','9c427479-3ae5-48ff-89ae-3d6288857b39',NULL,'325','{\"en\":\"\"}','{\"en\":\"\"}',1,'2024-06-11 07:52:46','2024-06-11 07:52:46'),('9c427484-84cd-43a1-8c66-1f54283fc665','9c427412-529e-4ee8-8d55-0be0575239e9','https://shoptopus.test/sample-store-data/sample-store-1/product-images/ladies-polo-shirts-3-green.jpg','ladies-polo-shirts-3-green.jpg','App\\Models\\ProductVariant','9c427479-3ef5-414b-9d13-6736da047bd2',NULL,'325','{\"en\":\"\"}','{\"en\":\"\"}',1,'2024-06-11 07:52:46','2024-06-11 07:52:46'),('9c427484-857b-4124-a492-e6779b2a0d6e','9c427412-529e-4ee8-8d55-0be0575239e9','https://shoptopus.test/sample-store-data/sample-store-1/product-images/ladies-polo-shirts-3-green.jpg','ladies-polo-shirts-3-green.jpg','App\\Models\\ProductVariant','9c427479-434f-4806-858d-7533a67a8eba',NULL,'325','{\"en\":\"\"}','{\"en\":\"\"}',1,'2024-06-11 07:52:46','2024-06-11 07:52:46'),('9c427484-8611-4920-ae0c-e53716720bec','9c427412-529e-4ee8-8d55-0be0575239e9','https://shoptopus.test/sample-store-data/sample-store-1/product-images/ladies-polo-shirts-3-green.jpg','ladies-polo-shirts-3-green.jpg','App\\Models\\ProductVariant','9c427479-47e5-44c7-a0e4-a1fdd088d6d7',NULL,'325','{\"en\":\"\"}','{\"en\":\"\"}',1,'2024-06-11 07:52:46','2024-06-11 07:52:46'),('9c427484-86a1-4f16-a3fa-bd7996da9934','9c427412-529e-4ee8-8d55-0be0575239e9','https://shoptopus.test/sample-store-data/sample-store-1/product-images/ladies-polo-shirts-3-pink.jpg','ladies-polo-shirts-3-pink.jpg','App\\Models\\ProductVariant','9c427479-6c87-4659-a429-810ebf55566e',NULL,'267','{\"en\":\"\"}','{\"en\":\"\"}',1,'2024-06-11 07:52:46','2024-06-11 07:52:46'),('9c427484-873e-4927-b5ea-3dd050af4b21','9c427412-529e-4ee8-8d55-0be0575239e9','https://shoptopus.test/sample-store-data/sample-store-1/product-images/ladies-polo-shirts-3-pink.jpg','ladies-polo-shirts-3-pink.jpg','App\\Models\\ProductVariant','9c427479-70d0-4fb6-a86c-62fa26d08446',NULL,'267','{\"en\":\"\"}','{\"en\":\"\"}',1,'2024-06-11 07:52:46','2024-06-11 07:52:46'),('9c427484-87d9-46e0-bc8a-c1e6d5dc93d6','9c427412-529e-4ee8-8d55-0be0575239e9','https://shoptopus.test/sample-store-data/sample-store-1/product-images/ladies-polo-shirts-3-pink.jpg','ladies-polo-shirts-3-pink.jpg','App\\Models\\ProductVariant','9c427479-767a-440d-93fa-0d31b6c0035c',NULL,'267','{\"en\":\"\"}','{\"en\":\"\"}',1,'2024-06-11 07:52:46','2024-06-11 07:52:46'),('9c427484-8877-433a-8b2f-dee0ac9c142a','9c427412-529e-4ee8-8d55-0be0575239e9','https://shoptopus.test/sample-store-data/sample-store-1/product-images/ladies-polo-shirts-3-pink.jpg','ladies-polo-shirts-3-pink.jpg','App\\Models\\ProductVariant','9c427479-7bb3-4f8b-a30d-317857254910',NULL,'267','{\"en\":\"\"}','{\"en\":\"\"}',1,'2024-06-11 07:52:46','2024-06-11 07:52:46'),('9c427484-8914-4c36-a836-d490a8862fa8','9c427412-529e-4ee8-8d55-0be0575239e9','https://shoptopus.test/sample-store-data/sample-store-1/product-images/ladies-polo-shirts-3-pink.jpg','ladies-polo-shirts-3-pink.jpg','App\\Models\\ProductVariant','9c427479-8b7d-498c-8b55-3de08130c28e',NULL,'267','{\"en\":\"\"}','{\"en\":\"\"}',1,'2024-06-11 07:52:46','2024-06-11 07:52:46'),('9c427484-899f-4264-bbcd-d1964fe41563','9c427412-529e-4ee8-8d55-0be0575239e9','https://shoptopus.test/sample-store-data/sample-store-1/product-images/ladies-polo-shirts-3_1.jpg','ladies-polo-shirts-3_1.jpg','App\\Models\\Product','9c427412-529e-4ee8-8d55-0be0575239e9',NULL,'333','{\"en\":\"\"}','{\"en\":\"\"}',1,'2024-06-11 07:52:46','2024-06-11 07:52:46'),('9c427484-8a5f-4658-acd8-cac021c5d9a9','9c42740e-6466-4f3a-9ad0-b62ebd2ac671','https://shoptopus.test/sample-store-data/sample-store-1/product-images/size-chart.jpg','size-chart.jpg','App\\Models\\Product','9c42740e-6466-4f3a-9ad0-b62ebd2ac671',NULL,'274','{\"en\":\"\"}','{\"en\":\"\"}',1,'2024-06-11 07:52:46','2024-06-11 07:52:46'),('9c427484-8ae5-43be-bb1c-45e79731040f','9c427410-66d7-441a-8e70-d6d91f6923bc','https://shoptopus.test/sample-store-data/sample-store-1/product-images/size-chart.jpg','size-chart.jpg','App\\Models\\Product','9c427410-66d7-441a-8e70-d6d91f6923bc',NULL,'265','{\"en\":\"\"}','{\"en\":\"\"}',1,'2024-06-11 07:52:46','2024-06-11 07:52:46'),('9c427484-8b82-4ff6-9b71-25ce1172b951','9c427412-529e-4ee8-8d55-0be0575239e9','https://shoptopus.test/sample-store-data/sample-store-1/product-images/size-chart.jpg','size-chart.jpg','App\\Models\\Product','9c427412-529e-4ee8-8d55-0be0575239e9',NULL,'344','{\"en\":\"\"}','{\"en\":\"\"}',1,'2024-06-11 07:52:46','2024-06-11 07:52:46'),('9c427484-8c18-462f-b7d7-cab3a2e4bf98','9c427431-3343-4c53-842f-77ed317cb077','https://shoptopus.test/sample-store-data/sample-store-1/product-images/ladies-sandals-1.jpg','ladies-sandals-1.jpg','App\\Models\\Product','9c427431-3343-4c53-842f-77ed317cb077',NULL,'301','{\"en\":\"\"}','{\"en\":\"\"}',1,'2024-06-11 07:52:46','2024-06-11 07:52:46'),('9c427484-8cb4-4a84-beb2-a7f82a49a0db','9c427433-1e9b-4cc3-9c5d-8da2bcf59d0d','https://shoptopus.test/sample-store-data/sample-store-1/product-images/ladies-sandals-2.jpg','ladies-sandals-2.jpg','App\\Models\\Product','9c427433-1e9b-4cc3-9c5d-8da2bcf59d0d',NULL,'338','{\"en\":\"\"}','{\"en\":\"\"}',1,'2024-06-11 07:52:46','2024-06-11 07:52:46'),('9c427484-8d4b-413f-a451-6e9a405b771e','9c427434-e614-4d37-9373-f118c3b87caa','https://shoptopus.test/sample-store-data/sample-store-1/product-images/ladies-sandals-3.jpg','ladies-sandals-3.jpg','App\\Models\\Product','9c427434-e614-4d37-9373-f118c3b87caa',NULL,'276','{\"en\":\"\"}','{\"en\":\"\"}',1,'2024-06-11 07:52:46','2024-06-11 07:52:46'),('9c427484-8df6-4d5c-af86-b329a842037c','9c427414-5cf5-480d-8324-74ea8f9e275c','https://shoptopus.test/sample-store-data/sample-store-1/product-images/ladies-skirts-1.jpg','ladies-skirts-1.jpg','App\\Models\\Product','9c427414-5cf5-480d-8324-74ea8f9e275c',NULL,'291','{\"en\":\"\"}','{\"en\":\"\"}',1,'2024-06-11 07:52:46','2024-06-11 07:52:46'),('9c427484-8eb1-45e2-8e26-02dee19a283c','9c427414-5cf5-480d-8324-74ea8f9e275c','https://shoptopus.test/sample-store-data/sample-store-1/product-images/ladies-skirts-1-bright-green.jpg','ladies-skirts-1-bright-green.jpg','App\\Models\\ProductVariant','9c427479-fb3c-4ada-bed2-5278ef01b30e',NULL,'329','{\"en\":\"\"}','{\"en\":\"\"}',1,'2024-06-11 07:52:46','2024-06-11 07:52:46'),('9c427484-8f42-475e-8246-ba256f666c3b','9c427414-5cf5-480d-8324-74ea8f9e275c','https://shoptopus.test/sample-store-data/sample-store-1/product-images/ladies-skirts-1-bright-green.jpg','ladies-skirts-1-bright-green.jpg','App\\Models\\ProductVariant','9c42747a-08cf-4517-8d40-6efa001dc9a3',NULL,'329','{\"en\":\"\"}','{\"en\":\"\"}',1,'2024-06-11 07:52:46','2024-06-11 07:52:46'),('9c427484-8fe1-4100-b94f-66aa2b4243fd','9c427414-5cf5-480d-8324-74ea8f9e275c','https://shoptopus.test/sample-store-data/sample-store-1/product-images/ladies-skirts-1-bright-green.jpg','ladies-skirts-1-bright-green.jpg','App\\Models\\ProductVariant','9c42747a-23cb-44c6-b3b5-eecc682d6bf4',NULL,'329','{\"en\":\"\"}','{\"en\":\"\"}',1,'2024-06-11 07:52:46','2024-06-11 07:52:46'),('9c427484-906c-41a8-985b-11e9695a9c5f','9c427414-5cf5-480d-8324-74ea8f9e275c','https://shoptopus.test/sample-store-data/sample-store-1/product-images/ladies-skirts-1-bright-green.jpg','ladies-skirts-1-bright-green.jpg','App\\Models\\ProductVariant','9c42747a-2ace-43b8-b11e-0067528028ee',NULL,'329','{\"en\":\"\"}','{\"en\":\"\"}',1,'2024-06-11 07:52:46','2024-06-11 07:52:46'),('9c427484-910b-453f-a712-37831906b0ed','9c427414-5cf5-480d-8324-74ea8f9e275c','https://shoptopus.test/sample-store-data/sample-store-1/product-images/ladies-skirts-1-bright-green.jpg','ladies-skirts-1-bright-green.jpg','App\\Models\\ProductVariant','9c42747a-32fc-4704-b755-644dbd95b2aa',NULL,'329','{\"en\":\"\"}','{\"en\":\"\"}',1,'2024-06-11 07:52:46','2024-06-11 07:52:46'),('9c427484-919b-4207-8c03-12b4b250933e','9c427414-5cf5-480d-8324-74ea8f9e275c','https://shoptopus.test/sample-store-data/sample-store-1/product-images/ladies-skirts-1-dark-blue.jpg','ladies-skirts-1-dark-blue.jpg','App\\Models\\ProductVariant','9c42747a-3996-416c-bbc1-11dc25cd1415',NULL,'262','{\"en\":\"\"}','{\"en\":\"\"}',1,'2024-06-11 07:52:46','2024-06-11 07:52:46'),('9c427484-9241-4176-bb86-387304bb8102','9c427414-5cf5-480d-8324-74ea8f9e275c','https://shoptopus.test/sample-store-data/sample-store-1/product-images/ladies-skirts-1-dark-blue.jpg','ladies-skirts-1-dark-blue.jpg','App\\Models\\ProductVariant','9c42747a-401c-4100-9724-f7bee4e61da2',NULL,'262','{\"en\":\"\"}','{\"en\":\"\"}',1,'2024-06-11 07:52:46','2024-06-11 07:52:46'),('9c427484-92d0-4a2a-9389-a24b2aa681f3','9c427414-5cf5-480d-8324-74ea8f9e275c','https://shoptopus.test/sample-store-data/sample-store-1/product-images/ladies-skirts-1-dark-blue.jpg','ladies-skirts-1-dark-blue.jpg','App\\Models\\ProductVariant','9c42747a-4645-44d0-a14c-57103be519ba',NULL,'262','{\"en\":\"\"}','{\"en\":\"\"}',1,'2024-06-11 07:52:46','2024-06-11 07:52:46'),('9c427484-9381-40d5-83e5-9a8ab625644c','9c427414-5cf5-480d-8324-74ea8f9e275c','https://shoptopus.test/sample-store-data/sample-store-1/product-images/ladies-skirts-1-dark-blue.jpg','ladies-skirts-1-dark-blue.jpg','App\\Models\\ProductVariant','9c42747a-4d2d-492d-bdb3-367e8c43bcfe',NULL,'262','{\"en\":\"\"}','{\"en\":\"\"}',1,'2024-06-11 07:52:46','2024-06-11 07:52:46'),('9c427484-9423-4622-b929-48616d1a72d1','9c427414-5cf5-480d-8324-74ea8f9e275c','https://shoptopus.test/sample-store-data/sample-store-1/product-images/ladies-skirts-1-dark-blue.jpg','ladies-skirts-1-dark-blue.jpg','App\\Models\\ProductVariant','9c42747a-52c9-4580-ae3b-6642b3106256',NULL,'262','{\"en\":\"\"}','{\"en\":\"\"}',1,'2024-06-11 07:52:46','2024-06-11 07:52:46'),('9c427484-9544-4933-aebc-8763ee1fff09','9c427416-3a4e-455e-a179-19c5451fa787','https://shoptopus.test/sample-store-data/sample-store-1/product-images/ladies-skirts-2.jpg','ladies-skirts-2.jpg','App\\Models\\Product','9c427416-3a4e-455e-a179-19c5451fa787',NULL,'342','{\"en\":\"\"}','{\"en\":\"\"}',1,'2024-06-11 07:52:46','2024-06-11 07:52:46'),('9c427484-978a-4c65-9a0c-d21d517fa3ed','9c427418-4736-4bac-99cc-ada2a171a3ae','https://shoptopus.test/sample-store-data/sample-store-1/product-images/ladies-skirts-3.jpg','ladies-skirts-3.jpg','App\\Models\\Product','9c427418-4736-4bac-99cc-ada2a171a3ae',NULL,'271','{\"en\":\"\"}','{\"en\":\"\"}',1,'2024-06-11 07:52:46','2024-06-11 07:52:46'),('9c427484-9827-47ac-a388-11d77937aa0d','9c42742b-4b68-4f6a-af3d-c719dbd717de','https://shoptopus.test/sample-store-data/sample-store-1/product-images/ladies-sneakers-1.jpg','ladies-sneakers-1.jpg','App\\Models\\Product','9c42742b-4b68-4f6a-af3d-c719dbd717de',NULL,'337','{\"en\":\"\"}','{\"en\":\"\"}',1,'2024-06-11 07:52:46','2024-06-11 07:52:46'),('9c427484-98c5-41d1-9788-00fd7305c407','9c42742d-6062-45d9-bd66-800979f535b1','https://shoptopus.test/sample-store-data/sample-store-1/product-images/ladies-sneakers-2.jpg','ladies-sneakers-2.jpg','App\\Models\\Product','9c42742d-6062-45d9-bd66-800979f535b1',NULL,'302','{\"en\":\"\"}','{\"en\":\"\"}',1,'2024-06-11 07:52:46','2024-06-11 07:52:46'),('9c427484-9953-4b1b-a1b4-67aa95e463fd','9c42742d-6062-45d9-bd66-800979f535b1','https://shoptopus.test/sample-store-data/sample-store-1/product-images/ladies-sneakers-2-green.jpg','ladies-sneakers-2-green.jpg','App\\Models\\ProductVariant','9c42747a-58ad-46d8-b8a7-0bf12bac0a0b',NULL,'340','{\"en\":\"\"}','{\"en\":\"\"}',1,'2024-06-11 07:52:46','2024-06-11 07:52:46'),('9c427484-9a02-43f6-bd89-6e5526fbe804','9c42742d-6062-45d9-bd66-800979f535b1','https://shoptopus.test/sample-store-data/sample-store-1/product-images/ladies-sneakers-2-green.jpg','ladies-sneakers-2-green.jpg','App\\Models\\ProductVariant','9c42747a-5ee9-4fe5-9a0f-f2b0ff8a763e',NULL,'340','{\"en\":\"\"}','{\"en\":\"\"}',1,'2024-06-11 07:52:46','2024-06-11 07:52:46'),('9c427484-9aa5-4aec-b47a-2e37f83c6897','9c42742d-6062-45d9-bd66-800979f535b1','https://shoptopus.test/sample-store-data/sample-store-1/product-images/ladies-sneakers-2-green.jpg','ladies-sneakers-2-green.jpg','App\\Models\\ProductVariant','9c42747a-63ae-4f1e-a658-c9335a68121c',NULL,'340','{\"en\":\"\"}','{\"en\":\"\"}',1,'2024-06-11 07:52:46','2024-06-11 07:52:46'),('9c427484-9b43-4e40-be6f-562025d0cf8d','9c42742d-6062-45d9-bd66-800979f535b1','https://shoptopus.test/sample-store-data/sample-store-1/product-images/ladies-sneakers-2-green.jpg','ladies-sneakers-2-green.jpg','App\\Models\\ProductVariant','9c42747a-6bab-4b6d-929a-eeda0152fdb3',NULL,'340','{\"en\":\"\"}','{\"en\":\"\"}',1,'2024-06-11 07:52:46','2024-06-11 07:52:46'),('9c427484-9bf6-46f0-b7d1-d3d0ad3b66fb','9c42742d-6062-45d9-bd66-800979f535b1','https://shoptopus.test/sample-store-data/sample-store-1/product-images/ladies-sneakers-2-green.jpg','ladies-sneakers-2-green.jpg','App\\Models\\ProductVariant','9c42747a-7286-4ff1-ba34-9689d00e6b59',NULL,'340','{\"en\":\"\"}','{\"en\":\"\"}',1,'2024-06-11 07:52:46','2024-06-11 07:52:46'),('9c427484-9c86-42aa-bbeb-7921078e8aea','9c42742d-6062-45d9-bd66-800979f535b1','https://shoptopus.test/sample-store-data/sample-store-1/product-images/ladies-sneakers-2-red.jpg','ladies-sneakers-2-red.jpg','App\\Models\\ProductVariant','9c42747a-7798-47c8-839c-a1dea09b0797',NULL,'340','{\"en\":\"\"}','{\"en\":\"\"}',1,'2024-06-11 07:52:46','2024-06-11 07:52:46'),('9c427484-9d2b-42e9-bea9-8fbedc63556f','9c42742d-6062-45d9-bd66-800979f535b1','https://shoptopus.test/sample-store-data/sample-store-1/product-images/ladies-sneakers-2-red.jpg','ladies-sneakers-2-red.jpg','App\\Models\\ProductVariant','9c42747a-7f3d-4213-874f-c45907aee398',NULL,'340','{\"en\":\"\"}','{\"en\":\"\"}',1,'2024-06-11 07:52:46','2024-06-11 07:52:46'),('9c427484-9dba-43f0-aa24-c4f377090a60','9c42742d-6062-45d9-bd66-800979f535b1','https://shoptopus.test/sample-store-data/sample-store-1/product-images/ladies-sneakers-2-red.jpg','ladies-sneakers-2-red.jpg','App\\Models\\ProductVariant','9c42747a-86d7-4b0c-9d7f-dcfdc70de1b1',NULL,'340','{\"en\":\"\"}','{\"en\":\"\"}',1,'2024-06-11 07:52:46','2024-06-11 07:52:46'),('9c427484-9e5d-4d9c-921f-06e2921dfd45','9c42742d-6062-45d9-bd66-800979f535b1','https://shoptopus.test/sample-store-data/sample-store-1/product-images/ladies-sneakers-2-red.jpg','ladies-sneakers-2-red.jpg','App\\Models\\ProductVariant','9c42747a-8d6d-49bd-b205-2220ce5c2516',NULL,'340','{\"en\":\"\"}','{\"en\":\"\"}',1,'2024-06-11 07:52:46','2024-06-11 07:52:46'),('9c427484-9eef-4e42-bb21-7769a70ca366','9c42742d-6062-45d9-bd66-800979f535b1','https://shoptopus.test/sample-store-data/sample-store-1/product-images/ladies-sneakers-2-red.jpg','ladies-sneakers-2-red.jpg','App\\Models\\ProductVariant','9c42747a-9354-4980-a948-7d1054ac7bfe',NULL,'340','{\"en\":\"\"}','{\"en\":\"\"}',1,'2024-06-11 07:52:46','2024-06-11 07:52:46'),('9c427484-9f8e-4a72-8dd5-915b72dc2dd0','9c42742f-84a7-4044-93ad-c302befa0258','https://shoptopus.test/sample-store-data/sample-store-1/product-images/ladies-sneakers-3.jpg','ladies-sneakers-3.jpg','App\\Models\\Product','9c42742f-84a7-4044-93ad-c302befa0258',NULL,'284','{\"en\":\"\"}','{\"en\":\"\"}',1,'2024-06-11 07:52:46','2024-06-11 07:52:46'),('9c427484-a020-49fc-ac0c-f2c8587747d4','9c427425-6dfb-4e1b-911c-8a16fc149b20','https://shoptopus.test/sample-store-data/sample-store-1/product-images/ladies-socks-1.jpg','ladies-socks-1.jpg','App\\Models\\Product','9c427425-6dfb-4e1b-911c-8a16fc149b20',NULL,'311','{\"en\":\"\"}','{\"en\":\"\"}',1,'2024-06-11 07:52:46','2024-06-11 07:52:46'),('9c427484-a0bb-49f9-ae61-bde7439de574','9c427425-6dfb-4e1b-911c-8a16fc149b20','https://shoptopus.test/sample-store-data/sample-store-1/product-images/ladies-socks-1_1.jpg','ladies-socks-1_1.jpg','App\\Models\\Product','9c427425-6dfb-4e1b-911c-8a16fc149b20',NULL,'335','{\"en\":\"\"}','{\"en\":\"\"}',1,'2024-06-11 07:52:46','2024-06-11 07:52:46'),('9c427484-a150-461c-be1d-853721fdf495','9c427427-5fa8-4839-8daf-9e78672196ad','https://shoptopus.test/sample-store-data/sample-store-1/product-images/ladies-socks-2.jpg','ladies-socks-2.jpg','App\\Models\\Product','9c427427-5fa8-4839-8daf-9e78672196ad',NULL,'332','{\"en\":\"\"}','{\"en\":\"\"}',1,'2024-06-11 07:52:46','2024-06-11 07:52:46'),('9c427484-a1f7-4e1a-9916-f2673e93855f','9c427429-4eb4-4416-a99d-1d7e587375ac','https://shoptopus.test/sample-store-data/sample-store-1/product-images/ladies-socks-3.jpg','ladies-socks-3.jpg','App\\Models\\Product','9c427429-4eb4-4416-a99d-1d7e587375ac',NULL,'331','{\"en\":\"\"}','{\"en\":\"\"}',1,'2024-06-11 07:52:46','2024-06-11 07:52:46'),('9c427484-a28f-48d9-a4f4-89ac0be9a5c0','9c427458-13f7-447f-85bf-849553550b86','https://shoptopus.test/sample-store-data/sample-store-1/product-images/ladies-sunglasses-1.jpg','ladies-sunglasses-1.jpg','App\\Models\\Product','9c427458-13f7-447f-85bf-849553550b86',NULL,'292','{\"en\":\"\"}','{\"en\":\"\"}',1,'2024-06-11 07:52:46','2024-06-11 07:52:46'),('9c427484-a329-434f-8ab2-11b264429651','9c42745a-0892-4f60-a2e1-04860f4125cf','https://shoptopus.test/sample-store-data/sample-store-1/product-images/ladies-sunglasses-2.jpg','ladies-sunglasses-2.jpg','App\\Models\\Product','9c42745a-0892-4f60-a2e1-04860f4125cf',NULL,'341','{\"en\":\"\"}','{\"en\":\"\"}',1,'2024-06-11 07:52:46','2024-06-11 07:52:46'),('9c427484-a3c5-4270-b27c-a6aef59ef160','9c42745c-047a-4599-a177-cba6a63bfd61','https://shoptopus.test/sample-store-data/sample-store-1/product-images/ladies-sunglasses-3.jpg','ladies-sunglasses-3.jpg','App\\Models\\Product','9c42745c-047a-4599-a177-cba6a63bfd61',NULL,'299','{\"en\":\"\"}','{\"en\":\"\"}',1,'2024-06-11 07:52:46','2024-06-11 07:52:46'),('9c427484-a464-4843-bd64-71e532b57154','9c42741f-c8c5-4197-b78a-2aec13df1767','https://shoptopus.test/sample-store-data/sample-store-1/product-images/ladies-trousers-1.jpg','ladies-trousers-1.jpg','App\\Models\\Product','9c42741f-c8c5-4197-b78a-2aec13df1767',NULL,'281','{\"en\":\"\"}','{\"en\":\"\"}',1,'2024-06-11 07:52:46','2024-06-11 07:52:46'),('9c427484-a521-430f-9abe-df877c5d167c','9c42741f-c8c5-4197-b78a-2aec13df1767','https://shoptopus.test/sample-store-data/sample-store-1/product-images/ladies-trousers-1_1.jpg','ladies-trousers-1_1.jpg','App\\Models\\Product','9c42741f-c8c5-4197-b78a-2aec13df1767',NULL,'293','{\"en\":\"\"}','{\"en\":\"\"}',1,'2024-06-11 07:52:46','2024-06-11 07:52:46'),('9c427484-a5c0-4efd-b196-29f6e2c4a7b8','9c427421-a196-4ca7-ae18-2ff4bb221591','https://shoptopus.test/sample-store-data/sample-store-1/product-images/ladies-trousers-2.jpg','ladies-trousers-2.jpg','App\\Models\\Product','9c427421-a196-4ca7-ae18-2ff4bb221591',NULL,'295','{\"en\":\"\"}','{\"en\":\"\"}',1,'2024-06-11 07:52:46','2024-06-11 07:52:46'),('9c427484-a66b-40d1-85c8-68c91fb02f19','9c427421-a196-4ca7-ae18-2ff4bb221591','https://shoptopus.test/sample-store-data/sample-store-1/product-images/ladies-trousers-2-bright-blue.jpg','ladies-trousers-2-bright-blue.jpg','App\\Models\\ProductVariant','9c42747a-9979-4ba3-97ec-75ea5cbc36c6',NULL,'252','{\"en\":\"\"}','{\"en\":\"\"}',1,'2024-06-11 07:52:46','2024-06-11 07:52:46'),('9c427484-a713-4e6b-88d9-baee1695bbbd','9c427421-a196-4ca7-ae18-2ff4bb221591','https://shoptopus.test/sample-store-data/sample-store-1/product-images/ladies-trousers-2-bright-blue.jpg','ladies-trousers-2-bright-blue.jpg','App\\Models\\ProductVariant','9c42747a-a056-4cfa-bc2e-16faa53802a7',NULL,'252','{\"en\":\"\"}','{\"en\":\"\"}',1,'2024-06-11 07:52:46','2024-06-11 07:52:46'),('9c427484-a7bd-4745-87c5-7f16e5be20dc','9c427421-a196-4ca7-ae18-2ff4bb221591','https://shoptopus.test/sample-store-data/sample-store-1/product-images/ladies-trousers-2-bright-blue.jpg','ladies-trousers-2-bright-blue.jpg','App\\Models\\ProductVariant','9c42747a-a895-4d85-9dea-109de4622294',NULL,'252','{\"en\":\"\"}','{\"en\":\"\"}',1,'2024-06-11 07:52:46','2024-06-11 07:52:46'),('9c427484-a871-4d73-8daf-5c497567a3d4','9c427421-a196-4ca7-ae18-2ff4bb221591','https://shoptopus.test/sample-store-data/sample-store-1/product-images/ladies-trousers-2-bright-blue.jpg','ladies-trousers-2-bright-blue.jpg','App\\Models\\ProductVariant','9c42747a-b2d6-4553-8bac-ab73d3b96bb0',NULL,'252','{\"en\":\"\"}','{\"en\":\"\"}',1,'2024-06-11 07:52:46','2024-06-11 07:52:46'),('9c427484-a93d-47f9-8586-4396ce7b3343','9c427421-a196-4ca7-ae18-2ff4bb221591','https://shoptopus.test/sample-store-data/sample-store-1/product-images/ladies-trousers-2-bright-blue.jpg','ladies-trousers-2-bright-blue.jpg','App\\Models\\ProductVariant','9c42747a-ba48-4e17-8c73-e6431fe2220c',NULL,'252','{\"en\":\"\"}','{\"en\":\"\"}',1,'2024-06-11 07:52:46','2024-06-11 07:52:46'),('9c427484-a9cf-4160-88bb-7481d5ca8470','9c427421-a196-4ca7-ae18-2ff4bb221591','https://shoptopus.test/sample-store-data/sample-store-1/product-images/ladies-trousers-2-green.jpg','ladies-trousers-2-green.jpg','App\\Models\\ProductVariant','9c42747a-bf4b-4996-8411-db65ac52f38e',NULL,'310','{\"en\":\"\"}','{\"en\":\"\"}',1,'2024-06-11 07:52:46','2024-06-11 07:52:46'),('9c427484-aa71-44c8-8841-5d85bb7064d0','9c427421-a196-4ca7-ae18-2ff4bb221591','https://shoptopus.test/sample-store-data/sample-store-1/product-images/ladies-trousers-2-green.jpg','ladies-trousers-2-green.jpg','App\\Models\\ProductVariant','9c42747a-c3ff-4e51-ab8c-968a6f87041e',NULL,'310','{\"en\":\"\"}','{\"en\":\"\"}',1,'2024-06-11 07:52:46','2024-06-11 07:52:46'),('9c427484-ab01-4c16-aec2-8c632aca88d0','9c427421-a196-4ca7-ae18-2ff4bb221591','https://shoptopus.test/sample-store-data/sample-store-1/product-images/ladies-trousers-2-green.jpg','ladies-trousers-2-green.jpg','App\\Models\\ProductVariant','9c42747a-c97a-49d4-bf8a-7127077c0b12',NULL,'310','{\"en\":\"\"}','{\"en\":\"\"}',1,'2024-06-11 07:52:46','2024-06-11 07:52:46'),('9c427484-aba3-4adf-b3e9-97e890042c1f','9c427421-a196-4ca7-ae18-2ff4bb221591','https://shoptopus.test/sample-store-data/sample-store-1/product-images/ladies-trousers-2-green.jpg','ladies-trousers-2-green.jpg','App\\Models\\ProductVariant','9c42747a-cee4-4006-8ec7-4dff7528a218',NULL,'310','{\"en\":\"\"}','{\"en\":\"\"}',1,'2024-06-11 07:52:46','2024-06-11 07:52:46'),('9c427484-ac36-4756-a4cd-951226f5eed1','9c427421-a196-4ca7-ae18-2ff4bb221591','https://shoptopus.test/sample-store-data/sample-store-1/product-images/ladies-trousers-2-green.jpg','ladies-trousers-2-green.jpg','App\\Models\\ProductVariant','9c42747a-d3b2-4097-8a92-00899a85976a',NULL,'310','{\"en\":\"\"}','{\"en\":\"\"}',1,'2024-06-11 07:52:46','2024-06-11 07:52:46'),('9c427484-acf0-4ae1-80c6-8876c631104a','9c427423-8dc7-4a04-8a33-d838f1989a0d','https://shoptopus.test/sample-store-data/sample-store-1/product-images/ladies-trousers-3.jpg','ladies-trousers-3.jpg','App\\Models\\Product','9c427423-8dc7-4a04-8a33-d838f1989a0d',NULL,'292','{\"en\":\"\"}','{\"en\":\"\"}',1,'2024-06-11 07:52:46','2024-06-11 07:52:46'),('9c427484-ad84-409b-bd73-e25b5b20f219','9c427423-8dc7-4a04-8a33-d838f1989a0d','https://shoptopus.test/sample-store-data/sample-store-1/product-images/ladies-trousers-3_1.jpg','ladies-trousers-3_1.jpg','App\\Models\\Product','9c427423-8dc7-4a04-8a33-d838f1989a0d',NULL,'327','{\"en\":\"\"}','{\"en\":\"\"}',1,'2024-06-11 07:52:46','2024-06-11 07:52:46'),('9c427484-ae0a-4319-b801-aa7b57818446','9c42744c-b4d2-4b9f-a7fc-b0e19bbd9207','https://shoptopus.test/sample-store-data/sample-store-1/product-images/mens-boots-1.jpg','mens-boots-1.jpg','App\\Models\\Product','9c42744c-b4d2-4b9f-a7fc-b0e19bbd9207',NULL,'338','{\"en\":\"\"}','{\"en\":\"\"}',1,'2024-06-11 07:52:46','2024-06-11 07:52:46'),('9c427484-aeb6-4b8e-bce6-f0465dfebca0','9c42744e-9ff3-4200-a5b9-6ae850427163','https://shoptopus.test/sample-store-data/sample-store-1/product-images/mens-boots-2.jpg','mens-boots-2.jpg','App\\Models\\Product','9c42744e-9ff3-4200-a5b9-6ae850427163',NULL,'262','{\"en\":\"\"}','{\"en\":\"\"}',1,'2024-06-11 07:52:46','2024-06-11 07:52:46'),('9c427484-af4f-4a2c-8e59-3e7ec0086548','9c427450-8225-4e1d-bfb7-ec4c08a908f2','https://shoptopus.test/sample-store-data/sample-store-1/product-images/mens-boots-3.jpg','mens-boots-3.jpg','App\\Models\\Product','9c427450-8225-4e1d-bfb7-ec4c08a908f2',NULL,'350','{\"en\":\"\"}','{\"en\":\"\"}',1,'2024-06-11 07:52:46','2024-06-11 07:52:46'),('9c427484-afee-4f75-a651-1c331c7f0016','9c427450-8225-4e1d-bfb7-ec4c08a908f2','https://shoptopus.test/sample-store-data/sample-store-1/product-images/mens-boots-3-black-1.jpg','mens-boots-3-black-1.jpg','App\\Models\\ProductVariant','9c42747a-d863-4052-ad51-0c15eae4e1c4',NULL,'270','{\"en\":\"\"}','{\"en\":\"\"}',1,'2024-06-11 07:52:46','2024-06-11 07:52:46'),('9c427484-b096-48d5-b24c-fc6cc315ac1e','9c427450-8225-4e1d-bfb7-ec4c08a908f2','https://shoptopus.test/sample-store-data/sample-store-1/product-images/mens-boots-3-black-1.jpg','mens-boots-3-black-1.jpg','App\\Models\\ProductVariant','9c42747a-de7d-42fe-b201-1b1340741b72',NULL,'270','{\"en\":\"\"}','{\"en\":\"\"}',1,'2024-06-11 07:52:46','2024-06-11 07:52:46'),('9c427484-b135-4044-894b-fb1edfa8d06e','9c427450-8225-4e1d-bfb7-ec4c08a908f2','https://shoptopus.test/sample-store-data/sample-store-1/product-images/mens-boots-3-black-1.jpg','mens-boots-3-black-1.jpg','App\\Models\\ProductVariant','9c42747a-e3d4-4bbc-85b1-9410a8d3b690',NULL,'270','{\"en\":\"\"}','{\"en\":\"\"}',1,'2024-06-11 07:52:46','2024-06-11 07:52:46'),('9c427484-b1c2-457e-9ea0-a105d5f3a678','9c427450-8225-4e1d-bfb7-ec4c08a908f2','https://shoptopus.test/sample-store-data/sample-store-1/product-images/mens-boots-3-black-1.jpg','mens-boots-3-black-1.jpg','App\\Models\\ProductVariant','9c42747a-e816-4464-8da2-9eb838d0173f',NULL,'270','{\"en\":\"\"}','{\"en\":\"\"}',1,'2024-06-11 07:52:46','2024-06-11 07:52:46'),('9c427484-b2bf-4691-9d92-705f05836cf8','9c427450-8225-4e1d-bfb7-ec4c08a908f2','https://shoptopus.test/sample-store-data/sample-store-1/product-images/mens-boots-3-black-1.jpg','mens-boots-3-black-1.jpg','App\\Models\\ProductVariant','9c42747a-ed1c-473e-bdf9-66b07bf159f0',NULL,'270','{\"en\":\"\"}','{\"en\":\"\"}',1,'2024-06-11 07:52:46','2024-06-11 07:52:46'),('9c427484-b359-4890-a7ac-a4f49dd09c00','9c427450-8225-4e1d-bfb7-ec4c08a908f2','https://shoptopus.test/sample-store-data/sample-store-1/product-images/mens-boots-3-black-2.jpg','mens-boots-3-black-2.jpg','App\\Models\\ProductVariant','9c42747a-d863-4052-ad51-0c15eae4e1c4',NULL,'286','{\"en\":\"\"}','{\"en\":\"\"}',1,'2024-06-11 07:52:46','2024-06-11 07:52:46'),('9c427484-b3df-47e4-9afc-ce8ba099db20','9c427450-8225-4e1d-bfb7-ec4c08a908f2','https://shoptopus.test/sample-store-data/sample-store-1/product-images/mens-boots-3-black-2.jpg','mens-boots-3-black-2.jpg','App\\Models\\ProductVariant','9c42747a-de7d-42fe-b201-1b1340741b72',NULL,'286','{\"en\":\"\"}','{\"en\":\"\"}',1,'2024-06-11 07:52:46','2024-06-11 07:52:46'),('9c427484-b484-4832-b2c1-7b64a7ad437e','9c427450-8225-4e1d-bfb7-ec4c08a908f2','https://shoptopus.test/sample-store-data/sample-store-1/product-images/mens-boots-3-black-2.jpg','mens-boots-3-black-2.jpg','App\\Models\\ProductVariant','9c42747a-e3d4-4bbc-85b1-9410a8d3b690',NULL,'286','{\"en\":\"\"}','{\"en\":\"\"}',1,'2024-06-11 07:52:46','2024-06-11 07:52:46'),('9c427484-b516-48b0-9c04-2736b72567f7','9c427450-8225-4e1d-bfb7-ec4c08a908f2','https://shoptopus.test/sample-store-data/sample-store-1/product-images/mens-boots-3-black-2.jpg','mens-boots-3-black-2.jpg','App\\Models\\ProductVariant','9c42747a-e816-4464-8da2-9eb838d0173f',NULL,'286','{\"en\":\"\"}','{\"en\":\"\"}',1,'2024-06-11 07:52:46','2024-06-11 07:52:46'),('9c427484-b5ac-41c2-96ff-bdab192aa3bb','9c427450-8225-4e1d-bfb7-ec4c08a908f2','https://shoptopus.test/sample-store-data/sample-store-1/product-images/mens-boots-3-black-2.jpg','mens-boots-3-black-2.jpg','App\\Models\\ProductVariant','9c42747a-ed1c-473e-bdf9-66b07bf159f0',NULL,'286','{\"en\":\"\"}','{\"en\":\"\"}',1,'2024-06-11 07:52:46','2024-06-11 07:52:46'),('9c427484-b635-49af-8ffb-881ce4db7725','9c427450-8225-4e1d-bfb7-ec4c08a908f2','https://shoptopus.test/sample-store-data/sample-store-1/product-images/mens-boots-3-black-3.jpg','mens-boots-3-black-3.jpg','App\\Models\\ProductVariant','9c42747a-d863-4052-ad51-0c15eae4e1c4',NULL,'265','{\"en\":\"\"}','{\"en\":\"\"}',1,'2024-06-11 07:52:46','2024-06-11 07:52:46'),('9c427484-b6d8-4b3f-81d0-cdefa3227a65','9c427450-8225-4e1d-bfb7-ec4c08a908f2','https://shoptopus.test/sample-store-data/sample-store-1/product-images/mens-boots-3-black-3.jpg','mens-boots-3-black-3.jpg','App\\Models\\ProductVariant','9c42747a-de7d-42fe-b201-1b1340741b72',NULL,'265','{\"en\":\"\"}','{\"en\":\"\"}',1,'2024-06-11 07:52:46','2024-06-11 07:52:46'),('9c427484-b789-435e-9e46-3a7d53d78142','9c427450-8225-4e1d-bfb7-ec4c08a908f2','https://shoptopus.test/sample-store-data/sample-store-1/product-images/mens-boots-3-black-3.jpg','mens-boots-3-black-3.jpg','App\\Models\\ProductVariant','9c42747a-e3d4-4bbc-85b1-9410a8d3b690',NULL,'265','{\"en\":\"\"}','{\"en\":\"\"}',1,'2024-06-11 07:52:46','2024-06-11 07:52:46'),('9c427484-b832-4886-813e-bdcf6f47afa2','9c427450-8225-4e1d-bfb7-ec4c08a908f2','https://shoptopus.test/sample-store-data/sample-store-1/product-images/mens-boots-3-black-3.jpg','mens-boots-3-black-3.jpg','App\\Models\\ProductVariant','9c42747a-e816-4464-8da2-9eb838d0173f',NULL,'265','{\"en\":\"\"}','{\"en\":\"\"}',1,'2024-06-11 07:52:46','2024-06-11 07:52:46'),('9c427484-b8c9-4fd8-9c88-ee342f255da6','9c427450-8225-4e1d-bfb7-ec4c08a908f2','https://shoptopus.test/sample-store-data/sample-store-1/product-images/mens-boots-3-black-3.jpg','mens-boots-3-black-3.jpg','App\\Models\\ProductVariant','9c42747a-ed1c-473e-bdf9-66b07bf159f0',NULL,'265','{\"en\":\"\"}','{\"en\":\"\"}',1,'2024-06-11 07:52:46','2024-06-11 07:52:46'),('9c427484-b958-4ad6-b8d3-73444085312a','9c427450-8225-4e1d-bfb7-ec4c08a908f2','https://shoptopus.test/sample-store-data/sample-store-1/product-images/mens-boots-3-blue-1.jpg','mens-boots-3-blue-1.jpg','App\\Models\\ProductVariant','9c42747a-f0e9-4961-b0a7-340c59d74c50',NULL,'333','{\"en\":\"\"}','{\"en\":\"\"}',1,'2024-06-11 07:52:46','2024-06-11 07:52:46'),('9c427484-ba13-4a27-9403-be944865104a','9c427450-8225-4e1d-bfb7-ec4c08a908f2','https://shoptopus.test/sample-store-data/sample-store-1/product-images/mens-boots-3-blue-1.jpg','mens-boots-3-blue-1.jpg','App\\Models\\ProductVariant','9c42747a-f498-4686-84e7-fe01768a75f5',NULL,'333','{\"en\":\"\"}','{\"en\":\"\"}',1,'2024-06-11 07:52:46','2024-06-11 07:52:46'),('9c427484-babb-4c9b-b251-670cf3b716d0','9c427450-8225-4e1d-bfb7-ec4c08a908f2','https://shoptopus.test/sample-store-data/sample-store-1/product-images/mens-boots-3-blue-1.jpg','mens-boots-3-blue-1.jpg','App\\Models\\ProductVariant','9c42747a-f8b8-4df2-892a-098cdd72e1d9',NULL,'333','{\"en\":\"\"}','{\"en\":\"\"}',1,'2024-06-11 07:52:46','2024-06-11 07:52:46'),('9c427484-bb4a-4d91-adcf-e1bb113373b4','9c427450-8225-4e1d-bfb7-ec4c08a908f2','https://shoptopus.test/sample-store-data/sample-store-1/product-images/mens-boots-3-blue-1.jpg','mens-boots-3-blue-1.jpg','App\\Models\\ProductVariant','9c42747a-fd9a-4488-b95e-2bbe4a782854',NULL,'333','{\"en\":\"\"}','{\"en\":\"\"}',1,'2024-06-11 07:52:46','2024-06-11 07:52:46'),('9c427484-bbf1-48f4-8fba-0c0772c366e5','9c427450-8225-4e1d-bfb7-ec4c08a908f2','https://shoptopus.test/sample-store-data/sample-store-1/product-images/mens-boots-3-blue-1.jpg','mens-boots-3-blue-1.jpg','App\\Models\\ProductVariant','9c42747b-026e-41be-90eb-68fbed958d67',NULL,'333','{\"en\":\"\"}','{\"en\":\"\"}',1,'2024-06-11 07:52:46','2024-06-11 07:52:46'),('9c427484-bdae-491a-88ef-95907c4c0843','9c427450-8225-4e1d-bfb7-ec4c08a908f2','https://shoptopus.test/sample-store-data/sample-store-1/product-images/mens-boots-3-blue-2.jpg','mens-boots-3-blue-2.jpg','App\\Models\\ProductVariant','9c42747a-f0e9-4961-b0a7-340c59d74c50',NULL,'250','{\"en\":\"\"}','{\"en\":\"\"}',1,'2024-06-11 07:52:46','2024-06-11 07:52:46'),('9c427484-be4d-4b79-81bd-d932dd8669aa','9c427450-8225-4e1d-bfb7-ec4c08a908f2','https://shoptopus.test/sample-store-data/sample-store-1/product-images/mens-boots-3-blue-2.jpg','mens-boots-3-blue-2.jpg','App\\Models\\ProductVariant','9c42747a-f498-4686-84e7-fe01768a75f5',NULL,'250','{\"en\":\"\"}','{\"en\":\"\"}',1,'2024-06-11 07:52:46','2024-06-11 07:52:46'),('9c427484-bef3-4257-af9c-2026665b5e6e','9c427450-8225-4e1d-bfb7-ec4c08a908f2','https://shoptopus.test/sample-store-data/sample-store-1/product-images/mens-boots-3-blue-2.jpg','mens-boots-3-blue-2.jpg','App\\Models\\ProductVariant','9c42747a-f8b8-4df2-892a-098cdd72e1d9',NULL,'250','{\"en\":\"\"}','{\"en\":\"\"}',1,'2024-06-11 07:52:46','2024-06-11 07:52:46'),('9c427484-bf8a-43a7-b358-82b24d60fa2a','9c427450-8225-4e1d-bfb7-ec4c08a908f2','https://shoptopus.test/sample-store-data/sample-store-1/product-images/mens-boots-3-blue-2.jpg','mens-boots-3-blue-2.jpg','App\\Models\\ProductVariant','9c42747a-fd9a-4488-b95e-2bbe4a782854',NULL,'250','{\"en\":\"\"}','{\"en\":\"\"}',1,'2024-06-11 07:52:46','2024-06-11 07:52:46'),('9c427484-c029-4750-95bd-c60df43f7563','9c427450-8225-4e1d-bfb7-ec4c08a908f2','https://shoptopus.test/sample-store-data/sample-store-1/product-images/mens-boots-3-blue-2.jpg','mens-boots-3-blue-2.jpg','App\\Models\\ProductVariant','9c42747b-026e-41be-90eb-68fbed958d67',NULL,'250','{\"en\":\"\"}','{\"en\":\"\"}',1,'2024-06-11 07:52:46','2024-06-11 07:52:46'),('9c427484-c0ce-41be-a299-4e2224968c1e','9c427473-53e1-4ecf-b548-b429632e6501','https://shoptopus.test/sample-store-data/sample-store-1/product-images/mens-jewellery-1.jpg','mens-jewellery-1.jpg','App\\Models\\Product','9c427473-53e1-4ecf-b548-b429632e6501',NULL,'335','{\"en\":\"\"}','{\"en\":\"\"}',1,'2024-06-11 07:52:46','2024-06-11 07:52:46'),('9c427484-c161-443f-ab0e-fc5af85809d3','9c427475-52fe-461c-977f-e71ddc8c934d','https://shoptopus.test/sample-store-data/sample-store-1/product-images/mens-jewellery-2.jpg','mens-jewellery-2.jpg','App\\Models\\Product','9c427475-52fe-461c-977f-e71ddc8c934d',NULL,'259','{\"en\":\"\"}','{\"en\":\"\"}',1,'2024-06-11 07:52:46','2024-06-11 07:52:46'),('9c427484-c206-4d69-bd05-ee203d3116d6','9c427476-fc83-4e6d-9208-28e308d4e179','https://shoptopus.test/sample-store-data/sample-store-1/product-images/mens-jewellery-3.jpg','mens-jewellery-3.jpg','App\\Models\\Product','9c427476-fc83-4e6d-9208-28e308d4e179',NULL,'300','{\"en\":\"\"}','{\"en\":\"\"}',1,'2024-06-11 07:52:46','2024-06-11 07:52:46'),('9c427484-c290-43dc-a445-ed50f25f55c4','9c4273fc-b26f-4f8e-b4f4-7fb01c61b469','https://shoptopus.test/sample-store-data/sample-store-1/product-images/mens-jumpers-1.jpg','mens-jumpers-1.jpg','App\\Models\\Product','9c4273fc-b26f-4f8e-b4f4-7fb01c61b469',NULL,'329','{\"en\":\"\"}','{\"en\":\"\"}',1,'2024-06-11 07:52:46','2024-06-11 07:52:46'),('9c427484-c388-45c9-abf0-60fff26c4ea7','9c4273fe-8d04-4eef-97a6-1cb9af635256','https://shoptopus.test/sample-store-data/sample-store-1/product-images/mens-jumpers-2.jpg','mens-jumpers-2.jpg','App\\Models\\Product','9c4273fe-8d04-4eef-97a6-1cb9af635256',NULL,'286','{\"en\":\"\"}','{\"en\":\"\"}',1,'2024-06-11 07:52:46','2024-06-11 07:52:46'),('9c427484-c434-438a-9f24-43de91e2a679','9c427400-a7c7-4057-b1be-6ed62f4c5c38','https://shoptopus.test/sample-store-data/sample-store-1/product-images/mens-jumpers-3.jpg','mens-jumpers-3.jpg','App\\Models\\Product','9c427400-a7c7-4057-b1be-6ed62f4c5c38',NULL,'254','{\"en\":\"\"}','{\"en\":\"\"}',1,'2024-06-11 07:52:46','2024-06-11 07:52:46'),('9c427484-c4be-4322-a40b-f472b2b8243e','9c427441-6d77-4a9b-b668-7906aca48814','https://shoptopus.test/sample-store-data/sample-store-1/product-images/mens-loafers-1.jpg','mens-loafers-1.jpg','App\\Models\\Product','9c427441-6d77-4a9b-b668-7906aca48814',NULL,'254','{\"en\":\"\"}','{\"en\":\"\"}',1,'2024-06-11 07:52:46','2024-06-11 07:52:46'),('9c427484-c58e-4f37-9ce1-7520ce95fdd9','9c427441-6d77-4a9b-b668-7906aca48814','https://shoptopus.test/sample-store-data/sample-store-1/product-images/mens-loafers-1-gray.jpg','mens-loafers-1-gray.jpg','App\\Models\\ProductVariant','9c42747b-0845-4e57-9086-109c9fb01676',NULL,'327','{\"en\":\"\"}','{\"en\":\"\"}',1,'2024-06-11 07:52:46','2024-06-11 07:52:46'),('9c427484-c637-4487-bea4-68eb1138f2d2','9c427441-6d77-4a9b-b668-7906aca48814','https://shoptopus.test/sample-store-data/sample-store-1/product-images/mens-loafers-1-gray.jpg','mens-loafers-1-gray.jpg','App\\Models\\ProductVariant','9c42747b-0d1d-4431-bfa4-ef5debf3cf30',NULL,'327','{\"en\":\"\"}','{\"en\":\"\"}',1,'2024-06-11 07:52:46','2024-06-11 07:52:46'),('9c427484-c6c8-456a-8956-3a50b1efa292','9c427441-6d77-4a9b-b668-7906aca48814','https://shoptopus.test/sample-store-data/sample-store-1/product-images/mens-loafers-1-gray.jpg','mens-loafers-1-gray.jpg','App\\Models\\ProductVariant','9c42747b-1386-4396-b005-a5a83af8590c',NULL,'327','{\"en\":\"\"}','{\"en\":\"\"}',1,'2024-06-11 07:52:46','2024-06-11 07:52:46'),('9c427484-c765-45ee-8411-e734e4dd2b0b','9c427441-6d77-4a9b-b668-7906aca48814','https://shoptopus.test/sample-store-data/sample-store-1/product-images/mens-loafers-1-gray.jpg','mens-loafers-1-gray.jpg','App\\Models\\ProductVariant','9c42747b-1aaa-41fe-954d-2066ee4bcdf9',NULL,'327','{\"en\":\"\"}','{\"en\":\"\"}',1,'2024-06-11 07:52:46','2024-06-11 07:52:46'),('9c427484-c7f2-4e4b-8a4c-0c2c8b538d4b','9c427441-6d77-4a9b-b668-7906aca48814','https://shoptopus.test/sample-store-data/sample-store-1/product-images/mens-loafers-1-gray.jpg','mens-loafers-1-gray.jpg','App\\Models\\ProductVariant','9c42747b-20ed-401d-91da-d94898a514db',NULL,'327','{\"en\":\"\"}','{\"en\":\"\"}',1,'2024-06-11 07:52:46','2024-06-11 07:52:46'),('9c427484-c898-4358-82cf-5e71fa95583f','9c427441-6d77-4a9b-b668-7906aca48814','https://shoptopus.test/sample-store-data/sample-store-1/product-images/mens-loafers-1-green.jpg','mens-loafers-1-green.jpg','App\\Models\\ProductVariant','9c42747b-295c-40a7-aa7c-6580c410a0c6',NULL,'331','{\"en\":\"\"}','{\"en\":\"\"}',1,'2024-06-11 07:52:46','2024-06-11 07:52:46'),('9c427484-c948-41b6-851b-e598a121aa40','9c427441-6d77-4a9b-b668-7906aca48814','https://shoptopus.test/sample-store-data/sample-store-1/product-images/mens-loafers-1-green.jpg','mens-loafers-1-green.jpg','App\\Models\\ProductVariant','9c42747b-2ed9-4694-91ab-3973ea52d385',NULL,'331','{\"en\":\"\"}','{\"en\":\"\"}',1,'2024-06-11 07:52:46','2024-06-11 07:52:46'),('9c427484-c9d2-4321-a241-5448e16636c7','9c427441-6d77-4a9b-b668-7906aca48814','https://shoptopus.test/sample-store-data/sample-store-1/product-images/mens-loafers-1-green.jpg','mens-loafers-1-green.jpg','App\\Models\\ProductVariant','9c42747b-34ca-4c3a-98a1-b0c96505f50f',NULL,'331','{\"en\":\"\"}','{\"en\":\"\"}',1,'2024-06-11 07:52:46','2024-06-11 07:52:46'),('9c427484-ca88-4ede-a29f-b0d04099d0b4','9c427441-6d77-4a9b-b668-7906aca48814','https://shoptopus.test/sample-store-data/sample-store-1/product-images/mens-loafers-1-green.jpg','mens-loafers-1-green.jpg','App\\Models\\ProductVariant','9c42747b-3a90-4522-b227-3399baf250c9',NULL,'331','{\"en\":\"\"}','{\"en\":\"\"}',1,'2024-06-11 07:52:46','2024-06-11 07:52:46'),('9c427484-cb14-4c30-83eb-bb2057c92d07','9c427441-6d77-4a9b-b668-7906aca48814','https://shoptopus.test/sample-store-data/sample-store-1/product-images/mens-loafers-1-green.jpg','mens-loafers-1-green.jpg','App\\Models\\ProductVariant','9c42747b-3fac-4113-adfa-0c4d66867382',NULL,'331','{\"en\":\"\"}','{\"en\":\"\"}',1,'2024-06-11 07:52:46','2024-06-11 07:52:46'),('9c427484-cbb1-4d3b-a487-84f193611569','9c427443-48de-4fbb-a396-c0f3111607c8','https://shoptopus.test/sample-store-data/sample-store-1/product-images/mens-loafers-2.jpg','mens-loafers-2.jpg','App\\Models\\Product','9c427443-48de-4fbb-a396-c0f3111607c8',NULL,'264','{\"en\":\"\"}','{\"en\":\"\"}',1,'2024-06-11 07:52:46','2024-06-11 07:52:46'),('9c427484-cc4d-4f63-859e-e35fe03ac3cb','9c427445-10fc-4a7c-bda2-902b5b9bebed','https://shoptopus.test/sample-store-data/sample-store-1/product-images/mens-loafers-3.jpg','mens-loafers-3.jpg','App\\Models\\Product','9c427445-10fc-4a7c-bda2-902b5b9bebed',NULL,'251','{\"en\":\"\"}','{\"en\":\"\"}',1,'2024-06-11 07:52:46','2024-06-11 07:52:46'),('9c427484-cce6-402e-b58a-1fd3cd877bc0','9c427446-c271-48cf-b751-8b51492dd566','https://shoptopus.test/sample-store-data/sample-store-1/product-images/mens-sandals-1.jpg','mens-sandals-1.jpg','App\\Models\\Product','9c427446-c271-48cf-b751-8b51492dd566',NULL,'294','{\"en\":\"\"}','{\"en\":\"\"}',1,'2024-06-11 07:52:46','2024-06-11 07:52:46'),('9c427484-cd96-492a-8c03-f0a34a3300fe','9c427448-a5ad-44d0-b513-df19ec8971e3','https://shoptopus.test/sample-store-data/sample-store-1/product-images/mens-sandals-2.jpg','mens-sandals-2.jpg','App\\Models\\Product','9c427448-a5ad-44d0-b513-df19ec8971e3',NULL,'254','{\"en\":\"\"}','{\"en\":\"\"}',1,'2024-06-11 07:52:46','2024-06-11 07:52:46'),('9c427484-ce25-4a6b-a7b6-798f3fa43c9a','9c427448-a5ad-44d0-b513-df19ec8971e3','https://shoptopus.test/sample-store-data/sample-store-1/product-images/mens-sandals-2-2.jpg','mens-sandals-2-2.jpg','App\\Models\\Product','9c427448-a5ad-44d0-b513-df19ec8971e3',NULL,'284','{\"en\":\"\"}','{\"en\":\"\"}',1,'2024-06-11 07:52:46','2024-06-11 07:52:46'),('9c427484-cee2-4d36-b5a7-84b2ba543638','9c42744a-dc9d-45aa-ae8c-c7450777c210','https://shoptopus.test/sample-store-data/sample-store-1/product-images/mens-sandals-3.jpg','mens-sandals-3.jpg','App\\Models\\Product','9c42744a-dc9d-45aa-ae8c-c7450777c210',NULL,'280','{\"en\":\"\"}','{\"en\":\"\"}',1,'2024-06-11 07:52:46','2024-06-11 07:52:46'),('9c427484-cf6f-4f44-a5c9-453f3bdc9993','9c4273f6-c260-4e77-9cae-af165373987a','https://shoptopus.test/sample-store-data/sample-store-1/product-images/mens-shirt-1.jpg','mens-shirt-1.jpg','App\\Models\\Product','9c4273f6-c260-4e77-9cae-af165373987a',NULL,'349','{\"en\":\"\"}','{\"en\":\"\"}',1,'2024-06-11 07:52:46','2024-06-11 07:52:46'),('9c427484-d009-421b-9bb6-b67d0e642366','9c4273f8-a75f-43db-a321-c633be068840','https://shoptopus.test/sample-store-data/sample-store-1/product-images/mens-shirt-2.jpg','mens-shirt-2.jpg','App\\Models\\Product','9c4273f8-a75f-43db-a321-c633be068840',NULL,'329','{\"en\":\"\"}','{\"en\":\"\"}',1,'2024-06-11 07:52:46','2024-06-11 07:52:46'),('9c427484-d0a8-4b47-b17f-a6c68795a727','9c4273f8-a75f-43db-a321-c633be068840','https://shoptopus.test/sample-store-data/sample-store-1/product-images/mens-shirt-2-midnightblue.jpg','mens-shirt-2-midnightblue.jpg','App\\Models\\ProductVariant','9c42747b-4452-4d8a-9209-b27ca1037ddb',NULL,'297','{\"en\":\"\"}','{\"en\":\"\"}',1,'2024-06-11 07:52:46','2024-06-11 07:52:46'),('9c427484-d144-4dac-9380-95bd3a9c4b02','9c4273f8-a75f-43db-a321-c633be068840','https://shoptopus.test/sample-store-data/sample-store-1/product-images/mens-shirt-2-midnightblue.jpg','mens-shirt-2-midnightblue.jpg','App\\Models\\ProductVariant','9c42747b-48d2-4eab-ba46-66b9b8778eb1',NULL,'297','{\"en\":\"\"}','{\"en\":\"\"}',1,'2024-06-11 07:52:46','2024-06-11 07:52:46'),('9c427484-d1d7-4116-8c23-00196479135a','9c4273f8-a75f-43db-a321-c633be068840','https://shoptopus.test/sample-store-data/sample-store-1/product-images/mens-shirt-2-midnightblue.jpg','mens-shirt-2-midnightblue.jpg','App\\Models\\ProductVariant','9c42747b-4e2b-4678-9220-7ba12dda0ac8',NULL,'297','{\"en\":\"\"}','{\"en\":\"\"}',1,'2024-06-11 07:52:46','2024-06-11 07:52:46'),('9c427484-d2a1-4ac0-8644-e6fa11d9ba07','9c4273f8-a75f-43db-a321-c633be068840','https://shoptopus.test/sample-store-data/sample-store-1/product-images/mens-shirt-2-midnightblue.jpg','mens-shirt-2-midnightblue.jpg','App\\Models\\ProductVariant','9c42747b-524a-4c30-a47f-0610e029e645',NULL,'297','{\"en\":\"\"}','{\"en\":\"\"}',1,'2024-06-11 07:52:46','2024-06-11 07:52:46'),('9c427484-d332-4bb6-a6d3-f35e6c126354','9c4273f8-a75f-43db-a321-c633be068840','https://shoptopus.test/sample-store-data/sample-store-1/product-images/mens-shirt-2-midnightblue.jpg','mens-shirt-2-midnightblue.jpg','App\\Models\\ProductVariant','9c42747b-56fa-4389-a5b6-cf21619125d3',NULL,'297','{\"en\":\"\"}','{\"en\":\"\"}',1,'2024-06-11 07:52:46','2024-06-11 07:52:46'),('9c427484-d3c7-4fdc-b837-c3a2335ee0e4','9c4273f8-a75f-43db-a321-c633be068840','https://shoptopus.test/sample-store-data/sample-store-1/product-images/mens-shirt-2-bright-green.jpg','mens-shirt-2-bright-green.jpg','App\\Models\\ProductVariant','9c42747b-5c44-4d95-a6e5-32fb173d9229',NULL,'331','{\"en\":\"\"}','{\"en\":\"\"}',1,'2024-06-11 07:52:46','2024-06-11 07:52:46'),('9c427484-d453-4ab6-8bb1-55a4e382a32b','9c4273f8-a75f-43db-a321-c633be068840','https://shoptopus.test/sample-store-data/sample-store-1/product-images/mens-shirt-2-bright-green.jpg','mens-shirt-2-bright-green.jpg','App\\Models\\ProductVariant','9c42747b-6168-4b93-a739-b19d11d908b8',NULL,'331','{\"en\":\"\"}','{\"en\":\"\"}',1,'2024-06-11 07:52:46','2024-06-11 07:52:46'),('9c427484-d4f2-423c-bfa0-6c815774d196','9c4273f8-a75f-43db-a321-c633be068840','https://shoptopus.test/sample-store-data/sample-store-1/product-images/mens-shirt-2-bright-green.jpg','mens-shirt-2-bright-green.jpg','App\\Models\\ProductVariant','9c42747b-6691-47cc-a509-0b2a649e46d3',NULL,'331','{\"en\":\"\"}','{\"en\":\"\"}',1,'2024-06-11 07:52:46','2024-06-11 07:52:46'),('9c427484-d591-416d-86a5-b9a88a2133be','9c4273f8-a75f-43db-a321-c633be068840','https://shoptopus.test/sample-store-data/sample-store-1/product-images/mens-shirt-2-bright-green.jpg','mens-shirt-2-bright-green.jpg','App\\Models\\ProductVariant','9c42747b-6d40-4532-8ecf-bf2db2a386e5',NULL,'331','{\"en\":\"\"}','{\"en\":\"\"}',1,'2024-06-11 07:52:46','2024-06-11 07:52:46'),('9c427484-d61d-48ca-9fbb-a9dbd9a41b86','9c4273f8-a75f-43db-a321-c633be068840','https://shoptopus.test/sample-store-data/sample-store-1/product-images/mens-shirt-2-bright-green.jpg','mens-shirt-2-bright-green.jpg','App\\Models\\ProductVariant','9c42747b-71b8-4b2d-9e48-18405a2dd918',NULL,'331','{\"en\":\"\"}','{\"en\":\"\"}',1,'2024-06-11 07:52:46','2024-06-11 07:52:46'),('9c427484-d6b6-4a77-9856-daebbe0e2337','9c4273f8-a75f-43db-a321-c633be068840','https://shoptopus.test/sample-store-data/sample-store-1/product-images/mens-shirt-2-bright-red.jpg','mens-shirt-2-bright-red.jpg','App\\Models\\ProductVariant','9c42747b-769a-4b34-ae88-bfd004554892',NULL,'349','{\"en\":\"\"}','{\"en\":\"\"}',1,'2024-06-11 07:52:46','2024-06-11 07:52:46'),('9c427484-d74a-41b3-b661-60b213953b5d','9c4273f8-a75f-43db-a321-c633be068840','https://shoptopus.test/sample-store-data/sample-store-1/product-images/mens-shirt-2-bright-red.jpg','mens-shirt-2-bright-red.jpg','App\\Models\\ProductVariant','9c42747b-7b9b-4bf5-9af8-0bb242a0e836',NULL,'349','{\"en\":\"\"}','{\"en\":\"\"}',1,'2024-06-11 07:52:46','2024-06-11 07:52:46'),('9c427484-d7f6-4f28-87a3-be862e1c82b4','9c4273f8-a75f-43db-a321-c633be068840','https://shoptopus.test/sample-store-data/sample-store-1/product-images/mens-shirt-2-bright-red.jpg','mens-shirt-2-bright-red.jpg','App\\Models\\ProductVariant','9c42747b-80a5-4e56-ab9a-44f7c21369db',NULL,'349','{\"en\":\"\"}','{\"en\":\"\"}',1,'2024-06-11 07:52:46','2024-06-11 07:52:46'),('9c427484-d8a7-41d9-8583-847a0e12d38a','9c4273f8-a75f-43db-a321-c633be068840','https://shoptopus.test/sample-store-data/sample-store-1/product-images/mens-shirt-2-bright-red.jpg','mens-shirt-2-bright-red.jpg','App\\Models\\ProductVariant','9c42747b-86b4-4353-9b6c-03067ad652ea',NULL,'349','{\"en\":\"\"}','{\"en\":\"\"}',1,'2024-06-11 07:52:46','2024-06-11 07:52:46'),('9c427484-da3a-4bc6-9722-821bf203e879','9c4273f8-a75f-43db-a321-c633be068840','https://shoptopus.test/sample-store-data/sample-store-1/product-images/mens-shirt-2-bright-red.jpg','mens-shirt-2-bright-red.jpg','App\\Models\\ProductVariant','9c42747b-af93-40f8-9d5e-71b69f57621d',NULL,'349','{\"en\":\"\"}','{\"en\":\"\"}',1,'2024-06-11 07:52:46','2024-06-11 07:52:46'),('9c427484-dad9-4fff-a2ff-f0d4a9624e62','9c4273fa-a9f5-46b3-a8b7-77e8f834ce68','https://shoptopus.test/sample-store-data/sample-store-1/product-images/mens-shirt-3.jpg','mens-shirt-3.jpg','App\\Models\\Product','9c4273fa-a9f5-46b3-a8b7-77e8f834ce68',NULL,'272','{\"en\":\"\"}','{\"en\":\"\"}',1,'2024-06-11 07:52:46','2024-06-11 07:52:46'),('9c427484-db6d-44ed-804f-98c8a69d63e5','9c427452-8f5c-49b1-a14e-5390e66844e9','https://shoptopus.test/sample-store-data/sample-store-1/product-images/mens-sneakers-1.jpg','mens-sneakers-1.jpg','App\\Models\\Product','9c427452-8f5c-49b1-a14e-5390e66844e9',NULL,'305','{\"en\":\"\"}','{\"en\":\"\"}',1,'2024-06-11 07:52:46','2024-06-11 07:52:46'),('9c427484-dc0b-4faf-a1e0-387d5ca01f28','9c427452-8f5c-49b1-a14e-5390e66844e9','https://shoptopus.test/sample-store-data/sample-store-1/product-images/mens-sneakers-1 2.jpg','mens-sneakers-1 2.jpg','App\\Models\\Product','9c427452-8f5c-49b1-a14e-5390e66844e9',NULL,'279','{\"en\":\"\"}','{\"en\":\"\"}',1,'2024-06-11 07:52:46','2024-06-11 07:52:46'),('9c427484-dc8e-4de3-950e-8cf9148904fc','9c427454-4d17-4afa-ae28-7573e2e45ba0','https://shoptopus.test/sample-store-data/sample-store-1/product-images/mens-sneakers-2.jpg','mens-sneakers-2.jpg','App\\Models\\Product','9c427454-4d17-4afa-ae28-7573e2e45ba0',NULL,'271','{\"en\":\"\"}','{\"en\":\"\"}',1,'2024-06-11 07:52:46','2024-06-11 07:52:46'),('9c427484-dd2d-4cd1-a89f-825672009092','9c427454-4d17-4afa-ae28-7573e2e45ba0','https://shoptopus.test/sample-store-data/sample-store-1/product-images/mens-sneakers-2 2.jpg','mens-sneakers-2 2.jpg','App\\Models\\Product','9c427454-4d17-4afa-ae28-7573e2e45ba0',NULL,'295','{\"en\":\"\"}','{\"en\":\"\"}',1,'2024-06-11 07:52:46','2024-06-11 07:52:46'),('9c427484-ddc8-4370-9993-63c4e57912b7','9c427456-3187-43ce-b4ef-dca27cf76287','https://shoptopus.test/sample-store-data/sample-store-1/product-images/mens-sneakers-3.jpg','mens-sneakers-3.jpg','App\\Models\\Product','9c427456-3187-43ce-b4ef-dca27cf76287',NULL,'295','{\"en\":\"\"}','{\"en\":\"\"}',1,'2024-06-11 07:52:46','2024-06-11 07:52:46'),('9c427484-de5d-4977-9b3f-2e6e7c17d219','9c427456-3187-43ce-b4ef-dca27cf76287','https://shoptopus.test/sample-store-data/sample-store-1/product-images/mens-sneakers-3 2.jpg','mens-sneakers-3 2.jpg','App\\Models\\Product','9c427456-3187-43ce-b4ef-dca27cf76287',NULL,'278','{\"en\":\"\"}','{\"en\":\"\"}',1,'2024-06-11 07:52:46','2024-06-11 07:52:46'),('9c427484-deed-45f3-90a0-17872f520c1a','9c427456-3187-43ce-b4ef-dca27cf76287','https://shoptopus.test/sample-store-data/sample-store-1/product-images/mens-sneakers-3-2-red.jpg','mens-sneakers-3-2-red.jpg','App\\Models\\ProductVariant','9c42747b-b964-4ac3-b1e5-0e62353d5b07',NULL,'331','{\"en\":\"\"}','{\"en\":\"\"}',1,'2024-06-11 07:52:46','2024-06-11 07:52:46'),('9c427484-dfbf-495d-8b4f-452ec8d46301','9c427456-3187-43ce-b4ef-dca27cf76287','https://shoptopus.test/sample-store-data/sample-store-1/product-images/mens-sneakers-3-2-red.jpg','mens-sneakers-3-2-red.jpg','App\\Models\\ProductVariant','9c42747b-c502-4137-8bab-f1db056c2930',NULL,'331','{\"en\":\"\"}','{\"en\":\"\"}',1,'2024-06-11 07:52:46','2024-06-11 07:52:46'),('9c427484-e052-416e-b6df-73435cca3640','9c427456-3187-43ce-b4ef-dca27cf76287','https://shoptopus.test/sample-store-data/sample-store-1/product-images/mens-sneakers-3-2-red.jpg','mens-sneakers-3-2-red.jpg','App\\Models\\ProductVariant','9c42747b-c9ca-4568-9b26-487b8633ce8c',NULL,'331','{\"en\":\"\"}','{\"en\":\"\"}',1,'2024-06-11 07:52:46','2024-06-11 07:52:46'),('9c427484-e0e4-4e77-a067-82a152a87664','9c427456-3187-43ce-b4ef-dca27cf76287','https://shoptopus.test/sample-store-data/sample-store-1/product-images/mens-sneakers-3-2-red.jpg','mens-sneakers-3-2-red.jpg','App\\Models\\ProductVariant','9c42747b-cf1c-47fb-a5f4-17b145cc0ea4',NULL,'331','{\"en\":\"\"}','{\"en\":\"\"}',1,'2024-06-11 07:52:46','2024-06-11 07:52:46'),('9c427484-e172-4bd0-8d5c-70f641b5f1b9','9c427456-3187-43ce-b4ef-dca27cf76287','https://shoptopus.test/sample-store-data/sample-store-1/product-images/mens-sneakers-3-2-red.jpg','mens-sneakers-3-2-red.jpg','App\\Models\\ProductVariant','9c42747b-d36f-4d0c-9096-04838196af0d',NULL,'331','{\"en\":\"\"}','{\"en\":\"\"}',1,'2024-06-11 07:52:46','2024-06-11 07:52:46'),('9c427484-e1ff-46d3-98f8-8a3cf5d28065','9c427456-3187-43ce-b4ef-dca27cf76287','https://shoptopus.test/sample-store-data/sample-store-1/product-images/mens-sneakers-3-2-green.jpg','mens-sneakers-3-2-green.jpg','App\\Models\\ProductVariant','9c42747b-d87b-4eb7-b1f4-d42a9d74c28f',NULL,'305','{\"en\":\"\"}','{\"en\":\"\"}',1,'2024-06-11 07:52:46','2024-06-11 07:52:46'),('9c427484-e2ad-495b-b59a-3d1faae1dd3d','9c427456-3187-43ce-b4ef-dca27cf76287','https://shoptopus.test/sample-store-data/sample-store-1/product-images/mens-sneakers-3-2-green.jpg','mens-sneakers-3-2-green.jpg','App\\Models\\ProductVariant','9c42747b-df61-4b3a-ac31-5725549eb484',NULL,'305','{\"en\":\"\"}','{\"en\":\"\"}',1,'2024-06-11 07:52:46','2024-06-11 07:52:46'),('9c427484-e341-4ff7-bffb-baa143412279','9c427456-3187-43ce-b4ef-dca27cf76287','https://shoptopus.test/sample-store-data/sample-store-1/product-images/mens-sneakers-3-2-green.jpg','mens-sneakers-3-2-green.jpg','App\\Models\\ProductVariant','9c42747b-e610-431f-b395-b707b05d2420',NULL,'305','{\"en\":\"\"}','{\"en\":\"\"}',1,'2024-06-11 07:52:46','2024-06-11 07:52:46'),('9c427484-e3e7-4b27-945e-b44e101d0149','9c427456-3187-43ce-b4ef-dca27cf76287','https://shoptopus.test/sample-store-data/sample-store-1/product-images/mens-sneakers-3-2-green.jpg','mens-sneakers-3-2-green.jpg','App\\Models\\ProductVariant','9c42747b-e9d7-4155-891f-d049e8f4af2e',NULL,'305','{\"en\":\"\"}','{\"en\":\"\"}',1,'2024-06-11 07:52:46','2024-06-11 07:52:46'),('9c427484-e4be-45a3-bd7b-6abdfe1e7334','9c427456-3187-43ce-b4ef-dca27cf76287','https://shoptopus.test/sample-store-data/sample-store-1/product-images/mens-sneakers-3-2-green.jpg','mens-sneakers-3-2-green.jpg','App\\Models\\ProductVariant','9c42747b-edfb-47a7-a8e7-c6531452193e',NULL,'305','{\"en\":\"\"}','{\"en\":\"\"}',1,'2024-06-11 07:52:46','2024-06-11 07:52:46'),('9c427484-e56d-4eb7-8f4a-bd21c14b71e6','9c427408-ebac-4870-8635-1e21ee25ac0b','https://shoptopus.test/sample-store-data/sample-store-1/product-images/mens-socks-1.jpg','mens-socks-1.jpg','App\\Models\\Product','9c427408-ebac-4870-8635-1e21ee25ac0b',NULL,'350','{\"en\":\"\"}','{\"en\":\"\"}',1,'2024-06-11 07:52:46','2024-06-11 07:52:46'),('9c427484-e5f7-4c4d-be29-6b934acdd06e','9c42740a-d67a-48f4-9927-04e9464288f4','https://shoptopus.test/sample-store-data/sample-store-1/product-images/mens-socks-2.jpg','mens-socks-2.jpg','App\\Models\\Product','9c42740a-d67a-48f4-9927-04e9464288f4',NULL,'294','{\"en\":\"\"}','{\"en\":\"\"}',1,'2024-06-11 07:52:46','2024-06-11 07:52:46'),('9c427484-e6b5-4700-811a-f7812dad0899','9c42740c-a29e-4467-bc11-b66993b6a9a3','https://shoptopus.test/sample-store-data/sample-store-1/product-images/mens-socks-3.jpg','mens-socks-3.jpg','App\\Models\\Product','9c42740c-a29e-4467-bc11-b66993b6a9a3',NULL,'327','{\"en\":\"\"}','{\"en\":\"\"}',1,'2024-06-11 07:52:46','2024-06-11 07:52:46'),('9c427484-e771-454e-8ad2-f9d28ab6aa60','9c42746e-0f59-430f-bb16-93c845067266','https://shoptopus.test/sample-store-data/sample-store-1/product-images/mens-sunglasses-1.jpg','mens-sunglasses-1.jpg','App\\Models\\Product','9c42746e-0f59-430f-bb16-93c845067266',NULL,'339','{\"en\":\"\"}','{\"en\":\"\"}',1,'2024-06-11 07:52:46','2024-06-11 07:52:46'),('9c427484-e816-4e22-880f-e53c4c9c3446','9c42746f-e905-4763-881f-0eefcb60f795','https://shoptopus.test/sample-store-data/sample-store-1/product-images/mens-sunglasses-2.jpg','mens-sunglasses-2.jpg','App\\Models\\Product','9c42746f-e905-4763-881f-0eefcb60f795',NULL,'347','{\"en\":\"\"}','{\"en\":\"\"}',1,'2024-06-11 07:52:46','2024-06-11 07:52:46'),('9c427484-e8b2-4791-a40f-359ea182218a','9c427471-ab46-484d-95ab-17ede950c3a7','https://shoptopus.test/sample-store-data/sample-store-1/product-images/mens-sunglasses-3.jpg','mens-sunglasses-3.jpg','App\\Models\\Product','9c427471-ab46-484d-95ab-17ede950c3a7',NULL,'250','{\"en\":\"\"}','{\"en\":\"\"}',1,'2024-06-11 07:52:46','2024-06-11 07:52:46'),('9c427484-e935-4ba2-bb01-ca650ae83875','9c4273f1-08e6-4562-bf93-51a173ea9083','https://shoptopus.test/sample-store-data/sample-store-1/product-images/mens-t-shirts-1.jpg','mens-t-shirts-1.jpg','App\\Models\\Product','9c4273f1-08e6-4562-bf93-51a173ea9083',NULL,'312','{\"en\":\"\"}','{\"en\":\"\"}',1,'2024-06-11 07:52:46','2024-06-11 07:52:46'),('9c427484-ea32-4ea8-92bb-0974aa7eff8c','9c4273f3-114b-4608-94de-9ed2d0265919','https://shoptopus.test/sample-store-data/sample-store-1/product-images/mens-t-shirts-2.jpg','mens-t-shirts-2.jpg','App\\Models\\Product','9c4273f3-114b-4608-94de-9ed2d0265919',NULL,'308','{\"en\":\"\"}','{\"en\":\"\"}',1,'2024-06-11 07:52:46','2024-06-11 07:52:46'),('9c427484-ead6-46a5-a008-919bbc9d650e','9c4273f4-f413-4d70-b893-71a070efcbce','https://shoptopus.test/sample-store-data/sample-store-1/product-images/mens-t-shirts-3.jpg','mens-t-shirts-3.jpg','App\\Models\\Product','9c4273f4-f413-4d70-b893-71a070efcbce',NULL,'275','{\"en\":\"\"}','{\"en\":\"\"}',1,'2024-06-11 07:52:46','2024-06-11 07:52:46'),('9c427484-ebe1-4cf9-b166-a30159f810ba','9c4273f4-f413-4d70-b893-71a070efcbce','https://shoptopus.test/sample-store-data/sample-store-1/product-images/mens-t-shirts-3-white.jpg','mens-t-shirts-3-white.jpg','App\\Models\\ProductVariant','9c42747b-f1f5-47fc-9866-65b75c9ef346',NULL,'328','{\"en\":\"\"}','{\"en\":\"\"}',1,'2024-06-11 07:52:46','2024-06-11 07:52:46'),('9c427484-ed25-4955-bd51-3138fb908204','9c4273f4-f413-4d70-b893-71a070efcbce','https://shoptopus.test/sample-store-data/sample-store-1/product-images/mens-t-shirts-3-white.jpg','mens-t-shirts-3-white.jpg','App\\Models\\ProductVariant','9c42747b-f788-4c6a-914e-204f92e51469',NULL,'328','{\"en\":\"\"}','{\"en\":\"\"}',1,'2024-06-11 07:52:46','2024-06-11 07:52:46'),('9c427484-edf7-4648-acad-041aae44f356','9c4273f4-f413-4d70-b893-71a070efcbce','https://shoptopus.test/sample-store-data/sample-store-1/product-images/mens-t-shirts-3-white.jpg','mens-t-shirts-3-white.jpg','App\\Models\\ProductVariant','9c42747b-fc70-4230-b13c-f8a2cde05462',NULL,'328','{\"en\":\"\"}','{\"en\":\"\"}',1,'2024-06-11 07:52:46','2024-06-11 07:52:46'),('9c427484-ef41-479d-ae4f-ba7b5f753e75','9c4273f4-f413-4d70-b893-71a070efcbce','https://shoptopus.test/sample-store-data/sample-store-1/product-images/mens-t-shirts-3-white.jpg','mens-t-shirts-3-white.jpg','App\\Models\\ProductVariant','9c42747c-0148-4e3f-9621-c0e11c01dcb0',NULL,'328','{\"en\":\"\"}','{\"en\":\"\"}',1,'2024-06-11 07:52:46','2024-06-11 07:52:46'),('9c427484-effc-4d63-ae75-740a2519128f','9c4273f4-f413-4d70-b893-71a070efcbce','https://shoptopus.test/sample-store-data/sample-store-1/product-images/mens-t-shirts-3-white.jpg','mens-t-shirts-3-white.jpg','App\\Models\\ProductVariant','9c42747c-0643-4631-a733-b0d2d0ba722d',NULL,'328','{\"en\":\"\"}','{\"en\":\"\"}',1,'2024-06-11 07:52:46','2024-06-11 07:52:46'),('9c427484-f0dc-48dd-a7dc-1a687fd8189b','9c4273f4-f413-4d70-b893-71a070efcbce','https://shoptopus.test/sample-store-data/sample-store-1/product-images/mens-t-shirts-3-blue.jpg','mens-t-shirts-3-blue.jpg','App\\Models\\ProductVariant','9c42747c-0b0c-4405-8812-40ca227c60cd',NULL,'299','{\"en\":\"\"}','{\"en\":\"\"}',1,'2024-06-11 07:52:46','2024-06-11 07:52:46'),('9c427484-f1a7-4f5c-9a51-f90be510c8bd','9c4273f4-f413-4d70-b893-71a070efcbce','https://shoptopus.test/sample-store-data/sample-store-1/product-images/mens-t-shirts-3-blue.jpg','mens-t-shirts-3-blue.jpg','App\\Models\\ProductVariant','9c42747c-1371-43b5-b1bd-c64f9d8bba10',NULL,'299','{\"en\":\"\"}','{\"en\":\"\"}',1,'2024-06-11 07:52:46','2024-06-11 07:52:46'),('9c427484-f25b-46f0-b31b-b3aab9b853f7','9c4273f4-f413-4d70-b893-71a070efcbce','https://shoptopus.test/sample-store-data/sample-store-1/product-images/mens-t-shirts-3-blue.jpg','mens-t-shirts-3-blue.jpg','App\\Models\\ProductVariant','9c42747c-1d1e-45d7-bd64-f0f4af68d2cf',NULL,'299','{\"en\":\"\"}','{\"en\":\"\"}',1,'2024-06-11 07:52:46','2024-06-11 07:52:46'),('9c427484-f2f6-4546-b3fa-6d3e42b971d6','9c4273f4-f413-4d70-b893-71a070efcbce','https://shoptopus.test/sample-store-data/sample-store-1/product-images/mens-t-shirts-3-blue.jpg','mens-t-shirts-3-blue.jpg','App\\Models\\ProductVariant','9c42747c-25cf-4985-8039-3fc517db5b9d',NULL,'299','{\"en\":\"\"}','{\"en\":\"\"}',1,'2024-06-11 07:52:46','2024-06-11 07:52:46'),('9c427484-f3b3-4759-af17-dae788b01627','9c4273f4-f413-4d70-b893-71a070efcbce','https://shoptopus.test/sample-store-data/sample-store-1/product-images/mens-t-shirts-3-blue.jpg','mens-t-shirts-3-blue.jpg','App\\Models\\ProductVariant','9c42747c-2e17-44f0-bece-6c00d602868f',NULL,'299','{\"en\":\"\"}','{\"en\":\"\"}',1,'2024-06-11 07:52:46','2024-06-11 07:52:46'),('9c427484-f464-4c90-ab45-0c8c3524c22f','9c4273f4-f413-4d70-b893-71a070efcbce','https://shoptopus.test/sample-store-data/sample-store-1/product-images/mens-t-shirts-3-green.jpg','mens-t-shirts-3-green.jpg','App\\Models\\ProductVariant','9c42747c-357f-47c1-8d6c-648585175a47',NULL,'347','{\"en\":\"\"}','{\"en\":\"\"}',1,'2024-06-11 07:52:46','2024-06-11 07:52:46'),('9c427484-f50d-49bc-b0e2-5f62ab13395e','9c4273f4-f413-4d70-b893-71a070efcbce','https://shoptopus.test/sample-store-data/sample-store-1/product-images/mens-t-shirts-3-green.jpg','mens-t-shirts-3-green.jpg','App\\Models\\ProductVariant','9c42747c-3cb6-435e-a1c0-4229e7b28865',NULL,'347','{\"en\":\"\"}','{\"en\":\"\"}',1,'2024-06-11 07:52:46','2024-06-11 07:52:46'),('9c427484-f5b2-44a2-b533-923a834b20fb','9c4273f4-f413-4d70-b893-71a070efcbce','https://shoptopus.test/sample-store-data/sample-store-1/product-images/mens-t-shirts-3-green.jpg','mens-t-shirts-3-green.jpg','App\\Models\\ProductVariant','9c42747c-44c7-4c8e-9b2c-ad52a320b731',NULL,'347','{\"en\":\"\"}','{\"en\":\"\"}',1,'2024-06-11 07:52:46','2024-06-11 07:52:46'),('9c427484-f646-4efa-bd62-f409eaf998fa','9c4273f4-f413-4d70-b893-71a070efcbce','https://shoptopus.test/sample-store-data/sample-store-1/product-images/mens-t-shirts-3-green.jpg','mens-t-shirts-3-green.jpg','App\\Models\\ProductVariant','9c42747c-4a56-4f46-a812-8adb98328401',NULL,'347','{\"en\":\"\"}','{\"en\":\"\"}',1,'2024-06-11 07:52:46','2024-06-11 07:52:46'),('9c427484-f6e6-4187-bd12-170359b57662','9c4273f4-f413-4d70-b893-71a070efcbce','https://shoptopus.test/sample-store-data/sample-store-1/product-images/mens-t-shirts-3-green.jpg','mens-t-shirts-3-green.jpg','App\\Models\\ProductVariant','9c42747c-5030-4732-8c4f-84c92b2127ef',NULL,'347','{\"en\":\"\"}','{\"en\":\"\"}',1,'2024-06-11 07:52:46','2024-06-11 07:52:46'),('9c427484-f78e-45a6-98a1-e74b2e2fd498','9c4273f4-f413-4d70-b893-71a070efcbce','https://shoptopus.test/sample-store-data/sample-store-1/product-images/mens-t-shirts-3-orange.jpg','mens-t-shirts-3-orange.jpg','App\\Models\\ProductVariant','9c42747c-581d-4d86-ac72-5ac21d2738e6',NULL,'300','{\"en\":\"\"}','{\"en\":\"\"}',1,'2024-06-11 07:52:46','2024-06-11 07:52:46'),('9c427484-f821-4205-bf38-bf783053cafc','9c4273f4-f413-4d70-b893-71a070efcbce','https://shoptopus.test/sample-store-data/sample-store-1/product-images/mens-t-shirts-3-orange.jpg','mens-t-shirts-3-orange.jpg','App\\Models\\ProductVariant','9c42747c-5f56-4d8b-ab2c-323fa75fa616',NULL,'300','{\"en\":\"\"}','{\"en\":\"\"}',1,'2024-06-11 07:52:46','2024-06-11 07:52:46'),('9c427484-f8ed-4f64-998f-20c7d19da702','9c4273f4-f413-4d70-b893-71a070efcbce','https://shoptopus.test/sample-store-data/sample-store-1/product-images/mens-t-shirts-3-orange.jpg','mens-t-shirts-3-orange.jpg','App\\Models\\ProductVariant','9c42747c-63ef-4e85-82a2-ce8a3e0942f2',NULL,'300','{\"en\":\"\"}','{\"en\":\"\"}',1,'2024-06-11 07:52:46','2024-06-11 07:52:46'),('9c427484-fa2d-42bc-8fbc-65ba2b651827','9c4273f4-f413-4d70-b893-71a070efcbce','https://shoptopus.test/sample-store-data/sample-store-1/product-images/mens-t-shirts-3-orange.jpg','mens-t-shirts-3-orange.jpg','App\\Models\\ProductVariant','9c42747c-6b09-46dd-adad-adb2269bb9d4',NULL,'300','{\"en\":\"\"}','{\"en\":\"\"}',1,'2024-06-11 07:52:46','2024-06-11 07:52:46'),('9c427484-faea-43f8-a1c4-6d7d9baa34fb','9c4273f4-f413-4d70-b893-71a070efcbce','https://shoptopus.test/sample-store-data/sample-store-1/product-images/mens-t-shirts-3-orange.jpg','mens-t-shirts-3-orange.jpg','App\\Models\\ProductVariant','9c42747c-6ffc-4aa7-9d13-c2cd23dc27dc',NULL,'300','{\"en\":\"\"}','{\"en\":\"\"}',1,'2024-06-11 07:52:46','2024-06-11 07:52:46'),('9c427484-fba5-457c-8595-dab5fdabcd6f','9c427402-69ff-458e-9080-7043ee891a99','https://shoptopus.test/sample-store-data/sample-store-1/product-images/mens-trousers-1.jpg','mens-trousers-1.jpg','App\\Models\\Product','9c427402-69ff-458e-9080-7043ee891a99',NULL,'266','{\"en\":\"\"}','{\"en\":\"\"}',1,'2024-06-11 07:52:46','2024-06-11 07:52:46'),('9c427484-fc4f-4e3d-958e-dc36a465ab11','9c427404-73bd-45ee-b5a6-8506590cee10','https://shoptopus.test/sample-store-data/sample-store-1/product-images/mens-trousers-2.jpg','mens-trousers-2.jpg','App\\Models\\Product','9c427404-73bd-45ee-b5a6-8506590cee10',NULL,'327','{\"en\":\"\"}','{\"en\":\"\"}',1,'2024-06-11 07:52:46','2024-06-11 07:52:46'),('9c427484-fd16-4848-b187-b9a1e2b4e2e0','9c427407-0bb8-4bb4-97cd-ba830bdf6728','https://shoptopus.test/sample-store-data/sample-store-1/product-images/mens-trousers-3.jpg','mens-trousers-3.jpg','App\\Models\\Product','9c427407-0bb8-4bb4-97cd-ba830bdf6728',NULL,'307','{\"en\":\"\"}','{\"en\":\"\"}',1,'2024-06-11 07:52:46','2024-06-11 07:52:46'),('9c427484-fdb1-4732-a214-1389c0d69e52','9c427452-8f5c-49b1-a14e-5390e66844e9','https://shoptopus.test/sample-store-data/sample-store-1/product-images/size-chart-shoes.jpg','size-chart-shoes.jpg','App\\Models\\Product','9c427452-8f5c-49b1-a14e-5390e66844e9',NULL,'280','{\"en\":\"\"}','{\"en\":\"\"}',1,'2024-06-11 07:52:46','2024-06-11 07:52:46'),('9c427484-fe7f-44b8-8666-f9845f67783c','9c427454-4d17-4afa-ae28-7573e2e45ba0','https://shoptopus.test/sample-store-data/sample-store-1/product-images/size-chart-shoes.jpg','size-chart-shoes.jpg','App\\Models\\Product','9c427454-4d17-4afa-ae28-7573e2e45ba0',NULL,'336','{\"en\":\"\"}','{\"en\":\"\"}',1,'2024-06-11 07:52:46','2024-06-11 07:52:46'),('9c427484-ff35-4552-8e43-26d15c6b46a8','9c427456-3187-43ce-b4ef-dca27cf76287','https://shoptopus.test/sample-store-data/sample-store-1/product-images/size-chart-shoes.jpg','size-chart-shoes.jpg','App\\Models\\Product','9c427456-3187-43ce-b4ef-dca27cf76287',NULL,'278','{\"en\":\"\"}','{\"en\":\"\"}',1,'2024-06-11 07:52:46','2024-06-11 07:52:46'),('9c427485-0045-4b25-9269-7296d949e005','9c42744c-b4d2-4b9f-a7fc-b0e19bbd9207','https://shoptopus.test/sample-store-data/sample-store-1/product-images/size-chart-shoes.jpg','size-chart-shoes.jpg','App\\Models\\Product','9c42744c-b4d2-4b9f-a7fc-b0e19bbd9207',NULL,'275','{\"en\":\"\"}','{\"en\":\"\"}',1,'2024-06-11 07:52:46','2024-06-11 07:52:46'),('9c427485-010a-4808-858a-3723c6333306','9c42744e-9ff3-4200-a5b9-6ae850427163','https://shoptopus.test/sample-store-data/sample-store-1/product-images/size-chart-shoes.jpg','size-chart-shoes.jpg','App\\Models\\Product','9c42744e-9ff3-4200-a5b9-6ae850427163',NULL,'270','{\"en\":\"\"}','{\"en\":\"\"}',1,'2024-06-11 07:52:46','2024-06-11 07:52:46'),('9c427485-01c3-4fba-8876-b0e2ccc3c073','9c427450-8225-4e1d-bfb7-ec4c08a908f2','https://shoptopus.test/sample-store-data/sample-store-1/product-images/size-chart-shoes.jpg','size-chart-shoes.jpg','App\\Models\\Product','9c427450-8225-4e1d-bfb7-ec4c08a908f2',NULL,'303','{\"en\":\"\"}','{\"en\":\"\"}',1,'2024-06-11 07:52:46','2024-06-11 07:52:46'),('9c427485-0254-4626-baaa-c4424bca6d57','9c4273fc-b26f-4f8e-b4f4-7fb01c61b469','https://shoptopus.test/sample-store-data/sample-store-1/product-images/soze-chart-jumper.jpg','soze-chart-jumper.jpg','App\\Models\\Product','9c4273fc-b26f-4f8e-b4f4-7fb01c61b469',NULL,'317','{\"en\":\"\"}','{\"en\":\"\"}',1,'2024-06-11 07:52:46','2024-06-11 07:52:46'),('9c427485-02e2-49a0-abf5-a3ce196ac723','9c4273fe-8d04-4eef-97a6-1cb9af635256','https://shoptopus.test/sample-store-data/sample-store-1/product-images/soze-chart-jumper.jpg','soze-chart-jumper.jpg','App\\Models\\Product','9c4273fe-8d04-4eef-97a6-1cb9af635256',NULL,'306','{\"en\":\"\"}','{\"en\":\"\"}',1,'2024-06-11 07:52:46','2024-06-11 07:52:46'),('9c427485-0391-4c24-8d09-07889975303e','9c427400-a7c7-4057-b1be-6ed62f4c5c38','https://shoptopus.test/sample-store-data/sample-store-1/product-images/soze-chart-jumper.jpg','soze-chart-jumper.jpg','App\\Models\\Product','9c427400-a7c7-4057-b1be-6ed62f4c5c38',NULL,'300','{\"en\":\"\"}','{\"en\":\"\"}',1,'2024-06-11 07:52:46','2024-06-11 07:52:46'),('9c427485-0436-4160-afd3-28b379114285','9c427468-ff76-487b-9d41-2c68977b3cf7','https://shoptopus.test/sample-store-data/sample-store-1/product-images/ties-1.jpg','ties-1.jpg','App\\Models\\Product','9c427468-ff76-487b-9d41-2c68977b3cf7',NULL,'278','{\"en\":\"\"}','{\"en\":\"\"}',1,'2024-06-11 07:52:46','2024-06-11 07:52:46'),('9c427485-04c9-4d63-9748-d1c402c69ba0','9c427468-ff76-487b-9d41-2c68977b3cf7','https://shoptopus.test/sample-store-data/sample-store-1/product-images/ties-1-2.jpg','ties-1-2.jpg','App\\Models\\Product','9c427468-ff76-487b-9d41-2c68977b3cf7',NULL,'289','{\"en\":\"\"}','{\"en\":\"\"}',1,'2024-06-11 07:52:46','2024-06-11 07:52:46'),('9c427485-0570-4b91-be99-ba89c71d6f68','9c427468-ff76-487b-9d41-2c68977b3cf7','https://shoptopus.test/sample-store-data/sample-store-1/product-images/ties-1-3.jpg','ties-1-3.jpg','App\\Models\\Product','9c427468-ff76-487b-9d41-2c68977b3cf7',NULL,'289','{\"en\":\"\"}','{\"en\":\"\"}',1,'2024-06-11 07:52:46','2024-06-11 07:52:46'),('9c427485-0604-4375-8971-5e22028cc228','9c42746a-d1d9-473a-a22b-a82430031148','https://shoptopus.test/sample-store-data/sample-store-1/product-images/ties-2.jpg','ties-2.jpg','App\\Models\\Product','9c42746a-d1d9-473a-a22b-a82430031148',NULL,'254','{\"en\":\"\"}','{\"en\":\"\"}',1,'2024-06-11 07:52:46','2024-06-11 07:52:46'),('9c427485-06ae-47e1-8bf3-820f294a2e95','9c42746c-87d8-4702-8f10-a8dfbaa6dcc0','https://shoptopus.test/sample-store-data/sample-store-1/product-images/ties-3.jpg','ties-3.jpg','App\\Models\\Product','9c42746c-87d8-4702-8f10-a8dfbaa6dcc0',NULL,'268','{\"en\":\"\"}','{\"en\":\"\"}',1,'2024-06-11 07:52:46','2024-06-11 07:52:46');
/*!40000 ALTER TABLE `file_contents` ENABLE KEYS */;
UNLOCK TABLES;

--
-- Table structure for table `invoices`
--

DROP TABLE IF EXISTS `invoices`;
/*!40101 SET @saved_cs_client     = @@character_set_client */;
/*!50503 SET character_set_client = utf8mb4 */;
CREATE TABLE `invoices` (
  `id` char(36) COLLATE utf8mb4_unicode_ci NOT NULL,
  `user_id` char(36) COLLATE utf8mb4_unicode_ci DEFAULT NULL,
  `order_id` char(36) COLLATE utf8mb4_unicode_ci DEFAULT NULL,
  `address` json NOT NULL,
  `payment` json NOT NULL,
  `products` json NOT NULL,
  `voucher_code` json DEFAULT NULL,
  `delivery_type` json DEFAULT NULL,
  `totals` json NOT NULL,
  `valid` tinyint(1) NOT NULL DEFAULT '1',
  `slug` varchar(255) COLLATE utf8mb4_unicode_ci NOT NULL,
  `deleted_at` timestamp NULL DEFAULT NULL,
  `created_at` timestamp NULL DEFAULT NULL,
  `updated_at` timestamp NULL DEFAULT NULL,
  PRIMARY KEY (`id`),
  KEY `invoices_user_id_foreign` (`user_id`),
  KEY `invoices_order_id_foreign` (`order_id`),
  CONSTRAINT `invoices_order_id_foreign` FOREIGN KEY (`order_id`) REFERENCES `orders` (`id`) ON DELETE SET NULL,
  CONSTRAINT `invoices_user_id_foreign` FOREIGN KEY (`user_id`) REFERENCES `users` (`id`) ON DELETE SET NULL
) ENGINE=InnoDB DEFAULT CHARSET=utf8mb4 COLLATE=utf8mb4_unicode_ci;
/*!40101 SET character_set_client = @saved_cs_client */;

--
-- Dumping data for table `invoices`
--

LOCK TABLES `invoices` WRITE;
/*!40000 ALTER TABLE `invoices` DISABLE KEYS */;
INSERT INTO `invoices` VALUES ('9c427487-8396-43b5-9782-920a1bfcf584','9c4273cd-fd90-42a8-99d2-54147d0e9353','9c427485-1ef0-4055-896c-9825e7cd1cf7','{\"id\": \"9c427485-1437-45ee-8945-267462f11012\", \"lat\": \"82.270890\", \"lon\": \"-47.616283\", \"name\": null, \"slug\": \"mr-roland-treiber-lillyfort\", \"town\": \"Lillyfort\", \"country\": \"UK\", \"user_id\": \"9c4273cd-fd90-42a8-99d2-54147d0e9353\", \"post_code\": \"LA12 0HX\", \"created_at\": \"2024-06-11T07:52:46.000000Z\", \"deleted_at\": null, \"updated_at\": \"2024-06-11T07:52:46.000000Z\", \"address_line_1\": \"Studio 55 Ward Wall\", \"address_line_2\": null, \"google_maps_url\": \"https://www.google.com/maps/@82.270890,-47.616283,14z\"}','{\"amount\": \"1635.07\", \"source\": {\"id\": \"9c427485-174d-44b5-ae13-ee6d5e3bb2a2\", \"name\": \"sed eaque\", \"slug\": \"treiber-sed-eaque\", \"brand\": \"mastercard\", \"user_id\": \"9c4273cd-fd90-42a8-99d2-54147d0e9353\", \"exp_year\": \"2025\", \"exp_month\": \"11\", \"last_four\": \"8753\", \"source_id\": \"iut7Y6mFcjIHNtH9SwIpU5Ll6QxwR50yhurj35tdgd1HpVk6HSwB7OjKeMmjOySGNXpXvRaTIN1D8z3sW8714XxzmYg4cNXw5dwrtLjH45pwyN9kcLeRaeNyjpuVBNq4Giwh2Zf9knx68tsPBuC4zB\", \"created_at\": \"2024-06-11T07:52:46.000000Z\", \"deleted_at\": null, \"updated_at\": \"2024-06-11T07:52:46.000000Z\", \"stripe_user_id\": \"dMJTT7kAHCPCJaw4xsDhdXQVEgqrRt29s5yU1kgY9nPa1q087UjiFUfVZPWaQQqnAg6RGYWSRFzLcDkCGCVWhETAfuGseCi3AAmY2K00ix7YCXnpExuabR9N\", \"payment_method_id\": 1}, \"created_at\": \"11-06-2024 07:52\", \"payment_ref\": \"NnVkoVGH2L\"}','[{\"id\": \"9c427485-50dd-4c6a-85f9-ec8cb0b0aba3\", \"sku\": \"M-TR001\", \"name\": \"Classic Dress Trousers - (Size) XS\", \"type\": \"product_variant\", \"urls\": null, \"image\": \"/9j/4AAQSkZJRgABAQEAYABgAAD//gA7Q1JFQVRPUjogZ2QtanBlZyB2MS4wICh1c2luZyBJSkcgSlBFRyB2ODApLCBxdWFsaXR5ID0gODAK/9sAQwAGBAUGBQQGBgUGBwcGCAoQCgoJCQoUDg8MEBcUGBgXFBYWGh0lHxobIxwWFiAsICMmJykqKRkfLTAtKDAlKCko/9sAQwEHBwcKCAoTCgoTKBoWGigoKCgoKCgoKCgoKCgoKCgoKCgoKCgoKCgoKCgoKCgoKCgoKCgoKCgoKCgoKCgoKCgo/8AAEQgAMgAyAwEiAAIRAQMRAf/EAB8AAAEFAQEBAQEBAAAAAAAAAAABAgMEBQYHCAkKC//EALUQAAIBAwMCBAMFBQQEAAABfQECAwAEEQUSITFBBhNRYQcicRQygZGhCCNCscEVUtHwJDNicoIJChYXGBkaJSYnKCkqNDU2Nzg5OkNERUZHSElKU1RVVldYWVpjZGVmZ2hpanN0dXZ3eHl6g4SFhoeIiYqSk5SVlpeYmZqio6Slpqeoqaqys7S1tre4ubrCw8TFxsfIycrS09TV1tfY2drh4uPk5ebn6Onq8fLz9PX29/j5+v/EAB8BAAMBAQEBAQEBAQEAAAAAAAABAgMEBQYHCAkKC//EALURAAIBAgQEAwQHBQQEAAECdwABAgMRBAUhMQYSQVEHYXETIjKBCBRCkaGxwQkjM1LwFWJy0QoWJDThJfEXGBkaJicoKSo1Njc4OTpDREVGR0hJSlNUVVZXWFlaY2RlZmdoaWpzdHV2d3h5eoKDhIWGh4iJipKTlJWWl5iZmqKjpKWmp6ipqrKztLW2t7i5usLDxMXGx8jJytLT1NXW19jZ2uLj5OXm5+jp6vLz9PX29/j5+v/aAAwDAQACEQMRAD8A+qaKKKAPkj4zePvEA+Ims2ul67qVjZWsogSG2uGjAKqAx+Ujq2a4J/iB4ugdXj8Wa7uBBAa9kYfkTg0/40O8PxQ8Tgcf6a5/M5/rXEsZVcxyhldTgqwwQaLln6OaReDUNJsr0DAuYEmA9Nyg/wBat1k+EU8vwpoqHqtlAP8AyGta1BAUUUUAFFFFAHwp8e49nxZ8SKO9wrfmin+tVvjRpaaL8TdZsY12rG0TAf70KMf1Nbfxht/tnx71G2xkTX9vFj6rGKsftRW/kfFy8kx/r7aCT64Xb/7LSLPsTRE8vRdPT+7bxj8lFXaq6Uc6XZn1hT/0EVapkBRRRQAUUUUAfGnjFftP7UUcOMhtctFP03R5q5+12nl/EqwcD/WaXGfyllH9KL+AzftbpHjpq0cn/fKBv6VZ/bHTb420ST+9p238pX/xpFH1TobbtE09vW3jP/joq7VDQARoOmg9RbRj/wAdFX6ZIUUUUAFFFFAGadB0c6uNVOlaedUHS8+zJ53TH38bunHWnapomlas8b6rpljetH9w3NukhT6bgcUUUhmgoCgBQABwAO1FFFMQUUUUAf/Z\", \"amount\": 7, \"full_price\": \"195.93\", \"product_id\": \"9c427402-69ff-458e-9080-7043ee891a99\", \"unit_price\": \"27.99\", \"final_price\": \"195.93\", \"unit_discount\": \"0.00\", \"total_discount\": \"0.00\", \"product_variant_id\": \"9c42747c-f22d-4fee-ae13-a19e277f70fd\", \"original_unit_price\": \"27.99\"}, {\"id\": \"9c427485-48b3-4a1f-af63-ef347c717e4b\", \"sku\": \"M-TR003\", \"name\": \"Sporty Track Pants - (Size) XL\", \"type\": \"product_variant\", \"urls\": null, \"image\": \"/9j/4AAQSkZJRgABAQEAYABgAAD//gA7Q1JFQVRPUjogZ2QtanBlZyB2MS4wICh1c2luZyBJSkcgSlBFRyB2ODApLCBxdWFsaXR5ID0gODAK/9sAQwAGBAUGBQQGBgUGBwcGCAoQCgoJCQoUDg8MEBcUGBgXFBYWGh0lHxobIxwWFiAsICMmJykqKRkfLTAtKDAlKCko/9sAQwEHBwcKCAoTCgoTKBoWGigoKCgoKCgoKCgoKCgoKCgoKCgoKCgoKCgoKCgoKCgoKCgoKCgoKCgoKCgoKCgoKCgo/8AAEQgAMgAyAwEiAAIRAQMRAf/EAB8AAAEFAQEBAQEBAAAAAAAAAAABAgMEBQYHCAkKC//EALUQAAIBAwMCBAMFBQQEAAABfQECAwAEEQUSITFBBhNRYQcicRQygZGhCCNCscEVUtHwJDNicoIJChYXGBkaJSYnKCkqNDU2Nzg5OkNERUZHSElKU1RVVldYWVpjZGVmZ2hpanN0dXZ3eHl6g4SFhoeIiYqSk5SVlpeYmZqio6Slpqeoqaqys7S1tre4ubrCw8TFxsfIycrS09TV1tfY2drh4uPk5ebn6Onq8fLz9PX29/j5+v/EAB8BAAMBAQEBAQEBAQEAAAAAAAABAgMEBQYHCAkKC//EALURAAIBAgQEAwQHBQQEAAECdwABAgMRBAUhMQYSQVEHYXETIjKBCBRCkaGxwQkjM1LwFWJy0QoWJDThJfEXGBkaJicoKSo1Njc4OTpDREVGR0hJSlNUVVZXWFlaY2RlZmdoaWpzdHV2d3h5eoKDhIWGh4iJipKTlJWWl5iZmqKjpKWmp6ipqrKztLW2t7i5usLDxMXGx8jJytLT1NXW19jZ2uLj5OXm5+jp6vLz9PX29/j5+v/aAAwDAQACEQMRAD8A+qaKKKAPi34l/Grxg/jTWrbRdcmtNKt7qSK3SKOMHap253bcnOM8nvWT4Y+NHjOy8Q6bcanr13dWEc6GeGUgrJHn5gcD0zXmN87m+naU5dnbcT65qexjimWYz3Cw+XEXXKljI3ACjHc56njg0AfpeCGAKkEHkEUVR0F1l0LTpEOVe2jYH1BUVeoAKKKKACiiigD83PiDp7aT408Qafg5tr+eIe4EhA/TFUNSsbrSdSu9Pv4zFd2srQyof4WU4I/MV6Z8dbNLL9oLUkKjypbu2mIx13JGW/UmtL9rDw7/AGP8TTqMSbbfV7dZ8gceYvyOPyCn/gVAH174OOfCOhn/AKcYP/Ra1r1yvwovhqPwz8LXO4MzabArEf3lQK36g11VABRRRQAUUUUAfGP7Rtq9x+0BDDGCHuBZqp9ScKK9N/bL0+KXwNouokDz7fUfIU99skbFh+ca/lWJ8VvC+ual+0p4c1CLRr+XSUuLHddxQM8W1JAWLMAQuOc5x611P7YiM3wssivRNViY/Ty5R/WgDe/Zgnkm+DGiiQ58p7iNT7ec5/rXqteR/srSb/g1pg/uXFwv/kQn+teuUAFFFFABRRRQAVDd2tveQmG8giuIiclJUDqT9DRRQA63ghtoVitoo4Yl6JGoUD8BUlFFABRRRQB//9k=\", \"amount\": 4, \"full_price\": \"91.96\", \"product_id\": \"9c427407-0bb8-4bb4-97cd-ba830bdf6728\", \"unit_price\": \"22.99\", \"final_price\": \"91.96\", \"unit_discount\": \"0.00\", \"total_discount\": \"0.00\", \"product_variant_id\": \"9c42747d-2386-4e6a-b686-b4de293bf7eb\", \"original_unit_price\": \"22.99\"}, {\"id\": \"9c427485-4b73-4f6a-8f9d-a86f8a10d6a6\", \"sku\": \"W-S003\", \"name\": \"Floral Midi Skirt - (Size) XS\", \"type\": \"product_variant\", \"urls\": null, \"image\": \"/9j/4AAQSkZJRgABAQEAYABgAAD//gA7Q1JFQVRPUjogZ2QtanBlZyB2MS4wICh1c2luZyBJSkcgSlBFRyB2ODApLCBxdWFsaXR5ID0gODAK/9sAQwAGBAUGBQQGBgUGBwcGCAoQCgoJCQoUDg8MEBcUGBgXFBYWGh0lHxobIxwWFiAsICMmJykqKRkfLTAtKDAlKCko/9sAQwEHBwcKCAoTCgoTKBoWGigoKCgoKCgoKCgoKCgoKCgoKCgoKCgoKCgoKCgoKCgoKCgoKCgoKCgoKCgoKCgoKCgo/8AAEQgAMgAyAwEiAAIRAQMRAf/EAB8AAAEFAQEBAQEBAAAAAAAAAAABAgMEBQYHCAkKC//EALUQAAIBAwMCBAMFBQQEAAABfQECAwAEEQUSITFBBhNRYQcicRQygZGhCCNCscEVUtHwJDNicoIJChYXGBkaJSYnKCkqNDU2Nzg5OkNERUZHSElKU1RVVldYWVpjZGVmZ2hpanN0dXZ3eHl6g4SFhoeIiYqSk5SVlpeYmZqio6Slpqeoqaqys7S1tre4ubrCw8TFxsfIycrS09TV1tfY2drh4uPk5ebn6Onq8fLz9PX29/j5+v/EAB8BAAMBAQEBAQEBAQEAAAAAAAABAgMEBQYHCAkKC//EALURAAIBAgQEAwQHBQQEAAECdwABAgMRBAUhMQYSQVEHYXETIjKBCBRCkaGxwQkjM1LwFWJy0QoWJDThJfEXGBkaJicoKSo1Njc4OTpDREVGR0hJSlNUVVZXWFlaY2RlZmdoaWpzdHV2d3h5eoKDhIWGh4iJipKTlJWWl5iZmqKjpKWmp6ipqrKztLW2t7i5usLDxMXGx8jJytLT1NXW19jZ2uLj5OXm5+jp6vLz9PX29/j5+v/aAAwDAQACEQMRAD8A+qayfFuq/wBheFtX1UAM1nayzqp6MyqSB+JwK1q89+O0oHw+mtWSR1vLmCFhG207Q4c/N24QjPvSbsrsaV3Y8RPxM8XCCaddemnjjkW2WVIkCIG37pJlKgq6jBx90YGalX4keK2Eso8RHY0kdqJ08t4IUIAMzjblWzg4Py/MRxxXERWV3BrP9k6rDLFqKRzSySROCxRmV98h6SDGV2/7OeaS2Y6rewWmoNNYahOlxLctHCo+VpY5VllQcMCCBjjG3Paua73v/wAN3N7dLf12Pqb4MeKLvxV4TlutSkjku4rqSNmjYMNpwyjIA6BscgHiu9rw79nvWo7zXdetvtEclzLEk0qpEI8lXYCTA4O9ZE544VR2r3GuiN7amEt9AoooqhBXjH7U90yeBLKxRZSbu8wSgJACxu3zAfw5wD6Zz2r2evD/ANqJ7WDTfDVzqF5JbWsN25byvvsSoUbR3xncR6CplsOO54hZxrN5aWrf2OLq3hkQXVwSbvyxjbE56B/NI2njHbtUEshitbm3lnNjPmTcLmQ5kjjwGhhlHUEYTb7e2KfYKqme2t5UudHtQ8KTsQWvmGySO3AIDL0IGMZ447VW0COYx2EU0kK6ZZBxdXkiKYolk2SCEqT8v7wMpxjOccYrl6tv+v8Ag+R0eSPcvga8Vl4yu4jZ/wBnnUIWmtrb5XURBYjlXA45IyvTPr1r3qvmX4ATy3Xji2+zaNBYWcEU2SXAlCuoZVKn5iOQc9+O+a+mq3pK0bGNTV3CiiitSAr59/az1JtOi8MskkIYreMscsHm72AiHA7EBicnj65r6Crwr9pewur2+8LtY6Wb+ZGmU4x8sbbPMHI2jKgjJ6EioqNKLuXBXkjxm+lZ5Uur5Z724K/bY7+ytwirNuXblTjeFAPTPUjHeqULQyWQW6tBqNhePNO7W8ggm8uNWA80cAEt82Ovy9O1NtlazmsmuXuo7qXzrXTLdo8JaOzgK28H51AGD1PTg961nFHFpRe/3rpWlyrMti8ZJnd1AbEnPB5Yeue3WuVK39f11+Ru9f6/r/M9V+C+o3T+PPDSXA82S6jlNxNPbiF0kW3I8tP7wGD27E/T6er5b+EGnahJ8RPDurak2oTSO8kkSI2+CGN7ZgN3fcFIBboSeuev1JW9C3LoZVb82oUUUVsZBTZY0ljaOVFdGGGVhkEehFFFDApJoulI0LJplirQf6oiBAY+c/LxxzzxU0VhZxTyzxWluk0rbpJFjAZzjGSccnAAoorMtksEENuhS3ijiQnJVFCjPrxUlFFaEBRRRQB//9k=\", \"amount\": 6, \"full_price\": \"137.94\", \"product_id\": \"9c427418-4736-4bac-99cc-ada2a171a3ae\", \"unit_price\": \"22.99\", \"final_price\": \"137.94\", \"unit_discount\": \"0.00\", \"total_discount\": \"0.00\", \"product_variant_id\": \"9c42747d-729f-485c-9066-2f37bb38424b\", \"original_unit_price\": \"22.99\"}, {\"id\": \"9c427485-42c7-4d89-bd67-3abd41ba2ebe\", \"sku\": \"W-TR003\", \"name\": \"Sporty Track Pants - (Size) L\", \"type\": \"product_variant\", \"urls\": null, \"image\": \"/9j/4AAQSkZJRgABAQEAYABgAAD//gA7Q1JFQVRPUjogZ2QtanBlZyB2MS4wICh1c2luZyBJSkcgSlBFRyB2ODApLCBxdWFsaXR5ID0gODAK/9sAQwAGBAUGBQQGBgUGBwcGCAoQCgoJCQoUDg8MEBcUGBgXFBYWGh0lHxobIxwWFiAsICMmJykqKRkfLTAtKDAlKCko/9sAQwEHBwcKCAoTCgoTKBoWGigoKCgoKCgoKCgoKCgoKCgoKCgoKCgoKCgoKCgoKCgoKCgoKCgoKCgoKCgoKCgoKCgo/8AAEQgAMgAyAwEiAAIRAQMRAf/EAB8AAAEFAQEBAQEBAAAAAAAAAAABAgMEBQYHCAkKC//EALUQAAIBAwMCBAMFBQQEAAABfQECAwAEEQUSITFBBhNRYQcicRQygZGhCCNCscEVUtHwJDNicoIJChYXGBkaJSYnKCkqNDU2Nzg5OkNERUZHSElKU1RVVldYWVpjZGVmZ2hpanN0dXZ3eHl6g4SFhoeIiYqSk5SVlpeYmZqio6Slpqeoqaqys7S1tre4ubrCw8TFxsfIycrS09TV1tfY2drh4uPk5ebn6Onq8fLz9PX29/j5+v/EAB8BAAMBAQEBAQEBAQEAAAAAAAABAgMEBQYHCAkKC//EALURAAIBAgQEAwQHBQQEAAECdwABAgMRBAUhMQYSQVEHYXETIjKBCBRCkaGxwQkjM1LwFWJy0QoWJDThJfEXGBkaJicoKSo1Njc4OTpDREVGR0hJSlNUVVZXWFlaY2RlZmdoaWpzdHV2d3h5eoKDhIWGh4iJipKTlJWWl5iZmqKjpKWmp6ipqrKztLW2t7i5usLDxMXGx8jJytLT1NXW19jZ2uLj5OXm5+jp6vLz9PX29/j5+v/aAAwDAQACEQMRAD8A3LGDpxW1bwDHSqlgnA4rat06cUizlPEtzqem+INDms7R7mzecRSRohYsWDKex5AYEe4HrmptD8Pavpeu6/LqFmq2k0iSrcCVdiqqBQuMDknJ6D6V6f4UuVjultNis0yyMob1G3/GqPxVlmj0F4LURBj+9baTkhCGIx3GAaxUHzOSZ0e0XKqbRyssAqpND7VpxHzbWGTBBZASD24qCRc1rcx20M7yKKu+WPSimA2wHArYtx0rIsegrYg7UEmT4p8Wy+GjbtaTRQzorMTIoIKsQO/+7Xn178UdZ1bUbeS8uLFrGKTbKY4sZj3YIHJ5Irf+Ltup06CbaNxV0JP5/wCNeNeB41vdU0LT5EAAv1LqBjK7t38jXXThD2e3czcnzH0uoYQJ5nDkZb6nrVaXrV246VQlPNca0Nr31EyKKi3e1FMQ2xkQAc1sQSJxzV230UKB8lX49KAH3adibnnfxXUP4SeWPG6KQN+BBH8yK8T+GDNN4/0RigGckn3VG/8Aia+i/ibpLSeB9U8pMvGiy49QrAn9Aa8K+DWnlvHNrPMypBaQSsXdgvJG3GDzn5q6YNKk7kPV6HvM8ikVnzyDnFX7ma15CSq3+7zWfJ8+RGrn8K5bGiZB5g9aKd9nn/55t+VFFh3PVUAx0FSY4ooqzMyvFChvD+phgCDaygg9/kNfOvgy2gHxUnUQxbfso42DH36KKr7I49T6Gs7S2SJdtvCvHZAKmMUY6RoPwFFFQIi2L/dX8qKKKAP/2Q==\", \"amount\": 6, \"full_price\": \"137.94\", \"product_id\": \"9c427423-8dc7-4a04-8a33-d838f1989a0d\", \"unit_price\": \"22.99\", \"final_price\": \"137.94\", \"unit_discount\": \"0.00\", \"total_discount\": \"0.00\", \"product_variant_id\": \"9c42747d-c3a1-4853-91a4-915e2e1b69ef\", \"original_unit_price\": \"22.99\"}, {\"id\": \"9c427485-5def-45a9-8e13-074f6a1a21c9\", \"sku\": \"W-SK002\", \"name\": \"Sporty Ankle Socks - (Size) 8\", \"type\": \"product_variant\", \"urls\": null, \"image\": \"/9j/4AAQSkZJRgABAQEAYABgAAD//gA7Q1JFQVRPUjogZ2QtanBlZyB2MS4wICh1c2luZyBJSkcgSlBFRyB2ODApLCBxdWFsaXR5ID0gODAK/9sAQwAGBAUGBQQGBgUGBwcGCAoQCgoJCQoUDg8MEBcUGBgXFBYWGh0lHxobIxwWFiAsICMmJykqKRkfLTAtKDAlKCko/9sAQwEHBwcKCAoTCgoTKBoWGigoKCgoKCgoKCgoKCgoKCgoKCgoKCgoKCgoKCgoKCgoKCgoKCgoKCgoKCgoKCgoKCgo/8AAEQgAMgAyAwEiAAIRAQMRAf/EAB8AAAEFAQEBAQEBAAAAAAAAAAABAgMEBQYHCAkKC//EALUQAAIBAwMCBAMFBQQEAAABfQECAwAEEQUSITFBBhNRYQcicRQygZGhCCNCscEVUtHwJDNicoIJChYXGBkaJSYnKCkqNDU2Nzg5OkNERUZHSElKU1RVVldYWVpjZGVmZ2hpanN0dXZ3eHl6g4SFhoeIiYqSk5SVlpeYmZqio6Slpqeoqaqys7S1tre4ubrCw8TFxsfIycrS09TV1tfY2drh4uPk5ebn6Onq8fLz9PX29/j5+v/EAB8BAAMBAQEBAQEBAQEAAAAAAAABAgMEBQYHCAkKC//EALURAAIBAgQEAwQHBQQEAAECdwABAgMRBAUhMQYSQVEHYXETIjKBCBRCkaGxwQkjM1LwFWJy0QoWJDThJfEXGBkaJicoKSo1Njc4OTpDREVGR0hJSlNUVVZXWFlaY2RlZmdoaWpzdHV2d3h5eoKDhIWGh4iJipKTlJWWl5iZmqKjpKWmp6ipqrKztLW2t7i5usLDxMXGx8jJytLT1NXW19jZ2uLj5OXm5+jp6vLz9PX29/j5+v/aAAwDAQACEQMRAD8A9gUACmkgVJ5ZfGCoB9TimzJBAM3N0iD25pkjN1PWQVXOo6TGoZpi4JwCTgE1S1XxDb28Mf8AZ6wNIzYyRvwME96BpXNtTkZFNOCa5mx8S3cmoW6XMubd32uigAYIxnj0zn8K3tzRzNG3UHFK45RsT7faijNFMmxj69EZ7KP53QRygkoxBOQQBx7kVSVsiPMsjY4wT7VtXKFredQMtsJUe45FcxEsu3cy7QWGCTkAUhjPEltGbQXSLm4iydxJyF2nP9K5eGV2ijbznZCykBmJz09a7j7OXTy5EGHB6jFcrd6P/ZsCW0sn7wRjy3zhSBwP5UpLqbUn0H6bIX1C3zG2zzACT09K792LwQzH74/dv/vL/wDWxXmYZnWKUuxIOMdArDqK9D0O6GoWf+1KmSPSRev5j+dEdgqrqXhJxRVbcaKLmJfQYlFcxBH5bXtuTkxSEDPcdq6nHziuf1eP7Pr77jsS7iXDHoGFMENTcBwxyOevaqPiVBPpkcp5aB+f909f1x+dTlbtLoR+V5gH93+ND6e/T8q0bTSrq6XYLZmt3BDiVSpwfrQOLs7nncYVLuW3+bypMfNj/Vv0B+h6fl610nhCW5t7meKUYaNRMCv3SQR0/A/pW83gNpA0c+oGOAjG1UXcR9SOvvXQ6XoOn6cvyCSZ9u0vIckj3/8A1UktTWdSLVkILGCYCVZVCv8AMBnoDRWmI7YAAW8QA7YoqrGFzHPUVQ8QIkj2wdVYYPBGfSiigEdRpkEMcUQjijQFRkKoGasXJKkBSQPQUUUAQNULmiigTIs0UUUwP//Z\", \"amount\": 9, \"full_price\": \"130.50\", \"product_id\": \"9c427427-5fa8-4839-8daf-9e78672196ad\", \"unit_price\": \"14.50\", \"final_price\": \"130.50\", \"unit_discount\": \"0.00\", \"total_discount\": \"0.00\", \"product_variant_id\": \"9c42747d-d483-42c4-bdc9-d2dbc91b0200\", \"original_unit_price\": \"14.50\"}, {\"id\": \"9c427485-4e2a-4649-a046-59d8d2eeb2ca\", \"sku\": \"W-BO001\", \"name\": \"Classic Ankle Boots - (Size) 9.5, (Colour) Dark Green\", \"type\": \"product_variant\", \"urls\": null, \"image\": \"/9j/4AAQSkZJRgABAQEAYABgAAD//gA7Q1JFQVRPUjogZ2QtanBlZyB2MS4wICh1c2luZyBJSkcgSlBFRyB2ODApLCBxdWFsaXR5ID0gODAK/9sAQwAGBAUGBQQGBgUGBwcGCAoQCgoJCQoUDg8MEBcUGBgXFBYWGh0lHxobIxwWFiAsICMmJykqKRkfLTAtKDAlKCko/9sAQwEHBwcKCAoTCgoTKBoWGigoKCgoKCgoKCgoKCgoKCgoKCgoKCgoKCgoKCgoKCgoKCgoKCgoKCgoKCgoKCgoKCgo/8AAEQgAMgAyAwEiAAIRAQMRAf/EAB8AAAEFAQEBAQEBAAAAAAAAAAABAgMEBQYHCAkKC//EALUQAAIBAwMCBAMFBQQEAAABfQECAwAEEQUSITFBBhNRYQcicRQygZGhCCNCscEVUtHwJDNicoIJChYXGBkaJSYnKCkqNDU2Nzg5OkNERUZHSElKU1RVVldYWVpjZGVmZ2hpanN0dXZ3eHl6g4SFhoeIiYqSk5SVlpeYmZqio6Slpqeoqaqys7S1tre4ubrCw8TFxsfIycrS09TV1tfY2drh4uPk5ebn6Onq8fLz9PX29/j5+v/EAB8BAAMBAQEBAQEBAQEAAAAAAAABAgMEBQYHCAkKC//EALURAAIBAgQEAwQHBQQEAAECdwABAgMRBAUhMQYSQVEHYXETIjKBCBRCkaGxwQkjM1LwFWJy0QoWJDThJfEXGBkaJicoKSo1Njc4OTpDREVGR0hJSlNUVVZXWFlaY2RlZmdoaWpzdHV2d3h5eoKDhIWGh4iJipKTlJWWl5iZmqKjpKWmp6ipqrKztLW2t7i5usLDxMXGx8jJytLT1NXW19jZ2uLj5OXm5+jp6vLz9PX29/j5+v/aAAwDAQACEQMRAD8A9Hs7c8VrwWxx0qaytMAZFakUGO1fHKLkfWV8Tdnyn4ztvsXxB8Z2BHEhjuh+Kgk/+RKwPDT4Yc967P4z+XB8Y7lEwGuNOUP9QpP8kFcDoblZWHoa+kpa0437I86i7yZ1+q3eLVgWzxW/8GLcyWWszjo0yJn6An/2auB1e4OwjPavY/gTYZ8CTTEfNNeSNn2Cqv8ASuXHO1Fno0JqnNM1TbcmiugNlyeKK8XmPY+toh1f4oeDdB1aXTdS1cR3cJ2yqkEkgQ+hKqRn27Vi698e/B2nWrNpb3Wq3GPljihaJc/7TOBgfQGvHPjV8N9d0TxFqutpbtd6ReXMlz58ILeTvYsVkHUYz16e/avKa92jg6Timnc+MnVk3qdfqXiS78X/ABFXWNQVYpbqdF8uP7saABQoz7Dn15pNHIa5lC5+8az/AAjas95LeEfJbIce8jAhR/M/hXQ6Rpz2l1KJByDz9a7GklZG2FT1ZV1PJYg19FfAJA3w2gwQSLiUEDtznn8Dn8a+edXxJcFQdq/xH0r079nbX2tfEl3ocjH7NfR+ZCpP3ZEH9VBz/uiuTFQ56bR21NFc9yNuMniitExjNFeL7Ij2zNNrYMhDD5SOc14n8Q/DvwuspJrnUYLV7w5Pk2R2lm99pAH413vx3l1uL4c3i+GrO4u7uZ1jlW3QtIsXJYgDnsB34Jr5B0/xHBZ3Dpqun5lDHPmKVI9sV9EsOo6o82lVi/jdjrtMtItQ1NX0+xSx0yJ90UKjr7k9z71e1k22nWrecp8zn5h/F71lRfEHSYogIoHQ46Dp/Kud1HWL7xfqcOn6NZz3VxMdscMQyWP+Hr0+ta8j2On29OPUytU1QzSkQgLGD949M/411nwPmaT4m6EoLEmYjPT+E1yV74P8VWmoNb33h7VEcZAxauysQf4SBg/hXp3wG8D+JofiTpF7e6Lf2ljbO7yzXEBiUDYwH3gM5JA4qvZxtY5auMnN2WiPqv7OfSitfYvpRXJ9UiR9YZFqPFjNj+4a+UviPY2kt5O8lrA78/M0YJoorqe5NL4WeMrDF9vC+Um3eRjaMV9efs8aZYWuiXFxbWVrDO7bXkjiVWYDoCQMmiirZkevkDPQUY5oopCCiiigR//Z\", \"amount\": 4, \"full_price\": \"113.00\", \"product_id\": \"9c427436-8ecf-42ba-bf14-a29bcdd197a7\", \"unit_price\": \"28.25\", \"final_price\": \"113.00\", \"unit_discount\": \"0.00\", \"total_discount\": \"0.00\", \"product_variant_id\": \"9c427477-d438-4183-bdb0-7783aefd9fcb\", \"original_unit_price\": \"28.25\"}, {\"id\": \"9c427485-5643-40b4-a1e2-9ff3a37f2117\", \"sku\": \"W-BO003\", \"name\": \"Fashion Knee-High Boots - (Size) 8.5\", \"type\": \"product_variant\", \"urls\": null, \"image\": \"/9j/4AAQSkZJRgABAQEAYABgAAD//gA7Q1JFQVRPUjogZ2QtanBlZyB2MS4wICh1c2luZyBJSkcgSlBFRyB2ODApLCBxdWFsaXR5ID0gODAK/9sAQwAGBAUGBQQGBgUGBwcGCAoQCgoJCQoUDg8MEBcUGBgXFBYWGh0lHxobIxwWFiAsICMmJykqKRkfLTAtKDAlKCko/9sAQwEHBwcKCAoTCgoTKBoWGigoKCgoKCgoKCgoKCgoKCgoKCgoKCgoKCgoKCgoKCgoKCgoKCgoKCgoKCgoKCgoKCgo/8AAEQgAMgAyAwEiAAIRAQMRAf/EAB8AAAEFAQEBAQEBAAAAAAAAAAABAgMEBQYHCAkKC//EALUQAAIBAwMCBAMFBQQEAAABfQECAwAEEQUSITFBBhNRYQcicRQygZGhCCNCscEVUtHwJDNicoIJChYXGBkaJSYnKCkqNDU2Nzg5OkNERUZHSElKU1RVVldYWVpjZGVmZ2hpanN0dXZ3eHl6g4SFhoeIiYqSk5SVlpeYmZqio6Slpqeoqaqys7S1tre4ubrCw8TFxsfIycrS09TV1tfY2drh4uPk5ebn6Onq8fLz9PX29/j5+v/EAB8BAAMBAQEBAQEBAQEAAAAAAAABAgMEBQYHCAkKC//EALURAAIBAgQEAwQHBQQEAAECdwABAgMRBAUhMQYSQVEHYXETIjKBCBRCkaGxwQkjM1LwFWJy0QoWJDThJfEXGBkaJicoKSo1Njc4OTpDREVGR0hJSlNUVVZXWFlaY2RlZmdoaWpzdHV2d3h5eoKDhIWGh4iJipKTlJWWl5iZmqKjpKWmp6ipqrKztLW2t7i5usLDxMXGx8jJytLT1NXW19jZ2uLj5OXm5+jp6vLz9PX29/j5+v/aAAwDAQACEQMRAD8A+qaCQoJPAHJoqC+z9huNuc+W2MfSgD518a/GnxNpWuQW9imniGQbirQkkc+u6vZPh/4jvfEFvcG/jgR4ljYGEEA7t3Yk/wB2vkn4gHd4otz1Hlhv1FfUPweUfYLx/VYl/Rj/AFrKLbZ6FelCNK6Wp6FRRRWp54UUUUAFBGRg9KKKAPiD4lwm28YRwYwYgYiPcPg/yr6e+DHOg3jdxMqflGh/9mr52+N0Qg+JU4X+KeRvxLk/1r6J+DB26FfRk/P9oVz9DEg/9lNZR+I9Ku70bnoNFFFanmhRRRQAUUUUAfFHxB1SLXPEV1eo2JjIz4I+6Sc4r2j4L+JY0e3WZgI71Ehdiekg+7+ZJH1YVxnw0+H2meJfGfxE0vV1kH2a6xbTRuQ0LeZICR2PQcHisO+03U/hl4hm0rWFaewmO6GaMELIv95fQ+o6g/gTlZp3PSU4VI+zPr6ivE/DHxVvpWhtoom1pRgYgtpGnx7lQQT74Hv617YOlaJ3OCdNwdmFFFFMgKKKKAAAAkgDJpskaSgCRFcDkBhmiigBVUKMKAB6CloooAKKKKAP/9k=\", \"amount\": 10, \"full_price\": \"299.90\", \"product_id\": \"9c42743a-34af-4ae7-9298-273fbd731492\", \"unit_price\": \"29.99\", \"final_price\": \"299.90\", \"unit_discount\": \"0.00\", \"total_discount\": \"0.00\", \"product_variant_id\": \"9c42747e-560f-4c68-a0e8-8c6504e21256\", \"original_unit_price\": \"29.99\"}, {\"id\": \"9c427485-538a-41d6-b240-978f7e831a83\", \"sku\": \"M-LO001\", \"name\": \"Classic Leather Loafers - (Size) 9, (Colour) Dark Gray\", \"type\": \"product_variant\", \"urls\": null, \"image\": \"/9j/4AAQSkZJRgABAQEAYABgAAD//gA7Q1JFQVRPUjogZ2QtanBlZyB2MS4wICh1c2luZyBJSkcgSlBFRyB2ODApLCBxdWFsaXR5ID0gODAK/9sAQwAGBAUGBQQGBgUGBwcGCAoQCgoJCQoUDg8MEBcUGBgXFBYWGh0lHxobIxwWFiAsICMmJykqKRkfLTAtKDAlKCko/9sAQwEHBwcKCAoTCgoTKBoWGigoKCgoKCgoKCgoKCgoKCgoKCgoKCgoKCgoKCgoKCgoKCgoKCgoKCgoKCgoKCgoKCgo/8AAEQgAMgAyAwEiAAIRAQMRAf/EAB8AAAEFAQEBAQEBAAAAAAAAAAABAgMEBQYHCAkKC//EALUQAAIBAwMCBAMFBQQEAAABfQECAwAEEQUSITFBBhNRYQcicRQygZGhCCNCscEVUtHwJDNicoIJChYXGBkaJSYnKCkqNDU2Nzg5OkNERUZHSElKU1RVVldYWVpjZGVmZ2hpanN0dXZ3eHl6g4SFhoeIiYqSk5SVlpeYmZqio6Slpqeoqaqys7S1tre4ubrCw8TFxsfIycrS09TV1tfY2drh4uPk5ebn6Onq8fLz9PX29/j5+v/EAB8BAAMBAQEBAQEBAQEAAAAAAAABAgMEBQYHCAkKC//EALURAAIBAgQEAwQHBQQEAAECdwABAgMRBAUhMQYSQVEHYXETIjKBCBRCkaGxwQkjM1LwFWJy0QoWJDThJfEXGBkaJicoKSo1Njc4OTpDREVGR0hJSlNUVVZXWFlaY2RlZmdoaWpzdHV2d3h5eoKDhIWGh4iJipKTlJWWl5iZmqKjpKWmp6ipqrKztLW2t7i5usLDxMXGx8jJytLT1NXW19jZ2uLj5OXm5+jp6vLz9PX29/j5+v/aAAwDAQACEQMRAD8A1YTaqOY8H6f/AF6laazx0wR7GogXIztcfVRTXV2zw3/fsVwKJ6N0R3F1Bn5WYfRBWdcXkSqTlz+Ap+sTJp1hLd3W9IYxydgzknAH51wi+MLeeYLcxvbo/CSZDJ9GOODWkYXVyHPWx0Nxfxk/xflWfLfRnOVJ/AVKbO4uEDxDcjDIZcEEfWq82l3QBOCPriq5ULmIftUX90/kKKj/ALPuPainyi5j1CaYW0Ek1zNFHDGNzMxwAK4Bvi3ptvqLW11YXUUYOFlG1gR2bHHH50vj/XUu/DVxAiyA70ZiRwQGHv8ASvKHjgukVJvmUfdIPK/T29qqnSUldkTqNOx7H4l1GPxd4auINGmt7j7sgMRO9cHPzIQGA/CvI7HVNX8MawtwI2jkU4YModHHQgg8EH3re8AP/Y/iWC4jiimCqRl+cZGOB617Gtvo3iGPydUhhWUjiRhjP/Ah/WtI05xjdLQiUot76nPeC9U0XV5TLZ20entNHmS1hY7BJn5nRScAYA+UdOa6d9GeUExSxsK5+X4W3ul3bXHhvUrXymO77LdhtoPqrKMg/hXQeHNH1wXobWUt4UiztMc+8Pxj0B/Oi9KUNNGg/eKWuqK58PTZ++v50V2f9nr/AH0/M0VzcxtY8z1TwxNNGwRAyn+HFed634NntXaWCKSI9cAfKa9y+1N1Ea474NNllSTho0I9KUakkXKmnufNsV01hcj7UktvMp4ccA/0NddpXjQRRhZjFKP7wbafy5r1O60vSrtCtxp8D56kgVkTeBvDMxy+kR/8BYj+tdUMU0c8sPfqXPh14vl1DVEs4nD2u0kox3FeO3oK9N8yKQDeq1wXh/TdO8PRMmk2UdsrHLYOSfqSc1pvq7L1/pWNSftJXSsaQjyKzZ1gWDH8P60Vx51lv8kUVnZllVQNx4qF/wDWGiis0asZk5PJqNZH80je2PrRRVIhjZJH/vt+dRmRznLsfxooq0QyLcfU0UUUxn//2Q==\", \"amount\": 2, \"full_price\": \"59.98\", \"product_id\": \"9c427441-6d77-4a9b-b668-7906aca48814\", \"unit_price\": \"29.99\", \"final_price\": \"59.98\", \"unit_discount\": \"0.00\", \"total_discount\": \"0.00\", \"product_variant_id\": \"9c42747b-1386-4396-b005-a5a83af8590c\", \"original_unit_price\": \"29.99\"}, {\"id\": \"9c427485-5b53-4933-9bb1-ecf735aae72d\", \"sku\": \"M-LO003\", \"name\": \"Fashion Slip-On Loafers - (Size) 9.5\", \"type\": \"product_variant\", \"urls\": null, \"image\": \"/9j/4AAQSkZJRgABAQEAYABgAAD//gA7Q1JFQVRPUjogZ2QtanBlZyB2MS4wICh1c2luZyBJSkcgSlBFRyB2ODApLCBxdWFsaXR5ID0gODAK/9sAQwAGBAUGBQQGBgUGBwcGCAoQCgoJCQoUDg8MEBcUGBgXFBYWGh0lHxobIxwWFiAsICMmJykqKRkfLTAtKDAlKCko/9sAQwEHBwcKCAoTCgoTKBoWGigoKCgoKCgoKCgoKCgoKCgoKCgoKCgoKCgoKCgoKCgoKCgoKCgoKCgoKCgoKCgoKCgo/8AAEQgAMgAyAwEiAAIRAQMRAf/EAB8AAAEFAQEBAQEBAAAAAAAAAAABAgMEBQYHCAkKC//EALUQAAIBAwMCBAMFBQQEAAABfQECAwAEEQUSITFBBhNRYQcicRQygZGhCCNCscEVUtHwJDNicoIJChYXGBkaJSYnKCkqNDU2Nzg5OkNERUZHSElKU1RVVldYWVpjZGVmZ2hpanN0dXZ3eHl6g4SFhoeIiYqSk5SVlpeYmZqio6Slpqeoqaqys7S1tre4ubrCw8TFxsfIycrS09TV1tfY2drh4uPk5ebn6Onq8fLz9PX29/j5+v/EAB8BAAMBAQEBAQEBAQEAAAAAAAABAgMEBQYHCAkKC//EALURAAIBAgQEAwQHBQQEAAECdwABAgMRBAUhMQYSQVEHYXETIjKBCBRCkaGxwQkjM1LwFWJy0QoWJDThJfEXGBkaJicoKSo1Njc4OTpDREVGR0hJSlNUVVZXWFlaY2RlZmdoaWpzdHV2d3h5eoKDhIWGh4iJipKTlJWWl5iZmqKjpKWmp6ipqrKztLW2t7i5usLDxMXGx8jJytLT1NXW19jZ2uLj5OXm5+jp6vLz9PX29/j5+v/aAAwDAQACEQMRAD8A6UJz0rJ1zxJo+gz20OrXsdtJcZ8sMCc46kkDgc96wPiJ4/XwfdWMCWIu3nBd/wB5s2KDgdjyefyryP4keKIPFmoW13bxSpaxwCMo+MxvuJPT8PrSSKPo62nhuoEmtpUliYZV0YMp/EVLtr5f8L+IdV8NTiTTLlljPLwOd0b/AIf1HNe6eDfHFl4hXyJYzZ6ig+aBz973U9x+tKwHVbKjdMg1YGCOOaRloGVPL9qKs0UAfPvxdsrg+Mrh7jcY7hFaBj04AGB+OR+NcfFBJuVUUmU/KBjO7/ZI719IeNvDMHiLSmt5RtnTLQy90b/A14va3B0HVrtLqJf7QiBiKOMncccj6jv7+9UhGBh9C1WCLUoHjWN0kaMjJUZBx7g10mtW5utMj12zutl3E4H7vhnXswx6cAn/AOvWhrCW3iTwul/O4GpQFYYguCZOo2MOwGOvJOcfTjNO1S50MeW6+bp0xIeFuit0OPQ4/wA8UBseu/DXx82ooun61IovAcJLjAcds+9enZzivlSJlWUXNk25RzjuPYivdPhr4kbWNLEVyxNxCdhYnlhjgn3/AMKTQI7jH1opwJx2opDFZM+9eV/F/wAJPcpHrdlEWlgXbOq9SnZvqP5fSvWMjtTHUMuDyD2oEeBeCvsusR3OlvdC2ln2sgY8M69CPf2o1rQpdP1CZL6BHikIY5XKlvX/AD613Xir4Y6fqcr3WlyHT7sncdg+Qn1x2/CuYu9F8eWsJspXhvbfG1ZXG8gfXGfzqrgLpvw80bW7RLvSri4sZT96NX3KD3HPPWuz8I+DRoDAJJuGdxbOSx9TVf4eaHfaVBtumJz8zEjGSTk13RY4GakA2/SilDcdqKAHjtTx1oooAa1IKKKAGkc0yXtRRQBFmiiigD//2Q==\", \"amount\": 3, \"full_price\": \"89.97\", \"product_id\": \"9c427445-10fc-4a7c-bda2-902b5b9bebed\", \"unit_price\": \"29.99\", \"final_price\": \"89.97\", \"unit_discount\": \"0.00\", \"total_discount\": \"0.00\", \"product_variant_id\": \"9c42747e-b387-428a-99a5-b71d72123591\", \"original_unit_price\": \"29.99\"}, {\"id\": \"9c427485-60ac-43b3-821a-44be55ffca31\", \"sku\": \"M-SA002\", \"name\": \"Sporty Outdoor Sandals - (Size) 8\", \"type\": \"product_variant\", \"urls\": null, \"image\": \"/9j/4AAQSkZJRgABAQEAYABgAAD//gA7Q1JFQVRPUjogZ2QtanBlZyB2MS4wICh1c2luZyBJSkcgSlBFRyB2ODApLCBxdWFsaXR5ID0gODAK/9sAQwAGBAUGBQQGBgUGBwcGCAoQCgoJCQoUDg8MEBcUGBgXFBYWGh0lHxobIxwWFiAsICMmJykqKRkfLTAtKDAlKCko/9sAQwEHBwcKCAoTCgoTKBoWGigoKCgoKCgoKCgoKCgoKCgoKCgoKCgoKCgoKCgoKCgoKCgoKCgoKCgoKCgoKCgoKCgo/8AAEQgAMgAyAwEiAAIRAQMRAf/EAB8AAAEFAQEBAQEBAAAAAAAAAAABAgMEBQYHCAkKC//EALUQAAIBAwMCBAMFBQQEAAABfQECAwAEEQUSITFBBhNRYQcicRQygZGhCCNCscEVUtHwJDNicoIJChYXGBkaJSYnKCkqNDU2Nzg5OkNERUZHSElKU1RVVldYWVpjZGVmZ2hpanN0dXZ3eHl6g4SFhoeIiYqSk5SVlpeYmZqio6Slpqeoqaqys7S1tre4ubrCw8TFxsfIycrS09TV1tfY2drh4uPk5ebn6Onq8fLz9PX29/j5+v/EAB8BAAMBAQEBAQEBAQEAAAAAAAABAgMEBQYHCAkKC//EALURAAIBAgQEAwQHBQQEAAECdwABAgMRBAUhMQYSQVEHYXETIjKBCBRCkaGxwQkjM1LwFWJy0QoWJDThJfEXGBkaJicoKSo1Njc4OTpDREVGR0hJSlNUVVZXWFlaY2RlZmdoaWpzdHV2d3h5eoKDhIWGh4iJipKTlJWWl5iZmqKjpKWmp6ipqrKztLW2t7i5usLDxMXGx8jJytLT1NXW19jZ2uLj5OXm5+jp6vLz9PX29/j5+v/aAAwDAQACEQMRAD8A+qaKKhvLmO0tZbiYkRxqWbAyePT1NICavKPj98ULj4c6RYLpdrFc6nfs4jMxOyJVxliO5+YADI7nnGD5ofi/8Q9Gnv7G/tLK5Cudl7NAfk3YKgbCFIww6jPrXk3iTSdT8Y6s+s+Idbku7mVQSTHjaP7qgcKB6AYrSnBz1WpMpKO56/4U+MHjrQF07UPiHp4l0jV1821wIo5AmAQyBcHGGHDjJ4wa+k9MvbfU9Otr6ykEttcRrLG4/iVhkGvibWTda5b2VvfTo0Gn2cdpbRN8qJHGvAGepOMk9zXtXw28UXemaPpd7qF9M2m7I7cxSSFlVRhMgHpg+lKu1TsnuOknUvY94oooqRhXkf7SGs6ro3hexk0+aOG0luBHPiTbK7cbFTg98sf92vXK+X/2j/FOm+JfENp4eslaWbSnkEkgY7TKwXKrjrtwQffIpwjzMTdkeY6jf6hq2o3NzqF3NEt3ceayl3ZE3MT0J6D0A7V2p8PeGknW5s725msI4REIxMQJG7yNg8E/3RgD37+dfaZbaOOOQBoY+FJPOfcnH8qtaW8mranDY6Ysn2yUhV254/2iR0A6k1pUhFq0J8rCm2neUbnSXei6dYR/2xq09ymiFtsNnu3TXLjsp/hT1J59K7X4daJrPxO1myvNStP7L8G6dIskdvECouGQgogJxlR3IGOMdeR3PgLwfpXiC+a51iBdSttHjSyt1uFDI0uA8jlehPKe3WvYIYo4YkjhRY40G1VUYAHoBXLC80pTdzabUW4wVh1FFFamRyHxG8daZ4L0pnuriL+0ZlItbZj80jdMkDooPU/h1r491e/Nld3E7CLMkjOzKuCpYknH4nP4/l6V+07ol7a+OLbXZfNl0yeGOLKDPlbM5T2znI7ZJrybS00bU9Yb+1k1S8gUkRR2aAtJyeWGePwzVRqcidlqLk5nqXIJLPWkjgtE8+ZztWNVy5P0713/AIfsrzSPs3hnwzYWz+Kr4Ezyqcrbx8kbmPGcc+n14zpeG9A16+h+z+FPDEmgWLYBu7m3PnOPbPH5nFev+AfBEvhq1cQIEup+bm6mcPNMck/MR9TxWdSTrW5lY0ilSvys6rwhocHhnw9aaXDIZTEpMkzfemkJyzn3JJNbIYHpVa3tPLA8xy7epq0AB0oJCiiiqEIVDDDAEe9CoqjCqAPYUUUALRRRSAKKKKACiiimB//Z\", \"amount\": 2, \"full_price\": \"47.00\", \"product_id\": \"9c427448-a5ad-44d0-b513-df19ec8971e3\", \"unit_price\": \"23.50\", \"final_price\": \"47.00\", \"unit_discount\": \"0.00\", \"total_discount\": \"0.00\", \"product_variant_id\": \"9c42747e-c964-492d-9b80-35896057e467\", \"original_unit_price\": \"23.50\"}, {\"id\": \"9c427485-45e2-43d1-9f55-d7dae0b0dfef\", \"sku\": \"M-BO001\", \"name\": \"Classic Leather Boots - (Size) 10\", \"type\": \"product_variant\", \"urls\": null, \"image\": \"/9j/4AAQSkZJRgABAQEAYABgAAD//gA7Q1JFQVRPUjogZ2QtanBlZyB2MS4wICh1c2luZyBJSkcgSlBFRyB2ODApLCBxdWFsaXR5ID0gODAK/9sAQwAGBAUGBQQGBgUGBwcGCAoQCgoJCQoUDg8MEBcUGBgXFBYWGh0lHxobIxwWFiAsICMmJykqKRkfLTAtKDAlKCko/9sAQwEHBwcKCAoTCgoTKBoWGigoKCgoKCgoKCgoKCgoKCgoKCgoKCgoKCgoKCgoKCgoKCgoKCgoKCgoKCgoKCgoKCgo/8AAEQgAMgAyAwEiAAIRAQMRAf/EAB8AAAEFAQEBAQEBAAAAAAAAAAABAgMEBQYHCAkKC//EALUQAAIBAwMCBAMFBQQEAAABfQECAwAEEQUSITFBBhNRYQcicRQygZGhCCNCscEVUtHwJDNicoIJChYXGBkaJSYnKCkqNDU2Nzg5OkNERUZHSElKU1RVVldYWVpjZGVmZ2hpanN0dXZ3eHl6g4SFhoeIiYqSk5SVlpeYmZqio6Slpqeoqaqys7S1tre4ubrCw8TFxsfIycrS09TV1tfY2drh4uPk5ebn6Onq8fLz9PX29/j5+v/EAB8BAAMBAQEBAQEBAQEAAAAAAAABAgMEBQYHCAkKC//EALURAAIBAgQEAwQHBQQEAAECdwABAgMRBAUhMQYSQVEHYXETIjKBCBRCkaGxwQkjM1LwFWJy0QoWJDThJfEXGBkaJicoKSo1Njc4OTpDREVGR0hJSlNUVVZXWFlaY2RlZmdoaWpzdHV2d3h5eoKDhIWGh4iJipKTlJWWl5iZmqKjpKWmp6ipqrKztLW2t7i5usLDxMXGx8jJytLT1NXW19jZ2uLj5OXm5+jp6vLz9PX29/j5+v/aAAwDAQACEQMRAD8A8NstGe7dRGuyQjKlGJBrovD/AIamMxj1GEDb0OOeteo6XoVvGiBYxnoCB0rpoh4Z0wQRa1eFr6SNpxAijIRQTyT9DWDqnSqaONsPDgQ+RNZrJA6/eI6HHrVXUdBtQ/lMpjWEblHXdV+++JSaTrs9re6TE9hFIU/cyMH2Z4YE8E4wegqTxPr3hHTGtrrV9YuPJu4Eure3tbZmllibOCS2FXoR1OCDWak3qjSdJw3R5jqkZDyMyjk/eH1rFd/lbaDnOa7nUfiF4QkCpZ+EpbiyKjLT37JKG7/dGPT9au+GtF8OePI7248M2t3ZXVgqyTWMsgl3oc5ZGwCcEcgjv17VrGdtzB0pLU4FPMKKdvUf3aK9XXwY20Yhlxj+7/8AWoqvaIOQ6/QNKgnQx3VzNHIp3CSAeUT/AENcF+0JZRaRp+j6gG86RpXtnDMAzxMuSBj0x17Z969E0G+06ecLZ3UsUmcGKdHQg/RgK8q/ahmbf4djadHQLOdg4IP7vn9P51lHcq7uVvhlJo3iTW7R9bdZikXkFZ14mZeFLe5TGPdW9K1v2ifCtvp3gnR5rG3l8vTZzBC65YLbyAttZjk/K4AGezeua8R8P6gtneRucgqwIPoa+ovAvjiz1TRxY649vNE67GEnIYHswNZSl7OZ3um61PmTufJdpOqnZKfk6jIyAf8ACvoP4PeJ/BWkzWV3Ar6dq6w+TMyf6ucYGQcj1wexyPSk8Z/Bjw9qMk154X1q205my32eaQNFn0B6r+v0r5/vYrjStQntJmQywSGNijZUkHGQe4rbSqtDm/hO09UfcI1/w8wDLe4B5AEg4/SiviYavdgACWT8zRUezn3L/wBnPphdfu0t7eWCQS7iQMEOvB4xjO3/AIFj2HavMfiuPFPjHVLCOW0s7mS2DRwmwBy4OM7icZ+6OeB1q/pmuxW7O11GLvPygSYIVfQAgj866vSPiBbWUii1sY7dOmIiF/UDOPbNbKMo7HLKcGjyWT4UeL7ZYmawjeRxuMSTKWX2Pao7zw54n0mPF9o+rwIOrrbM4/MHFfQNv44W6O6MQAnse1RXOrai0xk0zUI7FGGGQQCUN7/MSB+Ap8k5bolVVD4ZNHzjZXMJukTyLy5nJAAf5R9Co5P/AH0K948MeCPBM1ja/wBuaffXl/OqtseEQrFxnAUNk/7zEk4HNa9jIrS+beJp09wRhpRZiNiPqp4NX5XjBBhZkwcjDGhwn0QvaQesmZ5+GvgdiSnh2HaeRmabOPwNFaS3R2jc5J7naOf0oqPZ1R89I+byTnqanhY7upooroMTUgZsL8x/Out8OSO0DhnYgdMmiinDcmWxtW7NnqfzrSRjs6n86KK0IJwTgc0UUUgP/9k=\", \"amount\": 1, \"full_price\": \"27.99\", \"product_id\": \"9c42744c-b4d2-4b9f-a7fc-b0e19bbd9207\", \"unit_price\": \"27.99\", \"final_price\": \"27.99\", \"unit_discount\": \"0.00\", \"total_discount\": \"0.00\", \"product_variant_id\": \"9c42747e-f9ad-4777-9221-f5a4b7783494\", \"original_unit_price\": \"27.99\"}, {\"id\": \"9c427485-5887-41f7-843b-fad7b2a13bf5\", \"sku\": \"W-SG002\", \"name\": \"Vintage Round Sunglasses\", \"type\": \"product\", \"urls\": null, \"image\": \"/9j/4AAQSkZJRgABAQEAYABgAAD//gA7Q1JFQVRPUjogZ2QtanBlZyB2MS4wICh1c2luZyBJSkcgSlBFRyB2ODApLCBxdWFsaXR5ID0gODAK/9sAQwAGBAUGBQQGBgUGBwcGCAoQCgoJCQoUDg8MEBcUGBgXFBYWGh0lHxobIxwWFiAsICMmJykqKRkfLTAtKDAlKCko/9sAQwEHBwcKCAoTCgoTKBoWGigoKCgoKCgoKCgoKCgoKCgoKCgoKCgoKCgoKCgoKCgoKCgoKCgoKCgoKCgoKCgoKCgo/8AAEQgAGQAyAwEiAAIRAQMRAf/EAB8AAAEFAQEBAQEBAAAAAAAAAAABAgMEBQYHCAkKC//EALUQAAIBAwMCBAMFBQQEAAABfQECAwAEEQUSITFBBhNRYQcicRQygZGhCCNCscEVUtHwJDNicoIJChYXGBkaJSYnKCkqNDU2Nzg5OkNERUZHSElKU1RVVldYWVpjZGVmZ2hpanN0dXZ3eHl6g4SFhoeIiYqSk5SVlpeYmZqio6Slpqeoqaqys7S1tre4ubrCw8TFxsfIycrS09TV1tfY2drh4uPk5ebn6Onq8fLz9PX29/j5+v/EAB8BAAMBAQEBAQEBAQEAAAAAAAABAgMEBQYHCAkKC//EALURAAIBAgQEAwQHBQQEAAECdwABAgMRBAUhMQYSQVEHYXETIjKBCBRCkaGxwQkjM1LwFWJy0QoWJDThJfEXGBkaJicoKSo1Njc4OTpDREVGR0hJSlNUVVZXWFlaY2RlZmdoaWpzdHV2d3h5eoKDhIWGh4iJipKTlJWWl5iZmqKjpKWmp6ipqrKztLW2t7i5usLDxMXGx8jJytLT1NXW19jZ2uLj5OXm5+jp6vLz9PX29/j5+v/aAAwDAQACEQMRAD8A+iPGfjHRPBllb3fiG6e3gnl8mMrC8hLYJxhQewrK074p+EdSmjh07Up7ueT7sUNjcO5/AJmq/wAcPD7+IPh9erbRGW8sXW+gVRkkp94AdyULge5FfKi/vNjQ5dmx5ZTkknpjHegD7V03XbDULl7aF54rlU8zybm3kgcrnG4K6gsM4GRkDNWP7V04SeX9vtPM/u+cufyzXzD8cdB1zRbTwxHc6vqVxHc2u2Q3c5lSO6AUuo9FYZwPY15rPptjOpNzaW7nHLMgyPx60AfeasrqGUhlPQg5pc84rxL4B/DPTrT4c2NzrMV1LNfu16kLXMiLFG5/djarAcoFJyM8+1enaFpEGk65qKWFjHaWDW9uFMagB5A0u4+pOCnJoA36KKKACuftfBXhq01c6pbaJYxX+/zPNWIDD/3gOgb3AzXQUUAZPinw7pvijRpdM1m3E1q5DDBwyMOjqeoYeteZ2HwG0WHUVkvtUvr2xVs/ZXVF8wf3XYDkeuAtexUUAIiqihUAVQMAAYAFLRRQAUUUUAf/2Q==\", \"amount\": 10, \"full_price\": \"225.00\", \"product_id\": \"9c42745a-0892-4f60-a2e1-04860f4125cf\", \"unit_price\": \"22.50\", \"final_price\": \"225.00\", \"unit_discount\": \"0.00\", \"total_discount\": \"0.00\", \"original_unit_price\": \"22.50\"}, {\"id\": \"9c427485-632a-4a7b-886d-d55613e0c84f\", \"sku\": \"W-ER003\", \"name\": \"Statement Tassel Earrings\", \"type\": \"product\", \"urls\": null, \"image\": \"/9j/4AAQSkZJRgABAQEAYABgAAD//gA7Q1JFQVRPUjogZ2QtanBlZyB2MS4wICh1c2luZyBJSkcgSlBFRyB2ODApLCBxdWFsaXR5ID0gODAK/9sAQwAGBAUGBQQGBgUGBwcGCAoQCgoJCQoUDg8MEBcUGBgXFBYWGh0lHxobIxwWFiAsICMmJykqKRkfLTAtKDAlKCko/9sAQwEHBwcKCAoTCgoTKBoWGigoKCgoKCgoKCgoKCgoKCgoKCgoKCgoKCgoKCgoKCgoKCgoKCgoKCgoKCgoKCgoKCgo/8AAEQgAMgAyAwEiAAIRAQMRAf/EAB8AAAEFAQEBAQEBAAAAAAAAAAABAgMEBQYHCAkKC//EALUQAAIBAwMCBAMFBQQEAAABfQECAwAEEQUSITFBBhNRYQcicRQygZGhCCNCscEVUtHwJDNicoIJChYXGBkaJSYnKCkqNDU2Nzg5OkNERUZHSElKU1RVVldYWVpjZGVmZ2hpanN0dXZ3eHl6g4SFhoeIiYqSk5SVlpeYmZqio6Slpqeoqaqys7S1tre4ubrCw8TFxsfIycrS09TV1tfY2drh4uPk5ebn6Onq8fLz9PX29/j5+v/EAB8BAAMBAQEBAQEBAQEAAAAAAAABAgMEBQYHCAkKC//EALURAAIBAgQEAwQHBQQEAAECdwABAgMRBAUhMQYSQVEHYXETIjKBCBRCkaGxwQkjM1LwFWJy0QoWJDThJfEXGBkaJicoKSo1Njc4OTpDREVGR0hJSlNUVVZXWFlaY2RlZmdoaWpzdHV2d3h5eoKDhIWGh4iJipKTlJWWl5iZmqKjpKWmp6ipqrKztLW2t7i5usLDxMXGx8jJytLT1NXW19jZ2uLj5OXm5+jp6vLz9PX29/j5+v/aAAwDAQACEQMRAD8A+qaiuZ1hXJxnGeTgAepPYVLWD46uZLbwxd+SgeWUCFQc4G44ycc8DNITdldm7G29FYgrkA4PUUtVtMuftum2t1gL58SSYBzjcAf61ZoGQRXIlnMajjbuBz2z6eh5x64NT1y+m6lJL491S0MaiIWyKrZOSYyCfb/ltjj+7XUUCTT2Cij86KBhXl3x+8Sjw/oGmKsQllnuwwQkD5UHOD2OWX8+/Q+o187/ALUGoRtrWh2LknyYzcAKSDuLYHPbhTmqgrsip8LPYPhheC+8B6PKrM22Hyju6/KSv9K6ivMv2f71bjwZNbLjFrdMo+hVW789Sa9B1m7Ww0i9vHOFggeU/wDAVJ/pRJa2Cm+aCZ4j4D8Ypq/xhuYlQpE09wiOp4kUglcj1wg/MfU+9V8bfDrUorTxrZXv8X26N3OTtO5gGwD9D+vpivsmnNWIou9/UKKKKg2CvlH9oN5bz4lhWwsULxxqTxkBEJ/VumP5V9XV558Vvh8vjCTSri2McVxbzqs7YGXhJAP1K9QPTP0N05KL1CyejOU/ZzedLvXYWRzAUhbeAdu75uPrhs/5OPQ/ircSW3gDV2hGXeNYgPXe6qf0Jra0DRrDQdNjsdLt0ggTk4HLt3Zj3Jx1q7cQRXMEkFxGksMilXRxkMD2Ioc7z5hQioqyPhvw9DKkFy6/NIZflC8Mc4A4HQ89M+3HNfb+mSSTadayzKySvEjOrDBBIGQfevOPh/8ACyz8Pa7qV/qCR3RW4LWO4AhE6hiD/EOnsQTyea9Qp1Jc1kJQUW2uoUUUVmUFFFFABRRRQAUUUUAJRRRQB//Z\", \"amount\": 3, \"full_price\": \"74.97\", \"product_id\": \"9c427461-679d-40f0-bc4a-7c3c30abd7af\", \"unit_price\": \"24.99\", \"final_price\": \"74.97\", \"unit_discount\": \"0.00\", \"total_discount\": \"0.00\", \"original_unit_price\": \"24.99\"}]',NULL,'{\"id\": \"9c4273ed-5fdf-4397-8834-040150b1e063\", \"name\": {\"de\": \"Lokale Schwerlasttransporte (10-25 kg)\", \"en\": \"Local Heavy (10-25kg)\", \"fr\": \"Lourd local (10-25kg)\"}, \"slug\": \"local-heavy-1\", \"price\": 2.99, \"enabled\": true, \"created_at\": \"2024-06-11T07:51:06.000000Z\", \"deleted_at\": null, \"updated_at\": \"2024-06-11T07:51:07.000000Z\", \"description\": {\"de\": \"Wenn Sie in der Nähe wohnen, liefern wir bis an die Haustür.\", \"en\": \"If you live nearby, we deliver to your door.\", \"fr\": \"Si vous habitez à proximité, nous livrons à votre porte.\"}, \"enabled_by_default_on_creation\": true}','{\"delivery\": 2.99, \"subtotal\": 1632.08, \"total_payable\": 1635.07, \"applied_discount\": 0}',1,'mr-roland-treiber-lillyfort',NULL,'2024-06-11 07:52:48','2024-06-11 07:52:48'),('9c427487-9ed4-4471-bc53-e9b21c12cf5a','9c4273cd-5665-41d5-a1bf-ebfd8979aee4','9c427485-22b1-4ed4-9fc0-b73fd57c08e7','{\"id\": \"9c427485-0de4-4c38-92d6-92b6acdc9f57\", \"lat\": \"-68.236771\", \"lon\": \"172.849723\", \"name\": null, \"slug\": \"gavin-holmes-alisonhaven\", \"town\": \"Alisonhaven\", \"country\": \"UK\", \"user_id\": \"9c4273cd-5665-41d5-a1bf-ebfd8979aee4\", \"post_code\": \"NP44 4PE\", \"created_at\": \"2024-06-11T07:52:46.000000Z\", \"deleted_at\": null, \"updated_at\": \"2024-06-11T07:52:46.000000Z\", \"address_line_1\": \"Flat 98 Baker Lane\", \"address_line_2\": null, \"google_maps_url\": \"https://www.google.com/maps/@-68.236771,172.849723,14z\"}','{\"amount\": \"455.31\", \"source\": {\"id\": \"9c427485-17e4-457c-b3fe-6cb3c04f8b0e\", \"name\": \"qui et\", \"slug\": \"holmes-qui-et\", \"brand\": \"american express\", \"user_id\": \"9c4273cd-5665-41d5-a1bf-ebfd8979aee4\", \"exp_year\": \"2024\", \"exp_month\": \"1\", \"last_four\": \"9460\", \"source_id\": \"3sgpFgsn5nuHG7DAsCnAvavFBNyzg29XIBfeDnlfuC6dxuvKaupaUmt7U7qTULXsGVNfTnVEocDmiHcRyn0rKaWSGmgR5hgriqEazr6i6zVrEySDGbmxT0KZO4yp2n3XH0pdn5Xr8FOAqXvGxyDWpf\", \"created_at\": \"2024-06-11T07:52:46.000000Z\", \"deleted_at\": null, \"updated_at\": \"2024-06-11T07:52:46.000000Z\", \"stripe_user_id\": \"e0nRpC2lXYKoLdhqiLqDuu8D8z3K37WPRs50ENXWj0gmZelrTXykgAyV0K1NwXto6qGIhnDIONqq6vYqNx2pdRruXJlrVmJdh9JdaRShrJdT1EWMYUy77Gf3\", \"payment_method_id\": 1}, \"created_at\": \"11-06-2024 07:52\", \"payment_ref\": \"uHDC06WmMg\"}','[{\"id\": \"9c427485-65c2-4555-8162-fc59978322ee\", \"sku\": \"M-SK002\", \"name\": \"Sporty Ankle Socks - (Size) 9\", \"type\": \"product_variant\", \"urls\": null, \"image\": \"/9j/4AAQSkZJRgABAQEAYABgAAD//gA7Q1JFQVRPUjogZ2QtanBlZyB2MS4wICh1c2luZyBJSkcgSlBFRyB2ODApLCBxdWFsaXR5ID0gODAK/9sAQwAGBAUGBQQGBgUGBwcGCAoQCgoJCQoUDg8MEBcUGBgXFBYWGh0lHxobIxwWFiAsICMmJykqKRkfLTAtKDAlKCko/9sAQwEHBwcKCAoTCgoTKBoWGigoKCgoKCgoKCgoKCgoKCgoKCgoKCgoKCgoKCgoKCgoKCgoKCgoKCgoKCgoKCgoKCgo/8AAEQgAMgAyAwEiAAIRAQMRAf/EAB8AAAEFAQEBAQEBAAAAAAAAAAABAgMEBQYHCAkKC//EALUQAAIBAwMCBAMFBQQEAAABfQECAwAEEQUSITFBBhNRYQcicRQygZGhCCNCscEVUtHwJDNicoIJChYXGBkaJSYnKCkqNDU2Nzg5OkNERUZHSElKU1RVVldYWVpjZGVmZ2hpanN0dXZ3eHl6g4SFhoeIiYqSk5SVlpeYmZqio6Slpqeoqaqys7S1tre4ubrCw8TFxsfIycrS09TV1tfY2drh4uPk5ebn6Onq8fLz9PX29/j5+v/EAB8BAAMBAQEBAQEBAQEAAAAAAAABAgMEBQYHCAkKC//EALURAAIBAgQEAwQHBQQEAAECdwABAgMRBAUhMQYSQVEHYXETIjKBCBRCkaGxwQkjM1LwFWJy0QoWJDThJfEXGBkaJicoKSo1Njc4OTpDREVGR0hJSlNUVVZXWFlaY2RlZmdoaWpzdHV2d3h5eoKDhIWGh4iJipKTlJWWl5iZmqKjpKWmp6ipqrKztLW2t7i5usLDxMXGx8jJytLT1NXW19jZ2uLj5OXm5+jp6vLz9PX29/j5+v/aAAwDAQACEQMRAD8A+qay/E+u2HhnQbzWNWl8qytU3uQMk9gAO5JIAHvWpXxF+0RqE+pfFPXIlvLiezt5EjiheQskTLGocKDwPmDdKAPqLwt8V/CniGHSPJ1AW17qjMkFlP8A64MGIwwXIXOOMnmu7r82ra6uLO6W4gkdLmMDy5FbaYyOhBHQiux8IfE3xP4X0qTTPD9/5Ru7n7TLI0Qkff0IBYEc4GeOw560AfelFeJ+DPj/AKRr/iQabeWa6bZLbmR7+5uFVfMVcsNuMBTzg7snjjmvVvDPiPSfFGmf2hoN7He2e9ojIgIww6gggEdR+YoA1qKKKAOa8aeM9K8KadPPeytLdIhaO0hUvJI2OBgA4z6nAr4W1a6m1PVLy9u8i6uJnmlyMEsxLH9TX2F8VPBj6hnU9Fs7i41GV1WcRz7fkC4DBScZ4Ucfka+a/E/hWWZ/PsIbue7Y5dpLhCv055qk7CaucC8YOFYYqtJAc5H3frWlMjQzPDcqElQ4YelMkhZQO47j0qL9y5JLZmWHZY3jUqFbGcda96/Zr8Tajod+1o5I8P3BzKrrjEpwN6/QAA+v4ceJsBzXvvwM0GfxBaWNtNAY4IF82aXP/LMsdowe7Dp2wM+1Mk+oaKKKACvLPiB8N47ny7nw3Y2EX+sN1FKzAODggqOVGMNxgda9TooA+Kte8Ow31so06HS7dsbjLllI79hj8TXB3AazunglljnK8b4m3D86+zPHXw7TUhBP4Yh03T7pWbzgY/LWUHHUqDggj05zXDTfCHxBdq0d1HoLqe7yO3/tOhpMTVz530Swj1nV4LUvst+ZJ5OAUjXqc9vT6kV9v/DfQV8PeE7O1MQiuJFEsy4A2sR93AOOBgcccEjrXmvgj4HPo+sW1/ql7ZYhKuYbWIkOwx1Y4wMjPTnJFe4IoVQBk/WoUWpN30IjFqTd9BaKKKs0CiiigAooooAKKKKACiiigD//2Q==\", \"amount\": 4, \"full_price\": \"58.00\", \"product_id\": \"9c42740a-d67a-48f4-9927-04e9464288f4\", \"unit_price\": \"14.50\", \"final_price\": \"58.00\", \"unit_discount\": \"0.00\", \"total_discount\": \"0.00\", \"product_variant_id\": \"9c42747d-3760-4bb8-a341-a0c9acae49d2\", \"original_unit_price\": \"14.50\"}, {\"id\": \"9c427485-688e-48c0-a6da-7c71075831e6\", \"sku\": \"W-J002\", \"name\": \"Casual V-Neck Jumper - (Size) S\", \"type\": \"product_variant\", \"urls\": null, \"image\": \"/9j/4AAQSkZJRgABAQEAYABgAAD//gA7Q1JFQVRPUjogZ2QtanBlZyB2MS4wICh1c2luZyBJSkcgSlBFRyB2ODApLCBxdWFsaXR5ID0gODAK/9sAQwAGBAUGBQQGBgUGBwcGCAoQCgoJCQoUDg8MEBcUGBgXFBYWGh0lHxobIxwWFiAsICMmJykqKRkfLTAtKDAlKCko/9sAQwEHBwcKCAoTCgoTKBoWGigoKCgoKCgoKCgoKCgoKCgoKCgoKCgoKCgoKCgoKCgoKCgoKCgoKCgoKCgoKCgoKCgo/8AAEQgAMgAyAwEiAAIRAQMRAf/EAB8AAAEFAQEBAQEBAAAAAAAAAAABAgMEBQYHCAkKC//EALUQAAIBAwMCBAMFBQQEAAABfQECAwAEEQUSITFBBhNRYQcicRQygZGhCCNCscEVUtHwJDNicoIJChYXGBkaJSYnKCkqNDU2Nzg5OkNERUZHSElKU1RVVldYWVpjZGVmZ2hpanN0dXZ3eHl6g4SFhoeIiYqSk5SVlpeYmZqio6Slpqeoqaqys7S1tre4ubrCw8TFxsfIycrS09TV1tfY2drh4uPk5ebn6Onq8fLz9PX29/j5+v/EAB8BAAMBAQEBAQEBAQEAAAAAAAABAgMEBQYHCAkKC//EALURAAIBAgQEAwQHBQQEAAECdwABAgMRBAUhMQYSQVEHYXETIjKBCBRCkaGxwQkjM1LwFWJy0QoWJDThJfEXGBkaJicoKSo1Njc4OTpDREVGR0hJSlNUVVZXWFlaY2RlZmdoaWpzdHV2d3h5eoKDhIWGh4iJipKTlJWWl5iZmqKjpKWmp6ipqrKztLW2t7i5usLDxMXGx8jJytLT1NXW19jZ2uLj5OXm5+jp6vLz9PX29/j5+v/aAAwDAQACEQMRAD8A6/yuaS4aK1t3nuJFjiQZZmOABWkIcmvJ/jFqV0skdnau3l85UDgn2Pcj8h9aJS5UXGPM7FHVPFl54m8RW+i6JOLS3mk2ecW2kr/E7HsoGTx6V1PjnwrP8NtCXXNP8Sy6jmSNLi3lxhd3RgMnj2PPvXkHgG5OheObGfWLaKSGYNH5Vym5Rkcbh9cV7P8AGTxBHpHw6tIWtNNmudTjS28xIgcKi8nIJ6ZXA7Zz7VzuclI6lCLjcv8AhXXbXxFpyz2xCyrxJH3U/wBR71rNF7V4V8MHu7G/iltjuhccH0PdT/n+VfQ6w7kVsdRmuiMr6HNOHLqjJ8o0VqeR7UVRmaSwe1cd418P2Ec0WsXW5mQhAh6EnoPYDBPFejLD7Vx/xbj8rwjvGeJ1/wDQWppKTSY1JrY4C00nSJdZGo3GnRXUoGF3MePpzjNdrrs+ma/oaaXe6Lavap80aMM+X7qRgqevIrzPwRrpubC2MiF22AMxPU9D+tdc2obJFZVwK09hBvmsNVZJWuaPhDw5pNpNLbW1t5SyAMqZLBSDkEE5IPFdy1vx0rkvC16t34qWNB0wh/74z/WvR2tvapnFRehN29zC+z0VtfZvaioAnSPnpXD/ABrYReDFT+OS4QD8AxNeiJHzXlf7RU8Ft4c0sTsw8y5KAIMsQRg4HfqKqHxITPG/AqbNNBiUgeY5J9fmPSu1mBNsWHVea4bR/Eeh6ZBFZzNPD5ShQX2c49dpPNdNp3ijSLj/AFDTTJ0YCFmGPwFdKEdb4PBg8ew+Ww8p5Yz/AN9xqf617e8PtXgXg+4tH8caU9lL5kMksOcggo28rtOfYLX0Y8YrCruhozPK9qKveWPSishlNK8M/ayJGi+G8HH+mN/JaKKun8SFLY+dIfmxu+bnvzT4/lj3Lwy4wR1FFFei9jhW57h8M5Hn1TwZJM7SSMxyznJOJxjJPpX1E9FFcFXc7o7EVFFFZDP/2Q==\", \"amount\": 10, \"full_price\": \"215.00\", \"product_id\": \"9c42741b-fbd5-4310-856c-6e9d03e2615e\", \"unit_price\": \"21.50\", \"final_price\": \"215.00\", \"unit_discount\": \"0.00\", \"total_discount\": \"0.00\", \"product_variant_id\": \"9c42747d-97ea-4409-9928-8253082881b2\", \"original_unit_price\": \"21.50\"}, {\"id\": \"9c427485-6ab2-4e09-93d4-39cbe770cd0c\", \"sku\": \"W-ER003\", \"name\": \"Statement Tassel Earrings\", \"type\": \"product\", \"urls\": null, \"image\": \"/9j/4AAQSkZJRgABAQEAYABgAAD//gA7Q1JFQVRPUjogZ2QtanBlZyB2MS4wICh1c2luZyBJSkcgSlBFRyB2ODApLCBxdWFsaXR5ID0gODAK/9sAQwAGBAUGBQQGBgUGBwcGCAoQCgoJCQoUDg8MEBcUGBgXFBYWGh0lHxobIxwWFiAsICMmJykqKRkfLTAtKDAlKCko/9sAQwEHBwcKCAoTCgoTKBoWGigoKCgoKCgoKCgoKCgoKCgoKCgoKCgoKCgoKCgoKCgoKCgoKCgoKCgoKCgoKCgoKCgo/8AAEQgAMgAyAwEiAAIRAQMRAf/EAB8AAAEFAQEBAQEBAAAAAAAAAAABAgMEBQYHCAkKC//EALUQAAIBAwMCBAMFBQQEAAABfQECAwAEEQUSITFBBhNRYQcicRQygZGhCCNCscEVUtHwJDNicoIJChYXGBkaJSYnKCkqNDU2Nzg5OkNERUZHSElKU1RVVldYWVpjZGVmZ2hpanN0dXZ3eHl6g4SFhoeIiYqSk5SVlpeYmZqio6Slpqeoqaqys7S1tre4ubrCw8TFxsfIycrS09TV1tfY2drh4uPk5ebn6Onq8fLz9PX29/j5+v/EAB8BAAMBAQEBAQEBAQEAAAAAAAABAgMEBQYHCAkKC//EALURAAIBAgQEAwQHBQQEAAECdwABAgMRBAUhMQYSQVEHYXETIjKBCBRCkaGxwQkjM1LwFWJy0QoWJDThJfEXGBkaJicoKSo1Njc4OTpDREVGR0hJSlNUVVZXWFlaY2RlZmdoaWpzdHV2d3h5eoKDhIWGh4iJipKTlJWWl5iZmqKjpKWmp6ipqrKztLW2t7i5usLDxMXGx8jJytLT1NXW19jZ2uLj5OXm5+jp6vLz9PX29/j5+v/aAAwDAQACEQMRAD8A+qaiuZ1hXJxnGeTgAepPYVLWD46uZLbwxd+SgeWUCFQc4G44ycc8DNITdldm7G29FYgrkA4PUUtVtMuftum2t1gL58SSYBzjcAf61ZoGQRXIlnMajjbuBz2z6eh5x64NT1y+m6lJL491S0MaiIWyKrZOSYyCfb/ltjj+7XUUCTT2Cij86KBhXl3x+8Sjw/oGmKsQllnuwwQkD5UHOD2OWX8+/Q+o187/ALUGoRtrWh2LknyYzcAKSDuLYHPbhTmqgrsip8LPYPhheC+8B6PKrM22Hyju6/KSv9K6ivMv2f71bjwZNbLjFrdMo+hVW789Sa9B1m7Ww0i9vHOFggeU/wDAVJ/pRJa2Cm+aCZ4j4D8Ypq/xhuYlQpE09wiOp4kUglcj1wg/MfU+9V8bfDrUorTxrZXv8X26N3OTtO5gGwD9D+vpivsmnNWIou9/UKKKKg2CvlH9oN5bz4lhWwsULxxqTxkBEJ/VumP5V9XV558Vvh8vjCTSri2McVxbzqs7YGXhJAP1K9QPTP0N05KL1CyejOU/ZzedLvXYWRzAUhbeAdu75uPrhs/5OPQ/ircSW3gDV2hGXeNYgPXe6qf0Jra0DRrDQdNjsdLt0ggTk4HLt3Zj3Jx1q7cQRXMEkFxGksMilXRxkMD2Ioc7z5hQioqyPhvw9DKkFy6/NIZflC8Mc4A4HQ89M+3HNfb+mSSTadayzKySvEjOrDBBIGQfevOPh/8ACyz8Pa7qV/qCR3RW4LWO4AhE6hiD/EOnsQTyea9Qp1Jc1kJQUW2uoUUUVmUFFFFABRRRQAUUUUAJRRRQB//Z\", \"amount\": 9, \"full_price\": \"224.91\", \"product_id\": \"9c427461-679d-40f0-bc4a-7c3c30abd7af\", \"unit_price\": \"24.99\", \"final_price\": \"224.91\", \"unit_discount\": \"0.00\", \"total_discount\": \"0.00\", \"original_unit_price\": \"24.99\"}]','{\"id\": \"9c4273ec-0482-4cba-9fed-59f608d31bc5\", \"code\": \"HT4IO0IUWY\", \"slug\": \"10%-off-1\", \"type\": 1, \"value\": \"10%\", \"amount\": 10, \"enabled\": true, \"created_at\": \"2024-06-11T07:51:06.000000Z\", \"deleted_at\": null, \"updated_at\": \"2024-06-11T07:51:06.000000Z\", \"valid_from\": \"2023-10-12T08:00:00.000000Z\", \"valid_until\": \"2024-10-12T08:00:00.000000Z\"}','{\"id\": \"9c4273ee-162d-4c89-9e7b-7bd414e934e6\", \"name\": {\"de\": \"Standard Klein (unter 5kg)\", \"en\": \"Standard Small (under 5kg)\", \"fr\": \"Standard petit (moins de 5 kg)\"}, \"slug\": \"standard-small-1\", \"price\": 7.99, \"enabled\": true, \"created_at\": \"2024-06-11T07:51:07.000000Z\", \"deleted_at\": null, \"updated_at\": \"2024-06-11T07:51:07.000000Z\", \"description\": {\"de\": \"Zustellung per Royal Mail (ca. 3–5 Tage)\", \"en\": \"Royal mail delivery. (approximately 3-5 days)\", \"fr\": \"Livraison du courrier royal. (environ 3 à 5 jours)\"}, \"enabled_by_default_on_creation\": true}','{\"delivery\": 7.99, \"subtotal\": 497.91, \"total_payable\": 455.31, \"applied_discount\": 42.6}',1,'gavin-holmes-alisonhaven',NULL,'2024-06-11 07:52:48','2024-06-11 07:52:48'),('9c427488-11bf-49e7-a924-d93343e697cd','9c4273cc-b0bf-45f5-8d37-6a087c046ac0','9c427485-2471-4196-8b81-ba78673693a1','{\"id\": \"9c427485-09d8-494a-862d-ad2445e94279\", \"lat\": \"76.928937\", \"lon\": \"19.370465\", \"name\": null, \"slug\": \"jackson-khan-new-sashachester\", \"town\": \"New Sashachester\", \"country\": \"UK\", \"user_id\": \"9c4273cc-b0bf-45f5-8d37-6a087c046ac0\", \"post_code\": \"BR6 9XJ\", \"created_at\": \"2024-06-11T07:52:46.000000Z\", \"deleted_at\": null, \"updated_at\": \"2024-06-11T07:52:46.000000Z\", \"address_line_1\": \"8 Harris Lights\", \"address_line_2\": null, \"google_maps_url\": \"https://www.google.com/maps/@76.928937,19.370465,14z\"}','{\"amount\": \"1869.62\", \"source\": {\"id\": \"9c427485-18b5-4ded-bea6-7fd8ae74acf3\", \"name\": \"enim tempora\", \"slug\": \"khan-enim-tempora\", \"brand\": \"visa\", \"user_id\": \"9c4273cc-b0bf-45f5-8d37-6a087c046ac0\", \"exp_year\": \"2023\", \"exp_month\": \"12\", \"last_four\": \"8782\", \"source_id\": \"NBgFo10HIRi89TwxbgIkjZgyUsWnQpZ9hLHOznS1EHTxXRKVDKNxeW41OFq6OTpotA7WLwDieu3HRKXlmxp00Dl9c9AY2yLCwECjShZfHaehZtdR7hhB4IOiXdgamIwo0xZZN5Vqe4aL3Q1M4bBM8G\", \"created_at\": \"2024-06-11T07:52:46.000000Z\", \"deleted_at\": null, \"updated_at\": \"2024-06-11T07:52:46.000000Z\", \"stripe_user_id\": \"cKMjLpXOwG7SdrcaPKRYJV2p7XLHStlhYDzBsU6WOYrDM610CXFk61co6I4SNg4JmqnBS5hZe2w3XZOoBrVxdd6kqXy0E8qGT1KADBDOOZ8x40dyDi7mvHKl\", \"payment_method_id\": 1}, \"created_at\": \"11-06-2024 07:52\", \"payment_ref\": \"Pgr632V99b\"}','[{\"id\": \"9c427485-78bd-46d7-94df-0168fb9cb89f\", \"sku\": \"M-S003\", \"name\": \"Casual Checkered Shirt - (Size) S\", \"type\": \"product_variant\", \"urls\": null, \"image\": \"/9j/4AAQSkZJRgABAQEAYABgAAD//gA7Q1JFQVRPUjogZ2QtanBlZyB2MS4wICh1c2luZyBJSkcgSlBFRyB2ODApLCBxdWFsaXR5ID0gODAK/9sAQwAGBAUGBQQGBgUGBwcGCAoQCgoJCQoUDg8MEBcUGBgXFBYWGh0lHxobIxwWFiAsICMmJykqKRkfLTAtKDAlKCko/9sAQwEHBwcKCAoTCgoTKBoWGigoKCgoKCgoKCgoKCgoKCgoKCgoKCgoKCgoKCgoKCgoKCgoKCgoKCgoKCgoKCgoKCgo/8AAEQgAMgAyAwEiAAIRAQMRAf/EAB8AAAEFAQEBAQEBAAAAAAAAAAABAgMEBQYHCAkKC//EALUQAAIBAwMCBAMFBQQEAAABfQECAwAEEQUSITFBBhNRYQcicRQygZGhCCNCscEVUtHwJDNicoIJChYXGBkaJSYnKCkqNDU2Nzg5OkNERUZHSElKU1RVVldYWVpjZGVmZ2hpanN0dXZ3eHl6g4SFhoeIiYqSk5SVlpeYmZqio6Slpqeoqaqys7S1tre4ubrCw8TFxsfIycrS09TV1tfY2drh4uPk5ebn6Onq8fLz9PX29/j5+v/EAB8BAAMBAQEBAQEBAQEAAAAAAAABAgMEBQYHCAkKC//EALURAAIBAgQEAwQHBQQEAAECdwABAgMRBAUhMQYSQVEHYXETIjKBCBRCkaGxwQkjM1LwFWJy0QoWJDThJfEXGBkaJicoKSo1Njc4OTpDREVGR0hJSlNUVVZXWFlaY2RlZmdoaWpzdHV2d3h5eoKDhIWGh4iJipKTlJWWl5iZmqKjpKWmp6ipqrKztLW2t7i5usLDxMXGx8jJytLT1NXW19jZ2uLj5OXm5+jp6vLz9PX29/j5+v/aAAwDAQACEQMRAD8A+qaztX1rT9IQNf3CxkjIUAliPoK0a8O8Ya2s/iO6JBIdmiUFeyg47+w/OqiribI/i94qm8Q6GsOhm4t4oJS+8MQZWGV2so/h59TXHfCjV9V8P6qNV1LzWjdBH9n8w7GViOenX8O3vXTWs7tpblYHI85vu8fx/SqKytDpVkqQybAEGd+f41z2rbkV7GSqSaPbtJ8X6PqU6W8dx5VyxwI5RtJPoD0NdBXzpc3cUt9MjcSQDzBwRg9jkfjXu/hfUhq/h+xvs5aWMb/98cN+oNZSjY0jK6/rsjUoooqBlW/nePTJ5oUZ5REWRFGSTjgV4Ffx3F5qRhRD5sAMhzzgDBPPbhD+dfQkH+pj/wB0fyrL8URR/wBhajLsQTC2cK5Az06Z+tXCViZq+qPDrWe6a0uVEbhN4Iz/AMAJ9O5qtNLdNFpyvEQGIGBz0wR/Krlr9qazuT5akmTjk9Ny/wC1VeRbyOxs22KxGDktz1Xjr+Fb/wDAMrrW3n+SGW8Uv9tvcTRNtuEaMA88ptJx+Egr1/4WyyN4elhljaMwzsqgrt+UgHj8d1VPhP5dxo10ZokM0V02CygkAqoyPrt/Su8rCUr6GsY2MyYt5z8n7xopZv8AWv8A7xopFl+H/Ux/7orE8drI/hS+WIkMdnT03rn9M1uQ/wCqT/dFZPi6Ce58OXsVoheZlGFHU/MCf0zSW4nseJ2aXIs7n7pw6/8AstVZlnTT7MJGq5YHbgD+Jefx61et7adLG4DSxKRJjBQcYKiqxtpv7Ns2eeHAAOQgHAKmun/gHOn+v5I7j4SyyQa7rFpLwssaTKM9CCQR/wCPfrXqNeYfDrS71PFU1+ysbI2zASYwrMWXAB78A16fWE9zan8KM2b/AFr/AO8aKJR+9f8A3jRSLGRSP5SfO33R3p/mP/fb86KKQGRr0EL2ckjRRtISMsVBP51yvhKGKTVSjxIyKXwpUEDnsKKK2Xwv5Gf2vv8AyPQBI4AAdgB70vmP/fb86KKyNDOlkfzX+dup70UUVQH/2Q==\", \"amount\": 7, \"full_price\": \"174.93\", \"product_id\": \"9c4273fa-a9f5-46b3-a8b7-77e8f834ce68\", \"unit_price\": \"24.99\", \"final_price\": \"174.93\", \"unit_discount\": \"0.00\", \"total_discount\": \"0.00\", \"product_variant_id\": \"9c42747c-b0dd-4e07-ac3e-0df530b1136d\", \"original_unit_price\": \"24.99\"}, {\"id\": \"9c427485-70bb-475d-b4d0-c989644fc34a\", \"sku\": \"W-S003\", \"name\": \"Floral Midi Skirt - (Size) XS\", \"type\": \"product_variant\", \"urls\": null, \"image\": \"/9j/4AAQSkZJRgABAQEAYABgAAD//gA7Q1JFQVRPUjogZ2QtanBlZyB2MS4wICh1c2luZyBJSkcgSlBFRyB2ODApLCBxdWFsaXR5ID0gODAK/9sAQwAGBAUGBQQGBgUGBwcGCAoQCgoJCQoUDg8MEBcUGBgXFBYWGh0lHxobIxwWFiAsICMmJykqKRkfLTAtKDAlKCko/9sAQwEHBwcKCAoTCgoTKBoWGigoKCgoKCgoKCgoKCgoKCgoKCgoKCgoKCgoKCgoKCgoKCgoKCgoKCgoKCgoKCgoKCgo/8AAEQgAMgAyAwEiAAIRAQMRAf/EAB8AAAEFAQEBAQEBAAAAAAAAAAABAgMEBQYHCAkKC//EALUQAAIBAwMCBAMFBQQEAAABfQECAwAEEQUSITFBBhNRYQcicRQygZGhCCNCscEVUtHwJDNicoIJChYXGBkaJSYnKCkqNDU2Nzg5OkNERUZHSElKU1RVVldYWVpjZGVmZ2hpanN0dXZ3eHl6g4SFhoeIiYqSk5SVlpeYmZqio6Slpqeoqaqys7S1tre4ubrCw8TFxsfIycrS09TV1tfY2drh4uPk5ebn6Onq8fLz9PX29/j5+v/EAB8BAAMBAQEBAQEBAQEAAAAAAAABAgMEBQYHCAkKC//EALURAAIBAgQEAwQHBQQEAAECdwABAgMRBAUhMQYSQVEHYXETIjKBCBRCkaGxwQkjM1LwFWJy0QoWJDThJfEXGBkaJicoKSo1Njc4OTpDREVGR0hJSlNUVVZXWFlaY2RlZmdoaWpzdHV2d3h5eoKDhIWGh4iJipKTlJWWl5iZmqKjpKWmp6ipqrKztLW2t7i5usLDxMXGx8jJytLT1NXW19jZ2uLj5OXm5+jp6vLz9PX29/j5+v/aAAwDAQACEQMRAD8A+qayfFuq/wBheFtX1UAM1nayzqp6MyqSB+JwK1q89+O0oHw+mtWSR1vLmCFhG207Q4c/N24QjPvSbsrsaV3Y8RPxM8XCCaddemnjjkW2WVIkCIG37pJlKgq6jBx90YGalX4keK2Eso8RHY0kdqJ08t4IUIAMzjblWzg4Py/MRxxXERWV3BrP9k6rDLFqKRzSySROCxRmV98h6SDGV2/7OeaS2Y6rewWmoNNYahOlxLctHCo+VpY5VllQcMCCBjjG3Paua73v/wAN3N7dLf12Pqb4MeKLvxV4TlutSkjku4rqSNmjYMNpwyjIA6BscgHiu9rw79nvWo7zXdetvtEclzLEk0qpEI8lXYCTA4O9ZE544VR2r3GuiN7amEt9AoooqhBXjH7U90yeBLKxRZSbu8wSgJACxu3zAfw5wD6Zz2r2evD/ANqJ7WDTfDVzqF5JbWsN25byvvsSoUbR3xncR6CplsOO54hZxrN5aWrf2OLq3hkQXVwSbvyxjbE56B/NI2njHbtUEshitbm3lnNjPmTcLmQ5kjjwGhhlHUEYTb7e2KfYKqme2t5UudHtQ8KTsQWvmGySO3AIDL0IGMZ447VW0COYx2EU0kK6ZZBxdXkiKYolk2SCEqT8v7wMpxjOccYrl6tv+v8Ag+R0eSPcvga8Vl4yu4jZ/wBnnUIWmtrb5XURBYjlXA45IyvTPr1r3qvmX4ATy3Xji2+zaNBYWcEU2SXAlCuoZVKn5iOQc9+O+a+mq3pK0bGNTV3CiiitSAr59/az1JtOi8MskkIYreMscsHm72AiHA7EBicnj65r6Crwr9pewur2+8LtY6Wb+ZGmU4x8sbbPMHI2jKgjJ6EioqNKLuXBXkjxm+lZ5Uur5Z724K/bY7+ytwirNuXblTjeFAPTPUjHeqULQyWQW6tBqNhePNO7W8ggm8uNWA80cAEt82Ovy9O1NtlazmsmuXuo7qXzrXTLdo8JaOzgK28H51AGD1PTg961nFHFpRe/3rpWlyrMti8ZJnd1AbEnPB5Yeue3WuVK39f11+Ru9f6/r/M9V+C+o3T+PPDSXA82S6jlNxNPbiF0kW3I8tP7wGD27E/T6er5b+EGnahJ8RPDurak2oTSO8kkSI2+CGN7ZgN3fcFIBboSeuev1JW9C3LoZVb82oUUUVsZBTZY0ljaOVFdGGGVhkEehFFFDApJoulI0LJplirQf6oiBAY+c/LxxzzxU0VhZxTyzxWluk0rbpJFjAZzjGSccnAAoorMtksEENuhS3ijiQnJVFCjPrxUlFFaEBRRRQB//9k=\", \"amount\": 2, \"full_price\": \"45.98\", \"product_id\": \"9c427418-4736-4bac-99cc-ada2a171a3ae\", \"unit_price\": \"22.99\", \"final_price\": \"45.98\", \"unit_discount\": \"0.00\", \"total_discount\": \"0.00\", \"product_variant_id\": \"9c42747d-729f-485c-9066-2f37bb38424b\", \"original_unit_price\": \"22.99\"}, {\"id\": \"9c427485-6d42-4951-8c4c-fd33235ef61b\", \"sku\": \"W-TR001\", \"name\": \"Classic Dress Trousers - (Size) XL\", \"type\": \"product_variant\", \"urls\": null, \"image\": \"/9j/4AAQSkZJRgABAQEAYABgAAD//gA7Q1JFQVRPUjogZ2QtanBlZyB2MS4wICh1c2luZyBJSkcgSlBFRyB2ODApLCBxdWFsaXR5ID0gODAK/9sAQwAGBAUGBQQGBgUGBwcGCAoQCgoJCQoUDg8MEBcUGBgXFBYWGh0lHxobIxwWFiAsICMmJykqKRkfLTAtKDAlKCko/9sAQwEHBwcKCAoTCgoTKBoWGigoKCgoKCgoKCgoKCgoKCgoKCgoKCgoKCgoKCgoKCgoKCgoKCgoKCgoKCgoKCgoKCgo/8AAEQgAMgAyAwEiAAIRAQMRAf/EAB8AAAEFAQEBAQEBAAAAAAAAAAABAgMEBQYHCAkKC//EALUQAAIBAwMCBAMFBQQEAAABfQECAwAEEQUSITFBBhNRYQcicRQygZGhCCNCscEVUtHwJDNicoIJChYXGBkaJSYnKCkqNDU2Nzg5OkNERUZHSElKU1RVVldYWVpjZGVmZ2hpanN0dXZ3eHl6g4SFhoeIiYqSk5SVlpeYmZqio6Slpqeoqaqys7S1tre4ubrCw8TFxsfIycrS09TV1tfY2drh4uPk5ebn6Onq8fLz9PX29/j5+v/EAB8BAAMBAQEBAQEBAQEAAAAAAAABAgMEBQYHCAkKC//EALURAAIBAgQEAwQHBQQEAAECdwABAgMRBAUhMQYSQVEHYXETIjKBCBRCkaGxwQkjM1LwFWJy0QoWJDThJfEXGBkaJicoKSo1Njc4OTpDREVGR0hJSlNUVVZXWFlaY2RlZmdoaWpzdHV2d3h5eoKDhIWGh4iJipKTlJWWl5iZmqKjpKWmp6ipqrKztLW2t7i5usLDxMXGx8jJytLT1NXW19jZ2uLj5OXm5+jp6vLz9PX29/j5+v/aAAwDAQACEQMRAD8A7yGOrZUiNivUDIpkK1YkU+RJjOdpxjr0qgPlXw54JvfEujC6tYpWmmuDI0gXdwq8dSPvMzd/4a7jRvgpq2oQzB5XRgdhRkjXPH97zD7dj1r0n4U6RZ213dabptzcJbW8CIqE7grEbmPPqWP4YrqNNk1CLVNT01Z4Umgfh87i5KKRwR8o6dz3+tQ8RNN8rsmdKwsLWmrtepzXhb+0n8OWa65az2upRKYp0mTaSykruHYg4zkcc1ZuE4rbuoHhPlSvvdOCdxPPU8nnrmsu4Wne+pzySi7Io7T6UVPtooEbUNXIhVCFxV2JxVMDP8OWtvpfjR4rVDHFPbB9u4kBtzZwD0HTgcVn2jNH8TNbYHh/LfGf9gD+lP1iSS08SWl7AzF/IZNpPykZ/wDrj8qpWVyz/EHUYwwO+CN246EKB/7MKwlud1O/Ld9jpbnLszHqTms64WtKUiqFxg1qcJV2e1FTgCigCeKBverkUDe9XRo98p+Xy2/GrUFlfxn5rZHHtIKsRzmu26wxQ3MzBVjJXLHA+Yf4gVznhW1e88X3moQjfbXUW6KVehUEDH1+WtL412viO48L2lp4d068N3Jdxsz2/wA+FUE4OOnzBeTxVL4D6hd3Oqaro+p6VLaPaKJId8bKUGcFWzxn5hjHoazcbu50wqWg0/M7RtMkPrUEmjO3Y1362a/3akFip/hFWcx5z/YsnoaK9G+wL/doo0AorUsdFFAEh6VNB1oooGWUqVaKKTAdRRRSA//Z\", \"amount\": 4, \"full_price\": \"119.96\", \"product_id\": \"9c42741f-c8c5-4197-b78a-2aec13df1767\", \"unit_price\": \"29.99\", \"final_price\": \"119.96\", \"unit_discount\": \"0.00\", \"total_discount\": \"0.00\", \"product_variant_id\": \"9c42747d-b54a-4160-9bc2-201190bcdbfa\", \"original_unit_price\": \"29.99\"}, {\"id\": \"9c427485-80dc-4b0c-a997-85fa7bb1204d\", \"sku\": \"W-TR003\", \"name\": \"Sporty Track Pants - (Size) XS\", \"type\": \"product_variant\", \"urls\": null, \"image\": \"/9j/4AAQSkZJRgABAQEAYABgAAD//gA7Q1JFQVRPUjogZ2QtanBlZyB2MS4wICh1c2luZyBJSkcgSlBFRyB2ODApLCBxdWFsaXR5ID0gODAK/9sAQwAGBAUGBQQGBgUGBwcGCAoQCgoJCQoUDg8MEBcUGBgXFBYWGh0lHxobIxwWFiAsICMmJykqKRkfLTAtKDAlKCko/9sAQwEHBwcKCAoTCgoTKBoWGigoKCgoKCgoKCgoKCgoKCgoKCgoKCgoKCgoKCgoKCgoKCgoKCgoKCgoKCgoKCgoKCgo/8AAEQgAMgAyAwEiAAIRAQMRAf/EAB8AAAEFAQEBAQEBAAAAAAAAAAABAgMEBQYHCAkKC//EALUQAAIBAwMCBAMFBQQEAAABfQECAwAEEQUSITFBBhNRYQcicRQygZGhCCNCscEVUtHwJDNicoIJChYXGBkaJSYnKCkqNDU2Nzg5OkNERUZHSElKU1RVVldYWVpjZGVmZ2hpanN0dXZ3eHl6g4SFhoeIiYqSk5SVlpeYmZqio6Slpqeoqaqys7S1tre4ubrCw8TFxsfIycrS09TV1tfY2drh4uPk5ebn6Onq8fLz9PX29/j5+v/EAB8BAAMBAQEBAQEBAQEAAAAAAAABAgMEBQYHCAkKC//EALURAAIBAgQEAwQHBQQEAAECdwABAgMRBAUhMQYSQVEHYXETIjKBCBRCkaGxwQkjM1LwFWJy0QoWJDThJfEXGBkaJicoKSo1Njc4OTpDREVGR0hJSlNUVVZXWFlaY2RlZmdoaWpzdHV2d3h5eoKDhIWGh4iJipKTlJWWl5iZmqKjpKWmp6ipqrKztLW2t7i5usLDxMXGx8jJytLT1NXW19jZ2uLj5OXm5+jp6vLz9PX29/j5+v/aAAwDAQACEQMRAD8A3LGDpxW1bwDHSqlgnA4rat06cUizlPEtzqem+INDms7R7mzecRSRohYsWDKex5AYEe4HrmptD8Pavpeu6/LqFmq2k0iSrcCVdiqqBQuMDknJ6D6V6f4UuVjultNis0yyMob1G3/GqPxVlmj0F4LURBj+9baTkhCGIx3GAaxUHzOSZ0e0XKqbRyssAqpND7VpxHzbWGTBBZASD24qCRc1rcx20M7yKKu+WPSimA2wHArYtx0rIsegrYg7UEmT4p8Wy+GjbtaTRQzorMTIoIKsQO/+7Xn178UdZ1bUbeS8uLFrGKTbKY4sZj3YIHJ5Irf+Ltup06CbaNxV0JP5/wCNeNeB41vdU0LT5EAAv1LqBjK7t38jXXThD2e3czcnzH0uoYQJ5nDkZb6nrVaXrV246VQlPNca0Nr31EyKKi3e1FMQ2xkQAc1sQSJxzV230UKB8lX49KAH3adibnnfxXUP4SeWPG6KQN+BBH8yK8T+GDNN4/0RigGckn3VG/8Aia+i/ibpLSeB9U8pMvGiy49QrAn9Aa8K+DWnlvHNrPMypBaQSsXdgvJG3GDzn5q6YNKk7kPV6HvM8ikVnzyDnFX7ma15CSq3+7zWfJ8+RGrn8K5bGiZB5g9aKd9nn/55t+VFFh3PVUAx0FSY4ooqzMyvFChvD+phgCDaygg9/kNfOvgy2gHxUnUQxbfso42DH36KKr7I49T6Gs7S2SJdtvCvHZAKmMUY6RoPwFFFQIi2L/dX8qKKKAP/2Q==\", \"amount\": 5, \"full_price\": \"114.95\", \"product_id\": \"9c427423-8dc7-4a04-8a33-d838f1989a0d\", \"unit_price\": \"22.99\", \"final_price\": \"114.95\", \"unit_discount\": \"0.00\", \"total_discount\": \"0.00\", \"product_variant_id\": \"9c42747d-b8fa-448b-875d-840d2d0d35e4\", \"original_unit_price\": \"22.99\"}, {\"id\": \"9c427485-735c-4958-8555-36c59bab3503\", \"sku\": \"W-SN002\", \"name\": \"Sporty Running Sneakers - (Size) 9, (Colour) Bright Green\", \"type\": \"product_variant\", \"urls\": null, \"image\": \"/9j/4AAQSkZJRgABAQEAYABgAAD//gA7Q1JFQVRPUjogZ2QtanBlZyB2MS4wICh1c2luZyBJSkcgSlBFRyB2ODApLCBxdWFsaXR5ID0gODAK/9sAQwAGBAUGBQQGBgUGBwcGCAoQCgoJCQoUDg8MEBcUGBgXFBYWGh0lHxobIxwWFiAsICMmJykqKRkfLTAtKDAlKCko/9sAQwEHBwcKCAoTCgoTKBoWGigoKCgoKCgoKCgoKCgoKCgoKCgoKCgoKCgoKCgoKCgoKCgoKCgoKCgoKCgoKCgoKCgo/8AAEQgAMgAyAwEiAAIRAQMRAf/EAB8AAAEFAQEBAQEBAAAAAAAAAAABAgMEBQYHCAkKC//EALUQAAIBAwMCBAMFBQQEAAABfQECAwAEEQUSITFBBhNRYQcicRQygZGhCCNCscEVUtHwJDNicoIJChYXGBkaJSYnKCkqNDU2Nzg5OkNERUZHSElKU1RVVldYWVpjZGVmZ2hpanN0dXZ3eHl6g4SFhoeIiYqSk5SVlpeYmZqio6Slpqeoqaqys7S1tre4ubrCw8TFxsfIycrS09TV1tfY2drh4uPk5ebn6Onq8fLz9PX29/j5+v/EAB8BAAMBAQEBAQEBAQEAAAAAAAABAgMEBQYHCAkKC//EALURAAIBAgQEAwQHBQQEAAECdwABAgMRBAUhMQYSQVEHYXETIjKBCBRCkaGxwQkjM1LwFWJy0QoWJDThJfEXGBkaJicoKSo1Njc4OTpDREVGR0hJSlNUVVZXWFlaY2RlZmdoaWpzdHV2d3h5eoKDhIWGh4iJipKTlJWWl5iZmqKjpKWmp6ipqrKztLW2t7i5usLDxMXGx8jJytLT1NXW19jZ2uLj5OXm5+jp6vLz9PX29/j5+v/aAAwDAQACEQMRAD8AzbSJV4hiye7Ma0YLRdwdHAfvSRnzB7U+7Y2Gn3F4cBYY2kyemQOAfqcD8a8tJyaiup7cmoRcn0MHxNJYXlrNamWZ5g6xKY49ymQsFC5yOcn3r2GIW/h7wzbq5EccEIHPGMCvnPXPG7fa9O0/T5Vi03TfJmhGwHfcBVMjv/eO/djOeOPet/XPGep+LbGH7QkcEIHKw5w59ee3tXTisOo2jDZdTkweJc25VN3sjH+IOvzeJdQb5iLVD8i+vvVbwnYxSHawbcPQVLFpplYfLzXceHNEjgiV5I9r+o4zWLajHlRuk5y5mQroNttH7qLp/dFFdJ9ig/uCisuY25UV1sA5DQMEJ6qelcf8UdXNlpZ0kyrvIWScp1ORlU/I7j/wH0ru9OdM4dWTPQueDXlnj/wlrWo+JJ5bWGedZWG0bDtC4AyGHHbkHB9j1rqwjipuUumxx41ScFGPV6nm+hWFxq96LW3Xofmb+6K9m0jw/cx2kUaxgBFCgtyeBTvDng+LwnYfadQuImunG6THQYGcD2HrXK3Wu+Ib/wAS2tzphuI7BpfKVuiEDG78hXQqUsQ9HaP5s5XWjhlqry3a7I9Et9GS2xLfTRRJ6uwUfrW7YT2k8bLZ3EM4TG4IwO30rxy8ur2fV5Had5ImbBLFmBH1xxXUfDqKWXVbm7j3fZo4zBuHR3JVjj6AD/voVdfL40qbm5aozw2ZyrVVBR0Z6HtHofzoqPy5PQ/nRXkntkNqFGAJTGfpnNa0UcZQbwsmO5rk7SeULhZlI9CORV+K/uIeh8wUyTlfijqC215FaywObSWMA7W2cgk4z7+nfFYFhd6rrdrFpOlReXZw5AGfljB65Pv19ep9a9GvLm0v1AvLXJXjp+mD1HtzTreaOGIR6fAUA6kpsA/T+VejTx7p0lBLVHlVctVSs6jej3MbQvh9ZxBZNZuJrnuYY28pD7HGW/IiusAsbGJYrSO3toIxtSKIYVR/MnuSeTWduLZaZS/1fAqrc3TqCEghA+ua5amIqVdJM7qWGp0dYIvnUIMn95RWF9quf7sH/fNFYWN7kKn5EPerFqxy3J6UUU2CLkHzDLcn3qVycdaKKQzMu3bzFG449M0rE7aKKYikWOTyfzooopiP/9k=\", \"amount\": 1, \"full_price\": \"27.95\", \"product_id\": \"9c42742d-6062-45d9-bd66-800979f535b1\", \"unit_price\": \"27.95\", \"final_price\": \"27.95\", \"unit_discount\": \"0.00\", \"total_discount\": \"0.00\", \"product_variant_id\": \"9c42747a-63ae-4f1e-a658-c9335a68121c\", \"original_unit_price\": \"27.95\"}, {\"id\": \"9c427485-7e19-4aed-bf47-d31ecb35bb72\", \"sku\": \"W-BO001\", \"name\": \"Classic Ankle Boots - (Size) 8.5, (Colour) Midnight Blue\", \"type\": \"product_variant\", \"urls\": null, \"image\": \"/9j/4AAQSkZJRgABAQEAYABgAAD//gA7Q1JFQVRPUjogZ2QtanBlZyB2MS4wICh1c2luZyBJSkcgSlBFRyB2ODApLCBxdWFsaXR5ID0gODAK/9sAQwAGBAUGBQQGBgUGBwcGCAoQCgoJCQoUDg8MEBcUGBgXFBYWGh0lHxobIxwWFiAsICMmJykqKRkfLTAtKDAlKCko/9sAQwEHBwcKCAoTCgoTKBoWGigoKCgoKCgoKCgoKCgoKCgoKCgoKCgoKCgoKCgoKCgoKCgoKCgoKCgoKCgoKCgoKCgo/8AAEQgAMgAyAwEiAAIRAQMRAf/EAB8AAAEFAQEBAQEBAAAAAAAAAAABAgMEBQYHCAkKC//EALUQAAIBAwMCBAMFBQQEAAABfQECAwAEEQUSITFBBhNRYQcicRQygZGhCCNCscEVUtHwJDNicoIJChYXGBkaJSYnKCkqNDU2Nzg5OkNERUZHSElKU1RVVldYWVpjZGVmZ2hpanN0dXZ3eHl6g4SFhoeIiYqSk5SVlpeYmZqio6Slpqeoqaqys7S1tre4ubrCw8TFxsfIycrS09TV1tfY2drh4uPk5ebn6Onq8fLz9PX29/j5+v/EAB8BAAMBAQEBAQEBAQEAAAAAAAABAgMEBQYHCAkKC//EALURAAIBAgQEAwQHBQQEAAECdwABAgMRBAUhMQYSQVEHYXETIjKBCBRCkaGxwQkjM1LwFWJy0QoWJDThJfEXGBkaJicoKSo1Njc4OTpDREVGR0hJSlNUVVZXWFlaY2RlZmdoaWpzdHV2d3h5eoKDhIWGh4iJipKTlJWWl5iZmqKjpKWmp6ipqrKztLW2t7i5usLDxMXGx8jJytLT1NXW19jZ2uLj5OXm5+jp6vLz9PX29/j5+v/aAAwDAQACEQMRAD8A9Hs7c8VrwWxx0qaytMAZFakUGO1fHKLkfWV8Tdnyn4ztvsXxB8Z2BHEhjuh+Kgk/+RKwPDT4Yc967P4z+XB8Y7lEwGuNOUP9QpP8kFcDoblZWHoa+kpa0437I86i7yZ1+q3eLVgWzxW/8GLcyWWszjo0yJn6An/2auB1e4OwjPavY/gTYZ8CTTEfNNeSNn2Cqv8ASuXHO1Fno0JqnNM1TbcmiugNlyeKK8XmPY+toh1f4oeDdB1aXTdS1cR3cJ2yqkEkgQ+hKqRn27Vi698e/B2nWrNpb3Wq3GPljihaJc/7TOBgfQGvHPjV8N9d0TxFqutpbtd6ReXMlz58ILeTvYsVkHUYz16e/avKa92jg6Timnc+MnVk3qdfqXiS78X/ABFXWNQVYpbqdF8uP7saABQoz7Dn15pNHIa5lC5+8az/AAjas95LeEfJbIce8jAhR/M/hXQ6Rpz2l1KJByDz9a7GklZG2FT1ZV1PJYg19FfAJA3w2gwQSLiUEDtznn8Dn8a+edXxJcFQdq/xH0r079nbX2tfEl3ocjH7NfR+ZCpP3ZEH9VBz/uiuTFQ56bR21NFc9yNuMniitExjNFeL7Ij2zNNrYMhDD5SOc14n8Q/DvwuspJrnUYLV7w5Pk2R2lm99pAH413vx3l1uL4c3i+GrO4u7uZ1jlW3QtIsXJYgDnsB34Jr5B0/xHBZ3Dpqun5lDHPmKVI9sV9EsOo6o82lVi/jdjrtMtItQ1NX0+xSx0yJ90UKjr7k9z71e1k22nWrecp8zn5h/F71lRfEHSYogIoHQ46Dp/Kud1HWL7xfqcOn6NZz3VxMdscMQyWP+Hr0+ta8j2On29OPUytU1QzSkQgLGD949M/411nwPmaT4m6EoLEmYjPT+E1yV74P8VWmoNb33h7VEcZAxauysQf4SBg/hXp3wG8D+JofiTpF7e6Lf2ljbO7yzXEBiUDYwH3gM5JA4qvZxtY5auMnN2WiPqv7OfSitfYvpRXJ9UiR9YZFqPFjNj+4a+UviPY2kt5O8lrA78/M0YJoorqe5NL4WeMrDF9vC+Um3eRjaMV9efs8aZYWuiXFxbWVrDO7bXkjiVWYDoCQMmiirZkevkDPQUY5oopCCiiigR//Z\", \"amount\": 6, \"full_price\": \"167.70\", \"product_id\": \"9c427436-8ecf-42ba-bf14-a29bcdd197a7\", \"unit_price\": \"27.95\", \"final_price\": \"167.70\", \"unit_discount\": \"0.00\", \"total_discount\": \"0.00\", \"product_variant_id\": \"9c427477-a2e6-42e4-9da8-06949bafed70\", \"original_unit_price\": \"27.95\"}, {\"id\": \"9c427485-7620-4919-abe4-74f7ca47ac83\", \"sku\": \"W-BO003\", \"name\": \"Fashion Knee-High Boots - (Size) 10\", \"type\": \"product_variant\", \"urls\": null, \"image\": \"/9j/4AAQSkZJRgABAQEAYABgAAD//gA7Q1JFQVRPUjogZ2QtanBlZyB2MS4wICh1c2luZyBJSkcgSlBFRyB2ODApLCBxdWFsaXR5ID0gODAK/9sAQwAGBAUGBQQGBgUGBwcGCAoQCgoJCQoUDg8MEBcUGBgXFBYWGh0lHxobIxwWFiAsICMmJykqKRkfLTAtKDAlKCko/9sAQwEHBwcKCAoTCgoTKBoWGigoKCgoKCgoKCgoKCgoKCgoKCgoKCgoKCgoKCgoKCgoKCgoKCgoKCgoKCgoKCgoKCgo/8AAEQgAMgAyAwEiAAIRAQMRAf/EAB8AAAEFAQEBAQEBAAAAAAAAAAABAgMEBQYHCAkKC//EALUQAAIBAwMCBAMFBQQEAAABfQECAwAEEQUSITFBBhNRYQcicRQygZGhCCNCscEVUtHwJDNicoIJChYXGBkaJSYnKCkqNDU2Nzg5OkNERUZHSElKU1RVVldYWVpjZGVmZ2hpanN0dXZ3eHl6g4SFhoeIiYqSk5SVlpeYmZqio6Slpqeoqaqys7S1tre4ubrCw8TFxsfIycrS09TV1tfY2drh4uPk5ebn6Onq8fLz9PX29/j5+v/EAB8BAAMBAQEBAQEBAQEAAAAAAAABAgMEBQYHCAkKC//EALURAAIBAgQEAwQHBQQEAAECdwABAgMRBAUhMQYSQVEHYXETIjKBCBRCkaGxwQkjM1LwFWJy0QoWJDThJfEXGBkaJicoKSo1Njc4OTpDREVGR0hJSlNUVVZXWFlaY2RlZmdoaWpzdHV2d3h5eoKDhIWGh4iJipKTlJWWl5iZmqKjpKWmp6ipqrKztLW2t7i5usLDxMXGx8jJytLT1NXW19jZ2uLj5OXm5+jp6vLz9PX29/j5+v/aAAwDAQACEQMRAD8A+qaCQoJPAHJoqC+z9huNuc+W2MfSgD518a/GnxNpWuQW9imniGQbirQkkc+u6vZPh/4jvfEFvcG/jgR4ljYGEEA7t3Yk/wB2vkn4gHd4otz1Hlhv1FfUPweUfYLx/VYl/Rj/AFrKLbZ6FelCNK6Wp6FRRRWp54UUUUAFBGRg9KKKAPiD4lwm28YRwYwYgYiPcPg/yr6e+DHOg3jdxMqflGh/9mr52+N0Qg+JU4X+KeRvxLk/1r6J+DB26FfRk/P9oVz9DEg/9lNZR+I9Ku70bnoNFFFanmhRRRQAUUUUAfFHxB1SLXPEV1eo2JjIz4I+6Sc4r2j4L+JY0e3WZgI71Ehdiekg+7+ZJH1YVxnw0+H2meJfGfxE0vV1kH2a6xbTRuQ0LeZICR2PQcHisO+03U/hl4hm0rWFaewmO6GaMELIv95fQ+o6g/gTlZp3PSU4VI+zPr6ivE/DHxVvpWhtoom1pRgYgtpGnx7lQQT74Hv617YOlaJ3OCdNwdmFFFFMgKKKKAAAAkgDJpskaSgCRFcDkBhmiigBVUKMKAB6CloooAKKKKAP/9k=\", \"amount\": 6, \"full_price\": \"179.94\", \"product_id\": \"9c42743a-34af-4ae7-9298-273fbd731492\", \"unit_price\": \"29.99\", \"final_price\": \"179.94\", \"unit_discount\": \"0.00\", \"total_discount\": \"0.00\", \"product_variant_id\": \"9c42747e-6141-4f8d-8c35-9734482ad77b\", \"original_unit_price\": \"29.99\"}, {\"id\": \"9c427485-8892-4ba8-86f5-57fb46306b5e\", \"sku\": \"M-LO001\", \"name\": \"Classic Leather Loafers - (Size) 10, (Colour) Dark Gray\", \"type\": \"product_variant\", \"urls\": null, \"image\": \"/9j/4AAQSkZJRgABAQEAYABgAAD//gA7Q1JFQVRPUjogZ2QtanBlZyB2MS4wICh1c2luZyBJSkcgSlBFRyB2ODApLCBxdWFsaXR5ID0gODAK/9sAQwAGBAUGBQQGBgUGBwcGCAoQCgoJCQoUDg8MEBcUGBgXFBYWGh0lHxobIxwWFiAsICMmJykqKRkfLTAtKDAlKCko/9sAQwEHBwcKCAoTCgoTKBoWGigoKCgoKCgoKCgoKCgoKCgoKCgoKCgoKCgoKCgoKCgoKCgoKCgoKCgoKCgoKCgoKCgo/8AAEQgAMgAyAwEiAAIRAQMRAf/EAB8AAAEFAQEBAQEBAAAAAAAAAAABAgMEBQYHCAkKC//EALUQAAIBAwMCBAMFBQQEAAABfQECAwAEEQUSITFBBhNRYQcicRQygZGhCCNCscEVUtHwJDNicoIJChYXGBkaJSYnKCkqNDU2Nzg5OkNERUZHSElKU1RVVldYWVpjZGVmZ2hpanN0dXZ3eHl6g4SFhoeIiYqSk5SVlpeYmZqio6Slpqeoqaqys7S1tre4ubrCw8TFxsfIycrS09TV1tfY2drh4uPk5ebn6Onq8fLz9PX29/j5+v/EAB8BAAMBAQEBAQEBAQEAAAAAAAABAgMEBQYHCAkKC//EALURAAIBAgQEAwQHBQQEAAECdwABAgMRBAUhMQYSQVEHYXETIjKBCBRCkaGxwQkjM1LwFWJy0QoWJDThJfEXGBkaJicoKSo1Njc4OTpDREVGR0hJSlNUVVZXWFlaY2RlZmdoaWpzdHV2d3h5eoKDhIWGh4iJipKTlJWWl5iZmqKjpKWmp6ipqrKztLW2t7i5usLDxMXGx8jJytLT1NXW19jZ2uLj5OXm5+jp6vLz9PX29/j5+v/aAAwDAQACEQMRAD8A1YTaqOY8H6f/AF6laazx0wR7GogXIztcfVRTXV2zw3/fsVwKJ6N0R3F1Bn5WYfRBWdcXkSqTlz+Ap+sTJp1hLd3W9IYxydgzknAH51wi+MLeeYLcxvbo/CSZDJ9GOODWkYXVyHPWx0Nxfxk/xflWfLfRnOVJ/AVKbO4uEDxDcjDIZcEEfWq82l3QBOCPriq5ULmIftUX90/kKKj/ALPuPainyi5j1CaYW0Ek1zNFHDGNzMxwAK4Bvi3ptvqLW11YXUUYOFlG1gR2bHHH50vj/XUu/DVxAiyA70ZiRwQGHv8ASvKHjgukVJvmUfdIPK/T29qqnSUldkTqNOx7H4l1GPxd4auINGmt7j7sgMRO9cHPzIQGA/CvI7HVNX8MawtwI2jkU4YModHHQgg8EH3re8AP/Y/iWC4jiimCqRl+cZGOB617Gtvo3iGPydUhhWUjiRhjP/Ah/WtI05xjdLQiUot76nPeC9U0XV5TLZ20entNHmS1hY7BJn5nRScAYA+UdOa6d9GeUExSxsK5+X4W3ul3bXHhvUrXymO77LdhtoPqrKMg/hXQeHNH1wXobWUt4UiztMc+8Pxj0B/Oi9KUNNGg/eKWuqK58PTZ++v50V2f9nr/AH0/M0VzcxtY8z1TwxNNGwRAyn+HFed634NntXaWCKSI9cAfKa9y+1N1Ea474NNllSTho0I9KUakkXKmnufNsV01hcj7UktvMp4ccA/0NddpXjQRRhZjFKP7wbafy5r1O60vSrtCtxp8D56kgVkTeBvDMxy+kR/8BYj+tdUMU0c8sPfqXPh14vl1DVEs4nD2u0kox3FeO3oK9N8yKQDeq1wXh/TdO8PRMmk2UdsrHLYOSfqSc1pvq7L1/pWNSftJXSsaQjyKzZ1gWDH8P60Vx51lv8kUVnZllVQNx4qF/wDWGiis0asZk5PJqNZH80je2PrRRVIhjZJH/vt+dRmRznLsfxooq0QyLcfU0UUUxn//2Q==\", \"amount\": 3, \"full_price\": \"89.97\", \"product_id\": \"9c427441-6d77-4a9b-b668-7906aca48814\", \"unit_price\": \"29.99\", \"final_price\": \"89.97\", \"unit_discount\": \"0.00\", \"total_discount\": \"0.00\", \"product_variant_id\": \"9c42747b-20ed-401d-91da-d94898a514db\", \"original_unit_price\": \"29.99\"}, {\"id\": \"9c427485-8399-4c5b-aea6-7edd337a5830\", \"sku\": \"M-BO001\", \"name\": \"Classic Leather Boots - (Size) 9\", \"type\": \"product_variant\", \"urls\": null, \"image\": \"/9j/4AAQSkZJRgABAQEAYABgAAD//gA7Q1JFQVRPUjogZ2QtanBlZyB2MS4wICh1c2luZyBJSkcgSlBFRyB2ODApLCBxdWFsaXR5ID0gODAK/9sAQwAGBAUGBQQGBgUGBwcGCAoQCgoJCQoUDg8MEBcUGBgXFBYWGh0lHxobIxwWFiAsICMmJykqKRkfLTAtKDAlKCko/9sAQwEHBwcKCAoTCgoTKBoWGigoKCgoKCgoKCgoKCgoKCgoKCgoKCgoKCgoKCgoKCgoKCgoKCgoKCgoKCgoKCgoKCgo/8AAEQgAMgAyAwEiAAIRAQMRAf/EAB8AAAEFAQEBAQEBAAAAAAAAAAABAgMEBQYHCAkKC//EALUQAAIBAwMCBAMFBQQEAAABfQECAwAEEQUSITFBBhNRYQcicRQygZGhCCNCscEVUtHwJDNicoIJChYXGBkaJSYnKCkqNDU2Nzg5OkNERUZHSElKU1RVVldYWVpjZGVmZ2hpanN0dXZ3eHl6g4SFhoeIiYqSk5SVlpeYmZqio6Slpqeoqaqys7S1tre4ubrCw8TFxsfIycrS09TV1tfY2drh4uPk5ebn6Onq8fLz9PX29/j5+v/EAB8BAAMBAQEBAQEBAQEAAAAAAAABAgMEBQYHCAkKC//EALURAAIBAgQEAwQHBQQEAAECdwABAgMRBAUhMQYSQVEHYXETIjKBCBRCkaGxwQkjM1LwFWJy0QoWJDThJfEXGBkaJicoKSo1Njc4OTpDREVGR0hJSlNUVVZXWFlaY2RlZmdoaWpzdHV2d3h5eoKDhIWGh4iJipKTlJWWl5iZmqKjpKWmp6ipqrKztLW2t7i5usLDxMXGx8jJytLT1NXW19jZ2uLj5OXm5+jp6vLz9PX29/j5+v/aAAwDAQACEQMRAD8A8NstGe7dRGuyQjKlGJBrovD/AIamMxj1GEDb0OOeteo6XoVvGiBYxnoCB0rpoh4Z0wQRa1eFr6SNpxAijIRQTyT9DWDqnSqaONsPDgQ+RNZrJA6/eI6HHrVXUdBtQ/lMpjWEblHXdV+++JSaTrs9re6TE9hFIU/cyMH2Z4YE8E4wegqTxPr3hHTGtrrV9YuPJu4Eure3tbZmllibOCS2FXoR1OCDWak3qjSdJw3R5jqkZDyMyjk/eH1rFd/lbaDnOa7nUfiF4QkCpZ+EpbiyKjLT37JKG7/dGPT9au+GtF8OePI7248M2t3ZXVgqyTWMsgl3oc5ZGwCcEcgjv17VrGdtzB0pLU4FPMKKdvUf3aK9XXwY20Yhlxj+7/8AWoqvaIOQ6/QNKgnQx3VzNHIp3CSAeUT/AENcF+0JZRaRp+j6gG86RpXtnDMAzxMuSBj0x17Z969E0G+06ecLZ3UsUmcGKdHQg/RgK8q/ahmbf4djadHQLOdg4IP7vn9P51lHcq7uVvhlJo3iTW7R9bdZikXkFZ14mZeFLe5TGPdW9K1v2ifCtvp3gnR5rG3l8vTZzBC65YLbyAttZjk/K4AGezeua8R8P6gtneRucgqwIPoa+ovAvjiz1TRxY649vNE67GEnIYHswNZSl7OZ3um61PmTufJdpOqnZKfk6jIyAf8ACvoP4PeJ/BWkzWV3Ar6dq6w+TMyf6ucYGQcj1wexyPSk8Z/Bjw9qMk154X1q205my32eaQNFn0B6r+v0r5/vYrjStQntJmQywSGNijZUkHGQe4rbSqtDm/hO09UfcI1/w8wDLe4B5AEg4/SiviYavdgACWT8zRUezn3L/wBnPphdfu0t7eWCQS7iQMEOvB4xjO3/AIFj2HavMfiuPFPjHVLCOW0s7mS2DRwmwBy4OM7icZ+6OeB1q/pmuxW7O11GLvPygSYIVfQAgj866vSPiBbWUii1sY7dOmIiF/UDOPbNbKMo7HLKcGjyWT4UeL7ZYmawjeRxuMSTKWX2Pao7zw54n0mPF9o+rwIOrrbM4/MHFfQNv44W6O6MQAnse1RXOrai0xk0zUI7FGGGQQCUN7/MSB+Ap8k5bolVVD4ZNHzjZXMJukTyLy5nJAAf5R9Co5P/AH0K948MeCPBM1ja/wBuaffXl/OqtseEQrFxnAUNk/7zEk4HNa9jIrS+beJp09wRhpRZiNiPqp4NX5XjBBhZkwcjDGhwn0QvaQesmZ5+GvgdiSnh2HaeRmabOPwNFaS3R2jc5J7naOf0oqPZ1R89I+byTnqanhY7upooroMTUgZsL8x/Out8OSO0DhnYgdMmiinDcmWxtW7NnqfzrSRjs6n86KK0IJwTgc0UUUgP/9k=\", \"amount\": 5, \"full_price\": \"139.95\", \"product_id\": \"9c42744c-b4d2-4b9f-a7fc-b0e19bbd9207\", \"unit_price\": \"27.99\", \"final_price\": \"139.95\", \"unit_discount\": \"0.00\", \"total_discount\": \"0.00\", \"product_variant_id\": \"9c42747e-f3fd-4594-a1d3-7e04a078829d\", \"original_unit_price\": \"27.99\"}, {\"id\": \"9c427485-90d1-4d28-9896-d97fd7afd2e5\", \"sku\": \"M-BO003\", \"name\": \"Outdoor Hiking Boots - (Size) 9, (Colour) Black\", \"type\": \"product_variant\", \"urls\": null, \"image\": \"/9j/4AAQSkZJRgABAQEAYABgAAD//gA7Q1JFQVRPUjogZ2QtanBlZyB2MS4wICh1c2luZyBJSkcgSlBFRyB2ODApLCBxdWFsaXR5ID0gODAK/9sAQwAGBAUGBQQGBgUGBwcGCAoQCgoJCQoUDg8MEBcUGBgXFBYWGh0lHxobIxwWFiAsICMmJykqKRkfLTAtKDAlKCko/9sAQwEHBwcKCAoTCgoTKBoWGigoKCgoKCgoKCgoKCgoKCgoKCgoKCgoKCgoKCgoKCgoKCgoKCgoKCgoKCgoKCgoKCgo/8AAEQgAMgAyAwEiAAIRAQMRAf/EAB8AAAEFAQEBAQEBAAAAAAAAAAABAgMEBQYHCAkKC//EALUQAAIBAwMCBAMFBQQEAAABfQECAwAEEQUSITFBBhNRYQcicRQygZGhCCNCscEVUtHwJDNicoIJChYXGBkaJSYnKCkqNDU2Nzg5OkNERUZHSElKU1RVVldYWVpjZGVmZ2hpanN0dXZ3eHl6g4SFhoeIiYqSk5SVlpeYmZqio6Slpqeoqaqys7S1tre4ubrCw8TFxsfIycrS09TV1tfY2drh4uPk5ebn6Onq8fLz9PX29/j5+v/EAB8BAAMBAQEBAQEBAQEAAAAAAAABAgMEBQYHCAkKC//EALURAAIBAgQEAwQHBQQEAAECdwABAgMRBAUhMQYSQVEHYXETIjKBCBRCkaGxwQkjM1LwFWJy0QoWJDThJfEXGBkaJicoKSo1Njc4OTpDREVGR0hJSlNUVVZXWFlaY2RlZmdoaWpzdHV2d3h5eoKDhIWGh4iJipKTlJWWl5iZmqKjpKWmp6ipqrKztLW2t7i5usLDxMXGx8jJytLT1NXW19jZ2uLj5OXm5+jp6vLz9PX29/j5+v/aAAwDAQACEQMRAD8A+qa4P4meLr3wpfaI9usDWErSNeBhmQopT7nboW6+1d5Xzt8VdTbxH4huhAd1lADaRkHrgncw+rEj6AVMnZDSuev+BvHWkeMrOefTGdPJ271lwDhs4PB9jW/p2pWWoozWNzHMFJDBTypBxyOo5Br5Wjjh0fTYLWCJVRUO4YyTxknOR+fvXb/AyPf46nmgY+UNNxIAwIzvGAevr7dKiNRt2KcbHvtFFFakBRRRQByHxO1qXSNAWK1dori+c28cw42HaW4PrgHH4+lfPOnxymO1aRdssYKtnOcgkGvdPjP4k8P6J4ejtvEMVxcNdNut4rfAkDJg7wSRjBI+ucYIzXgfhjXxrom81VW5gxuCjAZT0P5isqqdrouDszQ1ETMrHINsU2nkrg/3iR7V1Pwo1EWvjXTpGjEUdzFJa4BBwTtKg8Z6oK55YkkjNvJKQXOQckAc8dKxxJLpmoJdW0lxHdRyEwyoxyCDwcAn9fes6epU2fXtFfFc/wAS/HKXzC78RXySLkbRhRn6AYz+FeifCr41a1c+JLHRvE/lXdveSLBHchAkkbMcLuxwQSQOme+a6LmR9IUUUUwPmb9qSxux4v0q9Me60ksxEhI43q7Fh+TL+deQ+Gr9tK1dZxxGfkmTGDtPX+XH0r7r1XS7DV7Q2uqWdveW5OfLnjDrn1we/vXLj4W+CQXP/CPWhL9SSxP4c8fhSsB4ZcXtpBYx3jXMX2eTiOXrk+n14qjNd2V+sfl3sQkAI5cxk5+uPSvV/FXwmSGKd/CscL2sxBl0q5bEZ45MbnO09ODx7ivIPEPw/wBT0u4kihs9UtHHIie2e4ib/dkjDAjkdefWsvZpO6L529Gc54ti02S8BtGJvlUbwpDI3tuz1rsvgP4AvNe8RWOu3cEsGlafIs6vIpXzpFIKqvqAQCT7Y71y+heBPF3iG8gt7XS7pIWcBp5YDHEozySxA/Ic19p28YhgjiGMIoUYGBwPStIqysS3cfRRRVCCiiigAooooAKKKKACiiigD//Z\", \"amount\": 9, \"full_price\": \"269.91\", \"product_id\": \"9c427450-8225-4e1d-bfb7-ec4c08a908f2\", \"unit_price\": \"29.99\", \"final_price\": \"269.91\", \"unit_discount\": \"0.00\", \"total_discount\": \"0.00\", \"product_variant_id\": \"9c42747a-e3d4-4bbc-85b1-9410a8d3b690\", \"original_unit_price\": \"29.99\"}, {\"id\": \"9c427485-85a3-4e41-81f8-16602206c0f4\", \"sku\": \"W-HA002\", \"name\": \"Classic Fedora Hat\", \"type\": \"product\", \"urls\": null, \"image\": \"/9j/4AAQSkZJRgABAQEAYABgAAD//gA7Q1JFQVRPUjogZ2QtanBlZyB2MS4wICh1c2luZyBJSkcgSlBFRyB2ODApLCBxdWFsaXR5ID0gODAK/9sAQwAGBAUGBQQGBgUGBwcGCAoQCgoJCQoUDg8MEBcUGBgXFBYWGh0lHxobIxwWFiAsICMmJykqKRkfLTAtKDAlKCko/9sAQwEHBwcKCAoTCgoTKBoWGigoKCgoKCgoKCgoKCgoKCgoKCgoKCgoKCgoKCgoKCgoKCgoKCgoKCgoKCgoKCgoKCgo/8AAEQgAMgAyAwEiAAIRAQMRAf/EAB8AAAEFAQEBAQEBAAAAAAAAAAABAgMEBQYHCAkKC//EALUQAAIBAwMCBAMFBQQEAAABfQECAwAEEQUSITFBBhNRYQcicRQygZGhCCNCscEVUtHwJDNicoIJChYXGBkaJSYnKCkqNDU2Nzg5OkNERUZHSElKU1RVVldYWVpjZGVmZ2hpanN0dXZ3eHl6g4SFhoeIiYqSk5SVlpeYmZqio6Slpqeoqaqys7S1tre4ubrCw8TFxsfIycrS09TV1tfY2drh4uPk5ebn6Onq8fLz9PX29/j5+v/EAB8BAAMBAQEBAQEBAQEAAAAAAAABAgMEBQYHCAkKC//EALURAAIBAgQEAwQHBQQEAAECdwABAgMRBAUhMQYSQVEHYXETIjKBCBRCkaGxwQkjM1LwFWJy0QoWJDThJfEXGBkaJicoKSo1Njc4OTpDREVGR0hJSlNUVVZXWFlaY2RlZmdoaWpzdHV2d3h5eoKDhIWGh4iJipKTlJWWl5iZmqKjpKWmp6ipqrKztLW2t7i5usLDxMXGx8jJytLT1NXW19jZ2uLj5OXm5+jp6vLz9PX29/j5+v/aAAwDAQACEQMRAD8A6nFZOoa/p1ixWSfzJB/BENx/wFc7rWrXOoO0cTtDa9Ao4LD3/wAKw5LXA+Uc1aRKidBeeOo0LLaafJM45w0gXH14OKztP8ZXd3q6TRWsi6fsO+N2GA3sep5HpjFef34ZXunvrp0/esI4YjtJx0JP5Vp+F7yWXT4w7iWUZDtnqfWonLlWh9HkGWYfGYjkr3t/X9afeeo6Tr7Xt+IJokjVwdmCc59DW+RXlFzdpYx/armdbdIyCHY4we2PevRPDepNrOlwX6tEYJV+XZnJPQk+n0/WlF3OrirKcPgakJ4dpJrWN9fX5/oaOKKdRVnyBw4hJHSmtCAMn8639T0/7PKXjH7ljn/dPpWVcRFgqKcEnFXdWuapX2OJ1LQRNM09yyzAcgDIJP4dqWxvbaIiy07y2lztG0fKD6D1P0rrvHnheSPw6x0+ebzTaT3Ty9h5aqdvtncf++a8z+GN3Yw63pxvYk820mBfIPzLjAbgE+n+TXFUqcyvE+my/GzwMPZ0l78t32XRIpeKNEurm+F1c3cl1CrFWUjHlH0x2/ECvSfgus0NpeQeYWtQ2VU9m9fbj+Vdn8TNQ05/BN0m5VN5H5cRCbDIxGARnnj19q4H4MmbT7m70+4Z3jlQSQyMpAcrwcHv1FRRqOT1PLx8W3KUtW97nqm2il59qK7TyB7KGUqwBU8EGuZ1/SLpUMunAydymcMPp6101GaW6sVGTi7oq2d6J/BOoG64/wBHeN1bjBIKnNfOGn2ktv4ria3B3xFgGjPX5SMj8cYr6EuIPtcWtaeOfOh3qvqev8xXL+F/C6RP5sygyM53HHQAkY/SvPg+WTgexP34qfc5u10q81nxRpn/AAk073TynCwFycIOcn/AV9D6rounp4eijS3jRowDGQOVI6EV5YbR7f4h6adnBjOT6dP8f0r1/VJMWK56AVhVdpW7GkVdepxdFMZyWJ55NFemqiaPGdJp2Je9AoorQyKNn/yNB/69l/8AQmq5pSjzFGBjn+dFFef/AMvpHsw/gRILlR/wnVrwPuGu41YA28IIBBI4NFFYVf4j+RrT+BHKTKBM4AAAY4Aooor1Y7I8aW7P/9k=\", \"amount\": 10, \"full_price\": \"185.00\", \"product_id\": \"9c427465-39d5-4c6e-a3a2-867819f62e05\", \"unit_price\": \"18.50\", \"final_price\": \"185.00\", \"unit_discount\": \"0.00\", \"total_discount\": \"0.00\", \"original_unit_price\": \"18.50\"}, {\"id\": \"9c427485-8d92-4ef0-bd64-91150633c0b5\", \"sku\": \"M-SG002\", \"name\": \"Sporty Wraparound Sunglasses\", \"type\": \"product\", \"urls\": null, \"image\": \"/9j/4AAQSkZJRgABAQEAYABgAAD//gA7Q1JFQVRPUjogZ2QtanBlZyB2MS4wICh1c2luZyBJSkcgSlBFRyB2ODApLCBxdWFsaXR5ID0gODAK/9sAQwAGBAUGBQQGBgUGBwcGCAoQCgoJCQoUDg8MEBcUGBgXFBYWGh0lHxobIxwWFiAsICMmJykqKRkfLTAtKDAlKCko/9sAQwEHBwcKCAoTCgoTKBoWGigoKCgoKCgoKCgoKCgoKCgoKCgoKCgoKCgoKCgoKCgoKCgoKCgoKCgoKCgoKCgoKCgo/8AAEQgAMgAyAwEiAAIRAQMRAf/EAB8AAAEFAQEBAQEBAAAAAAAAAAABAgMEBQYHCAkKC//EALUQAAIBAwMCBAMFBQQEAAABfQECAwAEEQUSITFBBhNRYQcicRQygZGhCCNCscEVUtHwJDNicoIJChYXGBkaJSYnKCkqNDU2Nzg5OkNERUZHSElKU1RVVldYWVpjZGVmZ2hpanN0dXZ3eHl6g4SFhoeIiYqSk5SVlpeYmZqio6Slpqeoqaqys7S1tre4ubrCw8TFxsfIycrS09TV1tfY2drh4uPk5ebn6Onq8fLz9PX29/j5+v/EAB8BAAMBAQEBAQEBAQEAAAAAAAABAgMEBQYHCAkKC//EALURAAIBAgQEAwQHBQQEAAECdwABAgMRBAUhMQYSQVEHYXETIjKBCBRCkaGxwQkjM1LwFWJy0QoWJDThJfEXGBkaJicoKSo1Njc4OTpDREVGR0hJSlNUVVZXWFlaY2RlZmdoaWpzdHV2d3h5eoKDhIWGh4iJipKTlJWWl5iZmqKjpKWmp6ipqrKztLW2t7i5usLDxMXGx8jJytLT1NXW19jZ2uLj5OXm5+jp6vLz9PX29/j5+v/aAAwDAQACEQMRAD8A+qaKKgvLy2soTNeXENvEOryuEUfiaAJ6K5638Z+H57mOGLUoz5r+XHKUdYZG7KspGwk9gDk10NABRRUD3tql7HZvcwLdyKXSAyAOyjqQvUigCeiiigDwz41+LfFWi+KBpunXotNLkto50aFAJHyWV13kEggqDkf3hWD4Y+JPgnSLj7V4i0TUzrCrkXc8xv8Ad7qzkbT/AMBH1r1D4y+EbjxLoUVzpcQl1Sx3GOLIBmjbG9ATwDlVIz3XHGc15L8Lvh5qWv6rqv8Abdpfabpn2GaylWeJomleTGAFYDIUgPnplVoA7fUfjX4dvbea1uPD2qXVnKpR45kgIcHsVMh4rK0L43eEfDUElnev4mWBpC1ul7Ckvkpx+7V1YllHbcSR0rx+70+/0G+uNI1tSmpWjFJM9HXPyuvqrDkH+oNavgKBLz4i+FFaJZtuoK+0jPRWOfwxn8KdgPoIeI/EviyNB4T0x9K06UAnVNTTaxU944ep9ieK1v8AhCrO2tkk04hdZFxFctqdwPNmlZSA29upBTcu0EABuMV1lFIAooooAKKKKAMLxR4R0HxTHEmv6bDeeVny3bKumeu11IYfgaoeFfh54Z8K373uiad5VyylRJLM8zKD1CtIWK59jXWUUAFFFFABRRRQAUUUUAFFFFABRRRQAUUUUAf/2Q==\", \"amount\": 7, \"full_price\": \"136.50\", \"product_id\": \"9c42746f-e905-4763-881f-0eefcb60f795\", \"unit_price\": \"17.50\", \"final_price\": \"122.50\", \"unit_discount\": \"2.00\", \"total_discount\": \"14.00\", \"original_unit_price\": \"19.50\"}, {\"id\": \"9c427485-7b95-4424-9e2c-2a85c3484b41\", \"sku\": \"M-BR001\", \"name\": \"Leather Cuff Bracelet\", \"type\": \"product\", \"urls\": null, \"image\": \"/9j/4AAQSkZJRgABAQEAYABgAAD//gA7Q1JFQVRPUjogZ2QtanBlZyB2MS4wICh1c2luZyBJSkcgSlBFRyB2ODApLCBxdWFsaXR5ID0gODAK/9sAQwAGBAUGBQQGBgUGBwcGCAoQCgoJCQoUDg8MEBcUGBgXFBYWGh0lHxobIxwWFiAsICMmJykqKRkfLTAtKDAlKCko/9sAQwEHBwcKCAoTCgoTKBoWGigoKCgoKCgoKCgoKCgoKCgoKCgoKCgoKCgoKCgoKCgoKCgoKCgoKCgoKCgoKCgoKCgo/8AAEQgAMgAyAwEiAAIRAQMRAf/EAB8AAAEFAQEBAQEBAAAAAAAAAAABAgMEBQYHCAkKC//EALUQAAIBAwMCBAMFBQQEAAABfQECAwAEEQUSITFBBhNRYQcicRQygZGhCCNCscEVUtHwJDNicoIJChYXGBkaJSYnKCkqNDU2Nzg5OkNERUZHSElKU1RVVldYWVpjZGVmZ2hpanN0dXZ3eHl6g4SFhoeIiYqSk5SVlpeYmZqio6Slpqeoqaqys7S1tre4ubrCw8TFxsfIycrS09TV1tfY2drh4uPk5ebn6Onq8fLz9PX29/j5+v/EAB8BAAMBAQEBAQEBAQEAAAAAAAABAgMEBQYHCAkKC//EALURAAIBAgQEAwQHBQQEAAECdwABAgMRBAUhMQYSQVEHYXETIjKBCBRCkaGxwQkjM1LwFWJy0QoWJDThJfEXGBkaJicoKSo1Njc4OTpDREVGR0hJSlNUVVZXWFlaY2RlZmdoaWpzdHV2d3h5eoKDhIWGh4iJipKTlJWWl5iZmqKjpKWmp6ipqrKztLW2t7i5usLDxMXGx8jJytLT1NXW19jZ2uLj5OXm5+jp6vLz9PX29/j5+v/aAAwDAQACEQMRAD8A+qa+d1+M+qy/HZNDgMbeHmvhpfk+WNxfds8wN1+/+GO2ea+iK+FPC/Px6sFycf8ACRKf/JigD7rorE8TeKdJ8OW5k1O6VXxlYUIMjfQf1PFeS6t8fJLPUI0g8NvLascZNzh2HqBtwKAPdaKyPCviGy8TaPDqOnmRUcfNHKu1427qw9a16ACiiigBHZURncgKoySewr8/dUv7L/hLr240yW5iumvXngvI2IKkuSOByuOORzxX6BSIsiMjgMjAgg9xX56eP/Dk3hHxtqekTuiNBK7Rtu3Fo+WQ4GcErjg+v40dQO18M6frep3VzPPe5uGjPlvOd+5vUE557Z7ZrrfC8GlQL9sumkmv8FZGuG3MjA4II9iMVozqmqfB3R/FGkusl1p0K2t6UGPMVPlVyPXGAfr/ALNeP3PiN5ryV1Yq0nLY7kcZ/LH5VSYHvehfECx0LXbeVnCWszCK5UHjaeA/1H6ivflIZQVIIPII71+dGqahNO4YMc9DX278D9Zk1z4W6BdXDFp0hNu5PUmNigJ9yFB/Gkw3O6ooopAFfP37Uvw2Gtac3jCwnt7e6023K3SSnb50YPy7T/eGSMHrkDsAfoGsLxz4atvGHhPUdBvZHigvIwvmJ1RgwZW98MoOO9AHxJ8O/iDfeENJ1fS4Y4LvTtUi8uWG4BIRsYLLgjnBI/L0rn7qwkhuZJEBMauVB9s4/lXZeJ/gv4u8O6qLc2D3loXwl3bIXQrnqcDKn2NeyeEfgzNqNij62rWMMnzFc/vcewH3fx59qYHiXhvwXc6jqCQS4EpXeYurBfU+g9zX2D8KfD7+GfBFjp8qlJMvKyH+HcxIH1xitLwx4U0XwzaC30exjhzy0hG6Rz6sx5JrcpXAKKKKACiiigAooooAKKKKACiiigD/2Q==\", \"amount\": 5, \"full_price\": \"94.95\", \"product_id\": \"9c427473-53e1-4ecf-b548-b429632e6501\", \"unit_price\": \"16.99\", \"final_price\": \"84.95\", \"unit_discount\": \"2.00\", \"total_discount\": \"10.00\", \"original_unit_price\": \"18.99\"}, {\"id\": \"9c427485-8b6a-4a39-88b5-f6bc99a912a1\", \"sku\": \"M-BR003\", \"name\": \"Beaded Charm Bracelet\", \"type\": \"product\", \"urls\": null, \"image\": \"/9j/4AAQSkZJRgABAQEAYABgAAD//gA7Q1JFQVRPUjogZ2QtanBlZyB2MS4wICh1c2luZyBJSkcgSlBFRyB2ODApLCBxdWFsaXR5ID0gODAK/9sAQwAGBAUGBQQGBgUGBwcGCAoQCgoJCQoUDg8MEBcUGBgXFBYWGh0lHxobIxwWFiAsICMmJykqKRkfLTAtKDAlKCko/9sAQwEHBwcKCAoTCgoTKBoWGigoKCgoKCgoKCgoKCgoKCgoKCgoKCgoKCgoKCgoKCgoKCgoKCgoKCgoKCgoKCgoKCgo/8AAEQgAMgAyAwEiAAIRAQMRAf/EAB8AAAEFAQEBAQEBAAAAAAAAAAABAgMEBQYHCAkKC//EALUQAAIBAwMCBAMFBQQEAAABfQECAwAEEQUSITFBBhNRYQcicRQygZGhCCNCscEVUtHwJDNicoIJChYXGBkaJSYnKCkqNDU2Nzg5OkNERUZHSElKU1RVVldYWVpjZGVmZ2hpanN0dXZ3eHl6g4SFhoeIiYqSk5SVlpeYmZqio6Slpqeoqaqys7S1tre4ubrCw8TFxsfIycrS09TV1tfY2drh4uPk5ebn6Onq8fLz9PX29/j5+v/EAB8BAAMBAQEBAQEBAQEAAAAAAAABAgMEBQYHCAkKC//EALURAAIBAgQEAwQHBQQEAAECdwABAgMRBAUhMQYSQVEHYXETIjKBCBRCkaGxwQkjM1LwFWJy0QoWJDThJfEXGBkaJicoKSo1Njc4OTpDREVGR0hJSlNUVVZXWFlaY2RlZmdoaWpzdHV2d3h5eoKDhIWGh4iJipKTlJWWl5iZmqKjpKWmp6ipqrKztLW2t7i5usLDxMXGx8jJytLT1NXW19jZ2uLj5OXm5+jp6vLz9PX29/j5+v/aAAwDAQACEQMRAD8A+qaKKKQBRRRQAUUUUAFFFFAHNePPGWneDdLS61DfJNKSsECD5pSMZ57AZGTXi8vjj4neN7nHg+xWz090kQTCMKuexLPkhu3y45rtP2g/Cd74j0O0utM+a808uyRHJEisBuAA/i+UY/GvHfBPxC8c6NpkGn2VpcmD7UY0Eln5jqE+8nqTk4wSDngY6VpFK3mSzvovh18UtRhd9T8ZGB5YY1MS3D4UhgSDtGDwOowSSfxvf8Kx8exLO9t47mE0s0UhcyP8wXOc8c9sduOc9qng74u674i8YX2h6hpMUEYSTcoibdAVP3Wz1zyDkDn8q2/EfxJsvh5pu2az+0NIR5NrEREqjBJOeQBx0A7isZVnGoqZagnHmOb1G1+NHhWHz7e+i1qCPzZHB2yfQAHDHjBA7cjHr13wn+Kv/CU3MWja5Zmz1sBhlfuSlRluDyjcE456de1cRrP7ScIDJpWjAEx43zyFtj4BJ2gDKjJxyM47dKz/AIRWGs+LfiTD4puIpLe0T/SWkCbVdzlBGO3AHJ7dD1rbdakbbH05RRRWZQjorjDqGHoRWDeeD9Bu/NMmmwJJKctJEuxyfXcMGt+igDlIPAml2wxZXGo2wJywjumIY9shsg1l+JPhZpHiO3EGq3+qSxg7gPMQYPqMJXf0UuVXv1Hfoec6T8GPBWnTrL/ZZumWPy1F1IZFVfZTx+ld7p9haadax21hbQ21vGu1I4kCqo9ABVmimIKKKKACiiigAooooAKKKKACiiigD//Z\", \"amount\": 6, \"full_price\": \"149.94\", \"product_id\": \"9c427476-fc83-4e6d-9208-28e308d4e179\", \"unit_price\": \"22.99\", \"final_price\": \"137.94\", \"unit_discount\": \"2.00\", \"total_discount\": \"12.00\", \"original_unit_price\": \"24.99\"}]',NULL,'{\"id\": \"9c4273ee-162d-4c89-9e7b-7bd414e934e6\", \"name\": {\"de\": \"Standard Klein (unter 5kg)\", \"en\": \"Standard Small (under 5kg)\", \"fr\": \"Standard petit (moins de 5 kg)\"}, \"slug\": \"standard-small-1\", \"price\": 7.99, \"enabled\": true, \"created_at\": \"2024-06-11T07:51:07.000000Z\", \"deleted_at\": null, \"updated_at\": \"2024-06-11T07:51:07.000000Z\", \"description\": {\"de\": \"Zustellung per Royal Mail (ca. 3–5 Tage)\", \"en\": \"Royal mail delivery. (approximately 3-5 days)\", \"fr\": \"Livraison du courrier royal. (environ 3 à 5 jours)\"}, \"enabled_by_default_on_creation\": true}','{\"delivery\": 7.99, \"subtotal\": 1861.63, \"total_payable\": 1869.62, \"applied_discount\": 28.01}',1,'jackson-khan-new-sashachester',NULL,'2024-06-11 07:52:48','2024-06-11 07:52:48'),('9c427488-4ce3-4b32-b150-9fb81d6b58eb','9c4273cc-f778-4b5e-9bdc-f90847d1103a','9c427485-2638-49a5-9a19-3092909853c5','{\"id\": \"9c427485-0bbe-4d52-b8f0-7227ac57dec1\", \"lat\": \"-45.469859\", \"lon\": \"-147.550215\", \"name\": null, \"slug\": \"florence-cox-eileenport\", \"town\": \"Eileenport\", \"country\": \"UK\", \"user_id\": \"9c4273cc-f778-4b5e-9bdc-f90847d1103a\", \"post_code\": \"WV99 1RG\", \"created_at\": \"2024-06-11T07:52:46.000000Z\", \"deleted_at\": null, \"updated_at\": \"2024-06-11T07:52:46.000000Z\", \"address_line_1\": \"Studio 19h Bailey Canyon\", \"address_line_2\": null, \"google_maps_url\": \"https://www.google.com/maps/@-45.469859,-147.550215,14z\"}','{\"amount\": \"952.18\", \"source\": {\"id\": \"9c427485-199a-4dae-803d-84f55dc23685\", \"name\": \"rem quam\", \"slug\": \"cox-rem-quam\", \"brand\": \"american express\", \"user_id\": \"9c4273cc-f778-4b5e-9bdc-f90847d1103a\", \"exp_year\": \"2024\", \"exp_month\": \"11\", \"last_four\": \"3567\", \"source_id\": \"hP9fWVuTUCA16F4JSISdLuV4Gp4CzfLGco4aVs0mPyU6s6UaxeilLu3iP6SssWpFhO7qxXe6WsKEbuNoDR6JceXBUyMkj4HpK3Pku4dKt5Y2yInCqMNuHFk0t0liZzdLVI4ybjwEdiN3fTYZYwo508\", \"created_at\": \"2024-06-11T07:52:46.000000Z\", \"deleted_at\": null, \"updated_at\": \"2024-06-11T07:52:46.000000Z\", \"stripe_user_id\": \"fPJLADMKfzFVNMfCxZfH7f9dYUDLsHDTwNntMoKoV0LIxH2MC6mlp9ku1O1ivEWU9AoxJFe8nIGqNIvngni67fyws309FlGfykAwpc8z8Z4Y7LDM5jnwIeAo\", \"payment_method_id\": 1}, \"created_at\": \"11-06-2024 07:52\", \"payment_ref\": \"91RSyspomS\"}','[{\"id\": \"9c427485-95a5-4f51-ad9c-678154d7d4a5\", \"sku\": \"M-S003\", \"name\": \"Casual Checkered Shirt - (Size) S\", \"type\": \"product_variant\", \"urls\": null, \"image\": \"/9j/4AAQSkZJRgABAQEAYABgAAD//gA7Q1JFQVRPUjogZ2QtanBlZyB2MS4wICh1c2luZyBJSkcgSlBFRyB2ODApLCBxdWFsaXR5ID0gODAK/9sAQwAGBAUGBQQGBgUGBwcGCAoQCgoJCQoUDg8MEBcUGBgXFBYWGh0lHxobIxwWFiAsICMmJykqKRkfLTAtKDAlKCko/9sAQwEHBwcKCAoTCgoTKBoWGigoKCgoKCgoKCgoKCgoKCgoKCgoKCgoKCgoKCgoKCgoKCgoKCgoKCgoKCgoKCgoKCgo/8AAEQgAMgAyAwEiAAIRAQMRAf/EAB8AAAEFAQEBAQEBAAAAAAAAAAABAgMEBQYHCAkKC//EALUQAAIBAwMCBAMFBQQEAAABfQECAwAEEQUSITFBBhNRYQcicRQygZGhCCNCscEVUtHwJDNicoIJChYXGBkaJSYnKCkqNDU2Nzg5OkNERUZHSElKU1RVVldYWVpjZGVmZ2hpanN0dXZ3eHl6g4SFhoeIiYqSk5SVlpeYmZqio6Slpqeoqaqys7S1tre4ubrCw8TFxsfIycrS09TV1tfY2drh4uPk5ebn6Onq8fLz9PX29/j5+v/EAB8BAAMBAQEBAQEBAQEAAAAAAAABAgMEBQYHCAkKC//EALURAAIBAgQEAwQHBQQEAAECdwABAgMRBAUhMQYSQVEHYXETIjKBCBRCkaGxwQkjM1LwFWJy0QoWJDThJfEXGBkaJicoKSo1Njc4OTpDREVGR0hJSlNUVVZXWFlaY2RlZmdoaWpzdHV2d3h5eoKDhIWGh4iJipKTlJWWl5iZmqKjpKWmp6ipqrKztLW2t7i5usLDxMXGx8jJytLT1NXW19jZ2uLj5OXm5+jp6vLz9PX29/j5+v/aAAwDAQACEQMRAD8A+qaztX1rT9IQNf3CxkjIUAliPoK0a8O8Ya2s/iO6JBIdmiUFeyg47+w/OqiribI/i94qm8Q6GsOhm4t4oJS+8MQZWGV2so/h59TXHfCjV9V8P6qNV1LzWjdBH9n8w7GViOenX8O3vXTWs7tpblYHI85vu8fx/SqKytDpVkqQybAEGd+f41z2rbkV7GSqSaPbtJ8X6PqU6W8dx5VyxwI5RtJPoD0NdBXzpc3cUt9MjcSQDzBwRg9jkfjXu/hfUhq/h+xvs5aWMb/98cN+oNZSjY0jK6/rsjUoooqBlW/nePTJ5oUZ5REWRFGSTjgV4Ffx3F5qRhRD5sAMhzzgDBPPbhD+dfQkH+pj/wB0fyrL8URR/wBhajLsQTC2cK5Az06Z+tXCViZq+qPDrWe6a0uVEbhN4Iz/AMAJ9O5qtNLdNFpyvEQGIGBz0wR/Krlr9qazuT5akmTjk9Ny/wC1VeRbyOxs22KxGDktz1Xjr+Fb/wDAMrrW3n+SGW8Uv9tvcTRNtuEaMA88ptJx+Egr1/4WyyN4elhljaMwzsqgrt+UgHj8d1VPhP5dxo10ZokM0V02CygkAqoyPrt/Su8rCUr6GsY2MyYt5z8n7xopZv8AWv8A7xopFl+H/Ux/7orE8drI/hS+WIkMdnT03rn9M1uQ/wCqT/dFZPi6Ce58OXsVoheZlGFHU/MCf0zSW4nseJ2aXIs7n7pw6/8AstVZlnTT7MJGq5YHbgD+Jefx61et7adLG4DSxKRJjBQcYKiqxtpv7Ns2eeHAAOQgHAKmun/gHOn+v5I7j4SyyQa7rFpLwssaTKM9CCQR/wCPfrXqNeYfDrS71PFU1+ysbI2zASYwrMWXAB78A16fWE9zan8KM2b/AFr/AO8aKJR+9f8A3jRSLGRSP5SfO33R3p/mP/fb86KKQGRr0EL2ckjRRtISMsVBP51yvhKGKTVSjxIyKXwpUEDnsKKK2Xwv5Gf2vv8AyPQBI4AAdgB70vmP/fb86KKyNDOlkfzX+dup70UUVQH/2Q==\", \"amount\": 5, \"full_price\": \"124.95\", \"product_id\": \"9c4273fa-a9f5-46b3-a8b7-77e8f834ce68\", \"unit_price\": \"24.99\", \"final_price\": \"124.95\", \"unit_discount\": \"0.00\", \"total_discount\": \"0.00\", \"product_variant_id\": \"9c42747c-b0dd-4e07-ac3e-0df530b1136d\", \"original_unit_price\": \"24.99\"}, {\"id\": \"9c427485-a059-4692-95e9-626fd67e3e45\", \"sku\": \"M-TR003\", \"name\": \"Sporty Track Pants - (Size) XS\", \"type\": \"product_variant\", \"urls\": null, \"image\": \"/9j/4AAQSkZJRgABAQEAYABgAAD//gA7Q1JFQVRPUjogZ2QtanBlZyB2MS4wICh1c2luZyBJSkcgSlBFRyB2ODApLCBxdWFsaXR5ID0gODAK/9sAQwAGBAUGBQQGBgUGBwcGCAoQCgoJCQoUDg8MEBcUGBgXFBYWGh0lHxobIxwWFiAsICMmJykqKRkfLTAtKDAlKCko/9sAQwEHBwcKCAoTCgoTKBoWGigoKCgoKCgoKCgoKCgoKCgoKCgoKCgoKCgoKCgoKCgoKCgoKCgoKCgoKCgoKCgoKCgo/8AAEQgAMgAyAwEiAAIRAQMRAf/EAB8AAAEFAQEBAQEBAAAAAAAAAAABAgMEBQYHCAkKC//EALUQAAIBAwMCBAMFBQQEAAABfQECAwAEEQUSITFBBhNRYQcicRQygZGhCCNCscEVUtHwJDNicoIJChYXGBkaJSYnKCkqNDU2Nzg5OkNERUZHSElKU1RVVldYWVpjZGVmZ2hpanN0dXZ3eHl6g4SFhoeIiYqSk5SVlpeYmZqio6Slpqeoqaqys7S1tre4ubrCw8TFxsfIycrS09TV1tfY2drh4uPk5ebn6Onq8fLz9PX29/j5+v/EAB8BAAMBAQEBAQEBAQEAAAAAAAABAgMEBQYHCAkKC//EALURAAIBAgQEAwQHBQQEAAECdwABAgMRBAUhMQYSQVEHYXETIjKBCBRCkaGxwQkjM1LwFWJy0QoWJDThJfEXGBkaJicoKSo1Njc4OTpDREVGR0hJSlNUVVZXWFlaY2RlZmdoaWpzdHV2d3h5eoKDhIWGh4iJipKTlJWWl5iZmqKjpKWmp6ipqrKztLW2t7i5usLDxMXGx8jJytLT1NXW19jZ2uLj5OXm5+jp6vLz9PX29/j5+v/aAAwDAQACEQMRAD8A+qaKKKAPi34l/Grxg/jTWrbRdcmtNKt7qSK3SKOMHap253bcnOM8nvWT4Y+NHjOy8Q6bcanr13dWEc6GeGUgrJHn5gcD0zXmN87m+naU5dnbcT65qexjimWYz3Cw+XEXXKljI3ACjHc56njg0AfpeCGAKkEHkEUVR0F1l0LTpEOVe2jYH1BUVeoAKKKKACiiigD83PiDp7aT408Qafg5tr+eIe4EhA/TFUNSsbrSdSu9Pv4zFd2srQyof4WU4I/MV6Z8dbNLL9oLUkKjypbu2mIx13JGW/UmtL9rDw7/AGP8TTqMSbbfV7dZ8gceYvyOPyCn/gVAH174OOfCOhn/AKcYP/Ra1r1yvwovhqPwz8LXO4MzabArEf3lQK36g11VABRRRQAUUUUAfGP7Rtq9x+0BDDGCHuBZqp9ScKK9N/bL0+KXwNouokDz7fUfIU99skbFh+ca/lWJ8VvC+ual+0p4c1CLRr+XSUuLHddxQM8W1JAWLMAQuOc5x611P7YiM3wssivRNViY/Ty5R/WgDe/Zgnkm+DGiiQ58p7iNT7ec5/rXqteR/srSb/g1pg/uXFwv/kQn+teuUAFFFFABRRRQAVDd2tveQmG8giuIiclJUDqT9DRRQA63ghtoVitoo4Yl6JGoUD8BUlFFABRRRQB//9k=\", \"amount\": 2, \"full_price\": \"45.98\", \"product_id\": \"9c427407-0bb8-4bb4-97cd-ba830bdf6728\", \"unit_price\": \"22.99\", \"final_price\": \"45.98\", \"unit_discount\": \"0.00\", \"total_discount\": \"0.00\", \"product_variant_id\": \"9c42747d-1248-443e-9aa5-4a1a777b4cd5\", \"original_unit_price\": \"22.99\"}, {\"id\": \"9c427485-92fd-4f5a-9224-05537fb55a20\", \"sku\": \"W-TR001\", \"name\": \"Classic Dress Trousers - (Size) M\", \"type\": \"product_variant\", \"urls\": null, \"image\": \"/9j/4AAQSkZJRgABAQEAYABgAAD//gA7Q1JFQVRPUjogZ2QtanBlZyB2MS4wICh1c2luZyBJSkcgSlBFRyB2ODApLCBxdWFsaXR5ID0gODAK/9sAQwAGBAUGBQQGBgUGBwcGCAoQCgoJCQoUDg8MEBcUGBgXFBYWGh0lHxobIxwWFiAsICMmJykqKRkfLTAtKDAlKCko/9sAQwEHBwcKCAoTCgoTKBoWGigoKCgoKCgoKCgoKCgoKCgoKCgoKCgoKCgoKCgoKCgoKCgoKCgoKCgoKCgoKCgoKCgo/8AAEQgAMgAyAwEiAAIRAQMRAf/EAB8AAAEFAQEBAQEBAAAAAAAAAAABAgMEBQYHCAkKC//EALUQAAIBAwMCBAMFBQQEAAABfQECAwAEEQUSITFBBhNRYQcicRQygZGhCCNCscEVUtHwJDNicoIJChYXGBkaJSYnKCkqNDU2Nzg5OkNERUZHSElKU1RVVldYWVpjZGVmZ2hpanN0dXZ3eHl6g4SFhoeIiYqSk5SVlpeYmZqio6Slpqeoqaqys7S1tre4ubrCw8TFxsfIycrS09TV1tfY2drh4uPk5ebn6Onq8fLz9PX29/j5+v/EAB8BAAMBAQEBAQEBAQEAAAAAAAABAgMEBQYHCAkKC//EALURAAIBAgQEAwQHBQQEAAECdwABAgMRBAUhMQYSQVEHYXETIjKBCBRCkaGxwQkjM1LwFWJy0QoWJDThJfEXGBkaJicoKSo1Njc4OTpDREVGR0hJSlNUVVZXWFlaY2RlZmdoaWpzdHV2d3h5eoKDhIWGh4iJipKTlJWWl5iZmqKjpKWmp6ipqrKztLW2t7i5usLDxMXGx8jJytLT1NXW19jZ2uLj5OXm5+jp6vLz9PX29/j5+v/aAAwDAQACEQMRAD8A7yGOrZUiNivUDIpkK1YkU+RJjOdpxjr0qgPlXw54JvfEujC6tYpWmmuDI0gXdwq8dSPvMzd/4a7jRvgpq2oQzB5XRgdhRkjXPH97zD7dj1r0n4U6RZ213dabptzcJbW8CIqE7grEbmPPqWP4YrqNNk1CLVNT01Z4Umgfh87i5KKRwR8o6dz3+tQ8RNN8rsmdKwsLWmrtepzXhb+0n8OWa65az2upRKYp0mTaSykruHYg4zkcc1ZuE4rbuoHhPlSvvdOCdxPPU8nnrmsu4Wne+pzySi7Io7T6UVPtooEbUNXIhVCFxV2JxVMDP8OWtvpfjR4rVDHFPbB9u4kBtzZwD0HTgcVn2jNH8TNbYHh/LfGf9gD+lP1iSS08SWl7AzF/IZNpPykZ/wDrj8qpWVyz/EHUYwwO+CN246EKB/7MKwlud1O/Ld9jpbnLszHqTms64WtKUiqFxg1qcJV2e1FTgCigCeKBverkUDe9XRo98p+Xy2/GrUFlfxn5rZHHtIKsRzmu26wxQ3MzBVjJXLHA+Yf4gVznhW1e88X3moQjfbXUW6KVehUEDH1+WtL412viO48L2lp4d068N3Jdxsz2/wA+FUE4OOnzBeTxVL4D6hd3Oqaro+p6VLaPaKJId8bKUGcFWzxn5hjHoazcbu50wqWg0/M7RtMkPrUEmjO3Y1362a/3akFip/hFWcx5z/YsnoaK9G+wL/doo0AorUsdFFAEh6VNB1oooGWUqVaKKTAdRRRSA//Z\", \"amount\": 9, \"full_price\": \"269.91\", \"product_id\": \"9c42741f-c8c5-4197-b78a-2aec13df1767\", \"unit_price\": \"29.99\", \"final_price\": \"269.91\", \"unit_discount\": \"0.00\", \"total_discount\": \"0.00\", \"product_variant_id\": \"9c42747d-ae25-40f4-b568-0810ed706f71\", \"original_unit_price\": \"29.99\"}, {\"id\": \"9c427485-9b0c-4329-9ec8-812360b7ec90\", \"sku\": \"W-BO003\", \"name\": \"Fashion Knee-High Boots - (Size) 8.5\", \"type\": \"product_variant\", \"urls\": null, \"image\": \"/9j/4AAQSkZJRgABAQEAYABgAAD//gA7Q1JFQVRPUjogZ2QtanBlZyB2MS4wICh1c2luZyBJSkcgSlBFRyB2ODApLCBxdWFsaXR5ID0gODAK/9sAQwAGBAUGBQQGBgUGBwcGCAoQCgoJCQoUDg8MEBcUGBgXFBYWGh0lHxobIxwWFiAsICMmJykqKRkfLTAtKDAlKCko/9sAQwEHBwcKCAoTCgoTKBoWGigoKCgoKCgoKCgoKCgoKCgoKCgoKCgoKCgoKCgoKCgoKCgoKCgoKCgoKCgoKCgoKCgo/8AAEQgAMgAyAwEiAAIRAQMRAf/EAB8AAAEFAQEBAQEBAAAAAAAAAAABAgMEBQYHCAkKC//EALUQAAIBAwMCBAMFBQQEAAABfQECAwAEEQUSITFBBhNRYQcicRQygZGhCCNCscEVUtHwJDNicoIJChYXGBkaJSYnKCkqNDU2Nzg5OkNERUZHSElKU1RVVldYWVpjZGVmZ2hpanN0dXZ3eHl6g4SFhoeIiYqSk5SVlpeYmZqio6Slpqeoqaqys7S1tre4ubrCw8TFxsfIycrS09TV1tfY2drh4uPk5ebn6Onq8fLz9PX29/j5+v/EAB8BAAMBAQEBAQEBAQEAAAAAAAABAgMEBQYHCAkKC//EALURAAIBAgQEAwQHBQQEAAECdwABAgMRBAUhMQYSQVEHYXETIjKBCBRCkaGxwQkjM1LwFWJy0QoWJDThJfEXGBkaJicoKSo1Njc4OTpDREVGR0hJSlNUVVZXWFlaY2RlZmdoaWpzdHV2d3h5eoKDhIWGh4iJipKTlJWWl5iZmqKjpKWmp6ipqrKztLW2t7i5usLDxMXGx8jJytLT1NXW19jZ2uLj5OXm5+jp6vLz9PX29/j5+v/aAAwDAQACEQMRAD8A+qaCQoJPAHJoqC+z9huNuc+W2MfSgD518a/GnxNpWuQW9imniGQbirQkkc+u6vZPh/4jvfEFvcG/jgR4ljYGEEA7t3Yk/wB2vkn4gHd4otz1Hlhv1FfUPweUfYLx/VYl/Rj/AFrKLbZ6FelCNK6Wp6FRRRWp54UUUUAFBGRg9KKKAPiD4lwm28YRwYwYgYiPcPg/yr6e+DHOg3jdxMqflGh/9mr52+N0Qg+JU4X+KeRvxLk/1r6J+DB26FfRk/P9oVz9DEg/9lNZR+I9Ku70bnoNFFFanmhRRRQAUUUUAfFHxB1SLXPEV1eo2JjIz4I+6Sc4r2j4L+JY0e3WZgI71Ehdiekg+7+ZJH1YVxnw0+H2meJfGfxE0vV1kH2a6xbTRuQ0LeZICR2PQcHisO+03U/hl4hm0rWFaewmO6GaMELIv95fQ+o6g/gTlZp3PSU4VI+zPr6ivE/DHxVvpWhtoom1pRgYgtpGnx7lQQT74Hv617YOlaJ3OCdNwdmFFFFMgKKKKAAAAkgDJpskaSgCRFcDkBhmiigBVUKMKAB6CloooAKKKKAP/9k=\", \"amount\": 5, \"full_price\": \"149.95\", \"product_id\": \"9c42743a-34af-4ae7-9298-273fbd731492\", \"unit_price\": \"29.99\", \"final_price\": \"149.95\", \"unit_discount\": \"0.00\", \"total_discount\": \"0.00\", \"product_variant_id\": \"9c42747e-560f-4c68-a0e8-8c6504e21256\", \"original_unit_price\": \"29.99\"}, {\"id\": \"9c427485-984c-4106-92d5-97dbb685d31b\", \"sku\": \"M-LO001\", \"name\": \"Classic Leather Loafers - (Size) 9, (Colour) Dark Gray\", \"type\": \"product_variant\", \"urls\": null, \"image\": \"/9j/4AAQSkZJRgABAQEAYABgAAD//gA7Q1JFQVRPUjogZ2QtanBlZyB2MS4wICh1c2luZyBJSkcgSlBFRyB2ODApLCBxdWFsaXR5ID0gODAK/9sAQwAGBAUGBQQGBgUGBwcGCAoQCgoJCQoUDg8MEBcUGBgXFBYWGh0lHxobIxwWFiAsICMmJykqKRkfLTAtKDAlKCko/9sAQwEHBwcKCAoTCgoTKBoWGigoKCgoKCgoKCgoKCgoKCgoKCgoKCgoKCgoKCgoKCgoKCgoKCgoKCgoKCgoKCgoKCgo/8AAEQgAMgAyAwEiAAIRAQMRAf/EAB8AAAEFAQEBAQEBAAAAAAAAAAABAgMEBQYHCAkKC//EALUQAAIBAwMCBAMFBQQEAAABfQECAwAEEQUSITFBBhNRYQcicRQygZGhCCNCscEVUtHwJDNicoIJChYXGBkaJSYnKCkqNDU2Nzg5OkNERUZHSElKU1RVVldYWVpjZGVmZ2hpanN0dXZ3eHl6g4SFhoeIiYqSk5SVlpeYmZqio6Slpqeoqaqys7S1tre4ubrCw8TFxsfIycrS09TV1tfY2drh4uPk5ebn6Onq8fLz9PX29/j5+v/EAB8BAAMBAQEBAQEBAQEAAAAAAAABAgMEBQYHCAkKC//EALURAAIBAgQEAwQHBQQEAAECdwABAgMRBAUhMQYSQVEHYXETIjKBCBRCkaGxwQkjM1LwFWJy0QoWJDThJfEXGBkaJicoKSo1Njc4OTpDREVGR0hJSlNUVVZXWFlaY2RlZmdoaWpzdHV2d3h5eoKDhIWGh4iJipKTlJWWl5iZmqKjpKWmp6ipqrKztLW2t7i5usLDxMXGx8jJytLT1NXW19jZ2uLj5OXm5+jp6vLz9PX29/j5+v/aAAwDAQACEQMRAD8A1YTaqOY8H6f/AF6laazx0wR7GogXIztcfVRTXV2zw3/fsVwKJ6N0R3F1Bn5WYfRBWdcXkSqTlz+Ap+sTJp1hLd3W9IYxydgzknAH51wi+MLeeYLcxvbo/CSZDJ9GOODWkYXVyHPWx0Nxfxk/xflWfLfRnOVJ/AVKbO4uEDxDcjDIZcEEfWq82l3QBOCPriq5ULmIftUX90/kKKj/ALPuPainyi5j1CaYW0Ek1zNFHDGNzMxwAK4Bvi3ptvqLW11YXUUYOFlG1gR2bHHH50vj/XUu/DVxAiyA70ZiRwQGHv8ASvKHjgukVJvmUfdIPK/T29qqnSUldkTqNOx7H4l1GPxd4auINGmt7j7sgMRO9cHPzIQGA/CvI7HVNX8MawtwI2jkU4YModHHQgg8EH3re8AP/Y/iWC4jiimCqRl+cZGOB617Gtvo3iGPydUhhWUjiRhjP/Ah/WtI05xjdLQiUot76nPeC9U0XV5TLZ20entNHmS1hY7BJn5nRScAYA+UdOa6d9GeUExSxsK5+X4W3ul3bXHhvUrXymO77LdhtoPqrKMg/hXQeHNH1wXobWUt4UiztMc+8Pxj0B/Oi9KUNNGg/eKWuqK58PTZ++v50V2f9nr/AH0/M0VzcxtY8z1TwxNNGwRAyn+HFed634NntXaWCKSI9cAfKa9y+1N1Ea474NNllSTho0I9KUakkXKmnufNsV01hcj7UktvMp4ccA/0NddpXjQRRhZjFKP7wbafy5r1O60vSrtCtxp8D56kgVkTeBvDMxy+kR/8BYj+tdUMU0c8sPfqXPh14vl1DVEs4nD2u0kox3FeO3oK9N8yKQDeq1wXh/TdO8PRMmk2UdsrHLYOSfqSc1pvq7L1/pWNSftJXSsaQjyKzZ1gWDH8P60Vx51lv8kUVnZllVQNx4qF/wDWGiis0asZk5PJqNZH80je2PrRRVIhjZJH/vt+dRmRznLsfxooq0QyLcfU0UUUxn//2Q==\", \"amount\": 4, \"full_price\": \"119.96\", \"product_id\": \"9c427441-6d77-4a9b-b668-7906aca48814\", \"unit_price\": \"29.99\", \"final_price\": \"119.96\", \"unit_discount\": \"0.00\", \"total_discount\": \"0.00\", \"product_variant_id\": \"9c42747b-1386-4396-b005-a5a83af8590c\", \"original_unit_price\": \"29.99\"}, {\"id\": \"9c427485-a30a-463b-a0a5-b14fbc4c8ae5\", \"sku\": \"M-SA002\", \"name\": \"Sporty Outdoor Sandals - (Size) 8\", \"type\": \"product_variant\", \"urls\": null, \"image\": \"/9j/4AAQSkZJRgABAQEAYABgAAD//gA7Q1JFQVRPUjogZ2QtanBlZyB2MS4wICh1c2luZyBJSkcgSlBFRyB2ODApLCBxdWFsaXR5ID0gODAK/9sAQwAGBAUGBQQGBgUGBwcGCAoQCgoJCQoUDg8MEBcUGBgXFBYWGh0lHxobIxwWFiAsICMmJykqKRkfLTAtKDAlKCko/9sAQwEHBwcKCAoTCgoTKBoWGigoKCgoKCgoKCgoKCgoKCgoKCgoKCgoKCgoKCgoKCgoKCgoKCgoKCgoKCgoKCgoKCgo/8AAEQgAMgAyAwEiAAIRAQMRAf/EAB8AAAEFAQEBAQEBAAAAAAAAAAABAgMEBQYHCAkKC//EALUQAAIBAwMCBAMFBQQEAAABfQECAwAEEQUSITFBBhNRYQcicRQygZGhCCNCscEVUtHwJDNicoIJChYXGBkaJSYnKCkqNDU2Nzg5OkNERUZHSElKU1RVVldYWVpjZGVmZ2hpanN0dXZ3eHl6g4SFhoeIiYqSk5SVlpeYmZqio6Slpqeoqaqys7S1tre4ubrCw8TFxsfIycrS09TV1tfY2drh4uPk5ebn6Onq8fLz9PX29/j5+v/EAB8BAAMBAQEBAQEBAQEAAAAAAAABAgMEBQYHCAkKC//EALURAAIBAgQEAwQHBQQEAAECdwABAgMRBAUhMQYSQVEHYXETIjKBCBRCkaGxwQkjM1LwFWJy0QoWJDThJfEXGBkaJicoKSo1Njc4OTpDREVGR0hJSlNUVVZXWFlaY2RlZmdoaWpzdHV2d3h5eoKDhIWGh4iJipKTlJWWl5iZmqKjpKWmp6ipqrKztLW2t7i5usLDxMXGx8jJytLT1NXW19jZ2uLj5OXm5+jp6vLz9PX29/j5+v/aAAwDAQACEQMRAD8A+qaKKhvLmO0tZbiYkRxqWbAyePT1NICavKPj98ULj4c6RYLpdrFc6nfs4jMxOyJVxliO5+YADI7nnGD5ofi/8Q9Gnv7G/tLK5Cudl7NAfk3YKgbCFIww6jPrXk3iTSdT8Y6s+s+Idbku7mVQSTHjaP7qgcKB6AYrSnBz1WpMpKO56/4U+MHjrQF07UPiHp4l0jV1821wIo5AmAQyBcHGGHDjJ4wa+k9MvbfU9Otr6ykEttcRrLG4/iVhkGvibWTda5b2VvfTo0Gn2cdpbRN8qJHGvAGepOMk9zXtXw28UXemaPpd7qF9M2m7I7cxSSFlVRhMgHpg+lKu1TsnuOknUvY94oooqRhXkf7SGs6ro3hexk0+aOG0luBHPiTbK7cbFTg98sf92vXK+X/2j/FOm+JfENp4eslaWbSnkEkgY7TKwXKrjrtwQffIpwjzMTdkeY6jf6hq2o3NzqF3NEt3ceayl3ZE3MT0J6D0A7V2p8PeGknW5s725msI4REIxMQJG7yNg8E/3RgD37+dfaZbaOOOQBoY+FJPOfcnH8qtaW8mranDY6Ysn2yUhV254/2iR0A6k1pUhFq0J8rCm2neUbnSXei6dYR/2xq09ymiFtsNnu3TXLjsp/hT1J59K7X4daJrPxO1myvNStP7L8G6dIskdvECouGQgogJxlR3IGOMdeR3PgLwfpXiC+a51iBdSttHjSyt1uFDI0uA8jlehPKe3WvYIYo4YkjhRY40G1VUYAHoBXLC80pTdzabUW4wVh1FFFamRyHxG8daZ4L0pnuriL+0ZlItbZj80jdMkDooPU/h1r491e/Nld3E7CLMkjOzKuCpYknH4nP4/l6V+07ol7a+OLbXZfNl0yeGOLKDPlbM5T2znI7ZJrybS00bU9Yb+1k1S8gUkRR2aAtJyeWGePwzVRqcidlqLk5nqXIJLPWkjgtE8+ZztWNVy5P0713/AIfsrzSPs3hnwzYWz+Kr4Ezyqcrbx8kbmPGcc+n14zpeG9A16+h+z+FPDEmgWLYBu7m3PnOPbPH5nFev+AfBEvhq1cQIEup+bm6mcPNMck/MR9TxWdSTrW5lY0ilSvys6rwhocHhnw9aaXDIZTEpMkzfemkJyzn3JJNbIYHpVa3tPLA8xy7epq0AB0oJCiiiqEIVDDDAEe9CoqjCqAPYUUUALRRRSAKKKKACiiimB//Z\", \"amount\": 5, \"full_price\": \"117.50\", \"product_id\": \"9c427448-a5ad-44d0-b513-df19ec8971e3\", \"unit_price\": \"23.50\", \"final_price\": \"117.50\", \"unit_discount\": \"0.00\", \"total_discount\": \"0.00\", \"product_variant_id\": \"9c42747e-c964-492d-9b80-35896057e467\", \"original_unit_price\": \"23.50\"}, {\"id\": \"9c427485-9d51-486f-a29a-16d02227cce4\", \"sku\": \"M-TI001\", \"name\": \"Classic Silk Tie\", \"type\": \"product\", \"urls\": null, \"image\": \"/9j/4AAQSkZJRgABAQEAYABgAAD//gA7Q1JFQVRPUjogZ2QtanBlZyB2MS4wICh1c2luZyBJSkcgSlBFRyB2ODApLCBxdWFsaXR5ID0gODAK/9sAQwAGBAUGBQQGBgUGBwcGCAoQCgoJCQoUDg8MEBcUGBgXFBYWGh0lHxobIxwWFiAsICMmJykqKRkfLTAtKDAlKCko/9sAQwEHBwcKCAoTCgoTKBoWGigoKCgoKCgoKCgoKCgoKCgoKCgoKCgoKCgoKCgoKCgoKCgoKCgoKCgoKCgoKCgoKCgo/8AAEQgAMgAyAwEiAAIRAQMRAf/EAB8AAAEFAQEBAQEBAAAAAAAAAAABAgMEBQYHCAkKC//EALUQAAIBAwMCBAMFBQQEAAABfQECAwAEEQUSITFBBhNRYQcicRQygZGhCCNCscEVUtHwJDNicoIJChYXGBkaJSYnKCkqNDU2Nzg5OkNERUZHSElKU1RVVldYWVpjZGVmZ2hpanN0dXZ3eHl6g4SFhoeIiYqSk5SVlpeYmZqio6Slpqeoqaqys7S1tre4ubrCw8TFxsfIycrS09TV1tfY2drh4uPk5ebn6Onq8fLz9PX29/j5+v/EAB8BAAMBAQEBAQEBAQEAAAAAAAABAgMEBQYHCAkKC//EALURAAIBAgQEAwQHBQQEAAECdwABAgMRBAUhMQYSQVEHYXETIjKBCBRCkaGxwQkjM1LwFWJy0QoWJDThJfEXGBkaJicoKSo1Njc4OTpDREVGR0hJSlNUVVZXWFlaY2RlZmdoaWpzdHV2d3h5eoKDhIWGh4iJipKTlJWWl5iZmqKjpKWmp6ipqrKztLW2t7i5usLDxMXGx8jJytLT1NXW19jZ2uLj5OXm5+jp6vLz9PX29/j5+v/aAAwDAQACEQMRAD8A2/jv4vv7rxDcaNaXM0Wm2gEckce5UncjLF3BHC8DaSOjHniuJ0nX9Q0W7SCS8mWyUESM07lFZSOOzcg8jr0PA6SfEO7e38R6/K8cTTTalcx8sUdVDDGOm7njGSOB06ChDc6dfWV99jCwbBI6mQhPJUIAR7/M204/hVfSuKtO3vNHXRu/dT3X9eTO8tby+ju5Fubq4X7RGRFM8jFQQdvUnAOTjk9sZzwOO1PxB4mtpDHeXl3JErExrIWCNgnO3nkDBGfcYzmtTwBrNr/wjdtq8arc3IYobWFFhQSIAGlIGeuFwMA5LepqDVnnufDbq07alh0nbbkkR/MrLlgPmHJwDz2PXF0G3U5LX7+RyLEe77OW/l+v9XO2+EnxVxqUejazeSSRSEKj3Em8xEkAYfqVJI4bpnr2r6Br4h0bQ7i90U6i6K1s0rkKIthXGOR2YDAyATjJ9a+pfg14kfxH4JtTdNm/sv8ARbjJJLFR8rZIBORjn1zXdOEIaRlfp8yfaub95Wf5nc0UUVmUfNH7Qvhu3g1hdZ8gGG45kAcgiUY6DBB3YB/AmvEdOvXs7kSzbAkkUiMuDhcuW7Z64C57Z9q+6vFPh2x8Q6XNZahAs0MgwVP8wexr5k8c/BDVbC4uJPD91E9q7bisoPmAenofrgGs5Q5lY1pzULyOJ+GWuNbate6awxbXe2ZSpKskijGUYcKcHqeOMcZr09vP0m4htLlmvThmh/c5Lqg3Ko7tnGAvU5HXg14onh3WvD2t29xJJJFPE/yykZEeeNwHPIzkY5zyK940JbaWMy3UsVxdSgTmNwQQ5Y8gYzn5iNzgMcDgAAnDEJU/eauv1/T+uhjGM51EoddDlNE1Ce7ur7TrC2uIJbp/NjjyBvKkK3yFvlbIJyBnnPGOe++EepSeHvEclnqTmFruVbWSKRNpDgfKwOezErjHIYGvO/E19bX72c0FqkWpwSB5Cx+UYI9MEk7W+oPbinx6y91LBcyWsNq1nKGMMOeGXPO7klvmJz7j0zXTKhUqNVacfk9/l3uKrUjR0k72+7X8rH19RWf4fvG1DQdNvHILXFtHMSOhLKD/AFoqhp3NCqt7arMh4GatUUDPJPHvhWC7hdxEN30rxLRb6+8MeKDaXsziyeRwuSADG+MgE9+Mc+1fXt7Yx3KkMBzXl3xE+FVrr1vvgJhnGcMBkVNWnGrHlkONlJSa2dzybW9Caa1M+jkTWsp3NgFgCQfl55LZB57YORXNT2bxSMyBoWdASyxj5vXgj378571vTeD/ABz4Odn08S3lugIURtkgcnofqfzNFj4wWWRLfWtPjhuQqBlkiK7TkKeCPRc++T35pLFVcPbmV13/AMzWpToT20v+H9fM+ivB2oCHwjocRZspYwKePSNaK4ay1m8gs4IiVBjjVcCJsDAxRWMsXG+pqsFPp+R7XRRRXScgUUUUAQzRoRyin6iuW8T6Tp15bP8Aa7C0nwCR5sKtj8xRRSZRR07QtI/s+1/4ldh/ql/5d09B7UUUVwPc9FH/2Q==\", \"amount\": 7, \"full_price\": \"139.93\", \"product_id\": \"9c427468-ff76-487b-9d41-2c68977b3cf7\", \"unit_price\": \"17.99\", \"final_price\": \"125.93\", \"unit_discount\": \"2.00\", \"total_discount\": \"14.00\", \"original_unit_price\": \"19.99\"}]','{\"id\": \"9c4273eb-fd8e-47f4-a83d-9386a32ee3e1\", \"code\": \"JS8WQPFZWW\", \"slug\": \"2-off-1\", \"type\": 2, \"value\": \"£2\", \"amount\": 2, \"enabled\": true, \"created_at\": \"2024-06-11T07:51:06.000000Z\", \"deleted_at\": null, \"updated_at\": \"2024-06-11T07:51:06.000000Z\", \"valid_from\": \"2023-10-12T08:00:00.000000Z\", \"valid_until\": \"2024-10-12T08:00:00.000000Z\"}','{\"id\": \"9c4273ec-bcf9-4b26-ab32-2cb9674ab238\", \"name\": {\"de\": \"Lokal (kostenlos bis 10 kg)\", \"en\": \"Local (free up to 10kg)\", \"fr\": \"Local (gratuit jusqu&#39;à 10kg)\"}, \"slug\": \"local-small-1\", \"price\": 0, \"enabled\": true, \"created_at\": \"2024-06-11T07:51:06.000000Z\", \"deleted_at\": null, \"updated_at\": \"2024-06-11T07:51:06.000000Z\", \"description\": {\"de\": \"Sie genießen eine kostenlose Lieferung im Umkreis von 5 km von unserem Lager.\", \"en\": \"You enjoy free delivery within 5km range from our warehouse.\", \"fr\": \"Vous bénéficiez d&#39;une livraison gratuite dans un rayon de 5 km depuis notre entrepôt.\"}, \"enabled_by_default_on_creation\": true}','{\"delivery\": 0, \"subtotal\": 954.18, \"total_payable\": 952.18, \"applied_discount\": 16}',1,'florence-cox-eileenport',NULL,'2024-06-11 07:52:48','2024-06-11 07:52:48'),('9c427488-b4a8-4fd5-8a63-17622a4373da','9c4273cc-9924-4a2c-a0a1-af3018b37ab3','9c427485-27f2-4bd0-a860-bed640d53c21','{\"id\": \"9c427485-0909-4c84-ac9c-1905faa11bec\", \"lat\": \"-10.151721\", \"lon\": \"96.881978\", \"name\": null, \"slug\": \"alice-cooper-port-sofia\", \"town\": \"Port Sofia\", \"country\": \"UK\", \"user_id\": \"9c4273cc-9924-4a2c-a0a1-af3018b37ab3\", \"post_code\": \"L25 2NW\", \"created_at\": \"2024-06-11T07:52:46.000000Z\", \"deleted_at\": null, \"updated_at\": \"2024-06-11T07:52:46.000000Z\", \"address_line_1\": \"67 Eden Pines\", \"address_line_2\": null, \"google_maps_url\": \"https://www.google.com/maps/@-10.151721,96.881978,14z\"}','{\"amount\": \"1625.93\", \"source\": {\"id\": \"9c427485-1a2e-49fd-a392-fc3644f0d3b5\", \"name\": \"nulla odit\", \"slug\": \"cooper-nulla-odit\", \"brand\": \"mastercard\", \"user_id\": \"9c4273cc-9924-4a2c-a0a1-af3018b37ab3\", \"exp_year\": \"2022\", \"exp_month\": \"2\", \"last_four\": \"4950\", \"source_id\": \"CkoLIBfxSHQlx6ZbeJ0YqaWGtq1OWXAOqpTo6G85eNi3SQ0UbvCIVOG75HTbeS57ffjznNOd9bHcSIn39kMKSzSCm52Ndw28MwUtK1xVxlH5ooiVHv3n5JcgmsESXJhJYYYSsCpTGREoaTVbEEU4Dt\", \"created_at\": \"2024-06-11T07:52:46.000000Z\", \"deleted_at\": null, \"updated_at\": \"2024-06-11T07:52:46.000000Z\", \"stripe_user_id\": \"6cTk4gl95vybPXrJlCRfumLn6gzYgW81mldDFIHQqnLy3EANa0wNizMHpqb6GncZb5HZi7wNM6iLqMNNcyk2h4wV0wDj4ydm9xgARpX2JeKtfK4gcQ8iNZCR\", \"payment_method_id\": 3}, \"created_at\": \"11-06-2024 07:52\", \"payment_ref\": \"z1fEFqIhqB\"}','[{\"id\": \"9c427485-b67a-4dbe-9021-8cc648a33fd9\", \"sku\": \"M-TR001\", \"name\": \"Classic Dress Trousers - (Size) XL\", \"type\": \"product_variant\", \"urls\": null, \"image\": \"/9j/4AAQSkZJRgABAQEAYABgAAD//gA7Q1JFQVRPUjogZ2QtanBlZyB2MS4wICh1c2luZyBJSkcgSlBFRyB2ODApLCBxdWFsaXR5ID0gODAK/9sAQwAGBAUGBQQGBgUGBwcGCAoQCgoJCQoUDg8MEBcUGBgXFBYWGh0lHxobIxwWFiAsICMmJykqKRkfLTAtKDAlKCko/9sAQwEHBwcKCAoTCgoTKBoWGigoKCgoKCgoKCgoKCgoKCgoKCgoKCgoKCgoKCgoKCgoKCgoKCgoKCgoKCgoKCgoKCgo/8AAEQgAMgAyAwEiAAIRAQMRAf/EAB8AAAEFAQEBAQEBAAAAAAAAAAABAgMEBQYHCAkKC//EALUQAAIBAwMCBAMFBQQEAAABfQECAwAEEQUSITFBBhNRYQcicRQygZGhCCNCscEVUtHwJDNicoIJChYXGBkaJSYnKCkqNDU2Nzg5OkNERUZHSElKU1RVVldYWVpjZGVmZ2hpanN0dXZ3eHl6g4SFhoeIiYqSk5SVlpeYmZqio6Slpqeoqaqys7S1tre4ubrCw8TFxsfIycrS09TV1tfY2drh4uPk5ebn6Onq8fLz9PX29/j5+v/EAB8BAAMBAQEBAQEBAQEAAAAAAAABAgMEBQYHCAkKC//EALURAAIBAgQEAwQHBQQEAAECdwABAgMRBAUhMQYSQVEHYXETIjKBCBRCkaGxwQkjM1LwFWJy0QoWJDThJfEXGBkaJicoKSo1Njc4OTpDREVGR0hJSlNUVVZXWFlaY2RlZmdoaWpzdHV2d3h5eoKDhIWGh4iJipKTlJWWl5iZmqKjpKWmp6ipqrKztLW2t7i5usLDxMXGx8jJytLT1NXW19jZ2uLj5OXm5+jp6vLz9PX29/j5+v/aAAwDAQACEQMRAD8A+qaKKKAPkj4zePvEA+Ims2ul67qVjZWsogSG2uGjAKqAx+Ujq2a4J/iB4ugdXj8Wa7uBBAa9kYfkTg0/40O8PxQ8Tgcf6a5/M5/rXEsZVcxyhldTgqwwQaLln6OaReDUNJsr0DAuYEmA9Nyg/wBat1k+EU8vwpoqHqtlAP8AyGta1BAUUUUAFFFFAHwp8e49nxZ8SKO9wrfmin+tVvjRpaaL8TdZsY12rG0TAf70KMf1Nbfxht/tnx71G2xkTX9vFj6rGKsftRW/kfFy8kx/r7aCT64Xb/7LSLPsTRE8vRdPT+7bxj8lFXaq6Uc6XZn1hT/0EVapkBRRRQAUUUUAfGnjFftP7UUcOMhtctFP03R5q5+12nl/EqwcD/WaXGfyllH9KL+AzftbpHjpq0cn/fKBv6VZ/bHTb420ST+9p238pX/xpFH1TobbtE09vW3jP/joq7VDQARoOmg9RbRj/wAdFX6ZIUUUUAFFFFAGadB0c6uNVOlaedUHS8+zJ53TH38bunHWnapomlas8b6rpljetH9w3NukhT6bgcUUUhmgoCgBQABwAO1FFFMQUUUUAf/Z\", \"amount\": 4, \"full_price\": \"111.96\", \"product_id\": \"9c427402-69ff-458e-9080-7043ee891a99\", \"unit_price\": \"27.99\", \"final_price\": \"111.96\", \"unit_discount\": \"0.00\", \"total_discount\": \"0.00\", \"product_variant_id\": \"9c42747c-ff0d-4ad4-9fa5-dbd4cd83548c\", \"original_unit_price\": \"27.99\"}, {\"id\": \"9c427485-b0be-4f23-9970-be7f323c7594\", \"sku\": \"W-P002\", \"name\": \"Sporty Performance Polo - (Size) S\", \"type\": \"product_variant\", \"urls\": null, \"image\": \"/9j/4AAQSkZJRgABAQEAYABgAAD//gA7Q1JFQVRPUjogZ2QtanBlZyB2MS4wICh1c2luZyBJSkcgSlBFRyB2ODApLCBxdWFsaXR5ID0gODAK/9sAQwAGBAUGBQQGBgUGBwcGCAoQCgoJCQoUDg8MEBcUGBgXFBYWGh0lHxobIxwWFiAsICMmJykqKRkfLTAtKDAlKCko/9sAQwEHBwcKCAoTCgoTKBoWGigoKCgoKCgoKCgoKCgoKCgoKCgoKCgoKCgoKCgoKCgoKCgoKCgoKCgoKCgoKCgoKCgo/8AAEQgAMgAyAwEiAAIRAQMRAf/EAB8AAAEFAQEBAQEBAAAAAAAAAAABAgMEBQYHCAkKC//EALUQAAIBAwMCBAMFBQQEAAABfQECAwAEEQUSITFBBhNRYQcicRQygZGhCCNCscEVUtHwJDNicoIJChYXGBkaJSYnKCkqNDU2Nzg5OkNERUZHSElKU1RVVldYWVpjZGVmZ2hpanN0dXZ3eHl6g4SFhoeIiYqSk5SVlpeYmZqio6Slpqeoqaqys7S1tre4ubrCw8TFxsfIycrS09TV1tfY2drh4uPk5ebn6Onq8fLz9PX29/j5+v/EAB8BAAMBAQEBAQEBAQEAAAAAAAABAgMEBQYHCAkKC//EALURAAIBAgQEAwQHBQQEAAECdwABAgMRBAUhMQYSQVEHYXETIjKBCBRCkaGxwQkjM1LwFWJy0QoWJDThJfEXGBkaJicoKSo1Njc4OTpDREVGR0hJSlNUVVZXWFlaY2RlZmdoaWpzdHV2d3h5eoKDhIWGh4iJipKTlJWWl5iZmqKjpKWmp6ipqrKztLW2t7i5usLDxMXGx8jJytLT1NXW19jZ2uLj5OXm5+jp6vLz9PX29/j5+v/aAAwDAQACEQMRAD8A8y8PWDMUwCS/AwPzr6A8E6fFb6aLeNDI8gAOckE4/LvXjHw7mSa/iF3m3jDgAlsb8jt6cA/pXS6z8WYvDuprBZ2/2+xjba8hfkDuFGMZB7557V4NWFWpPlijouktTt/E/iGW48VJ4K0GSytLxYPtN/fXJAS2TICgZ6sSy/TI6dRmeE/E99pni+78G6jrEWou8Rkhu4UVSzLnfGcE4x1654Oa4Xwb44j1X4uW+rQ2jSS3y/Y5FaMY8sEFHbOeQQo4PYdKyfGmraxafFDTtXlsLhYbKRxC7QBRISW6lRg5zjNddGEoRVPyNoqKiptdT27xDFdGHytPQrkfM69c+1ccfACSzi41GVnPLEZ6/wCeT+VcxJ8aNTCrmxtck44Q/wDxVQWnxc1rV9QgtLe1tYpbgZG5S3bPr7elCpyWxo5Um7ydzfm8J24lfYqKu44G3oKKyJvE/iBJnQ/YSVYj/UH/AOKopWkVzUTm9Xt5dGna0STZJb2+G2nkMz4PP+6BXJ6kgkg2t0LAHH1r2KP4jaKJQ8vhHSriWXAZ5EVicDjJIPbFaFr470W4miWPwTojA8YFshb2x8vWnDFSitYfkcMopvc9e8M/DvwzaWwvdGsRp08qiN5ITkkKfu/PnjKg8Yzir2qx6X4U0S51m4D+YkW+R3YyN64UEnHPYcVk+F9W1O4hnV7kRRwyFEUx8nABOfzP5V5l8cdT1a5CWM94PsbEB0XgnPHWvVjJSjzoxmnFuDOA+L8LXuvWmqrCFN6iyMQoXPIIJ98H9K4bwgWi8VaHKq7gJoQR7EgH+dexNq2l6VZW2o61oa6nZzW8UMImOdjKDnB+hFZh8c+CVvYHtvBFpFcRMpR0crtI6HivNnibybjF2N3T5PdbMrU79F1K7Gekrj9TRVa/1/R5764l/siceZIzYE/Ayc/3aKjm8mM5CKYM6gkZ6jmus8Fzu/iXR40USA3UYIPI++OK5W30XU2OY4GbP+wwx+ldR4M0TVrbWorq6jSKCJZXyzY52Ntz+OKqSi9Lijuj6gttS0eQywabqWl3U6sfPEd3GWB6lQufwJP09a87+JOiTXVvLdT7BucLGNwLMx7KPbrXz1quoNatLIuN0nysduOPwqlpMdybj7TY3M0UpJZpIXZSM+4Ir1lTa9xbHM5J+91PSvGN0X+Gvh2GTChGnBz6h8fyry5phHOhUg812/iKyv8A/hCNAtzGWfbJccP0UsQOvXPBrz65tbyJ/ngZceteZCCV1c66t3Z+SNVplLE5PJoqiEmIB2/rRT5TM+19NsLPycfZLf8A79r/AIVn+PbO2j8I6g0dvCrBAQVQAjkUUV5S+NGkfjXqfHXiL/WTDtuNdb4ljS31+ZIEWJPJhO1BtGTGuTxRRX1H/L1ej/Q4Xsdf4K/f+J9Hgm/eQjT2by35XO0c46V1muWNptf/AEWD/v2KKK+er/xf67ndW+JeiOQNrb5P7iL/AL4FFFFIzP/Z\", \"amount\": 5, \"full_price\": \"97.50\", \"product_id\": \"9c427410-66d7-441a-8e70-d6d91f6923bc\", \"unit_price\": \"19.50\", \"final_price\": \"97.50\", \"unit_discount\": \"0.00\", \"total_discount\": \"0.00\", \"product_variant_id\": \"9c42747d-5529-4a27-b1a8-5ae352b9e421\", \"original_unit_price\": \"19.50\"}, {\"id\": \"9c427485-bd32-4c70-9ea9-9bf3096ca7c7\", \"sku\": \"W-S001\", \"name\": \"Elegant A-Line Skirt - (Size) L, (Colour) Bright Green\", \"type\": \"product_variant\", \"urls\": null, \"image\": \"/9j/4AAQSkZJRgABAQEAYABgAAD//gA7Q1JFQVRPUjogZ2QtanBlZyB2MS4wICh1c2luZyBJSkcgSlBFRyB2ODApLCBxdWFsaXR5ID0gODAK/9sAQwAGBAUGBQQGBgUGBwcGCAoQCgoJCQoUDg8MEBcUGBgXFBYWGh0lHxobIxwWFiAsICMmJykqKRkfLTAtKDAlKCko/9sAQwEHBwcKCAoTCgoTKBoWGigoKCgoKCgoKCgoKCgoKCgoKCgoKCgoKCgoKCgoKCgoKCgoKCgoKCgoKCgoKCgoKCgo/8AAEQgAMgAyAwEiAAIRAQMRAf/EAB8AAAEFAQEBAQEBAAAAAAAAAAABAgMEBQYHCAkKC//EALUQAAIBAwMCBAMFBQQEAAABfQECAwAEEQUSITFBBhNRYQcicRQygZGhCCNCscEVUtHwJDNicoIJChYXGBkaJSYnKCkqNDU2Nzg5OkNERUZHSElKU1RVVldYWVpjZGVmZ2hpanN0dXZ3eHl6g4SFhoeIiYqSk5SVlpeYmZqio6Slpqeoqaqys7S1tre4ubrCw8TFxsfIycrS09TV1tfY2drh4uPk5ebn6Onq8fLz9PX29/j5+v/EAB8BAAMBAQEBAQEBAQEAAAAAAAABAgMEBQYHCAkKC//EALURAAIBAgQEAwQHBQQEAAECdwABAgMRBAUhMQYSQVEHYXETIjKBCBRCkaGxwQkjM1LwFWJy0QoWJDThJfEXGBkaJicoKSo1Njc4OTpDREVGR0hJSlNUVVZXWFlaY2RlZmdoaWpzdHV2d3h5eoKDhIWGh4iJipKTlJWWl5iZmqKjpKWmp6ipqrKztLW2t7i5usLDxMXGx8jJytLT1NXW19jZ2uLj5OXm5+jp6vLz9PX29/j5+v/aAAwDAQACEQMRAD8A+k7T7orQiHfNZ1qflFUfEsVrd2Zhvo0eFPn+Y4AP50Uoc8kjOtVVKLkzYvbBJ8vGQkvXd61z+paWk4KTH7NdH7sinCv/APXrjdT0GwSP/R5JLbPKtFdTRforVxev6RqVrHi313UELfMgluEdfw3813f2bKSvFnAs1pp2kmjofEWiX1vdJHd+YUZsBySRj2NW9LgNvp8UT8Fc/wA6840rW/F9jqEMd7ry3NkXAePMbkr+GcGvTDOHOc9a5a2GnQtzdTvo4mGIXudCbBoqPzBRWBsegi5S3tHmkOERSx/CuYv9RRzELyVYwym4lZjgKMgBf1P/AHzTvE14wsYLWP707jdj+6K4vWb5p5tbaOOCZYpI7MCY/IQib2/8elI/CvYwGH9xTfU8HMsReo6a2X5sng1M6x4hvvLnSW2iYRR+Wcrj61zHxC1BbfxjArvtjS3I56dq2fh9abN8v2WO2DNu2RklfrXH+PLM6v4wSJWIJfbx+Fery2dl0PKi1zO5NZkanoWp6gLC3hsoZIolcRgPOxcbiT2AGOnc+1dHpl75lpEd2TtwT9OK0/EGnwaT4AezgULHGinHvkHNcPoN2N1xCDyjhsemRz+oavOzGPPS5l0Z6uVztVce6O3FyMdaKxhNx1orwz6Cx6Dc232meO43sxjHEfr9DXn+pW58O6Iw1qdDeSzTXMgjbKszuSME47YFd7az8DmsXxzZxX+lh5FB2cHNdcMxqUIbXSOKWV0cTU1dmxPBDrLoqTqVbcucqQRXKaFCNS+IU7HlbYFm9iTxXC6lf3GlyE6bcS20qjG6JypI9DjqK9X+A2jFvDs2taqxuL3UHLF27KvAGB+NbwzqEk246mNXhypTfuzTRa8fSrJpEkG4BXwD+deX2kLQavPcIf3ciBWGe4JP9TXq3j2CxKsPK5Ho7D+teVtKPMOOmaitmcatJ04RLw+UTw1RVJyv6G0Lk4HNFZgm4FFeZc9Wx6xaHim69zod5n/nnRRTqfAyaX8Rep89awSbl8mvo/4UgD4faVgY/dH/ANCNFFcNM9nEbI5vx2Tubk968xY/MaKK2pbM48T0JAeBRRRWpzH/2Q==\", \"amount\": 7, \"full_price\": \"202.93\", \"product_id\": \"9c427414-5cf5-480d-8324-74ea8f9e275c\", \"unit_price\": \"28.99\", \"final_price\": \"202.93\", \"unit_discount\": \"0.00\", \"total_discount\": \"0.00\", \"product_variant_id\": \"9c42747a-2ace-43b8-b11e-0067528028ee\", \"original_unit_price\": \"28.99\"}, {\"id\": \"9c427485-bfeb-4d25-af9f-f7a3470be4ce\", \"sku\": \"W-S003\", \"name\": \"Floral Midi Skirt - (Size) L\", \"type\": \"product_variant\", \"urls\": null, \"image\": \"/9j/4AAQSkZJRgABAQEAYABgAAD//gA7Q1JFQVRPUjogZ2QtanBlZyB2MS4wICh1c2luZyBJSkcgSlBFRyB2ODApLCBxdWFsaXR5ID0gODAK/9sAQwAGBAUGBQQGBgUGBwcGCAoQCgoJCQoUDg8MEBcUGBgXFBYWGh0lHxobIxwWFiAsICMmJykqKRkfLTAtKDAlKCko/9sAQwEHBwcKCAoTCgoTKBoWGigoKCgoKCgoKCgoKCgoKCgoKCgoKCgoKCgoKCgoKCgoKCgoKCgoKCgoKCgoKCgoKCgo/8AAEQgAMgAyAwEiAAIRAQMRAf/EAB8AAAEFAQEBAQEBAAAAAAAAAAABAgMEBQYHCAkKC//EALUQAAIBAwMCBAMFBQQEAAABfQECAwAEEQUSITFBBhNRYQcicRQygZGhCCNCscEVUtHwJDNicoIJChYXGBkaJSYnKCkqNDU2Nzg5OkNERUZHSElKU1RVVldYWVpjZGVmZ2hpanN0dXZ3eHl6g4SFhoeIiYqSk5SVlpeYmZqio6Slpqeoqaqys7S1tre4ubrCw8TFxsfIycrS09TV1tfY2drh4uPk5ebn6Onq8fLz9PX29/j5+v/EAB8BAAMBAQEBAQEBAQEAAAAAAAABAgMEBQYHCAkKC//EALURAAIBAgQEAwQHBQQEAAECdwABAgMRBAUhMQYSQVEHYXETIjKBCBRCkaGxwQkjM1LwFWJy0QoWJDThJfEXGBkaJicoKSo1Njc4OTpDREVGR0hJSlNUVVZXWFlaY2RlZmdoaWpzdHV2d3h5eoKDhIWGh4iJipKTlJWWl5iZmqKjpKWmp6ipqrKztLW2t7i5usLDxMXGx8jJytLT1NXW19jZ2uLj5OXm5+jp6vLz9PX29/j5+v/aAAwDAQACEQMRAD8A+qayfFuq/wBheFtX1UAM1nayzqp6MyqSB+JwK1q89+O0oHw+mtWSR1vLmCFhG207Q4c/N24QjPvSbsrsaV3Y8RPxM8XCCaddemnjjkW2WVIkCIG37pJlKgq6jBx90YGalX4keK2Eso8RHY0kdqJ08t4IUIAMzjblWzg4Py/MRxxXERWV3BrP9k6rDLFqKRzSySROCxRmV98h6SDGV2/7OeaS2Y6rewWmoNNYahOlxLctHCo+VpY5VllQcMCCBjjG3Paua73v/wAN3N7dLf12Pqb4MeKLvxV4TlutSkjku4rqSNmjYMNpwyjIA6BscgHiu9rw79nvWo7zXdetvtEclzLEk0qpEI8lXYCTA4O9ZE544VR2r3GuiN7amEt9AoooqhBXjH7U90yeBLKxRZSbu8wSgJACxu3zAfw5wD6Zz2r2evD/ANqJ7WDTfDVzqF5JbWsN25byvvsSoUbR3xncR6CplsOO54hZxrN5aWrf2OLq3hkQXVwSbvyxjbE56B/NI2njHbtUEshitbm3lnNjPmTcLmQ5kjjwGhhlHUEYTb7e2KfYKqme2t5UudHtQ8KTsQWvmGySO3AIDL0IGMZ447VW0COYx2EU0kK6ZZBxdXkiKYolk2SCEqT8v7wMpxjOccYrl6tv+v8Ag+R0eSPcvga8Vl4yu4jZ/wBnnUIWmtrb5XURBYjlXA45IyvTPr1r3qvmX4ATy3Xji2+zaNBYWcEU2SXAlCuoZVKn5iOQc9+O+a+mq3pK0bGNTV3CiiitSAr59/az1JtOi8MskkIYreMscsHm72AiHA7EBicnj65r6Crwr9pewur2+8LtY6Wb+ZGmU4x8sbbPMHI2jKgjJ6EioqNKLuXBXkjxm+lZ5Uur5Z724K/bY7+ytwirNuXblTjeFAPTPUjHeqULQyWQW6tBqNhePNO7W8ggm8uNWA80cAEt82Ovy9O1NtlazmsmuXuo7qXzrXTLdo8JaOzgK28H51AGD1PTg961nFHFpRe/3rpWlyrMti8ZJnd1AbEnPB5Yeue3WuVK39f11+Ru9f6/r/M9V+C+o3T+PPDSXA82S6jlNxNPbiF0kW3I8tP7wGD27E/T6er5b+EGnahJ8RPDurak2oTSO8kkSI2+CGN7ZgN3fcFIBboSeuev1JW9C3LoZVb82oUUUVsZBTZY0ljaOVFdGGGVhkEehFFFDApJoulI0LJplirQf6oiBAY+c/LxxzzxU0VhZxTyzxWluk0rbpJFjAZzjGSccnAAoorMtksEENuhS3ijiQnJVFCjPrxUlFFaEBRRRQB//9k=\", \"amount\": 2, \"full_price\": \"45.98\", \"product_id\": \"9c427418-4736-4bac-99cc-ada2a171a3ae\", \"unit_price\": \"22.99\", \"final_price\": \"45.98\", \"unit_discount\": \"0.00\", \"total_discount\": \"0.00\", \"product_variant_id\": \"9c42747d-7cfe-48fe-9b48-874e74e444a3\", \"original_unit_price\": \"22.99\"}, {\"id\": \"9c427485-b3a7-407d-aaac-6904083eb660\", \"sku\": \"W-TR003\", \"name\": \"Sporty Track Pants - (Size) XL\", \"type\": \"product_variant\", \"urls\": null, \"image\": \"/9j/4AAQSkZJRgABAQEAYABgAAD//gA7Q1JFQVRPUjogZ2QtanBlZyB2MS4wICh1c2luZyBJSkcgSlBFRyB2ODApLCBxdWFsaXR5ID0gODAK/9sAQwAGBAUGBQQGBgUGBwcGCAoQCgoJCQoUDg8MEBcUGBgXFBYWGh0lHxobIxwWFiAsICMmJykqKRkfLTAtKDAlKCko/9sAQwEHBwcKCAoTCgoTKBoWGigoKCgoKCgoKCgoKCgoKCgoKCgoKCgoKCgoKCgoKCgoKCgoKCgoKCgoKCgoKCgoKCgo/8AAEQgAMgAyAwEiAAIRAQMRAf/EAB8AAAEFAQEBAQEBAAAAAAAAAAABAgMEBQYHCAkKC//EALUQAAIBAwMCBAMFBQQEAAABfQECAwAEEQUSITFBBhNRYQcicRQygZGhCCNCscEVUtHwJDNicoIJChYXGBkaJSYnKCkqNDU2Nzg5OkNERUZHSElKU1RVVldYWVpjZGVmZ2hpanN0dXZ3eHl6g4SFhoeIiYqSk5SVlpeYmZqio6Slpqeoqaqys7S1tre4ubrCw8TFxsfIycrS09TV1tfY2drh4uPk5ebn6Onq8fLz9PX29/j5+v/EAB8BAAMBAQEBAQEBAQEAAAAAAAABAgMEBQYHCAkKC//EALURAAIBAgQEAwQHBQQEAAECdwABAgMRBAUhMQYSQVEHYXETIjKBCBRCkaGxwQkjM1LwFWJy0QoWJDThJfEXGBkaJicoKSo1Njc4OTpDREVGR0hJSlNUVVZXWFlaY2RlZmdoaWpzdHV2d3h5eoKDhIWGh4iJipKTlJWWl5iZmqKjpKWmp6ipqrKztLW2t7i5usLDxMXGx8jJytLT1NXW19jZ2uLj5OXm5+jp6vLz9PX29/j5+v/aAAwDAQACEQMRAD8A3LGDpxW1bwDHSqlgnA4rat06cUizlPEtzqem+INDms7R7mzecRSRohYsWDKex5AYEe4HrmptD8Pavpeu6/LqFmq2k0iSrcCVdiqqBQuMDknJ6D6V6f4UuVjultNis0yyMob1G3/GqPxVlmj0F4LURBj+9baTkhCGIx3GAaxUHzOSZ0e0XKqbRyssAqpND7VpxHzbWGTBBZASD24qCRc1rcx20M7yKKu+WPSimA2wHArYtx0rIsegrYg7UEmT4p8Wy+GjbtaTRQzorMTIoIKsQO/+7Xn178UdZ1bUbeS8uLFrGKTbKY4sZj3YIHJ5Irf+Ltup06CbaNxV0JP5/wCNeNeB41vdU0LT5EAAv1LqBjK7t38jXXThD2e3czcnzH0uoYQJ5nDkZb6nrVaXrV246VQlPNca0Nr31EyKKi3e1FMQ2xkQAc1sQSJxzV230UKB8lX49KAH3adibnnfxXUP4SeWPG6KQN+BBH8yK8T+GDNN4/0RigGckn3VG/8Aia+i/ibpLSeB9U8pMvGiy49QrAn9Aa8K+DWnlvHNrPMypBaQSsXdgvJG3GDzn5q6YNKk7kPV6HvM8ikVnzyDnFX7ma15CSq3+7zWfJ8+RGrn8K5bGiZB5g9aKd9nn/55t+VFFh3PVUAx0FSY4ooqzMyvFChvD+phgCDaygg9/kNfOvgy2gHxUnUQxbfso42DH36KKr7I49T6Gs7S2SJdtvCvHZAKmMUY6RoPwFFFQIi2L/dX8qKKKAP/2Q==\", \"amount\": 4, \"full_price\": \"91.96\", \"product_id\": \"9c427423-8dc7-4a04-8a33-d838f1989a0d\", \"unit_price\": \"22.99\", \"final_price\": \"91.96\", \"unit_discount\": \"0.00\", \"total_discount\": \"0.00\", \"product_variant_id\": \"9c42747d-c715-4da5-8831-fe9c2d4b60d5\", \"original_unit_price\": \"22.99\"}, {\"id\": \"9c427485-adff-4962-8202-13586309daf8\", \"sku\": \"W-SK002\", \"name\": \"Sporty Ankle Socks - (Size) 9\", \"type\": \"product_variant\", \"urls\": null, \"image\": \"/9j/4AAQSkZJRgABAQEAYABgAAD//gA7Q1JFQVRPUjogZ2QtanBlZyB2MS4wICh1c2luZyBJSkcgSlBFRyB2ODApLCBxdWFsaXR5ID0gODAK/9sAQwAGBAUGBQQGBgUGBwcGCAoQCgoJCQoUDg8MEBcUGBgXFBYWGh0lHxobIxwWFiAsICMmJykqKRkfLTAtKDAlKCko/9sAQwEHBwcKCAoTCgoTKBoWGigoKCgoKCgoKCgoKCgoKCgoKCgoKCgoKCgoKCgoKCgoKCgoKCgoKCgoKCgoKCgoKCgo/8AAEQgAMgAyAwEiAAIRAQMRAf/EAB8AAAEFAQEBAQEBAAAAAAAAAAABAgMEBQYHCAkKC//EALUQAAIBAwMCBAMFBQQEAAABfQECAwAEEQUSITFBBhNRYQcicRQygZGhCCNCscEVUtHwJDNicoIJChYXGBkaJSYnKCkqNDU2Nzg5OkNERUZHSElKU1RVVldYWVpjZGVmZ2hpanN0dXZ3eHl6g4SFhoeIiYqSk5SVlpeYmZqio6Slpqeoqaqys7S1tre4ubrCw8TFxsfIycrS09TV1tfY2drh4uPk5ebn6Onq8fLz9PX29/j5+v/EAB8BAAMBAQEBAQEBAQEAAAAAAAABAgMEBQYHCAkKC//EALURAAIBAgQEAwQHBQQEAAECdwABAgMRBAUhMQYSQVEHYXETIjKBCBRCkaGxwQkjM1LwFWJy0QoWJDThJfEXGBkaJicoKSo1Njc4OTpDREVGR0hJSlNUVVZXWFlaY2RlZmdoaWpzdHV2d3h5eoKDhIWGh4iJipKTlJWWl5iZmqKjpKWmp6ipqrKztLW2t7i5usLDxMXGx8jJytLT1NXW19jZ2uLj5OXm5+jp6vLz9PX29/j5+v/aAAwDAQACEQMRAD8A9gUACmkgVJ5ZfGCoB9TimzJBAM3N0iD25pkjN1PWQVXOo6TGoZpi4JwCTgE1S1XxDb28Mf8AZ6wNIzYyRvwME96BpXNtTkZFNOCa5mx8S3cmoW6XMubd32uigAYIxnj0zn8K3tzRzNG3UHFK45RsT7faijNFMmxj69EZ7KP53QRygkoxBOQQBx7kVSVsiPMsjY4wT7VtXKFredQMtsJUe45FcxEsu3cy7QWGCTkAUhjPEltGbQXSLm4iydxJyF2nP9K5eGV2ijbznZCykBmJz09a7j7OXTy5EGHB6jFcrd6P/ZsCW0sn7wRjy3zhSBwP5UpLqbUn0H6bIX1C3zG2zzACT09K792LwQzH74/dv/vL/wDWxXmYZnWKUuxIOMdArDqK9D0O6GoWf+1KmSPSRev5j+dEdgqrqXhJxRVbcaKLmJfQYlFcxBH5bXtuTkxSEDPcdq6nHziuf1eP7Pr77jsS7iXDHoGFMENTcBwxyOevaqPiVBPpkcp5aB+f909f1x+dTlbtLoR+V5gH93+ND6e/T8q0bTSrq6XYLZmt3BDiVSpwfrQOLs7nncYVLuW3+bypMfNj/Vv0B+h6fl610nhCW5t7meKUYaNRMCv3SQR0/A/pW83gNpA0c+oGOAjG1UXcR9SOvvXQ6XoOn6cvyCSZ9u0vIckj3/8A1UktTWdSLVkILGCYCVZVCv8AMBnoDRWmI7YAAW8QA7YoqrGFzHPUVQ8QIkj2wdVYYPBGfSiigEdRpkEMcUQjijQFRkKoGasXJKkBSQPQUUUAQNULmiigTIs0UUUwP//Z\", \"amount\": 5, \"full_price\": \"72.50\", \"product_id\": \"9c427427-5fa8-4839-8daf-9e78672196ad\", \"unit_price\": \"14.50\", \"final_price\": \"72.50\", \"unit_discount\": \"0.00\", \"total_discount\": \"0.00\", \"product_variant_id\": \"9c42747d-d800-45b4-a41e-9868a90d5671\", \"original_unit_price\": \"14.50\"}, {\"id\": \"9c427485-a904-4070-9689-c01328d33046\", \"sku\": \"W-SA002\", \"name\": \"Strappy Beach Sandals - (Size) 10\", \"type\": \"product_variant\", \"urls\": null, \"image\": \"/9j/4AAQSkZJRgABAQEAYABgAAD//gA7Q1JFQVRPUjogZ2QtanBlZyB2MS4wICh1c2luZyBJSkcgSlBFRyB2ODApLCBxdWFsaXR5ID0gODAK/9sAQwAGBAUGBQQGBgUGBwcGCAoQCgoJCQoUDg8MEBcUGBgXFBYWGh0lHxobIxwWFiAsICMmJykqKRkfLTAtKDAlKCko/9sAQwEHBwcKCAoTCgoTKBoWGigoKCgoKCgoKCgoKCgoKCgoKCgoKCgoKCgoKCgoKCgoKCgoKCgoKCgoKCgoKCgoKCgo/8AAEQgAMgAyAwEiAAIRAQMRAf/EAB8AAAEFAQEBAQEBAAAAAAAAAAABAgMEBQYHCAkKC//EALUQAAIBAwMCBAMFBQQEAAABfQECAwAEEQUSITFBBhNRYQcicRQygZGhCCNCscEVUtHwJDNicoIJChYXGBkaJSYnKCkqNDU2Nzg5OkNERUZHSElKU1RVVldYWVpjZGVmZ2hpanN0dXZ3eHl6g4SFhoeIiYqSk5SVlpeYmZqio6Slpqeoqaqys7S1tre4ubrCw8TFxsfIycrS09TV1tfY2drh4uPk5ebn6Onq8fLz9PX29/j5+v/EAB8BAAMBAQEBAQEBAQEAAAAAAAABAgMEBQYHCAkKC//EALURAAIBAgQEAwQHBQQEAAECdwABAgMRBAUhMQYSQVEHYXETIjKBCBRCkaGxwQkjM1LwFWJy0QoWJDThJfEXGBkaJicoKSo1Njc4OTpDREVGR0hJSlNUVVZXWFlaY2RlZmdoaWpzdHV2d3h5eoKDhIWGh4iJipKTlJWWl5iZmqKjpKWmp6ipqrKztLW2t7i5usLDxMXGx8jJytLT1NXW19jZ2uLj5OXm5+jp6vLz9PX29/j5+v/aAAwDAQACEQMRAD8A+qaKKKACiioby6gsrd57qVYoU5Zm6CgCais6013SLyLzLXVLGZP70c6sB+RqlpvirT9R8T32h23mNdWkfmO+BsPIBAOeoLClew1FvY3qKKKYgrI8VeIbHwxo02p6mziCPHyoMsx9AK1mJCkqMkDgetfMi+P77xhe6hp/i3T9loRtRUTENuPR3zkZYKB/9aolLl0NaVPnd3sXdU+I+r+J4HmFyLCyMv7u1hbDBc4XzCOTuyOOmSPatnwz8QLK7sJ9M8WMS13F+6lUnyC3UYXA2kHHQ/UADNefalpsMHiy5FiqiG7iQBPvBCFXH0bcoI+o6iprl4nvIEnVFKsu9GG5XQHG/wBwOOcg8jn5RURWt7tvqjrmoW5ZRsns13815npF/wDDjwxYavbWq6XqzK1i9zJqFnkIGUZxuHO44OBn+IVxPw0eTVbm8vNP1LUNNeKDarNvkkO6QD5jnnk55J6dK6bwt4xvNJmuNDjjurrTrmMi1aZWLW5IwRnGCo6/Qdj17H4OaEdJTVpHkEjTNGAQOgAb/GqlPmXLHfv2+RCUIc0px1tb1d9/0sei26lII1LtIVUAu/VuOp96KfRWhxHK+ItcuYrmW0s2WFk4LYBY8e9eWXfhyJZ5pVto2Mr73ZQAWOc5P417jf6XYahj7dZ29wR0MkYYj8aqR+GdEjYFNLtAf+uYNYzpuRvTqqGx4Cuk3mrXBsoftT3A4Aa3IRVJI2r0yAAp4J68Y6V3nhn4SQtaRt4ouHuJCqh7eE7IyR0Jx378d+a9Ut7aC2XbbwRRD0jQL/KpaqEOVWFUrObuZFt4a0W2jhSHTbYLD9zKbiPzrVijSJAkSKiDoqjAFOoq0ktjJtvcKKKKYgooooAKKKKACiiigAooooA//9k=\", \"amount\": 7, \"full_price\": \"164.50\", \"product_id\": \"9c427433-1e9b-4cc3-9c5d-8da2bcf59d0d\", \"unit_price\": \"23.50\", \"final_price\": \"164.50\", \"unit_discount\": \"0.00\", \"total_discount\": \"0.00\", \"product_variant_id\": \"9c42747e-285c-4491-92b9-e3d85ccc7027\", \"original_unit_price\": \"23.50\"}, {\"id\": \"9c427485-c2ec-4f70-90b4-62374889f66a\", \"sku\": \"M-LO001\", \"name\": \"Classic Leather Loafers - (Size) 8.5, (Colour) Dark Gray\", \"type\": \"product_variant\", \"urls\": null, \"image\": \"/9j/4AAQSkZJRgABAQEAYABgAAD//gA7Q1JFQVRPUjogZ2QtanBlZyB2MS4wICh1c2luZyBJSkcgSlBFRyB2ODApLCBxdWFsaXR5ID0gODAK/9sAQwAGBAUGBQQGBgUGBwcGCAoQCgoJCQoUDg8MEBcUGBgXFBYWGh0lHxobIxwWFiAsICMmJykqKRkfLTAtKDAlKCko/9sAQwEHBwcKCAoTCgoTKBoWGigoKCgoKCgoKCgoKCgoKCgoKCgoKCgoKCgoKCgoKCgoKCgoKCgoKCgoKCgoKCgoKCgo/8AAEQgAMgAyAwEiAAIRAQMRAf/EAB8AAAEFAQEBAQEBAAAAAAAAAAABAgMEBQYHCAkKC//EALUQAAIBAwMCBAMFBQQEAAABfQECAwAEEQUSITFBBhNRYQcicRQygZGhCCNCscEVUtHwJDNicoIJChYXGBkaJSYnKCkqNDU2Nzg5OkNERUZHSElKU1RVVldYWVpjZGVmZ2hpanN0dXZ3eHl6g4SFhoeIiYqSk5SVlpeYmZqio6Slpqeoqaqys7S1tre4ubrCw8TFxsfIycrS09TV1tfY2drh4uPk5ebn6Onq8fLz9PX29/j5+v/EAB8BAAMBAQEBAQEBAQEAAAAAAAABAgMEBQYHCAkKC//EALURAAIBAgQEAwQHBQQEAAECdwABAgMRBAUhMQYSQVEHYXETIjKBCBRCkaGxwQkjM1LwFWJy0QoWJDThJfEXGBkaJicoKSo1Njc4OTpDREVGR0hJSlNUVVZXWFlaY2RlZmdoaWpzdHV2d3h5eoKDhIWGh4iJipKTlJWWl5iZmqKjpKWmp6ipqrKztLW2t7i5usLDxMXGx8jJytLT1NXW19jZ2uLj5OXm5+jp6vLz9PX29/j5+v/aAAwDAQACEQMRAD8A1YTaqOY8H6f/AF6laazx0wR7GogXIztcfVRTXV2zw3/fsVwKJ6N0R3F1Bn5WYfRBWdcXkSqTlz+Ap+sTJp1hLd3W9IYxydgzknAH51wi+MLeeYLcxvbo/CSZDJ9GOODWkYXVyHPWx0Nxfxk/xflWfLfRnOVJ/AVKbO4uEDxDcjDIZcEEfWq82l3QBOCPriq5ULmIftUX90/kKKj/ALPuPainyi5j1CaYW0Ek1zNFHDGNzMxwAK4Bvi3ptvqLW11YXUUYOFlG1gR2bHHH50vj/XUu/DVxAiyA70ZiRwQGHv8ASvKHjgukVJvmUfdIPK/T29qqnSUldkTqNOx7H4l1GPxd4auINGmt7j7sgMRO9cHPzIQGA/CvI7HVNX8MawtwI2jkU4YModHHQgg8EH3re8AP/Y/iWC4jiimCqRl+cZGOB617Gtvo3iGPydUhhWUjiRhjP/Ah/WtI05xjdLQiUot76nPeC9U0XV5TLZ20entNHmS1hY7BJn5nRScAYA+UdOa6d9GeUExSxsK5+X4W3ul3bXHhvUrXymO77LdhtoPqrKMg/hXQeHNH1wXobWUt4UiztMc+8Pxj0B/Oi9KUNNGg/eKWuqK58PTZ++v50V2f9nr/AH0/M0VzcxtY8z1TwxNNGwRAyn+HFed634NntXaWCKSI9cAfKa9y+1N1Ea474NNllSTho0I9KUakkXKmnufNsV01hcj7UktvMp4ccA/0NddpXjQRRhZjFKP7wbafy5r1O60vSrtCtxp8D56kgVkTeBvDMxy+kR/8BYj+tdUMU0c8sPfqXPh14vl1DVEs4nD2u0kox3FeO3oK9N8yKQDeq1wXh/TdO8PRMmk2UdsrHLYOSfqSc1pvq7L1/pWNSftJXSsaQjyKzZ1gWDH8P60Vx51lv8kUVnZllVQNx4qF/wDWGiis0asZk5PJqNZH80je2PrRRVIhjZJH/vt+dRmRznLsfxooq0QyLcfU0UUUxn//2Q==\", \"amount\": 6, \"full_price\": \"179.94\", \"product_id\": \"9c427441-6d77-4a9b-b668-7906aca48814\", \"unit_price\": \"29.99\", \"final_price\": \"179.94\", \"unit_discount\": \"0.00\", \"total_discount\": \"0.00\", \"product_variant_id\": \"9c42747b-0d1d-4431-bfa4-ef5debf3cf30\", \"original_unit_price\": \"29.99\"}, {\"id\": \"9c427485-a64b-4f74-9f3e-279e261d7c4a\", \"sku\": \"M-BO003\", \"name\": \"Outdoor Hiking Boots - (Size) 9.5, (Colour) Midnight Blue\", \"type\": \"product_variant\", \"urls\": null, \"image\": \"/9j/4AAQSkZJRgABAQEAYABgAAD//gA7Q1JFQVRPUjogZ2QtanBlZyB2MS4wICh1c2luZyBJSkcgSlBFRyB2ODApLCBxdWFsaXR5ID0gODAK/9sAQwAGBAUGBQQGBgUGBwcGCAoQCgoJCQoUDg8MEBcUGBgXFBYWGh0lHxobIxwWFiAsICMmJykqKRkfLTAtKDAlKCko/9sAQwEHBwcKCAoTCgoTKBoWGigoKCgoKCgoKCgoKCgoKCgoKCgoKCgoKCgoKCgoKCgoKCgoKCgoKCgoKCgoKCgoKCgo/8AAEQgAMgAyAwEiAAIRAQMRAf/EAB8AAAEFAQEBAQEBAAAAAAAAAAABAgMEBQYHCAkKC//EALUQAAIBAwMCBAMFBQQEAAABfQECAwAEEQUSITFBBhNRYQcicRQygZGhCCNCscEVUtHwJDNicoIJChYXGBkaJSYnKCkqNDU2Nzg5OkNERUZHSElKU1RVVldYWVpjZGVmZ2hpanN0dXZ3eHl6g4SFhoeIiYqSk5SVlpeYmZqio6Slpqeoqaqys7S1tre4ubrCw8TFxsfIycrS09TV1tfY2drh4uPk5ebn6Onq8fLz9PX29/j5+v/EAB8BAAMBAQEBAQEBAQEAAAAAAAABAgMEBQYHCAkKC//EALURAAIBAgQEAwQHBQQEAAECdwABAgMRBAUhMQYSQVEHYXETIjKBCBRCkaGxwQkjM1LwFWJy0QoWJDThJfEXGBkaJicoKSo1Njc4OTpDREVGR0hJSlNUVVZXWFlaY2RlZmdoaWpzdHV2d3h5eoKDhIWGh4iJipKTlJWWl5iZmqKjpKWmp6ipqrKztLW2t7i5usLDxMXGx8jJytLT1NXW19jZ2uLj5OXm5+jp6vLz9PX29/j5+v/aAAwDAQACEQMRAD8A+qa4P4meLr3wpfaI9usDWErSNeBhmQopT7nboW6+1d5Xzt8VdTbxH4huhAd1lADaRkHrgncw+rEj6AVMnZDSuev+BvHWkeMrOefTGdPJ271lwDhs4PB9jW/p2pWWoozWNzHMFJDBTypBxyOo5Br5Wjjh0fTYLWCJVRUO4YyTxknOR+fvXb/AyPf46nmgY+UNNxIAwIzvGAevr7dKiNRt2KcbHvtFFFakBRRRQByHxO1qXSNAWK1dori+c28cw42HaW4PrgHH4+lfPOnxymO1aRdssYKtnOcgkGvdPjP4k8P6J4ejtvEMVxcNdNut4rfAkDJg7wSRjBI+ucYIzXgfhjXxrom81VW5gxuCjAZT0P5isqqdrouDszQ1ETMrHINsU2nkrg/3iR7V1Pwo1EWvjXTpGjEUdzFJa4BBwTtKg8Z6oK55YkkjNvJKQXOQckAc8dKxxJLpmoJdW0lxHdRyEwyoxyCDwcAn9fes6epU2fXtFfFc/wAS/HKXzC78RXySLkbRhRn6AYz+FeifCr41a1c+JLHRvE/lXdveSLBHchAkkbMcLuxwQSQOme+a6LmR9IUUUUwPmb9qSxux4v0q9Me60ksxEhI43q7Fh+TL+deQ+Gr9tK1dZxxGfkmTGDtPX+XH0r7r1XS7DV7Q2uqWdveW5OfLnjDrn1we/vXLj4W+CQXP/CPWhL9SSxP4c8fhSsB4ZcXtpBYx3jXMX2eTiOXrk+n14qjNd2V+sfl3sQkAI5cxk5+uPSvV/FXwmSGKd/CscL2sxBl0q5bEZ45MbnO09ODx7ivIPEPw/wBT0u4kihs9UtHHIie2e4ib/dkjDAjkdefWsvZpO6L529Gc54ti02S8BtGJvlUbwpDI3tuz1rsvgP4AvNe8RWOu3cEsGlafIs6vIpXzpFIKqvqAQCT7Y71y+heBPF3iG8gt7XS7pIWcBp5YDHEozySxA/Ic19p28YhgjiGMIoUYGBwPStIqysS3cfRRRVCCiiigAooooAKKKKACiiigD//Z\", \"amount\": 4, \"full_price\": \"119.96\", \"product_id\": \"9c427450-8225-4e1d-bfb7-ec4c08a908f2\", \"unit_price\": \"29.99\", \"final_price\": \"119.96\", \"unit_discount\": \"0.00\", \"total_discount\": \"0.00\", \"product_variant_id\": \"9c42747a-fd9a-4488-b95e-2bbe4a782854\", \"original_unit_price\": \"29.99\"}, {\"id\": \"9c427485-b9e2-48a7-86c6-421fbe0082c7\", \"sku\": \"W-SG002\", \"name\": \"Vintage Round Sunglasses\", \"type\": \"product\", \"urls\": null, \"image\": \"/9j/4AAQSkZJRgABAQEAYABgAAD//gA7Q1JFQVRPUjogZ2QtanBlZyB2MS4wICh1c2luZyBJSkcgSlBFRyB2ODApLCBxdWFsaXR5ID0gODAK/9sAQwAGBAUGBQQGBgUGBwcGCAoQCgoJCQoUDg8MEBcUGBgXFBYWGh0lHxobIxwWFiAsICMmJykqKRkfLTAtKDAlKCko/9sAQwEHBwcKCAoTCgoTKBoWGigoKCgoKCgoKCgoKCgoKCgoKCgoKCgoKCgoKCgoKCgoKCgoKCgoKCgoKCgoKCgoKCgo/8AAEQgAGQAyAwEiAAIRAQMRAf/EAB8AAAEFAQEBAQEBAAAAAAAAAAABAgMEBQYHCAkKC//EALUQAAIBAwMCBAMFBQQEAAABfQECAwAEEQUSITFBBhNRYQcicRQygZGhCCNCscEVUtHwJDNicoIJChYXGBkaJSYnKCkqNDU2Nzg5OkNERUZHSElKU1RVVldYWVpjZGVmZ2hpanN0dXZ3eHl6g4SFhoeIiYqSk5SVlpeYmZqio6Slpqeoqaqys7S1tre4ubrCw8TFxsfIycrS09TV1tfY2drh4uPk5ebn6Onq8fLz9PX29/j5+v/EAB8BAAMBAQEBAQEBAQEAAAAAAAABAgMEBQYHCAkKC//EALURAAIBAgQEAwQHBQQEAAECdwABAgMRBAUhMQYSQVEHYXETIjKBCBRCkaGxwQkjM1LwFWJy0QoWJDThJfEXGBkaJicoKSo1Njc4OTpDREVGR0hJSlNUVVZXWFlaY2RlZmdoaWpzdHV2d3h5eoKDhIWGh4iJipKTlJWWl5iZmqKjpKWmp6ipqrKztLW2t7i5usLDxMXGx8jJytLT1NXW19jZ2uLj5OXm5+jp6vLz9PX29/j5+v/aAAwDAQACEQMRAD8A+iPGfjHRPBllb3fiG6e3gnl8mMrC8hLYJxhQewrK074p+EdSmjh07Up7ueT7sUNjcO5/AJmq/wAcPD7+IPh9erbRGW8sXW+gVRkkp94AdyULge5FfKi/vNjQ5dmx5ZTkknpjHegD7V03XbDULl7aF54rlU8zybm3kgcrnG4K6gsM4GRkDNWP7V04SeX9vtPM/u+cufyzXzD8cdB1zRbTwxHc6vqVxHc2u2Q3c5lSO6AUuo9FYZwPY15rPptjOpNzaW7nHLMgyPx60AfeasrqGUhlPQg5pc84rxL4B/DPTrT4c2NzrMV1LNfu16kLXMiLFG5/djarAcoFJyM8+1enaFpEGk65qKWFjHaWDW9uFMagB5A0u4+pOCnJoA36KKKACuftfBXhq01c6pbaJYxX+/zPNWIDD/3gOgb3AzXQUUAZPinw7pvijRpdM1m3E1q5DDBwyMOjqeoYeteZ2HwG0WHUVkvtUvr2xVs/ZXVF8wf3XYDkeuAtexUUAIiqihUAVQMAAYAFLRRQAUUUUAf/2Q==\", \"amount\": 4, \"full_price\": \"90.00\", \"product_id\": \"9c42745a-0892-4f60-a2e1-04860f4125cf\", \"unit_price\": \"22.50\", \"final_price\": \"90.00\", \"unit_discount\": \"0.00\", \"total_discount\": \"0.00\", \"original_unit_price\": \"22.50\"}, {\"id\": \"9c427485-ab3f-490b-be9b-85d7f89639a4\", \"sku\": \"W-ER001\", \"name\": \"Crystal Drop Earrings\", \"type\": \"product\", \"urls\": null, \"image\": \"/9j/4AAQSkZJRgABAQEAYABgAAD//gA7Q1JFQVRPUjogZ2QtanBlZyB2MS4wICh1c2luZyBJSkcgSlBFRyB2ODApLCBxdWFsaXR5ID0gODAK/9sAQwAGBAUGBQQGBgUGBwcGCAoQCgoJCQoUDg8MEBcUGBgXFBYWGh0lHxobIxwWFiAsICMmJykqKRkfLTAtKDAlKCko/9sAQwEHBwcKCAoTCgoTKBoWGigoKCgoKCgoKCgoKCgoKCgoKCgoKCgoKCgoKCgoKCgoKCgoKCgoKCgoKCgoKCgoKCgo/8AAEQgAMgAyAwEiAAIRAQMRAf/EAB8AAAEFAQEBAQEBAAAAAAAAAAABAgMEBQYHCAkKC//EALUQAAIBAwMCBAMFBQQEAAABfQECAwAEEQUSITFBBhNRYQcicRQygZGhCCNCscEVUtHwJDNicoIJChYXGBkaJSYnKCkqNDU2Nzg5OkNERUZHSElKU1RVVldYWVpjZGVmZ2hpanN0dXZ3eHl6g4SFhoeIiYqSk5SVlpeYmZqio6Slpqeoqaqys7S1tre4ubrCw8TFxsfIycrS09TV1tfY2drh4uPk5ebn6Onq8fLz9PX29/j5+v/EAB8BAAMBAQEBAQEBAQEAAAAAAAABAgMEBQYHCAkKC//EALURAAIBAgQEAwQHBQQEAAECdwABAgMRBAUhMQYSQVEHYXETIjKBCBRCkaGxwQkjM1LwFWJy0QoWJDThJfEXGBkaJicoKSo1Njc4OTpDREVGR0hJSlNUVVZXWFlaY2RlZmdoaWpzdHV2d3h5eoKDhIWGh4iJipKTlJWWl5iZmqKjpKWmp6ipqrKztLW2t7i5usLDxMXGx8jJytLT1NXW19jZ2uLj5OXm5+jp6vLz9PX29/j5+v/aAAwDAQACEQMRAD8A+qaKK4bxFrbR6pe2/wBomE0K/uoIzt529Tz83XOPpQB3NFZnhy6mu9KjkuMmQEruJB3AdDkcHI9Kfr9xNbaVNLb/AOsG0Z6YBIBOe3HegDQorgNB1k/2nYw+bci4mbZJE/z7+PvHBwvC7s/44rv6ACiiigArD8RWkEskLm0Msx6srbSVBHBPf+nWtuRxGjOxwqgkn2rir+7tNWt4NUjuhLHbSNE8UbKdrE7XBywA27TnOT8pxzQB2FkYzZwGFPLjKDamMbRjpUk20ROXXcu05GM5FVNPvobiR4YpFcxorZXpgj/P50++vI7VoFkcIZn2Anp/nt+NAGX4fgijuJXWzWFm+ZW3bto/u+3at6uGivNN006hrk14tvbxqIS7FQCo3MGyOgyW4OO5PWuysbgXdnDOowJFDY9PagCeiiigBk8YlgkjPR1K/mK85sPC1tm8ktkeKYZLqVZUY7mLAjpncSSep616TWbNaRT3hnC4IUqw3EBs45I6Z469fegDC8GaRNa6ne3wu/Ns5Y1ijiAGFKk5YHvn/D0qz420mbUorGaK5aGO0kaSVFAPmqVxg10cG3ywFXYB/D6UshAQkjPt60AedXnhmzksYbmeM3A3ExmNd6qpHXGedwxx64rvdLgNtp9vCwwyoMj0NVms4ftENy0S7k3YHJ6nP0zx/hWmDkZFABRRRQAHoag/hNFFACw/6xvpSXPWP/eoooAQfdNTp90UUUALRRRQB//Z\", \"amount\": 10, \"full_price\": \"199.90\", \"product_id\": \"9c42745d-f817-4e95-bea4-2ee94f90c1c6\", \"unit_price\": \"19.99\", \"final_price\": \"199.90\", \"unit_discount\": \"0.00\", \"total_discount\": \"0.00\", \"original_unit_price\": \"19.99\"}, {\"id\": \"9c427485-c5ac-4f64-9ab5-0df3e676a6bc\", \"sku\": \"W-HA002\", \"name\": \"Classic Fedora Hat\", \"type\": \"product\", \"urls\": null, \"image\": \"/9j/4AAQSkZJRgABAQEAYABgAAD//gA7Q1JFQVRPUjogZ2QtanBlZyB2MS4wICh1c2luZyBJSkcgSlBFRyB2ODApLCBxdWFsaXR5ID0gODAK/9sAQwAGBAUGBQQGBgUGBwcGCAoQCgoJCQoUDg8MEBcUGBgXFBYWGh0lHxobIxwWFiAsICMmJykqKRkfLTAtKDAlKCko/9sAQwEHBwcKCAoTCgoTKBoWGigoKCgoKCgoKCgoKCgoKCgoKCgoKCgoKCgoKCgoKCgoKCgoKCgoKCgoKCgoKCgoKCgo/8AAEQgAMgAyAwEiAAIRAQMRAf/EAB8AAAEFAQEBAQEBAAAAAAAAAAABAgMEBQYHCAkKC//EALUQAAIBAwMCBAMFBQQEAAABfQECAwAEEQUSITFBBhNRYQcicRQygZGhCCNCscEVUtHwJDNicoIJChYXGBkaJSYnKCkqNDU2Nzg5OkNERUZHSElKU1RVVldYWVpjZGVmZ2hpanN0dXZ3eHl6g4SFhoeIiYqSk5SVlpeYmZqio6Slpqeoqaqys7S1tre4ubrCw8TFxsfIycrS09TV1tfY2drh4uPk5ebn6Onq8fLz9PX29/j5+v/EAB8BAAMBAQEBAQEBAQEAAAAAAAABAgMEBQYHCAkKC//EALURAAIBAgQEAwQHBQQEAAECdwABAgMRBAUhMQYSQVEHYXETIjKBCBRCkaGxwQkjM1LwFWJy0QoWJDThJfEXGBkaJicoKSo1Njc4OTpDREVGR0hJSlNUVVZXWFlaY2RlZmdoaWpzdHV2d3h5eoKDhIWGh4iJipKTlJWWl5iZmqKjpKWmp6ipqrKztLW2t7i5usLDxMXGx8jJytLT1NXW19jZ2uLj5OXm5+jp6vLz9PX29/j5+v/aAAwDAQACEQMRAD8A6nFZOoa/p1ixWSfzJB/BENx/wFc7rWrXOoO0cTtDa9Ao4LD3/wAKw5LXA+Uc1aRKidBeeOo0LLaafJM45w0gXH14OKztP8ZXd3q6TRWsi6fsO+N2GA3sep5HpjFef34ZXunvrp0/esI4YjtJx0JP5Vp+F7yWXT4w7iWUZDtnqfWonLlWh9HkGWYfGYjkr3t/X9afeeo6Tr7Xt+IJokjVwdmCc59DW+RXlFzdpYx/armdbdIyCHY4we2PevRPDepNrOlwX6tEYJV+XZnJPQk+n0/WlF3OrirKcPgakJ4dpJrWN9fX5/oaOKKdRVnyBw4hJHSmtCAMn8639T0/7PKXjH7ljn/dPpWVcRFgqKcEnFXdWuapX2OJ1LQRNM09yyzAcgDIJP4dqWxvbaIiy07y2lztG0fKD6D1P0rrvHnheSPw6x0+ebzTaT3Ty9h5aqdvtncf++a8z+GN3Yw63pxvYk820mBfIPzLjAbgE+n+TXFUqcyvE+my/GzwMPZ0l78t32XRIpeKNEurm+F1c3cl1CrFWUjHlH0x2/ECvSfgus0NpeQeYWtQ2VU9m9fbj+Vdn8TNQ05/BN0m5VN5H5cRCbDIxGARnnj19q4H4MmbT7m70+4Z3jlQSQyMpAcrwcHv1FRRqOT1PLx8W3KUtW97nqm2il59qK7TyB7KGUqwBU8EGuZ1/SLpUMunAydymcMPp6101GaW6sVGTi7oq2d6J/BOoG64/wBHeN1bjBIKnNfOGn2ktv4ria3B3xFgGjPX5SMj8cYr6EuIPtcWtaeOfOh3qvqev8xXL+F/C6RP5sygyM53HHQAkY/SvPg+WTgexP34qfc5u10q81nxRpn/AAk073TynCwFycIOcn/AV9D6rounp4eijS3jRowDGQOVI6EV5YbR7f4h6adnBjOT6dP8f0r1/VJMWK56AVhVdpW7GkVdepxdFMZyWJ55NFemqiaPGdJp2Je9AoorQyKNn/yNB/69l/8AQmq5pSjzFGBjn+dFFef/AMvpHsw/gRILlR/wnVrwPuGu41YA28IIBBI4NFFYVf4j+RrT+BHKTKBM4AAAY4Aooor1Y7I8aW7P/9k=\", \"amount\": 3, \"full_price\": \"55.50\", \"product_id\": \"9c427465-39d5-4c6e-a3a2-867819f62e05\", \"unit_price\": \"18.50\", \"final_price\": \"55.50\", \"unit_discount\": \"0.00\", \"total_discount\": \"0.00\", \"original_unit_price\": \"18.50\"}, {\"id\": \"9c427485-caa1-41de-8d91-33f17b4af756\", \"sku\": \"M-TI003\", \"name\": \"Modern Skinny Tie\", \"type\": \"product\", \"urls\": null, \"image\": \"/9j/4AAQSkZJRgABAQEAYABgAAD//gA7Q1JFQVRPUjogZ2QtanBlZyB2MS4wICh1c2luZyBJSkcgSlBFRyB2ODApLCBxdWFsaXR5ID0gODAK/9sAQwAGBAUGBQQGBgUGBwcGCAoQCgoJCQoUDg8MEBcUGBgXFBYWGh0lHxobIxwWFiAsICMmJykqKRkfLTAtKDAlKCko/9sAQwEHBwcKCAoTCgoTKBoWGigoKCgoKCgoKCgoKCgoKCgoKCgoKCgoKCgoKCgoKCgoKCgoKCgoKCgoKCgoKCgoKCgo/8AAEQgAKAAyAwEiAAIRAQMRAf/EAB8AAAEFAQEBAQEBAAAAAAAAAAABAgMEBQYHCAkKC//EALUQAAIBAwMCBAMFBQQEAAABfQECAwAEEQUSITFBBhNRYQcicRQygZGhCCNCscEVUtHwJDNicoIJChYXGBkaJSYnKCkqNDU2Nzg5OkNERUZHSElKU1RVVldYWVpjZGVmZ2hpanN0dXZ3eHl6g4SFhoeIiYqSk5SVlpeYmZqio6Slpqeoqaqys7S1tre4ubrCw8TFxsfIycrS09TV1tfY2drh4uPk5ebn6Onq8fLz9PX29/j5+v/EAB8BAAMBAQEBAQEBAQEAAAAAAAABAgMEBQYHCAkKC//EALURAAIBAgQEAwQHBQQEAAECdwABAgMRBAUhMQYSQVEHYXETIjKBCBRCkaGxwQkjM1LwFWJy0QoWJDThJfEXGBkaJicoKSo1Njc4OTpDREVGR0hJSlNUVVZXWFlaY2RlZmdoaWpzdHV2d3h5eoKDhIWGh4iJipKTlJWWl5iZmqKjpKWmp6ipqrKztLW2t7i5usLDxMXGx8jJytLT1NXW19jZ2uLj5OXm5+jp6vLz9PX29/j5+v/aAAwDAQACEQMRAD8A+qaKK8y+NvjYeH9HOmWF2kOp3i4ZwfmhjPVgBzuPQenJ9KcYuTshpXdjH+KHxTFncyaV4evY43jJWe6RfMYHuqDpx3JP09a4TQvHWuW90J7bUdTumB+YS/vFb6g5rzqGaJX22du08p6NKNxP0UcfnmppZJQR/aF3sx0jB3MP+AjgfpXdGEYqx0RSSsfTHhv4p2N4Ei1i2ms5+hkRd8Z/AZI/X616DaXVveQLNaTRzRN0ZGBFfC2o6wN6W1hHMCT88pcbj/sqAOPrzUfhnxfq/h3X4L+wvJYRCyl0EhxIMgYYdGz3yM/lWM6UfskSguh950VU0+/ivbC2u48hJ4llXPowBH86K5jEyvHPie28KaDNf3BjMx+WCJ3C+Y/YfTufavkLxBfnVdTudR1W8e7vJ3Lv5S4GfTJ6AdBgdK9I+P8AfQ3vjprWeacpZQJGIkAwpYbyck9SGXt2FeYlrdSRBZ+Y3YyuW/QYrspQtG/c6IRsrle3lurkNHZxiGEfe2nA/wCBMetV7tbaxieW4l89lGRHB3PYbv8ACrUltdSkNeSJbxj7qudoH0Uc/pUl14Sv9U0+KTSmmfLbgwjwGx6DrVSlyobdkcXZyG4mUqowELZB6s2Sc/gOntW94N8PXfijxBpmi2sZfz5d7ygZKIOrHvgf/qrsvBPwI8VasyLd+TpmnZLebNkyAE8gKOT04yRX0x8PPh5onga1caZDvvJQBNdScu/t7D2/PNYOokjNzsjqbS0itbSG3iXEcSLGo9ABgUVYorAyPnL4peG/FN94+1a50zRJri1kZDHOkKNuAjUdTz2x+Fcwvgbx7cfImj3sYPH30jH8xRRW6rNLY19o0tjb0H4GeIby6ik1qa1tLYsDIgkLyEdxwMfrXvWgeFNN0aGNIYldkAAJHTHoKKKznNz3IlJy3N8DAwOlFFFQSFFFFAH/2Q==\", \"amount\": 5, \"full_price\": \"124.95\", \"product_id\": \"9c42746c-87d8-4702-8f10-a8dfbaa6dcc0\", \"unit_price\": \"22.99\", \"final_price\": \"114.95\", \"unit_discount\": \"2.00\", \"total_discount\": \"10.00\", \"original_unit_price\": \"24.99\"}, {\"id\": \"9c427485-c81d-43c7-be04-d76243a01d71\", \"sku\": \"M-BR003\", \"name\": \"Beaded Charm Bracelet\", \"type\": \"product\", \"urls\": null, \"image\": \"/9j/4AAQSkZJRgABAQEAYABgAAD//gA7Q1JFQVRPUjogZ2QtanBlZyB2MS4wICh1c2luZyBJSkcgSlBFRyB2ODApLCBxdWFsaXR5ID0gODAK/9sAQwAGBAUGBQQGBgUGBwcGCAoQCgoJCQoUDg8MEBcUGBgXFBYWGh0lHxobIxwWFiAsICMmJykqKRkfLTAtKDAlKCko/9sAQwEHBwcKCAoTCgoTKBoWGigoKCgoKCgoKCgoKCgoKCgoKCgoKCgoKCgoKCgoKCgoKCgoKCgoKCgoKCgoKCgoKCgo/8AAEQgAMgAyAwEiAAIRAQMRAf/EAB8AAAEFAQEBAQEBAAAAAAAAAAABAgMEBQYHCAkKC//EALUQAAIBAwMCBAMFBQQEAAABfQECAwAEEQUSITFBBhNRYQcicRQygZGhCCNCscEVUtHwJDNicoIJChYXGBkaJSYnKCkqNDU2Nzg5OkNERUZHSElKU1RVVldYWVpjZGVmZ2hpanN0dXZ3eHl6g4SFhoeIiYqSk5SVlpeYmZqio6Slpqeoqaqys7S1tre4ubrCw8TFxsfIycrS09TV1tfY2drh4uPk5ebn6Onq8fLz9PX29/j5+v/EAB8BAAMBAQEBAQEBAQEAAAAAAAABAgMEBQYHCAkKC//EALURAAIBAgQEAwQHBQQEAAECdwABAgMRBAUhMQYSQVEHYXETIjKBCBRCkaGxwQkjM1LwFWJy0QoWJDThJfEXGBkaJicoKSo1Njc4OTpDREVGR0hJSlNUVVZXWFlaY2RlZmdoaWpzdHV2d3h5eoKDhIWGh4iJipKTlJWWl5iZmqKjpKWmp6ipqrKztLW2t7i5usLDxMXGx8jJytLT1NXW19jZ2uLj5OXm5+jp6vLz9PX29/j5+v/aAAwDAQACEQMRAD8A+qaKKKQBRRRQAUUUUAFFFFAHNePPGWneDdLS61DfJNKSsECD5pSMZ57AZGTXi8vjj4neN7nHg+xWz090kQTCMKuexLPkhu3y45rtP2g/Cd74j0O0utM+a808uyRHJEisBuAA/i+UY/GvHfBPxC8c6NpkGn2VpcmD7UY0Eln5jqE+8nqTk4wSDngY6VpFK3mSzvovh18UtRhd9T8ZGB5YY1MS3D4UhgSDtGDwOowSSfxvf8Kx8exLO9t47mE0s0UhcyP8wXOc8c9sduOc9qng74u674i8YX2h6hpMUEYSTcoibdAVP3Wz1zyDkDn8q2/EfxJsvh5pu2az+0NIR5NrEREqjBJOeQBx0A7isZVnGoqZagnHmOb1G1+NHhWHz7e+i1qCPzZHB2yfQAHDHjBA7cjHr13wn+Kv/CU3MWja5Zmz1sBhlfuSlRluDyjcE456de1cRrP7ScIDJpWjAEx43zyFtj4BJ2gDKjJxyM47dKz/AIRWGs+LfiTD4puIpLe0T/SWkCbVdzlBGO3AHJ7dD1rbdakbbH05RRRWZQjorjDqGHoRWDeeD9Bu/NMmmwJJKctJEuxyfXcMGt+igDlIPAml2wxZXGo2wJywjumIY9shsg1l+JPhZpHiO3EGq3+qSxg7gPMQYPqMJXf0UuVXv1Hfoec6T8GPBWnTrL/ZZumWPy1F1IZFVfZTx+ld7p9haadax21hbQ21vGu1I4kCqo9ABVmimIKKKKACiiigAooooAKKKKACiiigD//Z\", \"amount\": 7, \"full_price\": \"174.93\", \"product_id\": \"9c427476-fc83-4e6d-9208-28e308d4e179\", \"unit_price\": \"22.99\", \"final_price\": \"160.93\", \"unit_discount\": \"2.00\", \"total_discount\": \"14.00\", \"original_unit_price\": \"24.99\"}]','{\"id\": \"9c4273ec-0084-4850-9960-477f0c0530f4\", \"code\": \"MZG5XI3LX8\", \"slug\": \"5%-off-1\", \"type\": 1, \"value\": \"5%\", \"amount\": 5, \"enabled\": true, \"created_at\": \"2024-06-11T07:51:06.000000Z\", \"deleted_at\": null, \"updated_at\": \"2024-06-11T07:51:06.000000Z\", \"valid_from\": \"2023-10-12T08:00:00.000000Z\", \"valid_until\": \"2024-10-12T08:00:00.000000Z\"}','{\"id\": \"9c4273ed-5fdf-4397-8834-040150b1e063\", \"name\": {\"de\": \"Lokale Schwerlasttransporte (10-25 kg)\", \"en\": \"Local Heavy (10-25kg)\", \"fr\": \"Lourd local (10-25kg)\"}, \"slug\": \"local-heavy-1\", \"price\": 2.99, \"enabled\": true, \"created_at\": \"2024-06-11T07:51:06.000000Z\", \"deleted_at\": null, \"updated_at\": \"2024-06-11T07:51:07.000000Z\", \"description\": {\"de\": \"Wenn Sie in der Nähe wohnen, liefern wir bis an die Haustür.\", \"en\": \"If you live nearby, we deliver to your door.\", \"fr\": \"Si vous habitez à proximité, nous livrons à votre porte.\"}, \"enabled_by_default_on_creation\": true}','{\"delivery\": 2.99, \"subtotal\": 1708.51, \"total_payable\": 1625.93, \"applied_discount\": 106.58}',1,'alice-cooper-port-sofia',NULL,'2024-06-11 07:52:48','2024-06-11 07:52:48'),('9c427488-e5aa-4742-9d32-f52a9654871f','9c4273cd-5665-41d5-a1bf-ebfd8979aee4','9c427485-29b0-46d4-a72f-bd6e1bca8067','{\"id\": \"9c427485-0de4-4c38-92d6-92b6acdc9f57\", \"lat\": \"-68.236771\", \"lon\": \"172.849723\", \"name\": null, \"slug\": \"gavin-holmes-alisonhaven\", \"town\": \"Alisonhaven\", \"country\": \"UK\", \"user_id\": \"9c4273cd-5665-41d5-a1bf-ebfd8979aee4\", \"post_code\": \"NP44 4PE\", \"created_at\": \"2024-06-11T07:52:46.000000Z\", \"deleted_at\": null, \"updated_at\": \"2024-06-11T07:52:46.000000Z\", \"address_line_1\": \"Flat 98 Baker Lane\", \"address_line_2\": null, \"google_maps_url\": \"https://www.google.com/maps/@-68.236771,172.849723,14z\"}','{\"amount\": \"772.52\", \"source\": {\"id\": \"9c427485-17e4-457c-b3fe-6cb3c04f8b0e\", \"name\": \"qui et\", \"slug\": \"holmes-qui-et\", \"brand\": \"american express\", \"user_id\": \"9c4273cd-5665-41d5-a1bf-ebfd8979aee4\", \"exp_year\": \"2024\", \"exp_month\": \"1\", \"last_four\": \"9460\", \"source_id\": \"3sgpFgsn5nuHG7DAsCnAvavFBNyzg29XIBfeDnlfuC6dxuvKaupaUmt7U7qTULXsGVNfTnVEocDmiHcRyn0rKaWSGmgR5hgriqEazr6i6zVrEySDGbmxT0KZO4yp2n3XH0pdn5Xr8FOAqXvGxyDWpf\", \"created_at\": \"2024-06-11T07:52:46.000000Z\", \"deleted_at\": null, \"updated_at\": \"2024-06-11T07:52:46.000000Z\", \"stripe_user_id\": \"e0nRpC2lXYKoLdhqiLqDuu8D8z3K37WPRs50ENXWj0gmZelrTXykgAyV0K1NwXto6qGIhnDIONqq6vYqNx2pdRruXJlrVmJdh9JdaRShrJdT1EWMYUy77Gf3\", \"payment_method_id\": 1}, \"created_at\": \"11-06-2024 07:52\", \"payment_ref\": \"TwSaXQ3tKV\"}','[{\"id\": \"9c427485-d023-4771-aa93-3959ec2ffe78\", \"sku\": \"M-J002\", \"name\": \"Casual V-Neck Modern Jumper - (Size) S\", \"type\": \"product_variant\", \"urls\": null, \"image\": \"/9j/4AAQSkZJRgABAQEAYABgAAD//gA7Q1JFQVRPUjogZ2QtanBlZyB2MS4wICh1c2luZyBJSkcgSlBFRyB2ODApLCBxdWFsaXR5ID0gODAK/9sAQwAGBAUGBQQGBgUGBwcGCAoQCgoJCQoUDg8MEBcUGBgXFBYWGh0lHxobIxwWFiAsICMmJykqKRkfLTAtKDAlKCko/9sAQwEHBwcKCAoTCgoTKBoWGigoKCgoKCgoKCgoKCgoKCgoKCgoKCgoKCgoKCgoKCgoKCgoKCgoKCgoKCgoKCgoKCgo/8AAEQgAMgAyAwEiAAIRAQMRAf/EAB8AAAEFAQEBAQEBAAAAAAAAAAABAgMEBQYHCAkKC//EALUQAAIBAwMCBAMFBQQEAAABfQECAwAEEQUSITFBBhNRYQcicRQygZGhCCNCscEVUtHwJDNicoIJChYXGBkaJSYnKCkqNDU2Nzg5OkNERUZHSElKU1RVVldYWVpjZGVmZ2hpanN0dXZ3eHl6g4SFhoeIiYqSk5SVlpeYmZqio6Slpqeoqaqys7S1tre4ubrCw8TFxsfIycrS09TV1tfY2drh4uPk5ebn6Onq8fLz9PX29/j5+v/EAB8BAAMBAQEBAQEBAQEAAAAAAAABAgMEBQYHCAkKC//EALURAAIBAgQEAwQHBQQEAAECdwABAgMRBAUhMQYSQVEHYXETIjKBCBRCkaGxwQkjM1LwFWJy0QoWJDThJfEXGBkaJicoKSo1Njc4OTpDREVGR0hJSlNUVVZXWFlaY2RlZmdoaWpzdHV2d3h5eoKDhIWGh4iJipKTlJWWl5iZmqKjpKWmp6ipqrKztLW2t7i5usLDxMXGx8jJytLT1NXW19jZ2uLj5OXm5+jp6vLz9PX29/j5+v/aAAwDAQACEQMRAD8A6dVqVRxz0pi1zfxPtru68DanHYTtDLsBO3q65+ZfbIpt21ZCTbsjobLULG9eSOzvLaeSP76xSqxX6gHirTLXhvw98AX1jrWl6imoTwukuZkWPZhcZ2kk859hjHevdazp1Y1FeLNatCdFpTViB1yKqyrV4ioJVrQyKWaKkMZzRQBIrgck8UjXKRwhptx8wZWPbzj0x/nrVGacpCSOpIX8yB/WrU0Yhvo5JTv86VIoxj7i7eR/M/XFfN57mU8HVpxh2b9Xsr+W7+49jLMHGvCUpen/AA3nsZXhjSbmGSSZtsIMrNGgGSFzgBjnB+XA4xW/NJPpxlu7jyzbFAr/AOwATzj8f5VdgUKPlHQ4NLqJfyx5aq+CDtJxkf5zXx6zTF4uoqK1Un8O33dU/me9UoUYrnlpZb+RG+0hXiYNE43Kw5BBqJhTdPMMWnJaxqUMRwiFSML6fh0/CnGvv8nxVTE4ZOsmpRdnfS9uvz6+dz5XHUY0azUHdPVEW2ilor1TjOf371AJ6EH8jmrrTSTGNmYbw6AEDp8wrKjbpRql2tlpsl277FgIkLYJ6EenNcWNwkKsJVOS81FpfNHThsRKEowcrRumzsbNi0jt2JzVi8U7Qw6VwNl8SdBUnfeorHqFt5D/AEFalp460fU7u2srS4dpJ2IBMRVScZxkn2r4DLcpx1PHU6joySTV207W69D6LGY7DSoyiqiba7o6DtUbdKk7VDIa/TD5QjzRTM0UDOaTrVHxh/yKWqf9cDRRVx3M3seFyf8AH1H/ALtdR4WJGu6OQcH7XDz/AMDFFFd/RnnS3ifRZ6VA/SiivOPUK1FFFIZ//9k=\", \"amount\": 5, \"full_price\": \"107.50\", \"product_id\": \"9c4273fe-8d04-4eef-97a6-1cb9af635256\", \"unit_price\": \"21.50\", \"final_price\": \"107.50\", \"unit_discount\": \"0.00\", \"total_discount\": \"0.00\", \"product_variant_id\": \"9c42747c-d301-43a3-afea-98e6e9dda5c3\", \"original_unit_price\": \"21.50\"}, {\"id\": \"9c427485-cd6e-4871-845f-e9de673933fd\", \"sku\": \"W-P002\", \"name\": \"Sporty Performance Polo - (Size) XS\", \"type\": \"product_variant\", \"urls\": null, \"image\": \"/9j/4AAQSkZJRgABAQEAYABgAAD//gA7Q1JFQVRPUjogZ2QtanBlZyB2MS4wICh1c2luZyBJSkcgSlBFRyB2ODApLCBxdWFsaXR5ID0gODAK/9sAQwAGBAUGBQQGBgUGBwcGCAoQCgoJCQoUDg8MEBcUGBgXFBYWGh0lHxobIxwWFiAsICMmJykqKRkfLTAtKDAlKCko/9sAQwEHBwcKCAoTCgoTKBoWGigoKCgoKCgoKCgoKCgoKCgoKCgoKCgoKCgoKCgoKCgoKCgoKCgoKCgoKCgoKCgoKCgo/8AAEQgAMgAyAwEiAAIRAQMRAf/EAB8AAAEFAQEBAQEBAAAAAAAAAAABAgMEBQYHCAkKC//EALUQAAIBAwMCBAMFBQQEAAABfQECAwAEEQUSITFBBhNRYQcicRQygZGhCCNCscEVUtHwJDNicoIJChYXGBkaJSYnKCkqNDU2Nzg5OkNERUZHSElKU1RVVldYWVpjZGVmZ2hpanN0dXZ3eHl6g4SFhoeIiYqSk5SVlpeYmZqio6Slpqeoqaqys7S1tre4ubrCw8TFxsfIycrS09TV1tfY2drh4uPk5ebn6Onq8fLz9PX29/j5+v/EAB8BAAMBAQEBAQEBAQEAAAAAAAABAgMEBQYHCAkKC//EALURAAIBAgQEAwQHBQQEAAECdwABAgMRBAUhMQYSQVEHYXETIjKBCBRCkaGxwQkjM1LwFWJy0QoWJDThJfEXGBkaJicoKSo1Njc4OTpDREVGR0hJSlNUVVZXWFlaY2RlZmdoaWpzdHV2d3h5eoKDhIWGh4iJipKTlJWWl5iZmqKjpKWmp6ipqrKztLW2t7i5usLDxMXGx8jJytLT1NXW19jZ2uLj5OXm5+jp6vLz9PX29/j5+v/aAAwDAQACEQMRAD8A8y8PWDMUwCS/AwPzr6A8E6fFb6aLeNDI8gAOckE4/LvXjHw7mSa/iF3m3jDgAlsb8jt6cA/pXS6z8WYvDuprBZ2/2+xjba8hfkDuFGMZB7557V4NWFWpPlijouktTt/E/iGW48VJ4K0GSytLxYPtN/fXJAS2TICgZ6sSy/TI6dRmeE/E99pni+78G6jrEWou8Rkhu4UVSzLnfGcE4x1654Oa4Xwb44j1X4uW+rQ2jSS3y/Y5FaMY8sEFHbOeQQo4PYdKyfGmraxafFDTtXlsLhYbKRxC7QBRISW6lRg5zjNddGEoRVPyNoqKiptdT27xDFdGHytPQrkfM69c+1ccfACSzi41GVnPLEZ6/wCeT+VcxJ8aNTCrmxtck44Q/wDxVQWnxc1rV9QgtLe1tYpbgZG5S3bPr7elCpyWxo5Um7ydzfm8J24lfYqKu44G3oKKyJvE/iBJnQ/YSVYj/UH/AOKopWkVzUTm9Xt5dGna0STZJb2+G2nkMz4PP+6BXJ6kgkg2t0LAHH1r2KP4jaKJQ8vhHSriWXAZ5EVicDjJIPbFaFr470W4miWPwTojA8YFshb2x8vWnDFSitYfkcMopvc9e8M/DvwzaWwvdGsRp08qiN5ITkkKfu/PnjKg8Yzir2qx6X4U0S51m4D+YkW+R3YyN64UEnHPYcVk+F9W1O4hnV7kRRwyFEUx8nABOfzP5V5l8cdT1a5CWM94PsbEB0XgnPHWvVjJSjzoxmnFuDOA+L8LXuvWmqrCFN6iyMQoXPIIJ98H9K4bwgWi8VaHKq7gJoQR7EgH+dexNq2l6VZW2o61oa6nZzW8UMImOdjKDnB+hFZh8c+CVvYHtvBFpFcRMpR0crtI6HivNnibybjF2N3T5PdbMrU79F1K7Gekrj9TRVa/1/R5764l/siceZIzYE/Ayc/3aKjm8mM5CKYM6gkZ6jmus8Fzu/iXR40USA3UYIPI++OK5W30XU2OY4GbP+wwx+ldR4M0TVrbWorq6jSKCJZXyzY52Ntz+OKqSi9Lijuj6gttS0eQywabqWl3U6sfPEd3GWB6lQufwJP09a87+JOiTXVvLdT7BucLGNwLMx7KPbrXz1quoNatLIuN0nysduOPwqlpMdybj7TY3M0UpJZpIXZSM+4Ir1lTa9xbHM5J+91PSvGN0X+Gvh2GTChGnBz6h8fyry5phHOhUg812/iKyv8A/hCNAtzGWfbJccP0UsQOvXPBrz65tbyJ/ngZceteZCCV1c66t3Z+SNVplLE5PJoqiEmIB2/rRT5TM+19NsLPycfZLf8A79r/AIVn+PbO2j8I6g0dvCrBAQVQAjkUUV5S+NGkfjXqfHXiL/WTDtuNdb4ljS31+ZIEWJPJhO1BtGTGuTxRRX1H/L1ej/Q4Xsdf4K/f+J9Hgm/eQjT2by35XO0c46V1muWNptf/AEWD/v2KKK+er/xf67ndW+JeiOQNrb5P7iL/AL4FFFFIzP/Z\", \"amount\": 5, \"full_price\": \"97.50\", \"product_id\": \"9c427410-66d7-441a-8e70-d6d91f6923bc\", \"unit_price\": \"19.50\", \"final_price\": \"97.50\", \"unit_discount\": \"0.00\", \"total_discount\": \"0.00\", \"product_variant_id\": \"9c42747d-49d8-44fd-8686-10dfd5608b76\", \"original_unit_price\": \"19.50\"}, {\"id\": \"9c427485-d5b3-47cd-b943-90d977867163\", \"sku\": \"W-BO001\", \"name\": \"Classic Ankle Boots - (Size) 9.5, (Colour) Midnight Blue\", \"type\": \"product_variant\", \"urls\": null, \"image\": \"/9j/4AAQSkZJRgABAQEAYABgAAD//gA7Q1JFQVRPUjogZ2QtanBlZyB2MS4wICh1c2luZyBJSkcgSlBFRyB2ODApLCBxdWFsaXR5ID0gODAK/9sAQwAGBAUGBQQGBgUGBwcGCAoQCgoJCQoUDg8MEBcUGBgXFBYWGh0lHxobIxwWFiAsICMmJykqKRkfLTAtKDAlKCko/9sAQwEHBwcKCAoTCgoTKBoWGigoKCgoKCgoKCgoKCgoKCgoKCgoKCgoKCgoKCgoKCgoKCgoKCgoKCgoKCgoKCgoKCgo/8AAEQgAMgAyAwEiAAIRAQMRAf/EAB8AAAEFAQEBAQEBAAAAAAAAAAABAgMEBQYHCAkKC//EALUQAAIBAwMCBAMFBQQEAAABfQECAwAEEQUSITFBBhNRYQcicRQygZGhCCNCscEVUtHwJDNicoIJChYXGBkaJSYnKCkqNDU2Nzg5OkNERUZHSElKU1RVVldYWVpjZGVmZ2hpanN0dXZ3eHl6g4SFhoeIiYqSk5SVlpeYmZqio6Slpqeoqaqys7S1tre4ubrCw8TFxsfIycrS09TV1tfY2drh4uPk5ebn6Onq8fLz9PX29/j5+v/EAB8BAAMBAQEBAQEBAQEAAAAAAAABAgMEBQYHCAkKC//EALURAAIBAgQEAwQHBQQEAAECdwABAgMRBAUhMQYSQVEHYXETIjKBCBRCkaGxwQkjM1LwFWJy0QoWJDThJfEXGBkaJicoKSo1Njc4OTpDREVGR0hJSlNUVVZXWFlaY2RlZmdoaWpzdHV2d3h5eoKDhIWGh4iJipKTlJWWl5iZmqKjpKWmp6ipqrKztLW2t7i5usLDxMXGx8jJytLT1NXW19jZ2uLj5OXm5+jp6vLz9PX29/j5+v/aAAwDAQACEQMRAD8A9Hs7c8VrwWxx0qaytMAZFakUGO1fHKLkfWV8Tdnyn4ztvsXxB8Z2BHEhjuh+Kgk/+RKwPDT4Yc967P4z+XB8Y7lEwGuNOUP9QpP8kFcDoblZWHoa+kpa0437I86i7yZ1+q3eLVgWzxW/8GLcyWWszjo0yJn6An/2auB1e4OwjPavY/gTYZ8CTTEfNNeSNn2Cqv8ASuXHO1Fno0JqnNM1TbcmiugNlyeKK8XmPY+toh1f4oeDdB1aXTdS1cR3cJ2yqkEkgQ+hKqRn27Vi698e/B2nWrNpb3Wq3GPljihaJc/7TOBgfQGvHPjV8N9d0TxFqutpbtd6ReXMlz58ILeTvYsVkHUYz16e/avKa92jg6Timnc+MnVk3qdfqXiS78X/ABFXWNQVYpbqdF8uP7saABQoz7Dn15pNHIa5lC5+8az/AAjas95LeEfJbIce8jAhR/M/hXQ6Rpz2l1KJByDz9a7GklZG2FT1ZV1PJYg19FfAJA3w2gwQSLiUEDtznn8Dn8a+edXxJcFQdq/xH0r079nbX2tfEl3ocjH7NfR+ZCpP3ZEH9VBz/uiuTFQ56bR21NFc9yNuMniitExjNFeL7Ij2zNNrYMhDD5SOc14n8Q/DvwuspJrnUYLV7w5Pk2R2lm99pAH413vx3l1uL4c3i+GrO4u7uZ1jlW3QtIsXJYgDnsB34Jr5B0/xHBZ3Dpqun5lDHPmKVI9sV9EsOo6o82lVi/jdjrtMtItQ1NX0+xSx0yJ90UKjr7k9z71e1k22nWrecp8zn5h/F71lRfEHSYogIoHQ46Dp/Kud1HWL7xfqcOn6NZz3VxMdscMQyWP+Hr0+ta8j2On29OPUytU1QzSkQgLGD949M/411nwPmaT4m6EoLEmYjPT+E1yV74P8VWmoNb33h7VEcZAxauysQf4SBg/hXp3wG8D+JofiTpF7e6Lf2ljbO7yzXEBiUDYwH3gM5JA4qvZxtY5auMnN2WiPqv7OfSitfYvpRXJ9UiR9YZFqPFjNj+4a+UviPY2kt5O8lrA78/M0YJoorqe5NL4WeMrDF9vC+Um3eRjaMV9efs8aZYWuiXFxbWVrDO7bXkjiVWYDoCQMmiirZkevkDPQUY5oopCCiiigR//Z\", \"amount\": 9, \"full_price\": \"254.25\", \"product_id\": \"9c427436-8ecf-42ba-bf14-a29bcdd197a7\", \"unit_price\": \"28.25\", \"final_price\": \"254.25\", \"unit_discount\": \"0.00\", \"total_discount\": \"0.00\", \"product_variant_id\": \"9c427477-ad1d-41a0-bb73-ca959aa2e9f0\", \"original_unit_price\": \"28.25\"}, {\"id\": \"9c427485-d2fb-456c-8ffe-e9fb2c21c027\", \"sku\": \"W-PS002\", \"name\": \"Chunky Heel Platform Sandals - (Size) 8\", \"type\": \"product_variant\", \"urls\": null, \"image\": \"/9j/4AAQSkZJRgABAQEAYABgAAD//gA7Q1JFQVRPUjogZ2QtanBlZyB2MS4wICh1c2luZyBJSkcgSlBFRyB2ODApLCBxdWFsaXR5ID0gODAK/9sAQwAGBAUGBQQGBgUGBwcGCAoQCgoJCQoUDg8MEBcUGBgXFBYWGh0lHxobIxwWFiAsICMmJykqKRkfLTAtKDAlKCko/9sAQwEHBwcKCAoTCgoTKBoWGigoKCgoKCgoKCgoKCgoKCgoKCgoKCgoKCgoKCgoKCgoKCgoKCgoKCgoKCgoKCgoKCgo/8AAEQgAMgAyAwEiAAIRAQMRAf/EAB8AAAEFAQEBAQEBAAAAAAAAAAABAgMEBQYHCAkKC//EALUQAAIBAwMCBAMFBQQEAAABfQECAwAEEQUSITFBBhNRYQcicRQygZGhCCNCscEVUtHwJDNicoIJChYXGBkaJSYnKCkqNDU2Nzg5OkNERUZHSElKU1RVVldYWVpjZGVmZ2hpanN0dXZ3eHl6g4SFhoeIiYqSk5SVlpeYmZqio6Slpqeoqaqys7S1tre4ubrCw8TFxsfIycrS09TV1tfY2drh4uPk5ebn6Onq8fLz9PX29/j5+v/EAB8BAAMBAQEBAQEBAQEAAAAAAAABAgMEBQYHCAkKC//EALURAAIBAgQEAwQHBQQEAAECdwABAgMRBAUhMQYSQVEHYXETIjKBCBRCkaGxwQkjM1LwFWJy0QoWJDThJfEXGBkaJicoKSo1Njc4OTpDREVGR0hJSlNUVVZXWFlaY2RlZmdoaWpzdHV2d3h5eoKDhIWGh4iJipKTlJWWl5iZmqKjpKWmp6ipqrKztLW2t7i5usLDxMXGx8jJytLT1NXW19jZ2uLj5OXm5+jp6vLz9PX29/j5+v/aAAwDAQACEQMRAD8A91ReatRL0qGMc1aTtQBg2AMl7duennP+QJA/lXY6enl2cK/7Ofz5rk9DHmxs3/PRv5muxX7orOkup0VnokcWkC3evajKSf31wIT9Fwn9K7bGBgdK5XRof+JrOo6C7lP5MTXVmnBbsVV7IZiiloqzE5+Mc1m+JtdsdCsBJf3McDznyoQ7AbnI/p1JrQR68b+MXibRptTm0bUwFurGS2mi3ruDKXRnx6fKSPwpPYcFdnp2k31lZW1l9puoIjKyKoeQAsxIwAO5z2rtWdUjLOQFUZJPavG/Dur6HIu7wjov9oTQEqkyW/kopBycyOBjkk8Z78VvfGbXb/Sfhpe6hpkogvVaEqRhgCZFyORyOopQ00NKju7s2PCOqrqOovLHa3EcM7PNFK4XaysSR0JI4PcCuxJrxjwZrV7p2tWNhqUzl7iBb+3W1hASSKUlmznJGwsRgHsMZ6V6vBfRXUKywOHjYAhh3HWnDTQVTo0Xd1FVPP8AeiqMjESYZr5h+LJNz8XtRKjcF8sEeoEK5H5A19LS20i5KHPtXyz46upD8UdUeKNpZTOYlRRksdmzGPWkI9g03U9V0jX7rwhZNabbdfNtru6lJdoGGUAQD5iv3ScjpTfEjzeKvBuo6HFcl4oJwh1Cd1/fOj7nAUYGFzjj0xjivN/ja8s2raLdzQGKVtPSNg2VIZScj/x4Vw+nTzeZtLts2n5TKWHQjoeO5/OkovdGzqJq0kfQXjH4d3vibwz4ZitNRtPtWmwLEs4zskTaoyCM/wB0fnXUfC7wpeeFLS/hvLiKYXEiugjyduFxjJ/CtfwM6yeENGIAA+yRcAYH3RXQDGKoyHfjRSZooAo1Sa1t5LlZZIInkU5DsgJB+tFFAiHxBplhqFoRf2VrdBOVE0Svj6ZFcvpHhzQxegjRtNBB/wCfVP8ACiioe5a2PQoUVI1VFCqBgADAAqYdBRRVkhRRRQB//9k=\", \"amount\": 6, \"full_price\": \"177.00\", \"product_id\": \"9c42743d-c8b6-4f07-9d39-0ecfb4358f0e\", \"unit_price\": \"29.50\", \"final_price\": \"177.00\", \"unit_discount\": \"0.00\", \"total_discount\": \"0.00\", \"product_variant_id\": \"9c42747e-75ca-44d5-9d17-2f1717f914eb\", \"original_unit_price\": \"29.50\"}, {\"id\": \"9c427485-db19-4c04-b1aa-b8452687ad17\", \"sku\": \"M-BO003\", \"name\": \"Outdoor Hiking Boots - (Size) 8.5, (Colour) Midnight Blue\", \"type\": \"product_variant\", \"urls\": null, \"image\": \"/9j/4AAQSkZJRgABAQEAYABgAAD//gA7Q1JFQVRPUjogZ2QtanBlZyB2MS4wICh1c2luZyBJSkcgSlBFRyB2ODApLCBxdWFsaXR5ID0gODAK/9sAQwAGBAUGBQQGBgUGBwcGCAoQCgoJCQoUDg8MEBcUGBgXFBYWGh0lHxobIxwWFiAsICMmJykqKRkfLTAtKDAlKCko/9sAQwEHBwcKCAoTCgoTKBoWGigoKCgoKCgoKCgoKCgoKCgoKCgoKCgoKCgoKCgoKCgoKCgoKCgoKCgoKCgoKCgoKCgo/8AAEQgAMgAyAwEiAAIRAQMRAf/EAB8AAAEFAQEBAQEBAAAAAAAAAAABAgMEBQYHCAkKC//EALUQAAIBAwMCBAMFBQQEAAABfQECAwAEEQUSITFBBhNRYQcicRQygZGhCCNCscEVUtHwJDNicoIJChYXGBkaJSYnKCkqNDU2Nzg5OkNERUZHSElKU1RVVldYWVpjZGVmZ2hpanN0dXZ3eHl6g4SFhoeIiYqSk5SVlpeYmZqio6Slpqeoqaqys7S1tre4ubrCw8TFxsfIycrS09TV1tfY2drh4uPk5ebn6Onq8fLz9PX29/j5+v/EAB8BAAMBAQEBAQEBAQEAAAAAAAABAgMEBQYHCAkKC//EALURAAIBAgQEAwQHBQQEAAECdwABAgMRBAUhMQYSQVEHYXETIjKBCBRCkaGxwQkjM1LwFWJy0QoWJDThJfEXGBkaJicoKSo1Njc4OTpDREVGR0hJSlNUVVZXWFlaY2RlZmdoaWpzdHV2d3h5eoKDhIWGh4iJipKTlJWWl5iZmqKjpKWmp6ipqrKztLW2t7i5usLDxMXGx8jJytLT1NXW19jZ2uLj5OXm5+jp6vLz9PX29/j5+v/aAAwDAQACEQMRAD8A+qa4P4meLr3wpfaI9usDWErSNeBhmQopT7nboW6+1d5Xzt8VdTbxH4huhAd1lADaRkHrgncw+rEj6AVMnZDSuev+BvHWkeMrOefTGdPJ271lwDhs4PB9jW/p2pWWoozWNzHMFJDBTypBxyOo5Br5Wjjh0fTYLWCJVRUO4YyTxknOR+fvXb/AyPf46nmgY+UNNxIAwIzvGAevr7dKiNRt2KcbHvtFFFakBRRRQByHxO1qXSNAWK1dori+c28cw42HaW4PrgHH4+lfPOnxymO1aRdssYKtnOcgkGvdPjP4k8P6J4ejtvEMVxcNdNut4rfAkDJg7wSRjBI+ucYIzXgfhjXxrom81VW5gxuCjAZT0P5isqqdrouDszQ1ETMrHINsU2nkrg/3iR7V1Pwo1EWvjXTpGjEUdzFJa4BBwTtKg8Z6oK55YkkjNvJKQXOQckAc8dKxxJLpmoJdW0lxHdRyEwyoxyCDwcAn9fes6epU2fXtFfFc/wAS/HKXzC78RXySLkbRhRn6AYz+FeifCr41a1c+JLHRvE/lXdveSLBHchAkkbMcLuxwQSQOme+a6LmR9IUUUUwPmb9qSxux4v0q9Me60ksxEhI43q7Fh+TL+deQ+Gr9tK1dZxxGfkmTGDtPX+XH0r7r1XS7DV7Q2uqWdveW5OfLnjDrn1we/vXLj4W+CQXP/CPWhL9SSxP4c8fhSsB4ZcXtpBYx3jXMX2eTiOXrk+n14qjNd2V+sfl3sQkAI5cxk5+uPSvV/FXwmSGKd/CscL2sxBl0q5bEZ45MbnO09ODx7ivIPEPw/wBT0u4kihs9UtHHIie2e4ib/dkjDAjkdefWsvZpO6L529Gc54ti02S8BtGJvlUbwpDI3tuz1rsvgP4AvNe8RWOu3cEsGlafIs6vIpXzpFIKqvqAQCT7Y71y+heBPF3iG8gt7XS7pIWcBp5YDHEozySxA/Ic19p28YhgjiGMIoUYGBwPStIqysS3cfRRRVCCiiigAooooAKKKKACiiigD//Z\", \"amount\": 1, \"full_price\": \"29.99\", \"product_id\": \"9c427450-8225-4e1d-bfb7-ec4c08a908f2\", \"unit_price\": \"29.99\", \"final_price\": \"29.99\", \"unit_discount\": \"0.00\", \"total_discount\": \"0.00\", \"product_variant_id\": \"9c42747a-f498-4686-84e7-fe01768a75f5\", \"original_unit_price\": \"29.99\"}, {\"id\": \"9c427485-d7f6-48dc-8a7c-4f69ab648fd0\", \"sku\": \"M-TI003\", \"name\": \"Modern Skinny Tie\", \"type\": \"product\", \"urls\": null, \"image\": \"/9j/4AAQSkZJRgABAQEAYABgAAD//gA7Q1JFQVRPUjogZ2QtanBlZyB2MS4wICh1c2luZyBJSkcgSlBFRyB2ODApLCBxdWFsaXR5ID0gODAK/9sAQwAGBAUGBQQGBgUGBwcGCAoQCgoJCQoUDg8MEBcUGBgXFBYWGh0lHxobIxwWFiAsICMmJykqKRkfLTAtKDAlKCko/9sAQwEHBwcKCAoTCgoTKBoWGigoKCgoKCgoKCgoKCgoKCgoKCgoKCgoKCgoKCgoKCgoKCgoKCgoKCgoKCgoKCgoKCgo/8AAEQgAKAAyAwEiAAIRAQMRAf/EAB8AAAEFAQEBAQEBAAAAAAAAAAABAgMEBQYHCAkKC//EALUQAAIBAwMCBAMFBQQEAAABfQECAwAEEQUSITFBBhNRYQcicRQygZGhCCNCscEVUtHwJDNicoIJChYXGBkaJSYnKCkqNDU2Nzg5OkNERUZHSElKU1RVVldYWVpjZGVmZ2hpanN0dXZ3eHl6g4SFhoeIiYqSk5SVlpeYmZqio6Slpqeoqaqys7S1tre4ubrCw8TFxsfIycrS09TV1tfY2drh4uPk5ebn6Onq8fLz9PX29/j5+v/EAB8BAAMBAQEBAQEBAQEAAAAAAAABAgMEBQYHCAkKC//EALURAAIBAgQEAwQHBQQEAAECdwABAgMRBAUhMQYSQVEHYXETIjKBCBRCkaGxwQkjM1LwFWJy0QoWJDThJfEXGBkaJicoKSo1Njc4OTpDREVGR0hJSlNUVVZXWFlaY2RlZmdoaWpzdHV2d3h5eoKDhIWGh4iJipKTlJWWl5iZmqKjpKWmp6ipqrKztLW2t7i5usLDxMXGx8jJytLT1NXW19jZ2uLj5OXm5+jp6vLz9PX29/j5+v/aAAwDAQACEQMRAD8A+qaKK8y+NvjYeH9HOmWF2kOp3i4ZwfmhjPVgBzuPQenJ9KcYuTshpXdjH+KHxTFncyaV4evY43jJWe6RfMYHuqDpx3JP09a4TQvHWuW90J7bUdTumB+YS/vFb6g5rzqGaJX22du08p6NKNxP0UcfnmppZJQR/aF3sx0jB3MP+AjgfpXdGEYqx0RSSsfTHhv4p2N4Ei1i2ms5+hkRd8Z/AZI/X616DaXVveQLNaTRzRN0ZGBFfC2o6wN6W1hHMCT88pcbj/sqAOPrzUfhnxfq/h3X4L+wvJYRCyl0EhxIMgYYdGz3yM/lWM6UfskSguh950VU0+/ivbC2u48hJ4llXPowBH86K5jEyvHPie28KaDNf3BjMx+WCJ3C+Y/YfTufavkLxBfnVdTudR1W8e7vJ3Lv5S4GfTJ6AdBgdK9I+P8AfQ3vjprWeacpZQJGIkAwpYbyck9SGXt2FeYlrdSRBZ+Y3YyuW/QYrspQtG/c6IRsrle3lurkNHZxiGEfe2nA/wCBMetV7tbaxieW4l89lGRHB3PYbv8ACrUltdSkNeSJbxj7qudoH0Uc/pUl14Sv9U0+KTSmmfLbgwjwGx6DrVSlyobdkcXZyG4mUqowELZB6s2Sc/gOntW94N8PXfijxBpmi2sZfz5d7ygZKIOrHvgf/qrsvBPwI8VasyLd+TpmnZLebNkyAE8gKOT04yRX0x8PPh5onga1caZDvvJQBNdScu/t7D2/PNYOokjNzsjqbS0itbSG3iXEcSLGo9ABgUVYorAyPnL4peG/FN94+1a50zRJri1kZDHOkKNuAjUdTz2x+Fcwvgbx7cfImj3sYPH30jH8xRRW6rNLY19o0tjb0H4GeIby6ik1qa1tLYsDIgkLyEdxwMfrXvWgeFNN0aGNIYldkAAJHTHoKKKznNz3IlJy3N8DAwOlFFFQSFFFFAH/2Q==\", \"amount\": 7, \"full_price\": \"174.93\", \"product_id\": \"9c42746c-87d8-4702-8f10-a8dfbaa6dcc0\", \"unit_price\": \"22.99\", \"final_price\": \"160.93\", \"unit_discount\": \"2.00\", \"total_discount\": \"14.00\", \"original_unit_price\": \"24.99\"}]','{\"id\": \"9c4273ec-02c0-4077-bb1b-b9646711b4c9\", \"code\": \"AAFVNA3QRE\", \"slug\": \"7.5%-off-1\", \"type\": 1, \"value\": \"7.5%\", \"amount\": 7.5, \"enabled\": true, \"created_at\": \"2024-06-11T07:51:06.000000Z\", \"deleted_at\": null, \"updated_at\": \"2024-06-11T07:51:06.000000Z\", \"valid_from\": \"2023-10-12T08:00:00.000000Z\", \"valid_until\": \"2024-10-12T08:00:00.000000Z\"}','{\"id\": \"9c4273ee-162d-4c89-9e7b-7bd414e934e6\", \"name\": {\"de\": \"Standard Klein (unter 5kg)\", \"en\": \"Standard Small (under 5kg)\", \"fr\": \"Standard petit (moins de 5 kg)\"}, \"slug\": \"standard-small-1\", \"price\": 7.99, \"enabled\": true, \"created_at\": \"2024-06-11T07:51:07.000000Z\", \"deleted_at\": null, \"updated_at\": \"2024-06-11T07:51:07.000000Z\", \"description\": {\"de\": \"Zustellung per Royal Mail (ca. 3–5 Tage)\", \"en\": \"Royal mail delivery. (approximately 3-5 days)\", \"fr\": \"Livraison du courrier royal. (environ 3 à 5 jours)\"}, \"enabled_by_default_on_creation\": true}','{\"delivery\": 7.99, \"subtotal\": 827.17, \"total_payable\": 772.52, \"applied_discount\": 68.65}',1,'gavin-holmes-alisonhaven-1',NULL,'2024-06-11 07:52:49','2024-06-11 07:52:49'),('9c427489-563b-42c6-9f7c-931785b2f02d','9c4273cd-6df9-4eae-ad34-b56f8bf11835','9c427485-2b7b-439a-9f73-f6cfa2d0be07','{\"id\": \"9c427485-0f5e-4a4f-9cdf-7978b7871f30\", \"lat\": \"-79.796876\", \"lon\": \"128.528690\", \"name\": null, \"slug\": \"lucy-martin-south-tonyshire\", \"town\": \"South Tonyshire\", \"country\": \"UK\", \"user_id\": \"9c4273cd-6df9-4eae-ad34-b56f8bf11835\", \"post_code\": \"RM14 3PA\", \"created_at\": \"2024-06-11T07:52:46.000000Z\", \"deleted_at\": null, \"updated_at\": \"2024-06-11T07:52:46.000000Z\", \"address_line_1\": \"537 Ward Walk\", \"address_line_2\": null, \"google_maps_url\": \"https://www.google.com/maps/@-79.796876,128.528690,14z\"}','{\"amount\": \"1565.58\", \"source\": {\"id\": \"9c427485-1ad0-4c0e-ab8e-b23b10d46d7f\", \"name\": \"aut incidunt\", \"slug\": \"martin-aut-incidunt\", \"brand\": \"american express\", \"user_id\": \"9c4273cd-6df9-4eae-ad34-b56f8bf11835\", \"exp_year\": \"2025\", \"exp_month\": \"6\", \"last_four\": \"4490\", \"source_id\": \"4TaW6nlynwtEkcx54v4JqNI5WG986xvaQVlEYRyVSERFzfmUt8PL9r23OAFJVT07aX5Mfs7t3TlSvNrYgqy7VKRiDR6i1ChU3d9Z6jK1hkr45rhO79Htz5gG6c7bgdLctruTCQJPjXqkoca9qPttvh\", \"created_at\": \"2024-06-11T07:52:46.000000Z\", \"deleted_at\": null, \"updated_at\": \"2024-06-11T07:52:46.000000Z\", \"stripe_user_id\": \"x9pcX4ouOcEUdX97uwq4zV500th91PXO2il98uAAxgbCB7Fj66qXqviFzeN2RFI0oSX42GI8nKj6CXtFqqdZxk064jlRjtLWnePul5C4Bpx5cnQmpQLlyiYE\", \"payment_method_id\": 4}, \"created_at\": \"11-06-2024 07:52\", \"payment_ref\": \"ySCmbOBZWE\"}','[{\"id\": \"9c427485-efc1-4cc0-abcc-a52c3e1bd2a5\", \"sku\": \"M-S001\", \"name\": \"Classic Dress Shirt - (Size) XS\", \"type\": \"product_variant\", \"urls\": null, \"image\": \"/9j/4AAQSkZJRgABAQEAYABgAAD//gA7Q1JFQVRPUjogZ2QtanBlZyB2MS4wICh1c2luZyBJSkcgSlBFRyB2ODApLCBxdWFsaXR5ID0gODAK/9sAQwAGBAUGBQQGBgUGBwcGCAoQCgoJCQoUDg8MEBcUGBgXFBYWGh0lHxobIxwWFiAsICMmJykqKRkfLTAtKDAlKCko/9sAQwEHBwcKCAoTCgoTKBoWGigoKCgoKCgoKCgoKCgoKCgoKCgoKCgoKCgoKCgoKCgoKCgoKCgoKCgoKCgoKCgoKCgo/8AAEQgAMgAyAwEiAAIRAQMRAf/EAB8AAAEFAQEBAQEBAAAAAAAAAAABAgMEBQYHCAkKC//EALUQAAIBAwMCBAMFBQQEAAABfQECAwAEEQUSITFBBhNRYQcicRQygZGhCCNCscEVUtHwJDNicoIJChYXGBkaJSYnKCkqNDU2Nzg5OkNERUZHSElKU1RVVldYWVpjZGVmZ2hpanN0dXZ3eHl6g4SFhoeIiYqSk5SVlpeYmZqio6Slpqeoqaqys7S1tre4ubrCw8TFxsfIycrS09TV1tfY2drh4uPk5ebn6Onq8fLz9PX29/j5+v/EAB8BAAMBAQEBAQEBAQEAAAAAAAABAgMEBQYHCAkKC//EALURAAIBAgQEAwQHBQQEAAECdwABAgMRBAUhMQYSQVEHYXETIjKBCBRCkaGxwQkjM1LwFWJy0QoWJDThJfEXGBkaJicoKSo1Njc4OTpDREVGR0hJSlNUVVZXWFlaY2RlZmdoaWpzdHV2d3h5eoKDhIWGh4iJipKTlJWWl5iZmqKjpKWmp6ipqrKztLW2t7i5usLDxMXGx8jJytLT1NXW19jZ2uLj5OXm5+jp6vLz9PX29/j5+v/aAAwDAQACEQMRAD8A41jgcVe8NeH7nxRqhs7dxFGq75JSuQo7ceprMmfanFeufDTT/wCxvCX9oyjbPeMJiT2QfdH5ZP8AwKvnslwH1zEKMl7q1ZeMr+xp3W5b8O/Duy0BXkti09zIMSSTHqOuABwOefWta68IW2p+YmpIlzBLhirDDZHQ5HPT8q6eCdJYwRjJp8hTygHLqAAcoxB/Svu4whTjyRgrWtt0Z4rnJ7yffc8f8W/DlNC0yfUtJuJnih+aS3k+Yhe5B9uvPbPNchBJvUGveDdw3t/c2DMJEEI3oWycNuGD9QK8OvtPfSdWu7B8kwSFAT3XsfxGD+NfF8SZbHDONamrJ7+p6uAxDqXjJ7Bn2opKK+TPRM7w9pTa5r1npwYqsr5dh2QDLfoDXdfGnxLH4f8ADQ0nTjtu7mMRQqh5iQcFvwHA96y/BzxeGbK61u9khE7RgRxE5bY3IGPU4z9MV5xrt1c6/rkl9fsWlnkAA7IueFHsK+6wFeGX4RSi06k/vXr+n/APLxFGdatyzi1GP4+h9XWUflxIPQCrMg3Lj1XH6UyMYWn5yB9BX1T1dzyjxaLWpNI+O1zbTSFbfUII4uegZVJX+bD6mtL4o2Yh120vFGFuoMN7snB/QrXC/Gbzbb4jSXVuds0Kwyxn0IGR+ortfGOqR6zoPh+7DxrKUZjGrZ+8Fyfwx+tfN5vWjicHXhLeEtPv/wCHO/DxdOrBraSOYwKKUDiivz657Rz95JLLBFDJIzRRZ2KTwueuKx70mJd6cMpyDWxJjBrLv1yhBr1qMndXIlqfTnhDXrHxNolvqOm3MU6PGpdUbJifHKMOxB9a1of9WD22ivgy21rVvDuqXh0XUrzT2kbDm2maPcM5AODz1qe48deKrqyls7nxFqs1tKux45Lp2DL6HJ6V+iQxacU2tzxZYN30eh6t8Rtcs/EPjbUG05lkhtdtt5qtkSFRyR7ZJH4ZrpLnVIL7QtOt/KVZoDtUqeibQOfqf5V478PFDwT5/vj+Vej2g2qMV8NnFZqtUiurPaw/7unyI0AeKKZv9qK+esaHPTVn3n3TRRXqUtzNnmfiL/kLT/h/KsxelFFfa0P4cPRHI9zvPh1/qJ/+ug/lXpFv0oor5DOP95kddL4S1iiiivHNT//Z\", \"amount\": 8, \"full_price\": \"231.92\", \"product_id\": \"9c4273f6-c260-4e77-9cae-af165373987a\", \"unit_price\": \"28.99\", \"final_price\": \"231.92\", \"unit_discount\": \"0.00\", \"total_discount\": \"0.00\", \"product_variant_id\": \"9c42747c-99f2-47f5-b89a-f80496db082d\", \"original_unit_price\": \"28.99\"}, {\"id\": \"9c427485-e06a-4998-a227-c4405eb4b121\", \"sku\": \"M-J002\", \"name\": \"Casual V-Neck Modern Jumper - (Size) S\", \"type\": \"product_variant\", \"urls\": null, \"image\": \"/9j/4AAQSkZJRgABAQEAYABgAAD//gA7Q1JFQVRPUjogZ2QtanBlZyB2MS4wICh1c2luZyBJSkcgSlBFRyB2ODApLCBxdWFsaXR5ID0gODAK/9sAQwAGBAUGBQQGBgUGBwcGCAoQCgoJCQoUDg8MEBcUGBgXFBYWGh0lHxobIxwWFiAsICMmJykqKRkfLTAtKDAlKCko/9sAQwEHBwcKCAoTCgoTKBoWGigoKCgoKCgoKCgoKCgoKCgoKCgoKCgoKCgoKCgoKCgoKCgoKCgoKCgoKCgoKCgoKCgo/8AAEQgAMgAyAwEiAAIRAQMRAf/EAB8AAAEFAQEBAQEBAAAAAAAAAAABAgMEBQYHCAkKC//EALUQAAIBAwMCBAMFBQQEAAABfQECAwAEEQUSITFBBhNRYQcicRQygZGhCCNCscEVUtHwJDNicoIJChYXGBkaJSYnKCkqNDU2Nzg5OkNERUZHSElKU1RVVldYWVpjZGVmZ2hpanN0dXZ3eHl6g4SFhoeIiYqSk5SVlpeYmZqio6Slpqeoqaqys7S1tre4ubrCw8TFxsfIycrS09TV1tfY2drh4uPk5ebn6Onq8fLz9PX29/j5+v/EAB8BAAMBAQEBAQEBAQEAAAAAAAABAgMEBQYHCAkKC//EALURAAIBAgQEAwQHBQQEAAECdwABAgMRBAUhMQYSQVEHYXETIjKBCBRCkaGxwQkjM1LwFWJy0QoWJDThJfEXGBkaJicoKSo1Njc4OTpDREVGR0hJSlNUVVZXWFlaY2RlZmdoaWpzdHV2d3h5eoKDhIWGh4iJipKTlJWWl5iZmqKjpKWmp6ipqrKztLW2t7i5usLDxMXGx8jJytLT1NXW19jZ2uLj5OXm5+jp6vLz9PX29/j5+v/aAAwDAQACEQMRAD8A6dVqVRxz0pi1zfxPtru68DanHYTtDLsBO3q65+ZfbIpt21ZCTbsjobLULG9eSOzvLaeSP76xSqxX6gHirTLXhvw98AX1jrWl6imoTwukuZkWPZhcZ2kk859hjHevdazp1Y1FeLNatCdFpTViB1yKqyrV4ioJVrQyKWaKkMZzRQBIrgck8UjXKRwhptx8wZWPbzj0x/nrVGacpCSOpIX8yB/WrU0Yhvo5JTv86VIoxj7i7eR/M/XFfN57mU8HVpxh2b9Xsr+W7+49jLMHGvCUpen/AA3nsZXhjSbmGSSZtsIMrNGgGSFzgBjnB+XA4xW/NJPpxlu7jyzbFAr/AOwATzj8f5VdgUKPlHQ4NLqJfyx5aq+CDtJxkf5zXx6zTF4uoqK1Un8O33dU/me9UoUYrnlpZb+RG+0hXiYNE43Kw5BBqJhTdPMMWnJaxqUMRwiFSML6fh0/CnGvv8nxVTE4ZOsmpRdnfS9uvz6+dz5XHUY0azUHdPVEW2ilor1TjOf371AJ6EH8jmrrTSTGNmYbw6AEDp8wrKjbpRql2tlpsl277FgIkLYJ6EenNcWNwkKsJVOS81FpfNHThsRKEowcrRumzsbNi0jt2JzVi8U7Qw6VwNl8SdBUnfeorHqFt5D/AEFalp460fU7u2srS4dpJ2IBMRVScZxkn2r4DLcpx1PHU6joySTV207W69D6LGY7DSoyiqiba7o6DtUbdKk7VDIa/TD5QjzRTM0UDOaTrVHxh/yKWqf9cDRRVx3M3seFyf8AH1H/ALtdR4WJGu6OQcH7XDz/AMDFFFd/RnnS3ifRZ6VA/SiivOPUK1FFFIZ//9k=\", \"amount\": 2, \"full_price\": \"43.00\", \"product_id\": \"9c4273fe-8d04-4eef-97a6-1cb9af635256\", \"unit_price\": \"21.50\", \"final_price\": \"43.00\", \"unit_discount\": \"0.00\", \"total_discount\": \"0.00\", \"product_variant_id\": \"9c42747c-d301-43a3-afea-98e6e9dda5c3\", \"original_unit_price\": \"21.50\"}, {\"id\": \"9c427485-fa6d-4921-8145-b4ad86485523\", \"sku\": \"W-P002\", \"name\": \"Sporty Performance Polo - (Size) S\", \"type\": \"product_variant\", \"urls\": null, \"image\": \"/9j/4AAQSkZJRgABAQEAYABgAAD//gA7Q1JFQVRPUjogZ2QtanBlZyB2MS4wICh1c2luZyBJSkcgSlBFRyB2ODApLCBxdWFsaXR5ID0gODAK/9sAQwAGBAUGBQQGBgUGBwcGCAoQCgoJCQoUDg8MEBcUGBgXFBYWGh0lHxobIxwWFiAsICMmJykqKRkfLTAtKDAlKCko/9sAQwEHBwcKCAoTCgoTKBoWGigoKCgoKCgoKCgoKCgoKCgoKCgoKCgoKCgoKCgoKCgoKCgoKCgoKCgoKCgoKCgoKCgo/8AAEQgAMgAyAwEiAAIRAQMRAf/EAB8AAAEFAQEBAQEBAAAAAAAAAAABAgMEBQYHCAkKC//EALUQAAIBAwMCBAMFBQQEAAABfQECAwAEEQUSITFBBhNRYQcicRQygZGhCCNCscEVUtHwJDNicoIJChYXGBkaJSYnKCkqNDU2Nzg5OkNERUZHSElKU1RVVldYWVpjZGVmZ2hpanN0dXZ3eHl6g4SFhoeIiYqSk5SVlpeYmZqio6Slpqeoqaqys7S1tre4ubrCw8TFxsfIycrS09TV1tfY2drh4uPk5ebn6Onq8fLz9PX29/j5+v/EAB8BAAMBAQEBAQEBAQEAAAAAAAABAgMEBQYHCAkKC//EALURAAIBAgQEAwQHBQQEAAECdwABAgMRBAUhMQYSQVEHYXETIjKBCBRCkaGxwQkjM1LwFWJy0QoWJDThJfEXGBkaJicoKSo1Njc4OTpDREVGR0hJSlNUVVZXWFlaY2RlZmdoaWpzdHV2d3h5eoKDhIWGh4iJipKTlJWWl5iZmqKjpKWmp6ipqrKztLW2t7i5usLDxMXGx8jJytLT1NXW19jZ2uLj5OXm5+jp6vLz9PX29/j5+v/aAAwDAQACEQMRAD8A8y8PWDMUwCS/AwPzr6A8E6fFb6aLeNDI8gAOckE4/LvXjHw7mSa/iF3m3jDgAlsb8jt6cA/pXS6z8WYvDuprBZ2/2+xjba8hfkDuFGMZB7557V4NWFWpPlijouktTt/E/iGW48VJ4K0GSytLxYPtN/fXJAS2TICgZ6sSy/TI6dRmeE/E99pni+78G6jrEWou8Rkhu4UVSzLnfGcE4x1654Oa4Xwb44j1X4uW+rQ2jSS3y/Y5FaMY8sEFHbOeQQo4PYdKyfGmraxafFDTtXlsLhYbKRxC7QBRISW6lRg5zjNddGEoRVPyNoqKiptdT27xDFdGHytPQrkfM69c+1ccfACSzi41GVnPLEZ6/wCeT+VcxJ8aNTCrmxtck44Q/wDxVQWnxc1rV9QgtLe1tYpbgZG5S3bPr7elCpyWxo5Um7ydzfm8J24lfYqKu44G3oKKyJvE/iBJnQ/YSVYj/UH/AOKopWkVzUTm9Xt5dGna0STZJb2+G2nkMz4PP+6BXJ6kgkg2t0LAHH1r2KP4jaKJQ8vhHSriWXAZ5EVicDjJIPbFaFr470W4miWPwTojA8YFshb2x8vWnDFSitYfkcMopvc9e8M/DvwzaWwvdGsRp08qiN5ITkkKfu/PnjKg8Yzir2qx6X4U0S51m4D+YkW+R3YyN64UEnHPYcVk+F9W1O4hnV7kRRwyFEUx8nABOfzP5V5l8cdT1a5CWM94PsbEB0XgnPHWvVjJSjzoxmnFuDOA+L8LXuvWmqrCFN6iyMQoXPIIJ98H9K4bwgWi8VaHKq7gJoQR7EgH+dexNq2l6VZW2o61oa6nZzW8UMImOdjKDnB+hFZh8c+CVvYHtvBFpFcRMpR0crtI6HivNnibybjF2N3T5PdbMrU79F1K7Gekrj9TRVa/1/R5764l/siceZIzYE/Ayc/3aKjm8mM5CKYM6gkZ6jmus8Fzu/iXR40USA3UYIPI++OK5W30XU2OY4GbP+wwx+ldR4M0TVrbWorq6jSKCJZXyzY52Ntz+OKqSi9Lijuj6gttS0eQywabqWl3U6sfPEd3GWB6lQufwJP09a87+JOiTXVvLdT7BucLGNwLMx7KPbrXz1quoNatLIuN0nysduOPwqlpMdybj7TY3M0UpJZpIXZSM+4Ir1lTa9xbHM5J+91PSvGN0X+Gvh2GTChGnBz6h8fyry5phHOhUg812/iKyv8A/hCNAtzGWfbJccP0UsQOvXPBrz65tbyJ/ngZceteZCCV1c66t3Z+SNVplLE5PJoqiEmIB2/rRT5TM+19NsLPycfZLf8A79r/AIVn+PbO2j8I6g0dvCrBAQVQAjkUUV5S+NGkfjXqfHXiL/WTDtuNdb4ljS31+ZIEWJPJhO1BtGTGuTxRRX1H/L1ej/Q4Xsdf4K/f+J9Hgm/eQjT2by35XO0c46V1muWNptf/AEWD/v2KKK+er/xf67ndW+JeiOQNrb5P7iL/AL4FFFFIzP/Z\", \"amount\": 9, \"full_price\": \"175.50\", \"product_id\": \"9c427410-66d7-441a-8e70-d6d91f6923bc\", \"unit_price\": \"19.50\", \"final_price\": \"175.50\", \"unit_discount\": \"0.00\", \"total_discount\": \"0.00\", \"product_variant_id\": \"9c42747d-5529-4a27-b1a8-5ae352b9e421\", \"original_unit_price\": \"19.50\"}, {\"id\": \"9c427485-e361-4eb1-be56-8e9de1438989\", \"sku\": \"W-S001\", \"name\": \"Elegant A-Line Skirt - (Size) XS, (Colour) Midnight Blue\", \"type\": \"product_variant\", \"urls\": null, \"image\": \"/9j/4AAQSkZJRgABAQEAYABgAAD//gA7Q1JFQVRPUjogZ2QtanBlZyB2MS4wICh1c2luZyBJSkcgSlBFRyB2ODApLCBxdWFsaXR5ID0gODAK/9sAQwAGBAUGBQQGBgUGBwcGCAoQCgoJCQoUDg8MEBcUGBgXFBYWGh0lHxobIxwWFiAsICMmJykqKRkfLTAtKDAlKCko/9sAQwEHBwcKCAoTCgoTKBoWGigoKCgoKCgoKCgoKCgoKCgoKCgoKCgoKCgoKCgoKCgoKCgoKCgoKCgoKCgoKCgoKCgo/8AAEQgAMgAyAwEiAAIRAQMRAf/EAB8AAAEFAQEBAQEBAAAAAAAAAAABAgMEBQYHCAkKC//EALUQAAIBAwMCBAMFBQQEAAABfQECAwAEEQUSITFBBhNRYQcicRQygZGhCCNCscEVUtHwJDNicoIJChYXGBkaJSYnKCkqNDU2Nzg5OkNERUZHSElKU1RVVldYWVpjZGVmZ2hpanN0dXZ3eHl6g4SFhoeIiYqSk5SVlpeYmZqio6Slpqeoqaqys7S1tre4ubrCw8TFxsfIycrS09TV1tfY2drh4uPk5ebn6Onq8fLz9PX29/j5+v/EAB8BAAMBAQEBAQEBAQEAAAAAAAABAgMEBQYHCAkKC//EALURAAIBAgQEAwQHBQQEAAECdwABAgMRBAUhMQYSQVEHYXETIjKBCBRCkaGxwQkjM1LwFWJy0QoWJDThJfEXGBkaJicoKSo1Njc4OTpDREVGR0hJSlNUVVZXWFlaY2RlZmdoaWpzdHV2d3h5eoKDhIWGh4iJipKTlJWWl5iZmqKjpKWmp6ipqrKztLW2t7i5usLDxMXGx8jJytLT1NXW19jZ2uLj5OXm5+jp6vLz9PX29/j5+v/aAAwDAQACEQMRAD8A+k7T7orQiHfNZ1qflFUfEsVrd2Zhvo0eFPn+Y4AP50Uoc8kjOtVVKLkzYvbBJ8vGQkvXd61z+paWk4KTH7NdH7sinCv/APXrjdT0GwSP/R5JLbPKtFdTRforVxev6RqVrHi313UELfMgluEdfw3813f2bKSvFnAs1pp2kmjofEWiX1vdJHd+YUZsBySRj2NW9LgNvp8UT8Fc/wA6840rW/F9jqEMd7ry3NkXAePMbkr+GcGvTDOHOc9a5a2GnQtzdTvo4mGIXudCbBoqPzBRWBsegi5S3tHmkOERSx/CuYv9RRzELyVYwym4lZjgKMgBf1P/AHzTvE14wsYLWP707jdj+6K4vWb5p5tbaOOCZYpI7MCY/IQib2/8elI/CvYwGH9xTfU8HMsReo6a2X5sng1M6x4hvvLnSW2iYRR+Wcrj61zHxC1BbfxjArvtjS3I56dq2fh9abN8v2WO2DNu2RklfrXH+PLM6v4wSJWIJfbx+Fery2dl0PKi1zO5NZkanoWp6gLC3hsoZIolcRgPOxcbiT2AGOnc+1dHpl75lpEd2TtwT9OK0/EGnwaT4AezgULHGinHvkHNcPoN2N1xCDyjhsemRz+oavOzGPPS5l0Z6uVztVce6O3FyMdaKxhNx1orwz6Cx6Dc232meO43sxjHEfr9DXn+pW58O6Iw1qdDeSzTXMgjbKszuSME47YFd7az8DmsXxzZxX+lh5FB2cHNdcMxqUIbXSOKWV0cTU1dmxPBDrLoqTqVbcucqQRXKaFCNS+IU7HlbYFm9iTxXC6lf3GlyE6bcS20qjG6JypI9DjqK9X+A2jFvDs2taqxuL3UHLF27KvAGB+NbwzqEk246mNXhypTfuzTRa8fSrJpEkG4BXwD+deX2kLQavPcIf3ciBWGe4JP9TXq3j2CxKsPK5Ho7D+teVtKPMOOmaitmcatJ04RLw+UTw1RVJyv6G0Lk4HNFZgm4FFeZc9Wx6xaHim69zod5n/nnRRTqfAyaX8Rep89awSbl8mvo/4UgD4faVgY/dH/ANCNFFcNM9nEbI5vx2Tubk968xY/MaKK2pbM48T0JAeBRRRWpzH/2Q==\", \"amount\": 3, \"full_price\": \"86.97\", \"product_id\": \"9c427414-5cf5-480d-8324-74ea8f9e275c\", \"unit_price\": \"28.99\", \"final_price\": \"86.97\", \"unit_discount\": \"0.00\", \"total_discount\": \"0.00\", \"product_variant_id\": \"9c42747a-3996-416c-bbc1-11dc25cd1415\", \"original_unit_price\": \"28.99\"}, {\"id\": \"9c427485-f7c2-4fad-b016-3f96421cd45c\", \"sku\": \"W-J002\", \"name\": \"Casual V-Neck Jumper - (Size) L\", \"type\": \"product_variant\", \"urls\": null, \"image\": \"/9j/4AAQSkZJRgABAQEAYABgAAD//gA7Q1JFQVRPUjogZ2QtanBlZyB2MS4wICh1c2luZyBJSkcgSlBFRyB2ODApLCBxdWFsaXR5ID0gODAK/9sAQwAGBAUGBQQGBgUGBwcGCAoQCgoJCQoUDg8MEBcUGBgXFBYWGh0lHxobIxwWFiAsICMmJykqKRkfLTAtKDAlKCko/9sAQwEHBwcKCAoTCgoTKBoWGigoKCgoKCgoKCgoKCgoKCgoKCgoKCgoKCgoKCgoKCgoKCgoKCgoKCgoKCgoKCgoKCgo/8AAEQgAMgAyAwEiAAIRAQMRAf/EAB8AAAEFAQEBAQEBAAAAAAAAAAABAgMEBQYHCAkKC//EALUQAAIBAwMCBAMFBQQEAAABfQECAwAEEQUSITFBBhNRYQcicRQygZGhCCNCscEVUtHwJDNicoIJChYXGBkaJSYnKCkqNDU2Nzg5OkNERUZHSElKU1RVVldYWVpjZGVmZ2hpanN0dXZ3eHl6g4SFhoeIiYqSk5SVlpeYmZqio6Slpqeoqaqys7S1tre4ubrCw8TFxsfIycrS09TV1tfY2drh4uPk5ebn6Onq8fLz9PX29/j5+v/EAB8BAAMBAQEBAQEBAQEAAAAAAAABAgMEBQYHCAkKC//EALURAAIBAgQEAwQHBQQEAAECdwABAgMRBAUhMQYSQVEHYXETIjKBCBRCkaGxwQkjM1LwFWJy0QoWJDThJfEXGBkaJicoKSo1Njc4OTpDREVGR0hJSlNUVVZXWFlaY2RlZmdoaWpzdHV2d3h5eoKDhIWGh4iJipKTlJWWl5iZmqKjpKWmp6ipqrKztLW2t7i5usLDxMXGx8jJytLT1NXW19jZ2uLj5OXm5+jp6vLz9PX29/j5+v/aAAwDAQACEQMRAD8A6/yuaS4aK1t3nuJFjiQZZmOABWkIcmvJ/jFqV0skdnau3l85UDgn2Pcj8h9aJS5UXGPM7FHVPFl54m8RW+i6JOLS3mk2ecW2kr/E7HsoGTx6V1PjnwrP8NtCXXNP8Sy6jmSNLi3lxhd3RgMnj2PPvXkHgG5OheObGfWLaKSGYNH5Vym5Rkcbh9cV7P8AGTxBHpHw6tIWtNNmudTjS28xIgcKi8nIJ6ZXA7Zz7VzuclI6lCLjcv8AhXXbXxFpyz2xCyrxJH3U/wBR71rNF7V4V8MHu7G/iltjuhccH0PdT/n+VfQ6w7kVsdRmuiMr6HNOHLqjJ8o0VqeR7UVRmaSwe1cd418P2Ec0WsXW5mQhAh6EnoPYDBPFejLD7Vx/xbj8rwjvGeJ1/wDQWppKTSY1JrY4C00nSJdZGo3GnRXUoGF3MePpzjNdrrs+ma/oaaXe6Lavap80aMM+X7qRgqevIrzPwRrpubC2MiF22AMxPU9D+tdc2obJFZVwK09hBvmsNVZJWuaPhDw5pNpNLbW1t5SyAMqZLBSDkEE5IPFdy1vx0rkvC16t34qWNB0wh/74z/WvR2tvapnFRehN29zC+z0VtfZvaioAnSPnpXD/ABrYReDFT+OS4QD8AxNeiJHzXlf7RU8Ft4c0sTsw8y5KAIMsQRg4HfqKqHxITPG/AqbNNBiUgeY5J9fmPSu1mBNsWHVea4bR/Eeh6ZBFZzNPD5ShQX2c49dpPNdNp3ijSLj/AFDTTJ0YCFmGPwFdKEdb4PBg8ew+Ww8p5Yz/AN9xqf617e8PtXgXg+4tH8caU9lL5kMksOcggo28rtOfYLX0Y8YrCruhozPK9qKveWPSishlNK8M/ayJGi+G8HH+mN/JaKKun8SFLY+dIfmxu+bnvzT4/lj3Lwy4wR1FFFei9jhW57h8M5Hn1TwZJM7SSMxyznJOJxjJPpX1E9FFcFXc7o7EVFFFZDP/2Q==\", \"amount\": 10, \"full_price\": \"215.00\", \"product_id\": \"9c42741b-fbd5-4310-856c-6e9d03e2615e\", \"unit_price\": \"21.50\", \"final_price\": \"215.00\", \"unit_discount\": \"0.00\", \"total_discount\": \"0.00\", \"product_variant_id\": \"9c42747d-a0b1-4a85-8050-f491b2013f08\", \"original_unit_price\": \"21.50\"}, {\"id\": \"9c427485-ddc5-45f3-a54a-46b593fd9b08\", \"sku\": \"W-SK002\", \"name\": \"Sporty Ankle Socks - (Size) 10\", \"type\": \"product_variant\", \"urls\": null, \"image\": \"/9j/4AAQSkZJRgABAQEAYABgAAD//gA7Q1JFQVRPUjogZ2QtanBlZyB2MS4wICh1c2luZyBJSkcgSlBFRyB2ODApLCBxdWFsaXR5ID0gODAK/9sAQwAGBAUGBQQGBgUGBwcGCAoQCgoJCQoUDg8MEBcUGBgXFBYWGh0lHxobIxwWFiAsICMmJykqKRkfLTAtKDAlKCko/9sAQwEHBwcKCAoTCgoTKBoWGigoKCgoKCgoKCgoKCgoKCgoKCgoKCgoKCgoKCgoKCgoKCgoKCgoKCgoKCgoKCgoKCgo/8AAEQgAMgAyAwEiAAIRAQMRAf/EAB8AAAEFAQEBAQEBAAAAAAAAAAABAgMEBQYHCAkKC//EALUQAAIBAwMCBAMFBQQEAAABfQECAwAEEQUSITFBBhNRYQcicRQygZGhCCNCscEVUtHwJDNicoIJChYXGBkaJSYnKCkqNDU2Nzg5OkNERUZHSElKU1RVVldYWVpjZGVmZ2hpanN0dXZ3eHl6g4SFhoeIiYqSk5SVlpeYmZqio6Slpqeoqaqys7S1tre4ubrCw8TFxsfIycrS09TV1tfY2drh4uPk5ebn6Onq8fLz9PX29/j5+v/EAB8BAAMBAQEBAQEBAQEAAAAAAAABAgMEBQYHCAkKC//EALURAAIBAgQEAwQHBQQEAAECdwABAgMRBAUhMQYSQVEHYXETIjKBCBRCkaGxwQkjM1LwFWJy0QoWJDThJfEXGBkaJicoKSo1Njc4OTpDREVGR0hJSlNUVVZXWFlaY2RlZmdoaWpzdHV2d3h5eoKDhIWGh4iJipKTlJWWl5iZmqKjpKWmp6ipqrKztLW2t7i5usLDxMXGx8jJytLT1NXW19jZ2uLj5OXm5+jp6vLz9PX29/j5+v/aAAwDAQACEQMRAD8A9gUACmkgVJ5ZfGCoB9TimzJBAM3N0iD25pkjN1PWQVXOo6TGoZpi4JwCTgE1S1XxDb28Mf8AZ6wNIzYyRvwME96BpXNtTkZFNOCa5mx8S3cmoW6XMubd32uigAYIxnj0zn8K3tzRzNG3UHFK45RsT7faijNFMmxj69EZ7KP53QRygkoxBOQQBx7kVSVsiPMsjY4wT7VtXKFredQMtsJUe45FcxEsu3cy7QWGCTkAUhjPEltGbQXSLm4iydxJyF2nP9K5eGV2ijbznZCykBmJz09a7j7OXTy5EGHB6jFcrd6P/ZsCW0sn7wRjy3zhSBwP5UpLqbUn0H6bIX1C3zG2zzACT09K792LwQzH74/dv/vL/wDWxXmYZnWKUuxIOMdArDqK9D0O6GoWf+1KmSPSRev5j+dEdgqrqXhJxRVbcaKLmJfQYlFcxBH5bXtuTkxSEDPcdq6nHziuf1eP7Pr77jsS7iXDHoGFMENTcBwxyOevaqPiVBPpkcp5aB+f909f1x+dTlbtLoR+V5gH93+ND6e/T8q0bTSrq6XYLZmt3BDiVSpwfrQOLs7nncYVLuW3+bypMfNj/Vv0B+h6fl610nhCW5t7meKUYaNRMCv3SQR0/A/pW83gNpA0c+oGOAjG1UXcR9SOvvXQ6XoOn6cvyCSZ9u0vIckj3/8A1UktTWdSLVkILGCYCVZVCv8AMBnoDRWmI7YAAW8QA7YoqrGFzHPUVQ8QIkj2wdVYYPBGfSiigEdRpkEMcUQjijQFRkKoGasXJKkBSQPQUUUAQNULmiigTIs0UUUwP//Z\", \"amount\": 3, \"full_price\": \"43.50\", \"product_id\": \"9c427427-5fa8-4839-8daf-9e78672196ad\", \"unit_price\": \"14.50\", \"final_price\": \"43.50\", \"unit_discount\": \"0.00\", \"total_discount\": \"0.00\", \"product_variant_id\": \"9c42747d-dadf-4ed3-8ad9-3418a66e6c12\", \"original_unit_price\": \"14.50\"}, {\"id\": \"9c427485-fd64-4809-bc32-378da24a7554\", \"sku\": \"W-BO001\", \"name\": \"Classic Ankle Boots - (Size) 8.5, (Colour) Dark Green\", \"type\": \"product_variant\", \"urls\": null, \"image\": \"/9j/4AAQSkZJRgABAQEAYABgAAD//gA7Q1JFQVRPUjogZ2QtanBlZyB2MS4wICh1c2luZyBJSkcgSlBFRyB2ODApLCBxdWFsaXR5ID0gODAK/9sAQwAGBAUGBQQGBgUGBwcGCAoQCgoJCQoUDg8MEBcUGBgXFBYWGh0lHxobIxwWFiAsICMmJykqKRkfLTAtKDAlKCko/9sAQwEHBwcKCAoTCgoTKBoWGigoKCgoKCgoKCgoKCgoKCgoKCgoKCgoKCgoKCgoKCgoKCgoKCgoKCgoKCgoKCgoKCgo/8AAEQgAMgAyAwEiAAIRAQMRAf/EAB8AAAEFAQEBAQEBAAAAAAAAAAABAgMEBQYHCAkKC//EALUQAAIBAwMCBAMFBQQEAAABfQECAwAEEQUSITFBBhNRYQcicRQygZGhCCNCscEVUtHwJDNicoIJChYXGBkaJSYnKCkqNDU2Nzg5OkNERUZHSElKU1RVVldYWVpjZGVmZ2hpanN0dXZ3eHl6g4SFhoeIiYqSk5SVlpeYmZqio6Slpqeoqaqys7S1tre4ubrCw8TFxsfIycrS09TV1tfY2drh4uPk5ebn6Onq8fLz9PX29/j5+v/EAB8BAAMBAQEBAQEBAQEAAAAAAAABAgMEBQYHCAkKC//EALURAAIBAgQEAwQHBQQEAAECdwABAgMRBAUhMQYSQVEHYXETIjKBCBRCkaGxwQkjM1LwFWJy0QoWJDThJfEXGBkaJicoKSo1Njc4OTpDREVGR0hJSlNUVVZXWFlaY2RlZmdoaWpzdHV2d3h5eoKDhIWGh4iJipKTlJWWl5iZmqKjpKWmp6ipqrKztLW2t7i5usLDxMXGx8jJytLT1NXW19jZ2uLj5OXm5+jp6vLz9PX29/j5+v/aAAwDAQACEQMRAD8A9Hs7c8VrwWxx0qaytMAZFakUGO1fHKLkfWV8Tdnyn4ztvsXxB8Z2BHEhjuh+Kgk/+RKwPDT4Yc967P4z+XB8Y7lEwGuNOUP9QpP8kFcDoblZWHoa+kpa0437I86i7yZ1+q3eLVgWzxW/8GLcyWWszjo0yJn6An/2auB1e4OwjPavY/gTYZ8CTTEfNNeSNn2Cqv8ASuXHO1Fno0JqnNM1TbcmiugNlyeKK8XmPY+toh1f4oeDdB1aXTdS1cR3cJ2yqkEkgQ+hKqRn27Vi698e/B2nWrNpb3Wq3GPljihaJc/7TOBgfQGvHPjV8N9d0TxFqutpbtd6ReXMlz58ILeTvYsVkHUYz16e/avKa92jg6Timnc+MnVk3qdfqXiS78X/ABFXWNQVYpbqdF8uP7saABQoz7Dn15pNHIa5lC5+8az/AAjas95LeEfJbIce8jAhR/M/hXQ6Rpz2l1KJByDz9a7GklZG2FT1ZV1PJYg19FfAJA3w2gwQSLiUEDtznn8Dn8a+edXxJcFQdq/xH0r079nbX2tfEl3ocjH7NfR+ZCpP3ZEH9VBz/uiuTFQ56bR21NFc9yNuMniitExjNFeL7Ij2zNNrYMhDD5SOc14n8Q/DvwuspJrnUYLV7w5Pk2R2lm99pAH413vx3l1uL4c3i+GrO4u7uZ1jlW3QtIsXJYgDnsB34Jr5B0/xHBZ3Dpqun5lDHPmKVI9sV9EsOo6o82lVi/jdjrtMtItQ1NX0+xSx0yJ90UKjr7k9z71e1k22nWrecp8zn5h/F71lRfEHSYogIoHQ46Dp/Kud1HWL7xfqcOn6NZz3VxMdscMQyWP+Hr0+ta8j2On29OPUytU1QzSkQgLGD949M/411nwPmaT4m6EoLEmYjPT+E1yV74P8VWmoNb33h7VEcZAxauysQf4SBg/hXp3wG8D+JofiTpF7e6Lf2ljbO7yzXEBiUDYwH3gM5JA4qvZxtY5auMnN2WiPqv7OfSitfYvpRXJ9UiR9YZFqPFjNj+4a+UviPY2kt5O8lrA78/M0YJoorqe5NL4WeMrDF9vC+Um3eRjaMV9efs8aZYWuiXFxbWVrDO7bXkjiVWYDoCQMmiirZkevkDPQUY5oopCCiiigR//Z\", \"amount\": 2, \"full_price\": \"55.90\", \"product_id\": \"9c427436-8ecf-42ba-bf14-a29bcdd197a7\", \"unit_price\": \"27.95\", \"final_price\": \"55.90\", \"unit_discount\": \"0.00\", \"total_discount\": \"0.00\", \"product_variant_id\": \"9c427477-bc97-47a7-893e-e0c0218598b2\", \"original_unit_price\": \"27.95\"}, {\"id\": \"9c427486-0014-4d75-9a87-70f52ae5952c\", \"sku\": \"W-BO003\", \"name\": \"Fashion Knee-High Boots - (Size) 9.5\", \"type\": \"product_variant\", \"urls\": null, \"image\": \"/9j/4AAQSkZJRgABAQEAYABgAAD//gA7Q1JFQVRPUjogZ2QtanBlZyB2MS4wICh1c2luZyBJSkcgSlBFRyB2ODApLCBxdWFsaXR5ID0gODAK/9sAQwAGBAUGBQQGBgUGBwcGCAoQCgoJCQoUDg8MEBcUGBgXFBYWGh0lHxobIxwWFiAsICMmJykqKRkfLTAtKDAlKCko/9sAQwEHBwcKCAoTCgoTKBoWGigoKCgoKCgoKCgoKCgoKCgoKCgoKCgoKCgoKCgoKCgoKCgoKCgoKCgoKCgoKCgoKCgo/8AAEQgAMgAyAwEiAAIRAQMRAf/EAB8AAAEFAQEBAQEBAAAAAAAAAAABAgMEBQYHCAkKC//EALUQAAIBAwMCBAMFBQQEAAABfQECAwAEEQUSITFBBhNRYQcicRQygZGhCCNCscEVUtHwJDNicoIJChYXGBkaJSYnKCkqNDU2Nzg5OkNERUZHSElKU1RVVldYWVpjZGVmZ2hpanN0dXZ3eHl6g4SFhoeIiYqSk5SVlpeYmZqio6Slpqeoqaqys7S1tre4ubrCw8TFxsfIycrS09TV1tfY2drh4uPk5ebn6Onq8fLz9PX29/j5+v/EAB8BAAMBAQEBAQEBAQEAAAAAAAABAgMEBQYHCAkKC//EALURAAIBAgQEAwQHBQQEAAECdwABAgMRBAUhMQYSQVEHYXETIjKBCBRCkaGxwQkjM1LwFWJy0QoWJDThJfEXGBkaJicoKSo1Njc4OTpDREVGR0hJSlNUVVZXWFlaY2RlZmdoaWpzdHV2d3h5eoKDhIWGh4iJipKTlJWWl5iZmqKjpKWmp6ipqrKztLW2t7i5usLDxMXGx8jJytLT1NXW19jZ2uLj5OXm5+jp6vLz9PX29/j5+v/aAAwDAQACEQMRAD8A+qaCQoJPAHJoqC+z9huNuc+W2MfSgD518a/GnxNpWuQW9imniGQbirQkkc+u6vZPh/4jvfEFvcG/jgR4ljYGEEA7t3Yk/wB2vkn4gHd4otz1Hlhv1FfUPweUfYLx/VYl/Rj/AFrKLbZ6FelCNK6Wp6FRRRWp54UUUUAFBGRg9KKKAPiD4lwm28YRwYwYgYiPcPg/yr6e+DHOg3jdxMqflGh/9mr52+N0Qg+JU4X+KeRvxLk/1r6J+DB26FfRk/P9oVz9DEg/9lNZR+I9Ku70bnoNFFFanmhRRRQAUUUUAfFHxB1SLXPEV1eo2JjIz4I+6Sc4r2j4L+JY0e3WZgI71Ehdiekg+7+ZJH1YVxnw0+H2meJfGfxE0vV1kH2a6xbTRuQ0LeZICR2PQcHisO+03U/hl4hm0rWFaewmO6GaMELIv95fQ+o6g/gTlZp3PSU4VI+zPr6ivE/DHxVvpWhtoom1pRgYgtpGnx7lQQT74Hv617YOlaJ3OCdNwdmFFFFMgKKKKAAAAkgDJpskaSgCRFcDkBhmiigBVUKMKAB6CloooAKKKKAP/9k=\", \"amount\": 5, \"full_price\": \"149.95\", \"product_id\": \"9c42743a-34af-4ae7-9298-273fbd731492\", \"unit_price\": \"29.99\", \"final_price\": \"149.95\", \"unit_discount\": \"0.00\", \"total_discount\": \"0.00\", \"product_variant_id\": \"9c42747e-5e71-4190-b399-ed3ea86c7dc5\", \"original_unit_price\": \"29.99\"}, {\"id\": \"9c427485-ed27-450f-9b01-ed024462b5d0\", \"sku\": \"W-PS002\", \"name\": \"Chunky Heel Platform Sandals - (Size) 9\", \"type\": \"product_variant\", \"urls\": null, \"image\": \"/9j/4AAQSkZJRgABAQEAYABgAAD//gA7Q1JFQVRPUjogZ2QtanBlZyB2MS4wICh1c2luZyBJSkcgSlBFRyB2ODApLCBxdWFsaXR5ID0gODAK/9sAQwAGBAUGBQQGBgUGBwcGCAoQCgoJCQoUDg8MEBcUGBgXFBYWGh0lHxobIxwWFiAsICMmJykqKRkfLTAtKDAlKCko/9sAQwEHBwcKCAoTCgoTKBoWGigoKCgoKCgoKCgoKCgoKCgoKCgoKCgoKCgoKCgoKCgoKCgoKCgoKCgoKCgoKCgoKCgo/8AAEQgAMgAyAwEiAAIRAQMRAf/EAB8AAAEFAQEBAQEBAAAAAAAAAAABAgMEBQYHCAkKC//EALUQAAIBAwMCBAMFBQQEAAABfQECAwAEEQUSITFBBhNRYQcicRQygZGhCCNCscEVUtHwJDNicoIJChYXGBkaJSYnKCkqNDU2Nzg5OkNERUZHSElKU1RVVldYWVpjZGVmZ2hpanN0dXZ3eHl6g4SFhoeIiYqSk5SVlpeYmZqio6Slpqeoqaqys7S1tre4ubrCw8TFxsfIycrS09TV1tfY2drh4uPk5ebn6Onq8fLz9PX29/j5+v/EAB8BAAMBAQEBAQEBAQEAAAAAAAABAgMEBQYHCAkKC//EALURAAIBAgQEAwQHBQQEAAECdwABAgMRBAUhMQYSQVEHYXETIjKBCBRCkaGxwQkjM1LwFWJy0QoWJDThJfEXGBkaJicoKSo1Njc4OTpDREVGR0hJSlNUVVZXWFlaY2RlZmdoaWpzdHV2d3h5eoKDhIWGh4iJipKTlJWWl5iZmqKjpKWmp6ipqrKztLW2t7i5usLDxMXGx8jJytLT1NXW19jZ2uLj5OXm5+jp6vLz9PX29/j5+v/aAAwDAQACEQMRAD8A91ReatRL0qGMc1aTtQBg2AMl7duennP+QJA/lXY6enl2cK/7Ofz5rk9DHmxs3/PRv5muxX7orOkup0VnokcWkC3evajKSf31wIT9Fwn9K7bGBgdK5XRof+JrOo6C7lP5MTXVmnBbsVV7IZiiloqzE5+Mc1m+JtdsdCsBJf3McDznyoQ7AbnI/p1JrQR68b+MXibRptTm0bUwFurGS2mi3ruDKXRnx6fKSPwpPYcFdnp2k31lZW1l9puoIjKyKoeQAsxIwAO5z2rtWdUjLOQFUZJPavG/Dur6HIu7wjov9oTQEqkyW/kopBycyOBjkk8Z78VvfGbXb/Sfhpe6hpkogvVaEqRhgCZFyORyOopQ00NKju7s2PCOqrqOovLHa3EcM7PNFK4XaysSR0JI4PcCuxJrxjwZrV7p2tWNhqUzl7iBb+3W1hASSKUlmznJGwsRgHsMZ6V6vBfRXUKywOHjYAhh3HWnDTQVTo0Xd1FVPP8AeiqMjESYZr5h+LJNz8XtRKjcF8sEeoEK5H5A19LS20i5KHPtXyz46upD8UdUeKNpZTOYlRRksdmzGPWkI9g03U9V0jX7rwhZNabbdfNtru6lJdoGGUAQD5iv3ScjpTfEjzeKvBuo6HFcl4oJwh1Cd1/fOj7nAUYGFzjj0xjivN/ja8s2raLdzQGKVtPSNg2VIZScj/x4Vw+nTzeZtLts2n5TKWHQjoeO5/OkovdGzqJq0kfQXjH4d3vibwz4ZitNRtPtWmwLEs4zskTaoyCM/wB0fnXUfC7wpeeFLS/hvLiKYXEiugjyduFxjJ/CtfwM6yeENGIAA+yRcAYH3RXQDGKoyHfjRSZooAo1Sa1t5LlZZIInkU5DsgJB+tFFAiHxBplhqFoRf2VrdBOVE0Svj6ZFcvpHhzQxegjRtNBB/wCfVP8ACiioe5a2PQoUVI1VFCqBgADAAqYdBRRVkhRRRQB//9k=\", \"amount\": 1, \"full_price\": \"29.50\", \"product_id\": \"9c42743d-c8b6-4f07-9d39-0ecfb4358f0e\", \"unit_price\": \"29.50\", \"final_price\": \"29.50\", \"unit_discount\": \"0.00\", \"total_discount\": \"0.00\", \"product_variant_id\": \"9c42747e-7c8b-4323-b9ab-7a63334773bc\", \"original_unit_price\": \"29.50\"}, {\"id\": \"9c427485-f25b-4c68-9706-6a2e976913a7\", \"sku\": \"M-LO001\", \"name\": \"Classic Leather Loafers - (Size) 8.5, (Colour) Dark Green\", \"type\": \"product_variant\", \"urls\": null, \"image\": \"/9j/4AAQSkZJRgABAQEAYABgAAD//gA7Q1JFQVRPUjogZ2QtanBlZyB2MS4wICh1c2luZyBJSkcgSlBFRyB2ODApLCBxdWFsaXR5ID0gODAK/9sAQwAGBAUGBQQGBgUGBwcGCAoQCgoJCQoUDg8MEBcUGBgXFBYWGh0lHxobIxwWFiAsICMmJykqKRkfLTAtKDAlKCko/9sAQwEHBwcKCAoTCgoTKBoWGigoKCgoKCgoKCgoKCgoKCgoKCgoKCgoKCgoKCgoKCgoKCgoKCgoKCgoKCgoKCgoKCgo/8AAEQgAMgAyAwEiAAIRAQMRAf/EAB8AAAEFAQEBAQEBAAAAAAAAAAABAgMEBQYHCAkKC//EALUQAAIBAwMCBAMFBQQEAAABfQECAwAEEQUSITFBBhNRYQcicRQygZGhCCNCscEVUtHwJDNicoIJChYXGBkaJSYnKCkqNDU2Nzg5OkNERUZHSElKU1RVVldYWVpjZGVmZ2hpanN0dXZ3eHl6g4SFhoeIiYqSk5SVlpeYmZqio6Slpqeoqaqys7S1tre4ubrCw8TFxsfIycrS09TV1tfY2drh4uPk5ebn6Onq8fLz9PX29/j5+v/EAB8BAAMBAQEBAQEBAQEAAAAAAAABAgMEBQYHCAkKC//EALURAAIBAgQEAwQHBQQEAAECdwABAgMRBAUhMQYSQVEHYXETIjKBCBRCkaGxwQkjM1LwFWJy0QoWJDThJfEXGBkaJicoKSo1Njc4OTpDREVGR0hJSlNUVVZXWFlaY2RlZmdoaWpzdHV2d3h5eoKDhIWGh4iJipKTlJWWl5iZmqKjpKWmp6ipqrKztLW2t7i5usLDxMXGx8jJytLT1NXW19jZ2uLj5OXm5+jp6vLz9PX29/j5+v/aAAwDAQACEQMRAD8A1YTaqOY8H6f/AF6laazx0wR7GogXIztcfVRTXV2zw3/fsVwKJ6N0R3F1Bn5WYfRBWdcXkSqTlz+Ap+sTJp1hLd3W9IYxydgzknAH51wi+MLeeYLcxvbo/CSZDJ9GOODWkYXVyHPWx0Nxfxk/xflWfLfRnOVJ/AVKbO4uEDxDcjDIZcEEfWq82l3QBOCPriq5ULmIftUX90/kKKj/ALPuPainyi5j1CaYW0Ek1zNFHDGNzMxwAK4Bvi3ptvqLW11YXUUYOFlG1gR2bHHH50vj/XUu/DVxAiyA70ZiRwQGHv8ASvKHjgukVJvmUfdIPK/T29qqnSUldkTqNOx7H4l1GPxd4auINGmt7j7sgMRO9cHPzIQGA/CvI7HVNX8MawtwI2jkU4YModHHQgg8EH3re8AP/Y/iWC4jiimCqRl+cZGOB617Gtvo3iGPydUhhWUjiRhjP/Ah/WtI05xjdLQiUot76nPeC9U0XV5TLZ20entNHmS1hY7BJn5nRScAYA+UdOa6d9GeUExSxsK5+X4W3ul3bXHhvUrXymO77LdhtoPqrKMg/hXQeHNH1wXobWUt4UiztMc+8Pxj0B/Oi9KUNNGg/eKWuqK58PTZ++v50V2f9nr/AH0/M0VzcxtY8z1TwxNNGwRAyn+HFed634NntXaWCKSI9cAfKa9y+1N1Ea474NNllSTho0I9KUakkXKmnufNsV01hcj7UktvMp4ccA/0NddpXjQRRhZjFKP7wbafy5r1O60vSrtCtxp8D56kgVkTeBvDMxy+kR/8BYj+tdUMU0c8sPfqXPh14vl1DVEs4nD2u0kox3FeO3oK9N8yKQDeq1wXh/TdO8PRMmk2UdsrHLYOSfqSc1pvq7L1/pWNSftJXSsaQjyKzZ1gWDH8P60Vx51lv8kUVnZllVQNx4qF/wDWGiis0asZk5PJqNZH80je2PrRRVIhjZJH/vt+dRmRznLsfxooq0QyLcfU0UUUxn//2Q==\", \"amount\": 6, \"full_price\": \"179.94\", \"product_id\": \"9c427441-6d77-4a9b-b668-7906aca48814\", \"unit_price\": \"29.99\", \"final_price\": \"179.94\", \"unit_discount\": \"0.00\", \"total_discount\": \"0.00\", \"product_variant_id\": \"9c42747b-2ed9-4694-91ab-3973ea52d385\", \"original_unit_price\": \"29.99\"}, {\"id\": \"9c427485-f504-43ba-8805-6a6dfd61bfff\", \"sku\": \"M-LO003\", \"name\": \"Fashion Slip-On Loafers - (Size) 8\", \"type\": \"product_variant\", \"urls\": null, \"image\": \"/9j/4AAQSkZJRgABAQEAYABgAAD//gA7Q1JFQVRPUjogZ2QtanBlZyB2MS4wICh1c2luZyBJSkcgSlBFRyB2ODApLCBxdWFsaXR5ID0gODAK/9sAQwAGBAUGBQQGBgUGBwcGCAoQCgoJCQoUDg8MEBcUGBgXFBYWGh0lHxobIxwWFiAsICMmJykqKRkfLTAtKDAlKCko/9sAQwEHBwcKCAoTCgoTKBoWGigoKCgoKCgoKCgoKCgoKCgoKCgoKCgoKCgoKCgoKCgoKCgoKCgoKCgoKCgoKCgoKCgo/8AAEQgAMgAyAwEiAAIRAQMRAf/EAB8AAAEFAQEBAQEBAAAAAAAAAAABAgMEBQYHCAkKC//EALUQAAIBAwMCBAMFBQQEAAABfQECAwAEEQUSITFBBhNRYQcicRQygZGhCCNCscEVUtHwJDNicoIJChYXGBkaJSYnKCkqNDU2Nzg5OkNERUZHSElKU1RVVldYWVpjZGVmZ2hpanN0dXZ3eHl6g4SFhoeIiYqSk5SVlpeYmZqio6Slpqeoqaqys7S1tre4ubrCw8TFxsfIycrS09TV1tfY2drh4uPk5ebn6Onq8fLz9PX29/j5+v/EAB8BAAMBAQEBAQEBAQEAAAAAAAABAgMEBQYHCAkKC//EALURAAIBAgQEAwQHBQQEAAECdwABAgMRBAUhMQYSQVEHYXETIjKBCBRCkaGxwQkjM1LwFWJy0QoWJDThJfEXGBkaJicoKSo1Njc4OTpDREVGR0hJSlNUVVZXWFlaY2RlZmdoaWpzdHV2d3h5eoKDhIWGh4iJipKTlJWWl5iZmqKjpKWmp6ipqrKztLW2t7i5usLDxMXGx8jJytLT1NXW19jZ2uLj5OXm5+jp6vLz9PX29/j5+v/aAAwDAQACEQMRAD8A6UJz0rJ1zxJo+gz20OrXsdtJcZ8sMCc46kkDgc96wPiJ4/XwfdWMCWIu3nBd/wB5s2KDgdjyefyryP4keKIPFmoW13bxSpaxwCMo+MxvuJPT8PrSSKPo62nhuoEmtpUliYZV0YMp/EVLtr5f8L+IdV8NTiTTLlljPLwOd0b/AIf1HNe6eDfHFl4hXyJYzZ6ig+aBz973U9x+tKwHVbKjdMg1YGCOOaRloGVPL9qKs0UAfPvxdsrg+Mrh7jcY7hFaBj04AGB+OR+NcfFBJuVUUmU/KBjO7/ZI719IeNvDMHiLSmt5RtnTLQy90b/A14va3B0HVrtLqJf7QiBiKOMncccj6jv7+9UhGBh9C1WCLUoHjWN0kaMjJUZBx7g10mtW5utMj12zutl3E4H7vhnXswx6cAn/AOvWhrCW3iTwul/O4GpQFYYguCZOo2MOwGOvJOcfTjNO1S50MeW6+bp0xIeFuit0OPQ4/wA8UBseu/DXx82ooun61IovAcJLjAcds+9enZzivlSJlWUXNk25RzjuPYivdPhr4kbWNLEVyxNxCdhYnlhjgn3/AMKTQI7jH1opwJx2opDFZM+9eV/F/wAJPcpHrdlEWlgXbOq9SnZvqP5fSvWMjtTHUMuDyD2oEeBeCvsusR3OlvdC2ln2sgY8M69CPf2o1rQpdP1CZL6BHikIY5XKlvX/AD613Xir4Y6fqcr3WlyHT7sncdg+Qn1x2/CuYu9F8eWsJspXhvbfG1ZXG8gfXGfzqrgLpvw80bW7RLvSri4sZT96NX3KD3HPPWuz8I+DRoDAJJuGdxbOSx9TVf4eaHfaVBtumJz8zEjGSTk13RY4GakA2/SilDcdqKAHjtTx1oooAa1IKKKAGkc0yXtRRQBFmiiigD//2Q==\", \"amount\": 3, \"full_price\": \"89.97\", \"product_id\": \"9c427445-10fc-4a7c-bda2-902b5b9bebed\", \"unit_price\": \"29.99\", \"final_price\": \"89.97\", \"unit_discount\": \"0.00\", \"total_discount\": \"0.00\", \"product_variant_id\": \"9c42747e-a90e-4618-8599-ad14243e7a43\", \"original_unit_price\": \"29.99\"}, {\"id\": \"9c427485-e60c-4293-b6e0-d02564ecfe4b\", \"sku\": \"M-SA002\", \"name\": \"Sporty Outdoor Sandals - (Size) 9\", \"type\": \"product_variant\", \"urls\": null, \"image\": \"/9j/4AAQSkZJRgABAQEAYABgAAD//gA7Q1JFQVRPUjogZ2QtanBlZyB2MS4wICh1c2luZyBJSkcgSlBFRyB2ODApLCBxdWFsaXR5ID0gODAK/9sAQwAGBAUGBQQGBgUGBwcGCAoQCgoJCQoUDg8MEBcUGBgXFBYWGh0lHxobIxwWFiAsICMmJykqKRkfLTAtKDAlKCko/9sAQwEHBwcKCAoTCgoTKBoWGigoKCgoKCgoKCgoKCgoKCgoKCgoKCgoKCgoKCgoKCgoKCgoKCgoKCgoKCgoKCgoKCgo/8AAEQgAMgAyAwEiAAIRAQMRAf/EAB8AAAEFAQEBAQEBAAAAAAAAAAABAgMEBQYHCAkKC//EALUQAAIBAwMCBAMFBQQEAAABfQECAwAEEQUSITFBBhNRYQcicRQygZGhCCNCscEVUtHwJDNicoIJChYXGBkaJSYnKCkqNDU2Nzg5OkNERUZHSElKU1RVVldYWVpjZGVmZ2hpanN0dXZ3eHl6g4SFhoeIiYqSk5SVlpeYmZqio6Slpqeoqaqys7S1tre4ubrCw8TFxsfIycrS09TV1tfY2drh4uPk5ebn6Onq8fLz9PX29/j5+v/EAB8BAAMBAQEBAQEBAQEAAAAAAAABAgMEBQYHCAkKC//EALURAAIBAgQEAwQHBQQEAAECdwABAgMRBAUhMQYSQVEHYXETIjKBCBRCkaGxwQkjM1LwFWJy0QoWJDThJfEXGBkaJicoKSo1Njc4OTpDREVGR0hJSlNUVVZXWFlaY2RlZmdoaWpzdHV2d3h5eoKDhIWGh4iJipKTlJWWl5iZmqKjpKWmp6ipqrKztLW2t7i5usLDxMXGx8jJytLT1NXW19jZ2uLj5OXm5+jp6vLz9PX29/j5+v/aAAwDAQACEQMRAD8A+qaKKhvLmO0tZbiYkRxqWbAyePT1NICavKPj98ULj4c6RYLpdrFc6nfs4jMxOyJVxliO5+YADI7nnGD5ofi/8Q9Gnv7G/tLK5Cudl7NAfk3YKgbCFIww6jPrXk3iTSdT8Y6s+s+Idbku7mVQSTHjaP7qgcKB6AYrSnBz1WpMpKO56/4U+MHjrQF07UPiHp4l0jV1821wIo5AmAQyBcHGGHDjJ4wa+k9MvbfU9Otr6ykEttcRrLG4/iVhkGvibWTda5b2VvfTo0Gn2cdpbRN8qJHGvAGepOMk9zXtXw28UXemaPpd7qF9M2m7I7cxSSFlVRhMgHpg+lKu1TsnuOknUvY94oooqRhXkf7SGs6ro3hexk0+aOG0luBHPiTbK7cbFTg98sf92vXK+X/2j/FOm+JfENp4eslaWbSnkEkgY7TKwXKrjrtwQffIpwjzMTdkeY6jf6hq2o3NzqF3NEt3ceayl3ZE3MT0J6D0A7V2p8PeGknW5s725msI4REIxMQJG7yNg8E/3RgD37+dfaZbaOOOQBoY+FJPOfcnH8qtaW8mranDY6Ysn2yUhV254/2iR0A6k1pUhFq0J8rCm2neUbnSXei6dYR/2xq09ymiFtsNnu3TXLjsp/hT1J59K7X4daJrPxO1myvNStP7L8G6dIskdvECouGQgogJxlR3IGOMdeR3PgLwfpXiC+a51iBdSttHjSyt1uFDI0uA8jlehPKe3WvYIYo4YkjhRY40G1VUYAHoBXLC80pTdzabUW4wVh1FFFamRyHxG8daZ4L0pnuriL+0ZlItbZj80jdMkDooPU/h1r491e/Nld3E7CLMkjOzKuCpYknH4nP4/l6V+07ol7a+OLbXZfNl0yeGOLKDPlbM5T2znI7ZJrybS00bU9Yb+1k1S8gUkRR2aAtJyeWGePwzVRqcidlqLk5nqXIJLPWkjgtE8+ZztWNVy5P0713/AIfsrzSPs3hnwzYWz+Kr4Ezyqcrbx8kbmPGcc+n14zpeG9A16+h+z+FPDEmgWLYBu7m3PnOPbPH5nFev+AfBEvhq1cQIEup+bm6mcPNMck/MR9TxWdSTrW5lY0ilSvys6rwhocHhnw9aaXDIZTEpMkzfemkJyzn3JJNbIYHpVa3tPLA8xy7epq0AB0oJCiiiqEIVDDDAEe9CoqjCqAPYUUUALRRRSAKKKKACiiimB//Z\", \"amount\": 5, \"full_price\": \"117.50\", \"product_id\": \"9c427448-a5ad-44d0-b513-df19ec8971e3\", \"unit_price\": \"23.50\", \"final_price\": \"117.50\", \"unit_discount\": \"0.00\", \"total_discount\": \"0.00\", \"product_variant_id\": \"9c42747e-d04a-4228-ad6e-a88eae13c223\", \"original_unit_price\": \"23.50\"}, {\"id\": \"9c427485-ea7a-4655-84be-b9b423a811c8\", \"sku\": \"W-ER003\", \"name\": \"Statement Tassel Earrings\", \"type\": \"product\", \"urls\": null, \"image\": \"/9j/4AAQSkZJRgABAQEAYABgAAD//gA7Q1JFQVRPUjogZ2QtanBlZyB2MS4wICh1c2luZyBJSkcgSlBFRyB2ODApLCBxdWFsaXR5ID0gODAK/9sAQwAGBAUGBQQGBgUGBwcGCAoQCgoJCQoUDg8MEBcUGBgXFBYWGh0lHxobIxwWFiAsICMmJykqKRkfLTAtKDAlKCko/9sAQwEHBwcKCAoTCgoTKBoWGigoKCgoKCgoKCgoKCgoKCgoKCgoKCgoKCgoKCgoKCgoKCgoKCgoKCgoKCgoKCgoKCgo/8AAEQgAMgAyAwEiAAIRAQMRAf/EAB8AAAEFAQEBAQEBAAAAAAAAAAABAgMEBQYHCAkKC//EALUQAAIBAwMCBAMFBQQEAAABfQECAwAEEQUSITFBBhNRYQcicRQygZGhCCNCscEVUtHwJDNicoIJChYXGBkaJSYnKCkqNDU2Nzg5OkNERUZHSElKU1RVVldYWVpjZGVmZ2hpanN0dXZ3eHl6g4SFhoeIiYqSk5SVlpeYmZqio6Slpqeoqaqys7S1tre4ubrCw8TFxsfIycrS09TV1tfY2drh4uPk5ebn6Onq8fLz9PX29/j5+v/EAB8BAAMBAQEBAQEBAQEAAAAAAAABAgMEBQYHCAkKC//EALURAAIBAgQEAwQHBQQEAAECdwABAgMRBAUhMQYSQVEHYXETIjKBCBRCkaGxwQkjM1LwFWJy0QoWJDThJfEXGBkaJicoKSo1Njc4OTpDREVGR0hJSlNUVVZXWFlaY2RlZmdoaWpzdHV2d3h5eoKDhIWGh4iJipKTlJWWl5iZmqKjpKWmp6ipqrKztLW2t7i5usLDxMXGx8jJytLT1NXW19jZ2uLj5OXm5+jp6vLz9PX29/j5+v/aAAwDAQACEQMRAD8A+qaiuZ1hXJxnGeTgAepPYVLWD46uZLbwxd+SgeWUCFQc4G44ycc8DNITdldm7G29FYgrkA4PUUtVtMuftum2t1gL58SSYBzjcAf61ZoGQRXIlnMajjbuBz2z6eh5x64NT1y+m6lJL491S0MaiIWyKrZOSYyCfb/ltjj+7XUUCTT2Cij86KBhXl3x+8Sjw/oGmKsQllnuwwQkD5UHOD2OWX8+/Q+o187/ALUGoRtrWh2LknyYzcAKSDuLYHPbhTmqgrsip8LPYPhheC+8B6PKrM22Hyju6/KSv9K6ivMv2f71bjwZNbLjFrdMo+hVW789Sa9B1m7Ww0i9vHOFggeU/wDAVJ/pRJa2Cm+aCZ4j4D8Ypq/xhuYlQpE09wiOp4kUglcj1wg/MfU+9V8bfDrUorTxrZXv8X26N3OTtO5gGwD9D+vpivsmnNWIou9/UKKKKg2CvlH9oN5bz4lhWwsULxxqTxkBEJ/VumP5V9XV558Vvh8vjCTSri2McVxbzqs7YGXhJAP1K9QPTP0N05KL1CyejOU/ZzedLvXYWRzAUhbeAdu75uPrhs/5OPQ/ircSW3gDV2hGXeNYgPXe6qf0Jra0DRrDQdNjsdLt0ggTk4HLt3Zj3Jx1q7cQRXMEkFxGksMilXRxkMD2Ioc7z5hQioqyPhvw9DKkFy6/NIZflC8Mc4A4HQ89M+3HNfb+mSSTadayzKySvEjOrDBBIGQfevOPh/8ACyz8Pa7qV/qCR3RW4LWO4AhE6hiD/EOnsQTyea9Qp1Jc1kJQUW2uoUUUVmUFFFFABRRRQAUUUUAJRRRQB//Z\", \"amount\": 3, \"full_price\": \"74.97\", \"product_id\": \"9c427461-679d-40f0-bc4a-7c3c30abd7af\", \"unit_price\": \"24.99\", \"final_price\": \"74.97\", \"unit_discount\": \"0.00\", \"total_discount\": \"0.00\", \"original_unit_price\": \"24.99\"}, {\"id\": \"9c427485-e852-4ada-9200-673c83aba6b9\", \"sku\": \"M-TI003\", \"name\": \"Modern Skinny Tie\", \"type\": \"product\", \"urls\": null, \"image\": \"/9j/4AAQSkZJRgABAQEAYABgAAD//gA7Q1JFQVRPUjogZ2QtanBlZyB2MS4wICh1c2luZyBJSkcgSlBFRyB2ODApLCBxdWFsaXR5ID0gODAK/9sAQwAGBAUGBQQGBgUGBwcGCAoQCgoJCQoUDg8MEBcUGBgXFBYWGh0lHxobIxwWFiAsICMmJykqKRkfLTAtKDAlKCko/9sAQwEHBwcKCAoTCgoTKBoWGigoKCgoKCgoKCgoKCgoKCgoKCgoKCgoKCgoKCgoKCgoKCgoKCgoKCgoKCgoKCgoKCgo/8AAEQgAKAAyAwEiAAIRAQMRAf/EAB8AAAEFAQEBAQEBAAAAAAAAAAABAgMEBQYHCAkKC//EALUQAAIBAwMCBAMFBQQEAAABfQECAwAEEQUSITFBBhNRYQcicRQygZGhCCNCscEVUtHwJDNicoIJChYXGBkaJSYnKCkqNDU2Nzg5OkNERUZHSElKU1RVVldYWVpjZGVmZ2hpanN0dXZ3eHl6g4SFhoeIiYqSk5SVlpeYmZqio6Slpqeoqaqys7S1tre4ubrCw8TFxsfIycrS09TV1tfY2drh4uPk5ebn6Onq8fLz9PX29/j5+v/EAB8BAAMBAQEBAQEBAQEAAAAAAAABAgMEBQYHCAkKC//EALURAAIBAgQEAwQHBQQEAAECdwABAgMRBAUhMQYSQVEHYXETIjKBCBRCkaGxwQkjM1LwFWJy0QoWJDThJfEXGBkaJicoKSo1Njc4OTpDREVGR0hJSlNUVVZXWFlaY2RlZmdoaWpzdHV2d3h5eoKDhIWGh4iJipKTlJWWl5iZmqKjpKWmp6ipqrKztLW2t7i5usLDxMXGx8jJytLT1NXW19jZ2uLj5OXm5+jp6vLz9PX29/j5+v/aAAwDAQACEQMRAD8A+qaKK8y+NvjYeH9HOmWF2kOp3i4ZwfmhjPVgBzuPQenJ9KcYuTshpXdjH+KHxTFncyaV4evY43jJWe6RfMYHuqDpx3JP09a4TQvHWuW90J7bUdTumB+YS/vFb6g5rzqGaJX22du08p6NKNxP0UcfnmppZJQR/aF3sx0jB3MP+AjgfpXdGEYqx0RSSsfTHhv4p2N4Ei1i2ms5+hkRd8Z/AZI/X616DaXVveQLNaTRzRN0ZGBFfC2o6wN6W1hHMCT88pcbj/sqAOPrzUfhnxfq/h3X4L+wvJYRCyl0EhxIMgYYdGz3yM/lWM6UfskSguh950VU0+/ivbC2u48hJ4llXPowBH86K5jEyvHPie28KaDNf3BjMx+WCJ3C+Y/YfTufavkLxBfnVdTudR1W8e7vJ3Lv5S4GfTJ6AdBgdK9I+P8AfQ3vjprWeacpZQJGIkAwpYbyck9SGXt2FeYlrdSRBZ+Y3YyuW/QYrspQtG/c6IRsrle3lurkNHZxiGEfe2nA/wCBMetV7tbaxieW4l89lGRHB3PYbv8ACrUltdSkNeSJbxj7qudoH0Uc/pUl14Sv9U0+KTSmmfLbgwjwGx6DrVSlyobdkcXZyG4mUqowELZB6s2Sc/gOntW94N8PXfijxBpmi2sZfz5d7ygZKIOrHvgf/qrsvBPwI8VasyLd+TpmnZLebNkyAE8gKOT04yRX0x8PPh5onga1caZDvvJQBNdScu/t7D2/PNYOokjNzsjqbS0itbSG3iXEcSLGo9ABgUVYorAyPnL4peG/FN94+1a50zRJri1kZDHOkKNuAjUdTz2x+Fcwvgbx7cfImj3sYPH30jH8xRRW6rNLY19o0tjb0H4GeIby6ik1qa1tLYsDIgkLyEdxwMfrXvWgeFNN0aGNIYldkAAJHTHoKKKznNz3IlJy3N8DAwOlFFFQSFFFFAH/2Q==\", \"amount\": 3, \"full_price\": \"74.97\", \"product_id\": \"9c42746c-87d8-4702-8f10-a8dfbaa6dcc0\", \"unit_price\": \"22.99\", \"final_price\": \"68.97\", \"unit_discount\": \"2.00\", \"total_discount\": \"6.00\", \"original_unit_price\": \"24.99\"}]',NULL,'{\"id\": \"9c4273ed-5fdf-4397-8834-040150b1e063\", \"name\": {\"de\": \"Lokale Schwerlasttransporte (10-25 kg)\", \"en\": \"Local Heavy (10-25kg)\", \"fr\": \"Lourd local (10-25kg)\"}, \"slug\": \"local-heavy-1\", \"price\": 2.99, \"enabled\": true, \"created_at\": \"2024-06-11T07:51:06.000000Z\", \"deleted_at\": null, \"updated_at\": \"2024-06-11T07:51:07.000000Z\", \"description\": {\"de\": \"Wenn Sie in der Nähe wohnen, liefern wir bis an die Haustür.\", \"en\": \"If you live nearby, we deliver to your door.\", \"fr\": \"Si vous habitez à proximité, nous livrons à votre porte.\"}, \"enabled_by_default_on_creation\": true}','{\"delivery\": 2.99, \"subtotal\": 1562.59, \"total_payable\": 1565.58, \"applied_discount\": 3.01}',1,'lucy-martin-south-tonyshire',NULL,'2024-06-11 07:52:49','2024-06-11 07:52:49'),('9c427489-dca0-4e7e-89a0-bc4d763d2d9c','9c4273cd-fd90-42a8-99d2-54147d0e9353','9c427485-2d25-4e2f-8d82-ff54078b86f1','{\"id\": \"9c427485-13a3-4c0e-a0ef-4438a83bb4c4\", \"lat\": \"82.270890\", \"lon\": \"-47.616283\", \"name\": null, \"slug\": \"mr-roland-treiber-port-gordonmouth\", \"town\": \"Port Gordonmouth\", \"country\": \"UK\", \"user_id\": \"9c4273cd-fd90-42a8-99d2-54147d0e9353\", \"post_code\": \"M44 6ZR\", \"created_at\": \"2024-06-11T07:52:46.000000Z\", \"deleted_at\": null, \"updated_at\": \"2024-06-11T07:52:46.000000Z\", \"address_line_1\": \"Studio 23 Miller Burgs\", \"address_line_2\": null, \"google_maps_url\": \"https://www.google.com/maps/@82.270890,-47.616283,14z\"}','{\"amount\": \"2554.16\", \"source\": {\"id\": \"9c427485-174d-44b5-ae13-ee6d5e3bb2a2\", \"name\": \"sed eaque\", \"slug\": \"treiber-sed-eaque\", \"brand\": \"mastercard\", \"user_id\": \"9c4273cd-fd90-42a8-99d2-54147d0e9353\", \"exp_year\": \"2025\", \"exp_month\": \"11\", \"last_four\": \"8753\", \"source_id\": \"iut7Y6mFcjIHNtH9SwIpU5Ll6QxwR50yhurj35tdgd1HpVk6HSwB7OjKeMmjOySGNXpXvRaTIN1D8z3sW8714XxzmYg4cNXw5dwrtLjH45pwyN9kcLeRaeNyjpuVBNq4Giwh2Zf9knx68tsPBuC4zB\", \"created_at\": \"2024-06-11T07:52:46.000000Z\", \"deleted_at\": null, \"updated_at\": \"2024-06-11T07:52:46.000000Z\", \"stripe_user_id\": \"dMJTT7kAHCPCJaw4xsDhdXQVEgqrRt29s5yU1kgY9nPa1q087UjiFUfVZPWaQQqnAg6RGYWSRFzLcDkCGCVWhETAfuGseCi3AAmY2K00ix7YCXnpExuabR9N\", \"payment_method_id\": 1}, \"created_at\": \"11-06-2024 07:52\", \"payment_ref\": \"5ZxROD6Aoz\"}','[{\"id\": \"9c427486-1ea5-4cc9-9074-c6848572fac3\", \"sku\": \"M-S001\", \"name\": \"Classic Dress Shirt - (Size) M\", \"type\": \"product_variant\", \"urls\": null, \"image\": \"/9j/4AAQSkZJRgABAQEAYABgAAD//gA7Q1JFQVRPUjogZ2QtanBlZyB2MS4wICh1c2luZyBJSkcgSlBFRyB2ODApLCBxdWFsaXR5ID0gODAK/9sAQwAGBAUGBQQGBgUGBwcGCAoQCgoJCQoUDg8MEBcUGBgXFBYWGh0lHxobIxwWFiAsICMmJykqKRkfLTAtKDAlKCko/9sAQwEHBwcKCAoTCgoTKBoWGigoKCgoKCgoKCgoKCgoKCgoKCgoKCgoKCgoKCgoKCgoKCgoKCgoKCgoKCgoKCgoKCgo/8AAEQgAMgAyAwEiAAIRAQMRAf/EAB8AAAEFAQEBAQEBAAAAAAAAAAABAgMEBQYHCAkKC//EALUQAAIBAwMCBAMFBQQEAAABfQECAwAEEQUSITFBBhNRYQcicRQygZGhCCNCscEVUtHwJDNicoIJChYXGBkaJSYnKCkqNDU2Nzg5OkNERUZHSElKU1RVVldYWVpjZGVmZ2hpanN0dXZ3eHl6g4SFhoeIiYqSk5SVlpeYmZqio6Slpqeoqaqys7S1tre4ubrCw8TFxsfIycrS09TV1tfY2drh4uPk5ebn6Onq8fLz9PX29/j5+v/EAB8BAAMBAQEBAQEBAQEAAAAAAAABAgMEBQYHCAkKC//EALURAAIBAgQEAwQHBQQEAAECdwABAgMRBAUhMQYSQVEHYXETIjKBCBRCkaGxwQkjM1LwFWJy0QoWJDThJfEXGBkaJicoKSo1Njc4OTpDREVGR0hJSlNUVVZXWFlaY2RlZmdoaWpzdHV2d3h5eoKDhIWGh4iJipKTlJWWl5iZmqKjpKWmp6ipqrKztLW2t7i5usLDxMXGx8jJytLT1NXW19jZ2uLj5OXm5+jp6vLz9PX29/j5+v/aAAwDAQACEQMRAD8A41jgcVe8NeH7nxRqhs7dxFGq75JSuQo7ceprMmfanFeufDTT/wCxvCX9oyjbPeMJiT2QfdH5ZP8AwKvnslwH1zEKMl7q1ZeMr+xp3W5b8O/Duy0BXkti09zIMSSTHqOuABwOefWta68IW2p+YmpIlzBLhirDDZHQ5HPT8q6eCdJYwRjJp8hTygHLqAAcoxB/Svu4whTjyRgrWtt0Z4rnJ7yffc8f8W/DlNC0yfUtJuJnih+aS3k+Yhe5B9uvPbPNchBJvUGveDdw3t/c2DMJEEI3oWycNuGD9QK8OvtPfSdWu7B8kwSFAT3XsfxGD+NfF8SZbHDONamrJ7+p6uAxDqXjJ7Bn2opKK+TPRM7w9pTa5r1npwYqsr5dh2QDLfoDXdfGnxLH4f8ADQ0nTjtu7mMRQqh5iQcFvwHA96y/BzxeGbK61u9khE7RgRxE5bY3IGPU4z9MV5xrt1c6/rkl9fsWlnkAA7IueFHsK+6wFeGX4RSi06k/vXr+n/APLxFGdatyzi1GP4+h9XWUflxIPQCrMg3Lj1XH6UyMYWn5yB9BX1T1dzyjxaLWpNI+O1zbTSFbfUII4uegZVJX+bD6mtL4o2Yh120vFGFuoMN7snB/QrXC/Gbzbb4jSXVuds0Kwyxn0IGR+ortfGOqR6zoPh+7DxrKUZjGrZ+8Fyfwx+tfN5vWjicHXhLeEtPv/wCHO/DxdOrBraSOYwKKUDiivz657Rz95JLLBFDJIzRRZ2KTwueuKx70mJd6cMpyDWxJjBrLv1yhBr1qMndXIlqfTnhDXrHxNolvqOm3MU6PGpdUbJifHKMOxB9a1of9WD22ivgy21rVvDuqXh0XUrzT2kbDm2maPcM5AODz1qe48deKrqyls7nxFqs1tKux45Lp2DL6HJ6V+iQxacU2tzxZYN30eh6t8Rtcs/EPjbUG05lkhtdtt5qtkSFRyR7ZJH4ZrpLnVIL7QtOt/KVZoDtUqeibQOfqf5V478PFDwT5/vj+Vej2g2qMV8NnFZqtUiurPaw/7unyI0AeKKZv9qK+esaHPTVn3n3TRRXqUtzNnmfiL/kLT/h/KsxelFFfa0P4cPRHI9zvPh1/qJ/+ug/lXpFv0oor5DOP95kddL4S1iiiivHNT//Z\", \"amount\": 6, \"full_price\": \"173.94\", \"product_id\": \"9c4273f6-c260-4e77-9cae-af165373987a\", \"unit_price\": \"28.99\", \"final_price\": \"173.94\", \"unit_discount\": \"0.00\", \"total_discount\": \"0.00\", \"product_variant_id\": \"9c42747c-a108-4a9b-ad07-ec8839c7666e\", \"original_unit_price\": \"28.99\"}, {\"id\": \"9c427486-215c-4442-b05f-e9c439488c28\", \"sku\": \"M-TR001\", \"name\": \"Classic Dress Trousers - (Size) S\", \"type\": \"product_variant\", \"urls\": null, \"image\": \"/9j/4AAQSkZJRgABAQEAYABgAAD//gA7Q1JFQVRPUjogZ2QtanBlZyB2MS4wICh1c2luZyBJSkcgSlBFRyB2ODApLCBxdWFsaXR5ID0gODAK/9sAQwAGBAUGBQQGBgUGBwcGCAoQCgoJCQoUDg8MEBcUGBgXFBYWGh0lHxobIxwWFiAsICMmJykqKRkfLTAtKDAlKCko/9sAQwEHBwcKCAoTCgoTKBoWGigoKCgoKCgoKCgoKCgoKCgoKCgoKCgoKCgoKCgoKCgoKCgoKCgoKCgoKCgoKCgoKCgo/8AAEQgAMgAyAwEiAAIRAQMRAf/EAB8AAAEFAQEBAQEBAAAAAAAAAAABAgMEBQYHCAkKC//EALUQAAIBAwMCBAMFBQQEAAABfQECAwAEEQUSITFBBhNRYQcicRQygZGhCCNCscEVUtHwJDNicoIJChYXGBkaJSYnKCkqNDU2Nzg5OkNERUZHSElKU1RVVldYWVpjZGVmZ2hpanN0dXZ3eHl6g4SFhoeIiYqSk5SVlpeYmZqio6Slpqeoqaqys7S1tre4ubrCw8TFxsfIycrS09TV1tfY2drh4uPk5ebn6Onq8fLz9PX29/j5+v/EAB8BAAMBAQEBAQEBAQEAAAAAAAABAgMEBQYHCAkKC//EALURAAIBAgQEAwQHBQQEAAECdwABAgMRBAUhMQYSQVEHYXETIjKBCBRCkaGxwQkjM1LwFWJy0QoWJDThJfEXGBkaJicoKSo1Njc4OTpDREVGR0hJSlNUVVZXWFlaY2RlZmdoaWpzdHV2d3h5eoKDhIWGh4iJipKTlJWWl5iZmqKjpKWmp6ipqrKztLW2t7i5usLDxMXGx8jJytLT1NXW19jZ2uLj5OXm5+jp6vLz9PX29/j5+v/aAAwDAQACEQMRAD8A+qaKKKAPkj4zePvEA+Ims2ul67qVjZWsogSG2uGjAKqAx+Ujq2a4J/iB4ugdXj8Wa7uBBAa9kYfkTg0/40O8PxQ8Tgcf6a5/M5/rXEsZVcxyhldTgqwwQaLln6OaReDUNJsr0DAuYEmA9Nyg/wBat1k+EU8vwpoqHqtlAP8AyGta1BAUUUUAFFFFAHwp8e49nxZ8SKO9wrfmin+tVvjRpaaL8TdZsY12rG0TAf70KMf1Nbfxht/tnx71G2xkTX9vFj6rGKsftRW/kfFy8kx/r7aCT64Xb/7LSLPsTRE8vRdPT+7bxj8lFXaq6Uc6XZn1hT/0EVapkBRRRQAUUUUAfGnjFftP7UUcOMhtctFP03R5q5+12nl/EqwcD/WaXGfyllH9KL+AzftbpHjpq0cn/fKBv6VZ/bHTb420ST+9p238pX/xpFH1TobbtE09vW3jP/joq7VDQARoOmg9RbRj/wAdFX6ZIUUUUAFFFFAGadB0c6uNVOlaedUHS8+zJ53TH38bunHWnapomlas8b6rpljetH9w3NukhT6bgcUUUhmgoCgBQABwAO1FFFMQUUUUAf/Z\", \"amount\": 9, \"full_price\": \"251.91\", \"product_id\": \"9c427402-69ff-458e-9080-7043ee891a99\", \"unit_price\": \"27.99\", \"final_price\": \"251.91\", \"unit_discount\": \"0.00\", \"total_discount\": \"0.00\", \"product_variant_id\": \"9c42747c-f524-4453-971c-64c715730330\", \"original_unit_price\": \"27.99\"}, {\"id\": \"9c427486-0ab8-4925-bcb0-47beff4ad429\", \"sku\": \"M-TR003\", \"name\": \"Sporty Track Pants - (Size) M\", \"type\": \"product_variant\", \"urls\": null, \"image\": \"/9j/4AAQSkZJRgABAQEAYABgAAD//gA7Q1JFQVRPUjogZ2QtanBlZyB2MS4wICh1c2luZyBJSkcgSlBFRyB2ODApLCBxdWFsaXR5ID0gODAK/9sAQwAGBAUGBQQGBgUGBwcGCAoQCgoJCQoUDg8MEBcUGBgXFBYWGh0lHxobIxwWFiAsICMmJykqKRkfLTAtKDAlKCko/9sAQwEHBwcKCAoTCgoTKBoWGigoKCgoKCgoKCgoKCgoKCgoKCgoKCgoKCgoKCgoKCgoKCgoKCgoKCgoKCgoKCgoKCgo/8AAEQgAMgAyAwEiAAIRAQMRAf/EAB8AAAEFAQEBAQEBAAAAAAAAAAABAgMEBQYHCAkKC//EALUQAAIBAwMCBAMFBQQEAAABfQECAwAEEQUSITFBBhNRYQcicRQygZGhCCNCscEVUtHwJDNicoIJChYXGBkaJSYnKCkqNDU2Nzg5OkNERUZHSElKU1RVVldYWVpjZGVmZ2hpanN0dXZ3eHl6g4SFhoeIiYqSk5SVlpeYmZqio6Slpqeoqaqys7S1tre4ubrCw8TFxsfIycrS09TV1tfY2drh4uPk5ebn6Onq8fLz9PX29/j5+v/EAB8BAAMBAQEBAQEBAQEAAAAAAAABAgMEBQYHCAkKC//EALURAAIBAgQEAwQHBQQEAAECdwABAgMRBAUhMQYSQVEHYXETIjKBCBRCkaGxwQkjM1LwFWJy0QoWJDThJfEXGBkaJicoKSo1Njc4OTpDREVGR0hJSlNUVVZXWFlaY2RlZmdoaWpzdHV2d3h5eoKDhIWGh4iJipKTlJWWl5iZmqKjpKWmp6ipqrKztLW2t7i5usLDxMXGx8jJytLT1NXW19jZ2uLj5OXm5+jp6vLz9PX29/j5+v/aAAwDAQACEQMRAD8A+qaKKKAPi34l/Grxg/jTWrbRdcmtNKt7qSK3SKOMHap253bcnOM8nvWT4Y+NHjOy8Q6bcanr13dWEc6GeGUgrJHn5gcD0zXmN87m+naU5dnbcT65qexjimWYz3Cw+XEXXKljI3ACjHc56njg0AfpeCGAKkEHkEUVR0F1l0LTpEOVe2jYH1BUVeoAKKKKACiiigD83PiDp7aT408Qafg5tr+eIe4EhA/TFUNSsbrSdSu9Pv4zFd2srQyof4WU4I/MV6Z8dbNLL9oLUkKjypbu2mIx13JGW/UmtL9rDw7/AGP8TTqMSbbfV7dZ8gceYvyOPyCn/gVAH174OOfCOhn/AKcYP/Ra1r1yvwovhqPwz8LXO4MzabArEf3lQK36g11VABRRRQAUUUUAfGP7Rtq9x+0BDDGCHuBZqp9ScKK9N/bL0+KXwNouokDz7fUfIU99skbFh+ca/lWJ8VvC+ual+0p4c1CLRr+XSUuLHddxQM8W1JAWLMAQuOc5x611P7YiM3wssivRNViY/Ty5R/WgDe/Zgnkm+DGiiQ58p7iNT7ec5/rXqteR/srSb/g1pg/uXFwv/kQn+teuUAFFFFABRRRQAVDd2tveQmG8giuIiclJUDqT9DRRQA63ghtoVitoo4Yl6JGoUD8BUlFFABRRRQB//9k=\", \"amount\": 9, \"full_price\": \"206.91\", \"product_id\": \"9c427407-0bb8-4bb4-97cd-ba830bdf6728\", \"unit_price\": \"22.99\", \"final_price\": \"206.91\", \"unit_discount\": \"0.00\", \"total_discount\": \"0.00\", \"product_variant_id\": \"9c42747d-198d-41a5-889e-0af7a9a1b6f8\", \"original_unit_price\": \"22.99\"}, {\"id\": \"9c427486-1bd0-479d-ab19-43341504be32\", \"sku\": \"W-P002\", \"name\": \"Sporty Performance Polo - (Size) XS\", \"type\": \"product_variant\", \"urls\": null, \"image\": \"/9j/4AAQSkZJRgABAQEAYABgAAD//gA7Q1JFQVRPUjogZ2QtanBlZyB2MS4wICh1c2luZyBJSkcgSlBFRyB2ODApLCBxdWFsaXR5ID0gODAK/9sAQwAGBAUGBQQGBgUGBwcGCAoQCgoJCQoUDg8MEBcUGBgXFBYWGh0lHxobIxwWFiAsICMmJykqKRkfLTAtKDAlKCko/9sAQwEHBwcKCAoTCgoTKBoWGigoKCgoKCgoKCgoKCgoKCgoKCgoKCgoKCgoKCgoKCgoKCgoKCgoKCgoKCgoKCgoKCgo/8AAEQgAMgAyAwEiAAIRAQMRAf/EAB8AAAEFAQEBAQEBAAAAAAAAAAABAgMEBQYHCAkKC//EALUQAAIBAwMCBAMFBQQEAAABfQECAwAEEQUSITFBBhNRYQcicRQygZGhCCNCscEVUtHwJDNicoIJChYXGBkaJSYnKCkqNDU2Nzg5OkNERUZHSElKU1RVVldYWVpjZGVmZ2hpanN0dXZ3eHl6g4SFhoeIiYqSk5SVlpeYmZqio6Slpqeoqaqys7S1tre4ubrCw8TFxsfIycrS09TV1tfY2drh4uPk5ebn6Onq8fLz9PX29/j5+v/EAB8BAAMBAQEBAQEBAQEAAAAAAAABAgMEBQYHCAkKC//EALURAAIBAgQEAwQHBQQEAAECdwABAgMRBAUhMQYSQVEHYXETIjKBCBRCkaGxwQkjM1LwFWJy0QoWJDThJfEXGBkaJicoKSo1Njc4OTpDREVGR0hJSlNUVVZXWFlaY2RlZmdoaWpzdHV2d3h5eoKDhIWGh4iJipKTlJWWl5iZmqKjpKWmp6ipqrKztLW2t7i5usLDxMXGx8jJytLT1NXW19jZ2uLj5OXm5+jp6vLz9PX29/j5+v/aAAwDAQACEQMRAD8A8y8PWDMUwCS/AwPzr6A8E6fFb6aLeNDI8gAOckE4/LvXjHw7mSa/iF3m3jDgAlsb8jt6cA/pXS6z8WYvDuprBZ2/2+xjba8hfkDuFGMZB7557V4NWFWpPlijouktTt/E/iGW48VJ4K0GSytLxYPtN/fXJAS2TICgZ6sSy/TI6dRmeE/E99pni+78G6jrEWou8Rkhu4UVSzLnfGcE4x1654Oa4Xwb44j1X4uW+rQ2jSS3y/Y5FaMY8sEFHbOeQQo4PYdKyfGmraxafFDTtXlsLhYbKRxC7QBRISW6lRg5zjNddGEoRVPyNoqKiptdT27xDFdGHytPQrkfM69c+1ccfACSzi41GVnPLEZ6/wCeT+VcxJ8aNTCrmxtck44Q/wDxVQWnxc1rV9QgtLe1tYpbgZG5S3bPr7elCpyWxo5Um7ydzfm8J24lfYqKu44G3oKKyJvE/iBJnQ/YSVYj/UH/AOKopWkVzUTm9Xt5dGna0STZJb2+G2nkMz4PP+6BXJ6kgkg2t0LAHH1r2KP4jaKJQ8vhHSriWXAZ5EVicDjJIPbFaFr470W4miWPwTojA8YFshb2x8vWnDFSitYfkcMopvc9e8M/DvwzaWwvdGsRp08qiN5ITkkKfu/PnjKg8Yzir2qx6X4U0S51m4D+YkW+R3YyN64UEnHPYcVk+F9W1O4hnV7kRRwyFEUx8nABOfzP5V5l8cdT1a5CWM94PsbEB0XgnPHWvVjJSjzoxmnFuDOA+L8LXuvWmqrCFN6iyMQoXPIIJ98H9K4bwgWi8VaHKq7gJoQR7EgH+dexNq2l6VZW2o61oa6nZzW8UMImOdjKDnB+hFZh8c+CVvYHtvBFpFcRMpR0crtI6HivNnibybjF2N3T5PdbMrU79F1K7Gekrj9TRVa/1/R5764l/siceZIzYE/Ayc/3aKjm8mM5CKYM6gkZ6jmus8Fzu/iXR40USA3UYIPI++OK5W30XU2OY4GbP+wwx+ldR4M0TVrbWorq6jSKCJZXyzY52Ntz+OKqSi9Lijuj6gttS0eQywabqWl3U6sfPEd3GWB6lQufwJP09a87+JOiTXVvLdT7BucLGNwLMx7KPbrXz1quoNatLIuN0nysduOPwqlpMdybj7TY3M0UpJZpIXZSM+4Ir1lTa9xbHM5J+91PSvGN0X+Gvh2GTChGnBz6h8fyry5phHOhUg812/iKyv8A/hCNAtzGWfbJccP0UsQOvXPBrz65tbyJ/ngZceteZCCV1c66t3Z+SNVplLE5PJoqiEmIB2/rRT5TM+19NsLPycfZLf8A79r/AIVn+PbO2j8I6g0dvCrBAQVQAjkUUV5S+NGkfjXqfHXiL/WTDtuNdb4ljS31+ZIEWJPJhO1BtGTGuTxRRX1H/L1ej/Q4Xsdf4K/f+J9Hgm/eQjT2by35XO0c46V1muWNptf/AEWD/v2KKK+er/xf67ndW+JeiOQNrb5P7iL/AL4FFFFIzP/Z\", \"amount\": 9, \"full_price\": \"175.50\", \"product_id\": \"9c427410-66d7-441a-8e70-d6d91f6923bc\", \"unit_price\": \"19.50\", \"final_price\": \"175.50\", \"unit_discount\": \"0.00\", \"total_discount\": \"0.00\", \"product_variant_id\": \"9c42747d-49d8-44fd-8686-10dfd5608b76\", \"original_unit_price\": \"19.50\"}, {\"id\": \"9c427486-2829-42dd-b9b2-2da97e8ab4c5\", \"sku\": \"W-J002\", \"name\": \"Casual V-Neck Jumper - (Size) S\", \"type\": \"product_variant\", \"urls\": null, \"image\": \"/9j/4AAQSkZJRgABAQEAYABgAAD//gA7Q1JFQVRPUjogZ2QtanBlZyB2MS4wICh1c2luZyBJSkcgSlBFRyB2ODApLCBxdWFsaXR5ID0gODAK/9sAQwAGBAUGBQQGBgUGBwcGCAoQCgoJCQoUDg8MEBcUGBgXFBYWGh0lHxobIxwWFiAsICMmJykqKRkfLTAtKDAlKCko/9sAQwEHBwcKCAoTCgoTKBoWGigoKCgoKCgoKCgoKCgoKCgoKCgoKCgoKCgoKCgoKCgoKCgoKCgoKCgoKCgoKCgoKCgo/8AAEQgAMgAyAwEiAAIRAQMRAf/EAB8AAAEFAQEBAQEBAAAAAAAAAAABAgMEBQYHCAkKC//EALUQAAIBAwMCBAMFBQQEAAABfQECAwAEEQUSITFBBhNRYQcicRQygZGhCCNCscEVUtHwJDNicoIJChYXGBkaJSYnKCkqNDU2Nzg5OkNERUZHSElKU1RVVldYWVpjZGVmZ2hpanN0dXZ3eHl6g4SFhoeIiYqSk5SVlpeYmZqio6Slpqeoqaqys7S1tre4ubrCw8TFxsfIycrS09TV1tfY2drh4uPk5ebn6Onq8fLz9PX29/j5+v/EAB8BAAMBAQEBAQEBAQEAAAAAAAABAgMEBQYHCAkKC//EALURAAIBAgQEAwQHBQQEAAECdwABAgMRBAUhMQYSQVEHYXETIjKBCBRCkaGxwQkjM1LwFWJy0QoWJDThJfEXGBkaJicoKSo1Njc4OTpDREVGR0hJSlNUVVZXWFlaY2RlZmdoaWpzdHV2d3h5eoKDhIWGh4iJipKTlJWWl5iZmqKjpKWmp6ipqrKztLW2t7i5usLDxMXGx8jJytLT1NXW19jZ2uLj5OXm5+jp6vLz9PX29/j5+v/aAAwDAQACEQMRAD8A6/yuaS4aK1t3nuJFjiQZZmOABWkIcmvJ/jFqV0skdnau3l85UDgn2Pcj8h9aJS5UXGPM7FHVPFl54m8RW+i6JOLS3mk2ecW2kr/E7HsoGTx6V1PjnwrP8NtCXXNP8Sy6jmSNLi3lxhd3RgMnj2PPvXkHgG5OheObGfWLaKSGYNH5Vym5Rkcbh9cV7P8AGTxBHpHw6tIWtNNmudTjS28xIgcKi8nIJ6ZXA7Zz7VzuclI6lCLjcv8AhXXbXxFpyz2xCyrxJH3U/wBR71rNF7V4V8MHu7G/iltjuhccH0PdT/n+VfQ6w7kVsdRmuiMr6HNOHLqjJ8o0VqeR7UVRmaSwe1cd418P2Ec0WsXW5mQhAh6EnoPYDBPFejLD7Vx/xbj8rwjvGeJ1/wDQWppKTSY1JrY4C00nSJdZGo3GnRXUoGF3MePpzjNdrrs+ma/oaaXe6Lavap80aMM+X7qRgqevIrzPwRrpubC2MiF22AMxPU9D+tdc2obJFZVwK09hBvmsNVZJWuaPhDw5pNpNLbW1t5SyAMqZLBSDkEE5IPFdy1vx0rkvC16t34qWNB0wh/74z/WvR2tvapnFRehN29zC+z0VtfZvaioAnSPnpXD/ABrYReDFT+OS4QD8AxNeiJHzXlf7RU8Ft4c0sTsw8y5KAIMsQRg4HfqKqHxITPG/AqbNNBiUgeY5J9fmPSu1mBNsWHVea4bR/Eeh6ZBFZzNPD5ShQX2c49dpPNdNp3ijSLj/AFDTTJ0YCFmGPwFdKEdb4PBg8ew+Ww8p5Yz/AN9xqf617e8PtXgXg+4tH8caU9lL5kMksOcggo28rtOfYLX0Y8YrCruhozPK9qKveWPSishlNK8M/ayJGi+G8HH+mN/JaKKun8SFLY+dIfmxu+bnvzT4/lj3Lwy4wR1FFFei9jhW57h8M5Hn1TwZJM7SSMxyznJOJxjJPpX1E9FFcFXc7o7EVFFFZDP/2Q==\", \"amount\": 6, \"full_price\": \"129.00\", \"product_id\": \"9c42741b-fbd5-4310-856c-6e9d03e2615e\", \"unit_price\": \"21.50\", \"final_price\": \"129.00\", \"unit_discount\": \"0.00\", \"total_discount\": \"0.00\", \"product_variant_id\": \"9c42747d-97ea-4409-9928-8253082881b2\", \"original_unit_price\": \"21.50\"}, {\"id\": \"9c427486-2d38-4a1e-9f6b-bbd22fcb3be0\", \"sku\": \"W-TR001\", \"name\": \"Classic Dress Trousers - (Size) S\", \"type\": \"product_variant\", \"urls\": null, \"image\": \"/9j/4AAQSkZJRgABAQEAYABgAAD//gA7Q1JFQVRPUjogZ2QtanBlZyB2MS4wICh1c2luZyBJSkcgSlBFRyB2ODApLCBxdWFsaXR5ID0gODAK/9sAQwAGBAUGBQQGBgUGBwcGCAoQCgoJCQoUDg8MEBcUGBgXFBYWGh0lHxobIxwWFiAsICMmJykqKRkfLTAtKDAlKCko/9sAQwEHBwcKCAoTCgoTKBoWGigoKCgoKCgoKCgoKCgoKCgoKCgoKCgoKCgoKCgoKCgoKCgoKCgoKCgoKCgoKCgoKCgo/8AAEQgAMgAyAwEiAAIRAQMRAf/EAB8AAAEFAQEBAQEBAAAAAAAAAAABAgMEBQYHCAkKC//EALUQAAIBAwMCBAMFBQQEAAABfQECAwAEEQUSITFBBhNRYQcicRQygZGhCCNCscEVUtHwJDNicoIJChYXGBkaJSYnKCkqNDU2Nzg5OkNERUZHSElKU1RVVldYWVpjZGVmZ2hpanN0dXZ3eHl6g4SFhoeIiYqSk5SVlpeYmZqio6Slpqeoqaqys7S1tre4ubrCw8TFxsfIycrS09TV1tfY2drh4uPk5ebn6Onq8fLz9PX29/j5+v/EAB8BAAMBAQEBAQEBAQEAAAAAAAABAgMEBQYHCAkKC//EALURAAIBAgQEAwQHBQQEAAECdwABAgMRBAUhMQYSQVEHYXETIjKBCBRCkaGxwQkjM1LwFWJy0QoWJDThJfEXGBkaJicoKSo1Njc4OTpDREVGR0hJSlNUVVZXWFlaY2RlZmdoaWpzdHV2d3h5eoKDhIWGh4iJipKTlJWWl5iZmqKjpKWmp6ipqrKztLW2t7i5usLDxMXGx8jJytLT1NXW19jZ2uLj5OXm5+jp6vLz9PX29/j5+v/aAAwDAQACEQMRAD8A7yGOrZUiNivUDIpkK1YkU+RJjOdpxjr0qgPlXw54JvfEujC6tYpWmmuDI0gXdwq8dSPvMzd/4a7jRvgpq2oQzB5XRgdhRkjXPH97zD7dj1r0n4U6RZ213dabptzcJbW8CIqE7grEbmPPqWP4YrqNNk1CLVNT01Z4Umgfh87i5KKRwR8o6dz3+tQ8RNN8rsmdKwsLWmrtepzXhb+0n8OWa65az2upRKYp0mTaSykruHYg4zkcc1ZuE4rbuoHhPlSvvdOCdxPPU8nnrmsu4Wne+pzySi7Io7T6UVPtooEbUNXIhVCFxV2JxVMDP8OWtvpfjR4rVDHFPbB9u4kBtzZwD0HTgcVn2jNH8TNbYHh/LfGf9gD+lP1iSS08SWl7AzF/IZNpPykZ/wDrj8qpWVyz/EHUYwwO+CN246EKB/7MKwlud1O/Ld9jpbnLszHqTms64WtKUiqFxg1qcJV2e1FTgCigCeKBverkUDe9XRo98p+Xy2/GrUFlfxn5rZHHtIKsRzmu26wxQ3MzBVjJXLHA+Yf4gVznhW1e88X3moQjfbXUW6KVehUEDH1+WtL412viO48L2lp4d068N3Jdxsz2/wA+FUE4OOnzBeTxVL4D6hd3Oqaro+p6VLaPaKJId8bKUGcFWzxn5hjHoazcbu50wqWg0/M7RtMkPrUEmjO3Y1362a/3akFip/hFWcx5z/YsnoaK9G+wL/doo0AorUsdFFAEh6VNB1oooGWUqVaKKTAdRRRSA//Z\", \"amount\": 2, \"full_price\": \"59.98\", \"product_id\": \"9c42741f-c8c5-4197-b78a-2aec13df1767\", \"unit_price\": \"29.99\", \"final_price\": \"59.98\", \"unit_discount\": \"0.00\", \"total_discount\": \"0.00\", \"product_variant_id\": \"9c42747d-ab08-41df-9b1a-e0632e808e42\", \"original_unit_price\": \"29.99\"}, {\"id\": \"9c427486-059e-4a1a-afef-b46c8139685f\", \"sku\": \"W-TR003\", \"name\": \"Sporty Track Pants - (Size) XL\", \"type\": \"product_variant\", \"urls\": null, \"image\": \"/9j/4AAQSkZJRgABAQEAYABgAAD//gA7Q1JFQVRPUjogZ2QtanBlZyB2MS4wICh1c2luZyBJSkcgSlBFRyB2ODApLCBxdWFsaXR5ID0gODAK/9sAQwAGBAUGBQQGBgUGBwcGCAoQCgoJCQoUDg8MEBcUGBgXFBYWGh0lHxobIxwWFiAsICMmJykqKRkfLTAtKDAlKCko/9sAQwEHBwcKCAoTCgoTKBoWGigoKCgoKCgoKCgoKCgoKCgoKCgoKCgoKCgoKCgoKCgoKCgoKCgoKCgoKCgoKCgoKCgo/8AAEQgAMgAyAwEiAAIRAQMRAf/EAB8AAAEFAQEBAQEBAAAAAAAAAAABAgMEBQYHCAkKC//EALUQAAIBAwMCBAMFBQQEAAABfQECAwAEEQUSITFBBhNRYQcicRQygZGhCCNCscEVUtHwJDNicoIJChYXGBkaJSYnKCkqNDU2Nzg5OkNERUZHSElKU1RVVldYWVpjZGVmZ2hpanN0dXZ3eHl6g4SFhoeIiYqSk5SVlpeYmZqio6Slpqeoqaqys7S1tre4ubrCw8TFxsfIycrS09TV1tfY2drh4uPk5ebn6Onq8fLz9PX29/j5+v/EAB8BAAMBAQEBAQEBAQEAAAAAAAABAgMEBQYHCAkKC//EALURAAIBAgQEAwQHBQQEAAECdwABAgMRBAUhMQYSQVEHYXETIjKBCBRCkaGxwQkjM1LwFWJy0QoWJDThJfEXGBkaJicoKSo1Njc4OTpDREVGR0hJSlNUVVZXWFlaY2RlZmdoaWpzdHV2d3h5eoKDhIWGh4iJipKTlJWWl5iZmqKjpKWmp6ipqrKztLW2t7i5usLDxMXGx8jJytLT1NXW19jZ2uLj5OXm5+jp6vLz9PX29/j5+v/aAAwDAQACEQMRAD8A3LGDpxW1bwDHSqlgnA4rat06cUizlPEtzqem+INDms7R7mzecRSRohYsWDKex5AYEe4HrmptD8Pavpeu6/LqFmq2k0iSrcCVdiqqBQuMDknJ6D6V6f4UuVjultNis0yyMob1G3/GqPxVlmj0F4LURBj+9baTkhCGIx3GAaxUHzOSZ0e0XKqbRyssAqpND7VpxHzbWGTBBZASD24qCRc1rcx20M7yKKu+WPSimA2wHArYtx0rIsegrYg7UEmT4p8Wy+GjbtaTRQzorMTIoIKsQO/+7Xn178UdZ1bUbeS8uLFrGKTbKY4sZj3YIHJ5Irf+Ltup06CbaNxV0JP5/wCNeNeB41vdU0LT5EAAv1LqBjK7t38jXXThD2e3czcnzH0uoYQJ5nDkZb6nrVaXrV246VQlPNca0Nr31EyKKi3e1FMQ2xkQAc1sQSJxzV230UKB8lX49KAH3adibnnfxXUP4SeWPG6KQN+BBH8yK8T+GDNN4/0RigGckn3VG/8Aia+i/ibpLSeB9U8pMvGiy49QrAn9Aa8K+DWnlvHNrPMypBaQSsXdgvJG3GDzn5q6YNKk7kPV6HvM8ikVnzyDnFX7ma15CSq3+7zWfJ8+RGrn8K5bGiZB5g9aKd9nn/55t+VFFh3PVUAx0FSY4ooqzMyvFChvD+phgCDaygg9/kNfOvgy2gHxUnUQxbfso42DH36KKr7I49T6Gs7S2SJdtvCvHZAKmMUY6RoPwFFFQIi2L/dX8qKKKAP/2Q==\", \"amount\": 5, \"full_price\": \"114.95\", \"product_id\": \"9c427423-8dc7-4a04-8a33-d838f1989a0d\", \"unit_price\": \"22.99\", \"final_price\": \"114.95\", \"unit_discount\": \"0.00\", \"total_discount\": \"0.00\", \"product_variant_id\": \"9c42747d-c715-4da5-8831-fe9c2d4b60d5\", \"original_unit_price\": \"22.99\"}, {\"id\": \"9c427486-0d7e-4009-b1a0-68dcdd243f70\", \"sku\": \"W-BO001\", \"name\": \"Classic Ankle Boots - (Size) 8, (Colour) Dark Green\", \"type\": \"product_variant\", \"urls\": null, \"image\": \"/9j/4AAQSkZJRgABAQEAYABgAAD//gA7Q1JFQVRPUjogZ2QtanBlZyB2MS4wICh1c2luZyBJSkcgSlBFRyB2ODApLCBxdWFsaXR5ID0gODAK/9sAQwAGBAUGBQQGBgUGBwcGCAoQCgoJCQoUDg8MEBcUGBgXFBYWGh0lHxobIxwWFiAsICMmJykqKRkfLTAtKDAlKCko/9sAQwEHBwcKCAoTCgoTKBoWGigoKCgoKCgoKCgoKCgoKCgoKCgoKCgoKCgoKCgoKCgoKCgoKCgoKCgoKCgoKCgoKCgo/8AAEQgAMgAyAwEiAAIRAQMRAf/EAB8AAAEFAQEBAQEBAAAAAAAAAAABAgMEBQYHCAkKC//EALUQAAIBAwMCBAMFBQQEAAABfQECAwAEEQUSITFBBhNRYQcicRQygZGhCCNCscEVUtHwJDNicoIJChYXGBkaJSYnKCkqNDU2Nzg5OkNERUZHSElKU1RVVldYWVpjZGVmZ2hpanN0dXZ3eHl6g4SFhoeIiYqSk5SVlpeYmZqio6Slpqeoqaqys7S1tre4ubrCw8TFxsfIycrS09TV1tfY2drh4uPk5ebn6Onq8fLz9PX29/j5+v/EAB8BAAMBAQEBAQEBAQEAAAAAAAABAgMEBQYHCAkKC//EALURAAIBAgQEAwQHBQQEAAECdwABAgMRBAUhMQYSQVEHYXETIjKBCBRCkaGxwQkjM1LwFWJy0QoWJDThJfEXGBkaJicoKSo1Njc4OTpDREVGR0hJSlNUVVZXWFlaY2RlZmdoaWpzdHV2d3h5eoKDhIWGh4iJipKTlJWWl5iZmqKjpKWmp6ipqrKztLW2t7i5usLDxMXGx8jJytLT1NXW19jZ2uLj5OXm5+jp6vLz9PX29/j5+v/aAAwDAQACEQMRAD8A9Hs7c8VrwWxx0qaytMAZFakUGO1fHKLkfWV8Tdnyn4ztvsXxB8Z2BHEhjuh+Kgk/+RKwPDT4Yc967P4z+XB8Y7lEwGuNOUP9QpP8kFcDoblZWHoa+kpa0437I86i7yZ1+q3eLVgWzxW/8GLcyWWszjo0yJn6An/2auB1e4OwjPavY/gTYZ8CTTEfNNeSNn2Cqv8ASuXHO1Fno0JqnNM1TbcmiugNlyeKK8XmPY+toh1f4oeDdB1aXTdS1cR3cJ2yqkEkgQ+hKqRn27Vi698e/B2nWrNpb3Wq3GPljihaJc/7TOBgfQGvHPjV8N9d0TxFqutpbtd6ReXMlz58ILeTvYsVkHUYz16e/avKa92jg6Timnc+MnVk3qdfqXiS78X/ABFXWNQVYpbqdF8uP7saABQoz7Dn15pNHIa5lC5+8az/AAjas95LeEfJbIce8jAhR/M/hXQ6Rpz2l1KJByDz9a7GklZG2FT1ZV1PJYg19FfAJA3w2gwQSLiUEDtznn8Dn8a+edXxJcFQdq/xH0r079nbX2tfEl3ocjH7NfR+ZCpP3ZEH9VBz/uiuTFQ56bR21NFc9yNuMniitExjNFeL7Ij2zNNrYMhDD5SOc14n8Q/DvwuspJrnUYLV7w5Pk2R2lm99pAH413vx3l1uL4c3i+GrO4u7uZ1jlW3QtIsXJYgDnsB34Jr5B0/xHBZ3Dpqun5lDHPmKVI9sV9EsOo6o82lVi/jdjrtMtItQ1NX0+xSx0yJ90UKjr7k9z71e1k22nWrecp8zn5h/F71lRfEHSYogIoHQ46Dp/Kud1HWL7xfqcOn6NZz3VxMdscMQyWP+Hr0+ta8j2On29OPUytU1QzSkQgLGD949M/411nwPmaT4m6EoLEmYjPT+E1yV74P8VWmoNb33h7VEcZAxauysQf4SBg/hXp3wG8D+JofiTpF7e6Lf2ljbO7yzXEBiUDYwH3gM5JA4qvZxtY5auMnN2WiPqv7OfSitfYvpRXJ9UiR9YZFqPFjNj+4a+UviPY2kt5O8lrA78/M0YJoorqe5NL4WeMrDF9vC+Um3eRjaMV9efs8aZYWuiXFxbWVrDO7bXkjiVWYDoCQMmiirZkevkDPQUY5oopCCiiigR//Z\", \"amount\": 3, \"full_price\": \"83.85\", \"product_id\": \"9c427436-8ecf-42ba-bf14-a29bcdd197a7\", \"unit_price\": \"27.95\", \"final_price\": \"83.85\", \"unit_discount\": \"0.00\", \"total_discount\": \"0.00\", \"product_variant_id\": \"9c427477-b7c0-47c5-8478-cdb0e0e8b758\", \"original_unit_price\": \"27.95\"}, {\"id\": \"9c427486-2ac5-4b1f-9cc0-8a4d6b34e85f\", \"sku\": \"M-LO001\", \"name\": \"Classic Leather Loafers - (Size) 8.5, (Colour) Dark Green\", \"type\": \"product_variant\", \"urls\": null, \"image\": \"/9j/4AAQSkZJRgABAQEAYABgAAD//gA7Q1JFQVRPUjogZ2QtanBlZyB2MS4wICh1c2luZyBJSkcgSlBFRyB2ODApLCBxdWFsaXR5ID0gODAK/9sAQwAGBAUGBQQGBgUGBwcGCAoQCgoJCQoUDg8MEBcUGBgXFBYWGh0lHxobIxwWFiAsICMmJykqKRkfLTAtKDAlKCko/9sAQwEHBwcKCAoTCgoTKBoWGigoKCgoKCgoKCgoKCgoKCgoKCgoKCgoKCgoKCgoKCgoKCgoKCgoKCgoKCgoKCgoKCgo/8AAEQgAMgAyAwEiAAIRAQMRAf/EAB8AAAEFAQEBAQEBAAAAAAAAAAABAgMEBQYHCAkKC//EALUQAAIBAwMCBAMFBQQEAAABfQECAwAEEQUSITFBBhNRYQcicRQygZGhCCNCscEVUtHwJDNicoIJChYXGBkaJSYnKCkqNDU2Nzg5OkNERUZHSElKU1RVVldYWVpjZGVmZ2hpanN0dXZ3eHl6g4SFhoeIiYqSk5SVlpeYmZqio6Slpqeoqaqys7S1tre4ubrCw8TFxsfIycrS09TV1tfY2drh4uPk5ebn6Onq8fLz9PX29/j5+v/EAB8BAAMBAQEBAQEBAQEAAAAAAAABAgMEBQYHCAkKC//EALURAAIBAgQEAwQHBQQEAAECdwABAgMRBAUhMQYSQVEHYXETIjKBCBRCkaGxwQkjM1LwFWJy0QoWJDThJfEXGBkaJicoKSo1Njc4OTpDREVGR0hJSlNUVVZXWFlaY2RlZmdoaWpzdHV2d3h5eoKDhIWGh4iJipKTlJWWl5iZmqKjpKWmp6ipqrKztLW2t7i5usLDxMXGx8jJytLT1NXW19jZ2uLj5OXm5+jp6vLz9PX29/j5+v/aAAwDAQACEQMRAD8A1YTaqOY8H6f/AF6laazx0wR7GogXIztcfVRTXV2zw3/fsVwKJ6N0R3F1Bn5WYfRBWdcXkSqTlz+Ap+sTJp1hLd3W9IYxydgzknAH51wi+MLeeYLcxvbo/CSZDJ9GOODWkYXVyHPWx0Nxfxk/xflWfLfRnOVJ/AVKbO4uEDxDcjDIZcEEfWq82l3QBOCPriq5ULmIftUX90/kKKj/ALPuPainyi5j1CaYW0Ek1zNFHDGNzMxwAK4Bvi3ptvqLW11YXUUYOFlG1gR2bHHH50vj/XUu/DVxAiyA70ZiRwQGHv8ASvKHjgukVJvmUfdIPK/T29qqnSUldkTqNOx7H4l1GPxd4auINGmt7j7sgMRO9cHPzIQGA/CvI7HVNX8MawtwI2jkU4YModHHQgg8EH3re8AP/Y/iWC4jiimCqRl+cZGOB617Gtvo3iGPydUhhWUjiRhjP/Ah/WtI05xjdLQiUot76nPeC9U0XV5TLZ20entNHmS1hY7BJn5nRScAYA+UdOa6d9GeUExSxsK5+X4W3ul3bXHhvUrXymO77LdhtoPqrKMg/hXQeHNH1wXobWUt4UiztMc+8Pxj0B/Oi9KUNNGg/eKWuqK58PTZ++v50V2f9nr/AH0/M0VzcxtY8z1TwxNNGwRAyn+HFed634NntXaWCKSI9cAfKa9y+1N1Ea474NNllSTho0I9KUakkXKmnufNsV01hcj7UktvMp4ccA/0NddpXjQRRhZjFKP7wbafy5r1O60vSrtCtxp8D56kgVkTeBvDMxy+kR/8BYj+tdUMU0c8sPfqXPh14vl1DVEs4nD2u0kox3FeO3oK9N8yKQDeq1wXh/TdO8PRMmk2UdsrHLYOSfqSc1pvq7L1/pWNSftJXSsaQjyKzZ1gWDH8P60Vx51lv8kUVnZllVQNx4qF/wDWGiis0asZk5PJqNZH80je2PrRRVIhjZJH/vt+dRmRznLsfxooq0QyLcfU0UUUxn//2Q==\", \"amount\": 1, \"full_price\": \"29.99\", \"product_id\": \"9c427441-6d77-4a9b-b668-7906aca48814\", \"unit_price\": \"29.99\", \"final_price\": \"29.99\", \"unit_discount\": \"0.00\", \"total_discount\": \"0.00\", \"product_variant_id\": \"9c42747b-2ed9-4694-91ab-3973ea52d385\", \"original_unit_price\": \"29.99\"}, {\"id\": \"9c427486-2450-4996-a7ea-84b89d0b3bb8\", \"sku\": \"M-BO001\", \"name\": \"Classic Leather Boots - (Size) 8\", \"type\": \"product_variant\", \"urls\": null, \"image\": \"/9j/4AAQSkZJRgABAQEAYABgAAD//gA7Q1JFQVRPUjogZ2QtanBlZyB2MS4wICh1c2luZyBJSkcgSlBFRyB2ODApLCBxdWFsaXR5ID0gODAK/9sAQwAGBAUGBQQGBgUGBwcGCAoQCgoJCQoUDg8MEBcUGBgXFBYWGh0lHxobIxwWFiAsICMmJykqKRkfLTAtKDAlKCko/9sAQwEHBwcKCAoTCgoTKBoWGigoKCgoKCgoKCgoKCgoKCgoKCgoKCgoKCgoKCgoKCgoKCgoKCgoKCgoKCgoKCgoKCgo/8AAEQgAMgAyAwEiAAIRAQMRAf/EAB8AAAEFAQEBAQEBAAAAAAAAAAABAgMEBQYHCAkKC//EALUQAAIBAwMCBAMFBQQEAAABfQECAwAEEQUSITFBBhNRYQcicRQygZGhCCNCscEVUtHwJDNicoIJChYXGBkaJSYnKCkqNDU2Nzg5OkNERUZHSElKU1RVVldYWVpjZGVmZ2hpanN0dXZ3eHl6g4SFhoeIiYqSk5SVlpeYmZqio6Slpqeoqaqys7S1tre4ubrCw8TFxsfIycrS09TV1tfY2drh4uPk5ebn6Onq8fLz9PX29/j5+v/EAB8BAAMBAQEBAQEBAQEAAAAAAAABAgMEBQYHCAkKC//EALURAAIBAgQEAwQHBQQEAAECdwABAgMRBAUhMQYSQVEHYXETIjKBCBRCkaGxwQkjM1LwFWJy0QoWJDThJfEXGBkaJicoKSo1Njc4OTpDREVGR0hJSlNUVVZXWFlaY2RlZmdoaWpzdHV2d3h5eoKDhIWGh4iJipKTlJWWl5iZmqKjpKWmp6ipqrKztLW2t7i5usLDxMXGx8jJytLT1NXW19jZ2uLj5OXm5+jp6vLz9PX29/j5+v/aAAwDAQACEQMRAD8A8NstGe7dRGuyQjKlGJBrovD/AIamMxj1GEDb0OOeteo6XoVvGiBYxnoCB0rpoh4Z0wQRa1eFr6SNpxAijIRQTyT9DWDqnSqaONsPDgQ+RNZrJA6/eI6HHrVXUdBtQ/lMpjWEblHXdV+++JSaTrs9re6TE9hFIU/cyMH2Z4YE8E4wegqTxPr3hHTGtrrV9YuPJu4Eure3tbZmllibOCS2FXoR1OCDWak3qjSdJw3R5jqkZDyMyjk/eH1rFd/lbaDnOa7nUfiF4QkCpZ+EpbiyKjLT37JKG7/dGPT9au+GtF8OePI7248M2t3ZXVgqyTWMsgl3oc5ZGwCcEcgjv17VrGdtzB0pLU4FPMKKdvUf3aK9XXwY20Yhlxj+7/8AWoqvaIOQ6/QNKgnQx3VzNHIp3CSAeUT/AENcF+0JZRaRp+j6gG86RpXtnDMAzxMuSBj0x17Z969E0G+06ecLZ3UsUmcGKdHQg/RgK8q/ahmbf4djadHQLOdg4IP7vn9P51lHcq7uVvhlJo3iTW7R9bdZikXkFZ14mZeFLe5TGPdW9K1v2ifCtvp3gnR5rG3l8vTZzBC65YLbyAttZjk/K4AGezeua8R8P6gtneRucgqwIPoa+ovAvjiz1TRxY649vNE67GEnIYHswNZSl7OZ3um61PmTufJdpOqnZKfk6jIyAf8ACvoP4PeJ/BWkzWV3Ar6dq6w+TMyf6ucYGQcj1wexyPSk8Z/Bjw9qMk154X1q205my32eaQNFn0B6r+v0r5/vYrjStQntJmQywSGNijZUkHGQe4rbSqtDm/hO09UfcI1/w8wDLe4B5AEg4/SiviYavdgACWT8zRUezn3L/wBnPphdfu0t7eWCQS7iQMEOvB4xjO3/AIFj2HavMfiuPFPjHVLCOW0s7mS2DRwmwBy4OM7icZ+6OeB1q/pmuxW7O11GLvPygSYIVfQAgj866vSPiBbWUii1sY7dOmIiF/UDOPbNbKMo7HLKcGjyWT4UeL7ZYmawjeRxuMSTKWX2Pao7zw54n0mPF9o+rwIOrrbM4/MHFfQNv44W6O6MQAnse1RXOrai0xk0zUI7FGGGQQCUN7/MSB+Ap8k5bolVVD4ZNHzjZXMJukTyLy5nJAAf5R9Co5P/AH0K948MeCPBM1ja/wBuaffXl/OqtseEQrFxnAUNk/7zEk4HNa9jIrS+beJp09wRhpRZiNiPqp4NX5XjBBhZkwcjDGhwn0QvaQesmZ5+GvgdiSnh2HaeRmabOPwNFaS3R2jc5J7naOf0oqPZ1R89I+byTnqanhY7upooroMTUgZsL8x/Out8OSO0DhnYgdMmiinDcmWxtW7NnqfzrSRjs6n86KK0IJwTgc0UUUgP/9k=\", \"amount\": 8, \"full_price\": \"223.92\", \"product_id\": \"9c42744c-b4d2-4b9f-a7fc-b0e19bbd9207\", \"unit_price\": \"27.99\", \"final_price\": \"223.92\", \"unit_discount\": \"0.00\", \"total_discount\": \"0.00\", \"product_variant_id\": \"9c42747e-eda5-4425-9015-eb6ed42b6a37\", \"original_unit_price\": \"27.99\"}, {\"id\": \"9c427486-02ee-4615-9b98-6f9951de7917\", \"sku\": \"M-SN002\", \"name\": \"Classic Canvas Sneakers - (Size) 9.5\", \"type\": \"product_variant\", \"urls\": null, \"image\": \"/9j/4AAQSkZJRgABAQEAYABgAAD//gA7Q1JFQVRPUjogZ2QtanBlZyB2MS4wICh1c2luZyBJSkcgSlBFRyB2ODApLCBxdWFsaXR5ID0gODAK/9sAQwAGBAUGBQQGBgUGBwcGCAoQCgoJCQoUDg8MEBcUGBgXFBYWGh0lHxobIxwWFiAsICMmJykqKRkfLTAtKDAlKCko/9sAQwEHBwcKCAoTCgoTKBoWGigoKCgoKCgoKCgoKCgoKCgoKCgoKCgoKCgoKCgoKCgoKCgoKCgoKCgoKCgoKCgoKCgo/8AAEQgAMgAyAwEiAAIRAQMRAf/EAB8AAAEFAQEBAQEBAAAAAAAAAAABAgMEBQYHCAkKC//EALUQAAIBAwMCBAMFBQQEAAABfQECAwAEEQUSITFBBhNRYQcicRQygZGhCCNCscEVUtHwJDNicoIJChYXGBkaJSYnKCkqNDU2Nzg5OkNERUZHSElKU1RVVldYWVpjZGVmZ2hpanN0dXZ3eHl6g4SFhoeIiYqSk5SVlpeYmZqio6Slpqeoqaqys7S1tre4ubrCw8TFxsfIycrS09TV1tfY2drh4uPk5ebn6Onq8fLz9PX29/j5+v/EAB8BAAMBAQEBAQEBAQEAAAAAAAABAgMEBQYHCAkKC//EALURAAIBAgQEAwQHBQQEAAECdwABAgMRBAUhMQYSQVEHYXETIjKBCBRCkaGxwQkjM1LwFWJy0QoWJDThJfEXGBkaJicoKSo1Njc4OTpDREVGR0hJSlNUVVZXWFlaY2RlZmdoaWpzdHV2d3h5eoKDhIWGh4iJipKTlJWWl5iZmqKjpKWmp6ipqrKztLW2t7i5usLDxMXGx8jJytLT1NXW19jZ2uLj5OXm5+jp6vLz9PX29/j5+v/aAAwDAQACEQMRAD8AwwaX61LYW7Xt7BbR/fmkWNfqTis+81nTn1Y2mmw3JiU+X5srqd7Z6gADA9ufrWaTZs2kWqt6ypgW0httNbeAvmSNLtaXcATgHjAzgY680hspUjZ5sRIozlv4vYetGpLHrepR6qs5gtlj8u7Ksy5WNBncFyQNo6Acn1zkXBJvUicmtiC7hNvJtYqSRnAOSPY+9Vz0qvqLy2ery21vbC4tlcKr26ngEAjIGcnBHv2NTtnOCCCKU48rHCXMgyaKTJoqCzQ0m+bR5v7XFuLhbJlfyy23eScAZ7dz+FcZNrMH2hZ9OtbaOSVix+Ynyz6Zb+ld1Z2UGt+HL7S7a4ji1iRt8Ucp2iZQBwp/vAjP+eK+lfDpJvDs0d3C0Woqh27jjDjoD6jP861i0kZSu2YemajObFI7i4WeWST3dm5wFHGM8n/PFdFobJIl/p6OI7m/i22zZwpnGdik9gckZ96890WPUDKttBMYHyySIRgqM84OOv410Vzp9zpdtCjzCQkbldRjaeuPwqp9xQ7G5d+KNCWGCPUVu9IvogEms/IZAHHB6LkjPqap3t1FfKNQttzQSyuglwQshAU5GR1wwB9wT3r0bw/8SNO1XToodUu4LXUowBNFdEKkhHG9SeOfSuP+JnieDWtTsrbT5o57e1QlpImyhZscA9DgDt61LaaHG6Zgb6KqBzjv+VFZmo6dFcAMDkcgjjB9q9J+GuoSanp11a6hdvPcW75Bk5ZoSOme5BB5PPNecE063ubqyuUubCYwXKdGHIPsR3FCYmrnSeItNjmubqaRIG3uWQROFAxkKPyx9aw7zUNOtbBbe+nhjuHUExp8xDY68ZrJ8T3aa8FOrWk0E6knz7IgqxPdkP8AQ5rjbrTY43/cakHX0lidG/LBrZTT0Zk4tbHWxGG6iVyoIPY9qnSNV6AD6ViaA06o/nlmBwAT7cVuA5ArJ76Gi2HUUZ9qKBlgAbRSyAZ6dqKKkYxwMdBVWVV5+UflRRTQhIQMdBU0YGelFFAEoUY6CiiimB//2Q==\", \"amount\": 7, \"full_price\": \"157.50\", \"product_id\": \"9c427454-4d17-4afa-ae28-7573e2e45ba0\", \"unit_price\": \"22.50\", \"final_price\": \"157.50\", \"unit_discount\": \"0.00\", \"total_discount\": \"0.00\", \"product_variant_id\": \"9c42747f-2295-43aa-8148-c656f035e5ce\", \"original_unit_price\": \"22.50\"}, {\"id\": \"9c427486-1435-4b61-9153-9a7f7fdc7e6b\", \"sku\": \"W-ER001\", \"name\": \"Crystal Drop Earrings\", \"type\": \"product\", \"urls\": null, \"image\": \"/9j/4AAQSkZJRgABAQEAYABgAAD//gA7Q1JFQVRPUjogZ2QtanBlZyB2MS4wICh1c2luZyBJSkcgSlBFRyB2ODApLCBxdWFsaXR5ID0gODAK/9sAQwAGBAUGBQQGBgUGBwcGCAoQCgoJCQoUDg8MEBcUGBgXFBYWGh0lHxobIxwWFiAsICMmJykqKRkfLTAtKDAlKCko/9sAQwEHBwcKCAoTCgoTKBoWGigoKCgoKCgoKCgoKCgoKCgoKCgoKCgoKCgoKCgoKCgoKCgoKCgoKCgoKCgoKCgoKCgo/8AAEQgAMgAyAwEiAAIRAQMRAf/EAB8AAAEFAQEBAQEBAAAAAAAAAAABAgMEBQYHCAkKC//EALUQAAIBAwMCBAMFBQQEAAABfQECAwAEEQUSITFBBhNRYQcicRQygZGhCCNCscEVUtHwJDNicoIJChYXGBkaJSYnKCkqNDU2Nzg5OkNERUZHSElKU1RVVldYWVpjZGVmZ2hpanN0dXZ3eHl6g4SFhoeIiYqSk5SVlpeYmZqio6Slpqeoqaqys7S1tre4ubrCw8TFxsfIycrS09TV1tfY2drh4uPk5ebn6Onq8fLz9PX29/j5+v/EAB8BAAMBAQEBAQEBAQEAAAAAAAABAgMEBQYHCAkKC//EALURAAIBAgQEAwQHBQQEAAECdwABAgMRBAUhMQYSQVEHYXETIjKBCBRCkaGxwQkjM1LwFWJy0QoWJDThJfEXGBkaJicoKSo1Njc4OTpDREVGR0hJSlNUVVZXWFlaY2RlZmdoaWpzdHV2d3h5eoKDhIWGh4iJipKTlJWWl5iZmqKjpKWmp6ipqrKztLW2t7i5usLDxMXGx8jJytLT1NXW19jZ2uLj5OXm5+jp6vLz9PX29/j5+v/aAAwDAQACEQMRAD8A+qaKK4bxFrbR6pe2/wBomE0K/uoIzt529Tz83XOPpQB3NFZnhy6mu9KjkuMmQEruJB3AdDkcHI9Kfr9xNbaVNLb/AOsG0Z6YBIBOe3HegDQorgNB1k/2nYw+bci4mbZJE/z7+PvHBwvC7s/44rv6ACiiigArD8RWkEskLm0Msx6srbSVBHBPf+nWtuRxGjOxwqgkn2rir+7tNWt4NUjuhLHbSNE8UbKdrE7XBywA27TnOT8pxzQB2FkYzZwGFPLjKDamMbRjpUk20ROXXcu05GM5FVNPvobiR4YpFcxorZXpgj/P50++vI7VoFkcIZn2Anp/nt+NAGX4fgijuJXWzWFm+ZW3bto/u+3at6uGivNN006hrk14tvbxqIS7FQCo3MGyOgyW4OO5PWuysbgXdnDOowJFDY9PagCeiiigBk8YlgkjPR1K/mK85sPC1tm8ktkeKYZLqVZUY7mLAjpncSSep616TWbNaRT3hnC4IUqw3EBs45I6Z469fegDC8GaRNa6ne3wu/Ns5Y1ijiAGFKk5YHvn/D0qz420mbUorGaK5aGO0kaSVFAPmqVxg10cG3ywFXYB/D6UshAQkjPt60AedXnhmzksYbmeM3A3ExmNd6qpHXGedwxx64rvdLgNtp9vCwwyoMj0NVms4ftENy0S7k3YHJ6nP0zx/hWmDkZFABRRRQAHoag/hNFFACw/6xvpSXPWP/eoooAQfdNTp90UUUALRRRQB//Z\", \"amount\": 4, \"full_price\": \"79.96\", \"product_id\": \"9c42745d-f817-4e95-bea4-2ee94f90c1c6\", \"unit_price\": \"19.99\", \"final_price\": \"79.96\", \"unit_discount\": \"0.00\", \"total_discount\": \"0.00\", \"original_unit_price\": \"19.99\"}, {\"id\": \"9c427486-0fae-4c61-8237-2a0746b324b3\", \"sku\": \"W-ER003\", \"name\": \"Statement Tassel Earrings\", \"type\": \"product\", \"urls\": null, \"image\": \"/9j/4AAQSkZJRgABAQEAYABgAAD//gA7Q1JFQVRPUjogZ2QtanBlZyB2MS4wICh1c2luZyBJSkcgSlBFRyB2ODApLCBxdWFsaXR5ID0gODAK/9sAQwAGBAUGBQQGBgUGBwcGCAoQCgoJCQoUDg8MEBcUGBgXFBYWGh0lHxobIxwWFiAsICMmJykqKRkfLTAtKDAlKCko/9sAQwEHBwcKCAoTCgoTKBoWGigoKCgoKCgoKCgoKCgoKCgoKCgoKCgoKCgoKCgoKCgoKCgoKCgoKCgoKCgoKCgoKCgo/8AAEQgAMgAyAwEiAAIRAQMRAf/EAB8AAAEFAQEBAQEBAAAAAAAAAAABAgMEBQYHCAkKC//EALUQAAIBAwMCBAMFBQQEAAABfQECAwAEEQUSITFBBhNRYQcicRQygZGhCCNCscEVUtHwJDNicoIJChYXGBkaJSYnKCkqNDU2Nzg5OkNERUZHSElKU1RVVldYWVpjZGVmZ2hpanN0dXZ3eHl6g4SFhoeIiYqSk5SVlpeYmZqio6Slpqeoqaqys7S1tre4ubrCw8TFxsfIycrS09TV1tfY2drh4uPk5ebn6Onq8fLz9PX29/j5+v/EAB8BAAMBAQEBAQEBAQEAAAAAAAABAgMEBQYHCAkKC//EALURAAIBAgQEAwQHBQQEAAECdwABAgMRBAUhMQYSQVEHYXETIjKBCBRCkaGxwQkjM1LwFWJy0QoWJDThJfEXGBkaJicoKSo1Njc4OTpDREVGR0hJSlNUVVZXWFlaY2RlZmdoaWpzdHV2d3h5eoKDhIWGh4iJipKTlJWWl5iZmqKjpKWmp6ipqrKztLW2t7i5usLDxMXGx8jJytLT1NXW19jZ2uLj5OXm5+jp6vLz9PX29/j5+v/aAAwDAQACEQMRAD8A+qaiuZ1hXJxnGeTgAepPYVLWD46uZLbwxd+SgeWUCFQc4G44ycc8DNITdldm7G29FYgrkA4PUUtVtMuftum2t1gL58SSYBzjcAf61ZoGQRXIlnMajjbuBz2z6eh5x64NT1y+m6lJL491S0MaiIWyKrZOSYyCfb/ltjj+7XUUCTT2Cij86KBhXl3x+8Sjw/oGmKsQllnuwwQkD5UHOD2OWX8+/Q+o187/ALUGoRtrWh2LknyYzcAKSDuLYHPbhTmqgrsip8LPYPhheC+8B6PKrM22Hyju6/KSv9K6ivMv2f71bjwZNbLjFrdMo+hVW789Sa9B1m7Ww0i9vHOFggeU/wDAVJ/pRJa2Cm+aCZ4j4D8Ypq/xhuYlQpE09wiOp4kUglcj1wg/MfU+9V8bfDrUorTxrZXv8X26N3OTtO5gGwD9D+vpivsmnNWIou9/UKKKKg2CvlH9oN5bz4lhWwsULxxqTxkBEJ/VumP5V9XV558Vvh8vjCTSri2McVxbzqs7YGXhJAP1K9QPTP0N05KL1CyejOU/ZzedLvXYWRzAUhbeAdu75uPrhs/5OPQ/ircSW3gDV2hGXeNYgPXe6qf0Jra0DRrDQdNjsdLt0ggTk4HLt3Zj3Jx1q7cQRXMEkFxGksMilXRxkMD2Ioc7z5hQioqyPhvw9DKkFy6/NIZflC8Mc4A4HQ89M+3HNfb+mSSTadayzKySvEjOrDBBIGQfevOPh/8ACyz8Pa7qV/qCR3RW4LWO4AhE6hiD/EOnsQTyea9Qp1Jc1kJQUW2uoUUUVmUFFFFABRRRQAUUUUAJRRRQB//Z\", \"amount\": 8, \"full_price\": \"199.92\", \"product_id\": \"9c427461-679d-40f0-bc4a-7c3c30abd7af\", \"unit_price\": \"24.99\", \"final_price\": \"199.92\", \"unit_discount\": \"0.00\", \"total_discount\": \"0.00\", \"original_unit_price\": \"24.99\"}, {\"id\": \"9c427486-11da-4522-a8e1-dff8d29bd512\", \"sku\": \"W-HA002\", \"name\": \"Classic Fedora Hat\", \"type\": \"product\", \"urls\": null, \"image\": \"/9j/4AAQSkZJRgABAQEAYABgAAD//gA7Q1JFQVRPUjogZ2QtanBlZyB2MS4wICh1c2luZyBJSkcgSlBFRyB2ODApLCBxdWFsaXR5ID0gODAK/9sAQwAGBAUGBQQGBgUGBwcGCAoQCgoJCQoUDg8MEBcUGBgXFBYWGh0lHxobIxwWFiAsICMmJykqKRkfLTAtKDAlKCko/9sAQwEHBwcKCAoTCgoTKBoWGigoKCgoKCgoKCgoKCgoKCgoKCgoKCgoKCgoKCgoKCgoKCgoKCgoKCgoKCgoKCgoKCgo/8AAEQgAMgAyAwEiAAIRAQMRAf/EAB8AAAEFAQEBAQEBAAAAAAAAAAABAgMEBQYHCAkKC//EALUQAAIBAwMCBAMFBQQEAAABfQECAwAEEQUSITFBBhNRYQcicRQygZGhCCNCscEVUtHwJDNicoIJChYXGBkaJSYnKCkqNDU2Nzg5OkNERUZHSElKU1RVVldYWVpjZGVmZ2hpanN0dXZ3eHl6g4SFhoeIiYqSk5SVlpeYmZqio6Slpqeoqaqys7S1tre4ubrCw8TFxsfIycrS09TV1tfY2drh4uPk5ebn6Onq8fLz9PX29/j5+v/EAB8BAAMBAQEBAQEBAQEAAAAAAAABAgMEBQYHCAkKC//EALURAAIBAgQEAwQHBQQEAAECdwABAgMRBAUhMQYSQVEHYXETIjKBCBRCkaGxwQkjM1LwFWJy0QoWJDThJfEXGBkaJicoKSo1Njc4OTpDREVGR0hJSlNUVVZXWFlaY2RlZmdoaWpzdHV2d3h5eoKDhIWGh4iJipKTlJWWl5iZmqKjpKWmp6ipqrKztLW2t7i5usLDxMXGx8jJytLT1NXW19jZ2uLj5OXm5+jp6vLz9PX29/j5+v/aAAwDAQACEQMRAD8A6nFZOoa/p1ixWSfzJB/BENx/wFc7rWrXOoO0cTtDa9Ao4LD3/wAKw5LXA+Uc1aRKidBeeOo0LLaafJM45w0gXH14OKztP8ZXd3q6TRWsi6fsO+N2GA3sep5HpjFef34ZXunvrp0/esI4YjtJx0JP5Vp+F7yWXT4w7iWUZDtnqfWonLlWh9HkGWYfGYjkr3t/X9afeeo6Tr7Xt+IJokjVwdmCc59DW+RXlFzdpYx/armdbdIyCHY4we2PevRPDepNrOlwX6tEYJV+XZnJPQk+n0/WlF3OrirKcPgakJ4dpJrWN9fX5/oaOKKdRVnyBw4hJHSmtCAMn8639T0/7PKXjH7ljn/dPpWVcRFgqKcEnFXdWuapX2OJ1LQRNM09yyzAcgDIJP4dqWxvbaIiy07y2lztG0fKD6D1P0rrvHnheSPw6x0+ebzTaT3Ty9h5aqdvtncf++a8z+GN3Yw63pxvYk820mBfIPzLjAbgE+n+TXFUqcyvE+my/GzwMPZ0l78t32XRIpeKNEurm+F1c3cl1CrFWUjHlH0x2/ECvSfgus0NpeQeYWtQ2VU9m9fbj+Vdn8TNQ05/BN0m5VN5H5cRCbDIxGARnnj19q4H4MmbT7m70+4Z3jlQSQyMpAcrwcHv1FRRqOT1PLx8W3KUtW97nqm2il59qK7TyB7KGUqwBU8EGuZ1/SLpUMunAydymcMPp6101GaW6sVGTi7oq2d6J/BOoG64/wBHeN1bjBIKnNfOGn2ktv4ria3B3xFgGjPX5SMj8cYr6EuIPtcWtaeOfOh3qvqev8xXL+F/C6RP5sygyM53HHQAkY/SvPg+WTgexP34qfc5u10q81nxRpn/AAk073TynCwFycIOcn/AV9D6rounp4eijS3jRowDGQOVI6EV5YbR7f4h6adnBjOT6dP8f0r1/VJMWK56AVhVdpW7GkVdepxdFMZyWJ55NFemqiaPGdJp2Je9AoorQyKNn/yNB/69l/8AQmq5pSjzFGBjn+dFFef/AMvpHsw/gRILlR/wnVrwPuGu41YA28IIBBI4NFFYVf4j+RrT+BHKTKBM4AAAY4Aooor1Y7I8aW7P/9k=\", \"amount\": 9, \"full_price\": \"166.50\", \"product_id\": \"9c427465-39d5-4c6e-a3a2-867819f62e05\", \"unit_price\": \"18.50\", \"final_price\": \"166.50\", \"unit_discount\": \"0.00\", \"total_discount\": \"0.00\", \"original_unit_price\": \"18.50\"}, {\"id\": \"9c427486-190e-4911-ae85-b4556b4772f1\", \"sku\": \"M-TI001\", \"name\": \"Classic Silk Tie\", \"type\": \"product\", \"urls\": null, \"image\": \"/9j/4AAQSkZJRgABAQEAYABgAAD//gA7Q1JFQVRPUjogZ2QtanBlZyB2MS4wICh1c2luZyBJSkcgSlBFRyB2ODApLCBxdWFsaXR5ID0gODAK/9sAQwAGBAUGBQQGBgUGBwcGCAoQCgoJCQoUDg8MEBcUGBgXFBYWGh0lHxobIxwWFiAsICMmJykqKRkfLTAtKDAlKCko/9sAQwEHBwcKCAoTCgoTKBoWGigoKCgoKCgoKCgoKCgoKCgoKCgoKCgoKCgoKCgoKCgoKCgoKCgoKCgoKCgoKCgoKCgo/8AAEQgAMgAyAwEiAAIRAQMRAf/EAB8AAAEFAQEBAQEBAAAAAAAAAAABAgMEBQYHCAkKC//EALUQAAIBAwMCBAMFBQQEAAABfQECAwAEEQUSITFBBhNRYQcicRQygZGhCCNCscEVUtHwJDNicoIJChYXGBkaJSYnKCkqNDU2Nzg5OkNERUZHSElKU1RVVldYWVpjZGVmZ2hpanN0dXZ3eHl6g4SFhoeIiYqSk5SVlpeYmZqio6Slpqeoqaqys7S1tre4ubrCw8TFxsfIycrS09TV1tfY2drh4uPk5ebn6Onq8fLz9PX29/j5+v/EAB8BAAMBAQEBAQEBAQEAAAAAAAABAgMEBQYHCAkKC//EALURAAIBAgQEAwQHBQQEAAECdwABAgMRBAUhMQYSQVEHYXETIjKBCBRCkaGxwQkjM1LwFWJy0QoWJDThJfEXGBkaJicoKSo1Njc4OTpDREVGR0hJSlNUVVZXWFlaY2RlZmdoaWpzdHV2d3h5eoKDhIWGh4iJipKTlJWWl5iZmqKjpKWmp6ipqrKztLW2t7i5usLDxMXGx8jJytLT1NXW19jZ2uLj5OXm5+jp6vLz9PX29/j5+v/aAAwDAQACEQMRAD8A2/jv4vv7rxDcaNaXM0Wm2gEckce5UncjLF3BHC8DaSOjHniuJ0nX9Q0W7SCS8mWyUESM07lFZSOOzcg8jr0PA6SfEO7e38R6/K8cTTTalcx8sUdVDDGOm7njGSOB06ChDc6dfWV99jCwbBI6mQhPJUIAR7/M204/hVfSuKtO3vNHXRu/dT3X9eTO8tby+ju5Fubq4X7RGRFM8jFQQdvUnAOTjk9sZzwOO1PxB4mtpDHeXl3JErExrIWCNgnO3nkDBGfcYzmtTwBrNr/wjdtq8arc3IYobWFFhQSIAGlIGeuFwMA5LepqDVnnufDbq07alh0nbbkkR/MrLlgPmHJwDz2PXF0G3U5LX7+RyLEe77OW/l+v9XO2+EnxVxqUejazeSSRSEKj3Em8xEkAYfqVJI4bpnr2r6Br4h0bQ7i90U6i6K1s0rkKIthXGOR2YDAyATjJ9a+pfg14kfxH4JtTdNm/sv8ARbjJJLFR8rZIBORjn1zXdOEIaRlfp8yfaub95Wf5nc0UUVmUfNH7Qvhu3g1hdZ8gGG45kAcgiUY6DBB3YB/AmvEdOvXs7kSzbAkkUiMuDhcuW7Z64C57Z9q+6vFPh2x8Q6XNZahAs0MgwVP8wexr5k8c/BDVbC4uJPD91E9q7bisoPmAenofrgGs5Q5lY1pzULyOJ+GWuNbate6awxbXe2ZSpKskijGUYcKcHqeOMcZr09vP0m4htLlmvThmh/c5Lqg3Ko7tnGAvU5HXg14onh3WvD2t29xJJJFPE/yykZEeeNwHPIzkY5zyK940JbaWMy3UsVxdSgTmNwQQ5Y8gYzn5iNzgMcDgAAnDEJU/eauv1/T+uhjGM51EoddDlNE1Ce7ur7TrC2uIJbp/NjjyBvKkK3yFvlbIJyBnnPGOe++EepSeHvEclnqTmFruVbWSKRNpDgfKwOezErjHIYGvO/E19bX72c0FqkWpwSB5Cx+UYI9MEk7W+oPbinx6y91LBcyWsNq1nKGMMOeGXPO7klvmJz7j0zXTKhUqNVacfk9/l3uKrUjR0k72+7X8rH19RWf4fvG1DQdNvHILXFtHMSOhLKD/AFoqhp3NCqt7arMh4GatUUDPJPHvhWC7hdxEN30rxLRb6+8MeKDaXsziyeRwuSADG+MgE9+Mc+1fXt7Yx3KkMBzXl3xE+FVrr1vvgJhnGcMBkVNWnGrHlkONlJSa2dzybW9Caa1M+jkTWsp3NgFgCQfl55LZB57YORXNT2bxSMyBoWdASyxj5vXgj378571vTeD/ABz4Odn08S3lugIURtkgcnofqfzNFj4wWWRLfWtPjhuQqBlkiK7TkKeCPRc++T35pLFVcPbmV13/AMzWpToT20v+H9fM+ivB2oCHwjocRZspYwKePSNaK4ay1m8gs4IiVBjjVcCJsDAxRWMsXG+pqsFPp+R7XRRRXScgUUUUAQzRoRyin6iuW8T6Tp15bP8Aa7C0nwCR5sKtj8xRRSZRR07QtI/s+1/4ldh/ql/5d09B7UUUVwPc9FH/2Q==\", \"amount\": 7, \"full_price\": \"139.93\", \"product_id\": \"9c427468-ff76-487b-9d41-2c68977b3cf7\", \"unit_price\": \"17.99\", \"final_price\": \"125.93\", \"unit_discount\": \"2.00\", \"total_discount\": \"14.00\", \"original_unit_price\": \"19.99\"}, {\"id\": \"9c427486-16ac-48a1-9644-19f2be9bcd5e\", \"sku\": \"M-SG002\", \"name\": \"Sporty Wraparound Sunglasses\", \"type\": \"product\", \"urls\": null, \"image\": \"/9j/4AAQSkZJRgABAQEAYABgAAD//gA7Q1JFQVRPUjogZ2QtanBlZyB2MS4wICh1c2luZyBJSkcgSlBFRyB2ODApLCBxdWFsaXR5ID0gODAK/9sAQwAGBAUGBQQGBgUGBwcGCAoQCgoJCQoUDg8MEBcUGBgXFBYWGh0lHxobIxwWFiAsICMmJykqKRkfLTAtKDAlKCko/9sAQwEHBwcKCAoTCgoTKBoWGigoKCgoKCgoKCgoKCgoKCgoKCgoKCgoKCgoKCgoKCgoKCgoKCgoKCgoKCgoKCgoKCgo/8AAEQgAMgAyAwEiAAIRAQMRAf/EAB8AAAEFAQEBAQEBAAAAAAAAAAABAgMEBQYHCAkKC//EALUQAAIBAwMCBAMFBQQEAAABfQECAwAEEQUSITFBBhNRYQcicRQygZGhCCNCscEVUtHwJDNicoIJChYXGBkaJSYnKCkqNDU2Nzg5OkNERUZHSElKU1RVVldYWVpjZGVmZ2hpanN0dXZ3eHl6g4SFhoeIiYqSk5SVlpeYmZqio6Slpqeoqaqys7S1tre4ubrCw8TFxsfIycrS09TV1tfY2drh4uPk5ebn6Onq8fLz9PX29/j5+v/EAB8BAAMBAQEBAQEBAQEAAAAAAAABAgMEBQYHCAkKC//EALURAAIBAgQEAwQHBQQEAAECdwABAgMRBAUhMQYSQVEHYXETIjKBCBRCkaGxwQkjM1LwFWJy0QoWJDThJfEXGBkaJicoKSo1Njc4OTpDREVGR0hJSlNUVVZXWFlaY2RlZmdoaWpzdHV2d3h5eoKDhIWGh4iJipKTlJWWl5iZmqKjpKWmp6ipqrKztLW2t7i5usLDxMXGx8jJytLT1NXW19jZ2uLj5OXm5+jp6vLz9PX29/j5+v/aAAwDAQACEQMRAD8A+qaKKgvLy2soTNeXENvEOryuEUfiaAJ6K5638Z+H57mOGLUoz5r+XHKUdYZG7KspGwk9gDk10NABRRUD3tql7HZvcwLdyKXSAyAOyjqQvUigCeiiigDwz41+LfFWi+KBpunXotNLkto50aFAJHyWV13kEggqDkf3hWD4Y+JPgnSLj7V4i0TUzrCrkXc8xv8Ad7qzkbT/AMBH1r1D4y+EbjxLoUVzpcQl1Sx3GOLIBmjbG9ATwDlVIz3XHGc15L8Lvh5qWv6rqv8Abdpfabpn2GaylWeJomleTGAFYDIUgPnplVoA7fUfjX4dvbea1uPD2qXVnKpR45kgIcHsVMh4rK0L43eEfDUElnev4mWBpC1ul7Ckvkpx+7V1YllHbcSR0rx+70+/0G+uNI1tSmpWjFJM9HXPyuvqrDkH+oNavgKBLz4i+FFaJZtuoK+0jPRWOfwxn8KdgPoIeI/EviyNB4T0x9K06UAnVNTTaxU944ep9ieK1v8AhCrO2tkk04hdZFxFctqdwPNmlZSA29upBTcu0EABuMV1lFIAooooAKKKKAMLxR4R0HxTHEmv6bDeeVny3bKumeu11IYfgaoeFfh54Z8K373uiad5VyylRJLM8zKD1CtIWK59jXWUUAFFFFABRRRQAUUUUAFFFFABRRRQAUUUUAf/2Q==\", \"amount\": 9, \"full_price\": \"175.50\", \"product_id\": \"9c42746f-e905-4763-881f-0eefcb60f795\", \"unit_price\": \"17.50\", \"final_price\": \"157.50\", \"unit_discount\": \"2.00\", \"total_discount\": \"18.00\", \"original_unit_price\": \"19.50\"}, {\"id\": \"9c427486-07e0-4837-a687-28a802451e21\", \"sku\": \"M-BR003\", \"name\": \"Beaded Charm Bracelet\", \"type\": \"product\", \"urls\": null, \"image\": \"/9j/4AAQSkZJRgABAQEAYABgAAD//gA7Q1JFQVRPUjogZ2QtanBlZyB2MS4wICh1c2luZyBJSkcgSlBFRyB2ODApLCBxdWFsaXR5ID0gODAK/9sAQwAGBAUGBQQGBgUGBwcGCAoQCgoJCQoUDg8MEBcUGBgXFBYWGh0lHxobIxwWFiAsICMmJykqKRkfLTAtKDAlKCko/9sAQwEHBwcKCAoTCgoTKBoWGigoKCgoKCgoKCgoKCgoKCgoKCgoKCgoKCgoKCgoKCgoKCgoKCgoKCgoKCgoKCgoKCgo/8AAEQgAMgAyAwEiAAIRAQMRAf/EAB8AAAEFAQEBAQEBAAAAAAAAAAABAgMEBQYHCAkKC//EALUQAAIBAwMCBAMFBQQEAAABfQECAwAEEQUSITFBBhNRYQcicRQygZGhCCNCscEVUtHwJDNicoIJChYXGBkaJSYnKCkqNDU2Nzg5OkNERUZHSElKU1RVVldYWVpjZGVmZ2hpanN0dXZ3eHl6g4SFhoeIiYqSk5SVlpeYmZqio6Slpqeoqaqys7S1tre4ubrCw8TFxsfIycrS09TV1tfY2drh4uPk5ebn6Onq8fLz9PX29/j5+v/EAB8BAAMBAQEBAQEBAQEAAAAAAAABAgMEBQYHCAkKC//EALURAAIBAgQEAwQHBQQEAAECdwABAgMRBAUhMQYSQVEHYXETIjKBCBRCkaGxwQkjM1LwFWJy0QoWJDThJfEXGBkaJicoKSo1Njc4OTpDREVGR0hJSlNUVVZXWFlaY2RlZmdoaWpzdHV2d3h5eoKDhIWGh4iJipKTlJWWl5iZmqKjpKWmp6ipqrKztLW2t7i5usLDxMXGx8jJytLT1NXW19jZ2uLj5OXm5+jp6vLz9PX29/j5+v/aAAwDAQACEQMRAD8A+qaKKKQBRRRQAUUUUAFFFFAHNePPGWneDdLS61DfJNKSsECD5pSMZ57AZGTXi8vjj4neN7nHg+xWz090kQTCMKuexLPkhu3y45rtP2g/Cd74j0O0utM+a808uyRHJEisBuAA/i+UY/GvHfBPxC8c6NpkGn2VpcmD7UY0Eln5jqE+8nqTk4wSDngY6VpFK3mSzvovh18UtRhd9T8ZGB5YY1MS3D4UhgSDtGDwOowSSfxvf8Kx8exLO9t47mE0s0UhcyP8wXOc8c9sduOc9qng74u674i8YX2h6hpMUEYSTcoibdAVP3Wz1zyDkDn8q2/EfxJsvh5pu2az+0NIR5NrEREqjBJOeQBx0A7isZVnGoqZagnHmOb1G1+NHhWHz7e+i1qCPzZHB2yfQAHDHjBA7cjHr13wn+Kv/CU3MWja5Zmz1sBhlfuSlRluDyjcE456de1cRrP7ScIDJpWjAEx43zyFtj4BJ2gDKjJxyM47dKz/AIRWGs+LfiTD4puIpLe0T/SWkCbVdzlBGO3AHJ7dD1rbdakbbH05RRRWZQjorjDqGHoRWDeeD9Bu/NMmmwJJKctJEuxyfXcMGt+igDlIPAml2wxZXGo2wJywjumIY9shsg1l+JPhZpHiO3EGq3+qSxg7gPMQYPqMJXf0UuVXv1Hfoec6T8GPBWnTrL/ZZumWPy1F1IZFVfZTx+ld7p9haadax21hbQ21vGu1I4kCqo9ABVmimIKKKKACiiigAooooAKKKKACiiigD//Z\", \"amount\": 9, \"full_price\": \"224.91\", \"product_id\": \"9c427476-fc83-4e6d-9208-28e308d4e179\", \"unit_price\": \"22.99\", \"final_price\": \"206.91\", \"unit_discount\": \"2.00\", \"total_discount\": \"18.00\", \"original_unit_price\": \"24.99\"}]','{\"id\": \"9c4273eb-fd8e-47f4-a83d-9386a32ee3e1\", \"code\": \"JS8WQPFZWW\", \"slug\": \"2-off-1\", \"type\": 2, \"value\": \"£2\", \"amount\": 2, \"enabled\": true, \"created_at\": \"2024-06-11T07:51:06.000000Z\", \"deleted_at\": null, \"updated_at\": \"2024-06-11T07:51:06.000000Z\", \"valid_from\": \"2023-10-12T08:00:00.000000Z\", \"valid_until\": \"2024-10-12T08:00:00.000000Z\"}','{\"id\": \"9c4273ef-4fcb-44a3-9a91-a433a1377538\", \"name\": {\"de\": \"Übernacht-Zustellung\", \"en\": \"Overnight delivery\", \"fr\": \"Livraison le lendemain\"}, \"slug\": \"overnight-1\", \"price\": 11.99, \"enabled\": true, \"created_at\": \"2024-06-11T07:51:08.000000Z\", \"deleted_at\": null, \"updated_at\": \"2024-06-11T07:51:08.000000Z\", \"description\": {\"de\": \"DPD Overnight (1 Tag)\", \"en\": \"DPD overnight (1 day)\", \"fr\": \"DPD nuit (1 jour)\"}, \"enabled_by_default_on_creation\": true}','{\"delivery\": 11.99, \"subtotal\": 2544.17, \"total_payable\": 2554.16, \"applied_discount\": 40.01}',1,'mr-roland-treiber-port-gordonmouth',NULL,'2024-06-11 07:52:49','2024-06-11 07:52:49'),('9c42748a-458a-427d-891f-c0a04e2112aa','9c4273cd-3f08-426c-af71-a317e6c7ce0d','9c427485-2f10-4fa8-8762-26382cfa6ff3','{\"id\": \"9c427485-0d4a-4774-8042-2ed1e598c9af\", \"lat\": \"46.151568\", \"lon\": \"175.665827\", \"name\": null, \"slug\": \"jordan-adams-cooperview\", \"town\": \"Cooperview\", \"country\": \"UK\", \"user_id\": \"9c4273cd-3f08-426c-af71-a317e6c7ce0d\", \"post_code\": \"BR6 9XJ\", \"created_at\": \"2024-06-11T07:52:46.000000Z\", \"deleted_at\": null, \"updated_at\": \"2024-06-11T07:52:46.000000Z\", \"address_line_1\": \"Flat 76 Sarah Heights\", \"address_line_2\": null, \"google_maps_url\": \"https://www.google.com/maps/@46.151568,175.665827,14z\"}','{\"amount\": \"1867.49\", \"source\": {\"id\": \"9c427485-1b52-4d44-84bb-f14ca52cbd46\", \"name\": \"impedit tempora\", \"slug\": \"adams-impedit-tempora\", \"brand\": \"american express\", \"user_id\": \"9c4273cd-3f08-426c-af71-a317e6c7ce0d\", \"exp_year\": \"2024\", \"exp_month\": \"2\", \"last_four\": \"1915\", \"source_id\": \"nrjPaXiwSHJbkLa9A2FEZ3Pg4P0bKIEdOOi06TdD90TlvX3Ray14vgN2Yq3rbt5oqoOMTg2dL4WxOovbP3hk3VIAaoDs5qxnHvigHSPpjQCgOizYSvbIl3WD4bhfCt2TKpLqFPJrbPcVvwRCoepjWD\", \"created_at\": \"2024-06-11T07:52:46.000000Z\", \"deleted_at\": null, \"updated_at\": \"2024-06-11T07:52:46.000000Z\", \"stripe_user_id\": \"t2xzfMnZBTaRdMqrwMYjJi3H8XbVSv1MDmL5z0m6q1uk5WW8nS7GkYG7faIIk7awaYJEPd2sIxTN6PJnw8AJ9odNyzw7z2zlUAsoqtKnrLPwOstrpVuiFhp1\", \"payment_method_id\": 3}, \"created_at\": \"11-06-2024 07:52\", \"payment_ref\": \"HdN21mWz9Y\"}','[{\"id\": \"9c427486-4f2e-4282-95a3-73fb45f2d59c\", \"sku\": \"M-TR003\", \"name\": \"Sporty Track Pants - (Size) XL\", \"type\": \"product_variant\", \"urls\": null, \"image\": \"/9j/4AAQSkZJRgABAQEAYABgAAD//gA7Q1JFQVRPUjogZ2QtanBlZyB2MS4wICh1c2luZyBJSkcgSlBFRyB2ODApLCBxdWFsaXR5ID0gODAK/9sAQwAGBAUGBQQGBgUGBwcGCAoQCgoJCQoUDg8MEBcUGBgXFBYWGh0lHxobIxwWFiAsICMmJykqKRkfLTAtKDAlKCko/9sAQwEHBwcKCAoTCgoTKBoWGigoKCgoKCgoKCgoKCgoKCgoKCgoKCgoKCgoKCgoKCgoKCgoKCgoKCgoKCgoKCgoKCgo/8AAEQgAMgAyAwEiAAIRAQMRAf/EAB8AAAEFAQEBAQEBAAAAAAAAAAABAgMEBQYHCAkKC//EALUQAAIBAwMCBAMFBQQEAAABfQECAwAEEQUSITFBBhNRYQcicRQygZGhCCNCscEVUtHwJDNicoIJChYXGBkaJSYnKCkqNDU2Nzg5OkNERUZHSElKU1RVVldYWVpjZGVmZ2hpanN0dXZ3eHl6g4SFhoeIiYqSk5SVlpeYmZqio6Slpqeoqaqys7S1tre4ubrCw8TFxsfIycrS09TV1tfY2drh4uPk5ebn6Onq8fLz9PX29/j5+v/EAB8BAAMBAQEBAQEBAQEAAAAAAAABAgMEBQYHCAkKC//EALURAAIBAgQEAwQHBQQEAAECdwABAgMRBAUhMQYSQVEHYXETIjKBCBRCkaGxwQkjM1LwFWJy0QoWJDThJfEXGBkaJicoKSo1Njc4OTpDREVGR0hJSlNUVVZXWFlaY2RlZmdoaWpzdHV2d3h5eoKDhIWGh4iJipKTlJWWl5iZmqKjpKWmp6ipqrKztLW2t7i5usLDxMXGx8jJytLT1NXW19jZ2uLj5OXm5+jp6vLz9PX29/j5+v/aAAwDAQACEQMRAD8A+qaKKKAPi34l/Grxg/jTWrbRdcmtNKt7qSK3SKOMHap253bcnOM8nvWT4Y+NHjOy8Q6bcanr13dWEc6GeGUgrJHn5gcD0zXmN87m+naU5dnbcT65qexjimWYz3Cw+XEXXKljI3ACjHc56njg0AfpeCGAKkEHkEUVR0F1l0LTpEOVe2jYH1BUVeoAKKKKACiiigD83PiDp7aT408Qafg5tr+eIe4EhA/TFUNSsbrSdSu9Pv4zFd2srQyof4WU4I/MV6Z8dbNLL9oLUkKjypbu2mIx13JGW/UmtL9rDw7/AGP8TTqMSbbfV7dZ8gceYvyOPyCn/gVAH174OOfCOhn/AKcYP/Ra1r1yvwovhqPwz8LXO4MzabArEf3lQK36g11VABRRRQAUUUUAfGP7Rtq9x+0BDDGCHuBZqp9ScKK9N/bL0+KXwNouokDz7fUfIU99skbFh+ca/lWJ8VvC+ual+0p4c1CLRr+XSUuLHddxQM8W1JAWLMAQuOc5x611P7YiM3wssivRNViY/Ty5R/WgDe/Zgnkm+DGiiQ58p7iNT7ec5/rXqteR/srSb/g1pg/uXFwv/kQn+teuUAFFFFABRRRQAVDd2tveQmG8giuIiclJUDqT9DRRQA63ghtoVitoo4Yl6JGoUD8BUlFFABRRRQB//9k=\", \"amount\": 6, \"full_price\": \"137.94\", \"product_id\": \"9c427407-0bb8-4bb4-97cd-ba830bdf6728\", \"unit_price\": \"22.99\", \"final_price\": \"137.94\", \"unit_discount\": \"0.00\", \"total_discount\": \"0.00\", \"product_variant_id\": \"9c42747d-2386-4e6a-b686-b4de293bf7eb\", \"original_unit_price\": \"22.99\"}, {\"id\": \"9c427486-3da4-4d1e-a94e-5ed5a2e8b61d\", \"sku\": \"M-SK002\", \"name\": \"Sporty Ankle Socks - (Size) 10\", \"type\": \"product_variant\", \"urls\": null, \"image\": \"/9j/4AAQSkZJRgABAQEAYABgAAD//gA7Q1JFQVRPUjogZ2QtanBlZyB2MS4wICh1c2luZyBJSkcgSlBFRyB2ODApLCBxdWFsaXR5ID0gODAK/9sAQwAGBAUGBQQGBgUGBwcGCAoQCgoJCQoUDg8MEBcUGBgXFBYWGh0lHxobIxwWFiAsICMmJykqKRkfLTAtKDAlKCko/9sAQwEHBwcKCAoTCgoTKBoWGigoKCgoKCgoKCgoKCgoKCgoKCgoKCgoKCgoKCgoKCgoKCgoKCgoKCgoKCgoKCgoKCgo/8AAEQgAMgAyAwEiAAIRAQMRAf/EAB8AAAEFAQEBAQEBAAAAAAAAAAABAgMEBQYHCAkKC//EALUQAAIBAwMCBAMFBQQEAAABfQECAwAEEQUSITFBBhNRYQcicRQygZGhCCNCscEVUtHwJDNicoIJChYXGBkaJSYnKCkqNDU2Nzg5OkNERUZHSElKU1RVVldYWVpjZGVmZ2hpanN0dXZ3eHl6g4SFhoeIiYqSk5SVlpeYmZqio6Slpqeoqaqys7S1tre4ubrCw8TFxsfIycrS09TV1tfY2drh4uPk5ebn6Onq8fLz9PX29/j5+v/EAB8BAAMBAQEBAQEBAQEAAAAAAAABAgMEBQYHCAkKC//EALURAAIBAgQEAwQHBQQEAAECdwABAgMRBAUhMQYSQVEHYXETIjKBCBRCkaGxwQkjM1LwFWJy0QoWJDThJfEXGBkaJicoKSo1Njc4OTpDREVGR0hJSlNUVVZXWFlaY2RlZmdoaWpzdHV2d3h5eoKDhIWGh4iJipKTlJWWl5iZmqKjpKWmp6ipqrKztLW2t7i5usLDxMXGx8jJytLT1NXW19jZ2uLj5OXm5+jp6vLz9PX29/j5+v/aAAwDAQACEQMRAD8A+qay/E+u2HhnQbzWNWl8qytU3uQMk9gAO5JIAHvWpXxF+0RqE+pfFPXIlvLiezt5EjiheQskTLGocKDwPmDdKAPqLwt8V/CniGHSPJ1AW17qjMkFlP8A64MGIwwXIXOOMnmu7r82ra6uLO6W4gkdLmMDy5FbaYyOhBHQiux8IfE3xP4X0qTTPD9/5Ru7n7TLI0Qkff0IBYEc4GeOw560AfelFeJ+DPj/AKRr/iQabeWa6bZLbmR7+5uFVfMVcsNuMBTzg7snjjmvVvDPiPSfFGmf2hoN7He2e9ojIgIww6gggEdR+YoA1qKKKAOa8aeM9K8KadPPeytLdIhaO0hUvJI2OBgA4z6nAr4W1a6m1PVLy9u8i6uJnmlyMEsxLH9TX2F8VPBj6hnU9Fs7i41GV1WcRz7fkC4DBScZ4Ucfka+a/E/hWWZ/PsIbue7Y5dpLhCv055qk7CaucC8YOFYYqtJAc5H3frWlMjQzPDcqElQ4YelMkhZQO47j0qL9y5JLZmWHZY3jUqFbGcda96/Zr8Tajod+1o5I8P3BzKrrjEpwN6/QAA+v4ceJsBzXvvwM0GfxBaWNtNAY4IF82aXP/LMsdowe7Dp2wM+1Mk+oaKKKACvLPiB8N47ny7nw3Y2EX+sN1FKzAODggqOVGMNxgda9TooA+Kte8Ow31so06HS7dsbjLllI79hj8TXB3AazunglljnK8b4m3D86+zPHXw7TUhBP4Yh03T7pWbzgY/LWUHHUqDggj05zXDTfCHxBdq0d1HoLqe7yO3/tOhpMTVz530Swj1nV4LUvst+ZJ5OAUjXqc9vT6kV9v/DfQV8PeE7O1MQiuJFEsy4A2sR93AOOBgcccEjrXmvgj4HPo+sW1/ql7ZYhKuYbWIkOwx1Y4wMjPTnJFe4IoVQBk/WoUWpN30IjFqTd9BaKKKs0CiiigAooooAKKKKACiiigD//2Q==\", \"amount\": 7, \"full_price\": \"101.50\", \"product_id\": \"9c42740a-d67a-48f4-9927-04e9464288f4\", \"unit_price\": \"14.50\", \"final_price\": \"101.50\", \"unit_discount\": \"0.00\", \"total_discount\": \"0.00\", \"product_variant_id\": \"9c42747d-3ab4-40f6-9f92-e646a9c60fdb\", \"original_unit_price\": \"14.50\"}, {\"id\": \"9c427486-3533-4b3e-94cb-836d186e9cc9\", \"sku\": \"W-J002\", \"name\": \"Casual V-Neck Jumper - (Size) S\", \"type\": \"product_variant\", \"urls\": null, \"image\": \"/9j/4AAQSkZJRgABAQEAYABgAAD//gA7Q1JFQVRPUjogZ2QtanBlZyB2MS4wICh1c2luZyBJSkcgSlBFRyB2ODApLCBxdWFsaXR5ID0gODAK/9sAQwAGBAUGBQQGBgUGBwcGCAoQCgoJCQoUDg8MEBcUGBgXFBYWGh0lHxobIxwWFiAsICMmJykqKRkfLTAtKDAlKCko/9sAQwEHBwcKCAoTCgoTKBoWGigoKCgoKCgoKCgoKCgoKCgoKCgoKCgoKCgoKCgoKCgoKCgoKCgoKCgoKCgoKCgoKCgo/8AAEQgAMgAyAwEiAAIRAQMRAf/EAB8AAAEFAQEBAQEBAAAAAAAAAAABAgMEBQYHCAkKC//EALUQAAIBAwMCBAMFBQQEAAABfQECAwAEEQUSITFBBhNRYQcicRQygZGhCCNCscEVUtHwJDNicoIJChYXGBkaJSYnKCkqNDU2Nzg5OkNERUZHSElKU1RVVldYWVpjZGVmZ2hpanN0dXZ3eHl6g4SFhoeIiYqSk5SVlpeYmZqio6Slpqeoqaqys7S1tre4ubrCw8TFxsfIycrS09TV1tfY2drh4uPk5ebn6Onq8fLz9PX29/j5+v/EAB8BAAMBAQEBAQEBAQEAAAAAAAABAgMEBQYHCAkKC//EALURAAIBAgQEAwQHBQQEAAECdwABAgMRBAUhMQYSQVEHYXETIjKBCBRCkaGxwQkjM1LwFWJy0QoWJDThJfEXGBkaJicoKSo1Njc4OTpDREVGR0hJSlNUVVZXWFlaY2RlZmdoaWpzdHV2d3h5eoKDhIWGh4iJipKTlJWWl5iZmqKjpKWmp6ipqrKztLW2t7i5usLDxMXGx8jJytLT1NXW19jZ2uLj5OXm5+jp6vLz9PX29/j5+v/aAAwDAQACEQMRAD8A6/yuaS4aK1t3nuJFjiQZZmOABWkIcmvJ/jFqV0skdnau3l85UDgn2Pcj8h9aJS5UXGPM7FHVPFl54m8RW+i6JOLS3mk2ecW2kr/E7HsoGTx6V1PjnwrP8NtCXXNP8Sy6jmSNLi3lxhd3RgMnj2PPvXkHgG5OheObGfWLaKSGYNH5Vym5Rkcbh9cV7P8AGTxBHpHw6tIWtNNmudTjS28xIgcKi8nIJ6ZXA7Zz7VzuclI6lCLjcv8AhXXbXxFpyz2xCyrxJH3U/wBR71rNF7V4V8MHu7G/iltjuhccH0PdT/n+VfQ6w7kVsdRmuiMr6HNOHLqjJ8o0VqeR7UVRmaSwe1cd418P2Ec0WsXW5mQhAh6EnoPYDBPFejLD7Vx/xbj8rwjvGeJ1/wDQWppKTSY1JrY4C00nSJdZGo3GnRXUoGF3MePpzjNdrrs+ma/oaaXe6Lavap80aMM+X7qRgqevIrzPwRrpubC2MiF22AMxPU9D+tdc2obJFZVwK09hBvmsNVZJWuaPhDw5pNpNLbW1t5SyAMqZLBSDkEE5IPFdy1vx0rkvC16t34qWNB0wh/74z/WvR2tvapnFRehN29zC+z0VtfZvaioAnSPnpXD/ABrYReDFT+OS4QD8AxNeiJHzXlf7RU8Ft4c0sTsw8y5KAIMsQRg4HfqKqHxITPG/AqbNNBiUgeY5J9fmPSu1mBNsWHVea4bR/Eeh6ZBFZzNPD5ShQX2c49dpPNdNp3ijSLj/AFDTTJ0YCFmGPwFdKEdb4PBg8ew+Ww8p5Yz/AN9xqf617e8PtXgXg+4tH8caU9lL5kMksOcggo28rtOfYLX0Y8YrCruhozPK9qKveWPSishlNK8M/ayJGi+G8HH+mN/JaKKun8SFLY+dIfmxu+bnvzT4/lj3Lwy4wR1FFFei9jhW57h8M5Hn1TwZJM7SSMxyznJOJxjJPpX1E9FFcFXc7o7EVFFFZDP/2Q==\", \"amount\": 7, \"full_price\": \"150.50\", \"product_id\": \"9c42741b-fbd5-4310-856c-6e9d03e2615e\", \"unit_price\": \"21.50\", \"final_price\": \"150.50\", \"unit_discount\": \"0.00\", \"total_discount\": \"0.00\", \"product_variant_id\": \"9c42747d-97ea-4409-9928-8253082881b2\", \"original_unit_price\": \"21.50\"}, {\"id\": \"9c427486-3789-42f7-bddf-ac7299ecf557\", \"sku\": \"W-TR001\", \"name\": \"Classic Dress Trousers - (Size) L\", \"type\": \"product_variant\", \"urls\": null, \"image\": \"/9j/4AAQSkZJRgABAQEAYABgAAD//gA7Q1JFQVRPUjogZ2QtanBlZyB2MS4wICh1c2luZyBJSkcgSlBFRyB2ODApLCBxdWFsaXR5ID0gODAK/9sAQwAGBAUGBQQGBgUGBwcGCAoQCgoJCQoUDg8MEBcUGBgXFBYWGh0lHxobIxwWFiAsICMmJykqKRkfLTAtKDAlKCko/9sAQwEHBwcKCAoTCgoTKBoWGigoKCgoKCgoKCgoKCgoKCgoKCgoKCgoKCgoKCgoKCgoKCgoKCgoKCgoKCgoKCgoKCgo/8AAEQgAMgAyAwEiAAIRAQMRAf/EAB8AAAEFAQEBAQEBAAAAAAAAAAABAgMEBQYHCAkKC//EALUQAAIBAwMCBAMFBQQEAAABfQECAwAEEQUSITFBBhNRYQcicRQygZGhCCNCscEVUtHwJDNicoIJChYXGBkaJSYnKCkqNDU2Nzg5OkNERUZHSElKU1RVVldYWVpjZGVmZ2hpanN0dXZ3eHl6g4SFhoeIiYqSk5SVlpeYmZqio6Slpqeoqaqys7S1tre4ubrCw8TFxsfIycrS09TV1tfY2drh4uPk5ebn6Onq8fLz9PX29/j5+v/EAB8BAAMBAQEBAQEBAQEAAAAAAAABAgMEBQYHCAkKC//EALURAAIBAgQEAwQHBQQEAAECdwABAgMRBAUhMQYSQVEHYXETIjKBCBRCkaGxwQkjM1LwFWJy0QoWJDThJfEXGBkaJicoKSo1Njc4OTpDREVGR0hJSlNUVVZXWFlaY2RlZmdoaWpzdHV2d3h5eoKDhIWGh4iJipKTlJWWl5iZmqKjpKWmp6ipqrKztLW2t7i5usLDxMXGx8jJytLT1NXW19jZ2uLj5OXm5+jp6vLz9PX29/j5+v/aAAwDAQACEQMRAD8A7yGOrZUiNivUDIpkK1YkU+RJjOdpxjr0qgPlXw54JvfEujC6tYpWmmuDI0gXdwq8dSPvMzd/4a7jRvgpq2oQzB5XRgdhRkjXPH97zD7dj1r0n4U6RZ213dabptzcJbW8CIqE7grEbmPPqWP4YrqNNk1CLVNT01Z4Umgfh87i5KKRwR8o6dz3+tQ8RNN8rsmdKwsLWmrtepzXhb+0n8OWa65az2upRKYp0mTaSykruHYg4zkcc1ZuE4rbuoHhPlSvvdOCdxPPU8nnrmsu4Wne+pzySi7Io7T6UVPtooEbUNXIhVCFxV2JxVMDP8OWtvpfjR4rVDHFPbB9u4kBtzZwD0HTgcVn2jNH8TNbYHh/LfGf9gD+lP1iSS08SWl7AzF/IZNpPykZ/wDrj8qpWVyz/EHUYwwO+CN246EKB/7MKwlud1O/Ld9jpbnLszHqTms64WtKUiqFxg1qcJV2e1FTgCigCeKBverkUDe9XRo98p+Xy2/GrUFlfxn5rZHHtIKsRzmu26wxQ3MzBVjJXLHA+Yf4gVznhW1e88X3moQjfbXUW6KVehUEDH1+WtL412viO48L2lp4d068N3Jdxsz2/wA+FUE4OOnzBeTxVL4D6hd3Oqaro+p6VLaPaKJId8bKUGcFWzxn5hjHoazcbu50wqWg0/M7RtMkPrUEmjO3Y1362a/3akFip/hFWcx5z/YsnoaK9G+wL/doo0AorUsdFFAEh6VNB1oooGWUqVaKKTAdRRRSA//Z\", \"amount\": 7, \"full_price\": \"209.93\", \"product_id\": \"9c42741f-c8c5-4197-b78a-2aec13df1767\", \"unit_price\": \"29.99\", \"final_price\": \"209.93\", \"unit_discount\": \"0.00\", \"total_discount\": \"0.00\", \"product_variant_id\": \"9c42747d-b1ce-4f44-b6c7-4c16127430ff\", \"original_unit_price\": \"29.99\"}, {\"id\": \"9c427486-3286-4b2a-aa84-df370dc0a7e9\", \"sku\": \"W-BO003\", \"name\": \"Fashion Knee-High Boots - (Size) 8\", \"type\": \"product_variant\", \"urls\": null, \"image\": \"/9j/4AAQSkZJRgABAQEAYABgAAD//gA7Q1JFQVRPUjogZ2QtanBlZyB2MS4wICh1c2luZyBJSkcgSlBFRyB2ODApLCBxdWFsaXR5ID0gODAK/9sAQwAGBAUGBQQGBgUGBwcGCAoQCgoJCQoUDg8MEBcUGBgXFBYWGh0lHxobIxwWFiAsICMmJykqKRkfLTAtKDAlKCko/9sAQwEHBwcKCAoTCgoTKBoWGigoKCgoKCgoKCgoKCgoKCgoKCgoKCgoKCgoKCgoKCgoKCgoKCgoKCgoKCgoKCgoKCgo/8AAEQgAMgAyAwEiAAIRAQMRAf/EAB8AAAEFAQEBAQEBAAAAAAAAAAABAgMEBQYHCAkKC//EALUQAAIBAwMCBAMFBQQEAAABfQECAwAEEQUSITFBBhNRYQcicRQygZGhCCNCscEVUtHwJDNicoIJChYXGBkaJSYnKCkqNDU2Nzg5OkNERUZHSElKU1RVVldYWVpjZGVmZ2hpanN0dXZ3eHl6g4SFhoeIiYqSk5SVlpeYmZqio6Slpqeoqaqys7S1tre4ubrCw8TFxsfIycrS09TV1tfY2drh4uPk5ebn6Onq8fLz9PX29/j5+v/EAB8BAAMBAQEBAQEBAQEAAAAAAAABAgMEBQYHCAkKC//EALURAAIBAgQEAwQHBQQEAAECdwABAgMRBAUhMQYSQVEHYXETIjKBCBRCkaGxwQkjM1LwFWJy0QoWJDThJfEXGBkaJicoKSo1Njc4OTpDREVGR0hJSlNUVVZXWFlaY2RlZmdoaWpzdHV2d3h5eoKDhIWGh4iJipKTlJWWl5iZmqKjpKWmp6ipqrKztLW2t7i5usLDxMXGx8jJytLT1NXW19jZ2uLj5OXm5+jp6vLz9PX29/j5+v/aAAwDAQACEQMRAD8A+qaCQoJPAHJoqC+z9huNuc+W2MfSgD518a/GnxNpWuQW9imniGQbirQkkc+u6vZPh/4jvfEFvcG/jgR4ljYGEEA7t3Yk/wB2vkn4gHd4otz1Hlhv1FfUPweUfYLx/VYl/Rj/AFrKLbZ6FelCNK6Wp6FRRRWp54UUUUAFBGRg9KKKAPiD4lwm28YRwYwYgYiPcPg/yr6e+DHOg3jdxMqflGh/9mr52+N0Qg+JU4X+KeRvxLk/1r6J+DB26FfRk/P9oVz9DEg/9lNZR+I9Ku70bnoNFFFanmhRRRQAUUUUAfFHxB1SLXPEV1eo2JjIz4I+6Sc4r2j4L+JY0e3WZgI71Ehdiekg+7+ZJH1YVxnw0+H2meJfGfxE0vV1kH2a6xbTRuQ0LeZICR2PQcHisO+03U/hl4hm0rWFaewmO6GaMELIv95fQ+o6g/gTlZp3PSU4VI+zPr6ivE/DHxVvpWhtoom1pRgYgtpGnx7lQQT74Hv617YOlaJ3OCdNwdmFFFFMgKKKKAAAAkgDJpskaSgCRFcDkBhmiigBVUKMKAB6CloooAKKKKAP/9k=\", \"amount\": 8, \"full_price\": \"239.92\", \"product_id\": \"9c42743a-34af-4ae7-9298-273fbd731492\", \"unit_price\": \"29.99\", \"final_price\": \"239.92\", \"unit_discount\": \"0.00\", \"total_discount\": \"0.00\", \"product_variant_id\": \"9c42747e-52e2-435b-8bf8-3629f68206ff\", \"original_unit_price\": \"29.99\"}, {\"id\": \"9c427486-476a-4174-9faa-149ead7becf1\", \"sku\": \"W-PS002\", \"name\": \"Chunky Heel Platform Sandals - (Size) 8.5\", \"type\": \"product_variant\", \"urls\": null, \"image\": \"/9j/4AAQSkZJRgABAQEAYABgAAD//gA7Q1JFQVRPUjogZ2QtanBlZyB2MS4wICh1c2luZyBJSkcgSlBFRyB2ODApLCBxdWFsaXR5ID0gODAK/9sAQwAGBAUGBQQGBgUGBwcGCAoQCgoJCQoUDg8MEBcUGBgXFBYWGh0lHxobIxwWFiAsICMmJykqKRkfLTAtKDAlKCko/9sAQwEHBwcKCAoTCgoTKBoWGigoKCgoKCgoKCgoKCgoKCgoKCgoKCgoKCgoKCgoKCgoKCgoKCgoKCgoKCgoKCgoKCgo/8AAEQgAMgAyAwEiAAIRAQMRAf/EAB8AAAEFAQEBAQEBAAAAAAAAAAABAgMEBQYHCAkKC//EALUQAAIBAwMCBAMFBQQEAAABfQECAwAEEQUSITFBBhNRYQcicRQygZGhCCNCscEVUtHwJDNicoIJChYXGBkaJSYnKCkqNDU2Nzg5OkNERUZHSElKU1RVVldYWVpjZGVmZ2hpanN0dXZ3eHl6g4SFhoeIiYqSk5SVlpeYmZqio6Slpqeoqaqys7S1tre4ubrCw8TFxsfIycrS09TV1tfY2drh4uPk5ebn6Onq8fLz9PX29/j5+v/EAB8BAAMBAQEBAQEBAQEAAAAAAAABAgMEBQYHCAkKC//EALURAAIBAgQEAwQHBQQEAAECdwABAgMRBAUhMQYSQVEHYXETIjKBCBRCkaGxwQkjM1LwFWJy0QoWJDThJfEXGBkaJicoKSo1Njc4OTpDREVGR0hJSlNUVVZXWFlaY2RlZmdoaWpzdHV2d3h5eoKDhIWGh4iJipKTlJWWl5iZmqKjpKWmp6ipqrKztLW2t7i5usLDxMXGx8jJytLT1NXW19jZ2uLj5OXm5+jp6vLz9PX29/j5+v/aAAwDAQACEQMRAD8A91ReatRL0qGMc1aTtQBg2AMl7duennP+QJA/lXY6enl2cK/7Ofz5rk9DHmxs3/PRv5muxX7orOkup0VnokcWkC3evajKSf31wIT9Fwn9K7bGBgdK5XRof+JrOo6C7lP5MTXVmnBbsVV7IZiiloqzE5+Mc1m+JtdsdCsBJf3McDznyoQ7AbnI/p1JrQR68b+MXibRptTm0bUwFurGS2mi3ruDKXRnx6fKSPwpPYcFdnp2k31lZW1l9puoIjKyKoeQAsxIwAO5z2rtWdUjLOQFUZJPavG/Dur6HIu7wjov9oTQEqkyW/kopBycyOBjkk8Z78VvfGbXb/Sfhpe6hpkogvVaEqRhgCZFyORyOopQ00NKju7s2PCOqrqOovLHa3EcM7PNFK4XaysSR0JI4PcCuxJrxjwZrV7p2tWNhqUzl7iBb+3W1hASSKUlmznJGwsRgHsMZ6V6vBfRXUKywOHjYAhh3HWnDTQVTo0Xd1FVPP8AeiqMjESYZr5h+LJNz8XtRKjcF8sEeoEK5H5A19LS20i5KHPtXyz46upD8UdUeKNpZTOYlRRksdmzGPWkI9g03U9V0jX7rwhZNabbdfNtru6lJdoGGUAQD5iv3ScjpTfEjzeKvBuo6HFcl4oJwh1Cd1/fOj7nAUYGFzjj0xjivN/ja8s2raLdzQGKVtPSNg2VIZScj/x4Vw+nTzeZtLts2n5TKWHQjoeO5/OkovdGzqJq0kfQXjH4d3vibwz4ZitNRtPtWmwLEs4zskTaoyCM/wB0fnXUfC7wpeeFLS/hvLiKYXEiugjyduFxjJ/CtfwM6yeENGIAA+yRcAYH3RXQDGKoyHfjRSZooAo1Sa1t5LlZZIInkU5DsgJB+tFFAiHxBplhqFoRf2VrdBOVE0Svj6ZFcvpHhzQxegjRtNBB/wCfVP8ACiioe5a2PQoUVI1VFCqBgADAAqYdBRRVkhRRRQB//9k=\", \"amount\": 5, \"full_price\": \"147.50\", \"product_id\": \"9c42743d-c8b6-4f07-9d39-0ecfb4358f0e\", \"unit_price\": \"29.50\", \"final_price\": \"147.50\", \"unit_discount\": \"0.00\", \"total_discount\": \"0.00\", \"product_variant_id\": \"9c42747e-794f-4a36-97da-f36d93a83129\", \"original_unit_price\": \"29.50\"}, {\"id\": \"9c427486-4276-41d3-81e5-26b947cecfe9\", \"sku\": \"M-LO001\", \"name\": \"Classic Leather Loafers - (Size) 9.5, (Colour) Dark Green\", \"type\": \"product_variant\", \"urls\": null, \"image\": \"/9j/4AAQSkZJRgABAQEAYABgAAD//gA7Q1JFQVRPUjogZ2QtanBlZyB2MS4wICh1c2luZyBJSkcgSlBFRyB2ODApLCBxdWFsaXR5ID0gODAK/9sAQwAGBAUGBQQGBgUGBwcGCAoQCgoJCQoUDg8MEBcUGBgXFBYWGh0lHxobIxwWFiAsICMmJykqKRkfLTAtKDAlKCko/9sAQwEHBwcKCAoTCgoTKBoWGigoKCgoKCgoKCgoKCgoKCgoKCgoKCgoKCgoKCgoKCgoKCgoKCgoKCgoKCgoKCgoKCgo/8AAEQgAMgAyAwEiAAIRAQMRAf/EAB8AAAEFAQEBAQEBAAAAAAAAAAABAgMEBQYHCAkKC//EALUQAAIBAwMCBAMFBQQEAAABfQECAwAEEQUSITFBBhNRYQcicRQygZGhCCNCscEVUtHwJDNicoIJChYXGBkaJSYnKCkqNDU2Nzg5OkNERUZHSElKU1RVVldYWVpjZGVmZ2hpanN0dXZ3eHl6g4SFhoeIiYqSk5SVlpeYmZqio6Slpqeoqaqys7S1tre4ubrCw8TFxsfIycrS09TV1tfY2drh4uPk5ebn6Onq8fLz9PX29/j5+v/EAB8BAAMBAQEBAQEBAQEAAAAAAAABAgMEBQYHCAkKC//EALURAAIBAgQEAwQHBQQEAAECdwABAgMRBAUhMQYSQVEHYXETIjKBCBRCkaGxwQkjM1LwFWJy0QoWJDThJfEXGBkaJicoKSo1Njc4OTpDREVGR0hJSlNUVVZXWFlaY2RlZmdoaWpzdHV2d3h5eoKDhIWGh4iJipKTlJWWl5iZmqKjpKWmp6ipqrKztLW2t7i5usLDxMXGx8jJytLT1NXW19jZ2uLj5OXm5+jp6vLz9PX29/j5+v/aAAwDAQACEQMRAD8A1YTaqOY8H6f/AF6laazx0wR7GogXIztcfVRTXV2zw3/fsVwKJ6N0R3F1Bn5WYfRBWdcXkSqTlz+Ap+sTJp1hLd3W9IYxydgzknAH51wi+MLeeYLcxvbo/CSZDJ9GOODWkYXVyHPWx0Nxfxk/xflWfLfRnOVJ/AVKbO4uEDxDcjDIZcEEfWq82l3QBOCPriq5ULmIftUX90/kKKj/ALPuPainyi5j1CaYW0Ek1zNFHDGNzMxwAK4Bvi3ptvqLW11YXUUYOFlG1gR2bHHH50vj/XUu/DVxAiyA70ZiRwQGHv8ASvKHjgukVJvmUfdIPK/T29qqnSUldkTqNOx7H4l1GPxd4auINGmt7j7sgMRO9cHPzIQGA/CvI7HVNX8MawtwI2jkU4YModHHQgg8EH3re8AP/Y/iWC4jiimCqRl+cZGOB617Gtvo3iGPydUhhWUjiRhjP/Ah/WtI05xjdLQiUot76nPeC9U0XV5TLZ20entNHmS1hY7BJn5nRScAYA+UdOa6d9GeUExSxsK5+X4W3ul3bXHhvUrXymO77LdhtoPqrKMg/hXQeHNH1wXobWUt4UiztMc+8Pxj0B/Oi9KUNNGg/eKWuqK58PTZ++v50V2f9nr/AH0/M0VzcxtY8z1TwxNNGwRAyn+HFed634NntXaWCKSI9cAfKa9y+1N1Ea474NNllSTho0I9KUakkXKmnufNsV01hcj7UktvMp4ccA/0NddpXjQRRhZjFKP7wbafy5r1O60vSrtCtxp8D56kgVkTeBvDMxy+kR/8BYj+tdUMU0c8sPfqXPh14vl1DVEs4nD2u0kox3FeO3oK9N8yKQDeq1wXh/TdO8PRMmk2UdsrHLYOSfqSc1pvq7L1/pWNSftJXSsaQjyKzZ1gWDH8P60Vx51lv8kUVnZllVQNx4qF/wDWGiis0asZk5PJqNZH80je2PrRRVIhjZJH/vt+dRmRznLsfxooq0QyLcfU0UUUxn//2Q==\", \"amount\": 4, \"full_price\": \"119.96\", \"product_id\": \"9c427441-6d77-4a9b-b668-7906aca48814\", \"unit_price\": \"29.99\", \"final_price\": \"119.96\", \"unit_discount\": \"0.00\", \"total_discount\": \"0.00\", \"product_variant_id\": \"9c42747b-3a90-4522-b227-3399baf250c9\", \"original_unit_price\": \"29.99\"}, {\"id\": \"9c427486-4c98-4fff-a1de-7ac27f093cfa\", \"sku\": \"M-LO003\", \"name\": \"Fashion Slip-On Loafers - (Size) 8\", \"type\": \"product_variant\", \"urls\": null, \"image\": \"/9j/4AAQSkZJRgABAQEAYABgAAD//gA7Q1JFQVRPUjogZ2QtanBlZyB2MS4wICh1c2luZyBJSkcgSlBFRyB2ODApLCBxdWFsaXR5ID0gODAK/9sAQwAGBAUGBQQGBgUGBwcGCAoQCgoJCQoUDg8MEBcUGBgXFBYWGh0lHxobIxwWFiAsICMmJykqKRkfLTAtKDAlKCko/9sAQwEHBwcKCAoTCgoTKBoWGigoKCgoKCgoKCgoKCgoKCgoKCgoKCgoKCgoKCgoKCgoKCgoKCgoKCgoKCgoKCgoKCgo/8AAEQgAMgAyAwEiAAIRAQMRAf/EAB8AAAEFAQEBAQEBAAAAAAAAAAABAgMEBQYHCAkKC//EALUQAAIBAwMCBAMFBQQEAAABfQECAwAEEQUSITFBBhNRYQcicRQygZGhCCNCscEVUtHwJDNicoIJChYXGBkaJSYnKCkqNDU2Nzg5OkNERUZHSElKU1RVVldYWVpjZGVmZ2hpanN0dXZ3eHl6g4SFhoeIiYqSk5SVlpeYmZqio6Slpqeoqaqys7S1tre4ubrCw8TFxsfIycrS09TV1tfY2drh4uPk5ebn6Onq8fLz9PX29/j5+v/EAB8BAAMBAQEBAQEBAQEAAAAAAAABAgMEBQYHCAkKC//EALURAAIBAgQEAwQHBQQEAAECdwABAgMRBAUhMQYSQVEHYXETIjKBCBRCkaGxwQkjM1LwFWJy0QoWJDThJfEXGBkaJicoKSo1Njc4OTpDREVGR0hJSlNUVVZXWFlaY2RlZmdoaWpzdHV2d3h5eoKDhIWGh4iJipKTlJWWl5iZmqKjpKWmp6ipqrKztLW2t7i5usLDxMXGx8jJytLT1NXW19jZ2uLj5OXm5+jp6vLz9PX29/j5+v/aAAwDAQACEQMRAD8A6UJz0rJ1zxJo+gz20OrXsdtJcZ8sMCc46kkDgc96wPiJ4/XwfdWMCWIu3nBd/wB5s2KDgdjyefyryP4keKIPFmoW13bxSpaxwCMo+MxvuJPT8PrSSKPo62nhuoEmtpUliYZV0YMp/EVLtr5f8L+IdV8NTiTTLlljPLwOd0b/AIf1HNe6eDfHFl4hXyJYzZ6ig+aBz973U9x+tKwHVbKjdMg1YGCOOaRloGVPL9qKs0UAfPvxdsrg+Mrh7jcY7hFaBj04AGB+OR+NcfFBJuVUUmU/KBjO7/ZI719IeNvDMHiLSmt5RtnTLQy90b/A14va3B0HVrtLqJf7QiBiKOMncccj6jv7+9UhGBh9C1WCLUoHjWN0kaMjJUZBx7g10mtW5utMj12zutl3E4H7vhnXswx6cAn/AOvWhrCW3iTwul/O4GpQFYYguCZOo2MOwGOvJOcfTjNO1S50MeW6+bp0xIeFuit0OPQ4/wA8UBseu/DXx82ooun61IovAcJLjAcds+9enZzivlSJlWUXNk25RzjuPYivdPhr4kbWNLEVyxNxCdhYnlhjgn3/AMKTQI7jH1opwJx2opDFZM+9eV/F/wAJPcpHrdlEWlgXbOq9SnZvqP5fSvWMjtTHUMuDyD2oEeBeCvsusR3OlvdC2ln2sgY8M69CPf2o1rQpdP1CZL6BHikIY5XKlvX/AD613Xir4Y6fqcr3WlyHT7sncdg+Qn1x2/CuYu9F8eWsJspXhvbfG1ZXG8gfXGfzqrgLpvw80bW7RLvSri4sZT96NX3KD3HPPWuz8I+DRoDAJJuGdxbOSx9TVf4eaHfaVBtumJz8zEjGSTk13RY4GakA2/SilDcdqKAHjtTx1oooAa1IKKKAGkc0yXtRRQBFmiiigD//2Q==\", \"amount\": 3, \"full_price\": \"89.97\", \"product_id\": \"9c427445-10fc-4a7c-bda2-902b5b9bebed\", \"unit_price\": \"29.99\", \"final_price\": \"89.97\", \"unit_discount\": \"0.00\", \"total_discount\": \"0.00\", \"product_variant_id\": \"9c42747e-a90e-4618-8599-ad14243e7a43\", \"original_unit_price\": \"29.99\"}, {\"id\": \"9c427486-3ab6-4f58-9753-bd2691890b22\", \"sku\": \"M-BO003\", \"name\": \"Outdoor Hiking Boots - (Size) 8, (Colour) Midnight Blue\", \"type\": \"product_variant\", \"urls\": null, \"image\": \"/9j/4AAQSkZJRgABAQEAYABgAAD//gA7Q1JFQVRPUjogZ2QtanBlZyB2MS4wICh1c2luZyBJSkcgSlBFRyB2ODApLCBxdWFsaXR5ID0gODAK/9sAQwAGBAUGBQQGBgUGBwcGCAoQCgoJCQoUDg8MEBcUGBgXFBYWGh0lHxobIxwWFiAsICMmJykqKRkfLTAtKDAlKCko/9sAQwEHBwcKCAoTCgoTKBoWGigoKCgoKCgoKCgoKCgoKCgoKCgoKCgoKCgoKCgoKCgoKCgoKCgoKCgoKCgoKCgoKCgo/8AAEQgAMgAyAwEiAAIRAQMRAf/EAB8AAAEFAQEBAQEBAAAAAAAAAAABAgMEBQYHCAkKC//EALUQAAIBAwMCBAMFBQQEAAABfQECAwAEEQUSITFBBhNRYQcicRQygZGhCCNCscEVUtHwJDNicoIJChYXGBkaJSYnKCkqNDU2Nzg5OkNERUZHSElKU1RVVldYWVpjZGVmZ2hpanN0dXZ3eHl6g4SFhoeIiYqSk5SVlpeYmZqio6Slpqeoqaqys7S1tre4ubrCw8TFxsfIycrS09TV1tfY2drh4uPk5ebn6Onq8fLz9PX29/j5+v/EAB8BAAMBAQEBAQEBAQEAAAAAAAABAgMEBQYHCAkKC//EALURAAIBAgQEAwQHBQQEAAECdwABAgMRBAUhMQYSQVEHYXETIjKBCBRCkaGxwQkjM1LwFWJy0QoWJDThJfEXGBkaJicoKSo1Njc4OTpDREVGR0hJSlNUVVZXWFlaY2RlZmdoaWpzdHV2d3h5eoKDhIWGh4iJipKTlJWWl5iZmqKjpKWmp6ipqrKztLW2t7i5usLDxMXGx8jJytLT1NXW19jZ2uLj5OXm5+jp6vLz9PX29/j5+v/aAAwDAQACEQMRAD8A+qa4P4meLr3wpfaI9usDWErSNeBhmQopT7nboW6+1d5Xzt8VdTbxH4huhAd1lADaRkHrgncw+rEj6AVMnZDSuev+BvHWkeMrOefTGdPJ271lwDhs4PB9jW/p2pWWoozWNzHMFJDBTypBxyOo5Br5Wjjh0fTYLWCJVRUO4YyTxknOR+fvXb/AyPf46nmgY+UNNxIAwIzvGAevr7dKiNRt2KcbHvtFFFakBRRRQByHxO1qXSNAWK1dori+c28cw42HaW4PrgHH4+lfPOnxymO1aRdssYKtnOcgkGvdPjP4k8P6J4ejtvEMVxcNdNut4rfAkDJg7wSRjBI+ucYIzXgfhjXxrom81VW5gxuCjAZT0P5isqqdrouDszQ1ETMrHINsU2nkrg/3iR7V1Pwo1EWvjXTpGjEUdzFJa4BBwTtKg8Z6oK55YkkjNvJKQXOQckAc8dKxxJLpmoJdW0lxHdRyEwyoxyCDwcAn9fes6epU2fXtFfFc/wAS/HKXzC78RXySLkbRhRn6AYz+FeifCr41a1c+JLHRvE/lXdveSLBHchAkkbMcLuxwQSQOme+a6LmR9IUUUUwPmb9qSxux4v0q9Me60ksxEhI43q7Fh+TL+deQ+Gr9tK1dZxxGfkmTGDtPX+XH0r7r1XS7DV7Q2uqWdveW5OfLnjDrn1we/vXLj4W+CQXP/CPWhL9SSxP4c8fhSsB4ZcXtpBYx3jXMX2eTiOXrk+n14qjNd2V+sfl3sQkAI5cxk5+uPSvV/FXwmSGKd/CscL2sxBl0q5bEZ45MbnO09ODx7ivIPEPw/wBT0u4kihs9UtHHIie2e4ib/dkjDAjkdefWsvZpO6L529Gc54ti02S8BtGJvlUbwpDI3tuz1rsvgP4AvNe8RWOu3cEsGlafIs6vIpXzpFIKqvqAQCT7Y71y+heBPF3iG8gt7XS7pIWcBp5YDHEozySxA/Ic19p28YhgjiGMIoUYGBwPStIqysS3cfRRRVCCiiigAooooAKKKKACiiigD//Z\", \"amount\": 9, \"full_price\": \"269.91\", \"product_id\": \"9c427450-8225-4e1d-bfb7-ec4c08a908f2\", \"unit_price\": \"29.99\", \"final_price\": \"269.91\", \"unit_discount\": \"0.00\", \"total_discount\": \"0.00\", \"product_variant_id\": \"9c42747a-f0e9-4961-b0a7-340c59d74c50\", \"original_unit_price\": \"29.99\"}, {\"id\": \"9c427486-44b2-4764-83fa-304b4ac5fd82\", \"sku\": \"W-SG002\", \"name\": \"Vintage Round Sunglasses\", \"type\": \"product\", \"urls\": null, \"image\": \"/9j/4AAQSkZJRgABAQEAYABgAAD//gA7Q1JFQVRPUjogZ2QtanBlZyB2MS4wICh1c2luZyBJSkcgSlBFRyB2ODApLCBxdWFsaXR5ID0gODAK/9sAQwAGBAUGBQQGBgUGBwcGCAoQCgoJCQoUDg8MEBcUGBgXFBYWGh0lHxobIxwWFiAsICMmJykqKRkfLTAtKDAlKCko/9sAQwEHBwcKCAoTCgoTKBoWGigoKCgoKCgoKCgoKCgoKCgoKCgoKCgoKCgoKCgoKCgoKCgoKCgoKCgoKCgoKCgoKCgo/8AAEQgAGQAyAwEiAAIRAQMRAf/EAB8AAAEFAQEBAQEBAAAAAAAAAAABAgMEBQYHCAkKC//EALUQAAIBAwMCBAMFBQQEAAABfQECAwAEEQUSITFBBhNRYQcicRQygZGhCCNCscEVUtHwJDNicoIJChYXGBkaJSYnKCkqNDU2Nzg5OkNERUZHSElKU1RVVldYWVpjZGVmZ2hpanN0dXZ3eHl6g4SFhoeIiYqSk5SVlpeYmZqio6Slpqeoqaqys7S1tre4ubrCw8TFxsfIycrS09TV1tfY2drh4uPk5ebn6Onq8fLz9PX29/j5+v/EAB8BAAMBAQEBAQEBAQEAAAAAAAABAgMEBQYHCAkKC//EALURAAIBAgQEAwQHBQQEAAECdwABAgMRBAUhMQYSQVEHYXETIjKBCBRCkaGxwQkjM1LwFWJy0QoWJDThJfEXGBkaJicoKSo1Njc4OTpDREVGR0hJSlNUVVZXWFlaY2RlZmdoaWpzdHV2d3h5eoKDhIWGh4iJipKTlJWWl5iZmqKjpKWmp6ipqrKztLW2t7i5usLDxMXGx8jJytLT1NXW19jZ2uLj5OXm5+jp6vLz9PX29/j5+v/aAAwDAQACEQMRAD8A+iPGfjHRPBllb3fiG6e3gnl8mMrC8hLYJxhQewrK074p+EdSmjh07Up7ueT7sUNjcO5/AJmq/wAcPD7+IPh9erbRGW8sXW+gVRkkp94AdyULge5FfKi/vNjQ5dmx5ZTkknpjHegD7V03XbDULl7aF54rlU8zybm3kgcrnG4K6gsM4GRkDNWP7V04SeX9vtPM/u+cufyzXzD8cdB1zRbTwxHc6vqVxHc2u2Q3c5lSO6AUuo9FYZwPY15rPptjOpNzaW7nHLMgyPx60AfeasrqGUhlPQg5pc84rxL4B/DPTrT4c2NzrMV1LNfu16kLXMiLFG5/djarAcoFJyM8+1enaFpEGk65qKWFjHaWDW9uFMagB5A0u4+pOCnJoA36KKKACuftfBXhq01c6pbaJYxX+/zPNWIDD/3gOgb3AzXQUUAZPinw7pvijRpdM1m3E1q5DDBwyMOjqeoYeteZ2HwG0WHUVkvtUvr2xVs/ZXVF8wf3XYDkeuAtexUUAIiqihUAVQMAAYAFLRRQAUUUUAf/2Q==\", \"amount\": 6, \"full_price\": \"135.00\", \"product_id\": \"9c42745a-0892-4f60-a2e1-04860f4125cf\", \"unit_price\": \"22.50\", \"final_price\": \"135.00\", \"unit_discount\": \"0.00\", \"total_discount\": \"0.00\", \"original_unit_price\": \"22.50\"}, {\"id\": \"9c427486-49e6-4b5b-9568-b507b6070d0b\", \"sku\": \"M-TI001\", \"name\": \"Classic Silk Tie\", \"type\": \"product\", \"urls\": null, \"image\": \"/9j/4AAQSkZJRgABAQEAYABgAAD//gA7Q1JFQVRPUjogZ2QtanBlZyB2MS4wICh1c2luZyBJSkcgSlBFRyB2ODApLCBxdWFsaXR5ID0gODAK/9sAQwAGBAUGBQQGBgUGBwcGCAoQCgoJCQoUDg8MEBcUGBgXFBYWGh0lHxobIxwWFiAsICMmJykqKRkfLTAtKDAlKCko/9sAQwEHBwcKCAoTCgoTKBoWGigoKCgoKCgoKCgoKCgoKCgoKCgoKCgoKCgoKCgoKCgoKCgoKCgoKCgoKCgoKCgoKCgo/8AAEQgAMgAyAwEiAAIRAQMRAf/EAB8AAAEFAQEBAQEBAAAAAAAAAAABAgMEBQYHCAkKC//EALUQAAIBAwMCBAMFBQQEAAABfQECAwAEEQUSITFBBhNRYQcicRQygZGhCCNCscEVUtHwJDNicoIJChYXGBkaJSYnKCkqNDU2Nzg5OkNERUZHSElKU1RVVldYWVpjZGVmZ2hpanN0dXZ3eHl6g4SFhoeIiYqSk5SVlpeYmZqio6Slpqeoqaqys7S1tre4ubrCw8TFxsfIycrS09TV1tfY2drh4uPk5ebn6Onq8fLz9PX29/j5+v/EAB8BAAMBAQEBAQEBAQEAAAAAAAABAgMEBQYHCAkKC//EALURAAIBAgQEAwQHBQQEAAECdwABAgMRBAUhMQYSQVEHYXETIjKBCBRCkaGxwQkjM1LwFWJy0QoWJDThJfEXGBkaJicoKSo1Njc4OTpDREVGR0hJSlNUVVZXWFlaY2RlZmdoaWpzdHV2d3h5eoKDhIWGh4iJipKTlJWWl5iZmqKjpKWmp6ipqrKztLW2t7i5usLDxMXGx8jJytLT1NXW19jZ2uLj5OXm5+jp6vLz9PX29/j5+v/aAAwDAQACEQMRAD8A2/jv4vv7rxDcaNaXM0Wm2gEckce5UncjLF3BHC8DaSOjHniuJ0nX9Q0W7SCS8mWyUESM07lFZSOOzcg8jr0PA6SfEO7e38R6/K8cTTTalcx8sUdVDDGOm7njGSOB06ChDc6dfWV99jCwbBI6mQhPJUIAR7/M204/hVfSuKtO3vNHXRu/dT3X9eTO8tby+ju5Fubq4X7RGRFM8jFQQdvUnAOTjk9sZzwOO1PxB4mtpDHeXl3JErExrIWCNgnO3nkDBGfcYzmtTwBrNr/wjdtq8arc3IYobWFFhQSIAGlIGeuFwMA5LepqDVnnufDbq07alh0nbbkkR/MrLlgPmHJwDz2PXF0G3U5LX7+RyLEe77OW/l+v9XO2+EnxVxqUejazeSSRSEKj3Em8xEkAYfqVJI4bpnr2r6Br4h0bQ7i90U6i6K1s0rkKIthXGOR2YDAyATjJ9a+pfg14kfxH4JtTdNm/sv8ARbjJJLFR8rZIBORjn1zXdOEIaRlfp8yfaub95Wf5nc0UUVmUfNH7Qvhu3g1hdZ8gGG45kAcgiUY6DBB3YB/AmvEdOvXs7kSzbAkkUiMuDhcuW7Z64C57Z9q+6vFPh2x8Q6XNZahAs0MgwVP8wexr5k8c/BDVbC4uJPD91E9q7bisoPmAenofrgGs5Q5lY1pzULyOJ+GWuNbate6awxbXe2ZSpKskijGUYcKcHqeOMcZr09vP0m4htLlmvThmh/c5Lqg3Ko7tnGAvU5HXg14onh3WvD2t29xJJJFPE/yykZEeeNwHPIzkY5zyK940JbaWMy3UsVxdSgTmNwQQ5Y8gYzn5iNzgMcDgAAnDEJU/eauv1/T+uhjGM51EoddDlNE1Ce7ur7TrC2uIJbp/NjjyBvKkK3yFvlbIJyBnnPGOe++EepSeHvEclnqTmFruVbWSKRNpDgfKwOezErjHIYGvO/E19bX72c0FqkWpwSB5Cx+UYI9MEk7W+oPbinx6y91LBcyWsNq1nKGMMOeGXPO7klvmJz7j0zXTKhUqNVacfk9/l3uKrUjR0k72+7X8rH19RWf4fvG1DQdNvHILXFtHMSOhLKD/AFoqhp3NCqt7arMh4GatUUDPJPHvhWC7hdxEN30rxLRb6+8MeKDaXsziyeRwuSADG+MgE9+Mc+1fXt7Yx3KkMBzXl3xE+FVrr1vvgJhnGcMBkVNWnGrHlkONlJSa2dzybW9Caa1M+jkTWsp3NgFgCQfl55LZB57YORXNT2bxSMyBoWdASyxj5vXgj378571vTeD/ABz4Odn08S3lugIURtkgcnofqfzNFj4wWWRLfWtPjhuQqBlkiK7TkKeCPRc++T35pLFVcPbmV13/AMzWpToT20v+H9fM+ivB2oCHwjocRZspYwKePSNaK4ay1m8gs4IiVBjjVcCJsDAxRWMsXG+pqsFPp+R7XRRRXScgUUUUAQzRoRyin6iuW8T6Tp15bP8Aa7C0nwCR5sKtj8xRRSZRR07QtI/s+1/4ldh/ql/5d09B7UUUVwPc9FH/2Q==\", \"amount\": 10, \"full_price\": \"199.90\", \"product_id\": \"9c427468-ff76-487b-9d41-2c68977b3cf7\", \"unit_price\": \"17.99\", \"final_price\": \"179.90\", \"unit_discount\": \"2.00\", \"total_discount\": \"20.00\", \"original_unit_price\": \"19.99\"}, {\"id\": \"9c427486-2f91-4d5a-95bb-60f7166cfb1a\", \"sku\": \"M-SG002\", \"name\": \"Sporty Wraparound Sunglasses\", \"type\": \"product\", \"urls\": null, \"image\": \"/9j/4AAQSkZJRgABAQEAYABgAAD//gA7Q1JFQVRPUjogZ2QtanBlZyB2MS4wICh1c2luZyBJSkcgSlBFRyB2ODApLCBxdWFsaXR5ID0gODAK/9sAQwAGBAUGBQQGBgUGBwcGCAoQCgoJCQoUDg8MEBcUGBgXFBYWGh0lHxobIxwWFiAsICMmJykqKRkfLTAtKDAlKCko/9sAQwEHBwcKCAoTCgoTKBoWGigoKCgoKCgoKCgoKCgoKCgoKCgoKCgoKCgoKCgoKCgoKCgoKCgoKCgoKCgoKCgoKCgo/8AAEQgAMgAyAwEiAAIRAQMRAf/EAB8AAAEFAQEBAQEBAAAAAAAAAAABAgMEBQYHCAkKC//EALUQAAIBAwMCBAMFBQQEAAABfQECAwAEEQUSITFBBhNRYQcicRQygZGhCCNCscEVUtHwJDNicoIJChYXGBkaJSYnKCkqNDU2Nzg5OkNERUZHSElKU1RVVldYWVpjZGVmZ2hpanN0dXZ3eHl6g4SFhoeIiYqSk5SVlpeYmZqio6Slpqeoqaqys7S1tre4ubrCw8TFxsfIycrS09TV1tfY2drh4uPk5ebn6Onq8fLz9PX29/j5+v/EAB8BAAMBAQEBAQEBAQEAAAAAAAABAgMEBQYHCAkKC//EALURAAIBAgQEAwQHBQQEAAECdwABAgMRBAUhMQYSQVEHYXETIjKBCBRCkaGxwQkjM1LwFWJy0QoWJDThJfEXGBkaJicoKSo1Njc4OTpDREVGR0hJSlNUVVZXWFlaY2RlZmdoaWpzdHV2d3h5eoKDhIWGh4iJipKTlJWWl5iZmqKjpKWmp6ipqrKztLW2t7i5usLDxMXGx8jJytLT1NXW19jZ2uLj5OXm5+jp6vLz9PX29/j5+v/aAAwDAQACEQMRAD8A+qaKKgvLy2soTNeXENvEOryuEUfiaAJ6K5638Z+H57mOGLUoz5r+XHKUdYZG7KspGwk9gDk10NABRRUD3tql7HZvcwLdyKXSAyAOyjqQvUigCeiiigDwz41+LfFWi+KBpunXotNLkto50aFAJHyWV13kEggqDkf3hWD4Y+JPgnSLj7V4i0TUzrCrkXc8xv8Ad7qzkbT/AMBH1r1D4y+EbjxLoUVzpcQl1Sx3GOLIBmjbG9ATwDlVIz3XHGc15L8Lvh5qWv6rqv8Abdpfabpn2GaylWeJomleTGAFYDIUgPnplVoA7fUfjX4dvbea1uPD2qXVnKpR45kgIcHsVMh4rK0L43eEfDUElnev4mWBpC1ul7Ckvkpx+7V1YllHbcSR0rx+70+/0G+uNI1tSmpWjFJM9HXPyuvqrDkH+oNavgKBLz4i+FFaJZtuoK+0jPRWOfwxn8KdgPoIeI/EviyNB4T0x9K06UAnVNTTaxU944ep9ieK1v8AhCrO2tkk04hdZFxFctqdwPNmlZSA29upBTcu0EABuMV1lFIAooooAKKKKAMLxR4R0HxTHEmv6bDeeVny3bKumeu11IYfgaoeFfh54Z8K373uiad5VyylRJLM8zKD1CtIWK59jXWUUAFFFFABRRRQAUUUUAFFFFABRRRQAUUUUAf/2Q==\", \"amount\": 1, \"full_price\": \"19.50\", \"product_id\": \"9c42746f-e905-4763-881f-0eefcb60f795\", \"unit_price\": \"17.50\", \"final_price\": \"17.50\", \"unit_discount\": \"2.00\", \"total_discount\": \"2.00\", \"original_unit_price\": \"19.50\"}, {\"id\": \"9c427486-3ff2-4631-9791-00adc7c32c1e\", \"sku\": \"M-BR001\", \"name\": \"Leather Cuff Bracelet\", \"type\": \"product\", \"urls\": null, \"image\": \"/9j/4AAQSkZJRgABAQEAYABgAAD//gA7Q1JFQVRPUjogZ2QtanBlZyB2MS4wICh1c2luZyBJSkcgSlBFRyB2ODApLCBxdWFsaXR5ID0gODAK/9sAQwAGBAUGBQQGBgUGBwcGCAoQCgoJCQoUDg8MEBcUGBgXFBYWGh0lHxobIxwWFiAsICMmJykqKRkfLTAtKDAlKCko/9sAQwEHBwcKCAoTCgoTKBoWGigoKCgoKCgoKCgoKCgoKCgoKCgoKCgoKCgoKCgoKCgoKCgoKCgoKCgoKCgoKCgoKCgo/8AAEQgAMgAyAwEiAAIRAQMRAf/EAB8AAAEFAQEBAQEBAAAAAAAAAAABAgMEBQYHCAkKC//EALUQAAIBAwMCBAMFBQQEAAABfQECAwAEEQUSITFBBhNRYQcicRQygZGhCCNCscEVUtHwJDNicoIJChYXGBkaJSYnKCkqNDU2Nzg5OkNERUZHSElKU1RVVldYWVpjZGVmZ2hpanN0dXZ3eHl6g4SFhoeIiYqSk5SVlpeYmZqio6Slpqeoqaqys7S1tre4ubrCw8TFxsfIycrS09TV1tfY2drh4uPk5ebn6Onq8fLz9PX29/j5+v/EAB8BAAMBAQEBAQEBAQEAAAAAAAABAgMEBQYHCAkKC//EALURAAIBAgQEAwQHBQQEAAECdwABAgMRBAUhMQYSQVEHYXETIjKBCBRCkaGxwQkjM1LwFWJy0QoWJDThJfEXGBkaJicoKSo1Njc4OTpDREVGR0hJSlNUVVZXWFlaY2RlZmdoaWpzdHV2d3h5eoKDhIWGh4iJipKTlJWWl5iZmqKjpKWmp6ipqrKztLW2t7i5usLDxMXGx8jJytLT1NXW19jZ2uLj5OXm5+jp6vLz9PX29/j5+v/aAAwDAQACEQMRAD8A+qa+d1+M+qy/HZNDgMbeHmvhpfk+WNxfds8wN1+/+GO2ea+iK+FPC/Px6sFycf8ACRKf/JigD7rorE8TeKdJ8OW5k1O6VXxlYUIMjfQf1PFeS6t8fJLPUI0g8NvLascZNzh2HqBtwKAPdaKyPCviGy8TaPDqOnmRUcfNHKu1427qw9a16ACiiigBHZURncgKoySewr8/dUv7L/hLr240yW5iumvXngvI2IKkuSOByuOORzxX6BSIsiMjgMjAgg9xX56eP/Dk3hHxtqekTuiNBK7Rtu3Fo+WQ4GcErjg+v40dQO18M6frep3VzPPe5uGjPlvOd+5vUE557Z7ZrrfC8GlQL9sumkmv8FZGuG3MjA4II9iMVozqmqfB3R/FGkusl1p0K2t6UGPMVPlVyPXGAfr/ALNeP3PiN5ryV1Yq0nLY7kcZ/LH5VSYHvehfECx0LXbeVnCWszCK5UHjaeA/1H6ivflIZQVIIPII71+dGqahNO4YMc9DX278D9Zk1z4W6BdXDFp0hNu5PUmNigJ9yFB/Gkw3O6ooopAFfP37Uvw2Gtac3jCwnt7e6023K3SSnb50YPy7T/eGSMHrkDsAfoGsLxz4atvGHhPUdBvZHigvIwvmJ1RgwZW98MoOO9AHxJ8O/iDfeENJ1fS4Y4LvTtUi8uWG4BIRsYLLgjnBI/L0rn7qwkhuZJEBMauVB9s4/lXZeJ/gv4u8O6qLc2D3loXwl3bIXQrnqcDKn2NeyeEfgzNqNij62rWMMnzFc/vcewH3fx59qYHiXhvwXc6jqCQS4EpXeYurBfU+g9zX2D8KfD7+GfBFjp8qlJMvKyH+HcxIH1xitLwx4U0XwzaC30exjhzy0hG6Rz6sx5JrcpXAKKKKACiiigAooooAKKKKACiiigD/2Q==\", \"amount\": 4, \"full_price\": \"75.96\", \"product_id\": \"9c427473-53e1-4ecf-b548-b429632e6501\", \"unit_price\": \"16.99\", \"final_price\": \"67.96\", \"unit_discount\": \"2.00\", \"total_discount\": \"8.00\", \"original_unit_price\": \"18.99\"}]',NULL,'{\"id\": \"9c4273ec-bcf9-4b26-ab32-2cb9674ab238\", \"name\": {\"de\": \"Lokal (kostenlos bis 10 kg)\", \"en\": \"Local (free up to 10kg)\", \"fr\": \"Local (gratuit jusqu&#39;à 10kg)\"}, \"slug\": \"local-small-1\", \"price\": 0, \"enabled\": true, \"created_at\": \"2024-06-11T07:51:06.000000Z\", \"deleted_at\": null, \"updated_at\": \"2024-06-11T07:51:06.000000Z\", \"description\": {\"de\": \"Sie genießen eine kostenlose Lieferung im Umkreis von 5 km von unserem Lager.\", \"en\": \"You enjoy free delivery within 5km range from our warehouse.\", \"fr\": \"Vous bénéficiez d&#39;une livraison gratuite dans un rayon de 5 km depuis notre entrepôt.\"}, \"enabled_by_default_on_creation\": true}','{\"delivery\": 0, \"subtotal\": 1867.49, \"total_payable\": 1867.49, \"applied_discount\": 30}',1,'jordan-adams-cooperview',NULL,'2024-06-11 07:52:49','2024-06-11 07:52:49'),('9c42748a-bcaa-4381-8e1f-1d55f6ebdf00','9c4273cd-9dd5-4ccc-b903-ba99e778c019','9c427485-30d9-4cd7-b0ee-27a34cf03e3b','{\"id\": \"9c427485-114b-42fd-bcf9-f09ed62650a5\", \"lat\": \"-50.257994\", \"lon\": \"-113.610780\", \"name\": null, \"slug\": \"tiffany-roberts-russellland\", \"town\": \"Russellland\", \"country\": \"UK\", \"user_id\": \"9c4273cd-9dd5-4ccc-b903-ba99e778c019\", \"post_code\": \"LE11 9DA\", \"created_at\": \"2024-06-11T07:52:46.000000Z\", \"deleted_at\": null, \"updated_at\": \"2024-06-11T07:52:46.000000Z\", \"address_line_1\": \"Flat 97f Fox Cliffs\", \"address_line_2\": null, \"google_maps_url\": \"https://www.google.com/maps/@-50.257994,-113.610780,14z\"}','{\"amount\": \"2604.98\", \"source\": {\"id\": \"9c427485-1c0d-4900-94f0-5935af665fb9\", \"name\": \"est rerum\", \"slug\": \"roberts-est-rerum\", \"brand\": \"visa\", \"user_id\": \"9c4273cd-9dd5-4ccc-b903-ba99e778c019\", \"exp_year\": \"2023\", \"exp_month\": \"4\", \"last_four\": \"7836\", \"source_id\": \"ghIBM45IZUKGFO8tipiuMbvKgvGKOUyAVRx3gHJIo9mjrGK5EVL3pIdLRdPPKVw5qUWnHUQRUPEeiSrliwiJDJABovEJwiqYfylOxzq5MeIS5ZiSRw2ISxl9v0yyfsGhG6nld7FYYlLBtxRAAbgEBJ\", \"created_at\": \"2024-06-11T07:52:46.000000Z\", \"deleted_at\": null, \"updated_at\": \"2024-06-11T07:52:46.000000Z\", \"stripe_user_id\": \"sVIg2ahwF4vtmLkk3V6iou2T0F3E4njkS02HgVP9uSggNGfcwA3Sneozdz8hQ6uIWaWQiXtOTGzng05DrJT0c1D0UJm1ePQAFqyB5lzun6MQknhSShevpW09\", \"payment_method_id\": 2}, \"created_at\": \"11-06-2024 07:52\", \"payment_ref\": \"EUmkXaeyJK\"}','[{\"id\": \"9c427486-77f8-4327-b2bc-30ea4e5ea785\", \"sku\": \"M-S003\", \"name\": \"Casual Checkered Shirt - (Size) L\", \"type\": \"product_variant\", \"urls\": null, \"image\": \"/9j/4AAQSkZJRgABAQEAYABgAAD//gA7Q1JFQVRPUjogZ2QtanBlZyB2MS4wICh1c2luZyBJSkcgSlBFRyB2ODApLCBxdWFsaXR5ID0gODAK/9sAQwAGBAUGBQQGBgUGBwcGCAoQCgoJCQoUDg8MEBcUGBgXFBYWGh0lHxobIxwWFiAsICMmJykqKRkfLTAtKDAlKCko/9sAQwEHBwcKCAoTCgoTKBoWGigoKCgoKCgoKCgoKCgoKCgoKCgoKCgoKCgoKCgoKCgoKCgoKCgoKCgoKCgoKCgoKCgo/8AAEQgAMgAyAwEiAAIRAQMRAf/EAB8AAAEFAQEBAQEBAAAAAAAAAAABAgMEBQYHCAkKC//EALUQAAIBAwMCBAMFBQQEAAABfQECAwAEEQUSITFBBhNRYQcicRQygZGhCCNCscEVUtHwJDNicoIJChYXGBkaJSYnKCkqNDU2Nzg5OkNERUZHSElKU1RVVldYWVpjZGVmZ2hpanN0dXZ3eHl6g4SFhoeIiYqSk5SVlpeYmZqio6Slpqeoqaqys7S1tre4ubrCw8TFxsfIycrS09TV1tfY2drh4uPk5ebn6Onq8fLz9PX29/j5+v/EAB8BAAMBAQEBAQEBAQEAAAAAAAABAgMEBQYHCAkKC//EALURAAIBAgQEAwQHBQQEAAECdwABAgMRBAUhMQYSQVEHYXETIjKBCBRCkaGxwQkjM1LwFWJy0QoWJDThJfEXGBkaJicoKSo1Njc4OTpDREVGR0hJSlNUVVZXWFlaY2RlZmdoaWpzdHV2d3h5eoKDhIWGh4iJipKTlJWWl5iZmqKjpKWmp6ipqrKztLW2t7i5usLDxMXGx8jJytLT1NXW19jZ2uLj5OXm5+jp6vLz9PX29/j5+v/aAAwDAQACEQMRAD8A+qaztX1rT9IQNf3CxkjIUAliPoK0a8O8Ya2s/iO6JBIdmiUFeyg47+w/OqiribI/i94qm8Q6GsOhm4t4oJS+8MQZWGV2so/h59TXHfCjV9V8P6qNV1LzWjdBH9n8w7GViOenX8O3vXTWs7tpblYHI85vu8fx/SqKytDpVkqQybAEGd+f41z2rbkV7GSqSaPbtJ8X6PqU6W8dx5VyxwI5RtJPoD0NdBXzpc3cUt9MjcSQDzBwRg9jkfjXu/hfUhq/h+xvs5aWMb/98cN+oNZSjY0jK6/rsjUoooqBlW/nePTJ5oUZ5REWRFGSTjgV4Ffx3F5qRhRD5sAMhzzgDBPPbhD+dfQkH+pj/wB0fyrL8URR/wBhajLsQTC2cK5Az06Z+tXCViZq+qPDrWe6a0uVEbhN4Iz/AMAJ9O5qtNLdNFpyvEQGIGBz0wR/Krlr9qazuT5akmTjk9Ny/wC1VeRbyOxs22KxGDktz1Xjr+Fb/wDAMrrW3n+SGW8Uv9tvcTRNtuEaMA88ptJx+Egr1/4WyyN4elhljaMwzsqgrt+UgHj8d1VPhP5dxo10ZokM0V02CygkAqoyPrt/Su8rCUr6GsY2MyYt5z8n7xopZv8AWv8A7xopFl+H/Ux/7orE8drI/hS+WIkMdnT03rn9M1uQ/wCqT/dFZPi6Ce58OXsVoheZlGFHU/MCf0zSW4nseJ2aXIs7n7pw6/8AstVZlnTT7MJGq5YHbgD+Jefx61et7adLG4DSxKRJjBQcYKiqxtpv7Ns2eeHAAOQgHAKmun/gHOn+v5I7j4SyyQa7rFpLwssaTKM9CCQR/wCPfrXqNeYfDrS71PFU1+ysbI2zASYwrMWXAB78A16fWE9zan8KM2b/AFr/AO8aKJR+9f8A3jRSLGRSP5SfO33R3p/mP/fb86KKQGRr0EL2ckjRRtISMsVBP51yvhKGKTVSjxIyKXwpUEDnsKKK2Xwv5Gf2vv8AyPQBI4AAdgB70vmP/fb86KKyNDOlkfzX+dup70UUVQH/2Q==\", \"amount\": 10, \"full_price\": \"249.90\", \"product_id\": \"9c4273fa-a9f5-46b3-a8b7-77e8f834ce68\", \"unit_price\": \"24.99\", \"final_price\": \"249.90\", \"unit_discount\": \"0.00\", \"total_discount\": \"0.00\", \"product_variant_id\": \"9c42747c-b7d8-4124-9d1f-edac9d3bb1fb\", \"original_unit_price\": \"24.99\"}, {\"id\": \"9c427486-5df1-4726-9347-b3d923631364\", \"sku\": \"W-P002\", \"name\": \"Sporty Performance Polo - (Size) XS\", \"type\": \"product_variant\", \"urls\": null, \"image\": \"/9j/4AAQSkZJRgABAQEAYABgAAD//gA7Q1JFQVRPUjogZ2QtanBlZyB2MS4wICh1c2luZyBJSkcgSlBFRyB2ODApLCBxdWFsaXR5ID0gODAK/9sAQwAGBAUGBQQGBgUGBwcGCAoQCgoJCQoUDg8MEBcUGBgXFBYWGh0lHxobIxwWFiAsICMmJykqKRkfLTAtKDAlKCko/9sAQwEHBwcKCAoTCgoTKBoWGigoKCgoKCgoKCgoKCgoKCgoKCgoKCgoKCgoKCgoKCgoKCgoKCgoKCgoKCgoKCgoKCgo/8AAEQgAMgAyAwEiAAIRAQMRAf/EAB8AAAEFAQEBAQEBAAAAAAAAAAABAgMEBQYHCAkKC//EALUQAAIBAwMCBAMFBQQEAAABfQECAwAEEQUSITFBBhNRYQcicRQygZGhCCNCscEVUtHwJDNicoIJChYXGBkaJSYnKCkqNDU2Nzg5OkNERUZHSElKU1RVVldYWVpjZGVmZ2hpanN0dXZ3eHl6g4SFhoeIiYqSk5SVlpeYmZqio6Slpqeoqaqys7S1tre4ubrCw8TFxsfIycrS09TV1tfY2drh4uPk5ebn6Onq8fLz9PX29/j5+v/EAB8BAAMBAQEBAQEBAQEAAAAAAAABAgMEBQYHCAkKC//EALURAAIBAgQEAwQHBQQEAAECdwABAgMRBAUhMQYSQVEHYXETIjKBCBRCkaGxwQkjM1LwFWJy0QoWJDThJfEXGBkaJicoKSo1Njc4OTpDREVGR0hJSlNUVVZXWFlaY2RlZmdoaWpzdHV2d3h5eoKDhIWGh4iJipKTlJWWl5iZmqKjpKWmp6ipqrKztLW2t7i5usLDxMXGx8jJytLT1NXW19jZ2uLj5OXm5+jp6vLz9PX29/j5+v/aAAwDAQACEQMRAD8A8y8PWDMUwCS/AwPzr6A8E6fFb6aLeNDI8gAOckE4/LvXjHw7mSa/iF3m3jDgAlsb8jt6cA/pXS6z8WYvDuprBZ2/2+xjba8hfkDuFGMZB7557V4NWFWpPlijouktTt/E/iGW48VJ4K0GSytLxYPtN/fXJAS2TICgZ6sSy/TI6dRmeE/E99pni+78G6jrEWou8Rkhu4UVSzLnfGcE4x1654Oa4Xwb44j1X4uW+rQ2jSS3y/Y5FaMY8sEFHbOeQQo4PYdKyfGmraxafFDTtXlsLhYbKRxC7QBRISW6lRg5zjNddGEoRVPyNoqKiptdT27xDFdGHytPQrkfM69c+1ccfACSzi41GVnPLEZ6/wCeT+VcxJ8aNTCrmxtck44Q/wDxVQWnxc1rV9QgtLe1tYpbgZG5S3bPr7elCpyWxo5Um7ydzfm8J24lfYqKu44G3oKKyJvE/iBJnQ/YSVYj/UH/AOKopWkVzUTm9Xt5dGna0STZJb2+G2nkMz4PP+6BXJ6kgkg2t0LAHH1r2KP4jaKJQ8vhHSriWXAZ5EVicDjJIPbFaFr470W4miWPwTojA8YFshb2x8vWnDFSitYfkcMopvc9e8M/DvwzaWwvdGsRp08qiN5ITkkKfu/PnjKg8Yzir2qx6X4U0S51m4D+YkW+R3YyN64UEnHPYcVk+F9W1O4hnV7kRRwyFEUx8nABOfzP5V5l8cdT1a5CWM94PsbEB0XgnPHWvVjJSjzoxmnFuDOA+L8LXuvWmqrCFN6iyMQoXPIIJ98H9K4bwgWi8VaHKq7gJoQR7EgH+dexNq2l6VZW2o61oa6nZzW8UMImOdjKDnB+hFZh8c+CVvYHtvBFpFcRMpR0crtI6HivNnibybjF2N3T5PdbMrU79F1K7Gekrj9TRVa/1/R5764l/siceZIzYE/Ayc/3aKjm8mM5CKYM6gkZ6jmus8Fzu/iXR40USA3UYIPI++OK5W30XU2OY4GbP+wwx+ldR4M0TVrbWorq6jSKCJZXyzY52Ntz+OKqSi9Lijuj6gttS0eQywabqWl3U6sfPEd3GWB6lQufwJP09a87+JOiTXVvLdT7BucLGNwLMx7KPbrXz1quoNatLIuN0nysduOPwqlpMdybj7TY3M0UpJZpIXZSM+4Ir1lTa9xbHM5J+91PSvGN0X+Gvh2GTChGnBz6h8fyry5phHOhUg812/iKyv8A/hCNAtzGWfbJccP0UsQOvXPBrz65tbyJ/ngZceteZCCV1c66t3Z+SNVplLE5PJoqiEmIB2/rRT5TM+19NsLPycfZLf8A79r/AIVn+PbO2j8I6g0dvCrBAQVQAjkUUV5S+NGkfjXqfHXiL/WTDtuNdb4ljS31+ZIEWJPJhO1BtGTGuTxRRX1H/L1ej/Q4Xsdf4K/f+J9Hgm/eQjT2by35XO0c46V1muWNptf/AEWD/v2KKK+er/xf67ndW+JeiOQNrb5P7iL/AL4FFFFIzP/Z\", \"amount\": 7, \"full_price\": \"136.50\", \"product_id\": \"9c427410-66d7-441a-8e70-d6d91f6923bc\", \"unit_price\": \"19.50\", \"final_price\": \"136.50\", \"unit_discount\": \"0.00\", \"total_discount\": \"0.00\", \"product_variant_id\": \"9c42747d-49d8-44fd-8686-10dfd5608b76\", \"original_unit_price\": \"19.50\"}, {\"id\": \"9c427486-66f9-4f6a-bc76-f0063571d20f\", \"sku\": \"W-S001\", \"name\": \"Elegant A-Line Skirt - (Size) S, (Colour) Bright Green\", \"type\": \"product_variant\", \"urls\": null, \"image\": \"/9j/4AAQSkZJRgABAQEAYABgAAD//gA7Q1JFQVRPUjogZ2QtanBlZyB2MS4wICh1c2luZyBJSkcgSlBFRyB2ODApLCBxdWFsaXR5ID0gODAK/9sAQwAGBAUGBQQGBgUGBwcGCAoQCgoJCQoUDg8MEBcUGBgXFBYWGh0lHxobIxwWFiAsICMmJykqKRkfLTAtKDAlKCko/9sAQwEHBwcKCAoTCgoTKBoWGigoKCgoKCgoKCgoKCgoKCgoKCgoKCgoKCgoKCgoKCgoKCgoKCgoKCgoKCgoKCgoKCgo/8AAEQgAMgAyAwEiAAIRAQMRAf/EAB8AAAEFAQEBAQEBAAAAAAAAAAABAgMEBQYHCAkKC//EALUQAAIBAwMCBAMFBQQEAAABfQECAwAEEQUSITFBBhNRYQcicRQygZGhCCNCscEVUtHwJDNicoIJChYXGBkaJSYnKCkqNDU2Nzg5OkNERUZHSElKU1RVVldYWVpjZGVmZ2hpanN0dXZ3eHl6g4SFhoeIiYqSk5SVlpeYmZqio6Slpqeoqaqys7S1tre4ubrCw8TFxsfIycrS09TV1tfY2drh4uPk5ebn6Onq8fLz9PX29/j5+v/EAB8BAAMBAQEBAQEBAQEAAAAAAAABAgMEBQYHCAkKC//EALURAAIBAgQEAwQHBQQEAAECdwABAgMRBAUhMQYSQVEHYXETIjKBCBRCkaGxwQkjM1LwFWJy0QoWJDThJfEXGBkaJicoKSo1Njc4OTpDREVGR0hJSlNUVVZXWFlaY2RlZmdoaWpzdHV2d3h5eoKDhIWGh4iJipKTlJWWl5iZmqKjpKWmp6ipqrKztLW2t7i5usLDxMXGx8jJytLT1NXW19jZ2uLj5OXm5+jp6vLz9PX29/j5+v/aAAwDAQACEQMRAD8A+k7T7orQiHfNZ1qflFUfEsVrd2Zhvo0eFPn+Y4AP50Uoc8kjOtVVKLkzYvbBJ8vGQkvXd61z+paWk4KTH7NdH7sinCv/APXrjdT0GwSP/R5JLbPKtFdTRforVxev6RqVrHi313UELfMgluEdfw3813f2bKSvFnAs1pp2kmjofEWiX1vdJHd+YUZsBySRj2NW9LgNvp8UT8Fc/wA6840rW/F9jqEMd7ry3NkXAePMbkr+GcGvTDOHOc9a5a2GnQtzdTvo4mGIXudCbBoqPzBRWBsegi5S3tHmkOERSx/CuYv9RRzELyVYwym4lZjgKMgBf1P/AHzTvE14wsYLWP707jdj+6K4vWb5p5tbaOOCZYpI7MCY/IQib2/8elI/CvYwGH9xTfU8HMsReo6a2X5sng1M6x4hvvLnSW2iYRR+Wcrj61zHxC1BbfxjArvtjS3I56dq2fh9abN8v2WO2DNu2RklfrXH+PLM6v4wSJWIJfbx+Fery2dl0PKi1zO5NZkanoWp6gLC3hsoZIolcRgPOxcbiT2AGOnc+1dHpl75lpEd2TtwT9OK0/EGnwaT4AezgULHGinHvkHNcPoN2N1xCDyjhsemRz+oavOzGPPS5l0Z6uVztVce6O3FyMdaKxhNx1orwz6Cx6Dc232meO43sxjHEfr9DXn+pW58O6Iw1qdDeSzTXMgjbKszuSME47YFd7az8DmsXxzZxX+lh5FB2cHNdcMxqUIbXSOKWV0cTU1dmxPBDrLoqTqVbcucqQRXKaFCNS+IU7HlbYFm9iTxXC6lf3GlyE6bcS20qjG6JypI9DjqK9X+A2jFvDs2taqxuL3UHLF27KvAGB+NbwzqEk246mNXhypTfuzTRa8fSrJpEkG4BXwD+deX2kLQavPcIf3ciBWGe4JP9TXq3j2CxKsPK5Ho7D+teVtKPMOOmaitmcatJ04RLw+UTw1RVJyv6G0Lk4HNFZgm4FFeZc9Wx6xaHim69zod5n/nnRRTqfAyaX8Rep89awSbl8mvo/4UgD4faVgY/dH/ANCNFFcNM9nEbI5vx2Tubk968xY/MaKK2pbM48T0JAeBRRRWpzH/2Q==\", \"amount\": 6, \"full_price\": \"173.94\", \"product_id\": \"9c427414-5cf5-480d-8324-74ea8f9e275c\", \"unit_price\": \"28.99\", \"final_price\": \"173.94\", \"unit_discount\": \"0.00\", \"total_discount\": \"0.00\", \"product_variant_id\": \"9c42747a-08cf-4517-8d40-6efa001dc9a3\", \"original_unit_price\": \"28.99\"}, {\"id\": \"9c427486-7562-4051-8de4-3cec604dcfdc\", \"sku\": \"W-S003\", \"name\": \"Floral Midi Skirt - (Size) XL\", \"type\": \"product_variant\", \"urls\": null, \"image\": \"/9j/4AAQSkZJRgABAQEAYABgAAD//gA7Q1JFQVRPUjogZ2QtanBlZyB2MS4wICh1c2luZyBJSkcgSlBFRyB2ODApLCBxdWFsaXR5ID0gODAK/9sAQwAGBAUGBQQGBgUGBwcGCAoQCgoJCQoUDg8MEBcUGBgXFBYWGh0lHxobIxwWFiAsICMmJykqKRkfLTAtKDAlKCko/9sAQwEHBwcKCAoTCgoTKBoWGigoKCgoKCgoKCgoKCgoKCgoKCgoKCgoKCgoKCgoKCgoKCgoKCgoKCgoKCgoKCgoKCgo/8AAEQgAMgAyAwEiAAIRAQMRAf/EAB8AAAEFAQEBAQEBAAAAAAAAAAABAgMEBQYHCAkKC//EALUQAAIBAwMCBAMFBQQEAAABfQECAwAEEQUSITFBBhNRYQcicRQygZGhCCNCscEVUtHwJDNicoIJChYXGBkaJSYnKCkqNDU2Nzg5OkNERUZHSElKU1RVVldYWVpjZGVmZ2hpanN0dXZ3eHl6g4SFhoeIiYqSk5SVlpeYmZqio6Slpqeoqaqys7S1tre4ubrCw8TFxsfIycrS09TV1tfY2drh4uPk5ebn6Onq8fLz9PX29/j5+v/EAB8BAAMBAQEBAQEBAQEAAAAAAAABAgMEBQYHCAkKC//EALURAAIBAgQEAwQHBQQEAAECdwABAgMRBAUhMQYSQVEHYXETIjKBCBRCkaGxwQkjM1LwFWJy0QoWJDThJfEXGBkaJicoKSo1Njc4OTpDREVGR0hJSlNUVVZXWFlaY2RlZmdoaWpzdHV2d3h5eoKDhIWGh4iJipKTlJWWl5iZmqKjpKWmp6ipqrKztLW2t7i5usLDxMXGx8jJytLT1NXW19jZ2uLj5OXm5+jp6vLz9PX29/j5+v/aAAwDAQACEQMRAD8A+qayfFuq/wBheFtX1UAM1nayzqp6MyqSB+JwK1q89+O0oHw+mtWSR1vLmCFhG207Q4c/N24QjPvSbsrsaV3Y8RPxM8XCCaddemnjjkW2WVIkCIG37pJlKgq6jBx90YGalX4keK2Eso8RHY0kdqJ08t4IUIAMzjblWzg4Py/MRxxXERWV3BrP9k6rDLFqKRzSySROCxRmV98h6SDGV2/7OeaS2Y6rewWmoNNYahOlxLctHCo+VpY5VllQcMCCBjjG3Paua73v/wAN3N7dLf12Pqb4MeKLvxV4TlutSkjku4rqSNmjYMNpwyjIA6BscgHiu9rw79nvWo7zXdetvtEclzLEk0qpEI8lXYCTA4O9ZE544VR2r3GuiN7amEt9AoooqhBXjH7U90yeBLKxRZSbu8wSgJACxu3zAfw5wD6Zz2r2evD/ANqJ7WDTfDVzqF5JbWsN25byvvsSoUbR3xncR6CplsOO54hZxrN5aWrf2OLq3hkQXVwSbvyxjbE56B/NI2njHbtUEshitbm3lnNjPmTcLmQ5kjjwGhhlHUEYTb7e2KfYKqme2t5UudHtQ8KTsQWvmGySO3AIDL0IGMZ447VW0COYx2EU0kK6ZZBxdXkiKYolk2SCEqT8v7wMpxjOccYrl6tv+v8Ag+R0eSPcvga8Vl4yu4jZ/wBnnUIWmtrb5XURBYjlXA45IyvTPr1r3qvmX4ATy3Xji2+zaNBYWcEU2SXAlCuoZVKn5iOQc9+O+a+mq3pK0bGNTV3CiiitSAr59/az1JtOi8MskkIYreMscsHm72AiHA7EBicnj65r6Crwr9pewur2+8LtY6Wb+ZGmU4x8sbbPMHI2jKgjJ6EioqNKLuXBXkjxm+lZ5Uur5Z724K/bY7+ytwirNuXblTjeFAPTPUjHeqULQyWQW6tBqNhePNO7W8ggm8uNWA80cAEt82Ovy9O1NtlazmsmuXuo7qXzrXTLdo8JaOzgK28H51AGD1PTg961nFHFpRe/3rpWlyrMti8ZJnd1AbEnPB5Yeue3WuVK39f11+Ru9f6/r/M9V+C+o3T+PPDSXA82S6jlNxNPbiF0kW3I8tP7wGD27E/T6er5b+EGnahJ8RPDurak2oTSO8kkSI2+CGN7ZgN3fcFIBboSeuev1JW9C3LoZVb82oUUUVsZBTZY0ljaOVFdGGGVhkEehFFFDApJoulI0LJplirQf6oiBAY+c/LxxzzxU0VhZxTyzxWluk0rbpJFjAZzjGSccnAAoorMtksEENuhS3ijiQnJVFCjPrxUlFFaEBRRRQB//9k=\", \"amount\": 9, \"full_price\": \"206.91\", \"product_id\": \"9c427418-4736-4bac-99cc-ada2a171a3ae\", \"unit_price\": \"22.99\", \"final_price\": \"206.91\", \"unit_discount\": \"0.00\", \"total_discount\": \"0.00\", \"product_variant_id\": \"9c42747d-80ce-4a5b-b765-15e268bbed0f\", \"original_unit_price\": \"22.99\"}, {\"id\": \"9c427486-5908-436d-af6c-96fea08066bc\", \"sku\": \"W-TR001\", \"name\": \"Classic Dress Trousers - (Size) XS\", \"type\": \"product_variant\", \"urls\": null, \"image\": \"/9j/4AAQSkZJRgABAQEAYABgAAD//gA7Q1JFQVRPUjogZ2QtanBlZyB2MS4wICh1c2luZyBJSkcgSlBFRyB2ODApLCBxdWFsaXR5ID0gODAK/9sAQwAGBAUGBQQGBgUGBwcGCAoQCgoJCQoUDg8MEBcUGBgXFBYWGh0lHxobIxwWFiAsICMmJykqKRkfLTAtKDAlKCko/9sAQwEHBwcKCAoTCgoTKBoWGigoKCgoKCgoKCgoKCgoKCgoKCgoKCgoKCgoKCgoKCgoKCgoKCgoKCgoKCgoKCgoKCgo/8AAEQgAMgAyAwEiAAIRAQMRAf/EAB8AAAEFAQEBAQEBAAAAAAAAAAABAgMEBQYHCAkKC//EALUQAAIBAwMCBAMFBQQEAAABfQECAwAEEQUSITFBBhNRYQcicRQygZGhCCNCscEVUtHwJDNicoIJChYXGBkaJSYnKCkqNDU2Nzg5OkNERUZHSElKU1RVVldYWVpjZGVmZ2hpanN0dXZ3eHl6g4SFhoeIiYqSk5SVlpeYmZqio6Slpqeoqaqys7S1tre4ubrCw8TFxsfIycrS09TV1tfY2drh4uPk5ebn6Onq8fLz9PX29/j5+v/EAB8BAAMBAQEBAQEBAQEAAAAAAAABAgMEBQYHCAkKC//EALURAAIBAgQEAwQHBQQEAAECdwABAgMRBAUhMQYSQVEHYXETIjKBCBRCkaGxwQkjM1LwFWJy0QoWJDThJfEXGBkaJicoKSo1Njc4OTpDREVGR0hJSlNUVVZXWFlaY2RlZmdoaWpzdHV2d3h5eoKDhIWGh4iJipKTlJWWl5iZmqKjpKWmp6ipqrKztLW2t7i5usLDxMXGx8jJytLT1NXW19jZ2uLj5OXm5+jp6vLz9PX29/j5+v/aAAwDAQACEQMRAD8A7yGOrZUiNivUDIpkK1YkU+RJjOdpxjr0qgPlXw54JvfEujC6tYpWmmuDI0gXdwq8dSPvMzd/4a7jRvgpq2oQzB5XRgdhRkjXPH97zD7dj1r0n4U6RZ213dabptzcJbW8CIqE7grEbmPPqWP4YrqNNk1CLVNT01Z4Umgfh87i5KKRwR8o6dz3+tQ8RNN8rsmdKwsLWmrtepzXhb+0n8OWa65az2upRKYp0mTaSykruHYg4zkcc1ZuE4rbuoHhPlSvvdOCdxPPU8nnrmsu4Wne+pzySi7Io7T6UVPtooEbUNXIhVCFxV2JxVMDP8OWtvpfjR4rVDHFPbB9u4kBtzZwD0HTgcVn2jNH8TNbYHh/LfGf9gD+lP1iSS08SWl7AzF/IZNpPykZ/wDrj8qpWVyz/EHUYwwO+CN246EKB/7MKwlud1O/Ld9jpbnLszHqTms64WtKUiqFxg1qcJV2e1FTgCigCeKBverkUDe9XRo98p+Xy2/GrUFlfxn5rZHHtIKsRzmu26wxQ3MzBVjJXLHA+Yf4gVznhW1e88X3moQjfbXUW6KVehUEDH1+WtL412viO48L2lp4d068N3Jdxsz2/wA+FUE4OOnzBeTxVL4D6hd3Oqaro+p6VLaPaKJId8bKUGcFWzxn5hjHoazcbu50wqWg0/M7RtMkPrUEmjO3Y1362a/3akFip/hFWcx5z/YsnoaK9G+wL/doo0AorUsdFFAEh6VNB1oooGWUqVaKKTAdRRRSA//Z\", \"amount\": 5, \"full_price\": \"149.95\", \"product_id\": \"9c42741f-c8c5-4197-b78a-2aec13df1767\", \"unit_price\": \"29.99\", \"final_price\": \"149.95\", \"unit_discount\": \"0.00\", \"total_discount\": \"0.00\", \"product_variant_id\": \"9c42747d-a74c-49fa-b695-0538091660d4\", \"original_unit_price\": \"29.99\"}, {\"id\": \"9c427486-63bf-4a39-a20f-8c2a56c1a620\", \"sku\": \"W-TR003\", \"name\": \"Sporty Track Pants - (Size) XL\", \"type\": \"product_variant\", \"urls\": null, \"image\": \"/9j/4AAQSkZJRgABAQEAYABgAAD//gA7Q1JFQVRPUjogZ2QtanBlZyB2MS4wICh1c2luZyBJSkcgSlBFRyB2ODApLCBxdWFsaXR5ID0gODAK/9sAQwAGBAUGBQQGBgUGBwcGCAoQCgoJCQoUDg8MEBcUGBgXFBYWGh0lHxobIxwWFiAsICMmJykqKRkfLTAtKDAlKCko/9sAQwEHBwcKCAoTCgoTKBoWGigoKCgoKCgoKCgoKCgoKCgoKCgoKCgoKCgoKCgoKCgoKCgoKCgoKCgoKCgoKCgoKCgo/8AAEQgAMgAyAwEiAAIRAQMRAf/EAB8AAAEFAQEBAQEBAAAAAAAAAAABAgMEBQYHCAkKC//EALUQAAIBAwMCBAMFBQQEAAABfQECAwAEEQUSITFBBhNRYQcicRQygZGhCCNCscEVUtHwJDNicoIJChYXGBkaJSYnKCkqNDU2Nzg5OkNERUZHSElKU1RVVldYWVpjZGVmZ2hpanN0dXZ3eHl6g4SFhoeIiYqSk5SVlpeYmZqio6Slpqeoqaqys7S1tre4ubrCw8TFxsfIycrS09TV1tfY2drh4uPk5ebn6Onq8fLz9PX29/j5+v/EAB8BAAMBAQEBAQEBAQEAAAAAAAABAgMEBQYHCAkKC//EALURAAIBAgQEAwQHBQQEAAECdwABAgMRBAUhMQYSQVEHYXETIjKBCBRCkaGxwQkjM1LwFWJy0QoWJDThJfEXGBkaJicoKSo1Njc4OTpDREVGR0hJSlNUVVZXWFlaY2RlZmdoaWpzdHV2d3h5eoKDhIWGh4iJipKTlJWWl5iZmqKjpKWmp6ipqrKztLW2t7i5usLDxMXGx8jJytLT1NXW19jZ2uLj5OXm5+jp6vLz9PX29/j5+v/aAAwDAQACEQMRAD8A3LGDpxW1bwDHSqlgnA4rat06cUizlPEtzqem+INDms7R7mzecRSRohYsWDKex5AYEe4HrmptD8Pavpeu6/LqFmq2k0iSrcCVdiqqBQuMDknJ6D6V6f4UuVjultNis0yyMob1G3/GqPxVlmj0F4LURBj+9baTkhCGIx3GAaxUHzOSZ0e0XKqbRyssAqpND7VpxHzbWGTBBZASD24qCRc1rcx20M7yKKu+WPSimA2wHArYtx0rIsegrYg7UEmT4p8Wy+GjbtaTRQzorMTIoIKsQO/+7Xn178UdZ1bUbeS8uLFrGKTbKY4sZj3YIHJ5Irf+Ltup06CbaNxV0JP5/wCNeNeB41vdU0LT5EAAv1LqBjK7t38jXXThD2e3czcnzH0uoYQJ5nDkZb6nrVaXrV246VQlPNca0Nr31EyKKi3e1FMQ2xkQAc1sQSJxzV230UKB8lX49KAH3adibnnfxXUP4SeWPG6KQN+BBH8yK8T+GDNN4/0RigGckn3VG/8Aia+i/ibpLSeB9U8pMvGiy49QrAn9Aa8K+DWnlvHNrPMypBaQSsXdgvJG3GDzn5q6YNKk7kPV6HvM8ikVnzyDnFX7ma15CSq3+7zWfJ8+RGrn8K5bGiZB5g9aKd9nn/55t+VFFh3PVUAx0FSY4ooqzMyvFChvD+phgCDaygg9/kNfOvgy2gHxUnUQxbfso42DH36KKr7I49T6Gs7S2SJdtvCvHZAKmMUY6RoPwFFFQIi2L/dX8qKKKAP/2Q==\", \"amount\": 2, \"full_price\": \"45.98\", \"product_id\": \"9c427423-8dc7-4a04-8a33-d838f1989a0d\", \"unit_price\": \"22.99\", \"final_price\": \"45.98\", \"unit_discount\": \"0.00\", \"total_discount\": \"0.00\", \"product_variant_id\": \"9c42747d-c715-4da5-8831-fe9c2d4b60d5\", \"original_unit_price\": \"22.99\"}, {\"id\": \"9c427486-60da-4566-afc0-c0e767ceb8f0\", \"sku\": \"W-SN002\", \"name\": \"Sporty Running Sneakers - (Size) 10, (Colour) Bright Green\", \"type\": \"product_variant\", \"urls\": null, \"image\": \"/9j/4AAQSkZJRgABAQEAYABgAAD//gA7Q1JFQVRPUjogZ2QtanBlZyB2MS4wICh1c2luZyBJSkcgSlBFRyB2ODApLCBxdWFsaXR5ID0gODAK/9sAQwAGBAUGBQQGBgUGBwcGCAoQCgoJCQoUDg8MEBcUGBgXFBYWGh0lHxobIxwWFiAsICMmJykqKRkfLTAtKDAlKCko/9sAQwEHBwcKCAoTCgoTKBoWGigoKCgoKCgoKCgoKCgoKCgoKCgoKCgoKCgoKCgoKCgoKCgoKCgoKCgoKCgoKCgoKCgo/8AAEQgAMgAyAwEiAAIRAQMRAf/EAB8AAAEFAQEBAQEBAAAAAAAAAAABAgMEBQYHCAkKC//EALUQAAIBAwMCBAMFBQQEAAABfQECAwAEEQUSITFBBhNRYQcicRQygZGhCCNCscEVUtHwJDNicoIJChYXGBkaJSYnKCkqNDU2Nzg5OkNERUZHSElKU1RVVldYWVpjZGVmZ2hpanN0dXZ3eHl6g4SFhoeIiYqSk5SVlpeYmZqio6Slpqeoqaqys7S1tre4ubrCw8TFxsfIycrS09TV1tfY2drh4uPk5ebn6Onq8fLz9PX29/j5+v/EAB8BAAMBAQEBAQEBAQEAAAAAAAABAgMEBQYHCAkKC//EALURAAIBAgQEAwQHBQQEAAECdwABAgMRBAUhMQYSQVEHYXETIjKBCBRCkaGxwQkjM1LwFWJy0QoWJDThJfEXGBkaJicoKSo1Njc4OTpDREVGR0hJSlNUVVZXWFlaY2RlZmdoaWpzdHV2d3h5eoKDhIWGh4iJipKTlJWWl5iZmqKjpKWmp6ipqrKztLW2t7i5usLDxMXGx8jJytLT1NXW19jZ2uLj5OXm5+jp6vLz9PX29/j5+v/aAAwDAQACEQMRAD8AzbSJV4hiye7Ma0YLRdwdHAfvSRnzB7U+7Y2Gn3F4cBYY2kyemQOAfqcD8a8tJyaiup7cmoRcn0MHxNJYXlrNamWZ5g6xKY49ymQsFC5yOcn3r2GIW/h7wzbq5EccEIHPGMCvnPXPG7fa9O0/T5Vi03TfJmhGwHfcBVMjv/eO/djOeOPet/XPGep+LbGH7QkcEIHKw5w59ee3tXTisOo2jDZdTkweJc25VN3sjH+IOvzeJdQb5iLVD8i+vvVbwnYxSHawbcPQVLFpplYfLzXceHNEjgiV5I9r+o4zWLajHlRuk5y5mQroNttH7qLp/dFFdJ9ig/uCisuY25UV1sA5DQMEJ6qelcf8UdXNlpZ0kyrvIWScp1ORlU/I7j/wH0ru9OdM4dWTPQueDXlnj/wlrWo+JJ5bWGedZWG0bDtC4AyGHHbkHB9j1rqwjipuUumxx41ScFGPV6nm+hWFxq96LW3Xofmb+6K9m0jw/cx2kUaxgBFCgtyeBTvDng+LwnYfadQuImunG6THQYGcD2HrXK3Wu+Ib/wAS2tzphuI7BpfKVuiEDG78hXQqUsQ9HaP5s5XWjhlqry3a7I9Et9GS2xLfTRRJ6uwUfrW7YT2k8bLZ3EM4TG4IwO30rxy8ur2fV5Had5ImbBLFmBH1xxXUfDqKWXVbm7j3fZo4zBuHR3JVjj6AD/voVdfL40qbm5aozw2ZyrVVBR0Z6HtHofzoqPy5PQ/nRXkntkNqFGAJTGfpnNa0UcZQbwsmO5rk7SeULhZlI9CORV+K/uIeh8wUyTlfijqC215FaywObSWMA7W2cgk4z7+nfFYFhd6rrdrFpOlReXZw5AGfljB65Pv19ep9a9GvLm0v1AvLXJXjp+mD1HtzTreaOGIR6fAUA6kpsA/T+VejTx7p0lBLVHlVctVSs6jej3MbQvh9ZxBZNZuJrnuYY28pD7HGW/IiusAsbGJYrSO3toIxtSKIYVR/MnuSeTWduLZaZS/1fAqrc3TqCEghA+ua5amIqVdJM7qWGp0dYIvnUIMn95RWF9quf7sH/fNFYWN7kKn5EPerFqxy3J6UUU2CLkHzDLcn3qVycdaKKQzMu3bzFG449M0rE7aKKYikWOTyfzooopiP/9k=\", \"amount\": 7, \"full_price\": \"202.65\", \"product_id\": \"9c42742d-6062-45d9-bd66-800979f535b1\", \"unit_price\": \"28.95\", \"final_price\": \"202.65\", \"unit_discount\": \"0.00\", \"total_discount\": \"0.00\", \"product_variant_id\": \"9c42747a-7286-4ff1-ba34-9689d00e6b59\", \"original_unit_price\": \"28.95\"}, {\"id\": \"9c427486-56c1-45bd-90b3-600782fac90d\", \"sku\": \"W-BO001\", \"name\": \"Classic Ankle Boots - (Size) 9, (Colour) Midnight Blue\", \"type\": \"product_variant\", \"urls\": null, \"image\": \"/9j/4AAQSkZJRgABAQEAYABgAAD//gA7Q1JFQVRPUjogZ2QtanBlZyB2MS4wICh1c2luZyBJSkcgSlBFRyB2ODApLCBxdWFsaXR5ID0gODAK/9sAQwAGBAUGBQQGBgUGBwcGCAoQCgoJCQoUDg8MEBcUGBgXFBYWGh0lHxobIxwWFiAsICMmJykqKRkfLTAtKDAlKCko/9sAQwEHBwcKCAoTCgoTKBoWGigoKCgoKCgoKCgoKCgoKCgoKCgoKCgoKCgoKCgoKCgoKCgoKCgoKCgoKCgoKCgoKCgo/8AAEQgAMgAyAwEiAAIRAQMRAf/EAB8AAAEFAQEBAQEBAAAAAAAAAAABAgMEBQYHCAkKC//EALUQAAIBAwMCBAMFBQQEAAABfQECAwAEEQUSITFBBhNRYQcicRQygZGhCCNCscEVUtHwJDNicoIJChYXGBkaJSYnKCkqNDU2Nzg5OkNERUZHSElKU1RVVldYWVpjZGVmZ2hpanN0dXZ3eHl6g4SFhoeIiYqSk5SVlpeYmZqio6Slpqeoqaqys7S1tre4ubrCw8TFxsfIycrS09TV1tfY2drh4uPk5ebn6Onq8fLz9PX29/j5+v/EAB8BAAMBAQEBAQEBAQEAAAAAAAABAgMEBQYHCAkKC//EALURAAIBAgQEAwQHBQQEAAECdwABAgMRBAUhMQYSQVEHYXETIjKBCBRCkaGxwQkjM1LwFWJy0QoWJDThJfEXGBkaJicoKSo1Njc4OTpDREVGR0hJSlNUVVZXWFlaY2RlZmdoaWpzdHV2d3h5eoKDhIWGh4iJipKTlJWWl5iZmqKjpKWmp6ipqrKztLW2t7i5usLDxMXGx8jJytLT1NXW19jZ2uLj5OXm5+jp6vLz9PX29/j5+v/aAAwDAQACEQMRAD8A9Hs7c8VrwWxx0qaytMAZFakUGO1fHKLkfWV8Tdnyn4ztvsXxB8Z2BHEhjuh+Kgk/+RKwPDT4Yc967P4z+XB8Y7lEwGuNOUP9QpP8kFcDoblZWHoa+kpa0437I86i7yZ1+q3eLVgWzxW/8GLcyWWszjo0yJn6An/2auB1e4OwjPavY/gTYZ8CTTEfNNeSNn2Cqv8ASuXHO1Fno0JqnNM1TbcmiugNlyeKK8XmPY+toh1f4oeDdB1aXTdS1cR3cJ2yqkEkgQ+hKqRn27Vi698e/B2nWrNpb3Wq3GPljihaJc/7TOBgfQGvHPjV8N9d0TxFqutpbtd6ReXMlz58ILeTvYsVkHUYz16e/avKa92jg6Timnc+MnVk3qdfqXiS78X/ABFXWNQVYpbqdF8uP7saABQoz7Dn15pNHIa5lC5+8az/AAjas95LeEfJbIce8jAhR/M/hXQ6Rpz2l1KJByDz9a7GklZG2FT1ZV1PJYg19FfAJA3w2gwQSLiUEDtznn8Dn8a+edXxJcFQdq/xH0r079nbX2tfEl3ocjH7NfR+ZCpP3ZEH9VBz/uiuTFQ56bR21NFc9yNuMniitExjNFeL7Ij2zNNrYMhDD5SOc14n8Q/DvwuspJrnUYLV7w5Pk2R2lm99pAH413vx3l1uL4c3i+GrO4u7uZ1jlW3QtIsXJYgDnsB34Jr5B0/xHBZ3Dpqun5lDHPmKVI9sV9EsOo6o82lVi/jdjrtMtItQ1NX0+xSx0yJ90UKjr7k9z71e1k22nWrecp8zn5h/F71lRfEHSYogIoHQ46Dp/Kud1HWL7xfqcOn6NZz3VxMdscMQyWP+Hr0+ta8j2On29OPUytU1QzSkQgLGD949M/411nwPmaT4m6EoLEmYjPT+E1yV74P8VWmoNb33h7VEcZAxauysQf4SBg/hXp3wG8D+JofiTpF7e6Lf2ljbO7yzXEBiUDYwH3gM5JA4qvZxtY5auMnN2WiPqv7OfSitfYvpRXJ9UiR9YZFqPFjNj+4a+UviPY2kt5O8lrA78/M0YJoorqe5NL4WeMrDF9vC+Um3eRjaMV9efs8aZYWuiXFxbWVrDO7bXkjiVWYDoCQMmiirZkevkDPQUY5oopCCiiigR//Z\", \"amount\": 10, \"full_price\": \"279.50\", \"product_id\": \"9c427436-8ecf-42ba-bf14-a29bcdd197a7\", \"unit_price\": \"27.95\", \"final_price\": \"279.50\", \"unit_discount\": \"0.00\", \"total_discount\": \"0.00\", \"product_variant_id\": \"9c427477-a7ec-477b-ac8f-a78a0d1f4263\", \"original_unit_price\": \"27.95\"}, {\"id\": \"9c427486-5410-472a-92a6-01c3531e602c\", \"sku\": \"W-BO003\", \"name\": \"Fashion Knee-High Boots - (Size) 8\", \"type\": \"product_variant\", \"urls\": null, \"image\": \"/9j/4AAQSkZJRgABAQEAYABgAAD//gA7Q1JFQVRPUjogZ2QtanBlZyB2MS4wICh1c2luZyBJSkcgSlBFRyB2ODApLCBxdWFsaXR5ID0gODAK/9sAQwAGBAUGBQQGBgUGBwcGCAoQCgoJCQoUDg8MEBcUGBgXFBYWGh0lHxobIxwWFiAsICMmJykqKRkfLTAtKDAlKCko/9sAQwEHBwcKCAoTCgoTKBoWGigoKCgoKCgoKCgoKCgoKCgoKCgoKCgoKCgoKCgoKCgoKCgoKCgoKCgoKCgoKCgoKCgo/8AAEQgAMgAyAwEiAAIRAQMRAf/EAB8AAAEFAQEBAQEBAAAAAAAAAAABAgMEBQYHCAkKC//EALUQAAIBAwMCBAMFBQQEAAABfQECAwAEEQUSITFBBhNRYQcicRQygZGhCCNCscEVUtHwJDNicoIJChYXGBkaJSYnKCkqNDU2Nzg5OkNERUZHSElKU1RVVldYWVpjZGVmZ2hpanN0dXZ3eHl6g4SFhoeIiYqSk5SVlpeYmZqio6Slpqeoqaqys7S1tre4ubrCw8TFxsfIycrS09TV1tfY2drh4uPk5ebn6Onq8fLz9PX29/j5+v/EAB8BAAMBAQEBAQEBAQEAAAAAAAABAgMEBQYHCAkKC//EALURAAIBAgQEAwQHBQQEAAECdwABAgMRBAUhMQYSQVEHYXETIjKBCBRCkaGxwQkjM1LwFWJy0QoWJDThJfEXGBkaJicoKSo1Njc4OTpDREVGR0hJSlNUVVZXWFlaY2RlZmdoaWpzdHV2d3h5eoKDhIWGh4iJipKTlJWWl5iZmqKjpKWmp6ipqrKztLW2t7i5usLDxMXGx8jJytLT1NXW19jZ2uLj5OXm5+jp6vLz9PX29/j5+v/aAAwDAQACEQMRAD8A+qaCQoJPAHJoqC+z9huNuc+W2MfSgD518a/GnxNpWuQW9imniGQbirQkkc+u6vZPh/4jvfEFvcG/jgR4ljYGEEA7t3Yk/wB2vkn4gHd4otz1Hlhv1FfUPweUfYLx/VYl/Rj/AFrKLbZ6FelCNK6Wp6FRRRWp54UUUUAFBGRg9KKKAPiD4lwm28YRwYwYgYiPcPg/yr6e+DHOg3jdxMqflGh/9mr52+N0Qg+JU4X+KeRvxLk/1r6J+DB26FfRk/P9oVz9DEg/9lNZR+I9Ku70bnoNFFFanmhRRRQAUUUUAfFHxB1SLXPEV1eo2JjIz4I+6Sc4r2j4L+JY0e3WZgI71Ehdiekg+7+ZJH1YVxnw0+H2meJfGfxE0vV1kH2a6xbTRuQ0LeZICR2PQcHisO+03U/hl4hm0rWFaewmO6GaMELIv95fQ+o6g/gTlZp3PSU4VI+zPr6ivE/DHxVvpWhtoom1pRgYgtpGnx7lQQT74Hv617YOlaJ3OCdNwdmFFFFMgKKKKAAAAkgDJpskaSgCRFcDkBhmiigBVUKMKAB6CloooAKKKKAP/9k=\", \"amount\": 3, \"full_price\": \"89.97\", \"product_id\": \"9c42743a-34af-4ae7-9298-273fbd731492\", \"unit_price\": \"29.99\", \"final_price\": \"89.97\", \"unit_discount\": \"0.00\", \"total_discount\": \"0.00\", \"product_variant_id\": \"9c42747e-52e2-435b-8bf8-3629f68206ff\", \"original_unit_price\": \"29.99\"}, {\"id\": \"9c427486-6fdf-4c2f-8488-d3d591cc77d1\", \"sku\": \"M-LO001\", \"name\": \"Classic Leather Loafers - (Size) 9, (Colour) Dark Gray\", \"type\": \"product_variant\", \"urls\": null, \"image\": \"/9j/4AAQSkZJRgABAQEAYABgAAD//gA7Q1JFQVRPUjogZ2QtanBlZyB2MS4wICh1c2luZyBJSkcgSlBFRyB2ODApLCBxdWFsaXR5ID0gODAK/9sAQwAGBAUGBQQGBgUGBwcGCAoQCgoJCQoUDg8MEBcUGBgXFBYWGh0lHxobIxwWFiAsICMmJykqKRkfLTAtKDAlKCko/9sAQwEHBwcKCAoTCgoTKBoWGigoKCgoKCgoKCgoKCgoKCgoKCgoKCgoKCgoKCgoKCgoKCgoKCgoKCgoKCgoKCgoKCgo/8AAEQgAMgAyAwEiAAIRAQMRAf/EAB8AAAEFAQEBAQEBAAAAAAAAAAABAgMEBQYHCAkKC//EALUQAAIBAwMCBAMFBQQEAAABfQECAwAEEQUSITFBBhNRYQcicRQygZGhCCNCscEVUtHwJDNicoIJChYXGBkaJSYnKCkqNDU2Nzg5OkNERUZHSElKU1RVVldYWVpjZGVmZ2hpanN0dXZ3eHl6g4SFhoeIiYqSk5SVlpeYmZqio6Slpqeoqaqys7S1tre4ubrCw8TFxsfIycrS09TV1tfY2drh4uPk5ebn6Onq8fLz9PX29/j5+v/EAB8BAAMBAQEBAQEBAQEAAAAAAAABAgMEBQYHCAkKC//EALURAAIBAgQEAwQHBQQEAAECdwABAgMRBAUhMQYSQVEHYXETIjKBCBRCkaGxwQkjM1LwFWJy0QoWJDThJfEXGBkaJicoKSo1Njc4OTpDREVGR0hJSlNUVVZXWFlaY2RlZmdoaWpzdHV2d3h5eoKDhIWGh4iJipKTlJWWl5iZmqKjpKWmp6ipqrKztLW2t7i5usLDxMXGx8jJytLT1NXW19jZ2uLj5OXm5+jp6vLz9PX29/j5+v/aAAwDAQACEQMRAD8A1YTaqOY8H6f/AF6laazx0wR7GogXIztcfVRTXV2zw3/fsVwKJ6N0R3F1Bn5WYfRBWdcXkSqTlz+Ap+sTJp1hLd3W9IYxydgzknAH51wi+MLeeYLcxvbo/CSZDJ9GOODWkYXVyHPWx0Nxfxk/xflWfLfRnOVJ/AVKbO4uEDxDcjDIZcEEfWq82l3QBOCPriq5ULmIftUX90/kKKj/ALPuPainyi5j1CaYW0Ek1zNFHDGNzMxwAK4Bvi3ptvqLW11YXUUYOFlG1gR2bHHH50vj/XUu/DVxAiyA70ZiRwQGHv8ASvKHjgukVJvmUfdIPK/T29qqnSUldkTqNOx7H4l1GPxd4auINGmt7j7sgMRO9cHPzIQGA/CvI7HVNX8MawtwI2jkU4YModHHQgg8EH3re8AP/Y/iWC4jiimCqRl+cZGOB617Gtvo3iGPydUhhWUjiRhjP/Ah/WtI05xjdLQiUot76nPeC9U0XV5TLZ20entNHmS1hY7BJn5nRScAYA+UdOa6d9GeUExSxsK5+X4W3ul3bXHhvUrXymO77LdhtoPqrKMg/hXQeHNH1wXobWUt4UiztMc+8Pxj0B/Oi9KUNNGg/eKWuqK58PTZ++v50V2f9nr/AH0/M0VzcxtY8z1TwxNNGwRAyn+HFed634NntXaWCKSI9cAfKa9y+1N1Ea474NNllSTho0I9KUakkXKmnufNsV01hcj7UktvMp4ccA/0NddpXjQRRhZjFKP7wbafy5r1O60vSrtCtxp8D56kgVkTeBvDMxy+kR/8BYj+tdUMU0c8sPfqXPh14vl1DVEs4nD2u0kox3FeO3oK9N8yKQDeq1wXh/TdO8PRMmk2UdsrHLYOSfqSc1pvq7L1/pWNSftJXSsaQjyKzZ1gWDH8P60Vx51lv8kUVnZllVQNx4qF/wDWGiis0asZk5PJqNZH80je2PrRRVIhjZJH/vt+dRmRznLsfxooq0QyLcfU0UUUxn//2Q==\", \"amount\": 8, \"full_price\": \"239.92\", \"product_id\": \"9c427441-6d77-4a9b-b668-7906aca48814\", \"unit_price\": \"29.99\", \"final_price\": \"239.92\", \"unit_discount\": \"0.00\", \"total_discount\": \"0.00\", \"product_variant_id\": \"9c42747b-1386-4396-b005-a5a83af8590c\", \"original_unit_price\": \"29.99\"}, {\"id\": \"9c427486-72a5-484b-9827-7e105408fe40\", \"sku\": \"M-BO001\", \"name\": \"Classic Leather Boots - (Size) 8\", \"type\": \"product_variant\", \"urls\": null, \"image\": \"/9j/4AAQSkZJRgABAQEAYABgAAD//gA7Q1JFQVRPUjogZ2QtanBlZyB2MS4wICh1c2luZyBJSkcgSlBFRyB2ODApLCBxdWFsaXR5ID0gODAK/9sAQwAGBAUGBQQGBgUGBwcGCAoQCgoJCQoUDg8MEBcUGBgXFBYWGh0lHxobIxwWFiAsICMmJykqKRkfLTAtKDAlKCko/9sAQwEHBwcKCAoTCgoTKBoWGigoKCgoKCgoKCgoKCgoKCgoKCgoKCgoKCgoKCgoKCgoKCgoKCgoKCgoKCgoKCgoKCgo/8AAEQgAMgAyAwEiAAIRAQMRAf/EAB8AAAEFAQEBAQEBAAAAAAAAAAABAgMEBQYHCAkKC//EALUQAAIBAwMCBAMFBQQEAAABfQECAwAEEQUSITFBBhNRYQcicRQygZGhCCNCscEVUtHwJDNicoIJChYXGBkaJSYnKCkqNDU2Nzg5OkNERUZHSElKU1RVVldYWVpjZGVmZ2hpanN0dXZ3eHl6g4SFhoeIiYqSk5SVlpeYmZqio6Slpqeoqaqys7S1tre4ubrCw8TFxsfIycrS09TV1tfY2drh4uPk5ebn6Onq8fLz9PX29/j5+v/EAB8BAAMBAQEBAQEBAQEAAAAAAAABAgMEBQYHCAkKC//EALURAAIBAgQEAwQHBQQEAAECdwABAgMRBAUhMQYSQVEHYXETIjKBCBRCkaGxwQkjM1LwFWJy0QoWJDThJfEXGBkaJicoKSo1Njc4OTpDREVGR0hJSlNUVVZXWFlaY2RlZmdoaWpzdHV2d3h5eoKDhIWGh4iJipKTlJWWl5iZmqKjpKWmp6ipqrKztLW2t7i5usLDxMXGx8jJytLT1NXW19jZ2uLj5OXm5+jp6vLz9PX29/j5+v/aAAwDAQACEQMRAD8A8NstGe7dRGuyQjKlGJBrovD/AIamMxj1GEDb0OOeteo6XoVvGiBYxnoCB0rpoh4Z0wQRa1eFr6SNpxAijIRQTyT9DWDqnSqaONsPDgQ+RNZrJA6/eI6HHrVXUdBtQ/lMpjWEblHXdV+++JSaTrs9re6TE9hFIU/cyMH2Z4YE8E4wegqTxPr3hHTGtrrV9YuPJu4Eure3tbZmllibOCS2FXoR1OCDWak3qjSdJw3R5jqkZDyMyjk/eH1rFd/lbaDnOa7nUfiF4QkCpZ+EpbiyKjLT37JKG7/dGPT9au+GtF8OePI7248M2t3ZXVgqyTWMsgl3oc5ZGwCcEcgjv17VrGdtzB0pLU4FPMKKdvUf3aK9XXwY20Yhlxj+7/8AWoqvaIOQ6/QNKgnQx3VzNHIp3CSAeUT/AENcF+0JZRaRp+j6gG86RpXtnDMAzxMuSBj0x17Z969E0G+06ecLZ3UsUmcGKdHQg/RgK8q/ahmbf4djadHQLOdg4IP7vn9P51lHcq7uVvhlJo3iTW7R9bdZikXkFZ14mZeFLe5TGPdW9K1v2ifCtvp3gnR5rG3l8vTZzBC65YLbyAttZjk/K4AGezeua8R8P6gtneRucgqwIPoa+ovAvjiz1TRxY649vNE67GEnIYHswNZSl7OZ3um61PmTufJdpOqnZKfk6jIyAf8ACvoP4PeJ/BWkzWV3Ar6dq6w+TMyf6ucYGQcj1wexyPSk8Z/Bjw9qMk154X1q205my32eaQNFn0B6r+v0r5/vYrjStQntJmQywSGNijZUkHGQe4rbSqtDm/hO09UfcI1/w8wDLe4B5AEg4/SiviYavdgACWT8zRUezn3L/wBnPphdfu0t7eWCQS7iQMEOvB4xjO3/AIFj2HavMfiuPFPjHVLCOW0s7mS2DRwmwBy4OM7icZ+6OeB1q/pmuxW7O11GLvPygSYIVfQAgj866vSPiBbWUii1sY7dOmIiF/UDOPbNbKMo7HLKcGjyWT4UeL7ZYmawjeRxuMSTKWX2Pao7zw54n0mPF9o+rwIOrrbM4/MHFfQNv44W6O6MQAnse1RXOrai0xk0zUI7FGGGQQCUN7/MSB+Ap8k5bolVVD4ZNHzjZXMJukTyLy5nJAAf5R9Co5P/AH0K948MeCPBM1ja/wBuaffXl/OqtseEQrFxnAUNk/7zEk4HNa9jIrS+beJp09wRhpRZiNiPqp4NX5XjBBhZkwcjDGhwn0QvaQesmZ5+GvgdiSnh2HaeRmabOPwNFaS3R2jc5J7naOf0oqPZ1R89I+byTnqanhY7upooroMTUgZsL8x/Out8OSO0DhnYgdMmiinDcmWxtW7NnqfzrSRjs6n86KK0IJwTgc0UUUgP/9k=\", \"amount\": 7, \"full_price\": \"195.93\", \"product_id\": \"9c42744c-b4d2-4b9f-a7fc-b0e19bbd9207\", \"unit_price\": \"27.99\", \"final_price\": \"195.93\", \"unit_discount\": \"0.00\", \"total_discount\": \"0.00\", \"product_variant_id\": \"9c42747e-eda5-4425-9015-eb6ed42b6a37\", \"original_unit_price\": \"27.99\"}, {\"id\": \"9c427486-6cfd-4cb7-b15b-af7bf1160e3c\", \"sku\": \"M-BO003\", \"name\": \"Outdoor Hiking Boots - (Size) 10, (Colour) Midnight Blue\", \"type\": \"product_variant\", \"urls\": null, \"image\": \"/9j/4AAQSkZJRgABAQEAYABgAAD//gA7Q1JFQVRPUjogZ2QtanBlZyB2MS4wICh1c2luZyBJSkcgSlBFRyB2ODApLCBxdWFsaXR5ID0gODAK/9sAQwAGBAUGBQQGBgUGBwcGCAoQCgoJCQoUDg8MEBcUGBgXFBYWGh0lHxobIxwWFiAsICMmJykqKRkfLTAtKDAlKCko/9sAQwEHBwcKCAoTCgoTKBoWGigoKCgoKCgoKCgoKCgoKCgoKCgoKCgoKCgoKCgoKCgoKCgoKCgoKCgoKCgoKCgoKCgo/8AAEQgAMgAyAwEiAAIRAQMRAf/EAB8AAAEFAQEBAQEBAAAAAAAAAAABAgMEBQYHCAkKC//EALUQAAIBAwMCBAMFBQQEAAABfQECAwAEEQUSITFBBhNRYQcicRQygZGhCCNCscEVUtHwJDNicoIJChYXGBkaJSYnKCkqNDU2Nzg5OkNERUZHSElKU1RVVldYWVpjZGVmZ2hpanN0dXZ3eHl6g4SFhoeIiYqSk5SVlpeYmZqio6Slpqeoqaqys7S1tre4ubrCw8TFxsfIycrS09TV1tfY2drh4uPk5ebn6Onq8fLz9PX29/j5+v/EAB8BAAMBAQEBAQEBAQEAAAAAAAABAgMEBQYHCAkKC//EALURAAIBAgQEAwQHBQQEAAECdwABAgMRBAUhMQYSQVEHYXETIjKBCBRCkaGxwQkjM1LwFWJy0QoWJDThJfEXGBkaJicoKSo1Njc4OTpDREVGR0hJSlNUVVZXWFlaY2RlZmdoaWpzdHV2d3h5eoKDhIWGh4iJipKTlJWWl5iZmqKjpKWmp6ipqrKztLW2t7i5usLDxMXGx8jJytLT1NXW19jZ2uLj5OXm5+jp6vLz9PX29/j5+v/aAAwDAQACEQMRAD8A+qa4P4meLr3wpfaI9usDWErSNeBhmQopT7nboW6+1d5Xzt8VdTbxH4huhAd1lADaRkHrgncw+rEj6AVMnZDSuev+BvHWkeMrOefTGdPJ271lwDhs4PB9jW/p2pWWoozWNzHMFJDBTypBxyOo5Br5Wjjh0fTYLWCJVRUO4YyTxknOR+fvXb/AyPf46nmgY+UNNxIAwIzvGAevr7dKiNRt2KcbHvtFFFakBRRRQByHxO1qXSNAWK1dori+c28cw42HaW4PrgHH4+lfPOnxymO1aRdssYKtnOcgkGvdPjP4k8P6J4ejtvEMVxcNdNut4rfAkDJg7wSRjBI+ucYIzXgfhjXxrom81VW5gxuCjAZT0P5isqqdrouDszQ1ETMrHINsU2nkrg/3iR7V1Pwo1EWvjXTpGjEUdzFJa4BBwTtKg8Z6oK55YkkjNvJKQXOQckAc8dKxxJLpmoJdW0lxHdRyEwyoxyCDwcAn9fes6epU2fXtFfFc/wAS/HKXzC78RXySLkbRhRn6AYz+FeifCr41a1c+JLHRvE/lXdveSLBHchAkkbMcLuxwQSQOme+a6LmR9IUUUUwPmb9qSxux4v0q9Me60ksxEhI43q7Fh+TL+deQ+Gr9tK1dZxxGfkmTGDtPX+XH0r7r1XS7DV7Q2uqWdveW5OfLnjDrn1we/vXLj4W+CQXP/CPWhL9SSxP4c8fhSsB4ZcXtpBYx3jXMX2eTiOXrk+n14qjNd2V+sfl3sQkAI5cxk5+uPSvV/FXwmSGKd/CscL2sxBl0q5bEZ45MbnO09ODx7ivIPEPw/wBT0u4kihs9UtHHIie2e4ib/dkjDAjkdefWsvZpO6L529Gc54ti02S8BtGJvlUbwpDI3tuz1rsvgP4AvNe8RWOu3cEsGlafIs6vIpXzpFIKqvqAQCT7Y71y+heBPF3iG8gt7XS7pIWcBp5YDHEozySxA/Ic19p28YhgjiGMIoUYGBwPStIqysS3cfRRRVCCiiigAooooAKKKKACiiigD//Z\", \"amount\": 7, \"full_price\": \"209.93\", \"product_id\": \"9c427450-8225-4e1d-bfb7-ec4c08a908f2\", \"unit_price\": \"29.99\", \"final_price\": \"209.93\", \"unit_discount\": \"0.00\", \"total_discount\": \"0.00\", \"product_variant_id\": \"9c42747b-026e-41be-90eb-68fbed958d67\", \"original_unit_price\": \"29.99\"}, {\"id\": \"9c427486-69a0-4eeb-8c30-8482160d8a3d\", \"sku\": \"M-SN002\", \"name\": \"Classic Canvas Sneakers - (Size) 8\", \"type\": \"product_variant\", \"urls\": null, \"image\": \"/9j/4AAQSkZJRgABAQEAYABgAAD//gA7Q1JFQVRPUjogZ2QtanBlZyB2MS4wICh1c2luZyBJSkcgSlBFRyB2ODApLCBxdWFsaXR5ID0gODAK/9sAQwAGBAUGBQQGBgUGBwcGCAoQCgoJCQoUDg8MEBcUGBgXFBYWGh0lHxobIxwWFiAsICMmJykqKRkfLTAtKDAlKCko/9sAQwEHBwcKCAoTCgoTKBoWGigoKCgoKCgoKCgoKCgoKCgoKCgoKCgoKCgoKCgoKCgoKCgoKCgoKCgoKCgoKCgoKCgo/8AAEQgAMgAyAwEiAAIRAQMRAf/EAB8AAAEFAQEBAQEBAAAAAAAAAAABAgMEBQYHCAkKC//EALUQAAIBAwMCBAMFBQQEAAABfQECAwAEEQUSITFBBhNRYQcicRQygZGhCCNCscEVUtHwJDNicoIJChYXGBkaJSYnKCkqNDU2Nzg5OkNERUZHSElKU1RVVldYWVpjZGVmZ2hpanN0dXZ3eHl6g4SFhoeIiYqSk5SVlpeYmZqio6Slpqeoqaqys7S1tre4ubrCw8TFxsfIycrS09TV1tfY2drh4uPk5ebn6Onq8fLz9PX29/j5+v/EAB8BAAMBAQEBAQEBAQEAAAAAAAABAgMEBQYHCAkKC//EALURAAIBAgQEAwQHBQQEAAECdwABAgMRBAUhMQYSQVEHYXETIjKBCBRCkaGxwQkjM1LwFWJy0QoWJDThJfEXGBkaJicoKSo1Njc4OTpDREVGR0hJSlNUVVZXWFlaY2RlZmdoaWpzdHV2d3h5eoKDhIWGh4iJipKTlJWWl5iZmqKjpKWmp6ipqrKztLW2t7i5usLDxMXGx8jJytLT1NXW19jZ2uLj5OXm5+jp6vLz9PX29/j5+v/aAAwDAQACEQMRAD8AwwaX61LYW7Xt7BbR/fmkWNfqTis+81nTn1Y2mmw3JiU+X5srqd7Z6gADA9ufrWaTZs2kWqt6ypgW0httNbeAvmSNLtaXcATgHjAzgY680hspUjZ5sRIozlv4vYetGpLHrepR6qs5gtlj8u7Ksy5WNBncFyQNo6Acn1zkXBJvUicmtiC7hNvJtYqSRnAOSPY+9Vz0qvqLy2ery21vbC4tlcKr26ngEAjIGcnBHv2NTtnOCCCKU48rHCXMgyaKTJoqCzQ0m+bR5v7XFuLhbJlfyy23eScAZ7dz+FcZNrMH2hZ9OtbaOSVix+Ynyz6Zb+ld1Z2UGt+HL7S7a4ji1iRt8Ucp2iZQBwp/vAjP+eK+lfDpJvDs0d3C0Woqh27jjDjoD6jP861i0kZSu2YemajObFI7i4WeWST3dm5wFHGM8n/PFdFobJIl/p6OI7m/i22zZwpnGdik9gckZ96890WPUDKttBMYHyySIRgqM84OOv410Vzp9zpdtCjzCQkbldRjaeuPwqp9xQ7G5d+KNCWGCPUVu9IvogEms/IZAHHB6LkjPqap3t1FfKNQttzQSyuglwQshAU5GR1wwB9wT3r0bw/8SNO1XToodUu4LXUowBNFdEKkhHG9SeOfSuP+JnieDWtTsrbT5o57e1QlpImyhZscA9DgDt61LaaHG6Zgb6KqBzjv+VFZmo6dFcAMDkcgjjB9q9J+GuoSanp11a6hdvPcW75Bk5ZoSOme5BB5PPNecE063ubqyuUubCYwXKdGHIPsR3FCYmrnSeItNjmubqaRIG3uWQROFAxkKPyx9aw7zUNOtbBbe+nhjuHUExp8xDY68ZrJ8T3aa8FOrWk0E6knz7IgqxPdkP8AQ5rjbrTY43/cakHX0lidG/LBrZTT0Zk4tbHWxGG6iVyoIPY9qnSNV6AD6ViaA06o/nlmBwAT7cVuA5ArJ76Gi2HUUZ9qKBlgAbRSyAZ6dqKKkYxwMdBVWVV5+UflRRTQhIQMdBU0YGelFFAEoUY6CiiimB//2Q==\", \"amount\": 8, \"full_price\": \"180.00\", \"product_id\": \"9c427454-4d17-4afa-ae28-7573e2e45ba0\", \"unit_price\": \"22.50\", \"final_price\": \"180.00\", \"unit_discount\": \"0.00\", \"total_discount\": \"0.00\", \"product_variant_id\": \"9c42747f-197e-4f1e-9cd6-2582c5f6a779\", \"original_unit_price\": \"22.50\"}, {\"id\": \"9c427486-5155-4026-adc6-14ddfb287701\", \"sku\": \"W-ER003\", \"name\": \"Statement Tassel Earrings\", \"type\": \"product\", \"urls\": null, \"image\": \"/9j/4AAQSkZJRgABAQEAYABgAAD//gA7Q1JFQVRPUjogZ2QtanBlZyB2MS4wICh1c2luZyBJSkcgSlBFRyB2ODApLCBxdWFsaXR5ID0gODAK/9sAQwAGBAUGBQQGBgUGBwcGCAoQCgoJCQoUDg8MEBcUGBgXFBYWGh0lHxobIxwWFiAsICMmJykqKRkfLTAtKDAlKCko/9sAQwEHBwcKCAoTCgoTKBoWGigoKCgoKCgoKCgoKCgoKCgoKCgoKCgoKCgoKCgoKCgoKCgoKCgoKCgoKCgoKCgoKCgo/8AAEQgAMgAyAwEiAAIRAQMRAf/EAB8AAAEFAQEBAQEBAAAAAAAAAAABAgMEBQYHCAkKC//EALUQAAIBAwMCBAMFBQQEAAABfQECAwAEEQUSITFBBhNRYQcicRQygZGhCCNCscEVUtHwJDNicoIJChYXGBkaJSYnKCkqNDU2Nzg5OkNERUZHSElKU1RVVldYWVpjZGVmZ2hpanN0dXZ3eHl6g4SFhoeIiYqSk5SVlpeYmZqio6Slpqeoqaqys7S1tre4ubrCw8TFxsfIycrS09TV1tfY2drh4uPk5ebn6Onq8fLz9PX29/j5+v/EAB8BAAMBAQEBAQEBAQEAAAAAAAABAgMEBQYHCAkKC//EALURAAIBAgQEAwQHBQQEAAECdwABAgMRBAUhMQYSQVEHYXETIjKBCBRCkaGxwQkjM1LwFWJy0QoWJDThJfEXGBkaJicoKSo1Njc4OTpDREVGR0hJSlNUVVZXWFlaY2RlZmdoaWpzdHV2d3h5eoKDhIWGh4iJipKTlJWWl5iZmqKjpKWmp6ipqrKztLW2t7i5usLDxMXGx8jJytLT1NXW19jZ2uLj5OXm5+jp6vLz9PX29/j5+v/aAAwDAQACEQMRAD8A+qaiuZ1hXJxnGeTgAepPYVLWD46uZLbwxd+SgeWUCFQc4G44ycc8DNITdldm7G29FYgrkA4PUUtVtMuftum2t1gL58SSYBzjcAf61ZoGQRXIlnMajjbuBz2z6eh5x64NT1y+m6lJL491S0MaiIWyKrZOSYyCfb/ltjj+7XUUCTT2Cij86KBhXl3x+8Sjw/oGmKsQllnuwwQkD5UHOD2OWX8+/Q+o187/ALUGoRtrWh2LknyYzcAKSDuLYHPbhTmqgrsip8LPYPhheC+8B6PKrM22Hyju6/KSv9K6ivMv2f71bjwZNbLjFrdMo+hVW789Sa9B1m7Ww0i9vHOFggeU/wDAVJ/pRJa2Cm+aCZ4j4D8Ypq/xhuYlQpE09wiOp4kUglcj1wg/MfU+9V8bfDrUorTxrZXv8X26N3OTtO5gGwD9D+vpivsmnNWIou9/UKKKKg2CvlH9oN5bz4lhWwsULxxqTxkBEJ/VumP5V9XV558Vvh8vjCTSri2McVxbzqs7YGXhJAP1K9QPTP0N05KL1CyejOU/ZzedLvXYWRzAUhbeAdu75uPrhs/5OPQ/ircSW3gDV2hGXeNYgPXe6qf0Jra0DRrDQdNjsdLt0ggTk4HLt3Zj3Jx1q7cQRXMEkFxGksMilXRxkMD2Ioc7z5hQioqyPhvw9DKkFy6/NIZflC8Mc4A4HQ89M+3HNfb+mSSTadayzKySvEjOrDBBIGQfevOPh/8ACyz8Pa7qV/qCR3RW4LWO4AhE6hiD/EOnsQTyea9Qp1Jc1kJQUW2uoUUUVmUFFFFABRRRQAUUUUAJRRRQB//Z\", \"amount\": 7, \"full_price\": \"174.93\", \"product_id\": \"9c427461-679d-40f0-bc4a-7c3c30abd7af\", \"unit_price\": \"24.99\", \"final_price\": \"174.93\", \"unit_discount\": \"0.00\", \"total_discount\": \"0.00\", \"original_unit_price\": \"24.99\"}, {\"id\": \"9c427486-5b48-4dbe-b11c-ab7dff8a72bf\", \"sku\": \"M-BR003\", \"name\": \"Beaded Charm Bracelet\", \"type\": \"product\", \"urls\": null, \"image\": \"/9j/4AAQSkZJRgABAQEAYABgAAD//gA7Q1JFQVRPUjogZ2QtanBlZyB2MS4wICh1c2luZyBJSkcgSlBFRyB2ODApLCBxdWFsaXR5ID0gODAK/9sAQwAGBAUGBQQGBgUGBwcGCAoQCgoJCQoUDg8MEBcUGBgXFBYWGh0lHxobIxwWFiAsICMmJykqKRkfLTAtKDAlKCko/9sAQwEHBwcKCAoTCgoTKBoWGigoKCgoKCgoKCgoKCgoKCgoKCgoKCgoKCgoKCgoKCgoKCgoKCgoKCgoKCgoKCgoKCgo/8AAEQgAMgAyAwEiAAIRAQMRAf/EAB8AAAEFAQEBAQEBAAAAAAAAAAABAgMEBQYHCAkKC//EALUQAAIBAwMCBAMFBQQEAAABfQECAwAEEQUSITFBBhNRYQcicRQygZGhCCNCscEVUtHwJDNicoIJChYXGBkaJSYnKCkqNDU2Nzg5OkNERUZHSElKU1RVVldYWVpjZGVmZ2hpanN0dXZ3eHl6g4SFhoeIiYqSk5SVlpeYmZqio6Slpqeoqaqys7S1tre4ubrCw8TFxsfIycrS09TV1tfY2drh4uPk5ebn6Onq8fLz9PX29/j5+v/EAB8BAAMBAQEBAQEBAQEAAAAAAAABAgMEBQYHCAkKC//EALURAAIBAgQEAwQHBQQEAAECdwABAgMRBAUhMQYSQVEHYXETIjKBCBRCkaGxwQkjM1LwFWJy0QoWJDThJfEXGBkaJicoKSo1Njc4OTpDREVGR0hJSlNUVVZXWFlaY2RlZmdoaWpzdHV2d3h5eoKDhIWGh4iJipKTlJWWl5iZmqKjpKWmp6ipqrKztLW2t7i5usLDxMXGx8jJytLT1NXW19jZ2uLj5OXm5+jp6vLz9PX29/j5+v/aAAwDAQACEQMRAD8A+qaKKKQBRRRQAUUUUAFFFFAHNePPGWneDdLS61DfJNKSsECD5pSMZ57AZGTXi8vjj4neN7nHg+xWz090kQTCMKuexLPkhu3y45rtP2g/Cd74j0O0utM+a808uyRHJEisBuAA/i+UY/GvHfBPxC8c6NpkGn2VpcmD7UY0Eln5jqE+8nqTk4wSDngY6VpFK3mSzvovh18UtRhd9T8ZGB5YY1MS3D4UhgSDtGDwOowSSfxvf8Kx8exLO9t47mE0s0UhcyP8wXOc8c9sduOc9qng74u674i8YX2h6hpMUEYSTcoibdAVP3Wz1zyDkDn8q2/EfxJsvh5pu2az+0NIR5NrEREqjBJOeQBx0A7isZVnGoqZagnHmOb1G1+NHhWHz7e+i1qCPzZHB2yfQAHDHjBA7cjHr13wn+Kv/CU3MWja5Zmz1sBhlfuSlRluDyjcE456de1cRrP7ScIDJpWjAEx43zyFtj4BJ2gDKjJxyM47dKz/AIRWGs+LfiTD4puIpLe0T/SWkCbVdzlBGO3AHJ7dD1rbdakbbH05RRRWZQjorjDqGHoRWDeeD9Bu/NMmmwJJKctJEuxyfXcMGt+igDlIPAml2wxZXGo2wJywjumIY9shsg1l+JPhZpHiO3EGq3+qSxg7gPMQYPqMJXf0UuVXv1Hfoec6T8GPBWnTrL/ZZumWPy1F1IZFVfZTx+ld7p9haadax21hbQ21vGu1I4kCqo9ABVmimIKKKKACiiigAooooAKKKKACiiigD//Z\", \"amount\": 3, \"full_price\": \"74.97\", \"product_id\": \"9c427476-fc83-4e6d-9208-28e308d4e179\", \"unit_price\": \"22.99\", \"final_price\": \"68.97\", \"unit_discount\": \"2.00\", \"total_discount\": \"6.00\", \"original_unit_price\": \"24.99\"}]',NULL,'{\"id\": \"9c4273ec-bcf9-4b26-ab32-2cb9674ab238\", \"name\": {\"de\": \"Lokal (kostenlos bis 10 kg)\", \"en\": \"Local (free up to 10kg)\", \"fr\": \"Local (gratuit jusqu&#39;à 10kg)\"}, \"slug\": \"local-small-1\", \"price\": 0, \"enabled\": true, \"created_at\": \"2024-06-11T07:51:06.000000Z\", \"deleted_at\": null, \"updated_at\": \"2024-06-11T07:51:06.000000Z\", \"description\": {\"de\": \"Sie genießen eine kostenlose Lieferung im Umkreis von 5 km von unserem Lager.\", \"en\": \"You enjoy free delivery within 5km range from our warehouse.\", \"fr\": \"Vous bénéficiez d&#39;une livraison gratuite dans un rayon de 5 km depuis notre entrepôt.\"}, \"enabled_by_default_on_creation\": true}','{\"delivery\": 0, \"subtotal\": 2604.98, \"total_payable\": 2604.98, \"applied_discount\": 6}',1,'tiffany-roberts-russellland',NULL,'2024-06-11 07:52:50','2024-06-11 07:52:50'),('9c42748b-0d2a-49d4-a6d3-eeddfca4cb48','9c4273cd-fd90-42a8-99d2-54147d0e9353','9c427485-3299-4767-9104-e66715eeb382','{\"id\": \"9c427485-13a3-4c0e-a0ef-4438a83bb4c4\", \"lat\": \"82.270890\", \"lon\": \"-47.616283\", \"name\": null, \"slug\": \"mr-roland-treiber-port-gordonmouth\", \"town\": \"Port Gordonmouth\", \"country\": \"UK\", \"user_id\": \"9c4273cd-fd90-42a8-99d2-54147d0e9353\", \"post_code\": \"M44 6ZR\", \"created_at\": \"2024-06-11T07:52:46.000000Z\", \"deleted_at\": null, \"updated_at\": \"2024-06-11T07:52:46.000000Z\", \"address_line_1\": \"Studio 23 Miller Burgs\", \"address_line_2\": null, \"google_maps_url\": \"https://www.google.com/maps/@82.270890,-47.616283,14z\"}','{\"amount\": \"1288.05\", \"source\": {\"id\": \"9c427485-174d-44b5-ae13-ee6d5e3bb2a2\", \"name\": \"sed eaque\", \"slug\": \"treiber-sed-eaque\", \"brand\": \"mastercard\", \"user_id\": \"9c4273cd-fd90-42a8-99d2-54147d0e9353\", \"exp_year\": \"2025\", \"exp_month\": \"11\", \"last_four\": \"8753\", \"source_id\": \"iut7Y6mFcjIHNtH9SwIpU5Ll6QxwR50yhurj35tdgd1HpVk6HSwB7OjKeMmjOySGNXpXvRaTIN1D8z3sW8714XxzmYg4cNXw5dwrtLjH45pwyN9kcLeRaeNyjpuVBNq4Giwh2Zf9knx68tsPBuC4zB\", \"created_at\": \"2024-06-11T07:52:46.000000Z\", \"deleted_at\": null, \"updated_at\": \"2024-06-11T07:52:46.000000Z\", \"stripe_user_id\": \"dMJTT7kAHCPCJaw4xsDhdXQVEgqrRt29s5yU1kgY9nPa1q087UjiFUfVZPWaQQqnAg6RGYWSRFzLcDkCGCVWhETAfuGseCi3AAmY2K00ix7YCXnpExuabR9N\", \"payment_method_id\": 1}, \"created_at\": \"11-06-2024 07:52\", \"payment_ref\": \"RKG67F2Ekw\"}','[{\"id\": \"9c427486-90eb-4c67-9ced-53e4aee942c8\", \"sku\": \"M-S001\", \"name\": \"Classic Dress Shirt - (Size) XS\", \"type\": \"product_variant\", \"urls\": null, \"image\": \"/9j/4AAQSkZJRgABAQEAYABgAAD//gA7Q1JFQVRPUjogZ2QtanBlZyB2MS4wICh1c2luZyBJSkcgSlBFRyB2ODApLCBxdWFsaXR5ID0gODAK/9sAQwAGBAUGBQQGBgUGBwcGCAoQCgoJCQoUDg8MEBcUGBgXFBYWGh0lHxobIxwWFiAsICMmJykqKRkfLTAtKDAlKCko/9sAQwEHBwcKCAoTCgoTKBoWGigoKCgoKCgoKCgoKCgoKCgoKCgoKCgoKCgoKCgoKCgoKCgoKCgoKCgoKCgoKCgoKCgo/8AAEQgAMgAyAwEiAAIRAQMRAf/EAB8AAAEFAQEBAQEBAAAAAAAAAAABAgMEBQYHCAkKC//EALUQAAIBAwMCBAMFBQQEAAABfQECAwAEEQUSITFBBhNRYQcicRQygZGhCCNCscEVUtHwJDNicoIJChYXGBkaJSYnKCkqNDU2Nzg5OkNERUZHSElKU1RVVldYWVpjZGVmZ2hpanN0dXZ3eHl6g4SFhoeIiYqSk5SVlpeYmZqio6Slpqeoqaqys7S1tre4ubrCw8TFxsfIycrS09TV1tfY2drh4uPk5ebn6Onq8fLz9PX29/j5+v/EAB8BAAMBAQEBAQEBAQEAAAAAAAABAgMEBQYHCAkKC//EALURAAIBAgQEAwQHBQQEAAECdwABAgMRBAUhMQYSQVEHYXETIjKBCBRCkaGxwQkjM1LwFWJy0QoWJDThJfEXGBkaJicoKSo1Njc4OTpDREVGR0hJSlNUVVZXWFlaY2RlZmdoaWpzdHV2d3h5eoKDhIWGh4iJipKTlJWWl5iZmqKjpKWmp6ipqrKztLW2t7i5usLDxMXGx8jJytLT1NXW19jZ2uLj5OXm5+jp6vLz9PX29/j5+v/aAAwDAQACEQMRAD8A41jgcVe8NeH7nxRqhs7dxFGq75JSuQo7ceprMmfanFeufDTT/wCxvCX9oyjbPeMJiT2QfdH5ZP8AwKvnslwH1zEKMl7q1ZeMr+xp3W5b8O/Duy0BXkti09zIMSSTHqOuABwOefWta68IW2p+YmpIlzBLhirDDZHQ5HPT8q6eCdJYwRjJp8hTygHLqAAcoxB/Svu4whTjyRgrWtt0Z4rnJ7yffc8f8W/DlNC0yfUtJuJnih+aS3k+Yhe5B9uvPbPNchBJvUGveDdw3t/c2DMJEEI3oWycNuGD9QK8OvtPfSdWu7B8kwSFAT3XsfxGD+NfF8SZbHDONamrJ7+p6uAxDqXjJ7Bn2opKK+TPRM7w9pTa5r1npwYqsr5dh2QDLfoDXdfGnxLH4f8ADQ0nTjtu7mMRQqh5iQcFvwHA96y/BzxeGbK61u9khE7RgRxE5bY3IGPU4z9MV5xrt1c6/rkl9fsWlnkAA7IueFHsK+6wFeGX4RSi06k/vXr+n/APLxFGdatyzi1GP4+h9XWUflxIPQCrMg3Lj1XH6UyMYWn5yB9BX1T1dzyjxaLWpNI+O1zbTSFbfUII4uegZVJX+bD6mtL4o2Yh120vFGFuoMN7snB/QrXC/Gbzbb4jSXVuds0Kwyxn0IGR+ortfGOqR6zoPh+7DxrKUZjGrZ+8Fyfwx+tfN5vWjicHXhLeEtPv/wCHO/DxdOrBraSOYwKKUDiivz657Rz95JLLBFDJIzRRZ2KTwueuKx70mJd6cMpyDWxJjBrLv1yhBr1qMndXIlqfTnhDXrHxNolvqOm3MU6PGpdUbJifHKMOxB9a1of9WD22ivgy21rVvDuqXh0XUrzT2kbDm2maPcM5AODz1qe48deKrqyls7nxFqs1tKux45Lp2DL6HJ6V+iQxacU2tzxZYN30eh6t8Rtcs/EPjbUG05lkhtdtt5qtkSFRyR7ZJH4ZrpLnVIL7QtOt/KVZoDtUqeibQOfqf5V478PFDwT5/vj+Vej2g2qMV8NnFZqtUiurPaw/7unyI0AeKKZv9qK+esaHPTVn3n3TRRXqUtzNnmfiL/kLT/h/KsxelFFfa0P4cPRHI9zvPh1/qJ/+ug/lXpFv0oor5DOP95kddL4S1iiiivHNT//Z\", \"amount\": 5, \"full_price\": \"144.95\", \"product_id\": \"9c4273f6-c260-4e77-9cae-af165373987a\", \"unit_price\": \"28.99\", \"final_price\": \"144.95\", \"unit_discount\": \"0.00\", \"total_discount\": \"0.00\", \"product_variant_id\": \"9c42747c-99f2-47f5-b89a-f80496db082d\", \"original_unit_price\": \"28.99\"}, {\"id\": \"9c427486-820d-49da-8aba-0486e50fd1e4\", \"sku\": \"M-S003\", \"name\": \"Casual Checkered Shirt - (Size) XL\", \"type\": \"product_variant\", \"urls\": null, \"image\": \"/9j/4AAQSkZJRgABAQEAYABgAAD//gA7Q1JFQVRPUjogZ2QtanBlZyB2MS4wICh1c2luZyBJSkcgSlBFRyB2ODApLCBxdWFsaXR5ID0gODAK/9sAQwAGBAUGBQQGBgUGBwcGCAoQCgoJCQoUDg8MEBcUGBgXFBYWGh0lHxobIxwWFiAsICMmJykqKRkfLTAtKDAlKCko/9sAQwEHBwcKCAoTCgoTKBoWGigoKCgoKCgoKCgoKCgoKCgoKCgoKCgoKCgoKCgoKCgoKCgoKCgoKCgoKCgoKCgoKCgo/8AAEQgAMgAyAwEiAAIRAQMRAf/EAB8AAAEFAQEBAQEBAAAAAAAAAAABAgMEBQYHCAkKC//EALUQAAIBAwMCBAMFBQQEAAABfQECAwAEEQUSITFBBhNRYQcicRQygZGhCCNCscEVUtHwJDNicoIJChYXGBkaJSYnKCkqNDU2Nzg5OkNERUZHSElKU1RVVldYWVpjZGVmZ2hpanN0dXZ3eHl6g4SFhoeIiYqSk5SVlpeYmZqio6Slpqeoqaqys7S1tre4ubrCw8TFxsfIycrS09TV1tfY2drh4uPk5ebn6Onq8fLz9PX29/j5+v/EAB8BAAMBAQEBAQEBAQEAAAAAAAABAgMEBQYHCAkKC//EALURAAIBAgQEAwQHBQQEAAECdwABAgMRBAUhMQYSQVEHYXETIjKBCBRCkaGxwQkjM1LwFWJy0QoWJDThJfEXGBkaJicoKSo1Njc4OTpDREVGR0hJSlNUVVZXWFlaY2RlZmdoaWpzdHV2d3h5eoKDhIWGh4iJipKTlJWWl5iZmqKjpKWmp6ipqrKztLW2t7i5usLDxMXGx8jJytLT1NXW19jZ2uLj5OXm5+jp6vLz9PX29/j5+v/aAAwDAQACEQMRAD8A+qaztX1rT9IQNf3CxkjIUAliPoK0a8O8Ya2s/iO6JBIdmiUFeyg47+w/OqiribI/i94qm8Q6GsOhm4t4oJS+8MQZWGV2so/h59TXHfCjV9V8P6qNV1LzWjdBH9n8w7GViOenX8O3vXTWs7tpblYHI85vu8fx/SqKytDpVkqQybAEGd+f41z2rbkV7GSqSaPbtJ8X6PqU6W8dx5VyxwI5RtJPoD0NdBXzpc3cUt9MjcSQDzBwRg9jkfjXu/hfUhq/h+xvs5aWMb/98cN+oNZSjY0jK6/rsjUoooqBlW/nePTJ5oUZ5REWRFGSTjgV4Ffx3F5qRhRD5sAMhzzgDBPPbhD+dfQkH+pj/wB0fyrL8URR/wBhajLsQTC2cK5Az06Z+tXCViZq+qPDrWe6a0uVEbhN4Iz/AMAJ9O5qtNLdNFpyvEQGIGBz0wR/Krlr9qazuT5akmTjk9Ny/wC1VeRbyOxs22KxGDktz1Xjr+Fb/wDAMrrW3n+SGW8Uv9tvcTRNtuEaMA88ptJx+Egr1/4WyyN4elhljaMwzsqgrt+UgHj8d1VPhP5dxo10ZokM0V02CygkAqoyPrt/Su8rCUr6GsY2MyYt5z8n7xopZv8AWv8A7xopFl+H/Ux/7orE8drI/hS+WIkMdnT03rn9M1uQ/wCqT/dFZPi6Ce58OXsVoheZlGFHU/MCf0zSW4nseJ2aXIs7n7pw6/8AstVZlnTT7MJGq5YHbgD+Jefx61et7adLG4DSxKRJjBQcYKiqxtpv7Ns2eeHAAOQgHAKmun/gHOn+v5I7j4SyyQa7rFpLwssaTKM9CCQR/wCPfrXqNeYfDrS71PFU1+ysbI2zASYwrMWXAB78A16fWE9zan8KM2b/AFr/AO8aKJR+9f8A3jRSLGRSP5SfO33R3p/mP/fb86KKQGRr0EL2ckjRRtISMsVBP51yvhKGKTVSjxIyKXwpUEDnsKKK2Xwv5Gf2vv8AyPQBI4AAdgB70vmP/fb86KKyNDOlkfzX+dup70UUVQH/2Q==\", \"amount\": 1, \"full_price\": \"24.99\", \"product_id\": \"9c4273fa-a9f5-46b3-a8b7-77e8f834ce68\", \"unit_price\": \"24.99\", \"final_price\": \"24.99\", \"unit_discount\": \"0.00\", \"total_discount\": \"0.00\", \"product_variant_id\": \"9c42747c-ba3f-4931-8a64-7e8cc2adc31d\", \"original_unit_price\": \"24.99\"}, {\"id\": \"9c427486-8dbd-4a81-86b9-b67e0ef85a0a\", \"sku\": \"W-BO003\", \"name\": \"Fashion Knee-High Boots - (Size) 9\", \"type\": \"product_variant\", \"urls\": null, \"image\": \"/9j/4AAQSkZJRgABAQEAYABgAAD//gA7Q1JFQVRPUjogZ2QtanBlZyB2MS4wICh1c2luZyBJSkcgSlBFRyB2ODApLCBxdWFsaXR5ID0gODAK/9sAQwAGBAUGBQQGBgUGBwcGCAoQCgoJCQoUDg8MEBcUGBgXFBYWGh0lHxobIxwWFiAsICMmJykqKRkfLTAtKDAlKCko/9sAQwEHBwcKCAoTCgoTKBoWGigoKCgoKCgoKCgoKCgoKCgoKCgoKCgoKCgoKCgoKCgoKCgoKCgoKCgoKCgoKCgoKCgo/8AAEQgAMgAyAwEiAAIRAQMRAf/EAB8AAAEFAQEBAQEBAAAAAAAAAAABAgMEBQYHCAkKC//EALUQAAIBAwMCBAMFBQQEAAABfQECAwAEEQUSITFBBhNRYQcicRQygZGhCCNCscEVUtHwJDNicoIJChYXGBkaJSYnKCkqNDU2Nzg5OkNERUZHSElKU1RVVldYWVpjZGVmZ2hpanN0dXZ3eHl6g4SFhoeIiYqSk5SVlpeYmZqio6Slpqeoqaqys7S1tre4ubrCw8TFxsfIycrS09TV1tfY2drh4uPk5ebn6Onq8fLz9PX29/j5+v/EAB8BAAMBAQEBAQEBAQEAAAAAAAABAgMEBQYHCAkKC//EALURAAIBAgQEAwQHBQQEAAECdwABAgMRBAUhMQYSQVEHYXETIjKBCBRCkaGxwQkjM1LwFWJy0QoWJDThJfEXGBkaJicoKSo1Njc4OTpDREVGR0hJSlNUVVZXWFlaY2RlZmdoaWpzdHV2d3h5eoKDhIWGh4iJipKTlJWWl5iZmqKjpKWmp6ipqrKztLW2t7i5usLDxMXGx8jJytLT1NXW19jZ2uLj5OXm5+jp6vLz9PX29/j5+v/aAAwDAQACEQMRAD8A+qaCQoJPAHJoqC+z9huNuc+W2MfSgD518a/GnxNpWuQW9imniGQbirQkkc+u6vZPh/4jvfEFvcG/jgR4ljYGEEA7t3Yk/wB2vkn4gHd4otz1Hlhv1FfUPweUfYLx/VYl/Rj/AFrKLbZ6FelCNK6Wp6FRRRWp54UUUUAFBGRg9KKKAPiD4lwm28YRwYwYgYiPcPg/yr6e+DHOg3jdxMqflGh/9mr52+N0Qg+JU4X+KeRvxLk/1r6J+DB26FfRk/P9oVz9DEg/9lNZR+I9Ku70bnoNFFFanmhRRRQAUUUUAfFHxB1SLXPEV1eo2JjIz4I+6Sc4r2j4L+JY0e3WZgI71Ehdiekg+7+ZJH1YVxnw0+H2meJfGfxE0vV1kH2a6xbTRuQ0LeZICR2PQcHisO+03U/hl4hm0rWFaewmO6GaMELIv95fQ+o6g/gTlZp3PSU4VI+zPr6ivE/DHxVvpWhtoom1pRgYgtpGnx7lQQT74Hv617YOlaJ3OCdNwdmFFFFMgKKKKAAAAkgDJpskaSgCRFcDkBhmiigBVUKMKAB6CloooAKKKKAP/9k=\", \"amount\": 10, \"full_price\": \"299.90\", \"product_id\": \"9c42743a-34af-4ae7-9298-273fbd731492\", \"unit_price\": \"29.99\", \"final_price\": \"299.90\", \"unit_discount\": \"0.00\", \"total_discount\": \"0.00\", \"product_variant_id\": \"9c42747e-5b1d-48b4-9dd8-320089a66b98\", \"original_unit_price\": \"29.99\"}, {\"id\": \"9c427486-84b4-40d1-8f78-25088034bd16\", \"sku\": \"W-PS002\", \"name\": \"Chunky Heel Platform Sandals - (Size) 10\", \"type\": \"product_variant\", \"urls\": null, \"image\": \"/9j/4AAQSkZJRgABAQEAYABgAAD//gA7Q1JFQVRPUjogZ2QtanBlZyB2MS4wICh1c2luZyBJSkcgSlBFRyB2ODApLCBxdWFsaXR5ID0gODAK/9sAQwAGBAUGBQQGBgUGBwcGCAoQCgoJCQoUDg8MEBcUGBgXFBYWGh0lHxobIxwWFiAsICMmJykqKRkfLTAtKDAlKCko/9sAQwEHBwcKCAoTCgoTKBoWGigoKCgoKCgoKCgoKCgoKCgoKCgoKCgoKCgoKCgoKCgoKCgoKCgoKCgoKCgoKCgoKCgo/8AAEQgAMgAyAwEiAAIRAQMRAf/EAB8AAAEFAQEBAQEBAAAAAAAAAAABAgMEBQYHCAkKC//EALUQAAIBAwMCBAMFBQQEAAABfQECAwAEEQUSITFBBhNRYQcicRQygZGhCCNCscEVUtHwJDNicoIJChYXGBkaJSYnKCkqNDU2Nzg5OkNERUZHSElKU1RVVldYWVpjZGVmZ2hpanN0dXZ3eHl6g4SFhoeIiYqSk5SVlpeYmZqio6Slpqeoqaqys7S1tre4ubrCw8TFxsfIycrS09TV1tfY2drh4uPk5ebn6Onq8fLz9PX29/j5+v/EAB8BAAMBAQEBAQEBAQEAAAAAAAABAgMEBQYHCAkKC//EALURAAIBAgQEAwQHBQQEAAECdwABAgMRBAUhMQYSQVEHYXETIjKBCBRCkaGxwQkjM1LwFWJy0QoWJDThJfEXGBkaJicoKSo1Njc4OTpDREVGR0hJSlNUVVZXWFlaY2RlZmdoaWpzdHV2d3h5eoKDhIWGh4iJipKTlJWWl5iZmqKjpKWmp6ipqrKztLW2t7i5usLDxMXGx8jJytLT1NXW19jZ2uLj5OXm5+jp6vLz9PX29/j5+v/aAAwDAQACEQMRAD8A91ReatRL0qGMc1aTtQBg2AMl7duennP+QJA/lXY6enl2cK/7Ofz5rk9DHmxs3/PRv5muxX7orOkup0VnokcWkC3evajKSf31wIT9Fwn9K7bGBgdK5XRof+JrOo6C7lP5MTXVmnBbsVV7IZiiloqzE5+Mc1m+JtdsdCsBJf3McDznyoQ7AbnI/p1JrQR68b+MXibRptTm0bUwFurGS2mi3ruDKXRnx6fKSPwpPYcFdnp2k31lZW1l9puoIjKyKoeQAsxIwAO5z2rtWdUjLOQFUZJPavG/Dur6HIu7wjov9oTQEqkyW/kopBycyOBjkk8Z78VvfGbXb/Sfhpe6hpkogvVaEqRhgCZFyORyOopQ00NKju7s2PCOqrqOovLHa3EcM7PNFK4XaysSR0JI4PcCuxJrxjwZrV7p2tWNhqUzl7iBb+3W1hASSKUlmznJGwsRgHsMZ6V6vBfRXUKywOHjYAhh3HWnDTQVTo0Xd1FVPP8AeiqMjESYZr5h+LJNz8XtRKjcF8sEeoEK5H5A19LS20i5KHPtXyz46upD8UdUeKNpZTOYlRRksdmzGPWkI9g03U9V0jX7rwhZNabbdfNtru6lJdoGGUAQD5iv3ScjpTfEjzeKvBuo6HFcl4oJwh1Cd1/fOj7nAUYGFzjj0xjivN/ja8s2raLdzQGKVtPSNg2VIZScj/x4Vw+nTzeZtLts2n5TKWHQjoeO5/OkovdGzqJq0kfQXjH4d3vibwz4ZitNRtPtWmwLEs4zskTaoyCM/wB0fnXUfC7wpeeFLS/hvLiKYXEiugjyduFxjJ/CtfwM6yeENGIAA+yRcAYH3RXQDGKoyHfjRSZooAo1Sa1t5LlZZIInkU5DsgJB+tFFAiHxBplhqFoRf2VrdBOVE0Svj6ZFcvpHhzQxegjRtNBB/wCfVP8ACiioe5a2PQoUVI1VFCqBgADAAqYdBRRVkhRRRQB//9k=\", \"amount\": 7, \"full_price\": \"206.50\", \"product_id\": \"9c42743d-c8b6-4f07-9d39-0ecfb4358f0e\", \"unit_price\": \"29.50\", \"final_price\": \"206.50\", \"unit_discount\": \"0.00\", \"total_discount\": \"0.00\", \"product_variant_id\": \"9c42747e-832a-4025-99e0-627fb7eb24ba\", \"original_unit_price\": \"29.50\"}, {\"id\": \"9c427486-8a24-4a31-b569-1d5dfeada514\", \"sku\": \"M-BO001\", \"name\": \"Classic Leather Boots - (Size) 8\", \"type\": \"product_variant\", \"urls\": null, \"image\": \"/9j/4AAQSkZJRgABAQEAYABgAAD//gA7Q1JFQVRPUjogZ2QtanBlZyB2MS4wICh1c2luZyBJSkcgSlBFRyB2ODApLCBxdWFsaXR5ID0gODAK/9sAQwAGBAUGBQQGBgUGBwcGCAoQCgoJCQoUDg8MEBcUGBgXFBYWGh0lHxobIxwWFiAsICMmJykqKRkfLTAtKDAlKCko/9sAQwEHBwcKCAoTCgoTKBoWGigoKCgoKCgoKCgoKCgoKCgoKCgoKCgoKCgoKCgoKCgoKCgoKCgoKCgoKCgoKCgoKCgo/8AAEQgAMgAyAwEiAAIRAQMRAf/EAB8AAAEFAQEBAQEBAAAAAAAAAAABAgMEBQYHCAkKC//EALUQAAIBAwMCBAMFBQQEAAABfQECAwAEEQUSITFBBhNRYQcicRQygZGhCCNCscEVUtHwJDNicoIJChYXGBkaJSYnKCkqNDU2Nzg5OkNERUZHSElKU1RVVldYWVpjZGVmZ2hpanN0dXZ3eHl6g4SFhoeIiYqSk5SVlpeYmZqio6Slpqeoqaqys7S1tre4ubrCw8TFxsfIycrS09TV1tfY2drh4uPk5ebn6Onq8fLz9PX29/j5+v/EAB8BAAMBAQEBAQEBAQEAAAAAAAABAgMEBQYHCAkKC//EALURAAIBAgQEAwQHBQQEAAECdwABAgMRBAUhMQYSQVEHYXETIjKBCBRCkaGxwQkjM1LwFWJy0QoWJDThJfEXGBkaJicoKSo1Njc4OTpDREVGR0hJSlNUVVZXWFlaY2RlZmdoaWpzdHV2d3h5eoKDhIWGh4iJipKTlJWWl5iZmqKjpKWmp6ipqrKztLW2t7i5usLDxMXGx8jJytLT1NXW19jZ2uLj5OXm5+jp6vLz9PX29/j5+v/aAAwDAQACEQMRAD8A8NstGe7dRGuyQjKlGJBrovD/AIamMxj1GEDb0OOeteo6XoVvGiBYxnoCB0rpoh4Z0wQRa1eFr6SNpxAijIRQTyT9DWDqnSqaONsPDgQ+RNZrJA6/eI6HHrVXUdBtQ/lMpjWEblHXdV+++JSaTrs9re6TE9hFIU/cyMH2Z4YE8E4wegqTxPr3hHTGtrrV9YuPJu4Eure3tbZmllibOCS2FXoR1OCDWak3qjSdJw3R5jqkZDyMyjk/eH1rFd/lbaDnOa7nUfiF4QkCpZ+EpbiyKjLT37JKG7/dGPT9au+GtF8OePI7248M2t3ZXVgqyTWMsgl3oc5ZGwCcEcgjv17VrGdtzB0pLU4FPMKKdvUf3aK9XXwY20Yhlxj+7/8AWoqvaIOQ6/QNKgnQx3VzNHIp3CSAeUT/AENcF+0JZRaRp+j6gG86RpXtnDMAzxMuSBj0x17Z969E0G+06ecLZ3UsUmcGKdHQg/RgK8q/ahmbf4djadHQLOdg4IP7vn9P51lHcq7uVvhlJo3iTW7R9bdZikXkFZ14mZeFLe5TGPdW9K1v2ifCtvp3gnR5rG3l8vTZzBC65YLbyAttZjk/K4AGezeua8R8P6gtneRucgqwIPoa+ovAvjiz1TRxY649vNE67GEnIYHswNZSl7OZ3um61PmTufJdpOqnZKfk6jIyAf8ACvoP4PeJ/BWkzWV3Ar6dq6w+TMyf6ucYGQcj1wexyPSk8Z/Bjw9qMk154X1q205my32eaQNFn0B6r+v0r5/vYrjStQntJmQywSGNijZUkHGQe4rbSqtDm/hO09UfcI1/w8wDLe4B5AEg4/SiviYavdgACWT8zRUezn3L/wBnPphdfu0t7eWCQS7iQMEOvB4xjO3/AIFj2HavMfiuPFPjHVLCOW0s7mS2DRwmwBy4OM7icZ+6OeB1q/pmuxW7O11GLvPygSYIVfQAgj866vSPiBbWUii1sY7dOmIiF/UDOPbNbKMo7HLKcGjyWT4UeL7ZYmawjeRxuMSTKWX2Pao7zw54n0mPF9o+rwIOrrbM4/MHFfQNv44W6O6MQAnse1RXOrai0xk0zUI7FGGGQQCUN7/MSB+Ap8k5bolVVD4ZNHzjZXMJukTyLy5nJAAf5R9Co5P/AH0K948MeCPBM1ja/wBuaffXl/OqtseEQrFxnAUNk/7zEk4HNa9jIrS+beJp09wRhpRZiNiPqp4NX5XjBBhZkwcjDGhwn0QvaQesmZ5+GvgdiSnh2HaeRmabOPwNFaS3R2jc5J7naOf0oqPZ1R89I+byTnqanhY7upooroMTUgZsL8x/Out8OSO0DhnYgdMmiinDcmWxtW7NnqfzrSRjs6n86KK0IJwTgc0UUUgP/9k=\", \"amount\": 5, \"full_price\": \"139.95\", \"product_id\": \"9c42744c-b4d2-4b9f-a7fc-b0e19bbd9207\", \"unit_price\": \"27.99\", \"final_price\": \"139.95\", \"unit_discount\": \"0.00\", \"total_discount\": \"0.00\", \"product_variant_id\": \"9c42747e-eda5-4425-9015-eb6ed42b6a37\", \"original_unit_price\": \"27.99\"}, {\"id\": \"9c427486-7bb8-4595-9e34-4b9745153b24\", \"sku\": \"W-ER003\", \"name\": \"Statement Tassel Earrings\", \"type\": \"product\", \"urls\": null, \"image\": \"/9j/4AAQSkZJRgABAQEAYABgAAD//gA7Q1JFQVRPUjogZ2QtanBlZyB2MS4wICh1c2luZyBJSkcgSlBFRyB2ODApLCBxdWFsaXR5ID0gODAK/9sAQwAGBAUGBQQGBgUGBwcGCAoQCgoJCQoUDg8MEBcUGBgXFBYWGh0lHxobIxwWFiAsICMmJykqKRkfLTAtKDAlKCko/9sAQwEHBwcKCAoTCgoTKBoWGigoKCgoKCgoKCgoKCgoKCgoKCgoKCgoKCgoKCgoKCgoKCgoKCgoKCgoKCgoKCgoKCgo/8AAEQgAMgAyAwEiAAIRAQMRAf/EAB8AAAEFAQEBAQEBAAAAAAAAAAABAgMEBQYHCAkKC//EALUQAAIBAwMCBAMFBQQEAAABfQECAwAEEQUSITFBBhNRYQcicRQygZGhCCNCscEVUtHwJDNicoIJChYXGBkaJSYnKCkqNDU2Nzg5OkNERUZHSElKU1RVVldYWVpjZGVmZ2hpanN0dXZ3eHl6g4SFhoeIiYqSk5SVlpeYmZqio6Slpqeoqaqys7S1tre4ubrCw8TFxsfIycrS09TV1tfY2drh4uPk5ebn6Onq8fLz9PX29/j5+v/EAB8BAAMBAQEBAQEBAQEAAAAAAAABAgMEBQYHCAkKC//EALURAAIBAgQEAwQHBQQEAAECdwABAgMRBAUhMQYSQVEHYXETIjKBCBRCkaGxwQkjM1LwFWJy0QoWJDThJfEXGBkaJicoKSo1Njc4OTpDREVGR0hJSlNUVVZXWFlaY2RlZmdoaWpzdHV2d3h5eoKDhIWGh4iJipKTlJWWl5iZmqKjpKWmp6ipqrKztLW2t7i5usLDxMXGx8jJytLT1NXW19jZ2uLj5OXm5+jp6vLz9PX29/j5+v/aAAwDAQACEQMRAD8A+qaiuZ1hXJxnGeTgAepPYVLWD46uZLbwxd+SgeWUCFQc4G44ycc8DNITdldm7G29FYgrkA4PUUtVtMuftum2t1gL58SSYBzjcAf61ZoGQRXIlnMajjbuBz2z6eh5x64NT1y+m6lJL491S0MaiIWyKrZOSYyCfb/ltjj+7XUUCTT2Cij86KBhXl3x+8Sjw/oGmKsQllnuwwQkD5UHOD2OWX8+/Q+o187/ALUGoRtrWh2LknyYzcAKSDuLYHPbhTmqgrsip8LPYPhheC+8B6PKrM22Hyju6/KSv9K6ivMv2f71bjwZNbLjFrdMo+hVW789Sa9B1m7Ww0i9vHOFggeU/wDAVJ/pRJa2Cm+aCZ4j4D8Ypq/xhuYlQpE09wiOp4kUglcj1wg/MfU+9V8bfDrUorTxrZXv8X26N3OTtO5gGwD9D+vpivsmnNWIou9/UKKKKg2CvlH9oN5bz4lhWwsULxxqTxkBEJ/VumP5V9XV558Vvh8vjCTSri2McVxbzqs7YGXhJAP1K9QPTP0N05KL1CyejOU/ZzedLvXYWRzAUhbeAdu75uPrhs/5OPQ/ircSW3gDV2hGXeNYgPXe6qf0Jra0DRrDQdNjsdLt0ggTk4HLt3Zj3Jx1q7cQRXMEkFxGksMilXRxkMD2Ioc7z5hQioqyPhvw9DKkFy6/NIZflC8Mc4A4HQ89M+3HNfb+mSSTadayzKySvEjOrDBBIGQfevOPh/8ACyz8Pa7qV/qCR3RW4LWO4AhE6hiD/EOnsQTyea9Qp1Jc1kJQUW2uoUUUVmUFFFFABRRRQAUUUUAJRRRQB//Z\", \"amount\": 8, \"full_price\": \"199.92\", \"product_id\": \"9c427461-679d-40f0-bc4a-7c3c30abd7af\", \"unit_price\": \"24.99\", \"final_price\": \"199.92\", \"unit_discount\": \"0.00\", \"total_discount\": \"0.00\", \"original_unit_price\": \"24.99\"}, {\"id\": \"9c427486-7f57-4056-8bfc-4f090eaa55b6\", \"sku\": \"M-TI001\", \"name\": \"Classic Silk Tie\", \"type\": \"product\", \"urls\": null, \"image\": \"/9j/4AAQSkZJRgABAQEAYABgAAD//gA7Q1JFQVRPUjogZ2QtanBlZyB2MS4wICh1c2luZyBJSkcgSlBFRyB2ODApLCBxdWFsaXR5ID0gODAK/9sAQwAGBAUGBQQGBgUGBwcGCAoQCgoJCQoUDg8MEBcUGBgXFBYWGh0lHxobIxwWFiAsICMmJykqKRkfLTAtKDAlKCko/9sAQwEHBwcKCAoTCgoTKBoWGigoKCgoKCgoKCgoKCgoKCgoKCgoKCgoKCgoKCgoKCgoKCgoKCgoKCgoKCgoKCgoKCgo/8AAEQgAMgAyAwEiAAIRAQMRAf/EAB8AAAEFAQEBAQEBAAAAAAAAAAABAgMEBQYHCAkKC//EALUQAAIBAwMCBAMFBQQEAAABfQECAwAEEQUSITFBBhNRYQcicRQygZGhCCNCscEVUtHwJDNicoIJChYXGBkaJSYnKCkqNDU2Nzg5OkNERUZHSElKU1RVVldYWVpjZGVmZ2hpanN0dXZ3eHl6g4SFhoeIiYqSk5SVlpeYmZqio6Slpqeoqaqys7S1tre4ubrCw8TFxsfIycrS09TV1tfY2drh4uPk5ebn6Onq8fLz9PX29/j5+v/EAB8BAAMBAQEBAQEBAQEAAAAAAAABAgMEBQYHCAkKC//EALURAAIBAgQEAwQHBQQEAAECdwABAgMRBAUhMQYSQVEHYXETIjKBCBRCkaGxwQkjM1LwFWJy0QoWJDThJfEXGBkaJicoKSo1Njc4OTpDREVGR0hJSlNUVVZXWFlaY2RlZmdoaWpzdHV2d3h5eoKDhIWGh4iJipKTlJWWl5iZmqKjpKWmp6ipqrKztLW2t7i5usLDxMXGx8jJytLT1NXW19jZ2uLj5OXm5+jp6vLz9PX29/j5+v/aAAwDAQACEQMRAD8A2/jv4vv7rxDcaNaXM0Wm2gEckce5UncjLF3BHC8DaSOjHniuJ0nX9Q0W7SCS8mWyUESM07lFZSOOzcg8jr0PA6SfEO7e38R6/K8cTTTalcx8sUdVDDGOm7njGSOB06ChDc6dfWV99jCwbBI6mQhPJUIAR7/M204/hVfSuKtO3vNHXRu/dT3X9eTO8tby+ju5Fubq4X7RGRFM8jFQQdvUnAOTjk9sZzwOO1PxB4mtpDHeXl3JErExrIWCNgnO3nkDBGfcYzmtTwBrNr/wjdtq8arc3IYobWFFhQSIAGlIGeuFwMA5LepqDVnnufDbq07alh0nbbkkR/MrLlgPmHJwDz2PXF0G3U5LX7+RyLEe77OW/l+v9XO2+EnxVxqUejazeSSRSEKj3Em8xEkAYfqVJI4bpnr2r6Br4h0bQ7i90U6i6K1s0rkKIthXGOR2YDAyATjJ9a+pfg14kfxH4JtTdNm/sv8ARbjJJLFR8rZIBORjn1zXdOEIaRlfp8yfaub95Wf5nc0UUVmUfNH7Qvhu3g1hdZ8gGG45kAcgiUY6DBB3YB/AmvEdOvXs7kSzbAkkUiMuDhcuW7Z64C57Z9q+6vFPh2x8Q6XNZahAs0MgwVP8wexr5k8c/BDVbC4uJPD91E9q7bisoPmAenofrgGs5Q5lY1pzULyOJ+GWuNbate6awxbXe2ZSpKskijGUYcKcHqeOMcZr09vP0m4htLlmvThmh/c5Lqg3Ko7tnGAvU5HXg14onh3WvD2t29xJJJFPE/yykZEeeNwHPIzkY5zyK940JbaWMy3UsVxdSgTmNwQQ5Y8gYzn5iNzgMcDgAAnDEJU/eauv1/T+uhjGM51EoddDlNE1Ce7ur7TrC2uIJbp/NjjyBvKkK3yFvlbIJyBnnPGOe++EepSeHvEclnqTmFruVbWSKRNpDgfKwOezErjHIYGvO/E19bX72c0FqkWpwSB5Cx+UYI9MEk7W+oPbinx6y91LBcyWsNq1nKGMMOeGXPO7klvmJz7j0zXTKhUqNVacfk9/l3uKrUjR0k72+7X8rH19RWf4fvG1DQdNvHILXFtHMSOhLKD/AFoqhp3NCqt7arMh4GatUUDPJPHvhWC7hdxEN30rxLRb6+8MeKDaXsziyeRwuSADG+MgE9+Mc+1fXt7Yx3KkMBzXl3xE+FVrr1vvgJhnGcMBkVNWnGrHlkONlJSa2dzybW9Caa1M+jkTWsp3NgFgCQfl55LZB57YORXNT2bxSMyBoWdASyxj5vXgj378571vTeD/ABz4Odn08S3lugIURtkgcnofqfzNFj4wWWRLfWtPjhuQqBlkiK7TkKeCPRc++T35pLFVcPbmV13/AMzWpToT20v+H9fM+ivB2oCHwjocRZspYwKePSNaK4ay1m8gs4IiVBjjVcCJsDAxRWMsXG+pqsFPp+R7XRRRXScgUUUUAQzRoRyin6iuW8T6Tp15bP8Aa7C0nwCR5sKtj8xRRSZRR07QtI/s+1/4ldh/ql/5d09B7UUUVwPc9FH/2Q==\", \"amount\": 9, \"full_price\": \"179.91\", \"product_id\": \"9c427468-ff76-487b-9d41-2c68977b3cf7\", \"unit_price\": \"17.99\", \"final_price\": \"161.91\", \"unit_discount\": \"2.00\", \"total_discount\": \"18.00\", \"original_unit_price\": \"19.99\"}, {\"id\": \"9c427486-86fd-4a44-b9eb-62ee876b5e9e\", \"sku\": \"M-BR001\", \"name\": \"Leather Cuff Bracelet\", \"type\": \"product\", \"urls\": null, \"image\": \"/9j/4AAQSkZJRgABAQEAYABgAAD//gA7Q1JFQVRPUjogZ2QtanBlZyB2MS4wICh1c2luZyBJSkcgSlBFRyB2ODApLCBxdWFsaXR5ID0gODAK/9sAQwAGBAUGBQQGBgUGBwcGCAoQCgoJCQoUDg8MEBcUGBgXFBYWGh0lHxobIxwWFiAsICMmJykqKRkfLTAtKDAlKCko/9sAQwEHBwcKCAoTCgoTKBoWGigoKCgoKCgoKCgoKCgoKCgoKCgoKCgoKCgoKCgoKCgoKCgoKCgoKCgoKCgoKCgoKCgo/8AAEQgAMgAyAwEiAAIRAQMRAf/EAB8AAAEFAQEBAQEBAAAAAAAAAAABAgMEBQYHCAkKC//EALUQAAIBAwMCBAMFBQQEAAABfQECAwAEEQUSITFBBhNRYQcicRQygZGhCCNCscEVUtHwJDNicoIJChYXGBkaJSYnKCkqNDU2Nzg5OkNERUZHSElKU1RVVldYWVpjZGVmZ2hpanN0dXZ3eHl6g4SFhoeIiYqSk5SVlpeYmZqio6Slpqeoqaqys7S1tre4ubrCw8TFxsfIycrS09TV1tfY2drh4uPk5ebn6Onq8fLz9PX29/j5+v/EAB8BAAMBAQEBAQEBAQEAAAAAAAABAgMEBQYHCAkKC//EALURAAIBAgQEAwQHBQQEAAECdwABAgMRBAUhMQYSQVEHYXETIjKBCBRCkaGxwQkjM1LwFWJy0QoWJDThJfEXGBkaJicoKSo1Njc4OTpDREVGR0hJSlNUVVZXWFlaY2RlZmdoaWpzdHV2d3h5eoKDhIWGh4iJipKTlJWWl5iZmqKjpKWmp6ipqrKztLW2t7i5usLDxMXGx8jJytLT1NXW19jZ2uLj5OXm5+jp6vLz9PX29/j5+v/aAAwDAQACEQMRAD8A+qa+d1+M+qy/HZNDgMbeHmvhpfk+WNxfds8wN1+/+GO2ea+iK+FPC/Px6sFycf8ACRKf/JigD7rorE8TeKdJ8OW5k1O6VXxlYUIMjfQf1PFeS6t8fJLPUI0g8NvLascZNzh2HqBtwKAPdaKyPCviGy8TaPDqOnmRUcfNHKu1427qw9a16ACiiigBHZURncgKoySewr8/dUv7L/hLr240yW5iumvXngvI2IKkuSOByuOORzxX6BSIsiMjgMjAgg9xX56eP/Dk3hHxtqekTuiNBK7Rtu3Fo+WQ4GcErjg+v40dQO18M6frep3VzPPe5uGjPlvOd+5vUE557Z7ZrrfC8GlQL9sumkmv8FZGuG3MjA4II9iMVozqmqfB3R/FGkusl1p0K2t6UGPMVPlVyPXGAfr/ALNeP3PiN5ryV1Yq0nLY7kcZ/LH5VSYHvehfECx0LXbeVnCWszCK5UHjaeA/1H6ivflIZQVIIPII71+dGqahNO4YMc9DX278D9Zk1z4W6BdXDFp0hNu5PUmNigJ9yFB/Gkw3O6ooopAFfP37Uvw2Gtac3jCwnt7e6023K3SSnb50YPy7T/eGSMHrkDsAfoGsLxz4atvGHhPUdBvZHigvIwvmJ1RgwZW98MoOO9AHxJ8O/iDfeENJ1fS4Y4LvTtUi8uWG4BIRsYLLgjnBI/L0rn7qwkhuZJEBMauVB9s4/lXZeJ/gv4u8O6qLc2D3loXwl3bIXQrnqcDKn2NeyeEfgzNqNij62rWMMnzFc/vcewH3fx59qYHiXhvwXc6jqCQS4EpXeYurBfU+g9zX2D8KfD7+GfBFjp8qlJMvKyH+HcxIH1xitLwx4U0XwzaC30exjhzy0hG6Rz6sx5JrcpXAKKKKACiiigAooooAKKKKACiiigD/2Q==\", \"amount\": 6, \"full_price\": \"113.94\", \"product_id\": \"9c427473-53e1-4ecf-b548-b429632e6501\", \"unit_price\": \"16.99\", \"final_price\": \"101.94\", \"unit_discount\": \"2.00\", \"total_discount\": \"12.00\", \"original_unit_price\": \"18.99\"}]',NULL,'{\"id\": \"9c4273ee-162d-4c89-9e7b-7bd414e934e6\", \"name\": {\"de\": \"Standard Klein (unter 5kg)\", \"en\": \"Standard Small (under 5kg)\", \"fr\": \"Standard petit (moins de 5 kg)\"}, \"slug\": \"standard-small-1\", \"price\": 7.99, \"enabled\": true, \"created_at\": \"2024-06-11T07:51:07.000000Z\", \"deleted_at\": null, \"updated_at\": \"2024-06-11T07:51:07.000000Z\", \"description\": {\"de\": \"Zustellung per Royal Mail (ca. 3–5 Tage)\", \"en\": \"Royal mail delivery. (approximately 3-5 days)\", \"fr\": \"Livraison du courrier royal. (environ 3 à 5 jours)\"}, \"enabled_by_default_on_creation\": true}','{\"delivery\": 7.99, \"subtotal\": 1280.06, \"total_payable\": 1288.05, \"applied_discount\": 22.01}',1,'mr-roland-treiber-port-gordonmouth-1',NULL,'2024-06-11 07:52:50','2024-06-11 07:52:50'),('9c42748b-82ca-4aad-bfae-8acc0eccb0a8','9c4273cc-9924-4a2c-a0a1-af3018b37ab3','9c427485-356d-4216-a38a-bc70cdc8c9b4','{\"id\": \"9c427485-0909-4c84-ac9c-1905faa11bec\", \"lat\": \"-10.151721\", \"lon\": \"96.881978\", \"name\": null, \"slug\": \"alice-cooper-port-sofia\", \"town\": \"Port Sofia\", \"country\": \"UK\", \"user_id\": \"9c4273cc-9924-4a2c-a0a1-af3018b37ab3\", \"post_code\": \"L25 2NW\", \"created_at\": \"2024-06-11T07:52:46.000000Z\", \"deleted_at\": null, \"updated_at\": \"2024-06-11T07:52:46.000000Z\", \"address_line_1\": \"67 Eden Pines\", \"address_line_2\": null, \"google_maps_url\": \"https://www.google.com/maps/@-10.151721,96.881978,14z\"}','{\"amount\": \"2065.96\", \"source\": {\"id\": \"9c427485-1a2e-49fd-a392-fc3644f0d3b5\", \"name\": \"nulla odit\", \"slug\": \"cooper-nulla-odit\", \"brand\": \"mastercard\", \"user_id\": \"9c4273cc-9924-4a2c-a0a1-af3018b37ab3\", \"exp_year\": \"2022\", \"exp_month\": \"2\", \"last_four\": \"4950\", \"source_id\": \"CkoLIBfxSHQlx6ZbeJ0YqaWGtq1OWXAOqpTo6G85eNi3SQ0UbvCIVOG75HTbeS57ffjznNOd9bHcSIn39kMKSzSCm52Ndw28MwUtK1xVxlH5ooiVHv3n5JcgmsESXJhJYYYSsCpTGREoaTVbEEU4Dt\", \"created_at\": \"2024-06-11T07:52:46.000000Z\", \"deleted_at\": null, \"updated_at\": \"2024-06-11T07:52:46.000000Z\", \"stripe_user_id\": \"6cTk4gl95vybPXrJlCRfumLn6gzYgW81mldDFIHQqnLy3EANa0wNizMHpqb6GncZb5HZi7wNM6iLqMNNcyk2h4wV0wDj4ydm9xgARpX2JeKtfK4gcQ8iNZCR\", \"payment_method_id\": 3}, \"created_at\": \"11-06-2024 07:52\", \"payment_ref\": \"W9AvScSI87\"}','[{\"id\": \"9c427486-b371-47ef-9ce9-6653a1aafccf\", \"sku\": \"M-S001\", \"name\": \"Classic Dress Shirt - (Size) M\", \"type\": \"product_variant\", \"urls\": null, \"image\": \"/9j/4AAQSkZJRgABAQEAYABgAAD//gA7Q1JFQVRPUjogZ2QtanBlZyB2MS4wICh1c2luZyBJSkcgSlBFRyB2ODApLCBxdWFsaXR5ID0gODAK/9sAQwAGBAUGBQQGBgUGBwcGCAoQCgoJCQoUDg8MEBcUGBgXFBYWGh0lHxobIxwWFiAsICMmJykqKRkfLTAtKDAlKCko/9sAQwEHBwcKCAoTCgoTKBoWGigoKCgoKCgoKCgoKCgoKCgoKCgoKCgoKCgoKCgoKCgoKCgoKCgoKCgoKCgoKCgoKCgo/8AAEQgAMgAyAwEiAAIRAQMRAf/EAB8AAAEFAQEBAQEBAAAAAAAAAAABAgMEBQYHCAkKC//EALUQAAIBAwMCBAMFBQQEAAABfQECAwAEEQUSITFBBhNRYQcicRQygZGhCCNCscEVUtHwJDNicoIJChYXGBkaJSYnKCkqNDU2Nzg5OkNERUZHSElKU1RVVldYWVpjZGVmZ2hpanN0dXZ3eHl6g4SFhoeIiYqSk5SVlpeYmZqio6Slpqeoqaqys7S1tre4ubrCw8TFxsfIycrS09TV1tfY2drh4uPk5ebn6Onq8fLz9PX29/j5+v/EAB8BAAMBAQEBAQEBAQEAAAAAAAABAgMEBQYHCAkKC//EALURAAIBAgQEAwQHBQQEAAECdwABAgMRBAUhMQYSQVEHYXETIjKBCBRCkaGxwQkjM1LwFWJy0QoWJDThJfEXGBkaJicoKSo1Njc4OTpDREVGR0hJSlNUVVZXWFlaY2RlZmdoaWpzdHV2d3h5eoKDhIWGh4iJipKTlJWWl5iZmqKjpKWmp6ipqrKztLW2t7i5usLDxMXGx8jJytLT1NXW19jZ2uLj5OXm5+jp6vLz9PX29/j5+v/aAAwDAQACEQMRAD8A41jgcVe8NeH7nxRqhs7dxFGq75JSuQo7ceprMmfanFeufDTT/wCxvCX9oyjbPeMJiT2QfdH5ZP8AwKvnslwH1zEKMl7q1ZeMr+xp3W5b8O/Duy0BXkti09zIMSSTHqOuABwOefWta68IW2p+YmpIlzBLhirDDZHQ5HPT8q6eCdJYwRjJp8hTygHLqAAcoxB/Svu4whTjyRgrWtt0Z4rnJ7yffc8f8W/DlNC0yfUtJuJnih+aS3k+Yhe5B9uvPbPNchBJvUGveDdw3t/c2DMJEEI3oWycNuGD9QK8OvtPfSdWu7B8kwSFAT3XsfxGD+NfF8SZbHDONamrJ7+p6uAxDqXjJ7Bn2opKK+TPRM7w9pTa5r1npwYqsr5dh2QDLfoDXdfGnxLH4f8ADQ0nTjtu7mMRQqh5iQcFvwHA96y/BzxeGbK61u9khE7RgRxE5bY3IGPU4z9MV5xrt1c6/rkl9fsWlnkAA7IueFHsK+6wFeGX4RSi06k/vXr+n/APLxFGdatyzi1GP4+h9XWUflxIPQCrMg3Lj1XH6UyMYWn5yB9BX1T1dzyjxaLWpNI+O1zbTSFbfUII4uegZVJX+bD6mtL4o2Yh120vFGFuoMN7snB/QrXC/Gbzbb4jSXVuds0Kwyxn0IGR+ortfGOqR6zoPh+7DxrKUZjGrZ+8Fyfwx+tfN5vWjicHXhLeEtPv/wCHO/DxdOrBraSOYwKKUDiivz657Rz95JLLBFDJIzRRZ2KTwueuKx70mJd6cMpyDWxJjBrLv1yhBr1qMndXIlqfTnhDXrHxNolvqOm3MU6PGpdUbJifHKMOxB9a1of9WD22ivgy21rVvDuqXh0XUrzT2kbDm2maPcM5AODz1qe48deKrqyls7nxFqs1tKux45Lp2DL6HJ6V+iQxacU2tzxZYN30eh6t8Rtcs/EPjbUG05lkhtdtt5qtkSFRyR7ZJH4ZrpLnVIL7QtOt/KVZoDtUqeibQOfqf5V478PFDwT5/vj+Vej2g2qMV8NnFZqtUiurPaw/7unyI0AeKKZv9qK+esaHPTVn3n3TRRXqUtzNnmfiL/kLT/h/KsxelFFfa0P4cPRHI9zvPh1/qJ/+ug/lXpFv0oor5DOP95kddL4S1iiiivHNT//Z\", \"amount\": 6, \"full_price\": \"173.94\", \"product_id\": \"9c4273f6-c260-4e77-9cae-af165373987a\", \"unit_price\": \"28.99\", \"final_price\": \"173.94\", \"unit_discount\": \"0.00\", \"total_discount\": \"0.00\", \"product_variant_id\": \"9c42747c-a108-4a9b-ad07-ec8839c7666e\", \"original_unit_price\": \"28.99\"}, {\"id\": \"9c427486-b0d1-46f7-93ae-471c0329b442\", \"sku\": \"M-TR001\", \"name\": \"Classic Dress Trousers - (Size) L\", \"type\": \"product_variant\", \"urls\": null, \"image\": \"/9j/4AAQSkZJRgABAQEAYABgAAD//gA7Q1JFQVRPUjogZ2QtanBlZyB2MS4wICh1c2luZyBJSkcgSlBFRyB2ODApLCBxdWFsaXR5ID0gODAK/9sAQwAGBAUGBQQGBgUGBwcGCAoQCgoJCQoUDg8MEBcUGBgXFBYWGh0lHxobIxwWFiAsICMmJykqKRkfLTAtKDAlKCko/9sAQwEHBwcKCAoTCgoTKBoWGigoKCgoKCgoKCgoKCgoKCgoKCgoKCgoKCgoKCgoKCgoKCgoKCgoKCgoKCgoKCgoKCgo/8AAEQgAMgAyAwEiAAIRAQMRAf/EAB8AAAEFAQEBAQEBAAAAAAAAAAABAgMEBQYHCAkKC//EALUQAAIBAwMCBAMFBQQEAAABfQECAwAEEQUSITFBBhNRYQcicRQygZGhCCNCscEVUtHwJDNicoIJChYXGBkaJSYnKCkqNDU2Nzg5OkNERUZHSElKU1RVVldYWVpjZGVmZ2hpanN0dXZ3eHl6g4SFhoeIiYqSk5SVlpeYmZqio6Slpqeoqaqys7S1tre4ubrCw8TFxsfIycrS09TV1tfY2drh4uPk5ebn6Onq8fLz9PX29/j5+v/EAB8BAAMBAQEBAQEBAQEAAAAAAAABAgMEBQYHCAkKC//EALURAAIBAgQEAwQHBQQEAAECdwABAgMRBAUhMQYSQVEHYXETIjKBCBRCkaGxwQkjM1LwFWJy0QoWJDThJfEXGBkaJicoKSo1Njc4OTpDREVGR0hJSlNUVVZXWFlaY2RlZmdoaWpzdHV2d3h5eoKDhIWGh4iJipKTlJWWl5iZmqKjpKWmp6ipqrKztLW2t7i5usLDxMXGx8jJytLT1NXW19jZ2uLj5OXm5+jp6vLz9PX29/j5+v/aAAwDAQACEQMRAD8A+qaKKKAPkj4zePvEA+Ims2ul67qVjZWsogSG2uGjAKqAx+Ujq2a4J/iB4ugdXj8Wa7uBBAa9kYfkTg0/40O8PxQ8Tgcf6a5/M5/rXEsZVcxyhldTgqwwQaLln6OaReDUNJsr0DAuYEmA9Nyg/wBat1k+EU8vwpoqHqtlAP8AyGta1BAUUUUAFFFFAHwp8e49nxZ8SKO9wrfmin+tVvjRpaaL8TdZsY12rG0TAf70KMf1Nbfxht/tnx71G2xkTX9vFj6rGKsftRW/kfFy8kx/r7aCT64Xb/7LSLPsTRE8vRdPT+7bxj8lFXaq6Uc6XZn1hT/0EVapkBRRRQAUUUUAfGnjFftP7UUcOMhtctFP03R5q5+12nl/EqwcD/WaXGfyllH9KL+AzftbpHjpq0cn/fKBv6VZ/bHTb420ST+9p238pX/xpFH1TobbtE09vW3jP/joq7VDQARoOmg9RbRj/wAdFX6ZIUUUUAFFFFAGadB0c6uNVOlaedUHS8+zJ53TH38bunHWnapomlas8b6rpljetH9w3NukhT6bgcUUUhmgoCgBQABwAO1FFFMQUUUUAf/Z\", \"amount\": 10, \"full_price\": \"279.90\", \"product_id\": \"9c427402-69ff-458e-9080-7043ee891a99\", \"unit_price\": \"27.99\", \"final_price\": \"279.90\", \"unit_discount\": \"0.00\", \"total_discount\": \"0.00\", \"product_variant_id\": \"9c42747c-fbe1-4ee5-b9b2-1195740d94b0\", \"original_unit_price\": \"27.99\"}, {\"id\": \"9c427486-adfd-4e72-9466-208f65ef781f\", \"sku\": \"W-P002\", \"name\": \"Sporty Performance Polo - (Size) XL\", \"type\": \"product_variant\", \"urls\": null, \"image\": \"/9j/4AAQSkZJRgABAQEAYABgAAD//gA7Q1JFQVRPUjogZ2QtanBlZyB2MS4wICh1c2luZyBJSkcgSlBFRyB2ODApLCBxdWFsaXR5ID0gODAK/9sAQwAGBAUGBQQGBgUGBwcGCAoQCgoJCQoUDg8MEBcUGBgXFBYWGh0lHxobIxwWFiAsICMmJykqKRkfLTAtKDAlKCko/9sAQwEHBwcKCAoTCgoTKBoWGigoKCgoKCgoKCgoKCgoKCgoKCgoKCgoKCgoKCgoKCgoKCgoKCgoKCgoKCgoKCgoKCgo/8AAEQgAMgAyAwEiAAIRAQMRAf/EAB8AAAEFAQEBAQEBAAAAAAAAAAABAgMEBQYHCAkKC//EALUQAAIBAwMCBAMFBQQEAAABfQECAwAEEQUSITFBBhNRYQcicRQygZGhCCNCscEVUtHwJDNicoIJChYXGBkaJSYnKCkqNDU2Nzg5OkNERUZHSElKU1RVVldYWVpjZGVmZ2hpanN0dXZ3eHl6g4SFhoeIiYqSk5SVlpeYmZqio6Slpqeoqaqys7S1tre4ubrCw8TFxsfIycrS09TV1tfY2drh4uPk5ebn6Onq8fLz9PX29/j5+v/EAB8BAAMBAQEBAQEBAQEAAAAAAAABAgMEBQYHCAkKC//EALURAAIBAgQEAwQHBQQEAAECdwABAgMRBAUhMQYSQVEHYXETIjKBCBRCkaGxwQkjM1LwFWJy0QoWJDThJfEXGBkaJicoKSo1Njc4OTpDREVGR0hJSlNUVVZXWFlaY2RlZmdoaWpzdHV2d3h5eoKDhIWGh4iJipKTlJWWl5iZmqKjpKWmp6ipqrKztLW2t7i5usLDxMXGx8jJytLT1NXW19jZ2uLj5OXm5+jp6vLz9PX29/j5+v/aAAwDAQACEQMRAD8A8y8PWDMUwCS/AwPzr6A8E6fFb6aLeNDI8gAOckE4/LvXjHw7mSa/iF3m3jDgAlsb8jt6cA/pXS6z8WYvDuprBZ2/2+xjba8hfkDuFGMZB7557V4NWFWpPlijouktTt/E/iGW48VJ4K0GSytLxYPtN/fXJAS2TICgZ6sSy/TI6dRmeE/E99pni+78G6jrEWou8Rkhu4UVSzLnfGcE4x1654Oa4Xwb44j1X4uW+rQ2jSS3y/Y5FaMY8sEFHbOeQQo4PYdKyfGmraxafFDTtXlsLhYbKRxC7QBRISW6lRg5zjNddGEoRVPyNoqKiptdT27xDFdGHytPQrkfM69c+1ccfACSzi41GVnPLEZ6/wCeT+VcxJ8aNTCrmxtck44Q/wDxVQWnxc1rV9QgtLe1tYpbgZG5S3bPr7elCpyWxo5Um7ydzfm8J24lfYqKu44G3oKKyJvE/iBJnQ/YSVYj/UH/AOKopWkVzUTm9Xt5dGna0STZJb2+G2nkMz4PP+6BXJ6kgkg2t0LAHH1r2KP4jaKJQ8vhHSriWXAZ5EVicDjJIPbFaFr470W4miWPwTojA8YFshb2x8vWnDFSitYfkcMopvc9e8M/DvwzaWwvdGsRp08qiN5ITkkKfu/PnjKg8Yzir2qx6X4U0S51m4D+YkW+R3YyN64UEnHPYcVk+F9W1O4hnV7kRRwyFEUx8nABOfzP5V5l8cdT1a5CWM94PsbEB0XgnPHWvVjJSjzoxmnFuDOA+L8LXuvWmqrCFN6iyMQoXPIIJ98H9K4bwgWi8VaHKq7gJoQR7EgH+dexNq2l6VZW2o61oa6nZzW8UMImOdjKDnB+hFZh8c+CVvYHtvBFpFcRMpR0crtI6HivNnibybjF2N3T5PdbMrU79F1K7Gekrj9TRVa/1/R5764l/siceZIzYE/Ayc/3aKjm8mM5CKYM6gkZ6jmus8Fzu/iXR40USA3UYIPI++OK5W30XU2OY4GbP+wwx+ldR4M0TVrbWorq6jSKCJZXyzY52Ntz+OKqSi9Lijuj6gttS0eQywabqWl3U6sfPEd3GWB6lQufwJP09a87+JOiTXVvLdT7BucLGNwLMx7KPbrXz1quoNatLIuN0nysduOPwqlpMdybj7TY3M0UpJZpIXZSM+4Ir1lTa9xbHM5J+91PSvGN0X+Gvh2GTChGnBz6h8fyry5phHOhUg812/iKyv8A/hCNAtzGWfbJccP0UsQOvXPBrz65tbyJ/ngZceteZCCV1c66t3Z+SNVplLE5PJoqiEmIB2/rRT5TM+19NsLPycfZLf8A79r/AIVn+PbO2j8I6g0dvCrBAQVQAjkUUV5S+NGkfjXqfHXiL/WTDtuNdb4ljS31+ZIEWJPJhO1BtGTGuTxRRX1H/L1ej/Q4Xsdf4K/f+J9Hgm/eQjT2by35XO0c46V1muWNptf/AEWD/v2KKK+er/xf67ndW+JeiOQNrb5P7iL/AL4FFFFIzP/Z\", \"amount\": 9, \"full_price\": \"175.50\", \"product_id\": \"9c427410-66d7-441a-8e70-d6d91f6923bc\", \"unit_price\": \"19.50\", \"final_price\": \"175.50\", \"unit_discount\": \"0.00\", \"total_discount\": \"0.00\", \"product_variant_id\": \"9c42747d-5f65-4ee8-8697-35c4031b7743\", \"original_unit_price\": \"19.50\"}, {\"id\": \"9c427486-96ac-49db-b3e9-8196b86bd73d\", \"sku\": \"W-J002\", \"name\": \"Casual V-Neck Jumper - (Size) XS\", \"type\": \"product_variant\", \"urls\": null, \"image\": \"/9j/4AAQSkZJRgABAQEAYABgAAD//gA7Q1JFQVRPUjogZ2QtanBlZyB2MS4wICh1c2luZyBJSkcgSlBFRyB2ODApLCBxdWFsaXR5ID0gODAK/9sAQwAGBAUGBQQGBgUGBwcGCAoQCgoJCQoUDg8MEBcUGBgXFBYWGh0lHxobIxwWFiAsICMmJykqKRkfLTAtKDAlKCko/9sAQwEHBwcKCAoTCgoTKBoWGigoKCgoKCgoKCgoKCgoKCgoKCgoKCgoKCgoKCgoKCgoKCgoKCgoKCgoKCgoKCgoKCgo/8AAEQgAMgAyAwEiAAIRAQMRAf/EAB8AAAEFAQEBAQEBAAAAAAAAAAABAgMEBQYHCAkKC//EALUQAAIBAwMCBAMFBQQEAAABfQECAwAEEQUSITFBBhNRYQcicRQygZGhCCNCscEVUtHwJDNicoIJChYXGBkaJSYnKCkqNDU2Nzg5OkNERUZHSElKU1RVVldYWVpjZGVmZ2hpanN0dXZ3eHl6g4SFhoeIiYqSk5SVlpeYmZqio6Slpqeoqaqys7S1tre4ubrCw8TFxsfIycrS09TV1tfY2drh4uPk5ebn6Onq8fLz9PX29/j5+v/EAB8BAAMBAQEBAQEBAQEAAAAAAAABAgMEBQYHCAkKC//EALURAAIBAgQEAwQHBQQEAAECdwABAgMRBAUhMQYSQVEHYXETIjKBCBRCkaGxwQkjM1LwFWJy0QoWJDThJfEXGBkaJicoKSo1Njc4OTpDREVGR0hJSlNUVVZXWFlaY2RlZmdoaWpzdHV2d3h5eoKDhIWGh4iJipKTlJWWl5iZmqKjpKWmp6ipqrKztLW2t7i5usLDxMXGx8jJytLT1NXW19jZ2uLj5OXm5+jp6vLz9PX29/j5+v/aAAwDAQACEQMRAD8A6/yuaS4aK1t3nuJFjiQZZmOABWkIcmvJ/jFqV0skdnau3l85UDgn2Pcj8h9aJS5UXGPM7FHVPFl54m8RW+i6JOLS3mk2ecW2kr/E7HsoGTx6V1PjnwrP8NtCXXNP8Sy6jmSNLi3lxhd3RgMnj2PPvXkHgG5OheObGfWLaKSGYNH5Vym5Rkcbh9cV7P8AGTxBHpHw6tIWtNNmudTjS28xIgcKi8nIJ6ZXA7Zz7VzuclI6lCLjcv8AhXXbXxFpyz2xCyrxJH3U/wBR71rNF7V4V8MHu7G/iltjuhccH0PdT/n+VfQ6w7kVsdRmuiMr6HNOHLqjJ8o0VqeR7UVRmaSwe1cd418P2Ec0WsXW5mQhAh6EnoPYDBPFejLD7Vx/xbj8rwjvGeJ1/wDQWppKTSY1JrY4C00nSJdZGo3GnRXUoGF3MePpzjNdrrs+ma/oaaXe6Lavap80aMM+X7qRgqevIrzPwRrpubC2MiF22AMxPU9D+tdc2obJFZVwK09hBvmsNVZJWuaPhDw5pNpNLbW1t5SyAMqZLBSDkEE5IPFdy1vx0rkvC16t34qWNB0wh/74z/WvR2tvapnFRehN29zC+z0VtfZvaioAnSPnpXD/ABrYReDFT+OS4QD8AxNeiJHzXlf7RU8Ft4c0sTsw8y5KAIMsQRg4HfqKqHxITPG/AqbNNBiUgeY5J9fmPSu1mBNsWHVea4bR/Eeh6ZBFZzNPD5ShQX2c49dpPNdNp3ijSLj/AFDTTJ0YCFmGPwFdKEdb4PBg8ew+Ww8p5Yz/AN9xqf617e8PtXgXg+4tH8caU9lL5kMksOcggo28rtOfYLX0Y8YrCruhozPK9qKveWPSishlNK8M/ayJGi+G8HH+mN/JaKKun8SFLY+dIfmxu+bnvzT4/lj3Lwy4wR1FFFei9jhW57h8M5Hn1TwZJM7SSMxyznJOJxjJPpX1E9FFcFXc7o7EVFFFZDP/2Q==\", \"amount\": 9, \"full_price\": \"193.50\", \"product_id\": \"9c42741b-fbd5-4310-856c-6e9d03e2615e\", \"unit_price\": \"21.50\", \"final_price\": \"193.50\", \"unit_discount\": \"0.00\", \"total_discount\": \"0.00\", \"product_variant_id\": \"9c42747d-94c9-4a97-84b8-02ba1cc08157\", \"original_unit_price\": \"21.50\"}, {\"id\": \"9c427486-a606-47d7-b500-69a0e4ae29b5\", \"sku\": \"W-TR003\", \"name\": \"Sporty Track Pants - (Size) S\", \"type\": \"product_variant\", \"urls\": null, \"image\": \"/9j/4AAQSkZJRgABAQEAYABgAAD//gA7Q1JFQVRPUjogZ2QtanBlZyB2MS4wICh1c2luZyBJSkcgSlBFRyB2ODApLCBxdWFsaXR5ID0gODAK/9sAQwAGBAUGBQQGBgUGBwcGCAoQCgoJCQoUDg8MEBcUGBgXFBYWGh0lHxobIxwWFiAsICMmJykqKRkfLTAtKDAlKCko/9sAQwEHBwcKCAoTCgoTKBoWGigoKCgoKCgoKCgoKCgoKCgoKCgoKCgoKCgoKCgoKCgoKCgoKCgoKCgoKCgoKCgoKCgo/8AAEQgAMgAyAwEiAAIRAQMRAf/EAB8AAAEFAQEBAQEBAAAAAAAAAAABAgMEBQYHCAkKC//EALUQAAIBAwMCBAMFBQQEAAABfQECAwAEEQUSITFBBhNRYQcicRQygZGhCCNCscEVUtHwJDNicoIJChYXGBkaJSYnKCkqNDU2Nzg5OkNERUZHSElKU1RVVldYWVpjZGVmZ2hpanN0dXZ3eHl6g4SFhoeIiYqSk5SVlpeYmZqio6Slpqeoqaqys7S1tre4ubrCw8TFxsfIycrS09TV1tfY2drh4uPk5ebn6Onq8fLz9PX29/j5+v/EAB8BAAMBAQEBAQEBAQEAAAAAAAABAgMEBQYHCAkKC//EALURAAIBAgQEAwQHBQQEAAECdwABAgMRBAUhMQYSQVEHYXETIjKBCBRCkaGxwQkjM1LwFWJy0QoWJDThJfEXGBkaJicoKSo1Njc4OTpDREVGR0hJSlNUVVZXWFlaY2RlZmdoaWpzdHV2d3h5eoKDhIWGh4iJipKTlJWWl5iZmqKjpKWmp6ipqrKztLW2t7i5usLDxMXGx8jJytLT1NXW19jZ2uLj5OXm5+jp6vLz9PX29/j5+v/aAAwDAQACEQMRAD8A3LGDpxW1bwDHSqlgnA4rat06cUizlPEtzqem+INDms7R7mzecRSRohYsWDKex5AYEe4HrmptD8Pavpeu6/LqFmq2k0iSrcCVdiqqBQuMDknJ6D6V6f4UuVjultNis0yyMob1G3/GqPxVlmj0F4LURBj+9baTkhCGIx3GAaxUHzOSZ0e0XKqbRyssAqpND7VpxHzbWGTBBZASD24qCRc1rcx20M7yKKu+WPSimA2wHArYtx0rIsegrYg7UEmT4p8Wy+GjbtaTRQzorMTIoIKsQO/+7Xn178UdZ1bUbeS8uLFrGKTbKY4sZj3YIHJ5Irf+Ltup06CbaNxV0JP5/wCNeNeB41vdU0LT5EAAv1LqBjK7t38jXXThD2e3czcnzH0uoYQJ5nDkZb6nrVaXrV246VQlPNca0Nr31EyKKi3e1FMQ2xkQAc1sQSJxzV230UKB8lX49KAH3adibnnfxXUP4SeWPG6KQN+BBH8yK8T+GDNN4/0RigGckn3VG/8Aia+i/ibpLSeB9U8pMvGiy49QrAn9Aa8K+DWnlvHNrPMypBaQSsXdgvJG3GDzn5q6YNKk7kPV6HvM8ikVnzyDnFX7ma15CSq3+7zWfJ8+RGrn8K5bGiZB5g9aKd9nn/55t+VFFh3PVUAx0FSY4ooqzMyvFChvD+phgCDaygg9/kNfOvgy2gHxUnUQxbfso42DH36KKr7I49T6Gs7S2SJdtvCvHZAKmMUY6RoPwFFFQIi2L/dX8qKKKAP/2Q==\", \"amount\": 1, \"full_price\": \"22.99\", \"product_id\": \"9c427423-8dc7-4a04-8a33-d838f1989a0d\", \"unit_price\": \"22.99\", \"final_price\": \"22.99\", \"unit_discount\": \"0.00\", \"total_discount\": \"0.00\", \"product_variant_id\": \"9c42747d-bc67-46a3-81f7-bd3c48270b26\", \"original_unit_price\": \"22.99\"}, {\"id\": \"9c427486-b8f3-4297-b1c8-ab78a3b2be03\", \"sku\": \"W-SN002\", \"name\": \"Sporty Running Sneakers - (Size) 9.5, (Colour) Bright Red\", \"type\": \"product_variant\", \"urls\": null, \"image\": \"/9j/4AAQSkZJRgABAQEAYABgAAD//gA7Q1JFQVRPUjogZ2QtanBlZyB2MS4wICh1c2luZyBJSkcgSlBFRyB2ODApLCBxdWFsaXR5ID0gODAK/9sAQwAGBAUGBQQGBgUGBwcGCAoQCgoJCQoUDg8MEBcUGBgXFBYWGh0lHxobIxwWFiAsICMmJykqKRkfLTAtKDAlKCko/9sAQwEHBwcKCAoTCgoTKBoWGigoKCgoKCgoKCgoKCgoKCgoKCgoKCgoKCgoKCgoKCgoKCgoKCgoKCgoKCgoKCgoKCgo/8AAEQgAMgAyAwEiAAIRAQMRAf/EAB8AAAEFAQEBAQEBAAAAAAAAAAABAgMEBQYHCAkKC//EALUQAAIBAwMCBAMFBQQEAAABfQECAwAEEQUSITFBBhNRYQcicRQygZGhCCNCscEVUtHwJDNicoIJChYXGBkaJSYnKCkqNDU2Nzg5OkNERUZHSElKU1RVVldYWVpjZGVmZ2hpanN0dXZ3eHl6g4SFhoeIiYqSk5SVlpeYmZqio6Slpqeoqaqys7S1tre4ubrCw8TFxsfIycrS09TV1tfY2drh4uPk5ebn6Onq8fLz9PX29/j5+v/EAB8BAAMBAQEBAQEBAQEAAAAAAAABAgMEBQYHCAkKC//EALURAAIBAgQEAwQHBQQEAAECdwABAgMRBAUhMQYSQVEHYXETIjKBCBRCkaGxwQkjM1LwFWJy0QoWJDThJfEXGBkaJicoKSo1Njc4OTpDREVGR0hJSlNUVVZXWFlaY2RlZmdoaWpzdHV2d3h5eoKDhIWGh4iJipKTlJWWl5iZmqKjpKWmp6ipqrKztLW2t7i5usLDxMXGx8jJytLT1NXW19jZ2uLj5OXm5+jp6vLz9PX29/j5+v/aAAwDAQACEQMRAD8AzbSJV4hiye7Ma0YLRdwdHAfvSRnzB7U+7Y2Gn3F4cBYY2kyemQOAfqcD8a8tJyaiup7cmoRcn0MHxNJYXlrNamWZ5g6xKY49ymQsFC5yOcn3r2GIW/h7wzbq5EccEIHPGMCvnPXPG7fa9O0/T5Vi03TfJmhGwHfcBVMjv/eO/djOeOPet/XPGep+LbGH7QkcEIHKw5w59ee3tXTisOo2jDZdTkweJc25VN3sjH+IOvzeJdQb5iLVD8i+vvVbwnYxSHawbcPQVLFpplYfLzXceHNEjgiV5I9r+o4zWLajHlRuk5y5mQroNttH7qLp/dFFdJ9ig/uCisuY25UV1sA5DQMEJ6qelcf8UdXNlpZ0kyrvIWScp1ORlU/I7j/wH0ru9OdM4dWTPQueDXlnj/wlrWo+JJ5bWGedZWG0bDtC4AyGHHbkHB9j1rqwjipuUumxx41ScFGPV6nm+hWFxq96LW3Xofmb+6K9m0jw/cx2kUaxgBFCgtyeBTvDng+LwnYfadQuImunG6THQYGcD2HrXK3Wu+Ib/wAS2tzphuI7BpfKVuiEDG78hXQqUsQ9HaP5s5XWjhlqry3a7I9Et9GS2xLfTRRJ6uwUfrW7YT2k8bLZ3EM4TG4IwO30rxy8ur2fV5Had5ImbBLFmBH1xxXUfDqKWXVbm7j3fZo4zBuHR3JVjj6AD/voVdfL40qbm5aozw2ZyrVVBR0Z6HtHofzoqPy5PQ/nRXkntkNqFGAJTGfpnNa0UcZQbwsmO5rk7SeULhZlI9CORV+K/uIeh8wUyTlfijqC215FaywObSWMA7W2cgk4z7+nfFYFhd6rrdrFpOlReXZw5AGfljB65Pv19ep9a9GvLm0v1AvLXJXjp+mD1HtzTreaOGIR6fAUA6kpsA/T+VejTx7p0lBLVHlVctVSs6jej3MbQvh9ZxBZNZuJrnuYY28pD7HGW/IiusAsbGJYrSO3toIxtSKIYVR/MnuSeTWduLZaZS/1fAqrc3TqCEghA+ua5amIqVdJM7qWGp0dYIvnUIMn95RWF9quf7sH/fNFYWN7kKn5EPerFqxy3J6UUU2CLkHzDLcn3qVycdaKKQzMu3bzFG449M0rE7aKKYikWOTyfzooopiP/9k=\", \"amount\": 4, \"full_price\": \"113.00\", \"product_id\": \"9c42742d-6062-45d9-bd66-800979f535b1\", \"unit_price\": \"28.25\", \"final_price\": \"113.00\", \"unit_discount\": \"0.00\", \"total_discount\": \"0.00\", \"product_variant_id\": \"9c42747a-8d6d-49bd-b205-2220ce5c2516\", \"original_unit_price\": \"28.25\"}, {\"id\": \"9c427486-a348-4a9c-8a6d-c5ff5415fa73\", \"sku\": \"W-BO003\", \"name\": \"Fashion Knee-High Boots - (Size) 8.5\", \"type\": \"product_variant\", \"urls\": null, \"image\": \"/9j/4AAQSkZJRgABAQEAYABgAAD//gA7Q1JFQVRPUjogZ2QtanBlZyB2MS4wICh1c2luZyBJSkcgSlBFRyB2ODApLCBxdWFsaXR5ID0gODAK/9sAQwAGBAUGBQQGBgUGBwcGCAoQCgoJCQoUDg8MEBcUGBgXFBYWGh0lHxobIxwWFiAsICMmJykqKRkfLTAtKDAlKCko/9sAQwEHBwcKCAoTCgoTKBoWGigoKCgoKCgoKCgoKCgoKCgoKCgoKCgoKCgoKCgoKCgoKCgoKCgoKCgoKCgoKCgoKCgo/8AAEQgAMgAyAwEiAAIRAQMRAf/EAB8AAAEFAQEBAQEBAAAAAAAAAAABAgMEBQYHCAkKC//EALUQAAIBAwMCBAMFBQQEAAABfQECAwAEEQUSITFBBhNRYQcicRQygZGhCCNCscEVUtHwJDNicoIJChYXGBkaJSYnKCkqNDU2Nzg5OkNERUZHSElKU1RVVldYWVpjZGVmZ2hpanN0dXZ3eHl6g4SFhoeIiYqSk5SVlpeYmZqio6Slpqeoqaqys7S1tre4ubrCw8TFxsfIycrS09TV1tfY2drh4uPk5ebn6Onq8fLz9PX29/j5+v/EAB8BAAMBAQEBAQEBAQEAAAAAAAABAgMEBQYHCAkKC//EALURAAIBAgQEAwQHBQQEAAECdwABAgMRBAUhMQYSQVEHYXETIjKBCBRCkaGxwQkjM1LwFWJy0QoWJDThJfEXGBkaJicoKSo1Njc4OTpDREVGR0hJSlNUVVZXWFlaY2RlZmdoaWpzdHV2d3h5eoKDhIWGh4iJipKTlJWWl5iZmqKjpKWmp6ipqrKztLW2t7i5usLDxMXGx8jJytLT1NXW19jZ2uLj5OXm5+jp6vLz9PX29/j5+v/aAAwDAQACEQMRAD8A+qaCQoJPAHJoqC+z9huNuc+W2MfSgD518a/GnxNpWuQW9imniGQbirQkkc+u6vZPh/4jvfEFvcG/jgR4ljYGEEA7t3Yk/wB2vkn4gHd4otz1Hlhv1FfUPweUfYLx/VYl/Rj/AFrKLbZ6FelCNK6Wp6FRRRWp54UUUUAFBGRg9KKKAPiD4lwm28YRwYwYgYiPcPg/yr6e+DHOg3jdxMqflGh/9mr52+N0Qg+JU4X+KeRvxLk/1r6J+DB26FfRk/P9oVz9DEg/9lNZR+I9Ku70bnoNFFFanmhRRRQAUUUUAfFHxB1SLXPEV1eo2JjIz4I+6Sc4r2j4L+JY0e3WZgI71Ehdiekg+7+ZJH1YVxnw0+H2meJfGfxE0vV1kH2a6xbTRuQ0LeZICR2PQcHisO+03U/hl4hm0rWFaewmO6GaMELIv95fQ+o6g/gTlZp3PSU4VI+zPr6ivE/DHxVvpWhtoom1pRgYgtpGnx7lQQT74Hv617YOlaJ3OCdNwdmFFFFMgKKKKAAAAkgDJpskaSgCRFcDkBhmiigBVUKMKAB6CloooAKKKKAP/9k=\", \"amount\": 2, \"full_price\": \"59.98\", \"product_id\": \"9c42743a-34af-4ae7-9298-273fbd731492\", \"unit_price\": \"29.99\", \"final_price\": \"59.98\", \"unit_discount\": \"0.00\", \"total_discount\": \"0.00\", \"product_variant_id\": \"9c42747e-560f-4c68-a0e8-8c6504e21256\", \"original_unit_price\": \"29.99\"}, {\"id\": \"9c427486-a074-47b1-bf34-c1a785746dc6\", \"sku\": \"M-LO001\", \"name\": \"Classic Leather Loafers - (Size) 10, (Colour) Dark Gray\", \"type\": \"product_variant\", \"urls\": null, \"image\": \"/9j/4AAQSkZJRgABAQEAYABgAAD//gA7Q1JFQVRPUjogZ2QtanBlZyB2MS4wICh1c2luZyBJSkcgSlBFRyB2ODApLCBxdWFsaXR5ID0gODAK/9sAQwAGBAUGBQQGBgUGBwcGCAoQCgoJCQoUDg8MEBcUGBgXFBYWGh0lHxobIxwWFiAsICMmJykqKRkfLTAtKDAlKCko/9sAQwEHBwcKCAoTCgoTKBoWGigoKCgoKCgoKCgoKCgoKCgoKCgoKCgoKCgoKCgoKCgoKCgoKCgoKCgoKCgoKCgoKCgo/8AAEQgAMgAyAwEiAAIRAQMRAf/EAB8AAAEFAQEBAQEBAAAAAAAAAAABAgMEBQYHCAkKC//EALUQAAIBAwMCBAMFBQQEAAABfQECAwAEEQUSITFBBhNRYQcicRQygZGhCCNCscEVUtHwJDNicoIJChYXGBkaJSYnKCkqNDU2Nzg5OkNERUZHSElKU1RVVldYWVpjZGVmZ2hpanN0dXZ3eHl6g4SFhoeIiYqSk5SVlpeYmZqio6Slpqeoqaqys7S1tre4ubrCw8TFxsfIycrS09TV1tfY2drh4uPk5ebn6Onq8fLz9PX29/j5+v/EAB8BAAMBAQEBAQEBAQEAAAAAAAABAgMEBQYHCAkKC//EALURAAIBAgQEAwQHBQQEAAECdwABAgMRBAUhMQYSQVEHYXETIjKBCBRCkaGxwQkjM1LwFWJy0QoWJDThJfEXGBkaJicoKSo1Njc4OTpDREVGR0hJSlNUVVZXWFlaY2RlZmdoaWpzdHV2d3h5eoKDhIWGh4iJipKTlJWWl5iZmqKjpKWmp6ipqrKztLW2t7i5usLDxMXGx8jJytLT1NXW19jZ2uLj5OXm5+jp6vLz9PX29/j5+v/aAAwDAQACEQMRAD8A1YTaqOY8H6f/AF6laazx0wR7GogXIztcfVRTXV2zw3/fsVwKJ6N0R3F1Bn5WYfRBWdcXkSqTlz+Ap+sTJp1hLd3W9IYxydgzknAH51wi+MLeeYLcxvbo/CSZDJ9GOODWkYXVyHPWx0Nxfxk/xflWfLfRnOVJ/AVKbO4uEDxDcjDIZcEEfWq82l3QBOCPriq5ULmIftUX90/kKKj/ALPuPainyi5j1CaYW0Ek1zNFHDGNzMxwAK4Bvi3ptvqLW11YXUUYOFlG1gR2bHHH50vj/XUu/DVxAiyA70ZiRwQGHv8ASvKHjgukVJvmUfdIPK/T29qqnSUldkTqNOx7H4l1GPxd4auINGmt7j7sgMRO9cHPzIQGA/CvI7HVNX8MawtwI2jkU4YModHHQgg8EH3re8AP/Y/iWC4jiimCqRl+cZGOB617Gtvo3iGPydUhhWUjiRhjP/Ah/WtI05xjdLQiUot76nPeC9U0XV5TLZ20entNHmS1hY7BJn5nRScAYA+UdOa6d9GeUExSxsK5+X4W3ul3bXHhvUrXymO77LdhtoPqrKMg/hXQeHNH1wXobWUt4UiztMc+8Pxj0B/Oi9KUNNGg/eKWuqK58PTZ++v50V2f9nr/AH0/M0VzcxtY8z1TwxNNGwRAyn+HFed634NntXaWCKSI9cAfKa9y+1N1Ea474NNllSTho0I9KUakkXKmnufNsV01hcj7UktvMp4ccA/0NddpXjQRRhZjFKP7wbafy5r1O60vSrtCtxp8D56kgVkTeBvDMxy+kR/8BYj+tdUMU0c8sPfqXPh14vl1DVEs4nD2u0kox3FeO3oK9N8yKQDeq1wXh/TdO8PRMmk2UdsrHLYOSfqSc1pvq7L1/pWNSftJXSsaQjyKzZ1gWDH8P60Vx51lv8kUVnZllVQNx4qF/wDWGiis0asZk5PJqNZH80je2PrRRVIhjZJH/vt+dRmRznLsfxooq0QyLcfU0UUUxn//2Q==\", \"amount\": 8, \"full_price\": \"239.92\", \"product_id\": \"9c427441-6d77-4a9b-b668-7906aca48814\", \"unit_price\": \"29.99\", \"final_price\": \"239.92\", \"unit_discount\": \"0.00\", \"total_discount\": \"0.00\", \"product_variant_id\": \"9c42747b-20ed-401d-91da-d94898a514db\", \"original_unit_price\": \"29.99\"}, {\"id\": \"9c427486-b657-445f-b3b3-4f1acd9276b3\", \"sku\": \"M-LO003\", \"name\": \"Fashion Slip-On Loafers - (Size) 9\", \"type\": \"product_variant\", \"urls\": null, \"image\": \"/9j/4AAQSkZJRgABAQEAYABgAAD//gA7Q1JFQVRPUjogZ2QtanBlZyB2MS4wICh1c2luZyBJSkcgSlBFRyB2ODApLCBxdWFsaXR5ID0gODAK/9sAQwAGBAUGBQQGBgUGBwcGCAoQCgoJCQoUDg8MEBcUGBgXFBYWGh0lHxobIxwWFiAsICMmJykqKRkfLTAtKDAlKCko/9sAQwEHBwcKCAoTCgoTKBoWGigoKCgoKCgoKCgoKCgoKCgoKCgoKCgoKCgoKCgoKCgoKCgoKCgoKCgoKCgoKCgoKCgo/8AAEQgAMgAyAwEiAAIRAQMRAf/EAB8AAAEFAQEBAQEBAAAAAAAAAAABAgMEBQYHCAkKC//EALUQAAIBAwMCBAMFBQQEAAABfQECAwAEEQUSITFBBhNRYQcicRQygZGhCCNCscEVUtHwJDNicoIJChYXGBkaJSYnKCkqNDU2Nzg5OkNERUZHSElKU1RVVldYWVpjZGVmZ2hpanN0dXZ3eHl6g4SFhoeIiYqSk5SVlpeYmZqio6Slpqeoqaqys7S1tre4ubrCw8TFxsfIycrS09TV1tfY2drh4uPk5ebn6Onq8fLz9PX29/j5+v/EAB8BAAMBAQEBAQEBAQEAAAAAAAABAgMEBQYHCAkKC//EALURAAIBAgQEAwQHBQQEAAECdwABAgMRBAUhMQYSQVEHYXETIjKBCBRCkaGxwQkjM1LwFWJy0QoWJDThJfEXGBkaJicoKSo1Njc4OTpDREVGR0hJSlNUVVZXWFlaY2RlZmdoaWpzdHV2d3h5eoKDhIWGh4iJipKTlJWWl5iZmqKjpKWmp6ipqrKztLW2t7i5usLDxMXGx8jJytLT1NXW19jZ2uLj5OXm5+jp6vLz9PX29/j5+v/aAAwDAQACEQMRAD8A6UJz0rJ1zxJo+gz20OrXsdtJcZ8sMCc46kkDgc96wPiJ4/XwfdWMCWIu3nBd/wB5s2KDgdjyefyryP4keKIPFmoW13bxSpaxwCMo+MxvuJPT8PrSSKPo62nhuoEmtpUliYZV0YMp/EVLtr5f8L+IdV8NTiTTLlljPLwOd0b/AIf1HNe6eDfHFl4hXyJYzZ6ig+aBz973U9x+tKwHVbKjdMg1YGCOOaRloGVPL9qKs0UAfPvxdsrg+Mrh7jcY7hFaBj04AGB+OR+NcfFBJuVUUmU/KBjO7/ZI719IeNvDMHiLSmt5RtnTLQy90b/A14va3B0HVrtLqJf7QiBiKOMncccj6jv7+9UhGBh9C1WCLUoHjWN0kaMjJUZBx7g10mtW5utMj12zutl3E4H7vhnXswx6cAn/AOvWhrCW3iTwul/O4GpQFYYguCZOo2MOwGOvJOcfTjNO1S50MeW6+bp0xIeFuit0OPQ4/wA8UBseu/DXx82ooun61IovAcJLjAcds+9enZzivlSJlWUXNk25RzjuPYivdPhr4kbWNLEVyxNxCdhYnlhjgn3/AMKTQI7jH1opwJx2opDFZM+9eV/F/wAJPcpHrdlEWlgXbOq9SnZvqP5fSvWMjtTHUMuDyD2oEeBeCvsusR3OlvdC2ln2sgY8M69CPf2o1rQpdP1CZL6BHikIY5XKlvX/AD613Xir4Y6fqcr3WlyHT7sncdg+Qn1x2/CuYu9F8eWsJspXhvbfG1ZXG8gfXGfzqrgLpvw80bW7RLvSri4sZT96NX3KD3HPPWuz8I+DRoDAJJuGdxbOSx9TVf4eaHfaVBtumJz8zEjGSTk13RY4GakA2/SilDcdqKAHjtTx1oooAa1IKKKAGkc0yXtRRQBFmiiigD//2Q==\", \"amount\": 5, \"full_price\": \"149.95\", \"product_id\": \"9c427445-10fc-4a7c-bda2-902b5b9bebed\", \"unit_price\": \"29.99\", \"final_price\": \"149.95\", \"unit_discount\": \"0.00\", \"total_discount\": \"0.00\", \"product_variant_id\": \"9c42747e-b04b-4720-b774-9325f09c4e1d\", \"original_unit_price\": \"29.99\"}, {\"id\": \"9c427486-9b82-47a5-86b1-61b84ab00131\", \"sku\": \"M-BO001\", \"name\": \"Classic Leather Boots - (Size) 9.5\", \"type\": \"product_variant\", \"urls\": null, \"image\": \"/9j/4AAQSkZJRgABAQEAYABgAAD//gA7Q1JFQVRPUjogZ2QtanBlZyB2MS4wICh1c2luZyBJSkcgSlBFRyB2ODApLCBxdWFsaXR5ID0gODAK/9sAQwAGBAUGBQQGBgUGBwcGCAoQCgoJCQoUDg8MEBcUGBgXFBYWGh0lHxobIxwWFiAsICMmJykqKRkfLTAtKDAlKCko/9sAQwEHBwcKCAoTCgoTKBoWGigoKCgoKCgoKCgoKCgoKCgoKCgoKCgoKCgoKCgoKCgoKCgoKCgoKCgoKCgoKCgoKCgo/8AAEQgAMgAyAwEiAAIRAQMRAf/EAB8AAAEFAQEBAQEBAAAAAAAAAAABAgMEBQYHCAkKC//EALUQAAIBAwMCBAMFBQQEAAABfQECAwAEEQUSITFBBhNRYQcicRQygZGhCCNCscEVUtHwJDNicoIJChYXGBkaJSYnKCkqNDU2Nzg5OkNERUZHSElKU1RVVldYWVpjZGVmZ2hpanN0dXZ3eHl6g4SFhoeIiYqSk5SVlpeYmZqio6Slpqeoqaqys7S1tre4ubrCw8TFxsfIycrS09TV1tfY2drh4uPk5ebn6Onq8fLz9PX29/j5+v/EAB8BAAMBAQEBAQEBAQEAAAAAAAABAgMEBQYHCAkKC//EALURAAIBAgQEAwQHBQQEAAECdwABAgMRBAUhMQYSQVEHYXETIjKBCBRCkaGxwQkjM1LwFWJy0QoWJDThJfEXGBkaJicoKSo1Njc4OTpDREVGR0hJSlNUVVZXWFlaY2RlZmdoaWpzdHV2d3h5eoKDhIWGh4iJipKTlJWWl5iZmqKjpKWmp6ipqrKztLW2t7i5usLDxMXGx8jJytLT1NXW19jZ2uLj5OXm5+jp6vLz9PX29/j5+v/aAAwDAQACEQMRAD8A8NstGe7dRGuyQjKlGJBrovD/AIamMxj1GEDb0OOeteo6XoVvGiBYxnoCB0rpoh4Z0wQRa1eFr6SNpxAijIRQTyT9DWDqnSqaONsPDgQ+RNZrJA6/eI6HHrVXUdBtQ/lMpjWEblHXdV+++JSaTrs9re6TE9hFIU/cyMH2Z4YE8E4wegqTxPr3hHTGtrrV9YuPJu4Eure3tbZmllibOCS2FXoR1OCDWak3qjSdJw3R5jqkZDyMyjk/eH1rFd/lbaDnOa7nUfiF4QkCpZ+EpbiyKjLT37JKG7/dGPT9au+GtF8OePI7248M2t3ZXVgqyTWMsgl3oc5ZGwCcEcgjv17VrGdtzB0pLU4FPMKKdvUf3aK9XXwY20Yhlxj+7/8AWoqvaIOQ6/QNKgnQx3VzNHIp3CSAeUT/AENcF+0JZRaRp+j6gG86RpXtnDMAzxMuSBj0x17Z969E0G+06ecLZ3UsUmcGKdHQg/RgK8q/ahmbf4djadHQLOdg4IP7vn9P51lHcq7uVvhlJo3iTW7R9bdZikXkFZ14mZeFLe5TGPdW9K1v2ifCtvp3gnR5rG3l8vTZzBC65YLbyAttZjk/K4AGezeua8R8P6gtneRucgqwIPoa+ovAvjiz1TRxY649vNE67GEnIYHswNZSl7OZ3um61PmTufJdpOqnZKfk6jIyAf8ACvoP4PeJ/BWkzWV3Ar6dq6w+TMyf6ucYGQcj1wexyPSk8Z/Bjw9qMk154X1q205my32eaQNFn0B6r+v0r5/vYrjStQntJmQywSGNijZUkHGQe4rbSqtDm/hO09UfcI1/w8wDLe4B5AEg4/SiviYavdgACWT8zRUezn3L/wBnPphdfu0t7eWCQS7iQMEOvB4xjO3/AIFj2HavMfiuPFPjHVLCOW0s7mS2DRwmwBy4OM7icZ+6OeB1q/pmuxW7O11GLvPygSYIVfQAgj866vSPiBbWUii1sY7dOmIiF/UDOPbNbKMo7HLKcGjyWT4UeL7ZYmawjeRxuMSTKWX2Pao7zw54n0mPF9o+rwIOrrbM4/MHFfQNv44W6O6MQAnse1RXOrai0xk0zUI7FGGGQQCUN7/MSB+Ap8k5bolVVD4ZNHzjZXMJukTyLy5nJAAf5R9Co5P/AH0K948MeCPBM1ja/wBuaffXl/OqtseEQrFxnAUNk/7zEk4HNa9jIrS+beJp09wRhpRZiNiPqp4NX5XjBBhZkwcjDGhwn0QvaQesmZ5+GvgdiSnh2HaeRmabOPwNFaS3R2jc5J7naOf0oqPZ1R89I+byTnqanhY7upooroMTUgZsL8x/Out8OSO0DhnYgdMmiinDcmWxtW7NnqfzrSRjs6n86KK0IJwTgc0UUUgP/9k=\", \"amount\": 5, \"full_price\": \"139.95\", \"product_id\": \"9c42744c-b4d2-4b9f-a7fc-b0e19bbd9207\", \"unit_price\": \"27.99\", \"final_price\": \"139.95\", \"unit_discount\": \"0.00\", \"total_discount\": \"0.00\", \"product_variant_id\": \"9c42747e-f6cd-4a18-9d2b-8a8abe9cac4d\", \"original_unit_price\": \"27.99\"}, {\"id\": \"9c427486-93ae-4266-a8b3-9cffbe23ea65\", \"sku\": \"W-SG002\", \"name\": \"Vintage Round Sunglasses\", \"type\": \"product\", \"urls\": null, \"image\": \"/9j/4AAQSkZJRgABAQEAYABgAAD//gA7Q1JFQVRPUjogZ2QtanBlZyB2MS4wICh1c2luZyBJSkcgSlBFRyB2ODApLCBxdWFsaXR5ID0gODAK/9sAQwAGBAUGBQQGBgUGBwcGCAoQCgoJCQoUDg8MEBcUGBgXFBYWGh0lHxobIxwWFiAsICMmJykqKRkfLTAtKDAlKCko/9sAQwEHBwcKCAoTCgoTKBoWGigoKCgoKCgoKCgoKCgoKCgoKCgoKCgoKCgoKCgoKCgoKCgoKCgoKCgoKCgoKCgoKCgo/8AAEQgAGQAyAwEiAAIRAQMRAf/EAB8AAAEFAQEBAQEBAAAAAAAAAAABAgMEBQYHCAkKC//EALUQAAIBAwMCBAMFBQQEAAABfQECAwAEEQUSITFBBhNRYQcicRQygZGhCCNCscEVUtHwJDNicoIJChYXGBkaJSYnKCkqNDU2Nzg5OkNERUZHSElKU1RVVldYWVpjZGVmZ2hpanN0dXZ3eHl6g4SFhoeIiYqSk5SVlpeYmZqio6Slpqeoqaqys7S1tre4ubrCw8TFxsfIycrS09TV1tfY2drh4uPk5ebn6Onq8fLz9PX29/j5+v/EAB8BAAMBAQEBAQEBAQEAAAAAAAABAgMEBQYHCAkKC//EALURAAIBAgQEAwQHBQQEAAECdwABAgMRBAUhMQYSQVEHYXETIjKBCBRCkaGxwQkjM1LwFWJy0QoWJDThJfEXGBkaJicoKSo1Njc4OTpDREVGR0hJSlNUVVZXWFlaY2RlZmdoaWpzdHV2d3h5eoKDhIWGh4iJipKTlJWWl5iZmqKjpKWmp6ipqrKztLW2t7i5usLDxMXGx8jJytLT1NXW19jZ2uLj5OXm5+jp6vLz9PX29/j5+v/aAAwDAQACEQMRAD8A+iPGfjHRPBllb3fiG6e3gnl8mMrC8hLYJxhQewrK074p+EdSmjh07Up7ueT7sUNjcO5/AJmq/wAcPD7+IPh9erbRGW8sXW+gVRkkp94AdyULge5FfKi/vNjQ5dmx5ZTkknpjHegD7V03XbDULl7aF54rlU8zybm3kgcrnG4K6gsM4GRkDNWP7V04SeX9vtPM/u+cufyzXzD8cdB1zRbTwxHc6vqVxHc2u2Q3c5lSO6AUuo9FYZwPY15rPptjOpNzaW7nHLMgyPx60AfeasrqGUhlPQg5pc84rxL4B/DPTrT4c2NzrMV1LNfu16kLXMiLFG5/djarAcoFJyM8+1enaFpEGk65qKWFjHaWDW9uFMagB5A0u4+pOCnJoA36KKKACuftfBXhq01c6pbaJYxX+/zPNWIDD/3gOgb3AzXQUUAZPinw7pvijRpdM1m3E1q5DDBwyMOjqeoYeteZ2HwG0WHUVkvtUvr2xVs/ZXVF8wf3XYDkeuAtexUUAIiqihUAVQMAAYAFLRRQAUUUUAf/2Q==\", \"amount\": 4, \"full_price\": \"90.00\", \"product_id\": \"9c42745a-0892-4f60-a2e1-04860f4125cf\", \"unit_price\": \"22.50\", \"final_price\": \"90.00\", \"unit_discount\": \"0.00\", \"total_discount\": \"0.00\", \"original_unit_price\": \"22.50\"}, {\"id\": \"9c427486-a92c-4fb0-871b-af3d29e25163\", \"sku\": \"W-ER001\", \"name\": \"Crystal Drop Earrings\", \"type\": \"product\", \"urls\": null, \"image\": \"/9j/4AAQSkZJRgABAQEAYABgAAD//gA7Q1JFQVRPUjogZ2QtanBlZyB2MS4wICh1c2luZyBJSkcgSlBFRyB2ODApLCBxdWFsaXR5ID0gODAK/9sAQwAGBAUGBQQGBgUGBwcGCAoQCgoJCQoUDg8MEBcUGBgXFBYWGh0lHxobIxwWFiAsICMmJykqKRkfLTAtKDAlKCko/9sAQwEHBwcKCAoTCgoTKBoWGigoKCgoKCgoKCgoKCgoKCgoKCgoKCgoKCgoKCgoKCgoKCgoKCgoKCgoKCgoKCgoKCgo/8AAEQgAMgAyAwEiAAIRAQMRAf/EAB8AAAEFAQEBAQEBAAAAAAAAAAABAgMEBQYHCAkKC//EALUQAAIBAwMCBAMFBQQEAAABfQECAwAEEQUSITFBBhNRYQcicRQygZGhCCNCscEVUtHwJDNicoIJChYXGBkaJSYnKCkqNDU2Nzg5OkNERUZHSElKU1RVVldYWVpjZGVmZ2hpanN0dXZ3eHl6g4SFhoeIiYqSk5SVlpeYmZqio6Slpqeoqaqys7S1tre4ubrCw8TFxsfIycrS09TV1tfY2drh4uPk5ebn6Onq8fLz9PX29/j5+v/EAB8BAAMBAQEBAQEBAQEAAAAAAAABAgMEBQYHCAkKC//EALURAAIBAgQEAwQHBQQEAAECdwABAgMRBAUhMQYSQVEHYXETIjKBCBRCkaGxwQkjM1LwFWJy0QoWJDThJfEXGBkaJicoKSo1Njc4OTpDREVGR0hJSlNUVVZXWFlaY2RlZmdoaWpzdHV2d3h5eoKDhIWGh4iJipKTlJWWl5iZmqKjpKWmp6ipqrKztLW2t7i5usLDxMXGx8jJytLT1NXW19jZ2uLj5OXm5+jp6vLz9PX29/j5+v/aAAwDAQACEQMRAD8A+qaKK4bxFrbR6pe2/wBomE0K/uoIzt529Tz83XOPpQB3NFZnhy6mu9KjkuMmQEruJB3AdDkcHI9Kfr9xNbaVNLb/AOsG0Z6YBIBOe3HegDQorgNB1k/2nYw+bci4mbZJE/z7+PvHBwvC7s/44rv6ACiiigArD8RWkEskLm0Msx6srbSVBHBPf+nWtuRxGjOxwqgkn2rir+7tNWt4NUjuhLHbSNE8UbKdrE7XBywA27TnOT8pxzQB2FkYzZwGFPLjKDamMbRjpUk20ROXXcu05GM5FVNPvobiR4YpFcxorZXpgj/P50++vI7VoFkcIZn2Anp/nt+NAGX4fgijuJXWzWFm+ZW3bto/u+3at6uGivNN006hrk14tvbxqIS7FQCo3MGyOgyW4OO5PWuysbgXdnDOowJFDY9PagCeiiigBk8YlgkjPR1K/mK85sPC1tm8ktkeKYZLqVZUY7mLAjpncSSep616TWbNaRT3hnC4IUqw3EBs45I6Z469fegDC8GaRNa6ne3wu/Ns5Y1ijiAGFKk5YHvn/D0qz420mbUorGaK5aGO0kaSVFAPmqVxg10cG3ywFXYB/D6UshAQkjPt60AedXnhmzksYbmeM3A3ExmNd6qpHXGedwxx64rvdLgNtp9vCwwyoMj0NVms4ftENy0S7k3YHJ6nP0zx/hWmDkZFABRRRQAHoag/hNFFACw/6xvpSXPWP/eoooAQfdNTp90UUUALRRRQB//Z\", \"amount\": 6, \"full_price\": \"119.94\", \"product_id\": \"9c42745d-f817-4e95-bea4-2ee94f90c1c6\", \"unit_price\": \"19.99\", \"final_price\": \"119.94\", \"unit_discount\": \"0.00\", \"total_discount\": \"0.00\", \"original_unit_price\": \"19.99\"}, {\"id\": \"9c427486-98d9-4511-a9e9-31779ab2bf32\", \"sku\": \"W-ER003\", \"name\": \"Statement Tassel Earrings\", \"type\": \"product\", \"urls\": null, \"image\": \"/9j/4AAQSkZJRgABAQEAYABgAAD//gA7Q1JFQVRPUjogZ2QtanBlZyB2MS4wICh1c2luZyBJSkcgSlBFRyB2ODApLCBxdWFsaXR5ID0gODAK/9sAQwAGBAUGBQQGBgUGBwcGCAoQCgoJCQoUDg8MEBcUGBgXFBYWGh0lHxobIxwWFiAsICMmJykqKRkfLTAtKDAlKCko/9sAQwEHBwcKCAoTCgoTKBoWGigoKCgoKCgoKCgoKCgoKCgoKCgoKCgoKCgoKCgoKCgoKCgoKCgoKCgoKCgoKCgoKCgo/8AAEQgAMgAyAwEiAAIRAQMRAf/EAB8AAAEFAQEBAQEBAAAAAAAAAAABAgMEBQYHCAkKC//EALUQAAIBAwMCBAMFBQQEAAABfQECAwAEEQUSITFBBhNRYQcicRQygZGhCCNCscEVUtHwJDNicoIJChYXGBkaJSYnKCkqNDU2Nzg5OkNERUZHSElKU1RVVldYWVpjZGVmZ2hpanN0dXZ3eHl6g4SFhoeIiYqSk5SVlpeYmZqio6Slpqeoqaqys7S1tre4ubrCw8TFxsfIycrS09TV1tfY2drh4uPk5ebn6Onq8fLz9PX29/j5+v/EAB8BAAMBAQEBAQEBAQEAAAAAAAABAgMEBQYHCAkKC//EALURAAIBAgQEAwQHBQQEAAECdwABAgMRBAUhMQYSQVEHYXETIjKBCBRCkaGxwQkjM1LwFWJy0QoWJDThJfEXGBkaJicoKSo1Njc4OTpDREVGR0hJSlNUVVZXWFlaY2RlZmdoaWpzdHV2d3h5eoKDhIWGh4iJipKTlJWWl5iZmqKjpKWmp6ipqrKztLW2t7i5usLDxMXGx8jJytLT1NXW19jZ2uLj5OXm5+jp6vLz9PX29/j5+v/aAAwDAQACEQMRAD8A+qaiuZ1hXJxnGeTgAepPYVLWD46uZLbwxd+SgeWUCFQc4G44ycc8DNITdldm7G29FYgrkA4PUUtVtMuftum2t1gL58SSYBzjcAf61ZoGQRXIlnMajjbuBz2z6eh5x64NT1y+m6lJL491S0MaiIWyKrZOSYyCfb/ltjj+7XUUCTT2Cij86KBhXl3x+8Sjw/oGmKsQllnuwwQkD5UHOD2OWX8+/Q+o187/ALUGoRtrWh2LknyYzcAKSDuLYHPbhTmqgrsip8LPYPhheC+8B6PKrM22Hyju6/KSv9K6ivMv2f71bjwZNbLjFrdMo+hVW789Sa9B1m7Ww0i9vHOFggeU/wDAVJ/pRJa2Cm+aCZ4j4D8Ypq/xhuYlQpE09wiOp4kUglcj1wg/MfU+9V8bfDrUorTxrZXv8X26N3OTtO5gGwD9D+vpivsmnNWIou9/UKKKKg2CvlH9oN5bz4lhWwsULxxqTxkBEJ/VumP5V9XV558Vvh8vjCTSri2McVxbzqs7YGXhJAP1K9QPTP0N05KL1CyejOU/ZzedLvXYWRzAUhbeAdu75uPrhs/5OPQ/ircSW3gDV2hGXeNYgPXe6qf0Jra0DRrDQdNjsdLt0ggTk4HLt3Zj3Jx1q7cQRXMEkFxGksMilXRxkMD2Ioc7z5hQioqyPhvw9DKkFy6/NIZflC8Mc4A4HQ89M+3HNfb+mSSTadayzKySvEjOrDBBIGQfevOPh/8ACyz8Pa7qV/qCR3RW4LWO4AhE6hiD/EOnsQTyea9Qp1Jc1kJQUW2uoUUUVmUFFFFABRRRQAUUUUAJRRRQB//Z\", \"amount\": 7, \"full_price\": \"174.93\", \"product_id\": \"9c427461-679d-40f0-bc4a-7c3c30abd7af\", \"unit_price\": \"24.99\", \"final_price\": \"174.93\", \"unit_discount\": \"0.00\", \"total_discount\": \"0.00\", \"original_unit_price\": \"24.99\"}, {\"id\": \"9c427486-bc17-4203-aee7-70103afc12fc\", \"sku\": \"W-HA002\", \"name\": \"Classic Fedora Hat\", \"type\": \"product\", \"urls\": null, \"image\": \"/9j/4AAQSkZJRgABAQEAYABgAAD//gA7Q1JFQVRPUjogZ2QtanBlZyB2MS4wICh1c2luZyBJSkcgSlBFRyB2ODApLCBxdWFsaXR5ID0gODAK/9sAQwAGBAUGBQQGBgUGBwcGCAoQCgoJCQoUDg8MEBcUGBgXFBYWGh0lHxobIxwWFiAsICMmJykqKRkfLTAtKDAlKCko/9sAQwEHBwcKCAoTCgoTKBoWGigoKCgoKCgoKCgoKCgoKCgoKCgoKCgoKCgoKCgoKCgoKCgoKCgoKCgoKCgoKCgoKCgo/8AAEQgAMgAyAwEiAAIRAQMRAf/EAB8AAAEFAQEBAQEBAAAAAAAAAAABAgMEBQYHCAkKC//EALUQAAIBAwMCBAMFBQQEAAABfQECAwAEEQUSITFBBhNRYQcicRQygZGhCCNCscEVUtHwJDNicoIJChYXGBkaJSYnKCkqNDU2Nzg5OkNERUZHSElKU1RVVldYWVpjZGVmZ2hpanN0dXZ3eHl6g4SFhoeIiYqSk5SVlpeYmZqio6Slpqeoqaqys7S1tre4ubrCw8TFxsfIycrS09TV1tfY2drh4uPk5ebn6Onq8fLz9PX29/j5+v/EAB8BAAMBAQEBAQEBAQEAAAAAAAABAgMEBQYHCAkKC//EALURAAIBAgQEAwQHBQQEAAECdwABAgMRBAUhMQYSQVEHYXETIjKBCBRCkaGxwQkjM1LwFWJy0QoWJDThJfEXGBkaJicoKSo1Njc4OTpDREVGR0hJSlNUVVZXWFlaY2RlZmdoaWpzdHV2d3h5eoKDhIWGh4iJipKTlJWWl5iZmqKjpKWmp6ipqrKztLW2t7i5usLDxMXGx8jJytLT1NXW19jZ2uLj5OXm5+jp6vLz9PX29/j5+v/aAAwDAQACEQMRAD8A6nFZOoa/p1ixWSfzJB/BENx/wFc7rWrXOoO0cTtDa9Ao4LD3/wAKw5LXA+Uc1aRKidBeeOo0LLaafJM45w0gXH14OKztP8ZXd3q6TRWsi6fsO+N2GA3sep5HpjFef34ZXunvrp0/esI4YjtJx0JP5Vp+F7yWXT4w7iWUZDtnqfWonLlWh9HkGWYfGYjkr3t/X9afeeo6Tr7Xt+IJokjVwdmCc59DW+RXlFzdpYx/armdbdIyCHY4we2PevRPDepNrOlwX6tEYJV+XZnJPQk+n0/WlF3OrirKcPgakJ4dpJrWN9fX5/oaOKKdRVnyBw4hJHSmtCAMn8639T0/7PKXjH7ljn/dPpWVcRFgqKcEnFXdWuapX2OJ1LQRNM09yyzAcgDIJP4dqWxvbaIiy07y2lztG0fKD6D1P0rrvHnheSPw6x0+ebzTaT3Ty9h5aqdvtncf++a8z+GN3Yw63pxvYk820mBfIPzLjAbgE+n+TXFUqcyvE+my/GzwMPZ0l78t32XRIpeKNEurm+F1c3cl1CrFWUjHlH0x2/ECvSfgus0NpeQeYWtQ2VU9m9fbj+Vdn8TNQ05/BN0m5VN5H5cRCbDIxGARnnj19q4H4MmbT7m70+4Z3jlQSQyMpAcrwcHv1FRRqOT1PLx8W3KUtW97nqm2il59qK7TyB7KGUqwBU8EGuZ1/SLpUMunAydymcMPp6101GaW6sVGTi7oq2d6J/BOoG64/wBHeN1bjBIKnNfOGn2ktv4ria3B3xFgGjPX5SMj8cYr6EuIPtcWtaeOfOh3qvqev8xXL+F/C6RP5sygyM53HHQAkY/SvPg+WTgexP34qfc5u10q81nxRpn/AAk073TynCwFycIOcn/AV9D6rounp4eijS3jRowDGQOVI6EV5YbR7f4h6adnBjOT6dP8f0r1/VJMWK56AVhVdpW7GkVdepxdFMZyWJ55NFemqiaPGdJp2Je9AoorQyKNn/yNB/69l/8AQmq5pSjzFGBjn+dFFef/AMvpHsw/gRILlR/wnVrwPuGu41YA28IIBBI4NFFYVf4j+RrT+BHKTKBM4AAAY4Aooor1Y7I8aW7P/9k=\", \"amount\": 3, \"full_price\": \"55.50\", \"product_id\": \"9c427465-39d5-4c6e-a3a2-867819f62e05\", \"unit_price\": \"18.50\", \"final_price\": \"55.50\", \"unit_discount\": \"0.00\", \"total_discount\": \"0.00\", \"original_unit_price\": \"18.50\"}, {\"id\": \"9c427486-ab50-4474-a97e-dd6ff9231d06\", \"sku\": \"M-TI003\", \"name\": \"Modern Skinny Tie\", \"type\": \"product\", \"urls\": null, \"image\": \"/9j/4AAQSkZJRgABAQEAYABgAAD//gA7Q1JFQVRPUjogZ2QtanBlZyB2MS4wICh1c2luZyBJSkcgSlBFRyB2ODApLCBxdWFsaXR5ID0gODAK/9sAQwAGBAUGBQQGBgUGBwcGCAoQCgoJCQoUDg8MEBcUGBgXFBYWGh0lHxobIxwWFiAsICMmJykqKRkfLTAtKDAlKCko/9sAQwEHBwcKCAoTCgoTKBoWGigoKCgoKCgoKCgoKCgoKCgoKCgoKCgoKCgoKCgoKCgoKCgoKCgoKCgoKCgoKCgoKCgo/8AAEQgAKAAyAwEiAAIRAQMRAf/EAB8AAAEFAQEBAQEBAAAAAAAAAAABAgMEBQYHCAkKC//EALUQAAIBAwMCBAMFBQQEAAABfQECAwAEEQUSITFBBhNRYQcicRQygZGhCCNCscEVUtHwJDNicoIJChYXGBkaJSYnKCkqNDU2Nzg5OkNERUZHSElKU1RVVldYWVpjZGVmZ2hpanN0dXZ3eHl6g4SFhoeIiYqSk5SVlpeYmZqio6Slpqeoqaqys7S1tre4ubrCw8TFxsfIycrS09TV1tfY2drh4uPk5ebn6Onq8fLz9PX29/j5+v/EAB8BAAMBAQEBAQEBAQEAAAAAAAABAgMEBQYHCAkKC//EALURAAIBAgQEAwQHBQQEAAECdwABAgMRBAUhMQYSQVEHYXETIjKBCBRCkaGxwQkjM1LwFWJy0QoWJDThJfEXGBkaJicoKSo1Njc4OTpDREVGR0hJSlNUVVZXWFlaY2RlZmdoaWpzdHV2d3h5eoKDhIWGh4iJipKTlJWWl5iZmqKjpKWmp6ipqrKztLW2t7i5usLDxMXGx8jJytLT1NXW19jZ2uLj5OXm5+jp6vLz9PX29/j5+v/aAAwDAQACEQMRAD8A+qaKK8y+NvjYeH9HOmWF2kOp3i4ZwfmhjPVgBzuPQenJ9KcYuTshpXdjH+KHxTFncyaV4evY43jJWe6RfMYHuqDpx3JP09a4TQvHWuW90J7bUdTumB+YS/vFb6g5rzqGaJX22du08p6NKNxP0UcfnmppZJQR/aF3sx0jB3MP+AjgfpXdGEYqx0RSSsfTHhv4p2N4Ei1i2ms5+hkRd8Z/AZI/X616DaXVveQLNaTRzRN0ZGBFfC2o6wN6W1hHMCT88pcbj/sqAOPrzUfhnxfq/h3X4L+wvJYRCyl0EhxIMgYYdGz3yM/lWM6UfskSguh950VU0+/ivbC2u48hJ4llXPowBH86K5jEyvHPie28KaDNf3BjMx+WCJ3C+Y/YfTufavkLxBfnVdTudR1W8e7vJ3Lv5S4GfTJ6AdBgdK9I+P8AfQ3vjprWeacpZQJGIkAwpYbyck9SGXt2FeYlrdSRBZ+Y3YyuW/QYrspQtG/c6IRsrle3lurkNHZxiGEfe2nA/wCBMetV7tbaxieW4l89lGRHB3PYbv8ACrUltdSkNeSJbxj7qudoH0Uc/pUl14Sv9U0+KTSmmfLbgwjwGx6DrVSlyobdkcXZyG4mUqowELZB6s2Sc/gOntW94N8PXfijxBpmi2sZfz5d7ygZKIOrHvgf/qrsvBPwI8VasyLd+TpmnZLebNkyAE8gKOT04yRX0x8PPh5onga1caZDvvJQBNdScu/t7D2/PNYOokjNzsjqbS0itbSG3iXEcSLGo9ABgUVYorAyPnL4peG/FN94+1a50zRJri1kZDHOkKNuAjUdTz2x+Fcwvgbx7cfImj3sYPH30jH8xRRW6rNLY19o0tjb0H4GeIby6ik1qa1tLYsDIgkLyEdxwMfrXvWgeFNN0aGNIYldkAAJHTHoKKKznNz3IlJy3N8DAwOlFFFQSFFFFAH/2Q==\", \"amount\": 1, \"full_price\": \"24.99\", \"product_id\": \"9c42746c-87d8-4702-8f10-a8dfbaa6dcc0\", \"unit_price\": \"22.99\", \"final_price\": \"22.99\", \"unit_discount\": \"2.00\", \"total_discount\": \"2.00\", \"original_unit_price\": \"24.99\"}, {\"id\": \"9c427486-9dab-4b83-8d46-b43da83a721d\", \"sku\": \"M-BR003\", \"name\": \"Beaded Charm Bracelet\", \"type\": \"product\", \"urls\": null, \"image\": \"/9j/4AAQSkZJRgABAQEAYABgAAD//gA7Q1JFQVRPUjogZ2QtanBlZyB2MS4wICh1c2luZyBJSkcgSlBFRyB2ODApLCBxdWFsaXR5ID0gODAK/9sAQwAGBAUGBQQGBgUGBwcGCAoQCgoJCQoUDg8MEBcUGBgXFBYWGh0lHxobIxwWFiAsICMmJykqKRkfLTAtKDAlKCko/9sAQwEHBwcKCAoTCgoTKBoWGigoKCgoKCgoKCgoKCgoKCgoKCgoKCgoKCgoKCgoKCgoKCgoKCgoKCgoKCgoKCgoKCgo/8AAEQgAMgAyAwEiAAIRAQMRAf/EAB8AAAEFAQEBAQEBAAAAAAAAAAABAgMEBQYHCAkKC//EALUQAAIBAwMCBAMFBQQEAAABfQECAwAEEQUSITFBBhNRYQcicRQygZGhCCNCscEVUtHwJDNicoIJChYXGBkaJSYnKCkqNDU2Nzg5OkNERUZHSElKU1RVVldYWVpjZGVmZ2hpanN0dXZ3eHl6g4SFhoeIiYqSk5SVlpeYmZqio6Slpqeoqaqys7S1tre4ubrCw8TFxsfIycrS09TV1tfY2drh4uPk5ebn6Onq8fLz9PX29/j5+v/EAB8BAAMBAQEBAQEBAQEAAAAAAAABAgMEBQYHCAkKC//EALURAAIBAgQEAwQHBQQEAAECdwABAgMRBAUhMQYSQVEHYXETIjKBCBRCkaGxwQkjM1LwFWJy0QoWJDThJfEXGBkaJicoKSo1Njc4OTpDREVGR0hJSlNUVVZXWFlaY2RlZmdoaWpzdHV2d3h5eoKDhIWGh4iJipKTlJWWl5iZmqKjpKWmp6ipqrKztLW2t7i5usLDxMXGx8jJytLT1NXW19jZ2uLj5OXm5+jp6vLz9PX29/j5+v/aAAwDAQACEQMRAD8A+qaKKKQBRRRQAUUUUAFFFFAHNePPGWneDdLS61DfJNKSsECD5pSMZ57AZGTXi8vjj4neN7nHg+xWz090kQTCMKuexLPkhu3y45rtP2g/Cd74j0O0utM+a808uyRHJEisBuAA/i+UY/GvHfBPxC8c6NpkGn2VpcmD7UY0Eln5jqE+8nqTk4wSDngY6VpFK3mSzvovh18UtRhd9T8ZGB5YY1MS3D4UhgSDtGDwOowSSfxvf8Kx8exLO9t47mE0s0UhcyP8wXOc8c9sduOc9qng74u674i8YX2h6hpMUEYSTcoibdAVP3Wz1zyDkDn8q2/EfxJsvh5pu2az+0NIR5NrEREqjBJOeQBx0A7isZVnGoqZagnHmOb1G1+NHhWHz7e+i1qCPzZHB2yfQAHDHjBA7cjHr13wn+Kv/CU3MWja5Zmz1sBhlfuSlRluDyjcE456de1cRrP7ScIDJpWjAEx43zyFtj4BJ2gDKjJxyM47dKz/AIRWGs+LfiTD4puIpLe0T/SWkCbVdzlBGO3AHJ7dD1rbdakbbH05RRRWZQjorjDqGHoRWDeeD9Bu/NMmmwJJKctJEuxyfXcMGt+igDlIPAml2wxZXGo2wJywjumIY9shsg1l+JPhZpHiO3EGq3+qSxg7gPMQYPqMJXf0UuVXv1Hfoec6T8GPBWnTrL/ZZumWPy1F1IZFVfZTx+ld7p9haadax21hbQ21vGu1I4kCqo9ABVmimIKKKKACiiigAooooAKKKKACiiigD//Z\", \"amount\": 2, \"full_price\": \"49.98\", \"product_id\": \"9c427476-fc83-4e6d-9208-28e308d4e179\", \"unit_price\": \"22.99\", \"final_price\": \"45.98\", \"unit_discount\": \"2.00\", \"total_discount\": \"4.00\", \"original_unit_price\": \"24.99\"}]',NULL,'{\"id\": \"9c4273ee-162d-4c89-9e7b-7bd414e934e6\", \"name\": {\"de\": \"Standard Klein (unter 5kg)\", \"en\": \"Standard Small (under 5kg)\", \"fr\": \"Standard petit (moins de 5 kg)\"}, \"slug\": \"standard-small-1\", \"price\": 7.99, \"enabled\": true, \"created_at\": \"2024-06-11T07:51:07.000000Z\", \"deleted_at\": null, \"updated_at\": \"2024-06-11T07:51:07.000000Z\", \"description\": {\"de\": \"Zustellung per Royal Mail (ca. 3–5 Tage)\", \"en\": \"Royal mail delivery. (approximately 3-5 days)\", \"fr\": \"Livraison du courrier royal. (environ 3 à 5 jours)\"}, \"enabled_by_default_on_creation\": true}','{\"delivery\": 7.99, \"subtotal\": 2057.97, \"total_payable\": 2065.96, \"applied_discount\": 0}',1,'alice-cooper-port-sofia-1',NULL,'2024-06-11 07:52:50','2024-06-11 07:52:50'),('9c42748b-f5ce-4bc4-8918-4e708b816154','9c4273cc-c85e-444d-b2ec-3fb805b3a1fc','9c427485-380c-42ef-b1d1-3ecd341a2a6c','{\"id\": \"9c427485-0a7b-4088-853e-667d09f63f81\", \"lat\": \"-88.136726\", \"lon\": \"93.504511\", \"name\": null, \"slug\": \"eleanor-holmes-lake-henry\", \"town\": \"Lake Henry\", \"country\": \"UK\", \"user_id\": \"9c4273cc-c85e-444d-b2ec-3fb805b3a1fc\", \"post_code\": \"BB4 5TZ\", \"created_at\": \"2024-06-11T07:52:46.000000Z\", \"deleted_at\": null, \"updated_at\": \"2024-06-11T07:52:46.000000Z\", \"address_line_1\": \"5 Allen Springs\", \"address_line_2\": null, \"google_maps_url\": \"https://www.google.com/maps/@-88.136726,93.504511,14z\"}','{\"amount\": \"2434.06\", \"source\": {\"id\": \"9c427485-1cc6-4cd7-8933-e5f829d84721\", \"name\": \"quas rem\", \"slug\": \"holmes-quas-rem\", \"brand\": \"visa\", \"user_id\": \"9c4273cc-c85e-444d-b2ec-3fb805b3a1fc\", \"exp_year\": \"2023\", \"exp_month\": \"1\", \"last_four\": \"3802\", \"source_id\": \"7UYzdwKmCmZDHNFwzFjv8bymhw6V7KysvisFsyiI74RMjFhpYBY1fld4pEalQmRgku3zm5mqxheFYmGIy4cJEnDzLPd9P8byRvs7HJis8mJMlNuFhNPpz9VjTPLttsNB96i7mV52YHEngRA5YwCemQ\", \"created_at\": \"2024-06-11T07:52:46.000000Z\", \"deleted_at\": null, \"updated_at\": \"2024-06-11T07:52:46.000000Z\", \"stripe_user_id\": \"BMKbL6ta8IsbIgQAHCNn7olPPYPCnJtfKEMH0uFEkIopWisCFjIYvrmRDGxzk7nVZEqpm4MsWBAEb1JP7cTJ3QJz1NsbZ2b49VSbXsIy67gFe1IDJdOwOs8T\", \"payment_method_id\": 1}, \"created_at\": \"11-06-2024 07:52\", \"payment_ref\": \"LdRfqgiwfR\"}','[{\"id\": \"9c427486-ce02-4f93-bf18-84739c6d0360\", \"sku\": \"M-J002\", \"name\": \"Casual V-Neck Modern Jumper - (Size) L\", \"type\": \"product_variant\", \"urls\": null, \"image\": \"/9j/4AAQSkZJRgABAQEAYABgAAD//gA7Q1JFQVRPUjogZ2QtanBlZyB2MS4wICh1c2luZyBJSkcgSlBFRyB2ODApLCBxdWFsaXR5ID0gODAK/9sAQwAGBAUGBQQGBgUGBwcGCAoQCgoJCQoUDg8MEBcUGBgXFBYWGh0lHxobIxwWFiAsICMmJykqKRkfLTAtKDAlKCko/9sAQwEHBwcKCAoTCgoTKBoWGigoKCgoKCgoKCgoKCgoKCgoKCgoKCgoKCgoKCgoKCgoKCgoKCgoKCgoKCgoKCgoKCgo/8AAEQgAMgAyAwEiAAIRAQMRAf/EAB8AAAEFAQEBAQEBAAAAAAAAAAABAgMEBQYHCAkKC//EALUQAAIBAwMCBAMFBQQEAAABfQECAwAEEQUSITFBBhNRYQcicRQygZGhCCNCscEVUtHwJDNicoIJChYXGBkaJSYnKCkqNDU2Nzg5OkNERUZHSElKU1RVVldYWVpjZGVmZ2hpanN0dXZ3eHl6g4SFhoeIiYqSk5SVlpeYmZqio6Slpqeoqaqys7S1tre4ubrCw8TFxsfIycrS09TV1tfY2drh4uPk5ebn6Onq8fLz9PX29/j5+v/EAB8BAAMBAQEBAQEBAQEAAAAAAAABAgMEBQYHCAkKC//EALURAAIBAgQEAwQHBQQEAAECdwABAgMRBAUhMQYSQVEHYXETIjKBCBRCkaGxwQkjM1LwFWJy0QoWJDThJfEXGBkaJicoKSo1Njc4OTpDREVGR0hJSlNUVVZXWFlaY2RlZmdoaWpzdHV2d3h5eoKDhIWGh4iJipKTlJWWl5iZmqKjpKWmp6ipqrKztLW2t7i5usLDxMXGx8jJytLT1NXW19jZ2uLj5OXm5+jp6vLz9PX29/j5+v/aAAwDAQACEQMRAD8A6dVqVRxz0pi1zfxPtru68DanHYTtDLsBO3q65+ZfbIpt21ZCTbsjobLULG9eSOzvLaeSP76xSqxX6gHirTLXhvw98AX1jrWl6imoTwukuZkWPZhcZ2kk859hjHevdazp1Y1FeLNatCdFpTViB1yKqyrV4ioJVrQyKWaKkMZzRQBIrgck8UjXKRwhptx8wZWPbzj0x/nrVGacpCSOpIX8yB/WrU0Yhvo5JTv86VIoxj7i7eR/M/XFfN57mU8HVpxh2b9Xsr+W7+49jLMHGvCUpen/AA3nsZXhjSbmGSSZtsIMrNGgGSFzgBjnB+XA4xW/NJPpxlu7jyzbFAr/AOwATzj8f5VdgUKPlHQ4NLqJfyx5aq+CDtJxkf5zXx6zTF4uoqK1Un8O33dU/me9UoUYrnlpZb+RG+0hXiYNE43Kw5BBqJhTdPMMWnJaxqUMRwiFSML6fh0/CnGvv8nxVTE4ZOsmpRdnfS9uvz6+dz5XHUY0azUHdPVEW2ilor1TjOf371AJ6EH8jmrrTSTGNmYbw6AEDp8wrKjbpRql2tlpsl277FgIkLYJ6EenNcWNwkKsJVOS81FpfNHThsRKEowcrRumzsbNi0jt2JzVi8U7Qw6VwNl8SdBUnfeorHqFt5D/AEFalp460fU7u2srS4dpJ2IBMRVScZxkn2r4DLcpx1PHU6joySTV207W69D6LGY7DSoyiqiba7o6DtUbdKk7VDIa/TD5QjzRTM0UDOaTrVHxh/yKWqf9cDRRVx3M3seFyf8AH1H/ALtdR4WJGu6OQcH7XDz/AMDFFFd/RnnS3ifRZ6VA/SiivOPUK1FFFIZ//9k=\", \"amount\": 6, \"full_price\": \"129.00\", \"product_id\": \"9c4273fe-8d04-4eef-97a6-1cb9af635256\", \"unit_price\": \"21.50\", \"final_price\": \"129.00\", \"unit_discount\": \"0.00\", \"total_discount\": \"0.00\", \"product_variant_id\": \"9c42747c-d97a-4eda-ba7f-b6a0f38ea625\", \"original_unit_price\": \"21.50\"}, {\"id\": \"9c427486-c1e4-48b6-8553-9d37121fc650\", \"sku\": \"M-TR003\", \"name\": \"Sporty Track Pants - (Size) XS\", \"type\": \"product_variant\", \"urls\": null, \"image\": \"/9j/4AAQSkZJRgABAQEAYABgAAD//gA7Q1JFQVRPUjogZ2QtanBlZyB2MS4wICh1c2luZyBJSkcgSlBFRyB2ODApLCBxdWFsaXR5ID0gODAK/9sAQwAGBAUGBQQGBgUGBwcGCAoQCgoJCQoUDg8MEBcUGBgXFBYWGh0lHxobIxwWFiAsICMmJykqKRkfLTAtKDAlKCko/9sAQwEHBwcKCAoTCgoTKBoWGigoKCgoKCgoKCgoKCgoKCgoKCgoKCgoKCgoKCgoKCgoKCgoKCgoKCgoKCgoKCgoKCgo/8AAEQgAMgAyAwEiAAIRAQMRAf/EAB8AAAEFAQEBAQEBAAAAAAAAAAABAgMEBQYHCAkKC//EALUQAAIBAwMCBAMFBQQEAAABfQECAwAEEQUSITFBBhNRYQcicRQygZGhCCNCscEVUtHwJDNicoIJChYXGBkaJSYnKCkqNDU2Nzg5OkNERUZHSElKU1RVVldYWVpjZGVmZ2hpanN0dXZ3eHl6g4SFhoeIiYqSk5SVlpeYmZqio6Slpqeoqaqys7S1tre4ubrCw8TFxsfIycrS09TV1tfY2drh4uPk5ebn6Onq8fLz9PX29/j5+v/EAB8BAAMBAQEBAQEBAQEAAAAAAAABAgMEBQYHCAkKC//EALURAAIBAgQEAwQHBQQEAAECdwABAgMRBAUhMQYSQVEHYXETIjKBCBRCkaGxwQkjM1LwFWJy0QoWJDThJfEXGBkaJicoKSo1Njc4OTpDREVGR0hJSlNUVVZXWFlaY2RlZmdoaWpzdHV2d3h5eoKDhIWGh4iJipKTlJWWl5iZmqKjpKWmp6ipqrKztLW2t7i5usLDxMXGx8jJytLT1NXW19jZ2uLj5OXm5+jp6vLz9PX29/j5+v/aAAwDAQACEQMRAD8A+qaKKKAPi34l/Grxg/jTWrbRdcmtNKt7qSK3SKOMHap253bcnOM8nvWT4Y+NHjOy8Q6bcanr13dWEc6GeGUgrJHn5gcD0zXmN87m+naU5dnbcT65qexjimWYz3Cw+XEXXKljI3ACjHc56njg0AfpeCGAKkEHkEUVR0F1l0LTpEOVe2jYH1BUVeoAKKKKACiiigD83PiDp7aT408Qafg5tr+eIe4EhA/TFUNSsbrSdSu9Pv4zFd2srQyof4WU4I/MV6Z8dbNLL9oLUkKjypbu2mIx13JGW/UmtL9rDw7/AGP8TTqMSbbfV7dZ8gceYvyOPyCn/gVAH174OOfCOhn/AKcYP/Ra1r1yvwovhqPwz8LXO4MzabArEf3lQK36g11VABRRRQAUUUUAfGP7Rtq9x+0BDDGCHuBZqp9ScKK9N/bL0+KXwNouokDz7fUfIU99skbFh+ca/lWJ8VvC+ual+0p4c1CLRr+XSUuLHddxQM8W1JAWLMAQuOc5x611P7YiM3wssivRNViY/Ty5R/WgDe/Zgnkm+DGiiQ58p7iNT7ec5/rXqteR/srSb/g1pg/uXFwv/kQn+teuUAFFFFABRRRQAVDd2tveQmG8giuIiclJUDqT9DRRQA63ghtoVitoo4Yl6JGoUD8BUlFFABRRRQB//9k=\", \"amount\": 7, \"full_price\": \"160.93\", \"product_id\": \"9c427407-0bb8-4bb4-97cd-ba830bdf6728\", \"unit_price\": \"22.99\", \"final_price\": \"160.93\", \"unit_discount\": \"0.00\", \"total_discount\": \"0.00\", \"product_variant_id\": \"9c42747d-1248-443e-9aa5-4a1a777b4cd5\", \"original_unit_price\": \"22.99\"}, {\"id\": \"9c427486-e315-467d-976e-70ffddae27a1\", \"sku\": \"W-S003\", \"name\": \"Floral Midi Skirt - (Size) L\", \"type\": \"product_variant\", \"urls\": null, \"image\": \"/9j/4AAQSkZJRgABAQEAYABgAAD//gA7Q1JFQVRPUjogZ2QtanBlZyB2MS4wICh1c2luZyBJSkcgSlBFRyB2ODApLCBxdWFsaXR5ID0gODAK/9sAQwAGBAUGBQQGBgUGBwcGCAoQCgoJCQoUDg8MEBcUGBgXFBYWGh0lHxobIxwWFiAsICMmJykqKRkfLTAtKDAlKCko/9sAQwEHBwcKCAoTCgoTKBoWGigoKCgoKCgoKCgoKCgoKCgoKCgoKCgoKCgoKCgoKCgoKCgoKCgoKCgoKCgoKCgoKCgo/8AAEQgAMgAyAwEiAAIRAQMRAf/EAB8AAAEFAQEBAQEBAAAAAAAAAAABAgMEBQYHCAkKC//EALUQAAIBAwMCBAMFBQQEAAABfQECAwAEEQUSITFBBhNRYQcicRQygZGhCCNCscEVUtHwJDNicoIJChYXGBkaJSYnKCkqNDU2Nzg5OkNERUZHSElKU1RVVldYWVpjZGVmZ2hpanN0dXZ3eHl6g4SFhoeIiYqSk5SVlpeYmZqio6Slpqeoqaqys7S1tre4ubrCw8TFxsfIycrS09TV1tfY2drh4uPk5ebn6Onq8fLz9PX29/j5+v/EAB8BAAMBAQEBAQEBAQEAAAAAAAABAgMEBQYHCAkKC//EALURAAIBAgQEAwQHBQQEAAECdwABAgMRBAUhMQYSQVEHYXETIjKBCBRCkaGxwQkjM1LwFWJy0QoWJDThJfEXGBkaJicoKSo1Njc4OTpDREVGR0hJSlNUVVZXWFlaY2RlZmdoaWpzdHV2d3h5eoKDhIWGh4iJipKTlJWWl5iZmqKjpKWmp6ipqrKztLW2t7i5usLDxMXGx8jJytLT1NXW19jZ2uLj5OXm5+jp6vLz9PX29/j5+v/aAAwDAQACEQMRAD8A+qayfFuq/wBheFtX1UAM1nayzqp6MyqSB+JwK1q89+O0oHw+mtWSR1vLmCFhG207Q4c/N24QjPvSbsrsaV3Y8RPxM8XCCaddemnjjkW2WVIkCIG37pJlKgq6jBx90YGalX4keK2Eso8RHY0kdqJ08t4IUIAMzjblWzg4Py/MRxxXERWV3BrP9k6rDLFqKRzSySROCxRmV98h6SDGV2/7OeaS2Y6rewWmoNNYahOlxLctHCo+VpY5VllQcMCCBjjG3Paua73v/wAN3N7dLf12Pqb4MeKLvxV4TlutSkjku4rqSNmjYMNpwyjIA6BscgHiu9rw79nvWo7zXdetvtEclzLEk0qpEI8lXYCTA4O9ZE544VR2r3GuiN7amEt9AoooqhBXjH7U90yeBLKxRZSbu8wSgJACxu3zAfw5wD6Zz2r2evD/ANqJ7WDTfDVzqF5JbWsN25byvvsSoUbR3xncR6CplsOO54hZxrN5aWrf2OLq3hkQXVwSbvyxjbE56B/NI2njHbtUEshitbm3lnNjPmTcLmQ5kjjwGhhlHUEYTb7e2KfYKqme2t5UudHtQ8KTsQWvmGySO3AIDL0IGMZ447VW0COYx2EU0kK6ZZBxdXkiKYolk2SCEqT8v7wMpxjOccYrl6tv+v8Ag+R0eSPcvga8Vl4yu4jZ/wBnnUIWmtrb5XURBYjlXA45IyvTPr1r3qvmX4ATy3Xji2+zaNBYWcEU2SXAlCuoZVKn5iOQc9+O+a+mq3pK0bGNTV3CiiitSAr59/az1JtOi8MskkIYreMscsHm72AiHA7EBicnj65r6Crwr9pewur2+8LtY6Wb+ZGmU4x8sbbPMHI2jKgjJ6EioqNKLuXBXkjxm+lZ5Uur5Z724K/bY7+ytwirNuXblTjeFAPTPUjHeqULQyWQW6tBqNhePNO7W8ggm8uNWA80cAEt82Ovy9O1NtlazmsmuXuo7qXzrXTLdo8JaOzgK28H51AGD1PTg961nFHFpRe/3rpWlyrMti8ZJnd1AbEnPB5Yeue3WuVK39f11+Ru9f6/r/M9V+C+o3T+PPDSXA82S6jlNxNPbiF0kW3I8tP7wGD27E/T6er5b+EGnahJ8RPDurak2oTSO8kkSI2+CGN7ZgN3fcFIBboSeuev1JW9C3LoZVb82oUUUVsZBTZY0ljaOVFdGGGVhkEehFFFDApJoulI0LJplirQf6oiBAY+c/LxxzzxU0VhZxTyzxWluk0rbpJFjAZzjGSccnAAoorMtksEENuhS3ijiQnJVFCjPrxUlFFaEBRRRQB//9k=\", \"amount\": 8, \"full_price\": \"183.92\", \"product_id\": \"9c427418-4736-4bac-99cc-ada2a171a3ae\", \"unit_price\": \"22.99\", \"final_price\": \"183.92\", \"unit_discount\": \"0.00\", \"total_discount\": \"0.00\", \"product_variant_id\": \"9c42747d-7cfe-48fe-9b48-874e74e444a3\", \"original_unit_price\": \"22.99\"}, {\"id\": \"9c427486-c3fc-47f6-9070-5b99439e5e91\", \"sku\": \"W-TR001\", \"name\": \"Classic Dress Trousers - (Size) M\", \"type\": \"product_variant\", \"urls\": null, \"image\": \"/9j/4AAQSkZJRgABAQEAYABgAAD//gA7Q1JFQVRPUjogZ2QtanBlZyB2MS4wICh1c2luZyBJSkcgSlBFRyB2ODApLCBxdWFsaXR5ID0gODAK/9sAQwAGBAUGBQQGBgUGBwcGCAoQCgoJCQoUDg8MEBcUGBgXFBYWGh0lHxobIxwWFiAsICMmJykqKRkfLTAtKDAlKCko/9sAQwEHBwcKCAoTCgoTKBoWGigoKCgoKCgoKCgoKCgoKCgoKCgoKCgoKCgoKCgoKCgoKCgoKCgoKCgoKCgoKCgoKCgo/8AAEQgAMgAyAwEiAAIRAQMRAf/EAB8AAAEFAQEBAQEBAAAAAAAAAAABAgMEBQYHCAkKC//EALUQAAIBAwMCBAMFBQQEAAABfQECAwAEEQUSITFBBhNRYQcicRQygZGhCCNCscEVUtHwJDNicoIJChYXGBkaJSYnKCkqNDU2Nzg5OkNERUZHSElKU1RVVldYWVpjZGVmZ2hpanN0dXZ3eHl6g4SFhoeIiYqSk5SVlpeYmZqio6Slpqeoqaqys7S1tre4ubrCw8TFxsfIycrS09TV1tfY2drh4uPk5ebn6Onq8fLz9PX29/j5+v/EAB8BAAMBAQEBAQEBAQEAAAAAAAABAgMEBQYHCAkKC//EALURAAIBAgQEAwQHBQQEAAECdwABAgMRBAUhMQYSQVEHYXETIjKBCBRCkaGxwQkjM1LwFWJy0QoWJDThJfEXGBkaJicoKSo1Njc4OTpDREVGR0hJSlNUVVZXWFlaY2RlZmdoaWpzdHV2d3h5eoKDhIWGh4iJipKTlJWWl5iZmqKjpKWmp6ipqrKztLW2t7i5usLDxMXGx8jJytLT1NXW19jZ2uLj5OXm5+jp6vLz9PX29/j5+v/aAAwDAQACEQMRAD8A7yGOrZUiNivUDIpkK1YkU+RJjOdpxjr0qgPlXw54JvfEujC6tYpWmmuDI0gXdwq8dSPvMzd/4a7jRvgpq2oQzB5XRgdhRkjXPH97zD7dj1r0n4U6RZ213dabptzcJbW8CIqE7grEbmPPqWP4YrqNNk1CLVNT01Z4Umgfh87i5KKRwR8o6dz3+tQ8RNN8rsmdKwsLWmrtepzXhb+0n8OWa65az2upRKYp0mTaSykruHYg4zkcc1ZuE4rbuoHhPlSvvdOCdxPPU8nnrmsu4Wne+pzySi7Io7T6UVPtooEbUNXIhVCFxV2JxVMDP8OWtvpfjR4rVDHFPbB9u4kBtzZwD0HTgcVn2jNH8TNbYHh/LfGf9gD+lP1iSS08SWl7AzF/IZNpPykZ/wDrj8qpWVyz/EHUYwwO+CN246EKB/7MKwlud1O/Ld9jpbnLszHqTms64WtKUiqFxg1qcJV2e1FTgCigCeKBverkUDe9XRo98p+Xy2/GrUFlfxn5rZHHtIKsRzmu26wxQ3MzBVjJXLHA+Yf4gVznhW1e88X3moQjfbXUW6KVehUEDH1+WtL412viO48L2lp4d068N3Jdxsz2/wA+FUE4OOnzBeTxVL4D6hd3Oqaro+p6VLaPaKJId8bKUGcFWzxn5hjHoazcbu50wqWg0/M7RtMkPrUEmjO3Y1362a/3akFip/hFWcx5z/YsnoaK9G+wL/doo0AorUsdFFAEh6VNB1oooGWUqVaKKTAdRRRSA//Z\", \"amount\": 9, \"full_price\": \"269.91\", \"product_id\": \"9c42741f-c8c5-4197-b78a-2aec13df1767\", \"unit_price\": \"29.99\", \"final_price\": \"269.91\", \"unit_discount\": \"0.00\", \"total_discount\": \"0.00\", \"product_variant_id\": \"9c42747d-ae25-40f4-b568-0810ed706f71\", \"original_unit_price\": \"29.99\"}, {\"id\": \"9c427486-d37b-4f6c-b597-ddb5effc6104\", \"sku\": \"W-SK002\", \"name\": \"Sporty Ankle Socks - (Size) 9\", \"type\": \"product_variant\", \"urls\": null, \"image\": \"/9j/4AAQSkZJRgABAQEAYABgAAD//gA7Q1JFQVRPUjogZ2QtanBlZyB2MS4wICh1c2luZyBJSkcgSlBFRyB2ODApLCBxdWFsaXR5ID0gODAK/9sAQwAGBAUGBQQGBgUGBwcGCAoQCgoJCQoUDg8MEBcUGBgXFBYWGh0lHxobIxwWFiAsICMmJykqKRkfLTAtKDAlKCko/9sAQwEHBwcKCAoTCgoTKBoWGigoKCgoKCgoKCgoKCgoKCgoKCgoKCgoKCgoKCgoKCgoKCgoKCgoKCgoKCgoKCgoKCgo/8AAEQgAMgAyAwEiAAIRAQMRAf/EAB8AAAEFAQEBAQEBAAAAAAAAAAABAgMEBQYHCAkKC//EALUQAAIBAwMCBAMFBQQEAAABfQECAwAEEQUSITFBBhNRYQcicRQygZGhCCNCscEVUtHwJDNicoIJChYXGBkaJSYnKCkqNDU2Nzg5OkNERUZHSElKU1RVVldYWVpjZGVmZ2hpanN0dXZ3eHl6g4SFhoeIiYqSk5SVlpeYmZqio6Slpqeoqaqys7S1tre4ubrCw8TFxsfIycrS09TV1tfY2drh4uPk5ebn6Onq8fLz9PX29/j5+v/EAB8BAAMBAQEBAQEBAQEAAAAAAAABAgMEBQYHCAkKC//EALURAAIBAgQEAwQHBQQEAAECdwABAgMRBAUhMQYSQVEHYXETIjKBCBRCkaGxwQkjM1LwFWJy0QoWJDThJfEXGBkaJicoKSo1Njc4OTpDREVGR0hJSlNUVVZXWFlaY2RlZmdoaWpzdHV2d3h5eoKDhIWGh4iJipKTlJWWl5iZmqKjpKWmp6ipqrKztLW2t7i5usLDxMXGx8jJytLT1NXW19jZ2uLj5OXm5+jp6vLz9PX29/j5+v/aAAwDAQACEQMRAD8A9gUACmkgVJ5ZfGCoB9TimzJBAM3N0iD25pkjN1PWQVXOo6TGoZpi4JwCTgE1S1XxDb28Mf8AZ6wNIzYyRvwME96BpXNtTkZFNOCa5mx8S3cmoW6XMubd32uigAYIxnj0zn8K3tzRzNG3UHFK45RsT7faijNFMmxj69EZ7KP53QRygkoxBOQQBx7kVSVsiPMsjY4wT7VtXKFredQMtsJUe45FcxEsu3cy7QWGCTkAUhjPEltGbQXSLm4iydxJyF2nP9K5eGV2ijbznZCykBmJz09a7j7OXTy5EGHB6jFcrd6P/ZsCW0sn7wRjy3zhSBwP5UpLqbUn0H6bIX1C3zG2zzACT09K792LwQzH74/dv/vL/wDWxXmYZnWKUuxIOMdArDqK9D0O6GoWf+1KmSPSRev5j+dEdgqrqXhJxRVbcaKLmJfQYlFcxBH5bXtuTkxSEDPcdq6nHziuf1eP7Pr77jsS7iXDHoGFMENTcBwxyOevaqPiVBPpkcp5aB+f909f1x+dTlbtLoR+V5gH93+ND6e/T8q0bTSrq6XYLZmt3BDiVSpwfrQOLs7nncYVLuW3+bypMfNj/Vv0B+h6fl610nhCW5t7meKUYaNRMCv3SQR0/A/pW83gNpA0c+oGOAjG1UXcR9SOvvXQ6XoOn6cvyCSZ9u0vIckj3/8A1UktTWdSLVkILGCYCVZVCv8AMBnoDRWmI7YAAW8QA7YoqrGFzHPUVQ8QIkj2wdVYYPBGfSiigEdRpkEMcUQjijQFRkKoGasXJKkBSQPQUUUAQNULmiigTIs0UUUwP//Z\", \"amount\": 10, \"full_price\": \"145.00\", \"product_id\": \"9c427427-5fa8-4839-8daf-9e78672196ad\", \"unit_price\": \"14.50\", \"final_price\": \"145.00\", \"unit_discount\": \"0.00\", \"total_discount\": \"0.00\", \"product_variant_id\": \"9c42747d-d800-45b4-a41e-9868a90d5671\", \"original_unit_price\": \"14.50\"}, {\"id\": \"9c427486-c8de-4daa-8160-fab9187a419b\", \"sku\": \"W-SN002\", \"name\": \"Sporty Running Sneakers - (Size) 8, (Colour) Bright Red\", \"type\": \"product_variant\", \"urls\": null, \"image\": \"/9j/4AAQSkZJRgABAQEAYABgAAD//gA7Q1JFQVRPUjogZ2QtanBlZyB2MS4wICh1c2luZyBJSkcgSlBFRyB2ODApLCBxdWFsaXR5ID0gODAK/9sAQwAGBAUGBQQGBgUGBwcGCAoQCgoJCQoUDg8MEBcUGBgXFBYWGh0lHxobIxwWFiAsICMmJykqKRkfLTAtKDAlKCko/9sAQwEHBwcKCAoTCgoTKBoWGigoKCgoKCgoKCgoKCgoKCgoKCgoKCgoKCgoKCgoKCgoKCgoKCgoKCgoKCgoKCgoKCgo/8AAEQgAMgAyAwEiAAIRAQMRAf/EAB8AAAEFAQEBAQEBAAAAAAAAAAABAgMEBQYHCAkKC//EALUQAAIBAwMCBAMFBQQEAAABfQECAwAEEQUSITFBBhNRYQcicRQygZGhCCNCscEVUtHwJDNicoIJChYXGBkaJSYnKCkqNDU2Nzg5OkNERUZHSElKU1RVVldYWVpjZGVmZ2hpanN0dXZ3eHl6g4SFhoeIiYqSk5SVlpeYmZqio6Slpqeoqaqys7S1tre4ubrCw8TFxsfIycrS09TV1tfY2drh4uPk5ebn6Onq8fLz9PX29/j5+v/EAB8BAAMBAQEBAQEBAQEAAAAAAAABAgMEBQYHCAkKC//EALURAAIBAgQEAwQHBQQEAAECdwABAgMRBAUhMQYSQVEHYXETIjKBCBRCkaGxwQkjM1LwFWJy0QoWJDThJfEXGBkaJicoKSo1Njc4OTpDREVGR0hJSlNUVVZXWFlaY2RlZmdoaWpzdHV2d3h5eoKDhIWGh4iJipKTlJWWl5iZmqKjpKWmp6ipqrKztLW2t7i5usLDxMXGx8jJytLT1NXW19jZ2uLj5OXm5+jp6vLz9PX29/j5+v/aAAwDAQACEQMRAD8AzbSJV4hiye7Ma0YLRdwdHAfvSRnzB7U+7Y2Gn3F4cBYY2kyemQOAfqcD8a8tJyaiup7cmoRcn0MHxNJYXlrNamWZ5g6xKY49ymQsFC5yOcn3r2GIW/h7wzbq5EccEIHPGMCvnPXPG7fa9O0/T5Vi03TfJmhGwHfcBVMjv/eO/djOeOPet/XPGep+LbGH7QkcEIHKw5w59ee3tXTisOo2jDZdTkweJc25VN3sjH+IOvzeJdQb5iLVD8i+vvVbwnYxSHawbcPQVLFpplYfLzXceHNEjgiV5I9r+o4zWLajHlRuk5y5mQroNttH7qLp/dFFdJ9ig/uCisuY25UV1sA5DQMEJ6qelcf8UdXNlpZ0kyrvIWScp1ORlU/I7j/wH0ru9OdM4dWTPQueDXlnj/wlrWo+JJ5bWGedZWG0bDtC4AyGHHbkHB9j1rqwjipuUumxx41ScFGPV6nm+hWFxq96LW3Xofmb+6K9m0jw/cx2kUaxgBFCgtyeBTvDng+LwnYfadQuImunG6THQYGcD2HrXK3Wu+Ib/wAS2tzphuI7BpfKVuiEDG78hXQqUsQ9HaP5s5XWjhlqry3a7I9Et9GS2xLfTRRJ6uwUfrW7YT2k8bLZ3EM4TG4IwO30rxy8ur2fV5Had5ImbBLFmBH1xxXUfDqKWXVbm7j3fZo4zBuHR3JVjj6AD/voVdfL40qbm5aozw2ZyrVVBR0Z6HtHofzoqPy5PQ/nRXkntkNqFGAJTGfpnNa0UcZQbwsmO5rk7SeULhZlI9CORV+K/uIeh8wUyTlfijqC215FaywObSWMA7W2cgk4z7+nfFYFhd6rrdrFpOlReXZw5AGfljB65Pv19ep9a9GvLm0v1AvLXJXjp+mD1HtzTreaOGIR6fAUA6kpsA/T+VejTx7p0lBLVHlVctVSs6jej3MbQvh9ZxBZNZuJrnuYY28pD7HGW/IiusAsbGJYrSO3toIxtSKIYVR/MnuSeTWduLZaZS/1fAqrc3TqCEghA+ua5amIqVdJM7qWGp0dYIvnUIMn95RWF9quf7sH/fNFYWN7kKn5EPerFqxy3J6UUU2CLkHzDLcn3qVycdaKKQzMu3bzFG449M0rE7aKKYikWOTyfzooopiP/9k=\", \"amount\": 6, \"full_price\": \"167.70\", \"product_id\": \"9c42742d-6062-45d9-bd66-800979f535b1\", \"unit_price\": \"27.95\", \"final_price\": \"167.70\", \"unit_discount\": \"0.00\", \"total_discount\": \"0.00\", \"product_variant_id\": \"9c42747a-7798-47c8-839c-a1dea09b0797\", \"original_unit_price\": \"27.95\"}, {\"id\": \"9c427486-db5b-4f09-af7c-e2eab1b266e2\", \"sku\": \"M-LO001\", \"name\": \"Classic Leather Loafers - (Size) 8.5, (Colour) Dark Green\", \"type\": \"product_variant\", \"urls\": null, \"image\": \"/9j/4AAQSkZJRgABAQEAYABgAAD//gA7Q1JFQVRPUjogZ2QtanBlZyB2MS4wICh1c2luZyBJSkcgSlBFRyB2ODApLCBxdWFsaXR5ID0gODAK/9sAQwAGBAUGBQQGBgUGBwcGCAoQCgoJCQoUDg8MEBcUGBgXFBYWGh0lHxobIxwWFiAsICMmJykqKRkfLTAtKDAlKCko/9sAQwEHBwcKCAoTCgoTKBoWGigoKCgoKCgoKCgoKCgoKCgoKCgoKCgoKCgoKCgoKCgoKCgoKCgoKCgoKCgoKCgoKCgo/8AAEQgAMgAyAwEiAAIRAQMRAf/EAB8AAAEFAQEBAQEBAAAAAAAAAAABAgMEBQYHCAkKC//EALUQAAIBAwMCBAMFBQQEAAABfQECAwAEEQUSITFBBhNRYQcicRQygZGhCCNCscEVUtHwJDNicoIJChYXGBkaJSYnKCkqNDU2Nzg5OkNERUZHSElKU1RVVldYWVpjZGVmZ2hpanN0dXZ3eHl6g4SFhoeIiYqSk5SVlpeYmZqio6Slpqeoqaqys7S1tre4ubrCw8TFxsfIycrS09TV1tfY2drh4uPk5ebn6Onq8fLz9PX29/j5+v/EAB8BAAMBAQEBAQEBAQEAAAAAAAABAgMEBQYHCAkKC//EALURAAIBAgQEAwQHBQQEAAECdwABAgMRBAUhMQYSQVEHYXETIjKBCBRCkaGxwQkjM1LwFWJy0QoWJDThJfEXGBkaJicoKSo1Njc4OTpDREVGR0hJSlNUVVZXWFlaY2RlZmdoaWpzdHV2d3h5eoKDhIWGh4iJipKTlJWWl5iZmqKjpKWmp6ipqrKztLW2t7i5usLDxMXGx8jJytLT1NXW19jZ2uLj5OXm5+jp6vLz9PX29/j5+v/aAAwDAQACEQMRAD8A1YTaqOY8H6f/AF6laazx0wR7GogXIztcfVRTXV2zw3/fsVwKJ6N0R3F1Bn5WYfRBWdcXkSqTlz+Ap+sTJp1hLd3W9IYxydgzknAH51wi+MLeeYLcxvbo/CSZDJ9GOODWkYXVyHPWx0Nxfxk/xflWfLfRnOVJ/AVKbO4uEDxDcjDIZcEEfWq82l3QBOCPriq5ULmIftUX90/kKKj/ALPuPainyi5j1CaYW0Ek1zNFHDGNzMxwAK4Bvi3ptvqLW11YXUUYOFlG1gR2bHHH50vj/XUu/DVxAiyA70ZiRwQGHv8ASvKHjgukVJvmUfdIPK/T29qqnSUldkTqNOx7H4l1GPxd4auINGmt7j7sgMRO9cHPzIQGA/CvI7HVNX8MawtwI2jkU4YModHHQgg8EH3re8AP/Y/iWC4jiimCqRl+cZGOB617Gtvo3iGPydUhhWUjiRhjP/Ah/WtI05xjdLQiUot76nPeC9U0XV5TLZ20entNHmS1hY7BJn5nRScAYA+UdOa6d9GeUExSxsK5+X4W3ul3bXHhvUrXymO77LdhtoPqrKMg/hXQeHNH1wXobWUt4UiztMc+8Pxj0B/Oi9KUNNGg/eKWuqK58PTZ++v50V2f9nr/AH0/M0VzcxtY8z1TwxNNGwRAyn+HFed634NntXaWCKSI9cAfKa9y+1N1Ea474NNllSTho0I9KUakkXKmnufNsV01hcj7UktvMp4ccA/0NddpXjQRRhZjFKP7wbafy5r1O60vSrtCtxp8D56kgVkTeBvDMxy+kR/8BYj+tdUMU0c8sPfqXPh14vl1DVEs4nD2u0kox3FeO3oK9N8yKQDeq1wXh/TdO8PRMmk2UdsrHLYOSfqSc1pvq7L1/pWNSftJXSsaQjyKzZ1gWDH8P60Vx51lv8kUVnZllVQNx4qF/wDWGiis0asZk5PJqNZH80je2PrRRVIhjZJH/vt+dRmRznLsfxooq0QyLcfU0UUUxn//2Q==\", \"amount\": 10, \"full_price\": \"299.90\", \"product_id\": \"9c427441-6d77-4a9b-b668-7906aca48814\", \"unit_price\": \"29.99\", \"final_price\": \"299.90\", \"unit_discount\": \"0.00\", \"total_discount\": \"0.00\", \"product_variant_id\": \"9c42747b-2ed9-4694-91ab-3973ea52d385\", \"original_unit_price\": \"29.99\"}, {\"id\": \"9c427486-de11-44d3-ae4a-7a79827e30cc\", \"sku\": \"M-LO003\", \"name\": \"Fashion Slip-On Loafers - (Size) 10\", \"type\": \"product_variant\", \"urls\": null, \"image\": \"/9j/4AAQSkZJRgABAQEAYABgAAD//gA7Q1JFQVRPUjogZ2QtanBlZyB2MS4wICh1c2luZyBJSkcgSlBFRyB2ODApLCBxdWFsaXR5ID0gODAK/9sAQwAGBAUGBQQGBgUGBwcGCAoQCgoJCQoUDg8MEBcUGBgXFBYWGh0lHxobIxwWFiAsICMmJykqKRkfLTAtKDAlKCko/9sAQwEHBwcKCAoTCgoTKBoWGigoKCgoKCgoKCgoKCgoKCgoKCgoKCgoKCgoKCgoKCgoKCgoKCgoKCgoKCgoKCgoKCgo/8AAEQgAMgAyAwEiAAIRAQMRAf/EAB8AAAEFAQEBAQEBAAAAAAAAAAABAgMEBQYHCAkKC//EALUQAAIBAwMCBAMFBQQEAAABfQECAwAEEQUSITFBBhNRYQcicRQygZGhCCNCscEVUtHwJDNicoIJChYXGBkaJSYnKCkqNDU2Nzg5OkNERUZHSElKU1RVVldYWVpjZGVmZ2hpanN0dXZ3eHl6g4SFhoeIiYqSk5SVlpeYmZqio6Slpqeoqaqys7S1tre4ubrCw8TFxsfIycrS09TV1tfY2drh4uPk5ebn6Onq8fLz9PX29/j5+v/EAB8BAAMBAQEBAQEBAQEAAAAAAAABAgMEBQYHCAkKC//EALURAAIBAgQEAwQHBQQEAAECdwABAgMRBAUhMQYSQVEHYXETIjKBCBRCkaGxwQkjM1LwFWJy0QoWJDThJfEXGBkaJicoKSo1Njc4OTpDREVGR0hJSlNUVVZXWFlaY2RlZmdoaWpzdHV2d3h5eoKDhIWGh4iJipKTlJWWl5iZmqKjpKWmp6ipqrKztLW2t7i5usLDxMXGx8jJytLT1NXW19jZ2uLj5OXm5+jp6vLz9PX29/j5+v/aAAwDAQACEQMRAD8A6UJz0rJ1zxJo+gz20OrXsdtJcZ8sMCc46kkDgc96wPiJ4/XwfdWMCWIu3nBd/wB5s2KDgdjyefyryP4keKIPFmoW13bxSpaxwCMo+MxvuJPT8PrSSKPo62nhuoEmtpUliYZV0YMp/EVLtr5f8L+IdV8NTiTTLlljPLwOd0b/AIf1HNe6eDfHFl4hXyJYzZ6ig+aBz973U9x+tKwHVbKjdMg1YGCOOaRloGVPL9qKs0UAfPvxdsrg+Mrh7jcY7hFaBj04AGB+OR+NcfFBJuVUUmU/KBjO7/ZI719IeNvDMHiLSmt5RtnTLQy90b/A14va3B0HVrtLqJf7QiBiKOMncccj6jv7+9UhGBh9C1WCLUoHjWN0kaMjJUZBx7g10mtW5utMj12zutl3E4H7vhnXswx6cAn/AOvWhrCW3iTwul/O4GpQFYYguCZOo2MOwGOvJOcfTjNO1S50MeW6+bp0xIeFuit0OPQ4/wA8UBseu/DXx82ooun61IovAcJLjAcds+9enZzivlSJlWUXNk25RzjuPYivdPhr4kbWNLEVyxNxCdhYnlhjgn3/AMKTQI7jH1opwJx2opDFZM+9eV/F/wAJPcpHrdlEWlgXbOq9SnZvqP5fSvWMjtTHUMuDyD2oEeBeCvsusR3OlvdC2ln2sgY8M69CPf2o1rQpdP1CZL6BHikIY5XKlvX/AD613Xir4Y6fqcr3WlyHT7sncdg+Qn1x2/CuYu9F8eWsJspXhvbfG1ZXG8gfXGfzqrgLpvw80bW7RLvSri4sZT96NX3KD3HPPWuz8I+DRoDAJJuGdxbOSx9TVf4eaHfaVBtumJz8zEjGSTk13RY4GakA2/SilDcdqKAHjtTx1oooAa1IKKKAGkc0yXtRRQBFmiiigD//2Q==\", \"amount\": 1, \"full_price\": \"29.99\", \"product_id\": \"9c427445-10fc-4a7c-bda2-902b5b9bebed\", \"unit_price\": \"29.99\", \"final_price\": \"29.99\", \"unit_discount\": \"0.00\", \"total_discount\": \"0.00\", \"product_variant_id\": \"9c42747e-b6c0-476a-99b0-003b758ce5bc\", \"original_unit_price\": \"29.99\"}, {\"id\": \"9c427486-d0a7-4878-9578-054eb008343b\", \"sku\": \"M-BO001\", \"name\": \"Classic Leather Boots - (Size) 8\", \"type\": \"product_variant\", \"urls\": null, \"image\": \"/9j/4AAQSkZJRgABAQEAYABgAAD//gA7Q1JFQVRPUjogZ2QtanBlZyB2MS4wICh1c2luZyBJSkcgSlBFRyB2ODApLCBxdWFsaXR5ID0gODAK/9sAQwAGBAUGBQQGBgUGBwcGCAoQCgoJCQoUDg8MEBcUGBgXFBYWGh0lHxobIxwWFiAsICMmJykqKRkfLTAtKDAlKCko/9sAQwEHBwcKCAoTCgoTKBoWGigoKCgoKCgoKCgoKCgoKCgoKCgoKCgoKCgoKCgoKCgoKCgoKCgoKCgoKCgoKCgoKCgo/8AAEQgAMgAyAwEiAAIRAQMRAf/EAB8AAAEFAQEBAQEBAAAAAAAAAAABAgMEBQYHCAkKC//EALUQAAIBAwMCBAMFBQQEAAABfQECAwAEEQUSITFBBhNRYQcicRQygZGhCCNCscEVUtHwJDNicoIJChYXGBkaJSYnKCkqNDU2Nzg5OkNERUZHSElKU1RVVldYWVpjZGVmZ2hpanN0dXZ3eHl6g4SFhoeIiYqSk5SVlpeYmZqio6Slpqeoqaqys7S1tre4ubrCw8TFxsfIycrS09TV1tfY2drh4uPk5ebn6Onq8fLz9PX29/j5+v/EAB8BAAMBAQEBAQEBAQEAAAAAAAABAgMEBQYHCAkKC//EALURAAIBAgQEAwQHBQQEAAECdwABAgMRBAUhMQYSQVEHYXETIjKBCBRCkaGxwQkjM1LwFWJy0QoWJDThJfEXGBkaJicoKSo1Njc4OTpDREVGR0hJSlNUVVZXWFlaY2RlZmdoaWpzdHV2d3h5eoKDhIWGh4iJipKTlJWWl5iZmqKjpKWmp6ipqrKztLW2t7i5usLDxMXGx8jJytLT1NXW19jZ2uLj5OXm5+jp6vLz9PX29/j5+v/aAAwDAQACEQMRAD8A8NstGe7dRGuyQjKlGJBrovD/AIamMxj1GEDb0OOeteo6XoVvGiBYxnoCB0rpoh4Z0wQRa1eFr6SNpxAijIRQTyT9DWDqnSqaONsPDgQ+RNZrJA6/eI6HHrVXUdBtQ/lMpjWEblHXdV+++JSaTrs9re6TE9hFIU/cyMH2Z4YE8E4wegqTxPr3hHTGtrrV9YuPJu4Eure3tbZmllibOCS2FXoR1OCDWak3qjSdJw3R5jqkZDyMyjk/eH1rFd/lbaDnOa7nUfiF4QkCpZ+EpbiyKjLT37JKG7/dGPT9au+GtF8OePI7248M2t3ZXVgqyTWMsgl3oc5ZGwCcEcgjv17VrGdtzB0pLU4FPMKKdvUf3aK9XXwY20Yhlxj+7/8AWoqvaIOQ6/QNKgnQx3VzNHIp3CSAeUT/AENcF+0JZRaRp+j6gG86RpXtnDMAzxMuSBj0x17Z969E0G+06ecLZ3UsUmcGKdHQg/RgK8q/ahmbf4djadHQLOdg4IP7vn9P51lHcq7uVvhlJo3iTW7R9bdZikXkFZ14mZeFLe5TGPdW9K1v2ifCtvp3gnR5rG3l8vTZzBC65YLbyAttZjk/K4AGezeua8R8P6gtneRucgqwIPoa+ovAvjiz1TRxY649vNE67GEnIYHswNZSl7OZ3um61PmTufJdpOqnZKfk6jIyAf8ACvoP4PeJ/BWkzWV3Ar6dq6w+TMyf6ucYGQcj1wexyPSk8Z/Bjw9qMk154X1q205my32eaQNFn0B6r+v0r5/vYrjStQntJmQywSGNijZUkHGQe4rbSqtDm/hO09UfcI1/w8wDLe4B5AEg4/SiviYavdgACWT8zRUezn3L/wBnPphdfu0t7eWCQS7iQMEOvB4xjO3/AIFj2HavMfiuPFPjHVLCOW0s7mS2DRwmwBy4OM7icZ+6OeB1q/pmuxW7O11GLvPygSYIVfQAgj866vSPiBbWUii1sY7dOmIiF/UDOPbNbKMo7HLKcGjyWT4UeL7ZYmawjeRxuMSTKWX2Pao7zw54n0mPF9o+rwIOrrbM4/MHFfQNv44W6O6MQAnse1RXOrai0xk0zUI7FGGGQQCUN7/MSB+Ap8k5bolVVD4ZNHzjZXMJukTyLy5nJAAf5R9Co5P/AH0K948MeCPBM1ja/wBuaffXl/OqtseEQrFxnAUNk/7zEk4HNa9jIrS+beJp09wRhpRZiNiPqp4NX5XjBBhZkwcjDGhwn0QvaQesmZ5+GvgdiSnh2HaeRmabOPwNFaS3R2jc5J7naOf0oqPZ1R89I+byTnqanhY7upooroMTUgZsL8x/Out8OSO0DhnYgdMmiinDcmWxtW7NnqfzrSRjs6n86KK0IJwTgc0UUUgP/9k=\", \"amount\": 9, \"full_price\": \"251.91\", \"product_id\": \"9c42744c-b4d2-4b9f-a7fc-b0e19bbd9207\", \"unit_price\": \"27.99\", \"final_price\": \"251.91\", \"unit_discount\": \"0.00\", \"total_discount\": \"0.00\", \"product_variant_id\": \"9c42747e-eda5-4425-9015-eb6ed42b6a37\", \"original_unit_price\": \"27.99\"}, {\"id\": \"9c427486-bf11-49e3-a251-ccd160c86af3\", \"sku\": \"M-BO003\", \"name\": \"Outdoor Hiking Boots - (Size) 10, (Colour) Black\", \"type\": \"product_variant\", \"urls\": null, \"image\": \"/9j/4AAQSkZJRgABAQEAYABgAAD//gA7Q1JFQVRPUjogZ2QtanBlZyB2MS4wICh1c2luZyBJSkcgSlBFRyB2ODApLCBxdWFsaXR5ID0gODAK/9sAQwAGBAUGBQQGBgUGBwcGCAoQCgoJCQoUDg8MEBcUGBgXFBYWGh0lHxobIxwWFiAsICMmJykqKRkfLTAtKDAlKCko/9sAQwEHBwcKCAoTCgoTKBoWGigoKCgoKCgoKCgoKCgoKCgoKCgoKCgoKCgoKCgoKCgoKCgoKCgoKCgoKCgoKCgoKCgo/8AAEQgAMgAyAwEiAAIRAQMRAf/EAB8AAAEFAQEBAQEBAAAAAAAAAAABAgMEBQYHCAkKC//EALUQAAIBAwMCBAMFBQQEAAABfQECAwAEEQUSITFBBhNRYQcicRQygZGhCCNCscEVUtHwJDNicoIJChYXGBkaJSYnKCkqNDU2Nzg5OkNERUZHSElKU1RVVldYWVpjZGVmZ2hpanN0dXZ3eHl6g4SFhoeIiYqSk5SVlpeYmZqio6Slpqeoqaqys7S1tre4ubrCw8TFxsfIycrS09TV1tfY2drh4uPk5ebn6Onq8fLz9PX29/j5+v/EAB8BAAMBAQEBAQEBAQEAAAAAAAABAgMEBQYHCAkKC//EALURAAIBAgQEAwQHBQQEAAECdwABAgMRBAUhMQYSQVEHYXETIjKBCBRCkaGxwQkjM1LwFWJy0QoWJDThJfEXGBkaJicoKSo1Njc4OTpDREVGR0hJSlNUVVZXWFlaY2RlZmdoaWpzdHV2d3h5eoKDhIWGh4iJipKTlJWWl5iZmqKjpKWmp6ipqrKztLW2t7i5usLDxMXGx8jJytLT1NXW19jZ2uLj5OXm5+jp6vLz9PX29/j5+v/aAAwDAQACEQMRAD8A+qa4P4meLr3wpfaI9usDWErSNeBhmQopT7nboW6+1d5Xzt8VdTbxH4huhAd1lADaRkHrgncw+rEj6AVMnZDSuev+BvHWkeMrOefTGdPJ271lwDhs4PB9jW/p2pWWoozWNzHMFJDBTypBxyOo5Br5Wjjh0fTYLWCJVRUO4YyTxknOR+fvXb/AyPf46nmgY+UNNxIAwIzvGAevr7dKiNRt2KcbHvtFFFakBRRRQByHxO1qXSNAWK1dori+c28cw42HaW4PrgHH4+lfPOnxymO1aRdssYKtnOcgkGvdPjP4k8P6J4ejtvEMVxcNdNut4rfAkDJg7wSRjBI+ucYIzXgfhjXxrom81VW5gxuCjAZT0P5isqqdrouDszQ1ETMrHINsU2nkrg/3iR7V1Pwo1EWvjXTpGjEUdzFJa4BBwTtKg8Z6oK55YkkjNvJKQXOQckAc8dKxxJLpmoJdW0lxHdRyEwyoxyCDwcAn9fes6epU2fXtFfFc/wAS/HKXzC78RXySLkbRhRn6AYz+FeifCr41a1c+JLHRvE/lXdveSLBHchAkkbMcLuxwQSQOme+a6LmR9IUUUUwPmb9qSxux4v0q9Me60ksxEhI43q7Fh+TL+deQ+Gr9tK1dZxxGfkmTGDtPX+XH0r7r1XS7DV7Q2uqWdveW5OfLnjDrn1we/vXLj4W+CQXP/CPWhL9SSxP4c8fhSsB4ZcXtpBYx3jXMX2eTiOXrk+n14qjNd2V+sfl3sQkAI5cxk5+uPSvV/FXwmSGKd/CscL2sxBl0q5bEZ45MbnO09ODx7ivIPEPw/wBT0u4kihs9UtHHIie2e4ib/dkjDAjkdefWsvZpO6L529Gc54ti02S8BtGJvlUbwpDI3tuz1rsvgP4AvNe8RWOu3cEsGlafIs6vIpXzpFIKqvqAQCT7Y71y+heBPF3iG8gt7XS7pIWcBp5YDHEozySxA/Ic19p28YhgjiGMIoUYGBwPStIqysS3cfRRRVCCiiigAooooAKKKKACiiigD//Z\", \"amount\": 8, \"full_price\": \"239.92\", \"product_id\": \"9c427450-8225-4e1d-bfb7-ec4c08a908f2\", \"unit_price\": \"29.99\", \"final_price\": \"239.92\", \"unit_discount\": \"0.00\", \"total_discount\": \"0.00\", \"product_variant_id\": \"9c42747a-ed1c-473e-bdf9-66b07bf159f0\", \"original_unit_price\": \"29.99\"}, {\"id\": \"9c427486-d642-45d0-85e7-dbb8e272af06\", \"sku\": \"M-SN002\", \"name\": \"Classic Canvas Sneakers - (Size) 9\", \"type\": \"product_variant\", \"urls\": null, \"image\": \"/9j/4AAQSkZJRgABAQEAYABgAAD//gA7Q1JFQVRPUjogZ2QtanBlZyB2MS4wICh1c2luZyBJSkcgSlBFRyB2ODApLCBxdWFsaXR5ID0gODAK/9sAQwAGBAUGBQQGBgUGBwcGCAoQCgoJCQoUDg8MEBcUGBgXFBYWGh0lHxobIxwWFiAsICMmJykqKRkfLTAtKDAlKCko/9sAQwEHBwcKCAoTCgoTKBoWGigoKCgoKCgoKCgoKCgoKCgoKCgoKCgoKCgoKCgoKCgoKCgoKCgoKCgoKCgoKCgoKCgo/8AAEQgAMgAyAwEiAAIRAQMRAf/EAB8AAAEFAQEBAQEBAAAAAAAAAAABAgMEBQYHCAkKC//EALUQAAIBAwMCBAMFBQQEAAABfQECAwAEEQUSITFBBhNRYQcicRQygZGhCCNCscEVUtHwJDNicoIJChYXGBkaJSYnKCkqNDU2Nzg5OkNERUZHSElKU1RVVldYWVpjZGVmZ2hpanN0dXZ3eHl6g4SFhoeIiYqSk5SVlpeYmZqio6Slpqeoqaqys7S1tre4ubrCw8TFxsfIycrS09TV1tfY2drh4uPk5ebn6Onq8fLz9PX29/j5+v/EAB8BAAMBAQEBAQEBAQEAAAAAAAABAgMEBQYHCAkKC//EALURAAIBAgQEAwQHBQQEAAECdwABAgMRBAUhMQYSQVEHYXETIjKBCBRCkaGxwQkjM1LwFWJy0QoWJDThJfEXGBkaJicoKSo1Njc4OTpDREVGR0hJSlNUVVZXWFlaY2RlZmdoaWpzdHV2d3h5eoKDhIWGh4iJipKTlJWWl5iZmqKjpKWmp6ipqrKztLW2t7i5usLDxMXGx8jJytLT1NXW19jZ2uLj5OXm5+jp6vLz9PX29/j5+v/aAAwDAQACEQMRAD8AwwaX61LYW7Xt7BbR/fmkWNfqTis+81nTn1Y2mmw3JiU+X5srqd7Z6gADA9ufrWaTZs2kWqt6ypgW0httNbeAvmSNLtaXcATgHjAzgY680hspUjZ5sRIozlv4vYetGpLHrepR6qs5gtlj8u7Ksy5WNBncFyQNo6Acn1zkXBJvUicmtiC7hNvJtYqSRnAOSPY+9Vz0qvqLy2ery21vbC4tlcKr26ngEAjIGcnBHv2NTtnOCCCKU48rHCXMgyaKTJoqCzQ0m+bR5v7XFuLhbJlfyy23eScAZ7dz+FcZNrMH2hZ9OtbaOSVix+Ynyz6Zb+ld1Z2UGt+HL7S7a4ji1iRt8Ucp2iZQBwp/vAjP+eK+lfDpJvDs0d3C0Woqh27jjDjoD6jP861i0kZSu2YemajObFI7i4WeWST3dm5wFHGM8n/PFdFobJIl/p6OI7m/i22zZwpnGdik9gckZ96890WPUDKttBMYHyySIRgqM84OOv410Vzp9zpdtCjzCQkbldRjaeuPwqp9xQ7G5d+KNCWGCPUVu9IvogEms/IZAHHB6LkjPqap3t1FfKNQttzQSyuglwQshAU5GR1wwB9wT3r0bw/8SNO1XToodUu4LXUowBNFdEKkhHG9SeOfSuP+JnieDWtTsrbT5o57e1QlpImyhZscA9DgDt61LaaHG6Zgb6KqBzjv+VFZmo6dFcAMDkcgjjB9q9J+GuoSanp11a6hdvPcW75Bk5ZoSOme5BB5PPNecE063ubqyuUubCYwXKdGHIPsR3FCYmrnSeItNjmubqaRIG3uWQROFAxkKPyx9aw7zUNOtbBbe+nhjuHUExp8xDY68ZrJ8T3aa8FOrWk0E6knz7IgqxPdkP8AQ5rjbrTY43/cakHX0lidG/LBrZTT0Zk4tbHWxGG6iVyoIPY9qnSNV6AD6ViaA06o/nlmBwAT7cVuA5ArJ76Gi2HUUZ9qKBlgAbRSyAZ6dqKKkYxwMdBVWVV5+UflRRTQhIQMdBU0YGelFFAEoUY6CiiimB//2Q==\", \"amount\": 9, \"full_price\": \"202.50\", \"product_id\": \"9c427454-4d17-4afa-ae28-7573e2e45ba0\", \"unit_price\": \"22.50\", \"final_price\": \"202.50\", \"unit_discount\": \"0.00\", \"total_discount\": \"0.00\", \"product_variant_id\": \"9c42747f-1f8f-41d0-89d9-0ff22c2e1591\", \"original_unit_price\": \"22.50\"}, {\"id\": \"9c427486-cb06-4acf-8419-079675001d3d\", \"sku\": \"W-HA002\", \"name\": \"Classic Fedora Hat\", \"type\": \"product\", \"urls\": null, \"image\": \"/9j/4AAQSkZJRgABAQEAYABgAAD//gA7Q1JFQVRPUjogZ2QtanBlZyB2MS4wICh1c2luZyBJSkcgSlBFRyB2ODApLCBxdWFsaXR5ID0gODAK/9sAQwAGBAUGBQQGBgUGBwcGCAoQCgoJCQoUDg8MEBcUGBgXFBYWGh0lHxobIxwWFiAsICMmJykqKRkfLTAtKDAlKCko/9sAQwEHBwcKCAoTCgoTKBoWGigoKCgoKCgoKCgoKCgoKCgoKCgoKCgoKCgoKCgoKCgoKCgoKCgoKCgoKCgoKCgoKCgo/8AAEQgAMgAyAwEiAAIRAQMRAf/EAB8AAAEFAQEBAQEBAAAAAAAAAAABAgMEBQYHCAkKC//EALUQAAIBAwMCBAMFBQQEAAABfQECAwAEEQUSITFBBhNRYQcicRQygZGhCCNCscEVUtHwJDNicoIJChYXGBkaJSYnKCkqNDU2Nzg5OkNERUZHSElKU1RVVldYWVpjZGVmZ2hpanN0dXZ3eHl6g4SFhoeIiYqSk5SVlpeYmZqio6Slpqeoqaqys7S1tre4ubrCw8TFxsfIycrS09TV1tfY2drh4uPk5ebn6Onq8fLz9PX29/j5+v/EAB8BAAMBAQEBAQEBAQEAAAAAAAABAgMEBQYHCAkKC//EALURAAIBAgQEAwQHBQQEAAECdwABAgMRBAUhMQYSQVEHYXETIjKBCBRCkaGxwQkjM1LwFWJy0QoWJDThJfEXGBkaJicoKSo1Njc4OTpDREVGR0hJSlNUVVZXWFlaY2RlZmdoaWpzdHV2d3h5eoKDhIWGh4iJipKTlJWWl5iZmqKjpKWmp6ipqrKztLW2t7i5usLDxMXGx8jJytLT1NXW19jZ2uLj5OXm5+jp6vLz9PX29/j5+v/aAAwDAQACEQMRAD8A6nFZOoa/p1ixWSfzJB/BENx/wFc7rWrXOoO0cTtDa9Ao4LD3/wAKw5LXA+Uc1aRKidBeeOo0LLaafJM45w0gXH14OKztP8ZXd3q6TRWsi6fsO+N2GA3sep5HpjFef34ZXunvrp0/esI4YjtJx0JP5Vp+F7yWXT4w7iWUZDtnqfWonLlWh9HkGWYfGYjkr3t/X9afeeo6Tr7Xt+IJokjVwdmCc59DW+RXlFzdpYx/armdbdIyCHY4we2PevRPDepNrOlwX6tEYJV+XZnJPQk+n0/WlF3OrirKcPgakJ4dpJrWN9fX5/oaOKKdRVnyBw4hJHSmtCAMn8639T0/7PKXjH7ljn/dPpWVcRFgqKcEnFXdWuapX2OJ1LQRNM09yyzAcgDIJP4dqWxvbaIiy07y2lztG0fKD6D1P0rrvHnheSPw6x0+ebzTaT3Ty9h5aqdvtncf++a8z+GN3Yw63pxvYk820mBfIPzLjAbgE+n+TXFUqcyvE+my/GzwMPZ0l78t32XRIpeKNEurm+F1c3cl1CrFWUjHlH0x2/ECvSfgus0NpeQeYWtQ2VU9m9fbj+Vdn8TNQ05/BN0m5VN5H5cRCbDIxGARnnj19q4H4MmbT7m70+4Z3jlQSQyMpAcrwcHv1FRRqOT1PLx8W3KUtW97nqm2il59qK7TyB7KGUqwBU8EGuZ1/SLpUMunAydymcMPp6101GaW6sVGTi7oq2d6J/BOoG64/wBHeN1bjBIKnNfOGn2ktv4ria3B3xFgGjPX5SMj8cYr6EuIPtcWtaeOfOh3qvqev8xXL+F/C6RP5sygyM53HHQAkY/SvPg+WTgexP34qfc5u10q81nxRpn/AAk073TynCwFycIOcn/AV9D6rounp4eijS3jRowDGQOVI6EV5YbR7f4h6adnBjOT6dP8f0r1/VJMWK56AVhVdpW7GkVdepxdFMZyWJ55NFemqiaPGdJp2Je9AoorQyKNn/yNB/69l/8AQmq5pSjzFGBjn+dFFef/AMvpHsw/gRILlR/wnVrwPuGu41YA28IIBBI4NFFYVf4j+RrT+BHKTKBM4AAAY4Aooor1Y7I8aW7P/9k=\", \"amount\": 3, \"full_price\": \"55.50\", \"product_id\": \"9c427465-39d5-4c6e-a3a2-867819f62e05\", \"unit_price\": \"18.50\", \"final_price\": \"55.50\", \"unit_discount\": \"0.00\", \"total_discount\": \"0.00\", \"original_unit_price\": \"18.50\"}, {\"id\": \"9c427486-c633-481a-9459-8c511fd7a641\", \"sku\": \"M-SG002\", \"name\": \"Sporty Wraparound Sunglasses\", \"type\": \"product\", \"urls\": null, \"image\": \"/9j/4AAQSkZJRgABAQEAYABgAAD//gA7Q1JFQVRPUjogZ2QtanBlZyB2MS4wICh1c2luZyBJSkcgSlBFRyB2ODApLCBxdWFsaXR5ID0gODAK/9sAQwAGBAUGBQQGBgUGBwcGCAoQCgoJCQoUDg8MEBcUGBgXFBYWGh0lHxobIxwWFiAsICMmJykqKRkfLTAtKDAlKCko/9sAQwEHBwcKCAoTCgoTKBoWGigoKCgoKCgoKCgoKCgoKCgoKCgoKCgoKCgoKCgoKCgoKCgoKCgoKCgoKCgoKCgoKCgo/8AAEQgAMgAyAwEiAAIRAQMRAf/EAB8AAAEFAQEBAQEBAAAAAAAAAAABAgMEBQYHCAkKC//EALUQAAIBAwMCBAMFBQQEAAABfQECAwAEEQUSITFBBhNRYQcicRQygZGhCCNCscEVUtHwJDNicoIJChYXGBkaJSYnKCkqNDU2Nzg5OkNERUZHSElKU1RVVldYWVpjZGVmZ2hpanN0dXZ3eHl6g4SFhoeIiYqSk5SVlpeYmZqio6Slpqeoqaqys7S1tre4ubrCw8TFxsfIycrS09TV1tfY2drh4uPk5ebn6Onq8fLz9PX29/j5+v/EAB8BAAMBAQEBAQEBAQEAAAAAAAABAgMEBQYHCAkKC//EALURAAIBAgQEAwQHBQQEAAECdwABAgMRBAUhMQYSQVEHYXETIjKBCBRCkaGxwQkjM1LwFWJy0QoWJDThJfEXGBkaJicoKSo1Njc4OTpDREVGR0hJSlNUVVZXWFlaY2RlZmdoaWpzdHV2d3h5eoKDhIWGh4iJipKTlJWWl5iZmqKjpKWmp6ipqrKztLW2t7i5usLDxMXGx8jJytLT1NXW19jZ2uLj5OXm5+jp6vLz9PX29/j5+v/aAAwDAQACEQMRAD8A+qaKKgvLy2soTNeXENvEOryuEUfiaAJ6K5638Z+H57mOGLUoz5r+XHKUdYZG7KspGwk9gDk10NABRRUD3tql7HZvcwLdyKXSAyAOyjqQvUigCeiiigDwz41+LfFWi+KBpunXotNLkto50aFAJHyWV13kEggqDkf3hWD4Y+JPgnSLj7V4i0TUzrCrkXc8xv8Ad7qzkbT/AMBH1r1D4y+EbjxLoUVzpcQl1Sx3GOLIBmjbG9ATwDlVIz3XHGc15L8Lvh5qWv6rqv8Abdpfabpn2GaylWeJomleTGAFYDIUgPnplVoA7fUfjX4dvbea1uPD2qXVnKpR45kgIcHsVMh4rK0L43eEfDUElnev4mWBpC1ul7Ckvkpx+7V1YllHbcSR0rx+70+/0G+uNI1tSmpWjFJM9HXPyuvqrDkH+oNavgKBLz4i+FFaJZtuoK+0jPRWOfwxn8KdgPoIeI/EviyNB4T0x9K06UAnVNTTaxU944ep9ieK1v8AhCrO2tkk04hdZFxFctqdwPNmlZSA29upBTcu0EABuMV1lFIAooooAKKKKAMLxR4R0HxTHEmv6bDeeVny3bKumeu11IYfgaoeFfh54Z8K373uiad5VyylRJLM8zKD1CtIWK59jXWUUAFFFFABRRRQAUUUUAFFFFABRRRQAUUUUAf/2Q==\", \"amount\": 4, \"full_price\": \"78.00\", \"product_id\": \"9c42746f-e905-4763-881f-0eefcb60f795\", \"unit_price\": \"17.50\", \"final_price\": \"70.00\", \"unit_discount\": \"2.00\", \"total_discount\": \"8.00\", \"original_unit_price\": \"19.50\"}, {\"id\": \"9c427486-e061-4e9d-949f-edc16b611359\", \"sku\": \"M-BR001\", \"name\": \"Leather Cuff Bracelet\", \"type\": \"product\", \"urls\": null, \"image\": \"/9j/4AAQSkZJRgABAQEAYABgAAD//gA7Q1JFQVRPUjogZ2QtanBlZyB2MS4wICh1c2luZyBJSkcgSlBFRyB2ODApLCBxdWFsaXR5ID0gODAK/9sAQwAGBAUGBQQGBgUGBwcGCAoQCgoJCQoUDg8MEBcUGBgXFBYWGh0lHxobIxwWFiAsICMmJykqKRkfLTAtKDAlKCko/9sAQwEHBwcKCAoTCgoTKBoWGigoKCgoKCgoKCgoKCgoKCgoKCgoKCgoKCgoKCgoKCgoKCgoKCgoKCgoKCgoKCgoKCgo/8AAEQgAMgAyAwEiAAIRAQMRAf/EAB8AAAEFAQEBAQEBAAAAAAAAAAABAgMEBQYHCAkKC//EALUQAAIBAwMCBAMFBQQEAAABfQECAwAEEQUSITFBBhNRYQcicRQygZGhCCNCscEVUtHwJDNicoIJChYXGBkaJSYnKCkqNDU2Nzg5OkNERUZHSElKU1RVVldYWVpjZGVmZ2hpanN0dXZ3eHl6g4SFhoeIiYqSk5SVlpeYmZqio6Slpqeoqaqys7S1tre4ubrCw8TFxsfIycrS09TV1tfY2drh4uPk5ebn6Onq8fLz9PX29/j5+v/EAB8BAAMBAQEBAQEBAQEAAAAAAAABAgMEBQYHCAkKC//EALURAAIBAgQEAwQHBQQEAAECdwABAgMRBAUhMQYSQVEHYXETIjKBCBRCkaGxwQkjM1LwFWJy0QoWJDThJfEXGBkaJicoKSo1Njc4OTpDREVGR0hJSlNUVVZXWFlaY2RlZmdoaWpzdHV2d3h5eoKDhIWGh4iJipKTlJWWl5iZmqKjpKWmp6ipqrKztLW2t7i5usLDxMXGx8jJytLT1NXW19jZ2uLj5OXm5+jp6vLz9PX29/j5+v/aAAwDAQACEQMRAD8A+qa+d1+M+qy/HZNDgMbeHmvhpfk+WNxfds8wN1+/+GO2ea+iK+FPC/Px6sFycf8ACRKf/JigD7rorE8TeKdJ8OW5k1O6VXxlYUIMjfQf1PFeS6t8fJLPUI0g8NvLascZNzh2HqBtwKAPdaKyPCviGy8TaPDqOnmRUcfNHKu1427qw9a16ACiiigBHZURncgKoySewr8/dUv7L/hLr240yW5iumvXngvI2IKkuSOByuOORzxX6BSIsiMjgMjAgg9xX56eP/Dk3hHxtqekTuiNBK7Rtu3Fo+WQ4GcErjg+v40dQO18M6frep3VzPPe5uGjPlvOd+5vUE557Z7ZrrfC8GlQL9sumkmv8FZGuG3MjA4II9iMVozqmqfB3R/FGkusl1p0K2t6UGPMVPlVyPXGAfr/ALNeP3PiN5ryV1Yq0nLY7kcZ/LH5VSYHvehfECx0LXbeVnCWszCK5UHjaeA/1H6ivflIZQVIIPII71+dGqahNO4YMc9DX278D9Zk1z4W6BdXDFp0hNu5PUmNigJ9yFB/Gkw3O6ooopAFfP37Uvw2Gtac3jCwnt7e6023K3SSnb50YPy7T/eGSMHrkDsAfoGsLxz4atvGHhPUdBvZHigvIwvmJ1RgwZW98MoOO9AHxJ8O/iDfeENJ1fS4Y4LvTtUi8uWG4BIRsYLLgjnBI/L0rn7qwkhuZJEBMauVB9s4/lXZeJ/gv4u8O6qLc2D3loXwl3bIXQrnqcDKn2NeyeEfgzNqNij62rWMMnzFc/vcewH3fx59qYHiXhvwXc6jqCQS4EpXeYurBfU+g9zX2D8KfD7+GfBFjp8qlJMvKyH+HcxIH1xitLwx4U0XwzaC30exjhzy0hG6Rz6sx5JrcpXAKKKKACiiigAooooAKKKKACiiigD/2Q==\", \"amount\": 8, \"full_price\": \"151.92\", \"product_id\": \"9c427473-53e1-4ecf-b548-b429632e6501\", \"unit_price\": \"16.99\", \"final_price\": \"135.92\", \"unit_discount\": \"2.00\", \"total_discount\": \"16.00\", \"original_unit_price\": \"18.99\"}, {\"id\": \"9c427486-d8af-47e0-977d-98f3019937bf\", \"sku\": \"M-BR003\", \"name\": \"Beaded Charm Bracelet\", \"type\": \"product\", \"urls\": null, \"image\": \"/9j/4AAQSkZJRgABAQEAYABgAAD//gA7Q1JFQVRPUjogZ2QtanBlZyB2MS4wICh1c2luZyBJSkcgSlBFRyB2ODApLCBxdWFsaXR5ID0gODAK/9sAQwAGBAUGBQQGBgUGBwcGCAoQCgoJCQoUDg8MEBcUGBgXFBYWGh0lHxobIxwWFiAsICMmJykqKRkfLTAtKDAlKCko/9sAQwEHBwcKCAoTCgoTKBoWGigoKCgoKCgoKCgoKCgoKCgoKCgoKCgoKCgoKCgoKCgoKCgoKCgoKCgoKCgoKCgoKCgo/8AAEQgAMgAyAwEiAAIRAQMRAf/EAB8AAAEFAQEBAQEBAAAAAAAAAAABAgMEBQYHCAkKC//EALUQAAIBAwMCBAMFBQQEAAABfQECAwAEEQUSITFBBhNRYQcicRQygZGhCCNCscEVUtHwJDNicoIJChYXGBkaJSYnKCkqNDU2Nzg5OkNERUZHSElKU1RVVldYWVpjZGVmZ2hpanN0dXZ3eHl6g4SFhoeIiYqSk5SVlpeYmZqio6Slpqeoqaqys7S1tre4ubrCw8TFxsfIycrS09TV1tfY2drh4uPk5ebn6Onq8fLz9PX29/j5+v/EAB8BAAMBAQEBAQEBAQEAAAAAAAABAgMEBQYHCAkKC//EALURAAIBAgQEAwQHBQQEAAECdwABAgMRBAUhMQYSQVEHYXETIjKBCBRCkaGxwQkjM1LwFWJy0QoWJDThJfEXGBkaJicoKSo1Njc4OTpDREVGR0hJSlNUVVZXWFlaY2RlZmdoaWpzdHV2d3h5eoKDhIWGh4iJipKTlJWWl5iZmqKjpKWmp6ipqrKztLW2t7i5usLDxMXGx8jJytLT1NXW19jZ2uLj5OXm5+jp6vLz9PX29/j5+v/aAAwDAQACEQMRAD8A+qaKKKQBRRRQAUUUUAFFFFAHNePPGWneDdLS61DfJNKSsECD5pSMZ57AZGTXi8vjj4neN7nHg+xWz090kQTCMKuexLPkhu3y45rtP2g/Cd74j0O0utM+a808uyRHJEisBuAA/i+UY/GvHfBPxC8c6NpkGn2VpcmD7UY0Eln5jqE+8nqTk4wSDngY6VpFK3mSzvovh18UtRhd9T8ZGB5YY1MS3D4UhgSDtGDwOowSSfxvf8Kx8exLO9t47mE0s0UhcyP8wXOc8c9sduOc9qng74u674i8YX2h6hpMUEYSTcoibdAVP3Wz1zyDkDn8q2/EfxJsvh5pu2az+0NIR5NrEREqjBJOeQBx0A7isZVnGoqZagnHmOb1G1+NHhWHz7e+i1qCPzZHB2yfQAHDHjBA7cjHr13wn+Kv/CU3MWja5Zmz1sBhlfuSlRluDyjcE456de1cRrP7ScIDJpWjAEx43zyFtj4BJ2gDKjJxyM47dKz/AIRWGs+LfiTD4puIpLe0T/SWkCbVdzlBGO3AHJ7dD1rbdakbbH05RRRWZQjorjDqGHoRWDeeD9Bu/NMmmwJJKctJEuxyfXcMGt+igDlIPAml2wxZXGo2wJywjumIY9shsg1l+JPhZpHiO3EGq3+qSxg7gPMQYPqMJXf0UuVXv1Hfoec6T8GPBWnTrL/ZZumWPy1F1IZFVfZTx+ld7p9haadax21hbQ21vGu1I4kCqo9ABVmimIKKKKACiiigAooooAKKKKACiiigD//Z\", \"amount\": 4, \"full_price\": \"99.96\", \"product_id\": \"9c427476-fc83-4e6d-9208-28e308d4e179\", \"unit_price\": \"22.99\", \"final_price\": \"91.96\", \"unit_discount\": \"2.00\", \"total_discount\": \"8.00\", \"original_unit_price\": \"24.99\"}]',NULL,'{\"id\": \"9c4273ec-bcf9-4b26-ab32-2cb9674ab238\", \"name\": {\"de\": \"Lokal (kostenlos bis 10 kg)\", \"en\": \"Local (free up to 10kg)\", \"fr\": \"Local (gratuit jusqu&#39;à 10kg)\"}, \"slug\": \"local-small-1\", \"price\": 0, \"enabled\": true, \"created_at\": \"2024-06-11T07:51:06.000000Z\", \"deleted_at\": null, \"updated_at\": \"2024-06-11T07:51:06.000000Z\", \"description\": {\"de\": \"Sie genießen eine kostenlose Lieferung im Umkreis von 5 km von unserem Lager.\", \"en\": \"You enjoy free delivery within 5km range from our warehouse.\", \"fr\": \"Vous bénéficiez d&#39;une livraison gratuite dans un rayon de 5 km depuis notre entrepôt.\"}, \"enabled_by_default_on_creation\": true}','{\"delivery\": 0, \"subtotal\": 2434.06, \"total_payable\": 2434.06, \"applied_discount\": 32}',1,'eleanor-holmes-lake-henry',NULL,'2024-06-11 07:52:51','2024-06-11 07:52:51'),('9c42748c-385c-4317-a627-3b6f29f59e3c','9c4273cd-5665-41d5-a1bf-ebfd8979aee4','9c427485-3a35-4861-be79-d197eafd658a','{\"id\": \"9c427485-0e76-4da6-85fa-d77e2a4c008a\", \"lat\": \"-68.236771\", \"lon\": \"172.849723\", \"name\": null, \"slug\": \"gavin-holmes-beckyborough\", \"town\": \"Beckyborough\", \"country\": \"UK\", \"user_id\": \"9c4273cd-5665-41d5-a1bf-ebfd8979aee4\", \"post_code\": \"EH26 0LE\", \"created_at\": \"2024-06-11T07:52:46.000000Z\", \"deleted_at\": null, \"updated_at\": \"2024-06-11T07:52:46.000000Z\", \"address_line_1\": \"Flat 61u Scott Coves\", \"address_line_2\": null, \"google_maps_url\": \"https://www.google.com/maps/@-68.236771,172.849723,14z\"}','{\"amount\": \"805.60\", \"source\": {\"id\": \"9c427485-17e4-457c-b3fe-6cb3c04f8b0e\", \"name\": \"qui et\", \"slug\": \"holmes-qui-et\", \"brand\": \"american express\", \"user_id\": \"9c4273cd-5665-41d5-a1bf-ebfd8979aee4\", \"exp_year\": \"2024\", \"exp_month\": \"1\", \"last_four\": \"9460\", \"source_id\": \"3sgpFgsn5nuHG7DAsCnAvavFBNyzg29XIBfeDnlfuC6dxuvKaupaUmt7U7qTULXsGVNfTnVEocDmiHcRyn0rKaWSGmgR5hgriqEazr6i6zVrEySDGbmxT0KZO4yp2n3XH0pdn5Xr8FOAqXvGxyDWpf\", \"created_at\": \"2024-06-11T07:52:46.000000Z\", \"deleted_at\": null, \"updated_at\": \"2024-06-11T07:52:46.000000Z\", \"stripe_user_id\": \"e0nRpC2lXYKoLdhqiLqDuu8D8z3K37WPRs50ENXWj0gmZelrTXykgAyV0K1NwXto6qGIhnDIONqq6vYqNx2pdRruXJlrVmJdh9JdaRShrJdT1EWMYUy77Gf3\", \"payment_method_id\": 1}, \"created_at\": \"11-06-2024 07:52\", \"payment_ref\": \"Gzz1AMNiee\"}','[{\"id\": \"9c427486-efce-4966-998b-c1f740f83581\", \"sku\": \"W-P002\", \"name\": \"Sporty Performance Polo - (Size) M\", \"type\": \"product_variant\", \"urls\": null, \"image\": \"/9j/4AAQSkZJRgABAQEAYABgAAD//gA7Q1JFQVRPUjogZ2QtanBlZyB2MS4wICh1c2luZyBJSkcgSlBFRyB2ODApLCBxdWFsaXR5ID0gODAK/9sAQwAGBAUGBQQGBgUGBwcGCAoQCgoJCQoUDg8MEBcUGBgXFBYWGh0lHxobIxwWFiAsICMmJykqKRkfLTAtKDAlKCko/9sAQwEHBwcKCAoTCgoTKBoWGigoKCgoKCgoKCgoKCgoKCgoKCgoKCgoKCgoKCgoKCgoKCgoKCgoKCgoKCgoKCgoKCgo/8AAEQgAMgAyAwEiAAIRAQMRAf/EAB8AAAEFAQEBAQEBAAAAAAAAAAABAgMEBQYHCAkKC//EALUQAAIBAwMCBAMFBQQEAAABfQECAwAEEQUSITFBBhNRYQcicRQygZGhCCNCscEVUtHwJDNicoIJChYXGBkaJSYnKCkqNDU2Nzg5OkNERUZHSElKU1RVVldYWVpjZGVmZ2hpanN0dXZ3eHl6g4SFhoeIiYqSk5SVlpeYmZqio6Slpqeoqaqys7S1tre4ubrCw8TFxsfIycrS09TV1tfY2drh4uPk5ebn6Onq8fLz9PX29/j5+v/EAB8BAAMBAQEBAQEBAQEAAAAAAAABAgMEBQYHCAkKC//EALURAAIBAgQEAwQHBQQEAAECdwABAgMRBAUhMQYSQVEHYXETIjKBCBRCkaGxwQkjM1LwFWJy0QoWJDThJfEXGBkaJicoKSo1Njc4OTpDREVGR0hJSlNUVVZXWFlaY2RlZmdoaWpzdHV2d3h5eoKDhIWGh4iJipKTlJWWl5iZmqKjpKWmp6ipqrKztLW2t7i5usLDxMXGx8jJytLT1NXW19jZ2uLj5OXm5+jp6vLz9PX29/j5+v/aAAwDAQACEQMRAD8A8y8PWDMUwCS/AwPzr6A8E6fFb6aLeNDI8gAOckE4/LvXjHw7mSa/iF3m3jDgAlsb8jt6cA/pXS6z8WYvDuprBZ2/2+xjba8hfkDuFGMZB7557V4NWFWpPlijouktTt/E/iGW48VJ4K0GSytLxYPtN/fXJAS2TICgZ6sSy/TI6dRmeE/E99pni+78G6jrEWou8Rkhu4UVSzLnfGcE4x1654Oa4Xwb44j1X4uW+rQ2jSS3y/Y5FaMY8sEFHbOeQQo4PYdKyfGmraxafFDTtXlsLhYbKRxC7QBRISW6lRg5zjNddGEoRVPyNoqKiptdT27xDFdGHytPQrkfM69c+1ccfACSzi41GVnPLEZ6/wCeT+VcxJ8aNTCrmxtck44Q/wDxVQWnxc1rV9QgtLe1tYpbgZG5S3bPr7elCpyWxo5Um7ydzfm8J24lfYqKu44G3oKKyJvE/iBJnQ/YSVYj/UH/AOKopWkVzUTm9Xt5dGna0STZJb2+G2nkMz4PP+6BXJ6kgkg2t0LAHH1r2KP4jaKJQ8vhHSriWXAZ5EVicDjJIPbFaFr470W4miWPwTojA8YFshb2x8vWnDFSitYfkcMopvc9e8M/DvwzaWwvdGsRp08qiN5ITkkKfu/PnjKg8Yzir2qx6X4U0S51m4D+YkW+R3YyN64UEnHPYcVk+F9W1O4hnV7kRRwyFEUx8nABOfzP5V5l8cdT1a5CWM94PsbEB0XgnPHWvVjJSjzoxmnFuDOA+L8LXuvWmqrCFN6iyMQoXPIIJ98H9K4bwgWi8VaHKq7gJoQR7EgH+dexNq2l6VZW2o61oa6nZzW8UMImOdjKDnB+hFZh8c+CVvYHtvBFpFcRMpR0crtI6HivNnibybjF2N3T5PdbMrU79F1K7Gekrj9TRVa/1/R5764l/siceZIzYE/Ayc/3aKjm8mM5CKYM6gkZ6jmus8Fzu/iXR40USA3UYIPI++OK5W30XU2OY4GbP+wwx+ldR4M0TVrbWorq6jSKCJZXyzY52Ntz+OKqSi9Lijuj6gttS0eQywabqWl3U6sfPEd3GWB6lQufwJP09a87+JOiTXVvLdT7BucLGNwLMx7KPbrXz1quoNatLIuN0nysduOPwqlpMdybj7TY3M0UpJZpIXZSM+4Ir1lTa9xbHM5J+91PSvGN0X+Gvh2GTChGnBz6h8fyry5phHOhUg812/iKyv8A/hCNAtzGWfbJccP0UsQOvXPBrz65tbyJ/ngZceteZCCV1c66t3Z+SNVplLE5PJoqiEmIB2/rRT5TM+19NsLPycfZLf8A79r/AIVn+PbO2j8I6g0dvCrBAQVQAjkUUV5S+NGkfjXqfHXiL/WTDtuNdb4ljS31+ZIEWJPJhO1BtGTGuTxRRX1H/L1ej/Q4Xsdf4K/f+J9Hgm/eQjT2by35XO0c46V1muWNptf/AEWD/v2KKK+er/xf67ndW+JeiOQNrb5P7iL/AL4FFFFIzP/Z\", \"amount\": 2, \"full_price\": \"39.00\", \"product_id\": \"9c427410-66d7-441a-8e70-d6d91f6923bc\", \"unit_price\": \"19.50\", \"final_price\": \"39.00\", \"unit_discount\": \"0.00\", \"total_discount\": \"0.00\", \"product_variant_id\": \"9c42747d-58fb-4d26-961b-5e5c7ea80164\", \"original_unit_price\": \"19.50\"}, {\"id\": \"9c427486-ea55-4151-92f0-813a3c966497\", \"sku\": \"W-TR001\", \"name\": \"Classic Dress Trousers - (Size) XS\", \"type\": \"product_variant\", \"urls\": null, \"image\": \"/9j/4AAQSkZJRgABAQEAYABgAAD//gA7Q1JFQVRPUjogZ2QtanBlZyB2MS4wICh1c2luZyBJSkcgSlBFRyB2ODApLCBxdWFsaXR5ID0gODAK/9sAQwAGBAUGBQQGBgUGBwcGCAoQCgoJCQoUDg8MEBcUGBgXFBYWGh0lHxobIxwWFiAsICMmJykqKRkfLTAtKDAlKCko/9sAQwEHBwcKCAoTCgoTKBoWGigoKCgoKCgoKCgoKCgoKCgoKCgoKCgoKCgoKCgoKCgoKCgoKCgoKCgoKCgoKCgoKCgo/8AAEQgAMgAyAwEiAAIRAQMRAf/EAB8AAAEFAQEBAQEBAAAAAAAAAAABAgMEBQYHCAkKC//EALUQAAIBAwMCBAMFBQQEAAABfQECAwAEEQUSITFBBhNRYQcicRQygZGhCCNCscEVUtHwJDNicoIJChYXGBkaJSYnKCkqNDU2Nzg5OkNERUZHSElKU1RVVldYWVpjZGVmZ2hpanN0dXZ3eHl6g4SFhoeIiYqSk5SVlpeYmZqio6Slpqeoqaqys7S1tre4ubrCw8TFxsfIycrS09TV1tfY2drh4uPk5ebn6Onq8fLz9PX29/j5+v/EAB8BAAMBAQEBAQEBAQEAAAAAAAABAgMEBQYHCAkKC//EALURAAIBAgQEAwQHBQQEAAECdwABAgMRBAUhMQYSQVEHYXETIjKBCBRCkaGxwQkjM1LwFWJy0QoWJDThJfEXGBkaJicoKSo1Njc4OTpDREVGR0hJSlNUVVZXWFlaY2RlZmdoaWpzdHV2d3h5eoKDhIWGh4iJipKTlJWWl5iZmqKjpKWmp6ipqrKztLW2t7i5usLDxMXGx8jJytLT1NXW19jZ2uLj5OXm5+jp6vLz9PX29/j5+v/aAAwDAQACEQMRAD8A7yGOrZUiNivUDIpkK1YkU+RJjOdpxjr0qgPlXw54JvfEujC6tYpWmmuDI0gXdwq8dSPvMzd/4a7jRvgpq2oQzB5XRgdhRkjXPH97zD7dj1r0n4U6RZ213dabptzcJbW8CIqE7grEbmPPqWP4YrqNNk1CLVNT01Z4Umgfh87i5KKRwR8o6dz3+tQ8RNN8rsmdKwsLWmrtepzXhb+0n8OWa65az2upRKYp0mTaSykruHYg4zkcc1ZuE4rbuoHhPlSvvdOCdxPPU8nnrmsu4Wne+pzySi7Io7T6UVPtooEbUNXIhVCFxV2JxVMDP8OWtvpfjR4rVDHFPbB9u4kBtzZwD0HTgcVn2jNH8TNbYHh/LfGf9gD+lP1iSS08SWl7AzF/IZNpPykZ/wDrj8qpWVyz/EHUYwwO+CN246EKB/7MKwlud1O/Ld9jpbnLszHqTms64WtKUiqFxg1qcJV2e1FTgCigCeKBverkUDe9XRo98p+Xy2/GrUFlfxn5rZHHtIKsRzmu26wxQ3MzBVjJXLHA+Yf4gVznhW1e88X3moQjfbXUW6KVehUEDH1+WtL412viO48L2lp4d068N3Jdxsz2/wA+FUE4OOnzBeTxVL4D6hd3Oqaro+p6VLaPaKJId8bKUGcFWzxn5hjHoazcbu50wqWg0/M7RtMkPrUEmjO3Y1362a/3akFip/hFWcx5z/YsnoaK9G+wL/doo0AorUsdFFAEh6VNB1oooGWUqVaKKTAdRRRSA//Z\", \"amount\": 5, \"full_price\": \"149.95\", \"product_id\": \"9c42741f-c8c5-4197-b78a-2aec13df1767\", \"unit_price\": \"29.99\", \"final_price\": \"149.95\", \"unit_discount\": \"0.00\", \"total_discount\": \"0.00\", \"product_variant_id\": \"9c42747d-a74c-49fa-b695-0538091660d4\", \"original_unit_price\": \"29.99\"}, {\"id\": \"9c427486-e5b9-41c9-a6a0-25df960fc3cd\", \"sku\": \"W-TR003\", \"name\": \"Sporty Track Pants - (Size) XS\", \"type\": \"product_variant\", \"urls\": null, \"image\": \"/9j/4AAQSkZJRgABAQEAYABgAAD//gA7Q1JFQVRPUjogZ2QtanBlZyB2MS4wICh1c2luZyBJSkcgSlBFRyB2ODApLCBxdWFsaXR5ID0gODAK/9sAQwAGBAUGBQQGBgUGBwcGCAoQCgoJCQoUDg8MEBcUGBgXFBYWGh0lHxobIxwWFiAsICMmJykqKRkfLTAtKDAlKCko/9sAQwEHBwcKCAoTCgoTKBoWGigoKCgoKCgoKCgoKCgoKCgoKCgoKCgoKCgoKCgoKCgoKCgoKCgoKCgoKCgoKCgoKCgo/8AAEQgAMgAyAwEiAAIRAQMRAf/EAB8AAAEFAQEBAQEBAAAAAAAAAAABAgMEBQYHCAkKC//EALUQAAIBAwMCBAMFBQQEAAABfQECAwAEEQUSITFBBhNRYQcicRQygZGhCCNCscEVUtHwJDNicoIJChYXGBkaJSYnKCkqNDU2Nzg5OkNERUZHSElKU1RVVldYWVpjZGVmZ2hpanN0dXZ3eHl6g4SFhoeIiYqSk5SVlpeYmZqio6Slpqeoqaqys7S1tre4ubrCw8TFxsfIycrS09TV1tfY2drh4uPk5ebn6Onq8fLz9PX29/j5+v/EAB8BAAMBAQEBAQEBAQEAAAAAAAABAgMEBQYHCAkKC//EALURAAIBAgQEAwQHBQQEAAECdwABAgMRBAUhMQYSQVEHYXETIjKBCBRCkaGxwQkjM1LwFWJy0QoWJDThJfEXGBkaJicoKSo1Njc4OTpDREVGR0hJSlNUVVZXWFlaY2RlZmdoaWpzdHV2d3h5eoKDhIWGh4iJipKTlJWWl5iZmqKjpKWmp6ipqrKztLW2t7i5usLDxMXGx8jJytLT1NXW19jZ2uLj5OXm5+jp6vLz9PX29/j5+v/aAAwDAQACEQMRAD8A3LGDpxW1bwDHSqlgnA4rat06cUizlPEtzqem+INDms7R7mzecRSRohYsWDKex5AYEe4HrmptD8Pavpeu6/LqFmq2k0iSrcCVdiqqBQuMDknJ6D6V6f4UuVjultNis0yyMob1G3/GqPxVlmj0F4LURBj+9baTkhCGIx3GAaxUHzOSZ0e0XKqbRyssAqpND7VpxHzbWGTBBZASD24qCRc1rcx20M7yKKu+WPSimA2wHArYtx0rIsegrYg7UEmT4p8Wy+GjbtaTRQzorMTIoIKsQO/+7Xn178UdZ1bUbeS8uLFrGKTbKY4sZj3YIHJ5Irf+Ltup06CbaNxV0JP5/wCNeNeB41vdU0LT5EAAv1LqBjK7t38jXXThD2e3czcnzH0uoYQJ5nDkZb6nrVaXrV246VQlPNca0Nr31EyKKi3e1FMQ2xkQAc1sQSJxzV230UKB8lX49KAH3adibnnfxXUP4SeWPG6KQN+BBH8yK8T+GDNN4/0RigGckn3VG/8Aia+i/ibpLSeB9U8pMvGiy49QrAn9Aa8K+DWnlvHNrPMypBaQSsXdgvJG3GDzn5q6YNKk7kPV6HvM8ikVnzyDnFX7ma15CSq3+7zWfJ8+RGrn8K5bGiZB5g9aKd9nn/55t+VFFh3PVUAx0FSY4ooqzMyvFChvD+phgCDaygg9/kNfOvgy2gHxUnUQxbfso42DH36KKr7I49T6Gs7S2SJdtvCvHZAKmMUY6RoPwFFFQIi2L/dX8qKKKAP/2Q==\", \"amount\": 7, \"full_price\": \"160.93\", \"product_id\": \"9c427423-8dc7-4a04-8a33-d838f1989a0d\", \"unit_price\": \"22.99\", \"final_price\": \"160.93\", \"unit_discount\": \"0.00\", \"total_discount\": \"0.00\", \"product_variant_id\": \"9c42747d-b8fa-448b-875d-840d2d0d35e4\", \"original_unit_price\": \"22.99\"}, {\"id\": \"9c427486-f726-4edf-b7e6-fca78ce7862f\", \"sku\": \"W-SN002\", \"name\": \"Sporty Running Sneakers - (Size) 8, (Colour) Bright Green\", \"type\": \"product_variant\", \"urls\": null, \"image\": \"/9j/4AAQSkZJRgABAQEAYABgAAD//gA7Q1JFQVRPUjogZ2QtanBlZyB2MS4wICh1c2luZyBJSkcgSlBFRyB2ODApLCBxdWFsaXR5ID0gODAK/9sAQwAGBAUGBQQGBgUGBwcGCAoQCgoJCQoUDg8MEBcUGBgXFBYWGh0lHxobIxwWFiAsICMmJykqKRkfLTAtKDAlKCko/9sAQwEHBwcKCAoTCgoTKBoWGigoKCgoKCgoKCgoKCgoKCgoKCgoKCgoKCgoKCgoKCgoKCgoKCgoKCgoKCgoKCgoKCgo/8AAEQgAMgAyAwEiAAIRAQMRAf/EAB8AAAEFAQEBAQEBAAAAAAAAAAABAgMEBQYHCAkKC//EALUQAAIBAwMCBAMFBQQEAAABfQECAwAEEQUSITFBBhNRYQcicRQygZGhCCNCscEVUtHwJDNicoIJChYXGBkaJSYnKCkqNDU2Nzg5OkNERUZHSElKU1RVVldYWVpjZGVmZ2hpanN0dXZ3eHl6g4SFhoeIiYqSk5SVlpeYmZqio6Slpqeoqaqys7S1tre4ubrCw8TFxsfIycrS09TV1tfY2drh4uPk5ebn6Onq8fLz9PX29/j5+v/EAB8BAAMBAQEBAQEBAQEAAAAAAAABAgMEBQYHCAkKC//EALURAAIBAgQEAwQHBQQEAAECdwABAgMRBAUhMQYSQVEHYXETIjKBCBRCkaGxwQkjM1LwFWJy0QoWJDThJfEXGBkaJicoKSo1Njc4OTpDREVGR0hJSlNUVVZXWFlaY2RlZmdoaWpzdHV2d3h5eoKDhIWGh4iJipKTlJWWl5iZmqKjpKWmp6ipqrKztLW2t7i5usLDxMXGx8jJytLT1NXW19jZ2uLj5OXm5+jp6vLz9PX29/j5+v/aAAwDAQACEQMRAD8AzbSJV4hiye7Ma0YLRdwdHAfvSRnzB7U+7Y2Gn3F4cBYY2kyemQOAfqcD8a8tJyaiup7cmoRcn0MHxNJYXlrNamWZ5g6xKY49ymQsFC5yOcn3r2GIW/h7wzbq5EccEIHPGMCvnPXPG7fa9O0/T5Vi03TfJmhGwHfcBVMjv/eO/djOeOPet/XPGep+LbGH7QkcEIHKw5w59ee3tXTisOo2jDZdTkweJc25VN3sjH+IOvzeJdQb5iLVD8i+vvVbwnYxSHawbcPQVLFpplYfLzXceHNEjgiV5I9r+o4zWLajHlRuk5y5mQroNttH7qLp/dFFdJ9ig/uCisuY25UV1sA5DQMEJ6qelcf8UdXNlpZ0kyrvIWScp1ORlU/I7j/wH0ru9OdM4dWTPQueDXlnj/wlrWo+JJ5bWGedZWG0bDtC4AyGHHbkHB9j1rqwjipuUumxx41ScFGPV6nm+hWFxq96LW3Xofmb+6K9m0jw/cx2kUaxgBFCgtyeBTvDng+LwnYfadQuImunG6THQYGcD2HrXK3Wu+Ib/wAS2tzphuI7BpfKVuiEDG78hXQqUsQ9HaP5s5XWjhlqry3a7I9Et9GS2xLfTRRJ6uwUfrW7YT2k8bLZ3EM4TG4IwO30rxy8ur2fV5Had5ImbBLFmBH1xxXUfDqKWXVbm7j3fZo4zBuHR3JVjj6AD/voVdfL40qbm5aozw2ZyrVVBR0Z6HtHofzoqPy5PQ/nRXkntkNqFGAJTGfpnNa0UcZQbwsmO5rk7SeULhZlI9CORV+K/uIeh8wUyTlfijqC215FaywObSWMA7W2cgk4z7+nfFYFhd6rrdrFpOlReXZw5AGfljB65Pv19ep9a9GvLm0v1AvLXJXjp+mD1HtzTreaOGIR6fAUA6kpsA/T+VejTx7p0lBLVHlVctVSs6jej3MbQvh9ZxBZNZuJrnuYY28pD7HGW/IiusAsbGJYrSO3toIxtSKIYVR/MnuSeTWduLZaZS/1fAqrc3TqCEghA+ua5amIqVdJM7qWGp0dYIvnUIMn95RWF9quf7sH/fNFYWN7kKn5EPerFqxy3J6UUU2CLkHzDLcn3qVycdaKKQzMu3bzFG449M0rE7aKKYikWOTyfzooopiP/9k=\", \"amount\": 1, \"full_price\": \"27.95\", \"product_id\": \"9c42742d-6062-45d9-bd66-800979f535b1\", \"unit_price\": \"27.95\", \"final_price\": \"27.95\", \"unit_discount\": \"0.00\", \"total_discount\": \"0.00\", \"product_variant_id\": \"9c42747a-58ad-46d8-b8a7-0bf12bac0a0b\", \"original_unit_price\": \"27.95\"}, {\"id\": \"9c427486-ed20-4721-8e5b-64dd723f9456\", \"sku\": \"W-BO001\", \"name\": \"Classic Ankle Boots - (Size) 9, (Colour) Midnight Blue\", \"type\": \"product_variant\", \"urls\": null, \"image\": \"/9j/4AAQSkZJRgABAQEAYABgAAD//gA7Q1JFQVRPUjogZ2QtanBlZyB2MS4wICh1c2luZyBJSkcgSlBFRyB2ODApLCBxdWFsaXR5ID0gODAK/9sAQwAGBAUGBQQGBgUGBwcGCAoQCgoJCQoUDg8MEBcUGBgXFBYWGh0lHxobIxwWFiAsICMmJykqKRkfLTAtKDAlKCko/9sAQwEHBwcKCAoTCgoTKBoWGigoKCgoKCgoKCgoKCgoKCgoKCgoKCgoKCgoKCgoKCgoKCgoKCgoKCgoKCgoKCgoKCgo/8AAEQgAMgAyAwEiAAIRAQMRAf/EAB8AAAEFAQEBAQEBAAAAAAAAAAABAgMEBQYHCAkKC//EALUQAAIBAwMCBAMFBQQEAAABfQECAwAEEQUSITFBBhNRYQcicRQygZGhCCNCscEVUtHwJDNicoIJChYXGBkaJSYnKCkqNDU2Nzg5OkNERUZHSElKU1RVVldYWVpjZGVmZ2hpanN0dXZ3eHl6g4SFhoeIiYqSk5SVlpeYmZqio6Slpqeoqaqys7S1tre4ubrCw8TFxsfIycrS09TV1tfY2drh4uPk5ebn6Onq8fLz9PX29/j5+v/EAB8BAAMBAQEBAQEBAQEAAAAAAAABAgMEBQYHCAkKC//EALURAAIBAgQEAwQHBQQEAAECdwABAgMRBAUhMQYSQVEHYXETIjKBCBRCkaGxwQkjM1LwFWJy0QoWJDThJfEXGBkaJicoKSo1Njc4OTpDREVGR0hJSlNUVVZXWFlaY2RlZmdoaWpzdHV2d3h5eoKDhIWGh4iJipKTlJWWl5iZmqKjpKWmp6ipqrKztLW2t7i5usLDxMXGx8jJytLT1NXW19jZ2uLj5OXm5+jp6vLz9PX29/j5+v/aAAwDAQACEQMRAD8A9Hs7c8VrwWxx0qaytMAZFakUGO1fHKLkfWV8Tdnyn4ztvsXxB8Z2BHEhjuh+Kgk/+RKwPDT4Yc967P4z+XB8Y7lEwGuNOUP9QpP8kFcDoblZWHoa+kpa0437I86i7yZ1+q3eLVgWzxW/8GLcyWWszjo0yJn6An/2auB1e4OwjPavY/gTYZ8CTTEfNNeSNn2Cqv8ASuXHO1Fno0JqnNM1TbcmiugNlyeKK8XmPY+toh1f4oeDdB1aXTdS1cR3cJ2yqkEkgQ+hKqRn27Vi698e/B2nWrNpb3Wq3GPljihaJc/7TOBgfQGvHPjV8N9d0TxFqutpbtd6ReXMlz58ILeTvYsVkHUYz16e/avKa92jg6Timnc+MnVk3qdfqXiS78X/ABFXWNQVYpbqdF8uP7saABQoz7Dn15pNHIa5lC5+8az/AAjas95LeEfJbIce8jAhR/M/hXQ6Rpz2l1KJByDz9a7GklZG2FT1ZV1PJYg19FfAJA3w2gwQSLiUEDtznn8Dn8a+edXxJcFQdq/xH0r079nbX2tfEl3ocjH7NfR+ZCpP3ZEH9VBz/uiuTFQ56bR21NFc9yNuMniitExjNFeL7Ij2zNNrYMhDD5SOc14n8Q/DvwuspJrnUYLV7w5Pk2R2lm99pAH413vx3l1uL4c3i+GrO4u7uZ1jlW3QtIsXJYgDnsB34Jr5B0/xHBZ3Dpqun5lDHPmKVI9sV9EsOo6o82lVi/jdjrtMtItQ1NX0+xSx0yJ90UKjr7k9z71e1k22nWrecp8zn5h/F71lRfEHSYogIoHQ46Dp/Kud1HWL7xfqcOn6NZz3VxMdscMQyWP+Hr0+ta8j2On29OPUytU1QzSkQgLGD949M/411nwPmaT4m6EoLEmYjPT+E1yV74P8VWmoNb33h7VEcZAxauysQf4SBg/hXp3wG8D+JofiTpF7e6Lf2ljbO7yzXEBiUDYwH3gM5JA4qvZxtY5auMnN2WiPqv7OfSitfYvpRXJ9UiR9YZFqPFjNj+4a+UviPY2kt5O8lrA78/M0YJoorqe5NL4WeMrDF9vC+Um3eRjaMV9efs8aZYWuiXFxbWVrDO7bXkjiVWYDoCQMmiirZkevkDPQUY5oopCCiiigR//Z\", \"amount\": 1, \"full_price\": \"27.95\", \"product_id\": \"9c427436-8ecf-42ba-bf14-a29bcdd197a7\", \"unit_price\": \"27.95\", \"final_price\": \"27.95\", \"unit_discount\": \"0.00\", \"total_discount\": \"0.00\", \"product_variant_id\": \"9c427477-a7ec-477b-ac8f-a78a0d1f4263\", \"original_unit_price\": \"27.95\"}, {\"id\": \"9c427486-f280-46b0-8e94-299acae3ed11\", \"sku\": \"M-BO001\", \"name\": \"Classic Leather Boots - (Size) 10\", \"type\": \"product_variant\", \"urls\": null, \"image\": \"/9j/4AAQSkZJRgABAQEAYABgAAD//gA7Q1JFQVRPUjogZ2QtanBlZyB2MS4wICh1c2luZyBJSkcgSlBFRyB2ODApLCBxdWFsaXR5ID0gODAK/9sAQwAGBAUGBQQGBgUGBwcGCAoQCgoJCQoUDg8MEBcUGBgXFBYWGh0lHxobIxwWFiAsICMmJykqKRkfLTAtKDAlKCko/9sAQwEHBwcKCAoTCgoTKBoWGigoKCgoKCgoKCgoKCgoKCgoKCgoKCgoKCgoKCgoKCgoKCgoKCgoKCgoKCgoKCgoKCgo/8AAEQgAMgAyAwEiAAIRAQMRAf/EAB8AAAEFAQEBAQEBAAAAAAAAAAABAgMEBQYHCAkKC//EALUQAAIBAwMCBAMFBQQEAAABfQECAwAEEQUSITFBBhNRYQcicRQygZGhCCNCscEVUtHwJDNicoIJChYXGBkaJSYnKCkqNDU2Nzg5OkNERUZHSElKU1RVVldYWVpjZGVmZ2hpanN0dXZ3eHl6g4SFhoeIiYqSk5SVlpeYmZqio6Slpqeoqaqys7S1tre4ubrCw8TFxsfIycrS09TV1tfY2drh4uPk5ebn6Onq8fLz9PX29/j5+v/EAB8BAAMBAQEBAQEBAQEAAAAAAAABAgMEBQYHCAkKC//EALURAAIBAgQEAwQHBQQEAAECdwABAgMRBAUhMQYSQVEHYXETIjKBCBRCkaGxwQkjM1LwFWJy0QoWJDThJfEXGBkaJicoKSo1Njc4OTpDREVGR0hJSlNUVVZXWFlaY2RlZmdoaWpzdHV2d3h5eoKDhIWGh4iJipKTlJWWl5iZmqKjpKWmp6ipqrKztLW2t7i5usLDxMXGx8jJytLT1NXW19jZ2uLj5OXm5+jp6vLz9PX29/j5+v/aAAwDAQACEQMRAD8A8NstGe7dRGuyQjKlGJBrovD/AIamMxj1GEDb0OOeteo6XoVvGiBYxnoCB0rpoh4Z0wQRa1eFr6SNpxAijIRQTyT9DWDqnSqaONsPDgQ+RNZrJA6/eI6HHrVXUdBtQ/lMpjWEblHXdV+++JSaTrs9re6TE9hFIU/cyMH2Z4YE8E4wegqTxPr3hHTGtrrV9YuPJu4Eure3tbZmllibOCS2FXoR1OCDWak3qjSdJw3R5jqkZDyMyjk/eH1rFd/lbaDnOa7nUfiF4QkCpZ+EpbiyKjLT37JKG7/dGPT9au+GtF8OePI7248M2t3ZXVgqyTWMsgl3oc5ZGwCcEcgjv17VrGdtzB0pLU4FPMKKdvUf3aK9XXwY20Yhlxj+7/8AWoqvaIOQ6/QNKgnQx3VzNHIp3CSAeUT/AENcF+0JZRaRp+j6gG86RpXtnDMAzxMuSBj0x17Z969E0G+06ecLZ3UsUmcGKdHQg/RgK8q/ahmbf4djadHQLOdg4IP7vn9P51lHcq7uVvhlJo3iTW7R9bdZikXkFZ14mZeFLe5TGPdW9K1v2ifCtvp3gnR5rG3l8vTZzBC65YLbyAttZjk/K4AGezeua8R8P6gtneRucgqwIPoa+ovAvjiz1TRxY649vNE67GEnIYHswNZSl7OZ3um61PmTufJdpOqnZKfk6jIyAf8ACvoP4PeJ/BWkzWV3Ar6dq6w+TMyf6ucYGQcj1wexyPSk8Z/Bjw9qMk154X1q205my32eaQNFn0B6r+v0r5/vYrjStQntJmQywSGNijZUkHGQe4rbSqtDm/hO09UfcI1/w8wDLe4B5AEg4/SiviYavdgACWT8zRUezn3L/wBnPphdfu0t7eWCQS7iQMEOvB4xjO3/AIFj2HavMfiuPFPjHVLCOW0s7mS2DRwmwBy4OM7icZ+6OeB1q/pmuxW7O11GLvPygSYIVfQAgj866vSPiBbWUii1sY7dOmIiF/UDOPbNbKMo7HLKcGjyWT4UeL7ZYmawjeRxuMSTKWX2Pao7zw54n0mPF9o+rwIOrrbM4/MHFfQNv44W6O6MQAnse1RXOrai0xk0zUI7FGGGQQCUN7/MSB+Ap8k5bolVVD4ZNHzjZXMJukTyLy5nJAAf5R9Co5P/AH0K948MeCPBM1ja/wBuaffXl/OqtseEQrFxnAUNk/7zEk4HNa9jIrS+beJp09wRhpRZiNiPqp4NX5XjBBhZkwcjDGhwn0QvaQesmZ5+GvgdiSnh2HaeRmabOPwNFaS3R2jc5J7naOf0oqPZ1R89I+byTnqanhY7upooroMTUgZsL8x/Out8OSO0DhnYgdMmiinDcmWxtW7NnqfzrSRjs6n86KK0IJwTgc0UUUgP/9k=\", \"amount\": 4, \"full_price\": \"111.96\", \"product_id\": \"9c42744c-b4d2-4b9f-a7fc-b0e19bbd9207\", \"unit_price\": \"27.99\", \"final_price\": \"111.96\", \"unit_discount\": \"0.00\", \"total_discount\": \"0.00\", \"product_variant_id\": \"9c42747e-f9ad-4777-9221-f5a4b7783494\", \"original_unit_price\": \"27.99\"}, {\"id\": \"9c427486-f4a3-445f-b097-8087d0c4a60b\", \"sku\": \"W-ER003\", \"name\": \"Statement Tassel Earrings\", \"type\": \"product\", \"urls\": null, \"image\": \"/9j/4AAQSkZJRgABAQEAYABgAAD//gA7Q1JFQVRPUjogZ2QtanBlZyB2MS4wICh1c2luZyBJSkcgSlBFRyB2ODApLCBxdWFsaXR5ID0gODAK/9sAQwAGBAUGBQQGBgUGBwcGCAoQCgoJCQoUDg8MEBcUGBgXFBYWGh0lHxobIxwWFiAsICMmJykqKRkfLTAtKDAlKCko/9sAQwEHBwcKCAoTCgoTKBoWGigoKCgoKCgoKCgoKCgoKCgoKCgoKCgoKCgoKCgoKCgoKCgoKCgoKCgoKCgoKCgoKCgo/8AAEQgAMgAyAwEiAAIRAQMRAf/EAB8AAAEFAQEBAQEBAAAAAAAAAAABAgMEBQYHCAkKC//EALUQAAIBAwMCBAMFBQQEAAABfQECAwAEEQUSITFBBhNRYQcicRQygZGhCCNCscEVUtHwJDNicoIJChYXGBkaJSYnKCkqNDU2Nzg5OkNERUZHSElKU1RVVldYWVpjZGVmZ2hpanN0dXZ3eHl6g4SFhoeIiYqSk5SVlpeYmZqio6Slpqeoqaqys7S1tre4ubrCw8TFxsfIycrS09TV1tfY2drh4uPk5ebn6Onq8fLz9PX29/j5+v/EAB8BAAMBAQEBAQEBAQEAAAAAAAABAgMEBQYHCAkKC//EALURAAIBAgQEAwQHBQQEAAECdwABAgMRBAUhMQYSQVEHYXETIjKBCBRCkaGxwQkjM1LwFWJy0QoWJDThJfEXGBkaJicoKSo1Njc4OTpDREVGR0hJSlNUVVZXWFlaY2RlZmdoaWpzdHV2d3h5eoKDhIWGh4iJipKTlJWWl5iZmqKjpKWmp6ipqrKztLW2t7i5usLDxMXGx8jJytLT1NXW19jZ2uLj5OXm5+jp6vLz9PX29/j5+v/aAAwDAQACEQMRAD8A+qaiuZ1hXJxnGeTgAepPYVLWD46uZLbwxd+SgeWUCFQc4G44ycc8DNITdldm7G29FYgrkA4PUUtVtMuftum2t1gL58SSYBzjcAf61ZoGQRXIlnMajjbuBz2z6eh5x64NT1y+m6lJL491S0MaiIWyKrZOSYyCfb/ltjj+7XUUCTT2Cij86KBhXl3x+8Sjw/oGmKsQllnuwwQkD5UHOD2OWX8+/Q+o187/ALUGoRtrWh2LknyYzcAKSDuLYHPbhTmqgrsip8LPYPhheC+8B6PKrM22Hyju6/KSv9K6ivMv2f71bjwZNbLjFrdMo+hVW789Sa9B1m7Ww0i9vHOFggeU/wDAVJ/pRJa2Cm+aCZ4j4D8Ypq/xhuYlQpE09wiOp4kUglcj1wg/MfU+9V8bfDrUorTxrZXv8X26N3OTtO5gGwD9D+vpivsmnNWIou9/UKKKKg2CvlH9oN5bz4lhWwsULxxqTxkBEJ/VumP5V9XV558Vvh8vjCTSri2McVxbzqs7YGXhJAP1K9QPTP0N05KL1CyejOU/ZzedLvXYWRzAUhbeAdu75uPrhs/5OPQ/ircSW3gDV2hGXeNYgPXe6qf0Jra0DRrDQdNjsdLt0ggTk4HLt3Zj3Jx1q7cQRXMEkFxGksMilXRxkMD2Ioc7z5hQioqyPhvw9DKkFy6/NIZflC8Mc4A4HQ89M+3HNfb+mSSTadayzKySvEjOrDBBIGQfevOPh/8ACyz8Pa7qV/qCR3RW4LWO4AhE6hiD/EOnsQTyea9Qp1Jc1kJQUW2uoUUUVmUFFFFABRRRQAUUUUAJRRRQB//Z\", \"amount\": 8, \"full_price\": \"199.92\", \"product_id\": \"9c427461-679d-40f0-bc4a-7c3c30abd7af\", \"unit_price\": \"24.99\", \"final_price\": \"199.92\", \"unit_discount\": \"0.00\", \"total_discount\": \"0.00\", \"original_unit_price\": \"24.99\"}, {\"id\": \"9c427486-e7eb-4f57-95ea-3c84b6a4bed1\", \"sku\": \"M-BR001\", \"name\": \"Leather Cuff Bracelet\", \"type\": \"product\", \"urls\": null, \"image\": \"/9j/4AAQSkZJRgABAQEAYABgAAD//gA7Q1JFQVRPUjogZ2QtanBlZyB2MS4wICh1c2luZyBJSkcgSlBFRyB2ODApLCBxdWFsaXR5ID0gODAK/9sAQwAGBAUGBQQGBgUGBwcGCAoQCgoJCQoUDg8MEBcUGBgXFBYWGh0lHxobIxwWFiAsICMmJykqKRkfLTAtKDAlKCko/9sAQwEHBwcKCAoTCgoTKBoWGigoKCgoKCgoKCgoKCgoKCgoKCgoKCgoKCgoKCgoKCgoKCgoKCgoKCgoKCgoKCgoKCgo/8AAEQgAMgAyAwEiAAIRAQMRAf/EAB8AAAEFAQEBAQEBAAAAAAAAAAABAgMEBQYHCAkKC//EALUQAAIBAwMCBAMFBQQEAAABfQECAwAEEQUSITFBBhNRYQcicRQygZGhCCNCscEVUtHwJDNicoIJChYXGBkaJSYnKCkqNDU2Nzg5OkNERUZHSElKU1RVVldYWVpjZGVmZ2hpanN0dXZ3eHl6g4SFhoeIiYqSk5SVlpeYmZqio6Slpqeoqaqys7S1tre4ubrCw8TFxsfIycrS09TV1tfY2drh4uPk5ebn6Onq8fLz9PX29/j5+v/EAB8BAAMBAQEBAQEBAQEAAAAAAAABAgMEBQYHCAkKC//EALURAAIBAgQEAwQHBQQEAAECdwABAgMRBAUhMQYSQVEHYXETIjKBCBRCkaGxwQkjM1LwFWJy0QoWJDThJfEXGBkaJicoKSo1Njc4OTpDREVGR0hJSlNUVVZXWFlaY2RlZmdoaWpzdHV2d3h5eoKDhIWGh4iJipKTlJWWl5iZmqKjpKWmp6ipqrKztLW2t7i5usLDxMXGx8jJytLT1NXW19jZ2uLj5OXm5+jp6vLz9PX29/j5+v/aAAwDAQACEQMRAD8A+qa+d1+M+qy/HZNDgMbeHmvhpfk+WNxfds8wN1+/+GO2ea+iK+FPC/Px6sFycf8ACRKf/JigD7rorE8TeKdJ8OW5k1O6VXxlYUIMjfQf1PFeS6t8fJLPUI0g8NvLascZNzh2HqBtwKAPdaKyPCviGy8TaPDqOnmRUcfNHKu1427qw9a16ACiiigBHZURncgKoySewr8/dUv7L/hLr240yW5iumvXngvI2IKkuSOByuOORzxX6BSIsiMjgMjAgg9xX56eP/Dk3hHxtqekTuiNBK7Rtu3Fo+WQ4GcErjg+v40dQO18M6frep3VzPPe5uGjPlvOd+5vUE557Z7ZrrfC8GlQL9sumkmv8FZGuG3MjA4II9iMVozqmqfB3R/FGkusl1p0K2t6UGPMVPlVyPXGAfr/ALNeP3PiN5ryV1Yq0nLY7kcZ/LH5VSYHvehfECx0LXbeVnCWszCK5UHjaeA/1H6ivflIZQVIIPII71+dGqahNO4YMc9DX278D9Zk1z4W6BdXDFp0hNu5PUmNigJ9yFB/Gkw3O6ooopAFfP37Uvw2Gtac3jCwnt7e6023K3SSnb50YPy7T/eGSMHrkDsAfoGsLxz4atvGHhPUdBvZHigvIwvmJ1RgwZW98MoOO9AHxJ8O/iDfeENJ1fS4Y4LvTtUi8uWG4BIRsYLLgjnBI/L0rn7qwkhuZJEBMauVB9s4/lXZeJ/gv4u8O6qLc2D3loXwl3bIXQrnqcDKn2NeyeEfgzNqNij62rWMMnzFc/vcewH3fx59qYHiXhvwXc6jqCQS4EpXeYurBfU+g9zX2D8KfD7+GfBFjp8qlJMvKyH+HcxIH1xitLwx4U0XwzaC30exjhzy0hG6Rz6sx5JrcpXAKKKKACiiigAooooAKKKKACiiigD/2Q==\", \"amount\": 5, \"full_price\": \"94.95\", \"product_id\": \"9c427473-53e1-4ecf-b548-b429632e6501\", \"unit_price\": \"16.99\", \"final_price\": \"84.95\", \"unit_discount\": \"2.00\", \"total_discount\": \"10.00\", \"original_unit_price\": \"18.99\"}]',NULL,'{\"id\": \"9c4273ed-5fdf-4397-8834-040150b1e063\", \"name\": {\"de\": \"Lokale Schwerlasttransporte (10-25 kg)\", \"en\": \"Local Heavy (10-25kg)\", \"fr\": \"Lourd local (10-25kg)\"}, \"slug\": \"local-heavy-1\", \"price\": 2.99, \"enabled\": true, \"created_at\": \"2024-06-11T07:51:06.000000Z\", \"deleted_at\": null, \"updated_at\": \"2024-06-11T07:51:07.000000Z\", \"description\": {\"de\": \"Wenn Sie in der Nähe wohnen, liefern wir bis an die Haustür.\", \"en\": \"If you live nearby, we deliver to your door.\", \"fr\": \"Si vous habitez à proximité, nous livrons à votre porte.\"}, \"enabled_by_default_on_creation\": true}','{\"delivery\": 2.99, \"subtotal\": 802.61, \"total_payable\": 805.6, \"applied_discount\": 7.01}',1,'gavin-holmes-beckyborough',NULL,'2024-06-11 07:52:51','2024-06-11 07:52:51'),('9c42748c-6fd8-447b-8702-0b3c0c16e0a2','9c4273cd-863c-4957-be1b-84e09c21166e','9c427485-3ca6-4fb1-9bc0-9fa2529fb149','{\"id\": \"9c427485-10c2-42c9-b480-32cf0e12e1b0\", \"lat\": \"30.519391\", \"lon\": \"-39.778628\", \"name\": null, \"slug\": \"ashley-shaw-karlborough\", \"town\": \"Karlborough\", \"country\": \"UK\", \"user_id\": \"9c4273cd-863c-4957-be1b-84e09c21166e\", \"post_code\": \"PO17 5HZ\", \"created_at\": \"2024-06-11T07:52:46.000000Z\", \"deleted_at\": null, \"updated_at\": \"2024-06-11T07:52:46.000000Z\", \"address_line_1\": \"96 Ian Falls\", \"address_line_2\": null, \"google_maps_url\": \"https://www.google.com/maps/@30.519391,-39.778628,14z\"}','{\"amount\": \"686.55\", \"source\": {\"id\": \"9c427485-1d49-4183-b70e-e06f5c56c720\", \"name\": \"autem esse\", \"slug\": \"shaw-autem-esse\", \"brand\": \"american express\", \"user_id\": \"9c4273cd-863c-4957-be1b-84e09c21166e\", \"exp_year\": \"2022\", \"exp_month\": \"7\", \"last_four\": \"2099\", \"source_id\": \"kVhgHR80UXD8dVyXtDJjW0kbv7rPDUvdvI7IDqOpC8KRQ0m17cd8mkYrO7eRkvOgp94bqdBxfvtO59MtOtNQpEhPF0NAgNBzc8tuEmWWN8a1ITNmO60Kv286fiymClepgajrAEqGMpArU4ZwGWqwqj\", \"created_at\": \"2024-06-11T07:52:46.000000Z\", \"deleted_at\": null, \"updated_at\": \"2024-06-11T07:52:46.000000Z\", \"stripe_user_id\": \"YZcMddb6cVU3FJgZI3kexxdDxzL1oR6R1vVWDEusQbwDkoQc5N1dyrGEx0oJUKhYagcN5XSoWLlAypVNLT2EbJHsgGETAor38rrCC8G5OSNBwK94PgrCCk7x\", \"payment_method_id\": 4}, \"created_at\": \"11-06-2024 07:52\", \"payment_ref\": \"YGlmljLbbW\"}','[{\"id\": \"9c427487-052f-4401-9423-f152c7b5c752\", \"sku\": \"M-S003\", \"name\": \"Casual Checkered Shirt - (Size) S\", \"type\": \"product_variant\", \"urls\": null, \"image\": \"/9j/4AAQSkZJRgABAQEAYABgAAD//gA7Q1JFQVRPUjogZ2QtanBlZyB2MS4wICh1c2luZyBJSkcgSlBFRyB2ODApLCBxdWFsaXR5ID0gODAK/9sAQwAGBAUGBQQGBgUGBwcGCAoQCgoJCQoUDg8MEBcUGBgXFBYWGh0lHxobIxwWFiAsICMmJykqKRkfLTAtKDAlKCko/9sAQwEHBwcKCAoTCgoTKBoWGigoKCgoKCgoKCgoKCgoKCgoKCgoKCgoKCgoKCgoKCgoKCgoKCgoKCgoKCgoKCgoKCgo/8AAEQgAMgAyAwEiAAIRAQMRAf/EAB8AAAEFAQEBAQEBAAAAAAAAAAABAgMEBQYHCAkKC//EALUQAAIBAwMCBAMFBQQEAAABfQECAwAEEQUSITFBBhNRYQcicRQygZGhCCNCscEVUtHwJDNicoIJChYXGBkaJSYnKCkqNDU2Nzg5OkNERUZHSElKU1RVVldYWVpjZGVmZ2hpanN0dXZ3eHl6g4SFhoeIiYqSk5SVlpeYmZqio6Slpqeoqaqys7S1tre4ubrCw8TFxsfIycrS09TV1tfY2drh4uPk5ebn6Onq8fLz9PX29/j5+v/EAB8BAAMBAQEBAQEBAQEAAAAAAAABAgMEBQYHCAkKC//EALURAAIBAgQEAwQHBQQEAAECdwABAgMRBAUhMQYSQVEHYXETIjKBCBRCkaGxwQkjM1LwFWJy0QoWJDThJfEXGBkaJicoKSo1Njc4OTpDREVGR0hJSlNUVVZXWFlaY2RlZmdoaWpzdHV2d3h5eoKDhIWGh4iJipKTlJWWl5iZmqKjpKWmp6ipqrKztLW2t7i5usLDxMXGx8jJytLT1NXW19jZ2uLj5OXm5+jp6vLz9PX29/j5+v/aAAwDAQACEQMRAD8A+qaztX1rT9IQNf3CxkjIUAliPoK0a8O8Ya2s/iO6JBIdmiUFeyg47+w/OqiribI/i94qm8Q6GsOhm4t4oJS+8MQZWGV2so/h59TXHfCjV9V8P6qNV1LzWjdBH9n8w7GViOenX8O3vXTWs7tpblYHI85vu8fx/SqKytDpVkqQybAEGd+f41z2rbkV7GSqSaPbtJ8X6PqU6W8dx5VyxwI5RtJPoD0NdBXzpc3cUt9MjcSQDzBwRg9jkfjXu/hfUhq/h+xvs5aWMb/98cN+oNZSjY0jK6/rsjUoooqBlW/nePTJ5oUZ5REWRFGSTjgV4Ffx3F5qRhRD5sAMhzzgDBPPbhD+dfQkH+pj/wB0fyrL8URR/wBhajLsQTC2cK5Az06Z+tXCViZq+qPDrWe6a0uVEbhN4Iz/AMAJ9O5qtNLdNFpyvEQGIGBz0wR/Krlr9qazuT5akmTjk9Ny/wC1VeRbyOxs22KxGDktz1Xjr+Fb/wDAMrrW3n+SGW8Uv9tvcTRNtuEaMA88ptJx+Egr1/4WyyN4elhljaMwzsqgrt+UgHj8d1VPhP5dxo10ZokM0V02CygkAqoyPrt/Su8rCUr6GsY2MyYt5z8n7xopZv8AWv8A7xopFl+H/Ux/7orE8drI/hS+WIkMdnT03rn9M1uQ/wCqT/dFZPi6Ce58OXsVoheZlGFHU/MCf0zSW4nseJ2aXIs7n7pw6/8AstVZlnTT7MJGq5YHbgD+Jefx61et7adLG4DSxKRJjBQcYKiqxtpv7Ns2eeHAAOQgHAKmun/gHOn+v5I7j4SyyQa7rFpLwssaTKM9CCQR/wCPfrXqNeYfDrS71PFU1+ysbI2zASYwrMWXAB78A16fWE9zan8KM2b/AFr/AO8aKJR+9f8A3jRSLGRSP5SfO33R3p/mP/fb86KKQGRr0EL2ckjRRtISMsVBP51yvhKGKTVSjxIyKXwpUEDnsKKK2Xwv5Gf2vv8AyPQBI4AAdgB70vmP/fb86KKyNDOlkfzX+dup70UUVQH/2Q==\", \"amount\": 1, \"full_price\": \"24.99\", \"product_id\": \"9c4273fa-a9f5-46b3-a8b7-77e8f834ce68\", \"unit_price\": \"24.99\", \"final_price\": \"24.99\", \"unit_discount\": \"0.00\", \"total_discount\": \"0.00\", \"product_variant_id\": \"9c42747c-b0dd-4e07-ac3e-0df530b1136d\", \"original_unit_price\": \"24.99\"}, {\"id\": \"9c427486-ffd8-43bd-b80a-55ed027dd155\", \"sku\": \"W-S001\", \"name\": \"Elegant A-Line Skirt - (Size) M, (Colour) Midnight Blue\", \"type\": \"product_variant\", \"urls\": null, \"image\": \"/9j/4AAQSkZJRgABAQEAYABgAAD//gA7Q1JFQVRPUjogZ2QtanBlZyB2MS4wICh1c2luZyBJSkcgSlBFRyB2ODApLCBxdWFsaXR5ID0gODAK/9sAQwAGBAUGBQQGBgUGBwcGCAoQCgoJCQoUDg8MEBcUGBgXFBYWGh0lHxobIxwWFiAsICMmJykqKRkfLTAtKDAlKCko/9sAQwEHBwcKCAoTCgoTKBoWGigoKCgoKCgoKCgoKCgoKCgoKCgoKCgoKCgoKCgoKCgoKCgoKCgoKCgoKCgoKCgoKCgo/8AAEQgAMgAyAwEiAAIRAQMRAf/EAB8AAAEFAQEBAQEBAAAAAAAAAAABAgMEBQYHCAkKC//EALUQAAIBAwMCBAMFBQQEAAABfQECAwAEEQUSITFBBhNRYQcicRQygZGhCCNCscEVUtHwJDNicoIJChYXGBkaJSYnKCkqNDU2Nzg5OkNERUZHSElKU1RVVldYWVpjZGVmZ2hpanN0dXZ3eHl6g4SFhoeIiYqSk5SVlpeYmZqio6Slpqeoqaqys7S1tre4ubrCw8TFxsfIycrS09TV1tfY2drh4uPk5ebn6Onq8fLz9PX29/j5+v/EAB8BAAMBAQEBAQEBAQEAAAAAAAABAgMEBQYHCAkKC//EALURAAIBAgQEAwQHBQQEAAECdwABAgMRBAUhMQYSQVEHYXETIjKBCBRCkaGxwQkjM1LwFWJy0QoWJDThJfEXGBkaJicoKSo1Njc4OTpDREVGR0hJSlNUVVZXWFlaY2RlZmdoaWpzdHV2d3h5eoKDhIWGh4iJipKTlJWWl5iZmqKjpKWmp6ipqrKztLW2t7i5usLDxMXGx8jJytLT1NXW19jZ2uLj5OXm5+jp6vLz9PX29/j5+v/aAAwDAQACEQMRAD8A+k7T7orQiHfNZ1qflFUfEsVrd2Zhvo0eFPn+Y4AP50Uoc8kjOtVVKLkzYvbBJ8vGQkvXd61z+paWk4KTH7NdH7sinCv/APXrjdT0GwSP/R5JLbPKtFdTRforVxev6RqVrHi313UELfMgluEdfw3813f2bKSvFnAs1pp2kmjofEWiX1vdJHd+YUZsBySRj2NW9LgNvp8UT8Fc/wA6840rW/F9jqEMd7ry3NkXAePMbkr+GcGvTDOHOc9a5a2GnQtzdTvo4mGIXudCbBoqPzBRWBsegi5S3tHmkOERSx/CuYv9RRzELyVYwym4lZjgKMgBf1P/AHzTvE14wsYLWP707jdj+6K4vWb5p5tbaOOCZYpI7MCY/IQib2/8elI/CvYwGH9xTfU8HMsReo6a2X5sng1M6x4hvvLnSW2iYRR+Wcrj61zHxC1BbfxjArvtjS3I56dq2fh9abN8v2WO2DNu2RklfrXH+PLM6v4wSJWIJfbx+Fery2dl0PKi1zO5NZkanoWp6gLC3hsoZIolcRgPOxcbiT2AGOnc+1dHpl75lpEd2TtwT9OK0/EGnwaT4AezgULHGinHvkHNcPoN2N1xCDyjhsemRz+oavOzGPPS5l0Z6uVztVce6O3FyMdaKxhNx1orwz6Cx6Dc232meO43sxjHEfr9DXn+pW58O6Iw1qdDeSzTXMgjbKszuSME47YFd7az8DmsXxzZxX+lh5FB2cHNdcMxqUIbXSOKWV0cTU1dmxPBDrLoqTqVbcucqQRXKaFCNS+IU7HlbYFm9iTxXC6lf3GlyE6bcS20qjG6JypI9DjqK9X+A2jFvDs2taqxuL3UHLF27KvAGB+NbwzqEk246mNXhypTfuzTRa8fSrJpEkG4BXwD+deX2kLQavPcIf3ciBWGe4JP9TXq3j2CxKsPK5Ho7D+teVtKPMOOmaitmcatJ04RLw+UTw1RVJyv6G0Lk4HNFZgm4FFeZc9Wx6xaHim69zod5n/nnRRTqfAyaX8Rep89awSbl8mvo/4UgD4faVgY/dH/ANCNFFcNM9nEbI5vx2Tubk968xY/MaKK2pbM48T0JAeBRRRWpzH/2Q==\", \"amount\": 3, \"full_price\": \"86.97\", \"product_id\": \"9c427414-5cf5-480d-8324-74ea8f9e275c\", \"unit_price\": \"28.99\", \"final_price\": \"86.97\", \"unit_discount\": \"0.00\", \"total_discount\": \"0.00\", \"product_variant_id\": \"9c42747a-4645-44d0-a14c-57103be519ba\", \"original_unit_price\": \"28.99\"}, {\"id\": \"9c427487-0271-45ca-8e79-a154542fc11d\", \"sku\": \"W-SN002\", \"name\": \"Sporty Running Sneakers - (Size) 8, (Colour) Bright Red\", \"type\": \"product_variant\", \"urls\": null, \"image\": \"/9j/4AAQSkZJRgABAQEAYABgAAD//gA7Q1JFQVRPUjogZ2QtanBlZyB2MS4wICh1c2luZyBJSkcgSlBFRyB2ODApLCBxdWFsaXR5ID0gODAK/9sAQwAGBAUGBQQGBgUGBwcGCAoQCgoJCQoUDg8MEBcUGBgXFBYWGh0lHxobIxwWFiAsICMmJykqKRkfLTAtKDAlKCko/9sAQwEHBwcKCAoTCgoTKBoWGigoKCgoKCgoKCgoKCgoKCgoKCgoKCgoKCgoKCgoKCgoKCgoKCgoKCgoKCgoKCgoKCgo/8AAEQgAMgAyAwEiAAIRAQMRAf/EAB8AAAEFAQEBAQEBAAAAAAAAAAABAgMEBQYHCAkKC//EALUQAAIBAwMCBAMFBQQEAAABfQECAwAEEQUSITFBBhNRYQcicRQygZGhCCNCscEVUtHwJDNicoIJChYXGBkaJSYnKCkqNDU2Nzg5OkNERUZHSElKU1RVVldYWVpjZGVmZ2hpanN0dXZ3eHl6g4SFhoeIiYqSk5SVlpeYmZqio6Slpqeoqaqys7S1tre4ubrCw8TFxsfIycrS09TV1tfY2drh4uPk5ebn6Onq8fLz9PX29/j5+v/EAB8BAAMBAQEBAQEBAQEAAAAAAAABAgMEBQYHCAkKC//EALURAAIBAgQEAwQHBQQEAAECdwABAgMRBAUhMQYSQVEHYXETIjKBCBRCkaGxwQkjM1LwFWJy0QoWJDThJfEXGBkaJicoKSo1Njc4OTpDREVGR0hJSlNUVVZXWFlaY2RlZmdoaWpzdHV2d3h5eoKDhIWGh4iJipKTlJWWl5iZmqKjpKWmp6ipqrKztLW2t7i5usLDxMXGx8jJytLT1NXW19jZ2uLj5OXm5+jp6vLz9PX29/j5+v/aAAwDAQACEQMRAD8AzbSJV4hiye7Ma0YLRdwdHAfvSRnzB7U+7Y2Gn3F4cBYY2kyemQOAfqcD8a8tJyaiup7cmoRcn0MHxNJYXlrNamWZ5g6xKY49ymQsFC5yOcn3r2GIW/h7wzbq5EccEIHPGMCvnPXPG7fa9O0/T5Vi03TfJmhGwHfcBVMjv/eO/djOeOPet/XPGep+LbGH7QkcEIHKw5w59ee3tXTisOo2jDZdTkweJc25VN3sjH+IOvzeJdQb5iLVD8i+vvVbwnYxSHawbcPQVLFpplYfLzXceHNEjgiV5I9r+o4zWLajHlRuk5y5mQroNttH7qLp/dFFdJ9ig/uCisuY25UV1sA5DQMEJ6qelcf8UdXNlpZ0kyrvIWScp1ORlU/I7j/wH0ru9OdM4dWTPQueDXlnj/wlrWo+JJ5bWGedZWG0bDtC4AyGHHbkHB9j1rqwjipuUumxx41ScFGPV6nm+hWFxq96LW3Xofmb+6K9m0jw/cx2kUaxgBFCgtyeBTvDng+LwnYfadQuImunG6THQYGcD2HrXK3Wu+Ib/wAS2tzphuI7BpfKVuiEDG78hXQqUsQ9HaP5s5XWjhlqry3a7I9Et9GS2xLfTRRJ6uwUfrW7YT2k8bLZ3EM4TG4IwO30rxy8ur2fV5Had5ImbBLFmBH1xxXUfDqKWXVbm7j3fZo4zBuHR3JVjj6AD/voVdfL40qbm5aozw2ZyrVVBR0Z6HtHofzoqPy5PQ/nRXkntkNqFGAJTGfpnNa0UcZQbwsmO5rk7SeULhZlI9CORV+K/uIeh8wUyTlfijqC215FaywObSWMA7W2cgk4z7+nfFYFhd6rrdrFpOlReXZw5AGfljB65Pv19ep9a9GvLm0v1AvLXJXjp+mD1HtzTreaOGIR6fAUA6kpsA/T+VejTx7p0lBLVHlVctVSs6jej3MbQvh9ZxBZNZuJrnuYY28pD7HGW/IiusAsbGJYrSO3toIxtSKIYVR/MnuSeTWduLZaZS/1fAqrc3TqCEghA+ua5amIqVdJM7qWGp0dYIvnUIMn95RWF9quf7sH/fNFYWN7kKn5EPerFqxy3J6UUU2CLkHzDLcn3qVycdaKKQzMu3bzFG449M0rE7aKKYikWOTyfzooopiP/9k=\", \"amount\": 1, \"full_price\": \"27.95\", \"product_id\": \"9c42742d-6062-45d9-bd66-800979f535b1\", \"unit_price\": \"27.95\", \"final_price\": \"27.95\", \"unit_discount\": \"0.00\", \"total_discount\": \"0.00\", \"product_variant_id\": \"9c42747a-7798-47c8-839c-a1dea09b0797\", \"original_unit_price\": \"27.95\"}, {\"id\": \"9c427487-0812-4315-a04e-d1052005211f\", \"sku\": \"M-LO003\", \"name\": \"Fashion Slip-On Loafers - (Size) 8\", \"type\": \"product_variant\", \"urls\": null, \"image\": \"/9j/4AAQSkZJRgABAQEAYABgAAD//gA7Q1JFQVRPUjogZ2QtanBlZyB2MS4wICh1c2luZyBJSkcgSlBFRyB2ODApLCBxdWFsaXR5ID0gODAK/9sAQwAGBAUGBQQGBgUGBwcGCAoQCgoJCQoUDg8MEBcUGBgXFBYWGh0lHxobIxwWFiAsICMmJykqKRkfLTAtKDAlKCko/9sAQwEHBwcKCAoTCgoTKBoWGigoKCgoKCgoKCgoKCgoKCgoKCgoKCgoKCgoKCgoKCgoKCgoKCgoKCgoKCgoKCgoKCgo/8AAEQgAMgAyAwEiAAIRAQMRAf/EAB8AAAEFAQEBAQEBAAAAAAAAAAABAgMEBQYHCAkKC//EALUQAAIBAwMCBAMFBQQEAAABfQECAwAEEQUSITFBBhNRYQcicRQygZGhCCNCscEVUtHwJDNicoIJChYXGBkaJSYnKCkqNDU2Nzg5OkNERUZHSElKU1RVVldYWVpjZGVmZ2hpanN0dXZ3eHl6g4SFhoeIiYqSk5SVlpeYmZqio6Slpqeoqaqys7S1tre4ubrCw8TFxsfIycrS09TV1tfY2drh4uPk5ebn6Onq8fLz9PX29/j5+v/EAB8BAAMBAQEBAQEBAQEAAAAAAAABAgMEBQYHCAkKC//EALURAAIBAgQEAwQHBQQEAAECdwABAgMRBAUhMQYSQVEHYXETIjKBCBRCkaGxwQkjM1LwFWJy0QoWJDThJfEXGBkaJicoKSo1Njc4OTpDREVGR0hJSlNUVVZXWFlaY2RlZmdoaWpzdHV2d3h5eoKDhIWGh4iJipKTlJWWl5iZmqKjpKWmp6ipqrKztLW2t7i5usLDxMXGx8jJytLT1NXW19jZ2uLj5OXm5+jp6vLz9PX29/j5+v/aAAwDAQACEQMRAD8A6UJz0rJ1zxJo+gz20OrXsdtJcZ8sMCc46kkDgc96wPiJ4/XwfdWMCWIu3nBd/wB5s2KDgdjyefyryP4keKIPFmoW13bxSpaxwCMo+MxvuJPT8PrSSKPo62nhuoEmtpUliYZV0YMp/EVLtr5f8L+IdV8NTiTTLlljPLwOd0b/AIf1HNe6eDfHFl4hXyJYzZ6ig+aBz973U9x+tKwHVbKjdMg1YGCOOaRloGVPL9qKs0UAfPvxdsrg+Mrh7jcY7hFaBj04AGB+OR+NcfFBJuVUUmU/KBjO7/ZI719IeNvDMHiLSmt5RtnTLQy90b/A14va3B0HVrtLqJf7QiBiKOMncccj6jv7+9UhGBh9C1WCLUoHjWN0kaMjJUZBx7g10mtW5utMj12zutl3E4H7vhnXswx6cAn/AOvWhrCW3iTwul/O4GpQFYYguCZOo2MOwGOvJOcfTjNO1S50MeW6+bp0xIeFuit0OPQ4/wA8UBseu/DXx82ooun61IovAcJLjAcds+9enZzivlSJlWUXNk25RzjuPYivdPhr4kbWNLEVyxNxCdhYnlhjgn3/AMKTQI7jH1opwJx2opDFZM+9eV/F/wAJPcpHrdlEWlgXbOq9SnZvqP5fSvWMjtTHUMuDyD2oEeBeCvsusR3OlvdC2ln2sgY8M69CPf2o1rQpdP1CZL6BHikIY5XKlvX/AD613Xir4Y6fqcr3WlyHT7sncdg+Qn1x2/CuYu9F8eWsJspXhvbfG1ZXG8gfXGfzqrgLpvw80bW7RLvSri4sZT96NX3KD3HPPWuz8I+DRoDAJJuGdxbOSx9TVf4eaHfaVBtumJz8zEjGSTk13RY4GakA2/SilDcdqKAHjtTx1oooAa1IKKKAGkc0yXtRRQBFmiiigD//2Q==\", \"amount\": 7, \"full_price\": \"209.93\", \"product_id\": \"9c427445-10fc-4a7c-bda2-902b5b9bebed\", \"unit_price\": \"29.99\", \"final_price\": \"209.93\", \"unit_discount\": \"0.00\", \"total_discount\": \"0.00\", \"product_variant_id\": \"9c42747e-a90e-4618-8599-ad14243e7a43\", \"original_unit_price\": \"29.99\"}, {\"id\": \"9c427486-fa4b-4708-97a4-3a0f506f3787\", \"sku\": \"M-BO001\", \"name\": \"Classic Leather Boots - (Size) 10\", \"type\": \"product_variant\", \"urls\": null, \"image\": \"/9j/4AAQSkZJRgABAQEAYABgAAD//gA7Q1JFQVRPUjogZ2QtanBlZyB2MS4wICh1c2luZyBJSkcgSlBFRyB2ODApLCBxdWFsaXR5ID0gODAK/9sAQwAGBAUGBQQGBgUGBwcGCAoQCgoJCQoUDg8MEBcUGBgXFBYWGh0lHxobIxwWFiAsICMmJykqKRkfLTAtKDAlKCko/9sAQwEHBwcKCAoTCgoTKBoWGigoKCgoKCgoKCgoKCgoKCgoKCgoKCgoKCgoKCgoKCgoKCgoKCgoKCgoKCgoKCgoKCgo/8AAEQgAMgAyAwEiAAIRAQMRAf/EAB8AAAEFAQEBAQEBAAAAAAAAAAABAgMEBQYHCAkKC//EALUQAAIBAwMCBAMFBQQEAAABfQECAwAEEQUSITFBBhNRYQcicRQygZGhCCNCscEVUtHwJDNicoIJChYXGBkaJSYnKCkqNDU2Nzg5OkNERUZHSElKU1RVVldYWVpjZGVmZ2hpanN0dXZ3eHl6g4SFhoeIiYqSk5SVlpeYmZqio6Slpqeoqaqys7S1tre4ubrCw8TFxsfIycrS09TV1tfY2drh4uPk5ebn6Onq8fLz9PX29/j5+v/EAB8BAAMBAQEBAQEBAQEAAAAAAAABAgMEBQYHCAkKC//EALURAAIBAgQEAwQHBQQEAAECdwABAgMRBAUhMQYSQVEHYXETIjKBCBRCkaGxwQkjM1LwFWJy0QoWJDThJfEXGBkaJicoKSo1Njc4OTpDREVGR0hJSlNUVVZXWFlaY2RlZmdoaWpzdHV2d3h5eoKDhIWGh4iJipKTlJWWl5iZmqKjpKWmp6ipqrKztLW2t7i5usLDxMXGx8jJytLT1NXW19jZ2uLj5OXm5+jp6vLz9PX29/j5+v/aAAwDAQACEQMRAD8A8NstGe7dRGuyQjKlGJBrovD/AIamMxj1GEDb0OOeteo6XoVvGiBYxnoCB0rpoh4Z0wQRa1eFr6SNpxAijIRQTyT9DWDqnSqaONsPDgQ+RNZrJA6/eI6HHrVXUdBtQ/lMpjWEblHXdV+++JSaTrs9re6TE9hFIU/cyMH2Z4YE8E4wegqTxPr3hHTGtrrV9YuPJu4Eure3tbZmllibOCS2FXoR1OCDWak3qjSdJw3R5jqkZDyMyjk/eH1rFd/lbaDnOa7nUfiF4QkCpZ+EpbiyKjLT37JKG7/dGPT9au+GtF8OePI7248M2t3ZXVgqyTWMsgl3oc5ZGwCcEcgjv17VrGdtzB0pLU4FPMKKdvUf3aK9XXwY20Yhlxj+7/8AWoqvaIOQ6/QNKgnQx3VzNHIp3CSAeUT/AENcF+0JZRaRp+j6gG86RpXtnDMAzxMuSBj0x17Z969E0G+06ecLZ3UsUmcGKdHQg/RgK8q/ahmbf4djadHQLOdg4IP7vn9P51lHcq7uVvhlJo3iTW7R9bdZikXkFZ14mZeFLe5TGPdW9K1v2ifCtvp3gnR5rG3l8vTZzBC65YLbyAttZjk/K4AGezeua8R8P6gtneRucgqwIPoa+ovAvjiz1TRxY649vNE67GEnIYHswNZSl7OZ3um61PmTufJdpOqnZKfk6jIyAf8ACvoP4PeJ/BWkzWV3Ar6dq6w+TMyf6ucYGQcj1wexyPSk8Z/Bjw9qMk154X1q205my32eaQNFn0B6r+v0r5/vYrjStQntJmQywSGNijZUkHGQe4rbSqtDm/hO09UfcI1/w8wDLe4B5AEg4/SiviYavdgACWT8zRUezn3L/wBnPphdfu0t7eWCQS7iQMEOvB4xjO3/AIFj2HavMfiuPFPjHVLCOW0s7mS2DRwmwBy4OM7icZ+6OeB1q/pmuxW7O11GLvPygSYIVfQAgj866vSPiBbWUii1sY7dOmIiF/UDOPbNbKMo7HLKcGjyWT4UeL7ZYmawjeRxuMSTKWX2Pao7zw54n0mPF9o+rwIOrrbM4/MHFfQNv44W6O6MQAnse1RXOrai0xk0zUI7FGGGQQCUN7/MSB+Ap8k5bolVVD4ZNHzjZXMJukTyLy5nJAAf5R9Co5P/AH0K948MeCPBM1ja/wBuaffXl/OqtseEQrFxnAUNk/7zEk4HNa9jIrS+beJp09wRhpRZiNiPqp4NX5XjBBhZkwcjDGhwn0QvaQesmZ5+GvgdiSnh2HaeRmabOPwNFaS3R2jc5J7naOf0oqPZ1R89I+byTnqanhY7upooroMTUgZsL8x/Out8OSO0DhnYgdMmiinDcmWxtW7NnqfzrSRjs6n86KK0IJwTgc0UUUgP/9k=\", \"amount\": 5, \"full_price\": \"139.95\", \"product_id\": \"9c42744c-b4d2-4b9f-a7fc-b0e19bbd9207\", \"unit_price\": \"27.99\", \"final_price\": \"139.95\", \"unit_discount\": \"0.00\", \"total_discount\": \"0.00\", \"product_variant_id\": \"9c42747e-f9ad-4777-9221-f5a4b7783494\", \"original_unit_price\": \"27.99\"}, {\"id\": \"9c427486-fc9c-4103-9965-9f6e4d5d790d\", \"sku\": \"M-BR003\", \"name\": \"Beaded Charm Bracelet\", \"type\": \"product\", \"urls\": null, \"image\": \"/9j/4AAQSkZJRgABAQEAYABgAAD//gA7Q1JFQVRPUjogZ2QtanBlZyB2MS4wICh1c2luZyBJSkcgSlBFRyB2ODApLCBxdWFsaXR5ID0gODAK/9sAQwAGBAUGBQQGBgUGBwcGCAoQCgoJCQoUDg8MEBcUGBgXFBYWGh0lHxobIxwWFiAsICMmJykqKRkfLTAtKDAlKCko/9sAQwEHBwcKCAoTCgoTKBoWGigoKCgoKCgoKCgoKCgoKCgoKCgoKCgoKCgoKCgoKCgoKCgoKCgoKCgoKCgoKCgoKCgo/8AAEQgAMgAyAwEiAAIRAQMRAf/EAB8AAAEFAQEBAQEBAAAAAAAAAAABAgMEBQYHCAkKC//EALUQAAIBAwMCBAMFBQQEAAABfQECAwAEEQUSITFBBhNRYQcicRQygZGhCCNCscEVUtHwJDNicoIJChYXGBkaJSYnKCkqNDU2Nzg5OkNERUZHSElKU1RVVldYWVpjZGVmZ2hpanN0dXZ3eHl6g4SFhoeIiYqSk5SVlpeYmZqio6Slpqeoqaqys7S1tre4ubrCw8TFxsfIycrS09TV1tfY2drh4uPk5ebn6Onq8fLz9PX29/j5+v/EAB8BAAMBAQEBAQEBAQEAAAAAAAABAgMEBQYHCAkKC//EALURAAIBAgQEAwQHBQQEAAECdwABAgMRBAUhMQYSQVEHYXETIjKBCBRCkaGxwQkjM1LwFWJy0QoWJDThJfEXGBkaJicoKSo1Njc4OTpDREVGR0hJSlNUVVZXWFlaY2RlZmdoaWpzdHV2d3h5eoKDhIWGh4iJipKTlJWWl5iZmqKjpKWmp6ipqrKztLW2t7i5usLDxMXGx8jJytLT1NXW19jZ2uLj5OXm5+jp6vLz9PX29/j5+v/aAAwDAQACEQMRAD8A+qaKKKQBRRRQAUUUUAFFFFAHNePPGWneDdLS61DfJNKSsECD5pSMZ57AZGTXi8vjj4neN7nHg+xWz090kQTCMKuexLPkhu3y45rtP2g/Cd74j0O0utM+a808uyRHJEisBuAA/i+UY/GvHfBPxC8c6NpkGn2VpcmD7UY0Eln5jqE+8nqTk4wSDngY6VpFK3mSzvovh18UtRhd9T8ZGB5YY1MS3D4UhgSDtGDwOowSSfxvf8Kx8exLO9t47mE0s0UhcyP8wXOc8c9sduOc9qng74u674i8YX2h6hpMUEYSTcoibdAVP3Wz1zyDkDn8q2/EfxJsvh5pu2az+0NIR5NrEREqjBJOeQBx0A7isZVnGoqZagnHmOb1G1+NHhWHz7e+i1qCPzZHB2yfQAHDHjBA7cjHr13wn+Kv/CU3MWja5Zmz1sBhlfuSlRluDyjcE456de1cRrP7ScIDJpWjAEx43zyFtj4BJ2gDKjJxyM47dKz/AIRWGs+LfiTD4puIpLe0T/SWkCbVdzlBGO3AHJ7dD1rbdakbbH05RRRWZQjorjDqGHoRWDeeD9Bu/NMmmwJJKctJEuxyfXcMGt+igDlIPAml2wxZXGo2wJywjumIY9shsg1l+JPhZpHiO3EGq3+qSxg7gPMQYPqMJXf0UuVXv1Hfoec6T8GPBWnTrL/ZZumWPy1F1IZFVfZTx+ld7p9haadax21hbQ21vGu1I4kCqo9ABVmimIKKKKACiiigAooooAKKKKACiiigD//Z\", \"amount\": 10, \"full_price\": \"249.90\", \"product_id\": \"9c427476-fc83-4e6d-9208-28e308d4e179\", \"unit_price\": \"22.99\", \"final_price\": \"229.90\", \"unit_discount\": \"2.00\", \"total_discount\": \"20.00\", \"original_unit_price\": \"24.99\"}]','{\"id\": \"9c4273ec-0084-4850-9960-477f0c0530f4\", \"code\": \"MZG5XI3LX8\", \"slug\": \"5%-off-1\", \"type\": 1, \"value\": \"5%\", \"amount\": 5, \"enabled\": true, \"created_at\": \"2024-06-11T07:51:06.000000Z\", \"deleted_at\": null, \"updated_at\": \"2024-06-11T07:51:06.000000Z\", \"valid_from\": \"2023-10-12T08:00:00.000000Z\", \"valid_until\": \"2024-10-12T08:00:00.000000Z\"}','{\"id\": \"9c4273ed-5fdf-4397-8834-040150b1e063\", \"name\": {\"de\": \"Lokale Schwerlasttransporte (10-25 kg)\", \"en\": \"Local Heavy (10-25kg)\", \"fr\": \"Lourd local (10-25kg)\"}, \"slug\": \"local-heavy-1\", \"price\": 2.99, \"enabled\": true, \"created_at\": \"2024-06-11T07:51:06.000000Z\", \"deleted_at\": null, \"updated_at\": \"2024-06-11T07:51:07.000000Z\", \"description\": {\"de\": \"Wenn Sie in der Nähe wohnen, liefern wir bis an die Haustür.\", \"en\": \"If you live nearby, we deliver to your door.\", \"fr\": \"Si vous habitez à proximité, nous livrons à votre porte.\"}, \"enabled_by_default_on_creation\": true}','{\"delivery\": 2.99, \"subtotal\": 719.69, \"total_payable\": 686.55, \"applied_discount\": 53.14}',1,'ashley-shaw-karlborough',NULL,'2024-06-11 07:52:51','2024-06-11 07:52:51');
/*!40000 ALTER TABLE `invoices` ENABLE KEYS */;
UNLOCK TABLES;

--
-- Table structure for table `migrations`
--

DROP TABLE IF EXISTS `migrations`;
/*!40101 SET @saved_cs_client     = @@character_set_client */;
/*!50503 SET character_set_client = utf8mb4 */;
CREATE TABLE `migrations` (
  `id` int unsigned NOT NULL AUTO_INCREMENT,
  `migration` varchar(255) COLLATE utf8mb4_unicode_ci NOT NULL,
  `batch` int NOT NULL,
  PRIMARY KEY (`id`)
) ENGINE=InnoDB AUTO_INCREMENT=55 DEFAULT CHARSET=utf8mb4 COLLATE=utf8mb4_unicode_ci;
/*!40101 SET character_set_client = @saved_cs_client */;

--
-- Dumping data for table `migrations`
--

LOCK TABLES `migrations` WRITE;
/*!40000 ALTER TABLE `migrations` DISABLE KEYS */;
INSERT INTO `migrations` VALUES (1,'2014_10_12_100000_create_password_resets_table',1),(2,'2016_06_01_000001_create_oauth_auth_codes_table',1),(3,'2016_06_01_000002_create_oauth_access_tokens_table',1),(4,'2016_06_01_000003_create_oauth_refresh_tokens_table',1),(5,'2016_06_01_000004_create_oauth_clients_table',1),(6,'2016_06_01_000005_create_oauth_personal_access_clients_table',1),(7,'2019_08_19_000000_create_failed_jobs_table',1),(8,'2021_09_09_080647_create_users_table',1),(9,'2021_09_09_080649_create_access_tokens_table',1),(10,'2021_09_09_080650_create_payment_sources_table',1),(11,'2021_09_09_080651_create_payments_table',1),(12,'2021_09_09_080652_create_system_settings_table',1),(13,'2021_09_09_080654_create_contents_table',1),(14,'2021_09_09_080655_create_products_table',1),(15,'2021_09_09_080656_create_event_logs_table',1),(16,'2021_09_09_080657_create_product_variants_table',1),(17,'2021_09_09_080658_create_carts_table',1),(18,'2021_09_09_080659_create_discount_rules_table',1),(19,'2021_09_09_080700_create_voucher_codes_table',1),(20,'2021_09_09_080701_create_product_categories_table',1),(21,'2021_09_09_080702_create_product_tags_table',1),(22,'2021_09_09_080703_create_product_attributes_table',1),(23,'2021_09_09_080704_create_product_attribute_options_table',1),(24,'2021_09_09_080705_create_delivery_types_table',1),(25,'2021_09_09_080706_create_delivery_rules_table',1),(26,'2021_09_09_082936_create_permission_tables',1),(27,'2021_09_10_075846_create_audits_table',1),(28,'2021_09_10_080648_create_file_contents_table',1),(29,'2021_09_10_144049_create_product_product_category_table',1),(30,'2021_09_10_144313_create_product_attribute_product_variant_table',1),(31,'2021_09_11_061038_create_product_product_tag_table',1),(32,'2021_09_12_071609_create_addresses_table',1),(33,'2021_09_13_124447_create_ratings_table',1),(34,'2021_09_13_130824_create_cart_product_table',1),(35,'2021_09_13_134418_create_orders_table',1),(36,'2021_09_13_135534_create_order_product_table',1),(37,'2021_09_14_135657_create_product_product_attribute_table',1),(38,'2021_09_14_145956_create_discount_rule_product_category_table',1),(39,'2021_09_14_150006_create_discount_rule_product_table',1),(40,'2021_09_16_070050_change_oauth_id_type',1),(41,'2021_09_20_111949_create_social_accounts_table',1),(42,'2021_10_04_142741_create_banners_table',1),(43,'2022_02_24_065636_create_email_archives_table',1),(44,'2022_04_21_143840_create_notifications_table',1),(45,'2022_05_09_097848_create_payment_providers_table',1),(46,'2022_05_09_097849_create_payment_provider_configs_table',1),(47,'2022_05_09_097856_create_transaction_stripe_table',1),(48,'2022_05_09_097857_create_transaction_amazon_table',1),(49,'2022_05_09_097858_create_transaction_paypal_table',1),(50,'2022_05_19_154557_create_favorited_products_table',1),(51,'2022_07_25_071557_create_invoices_table',1),(52,'2023_05_30_000000_rename_password_resets_table',1),(53,'2023_06_14_075002_create_notes_table',1),(54,'2023_10_03_144413_create_paid_file_contents_table',1);
/*!40000 ALTER TABLE `migrations` ENABLE KEYS */;
UNLOCK TABLES;

--
-- Table structure for table `model_has_permissions`
--

DROP TABLE IF EXISTS `model_has_permissions`;
/*!40101 SET @saved_cs_client     = @@character_set_client */;
/*!50503 SET character_set_client = utf8mb4 */;
CREATE TABLE `model_has_permissions` (
  `permission_id` bigint unsigned NOT NULL,
  `model_type` varchar(255) COLLATE utf8mb4_unicode_ci NOT NULL,
  `model_id` bigint unsigned NOT NULL,
  PRIMARY KEY (`permission_id`,`model_id`,`model_type`),
  KEY `model_has_permissions_model_id_model_type_index` (`model_id`,`model_type`),
  CONSTRAINT `model_has_permissions_permission_id_foreign` FOREIGN KEY (`permission_id`) REFERENCES `permissions` (`id`) ON DELETE CASCADE
) ENGINE=InnoDB DEFAULT CHARSET=utf8mb4 COLLATE=utf8mb4_unicode_ci;
/*!40101 SET character_set_client = @saved_cs_client */;

--
-- Dumping data for table `model_has_permissions`
--

LOCK TABLES `model_has_permissions` WRITE;
/*!40000 ALTER TABLE `model_has_permissions` DISABLE KEYS */;
/*!40000 ALTER TABLE `model_has_permissions` ENABLE KEYS */;
UNLOCK TABLES;

--
-- Table structure for table `model_has_roles`
--

DROP TABLE IF EXISTS `model_has_roles`;
/*!40101 SET @saved_cs_client     = @@character_set_client */;
/*!50503 SET character_set_client = utf8mb4 */;
CREATE TABLE `model_has_roles` (
  `role_id` bigint unsigned NOT NULL,
  `model_type` varchar(255) COLLATE utf8mb4_unicode_ci NOT NULL,
  `model_id` char(36) COLLATE utf8mb4_unicode_ci NOT NULL COMMENT '(DC2Type:guid)',
  PRIMARY KEY (`role_id`,`model_id`,`model_type`),
  KEY `model_has_roles_model_id_model_type_index` (`model_id`,`model_type`),
  CONSTRAINT `model_has_roles_role_id_foreign` FOREIGN KEY (`role_id`) REFERENCES `roles` (`id`) ON DELETE CASCADE
) ENGINE=InnoDB DEFAULT CHARSET=utf8mb4 COLLATE=utf8mb4_unicode_ci;
/*!40101 SET character_set_client = @saved_cs_client */;

--
-- Dumping data for table `model_has_roles`
--

LOCK TABLES `model_has_roles` WRITE;
/*!40000 ALTER TABLE `model_has_roles` DISABLE KEYS */;
INSERT INTO `model_has_roles` VALUES (1,'App\\Models\\User','9c4273cc-031e-469f-8e0f-21cb0def84e2'),(2,'App\\Models\\User','9c4273cc-2c8a-4b80-a920-e8b90155ed2f'),(3,'App\\Models\\User','9c4273cc-51cd-4120-b6fd-5e0c9ea51601'),(4,'App\\Models\\User','9c4273cc-69c7-4d94-8ec1-095fd95b9712'),(5,'App\\Models\\User','9c4273cc-8176-4f3b-84b3-117201f8b0a7'),(5,'App\\Models\\User','9c4273cc-9924-4a2c-a0a1-af3018b37ab3'),(5,'App\\Models\\User','9c4273cc-b0bf-45f5-8d37-6a087c046ac0'),(5,'App\\Models\\User','9c4273cc-c85e-444d-b2ec-3fb805b3a1fc'),(5,'App\\Models\\User','9c4273cc-e01a-452f-96b4-410e2743b7f7'),(5,'App\\Models\\User','9c4273cc-f778-4b5e-9bdc-f90847d1103a'),(5,'App\\Models\\User','9c4273cd-0f44-482c-ae6d-5233a56cbcad'),(5,'App\\Models\\User','9c4273cd-273c-46ff-ad58-87a942505d79'),(5,'App\\Models\\User','9c4273cd-3f08-426c-af71-a317e6c7ce0d'),(5,'App\\Models\\User','9c4273cd-5665-41d5-a1bf-ebfd8979aee4'),(5,'App\\Models\\User','9c4273cd-6df9-4eae-ad34-b56f8bf11835'),(5,'App\\Models\\User','9c4273cd-863c-4957-be1b-84e09c21166e'),(5,'App\\Models\\User','9c4273cd-9dd5-4ccc-b903-ba99e778c019'),(5,'App\\Models\\User','9c4273cd-b5a1-407e-8d09-82bacc21a966'),(5,'App\\Models\\User','9c4273cd-cdef-4842-958c-51898c7081c6'),(5,'App\\Models\\User','9c4273cd-e561-45a5-ab4f-92986f88c791'),(1,'App\\Models\\User','9c4273cd-fd90-42a8-99d2-54147d0e9353'),(5,'App\\Models\\User','9c4273cd-fd90-42a8-99d2-54147d0e9353');
/*!40000 ALTER TABLE `model_has_roles` ENABLE KEYS */;
UNLOCK TABLES;

--
-- Table structure for table `notes`
--

DROP TABLE IF EXISTS `notes`;
/*!40101 SET @saved_cs_client     = @@character_set_client */;
/*!50503 SET character_set_client = utf8mb4 */;
CREATE TABLE `notes` (
  `id` char(36) COLLATE utf8mb4_unicode_ci NOT NULL,
  `note` text COLLATE utf8mb4_unicode_ci NOT NULL,
  `noteable_type` varchar(255) COLLATE utf8mb4_unicode_ci DEFAULT NULL,
  `noteable_id` char(36) COLLATE utf8mb4_unicode_ci DEFAULT NULL,
  `public` tinyint(1) NOT NULL DEFAULT '0',
  `user_id` char(36) COLLATE utf8mb4_unicode_ci DEFAULT NULL,
  `created_at` timestamp NULL DEFAULT NULL,
  `updated_at` timestamp NULL DEFAULT NULL,
  PRIMARY KEY (`id`),
  KEY `notes_noteable_type_noteable_id_index` (`noteable_type`,`noteable_id`),
  KEY `notes_user_id_foreign` (`user_id`),
  CONSTRAINT `notes_user_id_foreign` FOREIGN KEY (`user_id`) REFERENCES `users` (`id`) ON DELETE SET NULL
) ENGINE=InnoDB DEFAULT CHARSET=utf8mb4 COLLATE=utf8mb4_unicode_ci;
/*!40101 SET character_set_client = @saved_cs_client */;

--
-- Dumping data for table `notes`
--

LOCK TABLES `notes` WRITE;
/*!40000 ALTER TABLE `notes` DISABLE KEYS */;
/*!40000 ALTER TABLE `notes` ENABLE KEYS */;
UNLOCK TABLES;

--
-- Table structure for table `notifications`
--

DROP TABLE IF EXISTS `notifications`;
/*!40101 SET @saved_cs_client     = @@character_set_client */;
/*!50503 SET character_set_client = utf8mb4 */;
CREATE TABLE `notifications` (
  `id` char(36) COLLATE utf8mb4_unicode_ci NOT NULL,
  `type` varchar(255) COLLATE utf8mb4_unicode_ci NOT NULL,
  `notifiable_type` varchar(255) COLLATE utf8mb4_unicode_ci NOT NULL,
  `notifiable_id` char(36) COLLATE utf8mb4_unicode_ci NOT NULL,
  `data` text COLLATE utf8mb4_unicode_ci NOT NULL,
  `read_at` timestamp NULL DEFAULT NULL,
  `created_at` timestamp NULL DEFAULT NULL,
  `updated_at` timestamp NULL DEFAULT NULL,
  PRIMARY KEY (`id`),
  KEY `notifications_notifiable_type_notifiable_id_index` (`notifiable_type`,`notifiable_id`)
) ENGINE=InnoDB DEFAULT CHARSET=utf8mb4 COLLATE=utf8mb4_unicode_ci;
/*!40101 SET character_set_client = @saved_cs_client */;

--
-- Dumping data for table `notifications`
--

LOCK TABLES `notifications` WRITE;
/*!40000 ALTER TABLE `notifications` DISABLE KEYS */;
/*!40000 ALTER TABLE `notifications` ENABLE KEYS */;
UNLOCK TABLES;

--
-- Table structure for table `oauth_access_tokens`
--

DROP TABLE IF EXISTS `oauth_access_tokens`;
/*!40101 SET @saved_cs_client     = @@character_set_client */;
/*!50503 SET character_set_client = utf8mb4 */;
CREATE TABLE `oauth_access_tokens` (
  `id` varchar(100) COLLATE utf8mb4_unicode_ci NOT NULL,
  `user_id` char(36) COLLATE utf8mb4_unicode_ci DEFAULT NULL COMMENT '(DC2Type:guid)',
  `client_id` bigint unsigned NOT NULL,
  `name` varchar(255) COLLATE utf8mb4_unicode_ci DEFAULT NULL,
  `scopes` text COLLATE utf8mb4_unicode_ci,
  `revoked` tinyint(1) NOT NULL,
  `created_at` timestamp NULL DEFAULT NULL,
  `updated_at` timestamp NULL DEFAULT NULL,
  `expires_at` datetime DEFAULT NULL,
  PRIMARY KEY (`id`),
  KEY `oauth_access_tokens_user_id_index` (`user_id`)
) ENGINE=InnoDB DEFAULT CHARSET=utf8mb4 COLLATE=utf8mb4_unicode_ci;
/*!40101 SET character_set_client = @saved_cs_client */;

--
-- Dumping data for table `oauth_access_tokens`
--

LOCK TABLES `oauth_access_tokens` WRITE;
/*!40000 ALTER TABLE `oauth_access_tokens` DISABLE KEYS */;
INSERT INTO `oauth_access_tokens` VALUES ('148a65f8096d3760f53278a282009843470d6b00fd0491e536bafbe12f38e12876c8ec36d6cb6d2a','9c4273cd-fd90-42a8-99d2-54147d0e9353',2,NULL,'[]',0,'2024-06-11 07:53:06','2024-06-11 07:53:06','2025-06-11 07:53:06');
/*!40000 ALTER TABLE `oauth_access_tokens` ENABLE KEYS */;
UNLOCK TABLES;

--
-- Table structure for table `oauth_auth_codes`
--

DROP TABLE IF EXISTS `oauth_auth_codes`;
/*!40101 SET @saved_cs_client     = @@character_set_client */;
/*!50503 SET character_set_client = utf8mb4 */;
CREATE TABLE `oauth_auth_codes` (
  `id` varchar(100) COLLATE utf8mb4_unicode_ci NOT NULL,
  `user_id` bigint unsigned NOT NULL,
  `client_id` bigint unsigned NOT NULL,
  `scopes` text COLLATE utf8mb4_unicode_ci,
  `revoked` tinyint(1) NOT NULL,
  `expires_at` datetime DEFAULT NULL,
  PRIMARY KEY (`id`),
  KEY `oauth_auth_codes_user_id_index` (`user_id`)
) ENGINE=InnoDB DEFAULT CHARSET=utf8mb4 COLLATE=utf8mb4_unicode_ci;
/*!40101 SET character_set_client = @saved_cs_client */;

--
-- Dumping data for table `oauth_auth_codes`
--

LOCK TABLES `oauth_auth_codes` WRITE;
/*!40000 ALTER TABLE `oauth_auth_codes` DISABLE KEYS */;
/*!40000 ALTER TABLE `oauth_auth_codes` ENABLE KEYS */;
UNLOCK TABLES;

--
-- Table structure for table `oauth_clients`
--

DROP TABLE IF EXISTS `oauth_clients`;
/*!40101 SET @saved_cs_client     = @@character_set_client */;
/*!50503 SET character_set_client = utf8mb4 */;
CREATE TABLE `oauth_clients` (
  `id` bigint unsigned NOT NULL AUTO_INCREMENT,
  `user_id` bigint unsigned DEFAULT NULL,
  `name` varchar(255) COLLATE utf8mb4_unicode_ci NOT NULL,
  `secret` varchar(100) COLLATE utf8mb4_unicode_ci DEFAULT NULL,
  `provider` varchar(255) COLLATE utf8mb4_unicode_ci DEFAULT NULL,
  `redirect` text COLLATE utf8mb4_unicode_ci NOT NULL,
  `personal_access_client` tinyint(1) NOT NULL,
  `password_client` tinyint(1) NOT NULL,
  `revoked` tinyint(1) NOT NULL,
  `created_at` timestamp NULL DEFAULT NULL,
  `updated_at` timestamp NULL DEFAULT NULL,
  PRIMARY KEY (`id`),
  KEY `oauth_clients_user_id_index` (`user_id`)
) ENGINE=InnoDB AUTO_INCREMENT=3 DEFAULT CHARSET=utf8mb4 COLLATE=utf8mb4_unicode_ci;
/*!40101 SET character_set_client = @saved_cs_client */;

--
-- Dumping data for table `oauth_clients`
--

LOCK TABLES `oauth_clients` WRITE;
/*!40000 ALTER TABLE `oauth_clients` DISABLE KEYS */;
INSERT INTO `oauth_clients` VALUES (1,NULL,'Shoptopus Personal Access Client','QQOGlcx2JjTabZt7LJ0GLxNmxqx6zAQAtmrw3cO4',NULL,'http://localhost',1,0,0,'2024-06-11 07:52:54','2024-06-11 07:52:54'),(2,NULL,'Shoptopus Password Grant Client','gJ4VqohmS3Tc3VN7YCfnvF7Xw24511lof2xWnqnr','users','http://localhost',0,1,0,'2024-06-11 07:52:54','2024-06-11 07:52:54');
/*!40000 ALTER TABLE `oauth_clients` ENABLE KEYS */;
UNLOCK TABLES;

--
-- Table structure for table `oauth_personal_access_clients`
--

DROP TABLE IF EXISTS `oauth_personal_access_clients`;
/*!40101 SET @saved_cs_client     = @@character_set_client */;
/*!50503 SET character_set_client = utf8mb4 */;
CREATE TABLE `oauth_personal_access_clients` (
  `id` bigint unsigned NOT NULL AUTO_INCREMENT,
  `client_id` bigint unsigned NOT NULL,
  `created_at` timestamp NULL DEFAULT NULL,
  `updated_at` timestamp NULL DEFAULT NULL,
  PRIMARY KEY (`id`)
) ENGINE=InnoDB AUTO_INCREMENT=2 DEFAULT CHARSET=utf8mb4 COLLATE=utf8mb4_unicode_ci;
/*!40101 SET character_set_client = @saved_cs_client */;

--
-- Dumping data for table `oauth_personal_access_clients`
--

LOCK TABLES `oauth_personal_access_clients` WRITE;
/*!40000 ALTER TABLE `oauth_personal_access_clients` DISABLE KEYS */;
INSERT INTO `oauth_personal_access_clients` VALUES (1,1,'2024-06-11 07:52:54','2024-06-11 07:52:54');
/*!40000 ALTER TABLE `oauth_personal_access_clients` ENABLE KEYS */;
UNLOCK TABLES;

--
-- Table structure for table `oauth_refresh_tokens`
--

DROP TABLE IF EXISTS `oauth_refresh_tokens`;
/*!40101 SET @saved_cs_client     = @@character_set_client */;
/*!50503 SET character_set_client = utf8mb4 */;
CREATE TABLE `oauth_refresh_tokens` (
  `id` varchar(100) COLLATE utf8mb4_unicode_ci NOT NULL,
  `access_token_id` varchar(100) COLLATE utf8mb4_unicode_ci NOT NULL,
  `revoked` tinyint(1) NOT NULL,
  `expires_at` datetime DEFAULT NULL,
  PRIMARY KEY (`id`),
  KEY `oauth_refresh_tokens_access_token_id_index` (`access_token_id`)
) ENGINE=InnoDB DEFAULT CHARSET=utf8mb4 COLLATE=utf8mb4_unicode_ci;
/*!40101 SET character_set_client = @saved_cs_client */;

--
-- Dumping data for table `oauth_refresh_tokens`
--

LOCK TABLES `oauth_refresh_tokens` WRITE;
/*!40000 ALTER TABLE `oauth_refresh_tokens` DISABLE KEYS */;
INSERT INTO `oauth_refresh_tokens` VALUES ('7b6010da378f115cdf6e86669361e63e27acc7590a0391e77b43f4b37c0d3e8e752fb67a21622977','148a65f8096d3760f53278a282009843470d6b00fd0491e536bafbe12f38e12876c8ec36d6cb6d2a',0,'2025-06-11 07:53:06');
/*!40000 ALTER TABLE `oauth_refresh_tokens` ENABLE KEYS */;
UNLOCK TABLES;

--
-- Table structure for table `order_product`
--

DROP TABLE IF EXISTS `order_product`;
/*!40101 SET @saved_cs_client     = @@character_set_client */;
/*!50503 SET character_set_client = utf8mb4 */;
CREATE TABLE `order_product` (
  `id` char(36) COLLATE utf8mb4_unicode_ci NOT NULL,
  `created_at` timestamp NULL DEFAULT NULL,
  `updated_at` timestamp NULL DEFAULT NULL,
  `order_id` char(36) COLLATE utf8mb4_unicode_ci DEFAULT NULL,
  `product_id` char(36) COLLATE utf8mb4_unicode_ci DEFAULT NULL,
  `product_variant_id` char(36) COLLATE utf8mb4_unicode_ci DEFAULT NULL,
  `amount` int NOT NULL DEFAULT '1',
  `name` text COLLATE utf8mb4_unicode_ci NOT NULL,
  `original_unit_price` decimal(8,2) unsigned NOT NULL DEFAULT '0.00',
  `unit_price` decimal(8,2) unsigned NOT NULL DEFAULT '0.00',
  `full_price` decimal(8,2) unsigned NOT NULL DEFAULT '0.00',
  `final_price` decimal(8,2) unsigned NOT NULL DEFAULT '0.00',
  `unit_discount` decimal(8,2) unsigned NOT NULL DEFAULT '0.00',
  `total_discount` decimal(8,2) unsigned NOT NULL DEFAULT '0.00',
  `returned` tinyint(1) NOT NULL DEFAULT '0',
  `returned_at` datetime DEFAULT NULL,
  `return_reason` varchar(255) COLLATE utf8mb4_unicode_ci DEFAULT NULL,
  `slug` varchar(255) COLLATE utf8mb4_unicode_ci NOT NULL,
  `urls` json DEFAULT NULL,
  PRIMARY KEY (`id`),
  UNIQUE KEY `order_product_order_id_product_id_unique` (`order_id`,`product_id`),
  KEY `order_product_product_id_foreign` (`product_id`),
  KEY `order_product_product_variant_id_foreign` (`product_variant_id`),
  CONSTRAINT `order_product_order_id_foreign` FOREIGN KEY (`order_id`) REFERENCES `orders` (`id`) ON DELETE SET NULL,
  CONSTRAINT `order_product_product_id_foreign` FOREIGN KEY (`product_id`) REFERENCES `products` (`id`) ON DELETE SET NULL,
  CONSTRAINT `order_product_product_variant_id_foreign` FOREIGN KEY (`product_variant_id`) REFERENCES `product_variants` (`id`) ON DELETE SET NULL
) ENGINE=InnoDB DEFAULT CHARSET=utf8mb4 COLLATE=utf8mb4_unicode_ci;
/*!40101 SET character_set_client = @saved_cs_client */;

--
-- Dumping data for table `order_product`
--

LOCK TABLES `order_product` WRITE;
/*!40000 ALTER TABLE `order_product` DISABLE KEYS */;
INSERT INTO `order_product` VALUES ('9c427485-42c7-4d89-bd67-3abd41ba2ebe','2024-06-11 07:52:46','2024-06-11 07:52:46','9c427485-1ef0-4055-896c-9825e7cd1cf7','9c427423-8dc7-4a04-8a33-d838f1989a0d','9c42747d-c3a1-4853-91a4-915e2e1b69ef',6,'{\"en\":\"Sporty Track Pants - (Size) L\",\"hu\":\"Sporty Track Pants - (Size) L\",\"de\":\"Sportliche Trainingshose - (Gr\\u00f6\\u00dfe) M\",\"fr\":\"Pantalon de surv\\u00eatement sportif - (Taille) L\"}',22.99,22.99,137.94,137.94,0.00,0.00,0,NULL,NULL,'mr-roland-treiber-lillyfort-sporty-track-pants-1',NULL),('9c427485-45e2-43d1-9f55-d7dae0b0dfef','2024-06-11 07:52:46','2024-06-11 07:52:46','9c427485-1ef0-4055-896c-9825e7cd1cf7','9c42744c-b4d2-4b9f-a7fc-b0e19bbd9207','9c42747e-f9ad-4777-9221-f5a4b7783494',1,'{\"en\":\"Classic Leather Boots - (Size) 10\",\"hu\":\"Classic Leather Boots - (Size) 10\",\"de\":\"Klassische Lederstiefel - (Gr\\u00f6\\u00dfe) 10\",\"fr\":\"Bottes en cuir classiques - (Taille) dix\"}',27.99,27.99,27.99,27.99,0.00,0.00,0,NULL,NULL,'mr-roland-treiber-lillyfort-classic-leather-boots',NULL),('9c427485-48b3-4a1f-af63-ef347c717e4b','2024-06-11 07:52:46','2024-06-11 07:52:46','9c427485-1ef0-4055-896c-9825e7cd1cf7','9c427407-0bb8-4bb4-97cd-ba830bdf6728','9c42747d-2386-4e6a-b686-b4de293bf7eb',4,'{\"en\":\"Sporty Track Pants - (Size) XL\",\"hu\":\"Sporty Track Pants - (Size) XL\",\"de\":\"Sportliche Trainingshose - (Gr\\u00f6\\u00dfe) XL\",\"fr\":\"Pantalon de surv\\u00eatement sportif - (Taille) XL\"}',22.99,22.99,91.96,91.96,0.00,0.00,0,NULL,NULL,'mr-roland-treiber-lillyfort-sporty-track-pants',NULL),('9c427485-4b73-4f6a-8f9d-a86f8a10d6a6','2024-06-11 07:52:46','2024-06-11 07:52:46','9c427485-1ef0-4055-896c-9825e7cd1cf7','9c427418-4736-4bac-99cc-ada2a171a3ae','9c42747d-729f-485c-9066-2f37bb38424b',6,'{\"en\":\"Floral Midi Skirt - (Size) XS\",\"hu\":\"Floral Midi Skirt - (Size) XS\",\"de\":\"Gebl\\u00fcmter Midirock - (Gr\\u00f6\\u00dfe) Gr\\u00f6\\u00dfe\",\"fr\":\"Jupe mi-longue fleurie - (Taille) XS\"}',22.99,22.99,137.94,137.94,0.00,0.00,0,NULL,NULL,'mr-roland-treiber-lillyfort-floral-midi-skirt',NULL),('9c427485-4e2a-4649-a046-59d8d2eeb2ca','2024-06-11 07:52:46','2024-06-11 07:52:46','9c427485-1ef0-4055-896c-9825e7cd1cf7','9c427436-8ecf-42ba-bf14-a29bcdd197a7','9c427477-d438-4183-bdb0-7783aefd9fcb',4,'{\"en\":\"Classic Ankle Boots - (Size) 9.5, (Colour) Dark Green\",\"hu\":\"Classic Ankle Boots - (Size) 9.5, (Colour) Dark Green\",\"de\":\"Klassische Stiefeletten - (Gr\\u00f6\\u00dfe) 9,5, (Farbe) Dunkelgr\\u00fcn\",\"fr\":\"Bottines classiques - (Taille) 9.5, (Couleur) Vert fonc\\u00e9\"}',28.25,28.25,113.00,113.00,0.00,0.00,0,NULL,NULL,'mr-roland-treiber-lillyfort-classic-ankle-boots',NULL),('9c427485-50dd-4c6a-85f9-ec8cb0b0aba3','2024-06-11 07:52:46','2024-06-11 07:52:46','9c427485-1ef0-4055-896c-9825e7cd1cf7','9c427402-69ff-458e-9080-7043ee891a99','9c42747c-f22d-4fee-ae13-a19e277f70fd',7,'{\"en\":\"Classic Dress Trousers - (Size) XS\",\"hu\":\"Classic Dress Trousers - (Size) XS\",\"de\":\"Klassische Anzughose - (Gr\\u00f6\\u00dfe) Gr\\u00f6\\u00dfe\",\"fr\":\"Pantalon habill\\u00e9 classique - (Taille) XS\"}',27.99,27.99,195.93,195.93,0.00,0.00,0,NULL,NULL,'mr-roland-treiber-lillyfort-classic-dress-trousers',NULL),('9c427485-538a-41d6-b240-978f7e831a83','2024-06-11 07:52:46','2024-06-11 07:52:46','9c427485-1ef0-4055-896c-9825e7cd1cf7','9c427441-6d77-4a9b-b668-7906aca48814','9c42747b-1386-4396-b005-a5a83af8590c',2,'{\"en\":\"Classic Leather Loafers - (Size) 9, (Colour) Dark Gray\",\"hu\":\"Classic Leather Loafers - (Size) 9, (Colour) Dark Gray\",\"de\":\"Klassische Leder-Loafer - (Gr\\u00f6\\u00dfe) 9, (Farbe) Dunkelgrau\",\"fr\":\"Mocassins classiques en cuir - (Taille) 9, (Couleur) Gris fonc\\u00e9\"}',29.99,29.99,59.98,59.98,0.00,0.00,0,NULL,NULL,'mr-roland-treiber-lillyfort-classic-leather-loafers',NULL),('9c427485-5643-40b4-a1e2-9ff3a37f2117','2024-06-11 07:52:46','2024-06-11 07:52:46','9c427485-1ef0-4055-896c-9825e7cd1cf7','9c42743a-34af-4ae7-9298-273fbd731492','9c42747e-560f-4c68-a0e8-8c6504e21256',10,'{\"en\":\"Fashion Knee-High Boots - (Size) 8.5\",\"hu\":\"Fashion Knee-High Boots - (Size) 8.5\",\"de\":\"Modische kniehohe Stiefel - (Gr\\u00f6\\u00dfe) 8,5\",\"fr\":\"Bottes hautes \\u00e0 la mode - (Taille) 8.5\"}',29.99,29.99,299.90,299.90,0.00,0.00,0,NULL,NULL,'mr-roland-treiber-lillyfort-fashion-knee-high-boots',NULL),('9c427485-5887-41f7-843b-fad7b2a13bf5','2024-06-11 07:52:46','2024-06-11 07:52:46','9c427485-1ef0-4055-896c-9825e7cd1cf7','9c42745a-0892-4f60-a2e1-04860f4125cf',NULL,10,'{\"en\":\"Vintage Round Sunglasses\",\"de\":\"Runde Vintage-Sonnenbrille\",\"fr\":\"Lunettes de soleil rondes vintage\"}',22.50,22.50,225.00,225.00,0.00,0.00,0,NULL,NULL,'mr-roland-treiber-lillyfort-vintage-round-sunglasses',NULL),('9c427485-5b53-4933-9bb1-ecf735aae72d','2024-06-11 07:52:46','2024-06-11 07:52:46','9c427485-1ef0-4055-896c-9825e7cd1cf7','9c427445-10fc-4a7c-bda2-902b5b9bebed','9c42747e-b387-428a-99a5-b71d72123591',3,'{\"en\":\"Fashion Slip-On Loafers - (Size) 9.5\",\"hu\":\"Fashion Slip-On Loafers - (Size) 9.5\",\"de\":\"Modische Slipper zum Hineinschl\\u00fcpfen - (Gr\\u00f6\\u00dfe) 9,5\",\"fr\":\"Mocassins \\u00e0 la mode \\u00e0 enfiler - (Taille) 9.5\"}',29.99,29.99,89.97,89.97,0.00,0.00,0,NULL,NULL,'mr-roland-treiber-lillyfort-fashion-slip-on-loafers',NULL),('9c427485-5def-45a9-8e13-074f6a1a21c9','2024-06-11 07:52:46','2024-06-11 07:52:46','9c427485-1ef0-4055-896c-9825e7cd1cf7','9c427427-5fa8-4839-8daf-9e78672196ad','9c42747d-d483-42c4-bdc9-d2dbc91b0200',9,'{\"en\":\"Sporty Ankle Socks - (Size) 8\",\"hu\":\"Sporty Ankle Socks - (Size) 8\",\"de\":\"Sportliche S\\u00f6ckchen - (Gr\\u00f6\\u00dfe) 8\",\"fr\":\"Socquettes sportives - (Taille) 8\"}',14.50,14.50,130.50,130.50,0.00,0.00,0,NULL,NULL,'mr-roland-treiber-lillyfort-sporty-ankle-socks-1',NULL),('9c427485-60ac-43b3-821a-44be55ffca31','2024-06-11 07:52:46','2024-06-11 07:52:46','9c427485-1ef0-4055-896c-9825e7cd1cf7','9c427448-a5ad-44d0-b513-df19ec8971e3','9c42747e-c964-492d-9b80-35896057e467',2,'{\"en\":\"Sporty Outdoor Sandals - (Size) 8\",\"hu\":\"Sporty Outdoor Sandals - (Size) 8\",\"de\":\"Sportliche Outdoor-Sandalen - (Gr\\u00f6\\u00dfe) 8\",\"fr\":\"Sandales d&#39;ext\\u00e9rieur sportives - (Taille) 8\"}',23.50,23.50,47.00,47.00,0.00,0.00,0,NULL,NULL,'mr-roland-treiber-lillyfort-sporty-outdoor-sandals',NULL),('9c427485-632a-4a7b-886d-d55613e0c84f','2024-06-11 07:52:46','2024-06-11 07:52:46','9c427485-1ef0-4055-896c-9825e7cd1cf7','9c427461-679d-40f0-bc4a-7c3c30abd7af',NULL,3,'{\"en\":\"Statement Tassel Earrings\",\"de\":\"Statement-Quastenohrringe\",\"fr\":\"Boucles d&#39;oreilles \\u00e0 pampilles tendance\"}',24.99,24.99,74.97,74.97,0.00,0.00,0,NULL,NULL,'mr-roland-treiber-lillyfort-statement-tassel-earrings',NULL),('9c427485-65c2-4555-8162-fc59978322ee','2024-06-11 07:52:46','2024-06-11 07:52:46','9c427485-22b1-4ed4-9fc0-b73fd57c08e7','9c42740a-d67a-48f4-9927-04e9464288f4','9c42747d-3760-4bb8-a341-a0c9acae49d2',4,'{\"en\":\"Sporty Ankle Socks - (Size) 9\",\"hu\":\"Sporty Ankle Socks - (Size) 9\",\"de\":\"Sportliche S\\u00f6ckchen - (Gr\\u00f6\\u00dfe) 9\",\"fr\":\"Socquettes sportives - (Taille) 9\"}',14.50,14.50,58.00,58.00,0.00,0.00,0,NULL,NULL,'gavin-holmes-alisonhaven-sporty-ankle-socks',NULL),('9c427485-688e-48c0-a6da-7c71075831e6','2024-06-11 07:52:46','2024-06-11 07:52:46','9c427485-22b1-4ed4-9fc0-b73fd57c08e7','9c42741b-fbd5-4310-856c-6e9d03e2615e','9c42747d-97ea-4409-9928-8253082881b2',10,'{\"en\":\"Casual V-Neck Jumper - (Size) S\",\"hu\":\"Casual V-Neck Jumper - (Size) S\",\"de\":\"L\\u00e4ssiger Pullover mit V-Ausschnitt - (Gr\\u00f6\\u00dfe) S\",\"fr\":\"Pull d\\u00e9contract\\u00e9 \\u00e0 col en V - (Taille) S\"}',21.50,21.50,215.00,215.00,0.00,0.00,0,NULL,NULL,'gavin-holmes-alisonhaven-casual-v-neck-jumper',NULL),('9c427485-6ab2-4e09-93d4-39cbe770cd0c','2024-06-11 07:52:46','2024-06-11 07:52:46','9c427485-22b1-4ed4-9fc0-b73fd57c08e7','9c427461-679d-40f0-bc4a-7c3c30abd7af',NULL,9,'{\"en\":\"Statement Tassel Earrings\",\"de\":\"Statement-Quastenohrringe\",\"fr\":\"Boucles d&#39;oreilles \\u00e0 pampilles tendance\"}',24.99,24.99,224.91,224.91,0.00,0.00,0,NULL,NULL,'gavin-holmes-alisonhaven-statement-tassel-earrings',NULL),('9c427485-6d42-4951-8c4c-fd33235ef61b','2024-06-11 07:52:46','2024-06-11 07:52:46','9c427485-2471-4196-8b81-ba78673693a1','9c42741f-c8c5-4197-b78a-2aec13df1767','9c42747d-b54a-4160-9bc2-201190bcdbfa',4,'{\"en\":\"Classic Dress Trousers - (Size) XL\",\"hu\":\"Classic Dress Trousers - (Size) XL\",\"de\":\"Klassische Anzughose - (Gr\\u00f6\\u00dfe) XL\",\"fr\":\"Pantalon habill\\u00e9 classique - (Taille) XL\"}',29.99,29.99,119.96,119.96,0.00,0.00,0,NULL,NULL,'jackson-khan-new-sashachester-classic-dress-trousers-1',NULL),('9c427485-70bb-475d-b4d0-c989644fc34a','2024-06-11 07:52:46','2024-06-11 07:52:46','9c427485-2471-4196-8b81-ba78673693a1','9c427418-4736-4bac-99cc-ada2a171a3ae','9c42747d-729f-485c-9066-2f37bb38424b',2,'{\"en\":\"Floral Midi Skirt - (Size) XS\",\"hu\":\"Floral Midi Skirt - (Size) XS\",\"de\":\"Gebl\\u00fcmter Midirock - (Gr\\u00f6\\u00dfe) Gr\\u00f6\\u00dfe\",\"fr\":\"Jupe mi-longue fleurie - (Taille) XS\"}',22.99,22.99,45.98,45.98,0.00,0.00,0,NULL,NULL,'jackson-khan-new-sashachester-floral-midi-skirt',NULL),('9c427485-735c-4958-8555-36c59bab3503','2024-06-11 07:52:46','2024-06-11 07:52:46','9c427485-2471-4196-8b81-ba78673693a1','9c42742d-6062-45d9-bd66-800979f535b1','9c42747a-63ae-4f1e-a658-c9335a68121c',1,'{\"en\":\"Sporty Running Sneakers - (Size) 9, (Colour) Bright Green\",\"hu\":\"Sporty Running Sneakers - (Size) 9, (Colour) Bright Green\",\"de\":\"Sportliche Laufsneaker - (Gr\\u00f6\\u00dfe) 9, (Farbe) Hellgr\\u00fcn\",\"fr\":\"Baskets de course sportives - (Taille) 9, (Couleur) Vert clair\"}',27.95,27.95,27.95,27.95,0.00,0.00,0,NULL,NULL,'jackson-khan-new-sashachester-sporty-running-sneakers',NULL),('9c427485-7620-4919-abe4-74f7ca47ac83','2024-06-11 07:52:46','2024-06-11 07:52:46','9c427485-2471-4196-8b81-ba78673693a1','9c42743a-34af-4ae7-9298-273fbd731492','9c42747e-6141-4f8d-8c35-9734482ad77b',6,'{\"en\":\"Fashion Knee-High Boots - (Size) 10\",\"hu\":\"Fashion Knee-High Boots - (Size) 10\",\"de\":\"Modische kniehohe Stiefel - (Gr\\u00f6\\u00dfe) 10\",\"fr\":\"Bottes hautes \\u00e0 la mode - (Taille) dix\"}',29.99,29.99,179.94,179.94,0.00,0.00,0,NULL,NULL,'jackson-khan-new-sashachester-fashion-knee-high-boots',NULL),('9c427485-78bd-46d7-94df-0168fb9cb89f','2024-06-11 07:52:46','2024-06-11 07:52:46','9c427485-2471-4196-8b81-ba78673693a1','9c4273fa-a9f5-46b3-a8b7-77e8f834ce68','9c42747c-b0dd-4e07-ac3e-0df530b1136d',7,'{\"en\":\"Casual Checkered Shirt - (Size) S\",\"hu\":\"Casual Checkered Shirt - (Size) S\",\"de\":\"L\\u00e4ssiges kariertes Hemd - (Gr\\u00f6\\u00dfe) S\",\"fr\":\"Chemise \\u00e0 carreaux d\\u00e9contract\\u00e9e - (Taille) S\"}',24.99,24.99,174.93,174.93,0.00,0.00,0,NULL,NULL,'jackson-khan-new-sashachester-casual-checkered-shirt',NULL),('9c427485-7b95-4424-9e2c-2a85c3484b41','2024-06-11 07:52:46','2024-06-11 07:52:46','9c427485-2471-4196-8b81-ba78673693a1','9c427473-53e1-4ecf-b548-b429632e6501',NULL,5,'{\"en\":\"Leather Cuff Bracelet\",\"de\":\"Lederarmband\",\"fr\":\"Bracelet manchette en cuir\"}',18.99,16.99,94.95,84.95,2.00,10.00,0,NULL,NULL,'jackson-khan-new-sashachester-leather-cuff-bracelet',NULL),('9c427485-7e19-4aed-bf47-d31ecb35bb72','2024-06-11 07:52:46','2024-06-11 07:52:46','9c427485-2471-4196-8b81-ba78673693a1','9c427436-8ecf-42ba-bf14-a29bcdd197a7','9c427477-a2e6-42e4-9da8-06949bafed70',6,'{\"en\":\"Classic Ankle Boots - (Size) 8.5, (Colour) Midnight Blue\",\"hu\":\"Classic Ankle Boots - (Size) 8.5, (Colour) Midnight Blue\",\"de\":\"Klassische Stiefeletten - (Gr\\u00f6\\u00dfe) 8,5, (Farbe) Mitternachtsblau\",\"fr\":\"Bottines classiques - (Taille) 8.5, (Couleur) Bleu nuit\"}',27.95,27.95,167.70,167.70,0.00,0.00,0,NULL,NULL,'jackson-khan-new-sashachester-classic-ankle-boots',NULL),('9c427485-80dc-4b0c-a997-85fa7bb1204d','2024-06-11 07:52:46','2024-06-11 07:52:46','9c427485-2471-4196-8b81-ba78673693a1','9c427423-8dc7-4a04-8a33-d838f1989a0d','9c42747d-b8fa-448b-875d-840d2d0d35e4',5,'{\"en\":\"Sporty Track Pants - (Size) XS\",\"hu\":\"Sporty Track Pants - (Size) XS\",\"de\":\"Sportliche Trainingshose - (Gr\\u00f6\\u00dfe) Gr\\u00f6\\u00dfe\",\"fr\":\"Pantalon de surv\\u00eatement sportif - (Taille) XS\"}',22.99,22.99,114.95,114.95,0.00,0.00,0,NULL,NULL,'jackson-khan-new-sashachester-sporty-track-pants-1',NULL),('9c427485-8399-4c5b-aea6-7edd337a5830','2024-06-11 07:52:46','2024-06-11 07:52:46','9c427485-2471-4196-8b81-ba78673693a1','9c42744c-b4d2-4b9f-a7fc-b0e19bbd9207','9c42747e-f3fd-4594-a1d3-7e04a078829d',5,'{\"en\":\"Classic Leather Boots - (Size) 9\",\"hu\":\"Classic Leather Boots - (Size) 9\",\"de\":\"Klassische Lederstiefel - (Gr\\u00f6\\u00dfe) 9\",\"fr\":\"Bottes en cuir classiques - (Taille) 9\"}',27.99,27.99,139.95,139.95,0.00,0.00,0,NULL,NULL,'jackson-khan-new-sashachester-classic-leather-boots',NULL),('9c427485-85a3-4e41-81f8-16602206c0f4','2024-06-11 07:52:46','2024-06-11 07:52:46','9c427485-2471-4196-8b81-ba78673693a1','9c427465-39d5-4c6e-a3a2-867819f62e05',NULL,10,'{\"en\":\"Classic Fedora Hat\",\"de\":\"Klassischer Fedora-Hut\",\"fr\":\"Chapeau Fedora classique\"}',18.50,18.50,185.00,185.00,0.00,0.00,0,NULL,NULL,'jackson-khan-new-sashachester-classic-fedora-hat',NULL),('9c427485-8892-4ba8-86f5-57fb46306b5e','2024-06-11 07:52:46','2024-06-11 07:52:46','9c427485-2471-4196-8b81-ba78673693a1','9c427441-6d77-4a9b-b668-7906aca48814','9c42747b-20ed-401d-91da-d94898a514db',3,'{\"en\":\"Classic Leather Loafers - (Size) 10, (Colour) Dark Gray\",\"hu\":\"Classic Leather Loafers - (Size) 10, (Colour) Dark Gray\",\"de\":\"Klassische Leder-Loafer - (Gr\\u00f6\\u00dfe) 10, (Farbe) Dunkelgrau\",\"fr\":\"Mocassins classiques en cuir - (Taille) dix, (Couleur) Gris fonc\\u00e9\"}',29.99,29.99,89.97,89.97,0.00,0.00,0,NULL,NULL,'jackson-khan-new-sashachester-classic-leather-loafers',NULL),('9c427485-8b6a-4a39-88b5-f6bc99a912a1','2024-06-11 07:52:46','2024-06-11 07:52:46','9c427485-2471-4196-8b81-ba78673693a1','9c427476-fc83-4e6d-9208-28e308d4e179',NULL,6,'{\"en\":\"Beaded Charm Bracelet\",\"de\":\"Perlenarmband\",\"fr\":\"Bracelet \\u00e0 breloques perl\\u00e9\"}',24.99,22.99,149.94,137.94,2.00,12.00,0,NULL,NULL,'jackson-khan-new-sashachester-beaded-charm-bracelet',NULL),('9c427485-8d92-4ef0-bd64-91150633c0b5','2024-06-11 07:52:46','2024-06-11 07:52:46','9c427485-2471-4196-8b81-ba78673693a1','9c42746f-e905-4763-881f-0eefcb60f795',NULL,7,'{\"en\":\"Sporty Wraparound Sunglasses\",\"de\":\"Sportliche Wraparound-Sonnenbrille\",\"fr\":\"Lunettes de soleil enveloppantes sportives\"}',19.50,17.50,136.50,122.50,2.00,14.00,0,NULL,NULL,'jackson-khan-new-sashachester-sporty-wraparound-sunglasses',NULL),('9c427485-90d1-4d28-9896-d97fd7afd2e5','2024-06-11 07:52:46','2024-06-11 07:52:46','9c427485-2471-4196-8b81-ba78673693a1','9c427450-8225-4e1d-bfb7-ec4c08a908f2','9c42747a-e3d4-4bbc-85b1-9410a8d3b690',9,'{\"en\":\"Outdoor Hiking Boots - (Size) 9, (Colour) Black\",\"hu\":\"Outdoor Hiking Boots - (Size) 9, (Colour) Black\",\"de\":\"Outdoor-Wanderschuhe - (Gr\\u00f6\\u00dfe) 9, (Farbe) Schwarz\",\"fr\":\"Bottes de randonn\\u00e9e en plein air - (Taille) 9, (Couleur) Noir\"}',29.99,29.99,269.91,269.91,0.00,0.00,0,NULL,NULL,'jackson-khan-new-sashachester-outdoor-hiking-boots',NULL),('9c427485-92fd-4f5a-9224-05537fb55a20','2024-06-11 07:52:46','2024-06-11 07:52:46','9c427485-2638-49a5-9a19-3092909853c5','9c42741f-c8c5-4197-b78a-2aec13df1767','9c42747d-ae25-40f4-b568-0810ed706f71',9,'{\"en\":\"Classic Dress Trousers - (Size) M\",\"hu\":\"Classic Dress Trousers - (Size) M\",\"de\":\"Klassische Anzughose - (Gr\\u00f6\\u00dfe) M\",\"fr\":\"Pantalon habill\\u00e9 classique - (Taille) M\"}',29.99,29.99,269.91,269.91,0.00,0.00,0,NULL,NULL,'florence-cox-eileenport-classic-dress-trousers-1',NULL),('9c427485-95a5-4f51-ad9c-678154d7d4a5','2024-06-11 07:52:46','2024-06-11 07:52:46','9c427485-2638-49a5-9a19-3092909853c5','9c4273fa-a9f5-46b3-a8b7-77e8f834ce68','9c42747c-b0dd-4e07-ac3e-0df530b1136d',5,'{\"en\":\"Casual Checkered Shirt - (Size) S\",\"hu\":\"Casual Checkered Shirt - (Size) S\",\"de\":\"L\\u00e4ssiges kariertes Hemd - (Gr\\u00f6\\u00dfe) S\",\"fr\":\"Chemise \\u00e0 carreaux d\\u00e9contract\\u00e9e - (Taille) S\"}',24.99,24.99,124.95,124.95,0.00,0.00,0,NULL,NULL,'florence-cox-eileenport-casual-checkered-shirt',NULL),('9c427485-984c-4106-92d5-97dbb685d31b','2024-06-11 07:52:46','2024-06-11 07:52:46','9c427485-2638-49a5-9a19-3092909853c5','9c427441-6d77-4a9b-b668-7906aca48814','9c42747b-1386-4396-b005-a5a83af8590c',4,'{\"en\":\"Classic Leather Loafers - (Size) 9, (Colour) Dark Gray\",\"hu\":\"Classic Leather Loafers - (Size) 9, (Colour) Dark Gray\",\"de\":\"Klassische Leder-Loafer - (Gr\\u00f6\\u00dfe) 9, (Farbe) Dunkelgrau\",\"fr\":\"Mocassins classiques en cuir - (Taille) 9, (Couleur) Gris fonc\\u00e9\"}',29.99,29.99,119.96,119.96,0.00,0.00,0,NULL,NULL,'florence-cox-eileenport-classic-leather-loafers',NULL),('9c427485-9b0c-4329-9ec8-812360b7ec90','2024-06-11 07:52:46','2024-06-11 07:52:46','9c427485-2638-49a5-9a19-3092909853c5','9c42743a-34af-4ae7-9298-273fbd731492','9c42747e-560f-4c68-a0e8-8c6504e21256',5,'{\"en\":\"Fashion Knee-High Boots - (Size) 8.5\",\"hu\":\"Fashion Knee-High Boots - (Size) 8.5\",\"de\":\"Modische kniehohe Stiefel - (Gr\\u00f6\\u00dfe) 8,5\",\"fr\":\"Bottes hautes \\u00e0 la mode - (Taille) 8.5\"}',29.99,29.99,149.95,149.95,0.00,0.00,0,NULL,NULL,'florence-cox-eileenport-fashion-knee-high-boots',NULL),('9c427485-9d51-486f-a29a-16d02227cce4','2024-06-11 07:52:46','2024-06-11 07:52:46','9c427485-2638-49a5-9a19-3092909853c5','9c427468-ff76-487b-9d41-2c68977b3cf7',NULL,7,'{\"en\":\"Classic Silk Tie\",\"de\":\"Klassische Seidenkrawatte\",\"fr\":\"Cravate classique en soie\"}',19.99,17.99,139.93,125.93,2.00,14.00,0,NULL,NULL,'florence-cox-eileenport-classic-silk-tie',NULL),('9c427485-a059-4692-95e9-626fd67e3e45','2024-06-11 07:52:46','2024-06-11 07:52:46','9c427485-2638-49a5-9a19-3092909853c5','9c427407-0bb8-4bb4-97cd-ba830bdf6728','9c42747d-1248-443e-9aa5-4a1a777b4cd5',2,'{\"en\":\"Sporty Track Pants - (Size) XS\",\"hu\":\"Sporty Track Pants - (Size) XS\",\"de\":\"Sportliche Trainingshose - (Gr\\u00f6\\u00dfe) Gr\\u00f6\\u00dfe\",\"fr\":\"Pantalon de surv\\u00eatement sportif - (Taille) XS\"}',22.99,22.99,45.98,45.98,0.00,0.00,0,NULL,NULL,'florence-cox-eileenport-sporty-track-pants',NULL),('9c427485-a30a-463b-a0a5-b14fbc4c8ae5','2024-06-11 07:52:46','2024-06-11 07:52:46','9c427485-2638-49a5-9a19-3092909853c5','9c427448-a5ad-44d0-b513-df19ec8971e3','9c42747e-c964-492d-9b80-35896057e467',5,'{\"en\":\"Sporty Outdoor Sandals - (Size) 8\",\"hu\":\"Sporty Outdoor Sandals - (Size) 8\",\"de\":\"Sportliche Outdoor-Sandalen - (Gr\\u00f6\\u00dfe) 8\",\"fr\":\"Sandales d&#39;ext\\u00e9rieur sportives - (Taille) 8\"}',23.50,23.50,117.50,117.50,0.00,0.00,0,NULL,NULL,'florence-cox-eileenport-sporty-outdoor-sandals',NULL),('9c427485-a64b-4f74-9f3e-279e261d7c4a','2024-06-11 07:52:46','2024-06-11 07:52:46','9c427485-27f2-4bd0-a860-bed640d53c21','9c427450-8225-4e1d-bfb7-ec4c08a908f2','9c42747a-fd9a-4488-b95e-2bbe4a782854',4,'{\"en\":\"Outdoor Hiking Boots - (Size) 9.5, (Colour) Midnight Blue\",\"hu\":\"Outdoor Hiking Boots - (Size) 9.5, (Colour) Midnight Blue\",\"de\":\"Outdoor-Wanderschuhe - (Gr\\u00f6\\u00dfe) 9,5, (Farbe) Mitternachtsblau\",\"fr\":\"Bottes de randonn\\u00e9e en plein air - (Taille) 9.5, (Couleur) Bleu nuit\"}',29.99,29.99,119.96,119.96,0.00,0.00,0,NULL,NULL,'alice-cooper-port-sofia-outdoor-hiking-boots',NULL),('9c427485-a904-4070-9689-c01328d33046','2024-06-11 07:52:46','2024-06-11 07:52:46','9c427485-27f2-4bd0-a860-bed640d53c21','9c427433-1e9b-4cc3-9c5d-8da2bcf59d0d','9c42747e-285c-4491-92b9-e3d85ccc7027',7,'{\"en\":\"Strappy Beach Sandals - (Size) 10\",\"hu\":\"Strappy Beach Sandals - (Size) 10\",\"de\":\"Riemchen-Strandsandalen - (Gr\\u00f6\\u00dfe) 10\",\"fr\":\"Sandales de plage \\u00e0 lani\\u00e8res - (Taille) dix\"}',23.50,23.50,164.50,164.50,0.00,0.00,0,NULL,NULL,'alice-cooper-port-sofia-strappy-beach-sandals',NULL),('9c427485-ab3f-490b-be9b-85d7f89639a4','2024-06-11 07:52:46','2024-06-11 07:52:46','9c427485-27f2-4bd0-a860-bed640d53c21','9c42745d-f817-4e95-bea4-2ee94f90c1c6',NULL,10,'{\"en\":\"Crystal Drop Earrings\",\"de\":\"Kristall-Tropfen-Ohrringe\",\"fr\":\"Boucles d&#39;oreilles pendantes en cristal\"}',19.99,19.99,199.90,199.90,0.00,0.00,0,NULL,NULL,'alice-cooper-port-sofia-crystal-drop-earrings',NULL),('9c427485-adff-4962-8202-13586309daf8','2024-06-11 07:52:46','2024-06-11 07:52:46','9c427485-27f2-4bd0-a860-bed640d53c21','9c427427-5fa8-4839-8daf-9e78672196ad','9c42747d-d800-45b4-a41e-9868a90d5671',5,'{\"en\":\"Sporty Ankle Socks - (Size) 9\",\"hu\":\"Sporty Ankle Socks - (Size) 9\",\"de\":\"Sportliche S\\u00f6ckchen - (Gr\\u00f6\\u00dfe) 9\",\"fr\":\"Socquettes sportives - (Taille) 9\"}',14.50,14.50,72.50,72.50,0.00,0.00,0,NULL,NULL,'alice-cooper-port-sofia-sporty-ankle-socks-1',NULL),('9c427485-b0be-4f23-9970-be7f323c7594','2024-06-11 07:52:46','2024-06-11 07:52:46','9c427485-27f2-4bd0-a860-bed640d53c21','9c427410-66d7-441a-8e70-d6d91f6923bc','9c42747d-5529-4a27-b1a8-5ae352b9e421',5,'{\"en\":\"Sporty Performance Polo - (Size) S\",\"hu\":\"Sporty Performance Polo - (Size) S\",\"de\":\"Sportliches Performance-Polo - (Gr\\u00f6\\u00dfe) S\",\"fr\":\"Polo de performance sportive - (Taille) S\"}',19.50,19.50,97.50,97.50,0.00,0.00,0,NULL,NULL,'alice-cooper-port-sofia-sporty-performance-polo',NULL),('9c427485-b3a7-407d-aaac-6904083eb660','2024-06-11 07:52:46','2024-06-11 07:52:46','9c427485-27f2-4bd0-a860-bed640d53c21','9c427423-8dc7-4a04-8a33-d838f1989a0d','9c42747d-c715-4da5-8831-fe9c2d4b60d5',4,'{\"en\":\"Sporty Track Pants - (Size) XL\",\"hu\":\"Sporty Track Pants - (Size) XL\",\"de\":\"Sportliche Trainingshose - (Gr\\u00f6\\u00dfe) XL\",\"fr\":\"Pantalon de surv\\u00eatement sportif - (Taille) XL\"}',22.99,22.99,91.96,91.96,0.00,0.00,0,NULL,NULL,'alice-cooper-port-sofia-sporty-track-pants-1',NULL),('9c427485-b67a-4dbe-9021-8cc648a33fd9','2024-06-11 07:52:46','2024-06-11 07:52:46','9c427485-27f2-4bd0-a860-bed640d53c21','9c427402-69ff-458e-9080-7043ee891a99','9c42747c-ff0d-4ad4-9fa5-dbd4cd83548c',4,'{\"en\":\"Classic Dress Trousers - (Size) XL\",\"hu\":\"Classic Dress Trousers - (Size) XL\",\"de\":\"Klassische Anzughose - (Gr\\u00f6\\u00dfe) XL\",\"fr\":\"Pantalon habill\\u00e9 classique - (Taille) XL\"}',27.99,27.99,111.96,111.96,0.00,0.00,0,NULL,NULL,'alice-cooper-port-sofia-classic-dress-trousers',NULL),('9c427485-b9e2-48a7-86c6-421fbe0082c7','2024-06-11 07:52:46','2024-06-11 07:52:46','9c427485-27f2-4bd0-a860-bed640d53c21','9c42745a-0892-4f60-a2e1-04860f4125cf',NULL,4,'{\"en\":\"Vintage Round Sunglasses\",\"de\":\"Runde Vintage-Sonnenbrille\",\"fr\":\"Lunettes de soleil rondes vintage\"}',22.50,22.50,90.00,90.00,0.00,0.00,0,NULL,NULL,'alice-cooper-port-sofia-vintage-round-sunglasses',NULL),('9c427485-bd32-4c70-9ea9-9bf3096ca7c7','2024-06-11 07:52:46','2024-06-11 07:52:46','9c427485-27f2-4bd0-a860-bed640d53c21','9c427414-5cf5-480d-8324-74ea8f9e275c','9c42747a-2ace-43b8-b11e-0067528028ee',7,'{\"en\":\"Elegant A-Line Skirt - (Size) L, (Colour) Bright Green\",\"hu\":\"Elegant A-Line Skirt - (Size) L, (Colour) Bright Green\",\"de\":\"Eleganter A-Linien Rock - (Gr\\u00f6\\u00dfe) M, (Farbe) Hellgr\\u00fcn\",\"fr\":\"Jupe trap\\u00e8ze \\u00e9l\\u00e9gante - (Taille) L, (Couleur) Vert clair\"}',28.99,28.99,202.93,202.93,0.00,0.00,0,NULL,NULL,'alice-cooper-port-sofia-elegant-a-line-skirt',NULL),('9c427485-bfeb-4d25-af9f-f7a3470be4ce','2024-06-11 07:52:46','2024-06-11 07:52:46','9c427485-27f2-4bd0-a860-bed640d53c21','9c427418-4736-4bac-99cc-ada2a171a3ae','9c42747d-7cfe-48fe-9b48-874e74e444a3',2,'{\"en\":\"Floral Midi Skirt - (Size) L\",\"hu\":\"Floral Midi Skirt - (Size) L\",\"de\":\"Gebl\\u00fcmter Midirock - (Gr\\u00f6\\u00dfe) M\",\"fr\":\"Jupe mi-longue fleurie - (Taille) L\"}',22.99,22.99,45.98,45.98,0.00,0.00,0,NULL,NULL,'alice-cooper-port-sofia-floral-midi-skirt',NULL),('9c427485-c2ec-4f70-90b4-62374889f66a','2024-06-11 07:52:46','2024-06-11 07:52:46','9c427485-27f2-4bd0-a860-bed640d53c21','9c427441-6d77-4a9b-b668-7906aca48814','9c42747b-0d1d-4431-bfa4-ef5debf3cf30',6,'{\"en\":\"Classic Leather Loafers - (Size) 8.5, (Colour) Dark Gray\",\"hu\":\"Classic Leather Loafers - (Size) 8.5, (Colour) Dark Gray\",\"de\":\"Klassische Leder-Loafer - (Gr\\u00f6\\u00dfe) 8,5, (Farbe) Dunkelgrau\",\"fr\":\"Mocassins classiques en cuir - (Taille) 8.5, (Couleur) Gris fonc\\u00e9\"}',29.99,29.99,179.94,179.94,0.00,0.00,0,NULL,NULL,'alice-cooper-port-sofia-classic-leather-loafers',NULL),('9c427485-c5ac-4f64-9ab5-0df3e676a6bc','2024-06-11 07:52:46','2024-06-11 07:52:46','9c427485-27f2-4bd0-a860-bed640d53c21','9c427465-39d5-4c6e-a3a2-867819f62e05',NULL,3,'{\"en\":\"Classic Fedora Hat\",\"de\":\"Klassischer Fedora-Hut\",\"fr\":\"Chapeau Fedora classique\"}',18.50,18.50,55.50,55.50,0.00,0.00,0,NULL,NULL,'alice-cooper-port-sofia-classic-fedora-hat',NULL),('9c427485-c81d-43c7-be04-d76243a01d71','2024-06-11 07:52:46','2024-06-11 07:52:46','9c427485-27f2-4bd0-a860-bed640d53c21','9c427476-fc83-4e6d-9208-28e308d4e179',NULL,7,'{\"en\":\"Beaded Charm Bracelet\",\"de\":\"Perlenarmband\",\"fr\":\"Bracelet \\u00e0 breloques perl\\u00e9\"}',24.99,22.99,174.93,160.93,2.00,14.00,0,NULL,NULL,'alice-cooper-port-sofia-beaded-charm-bracelet',NULL),('9c427485-caa1-41de-8d91-33f17b4af756','2024-06-11 07:52:46','2024-06-11 07:52:46','9c427485-27f2-4bd0-a860-bed640d53c21','9c42746c-87d8-4702-8f10-a8dfbaa6dcc0',NULL,5,'{\"en\":\"Modern Skinny Tie\",\"de\":\"Moderne schmale Krawatte\",\"fr\":\"Cravate fine moderne\"}',24.99,22.99,124.95,114.95,2.00,10.00,0,NULL,NULL,'alice-cooper-port-sofia-modern-skinny-tie',NULL),('9c427485-cd6e-4871-845f-e9de673933fd','2024-06-11 07:52:46','2024-06-11 07:52:47','9c427485-29b0-46d4-a72f-bd6e1bca8067','9c427410-66d7-441a-8e70-d6d91f6923bc','9c42747d-49d8-44fd-8686-10dfd5608b76',5,'{\"en\":\"Sporty Performance Polo - (Size) XS\",\"hu\":\"Sporty Performance Polo - (Size) XS\",\"de\":\"Sportliches Performance-Polo - (Gr\\u00f6\\u00dfe) Gr\\u00f6\\u00dfe\",\"fr\":\"Polo de performance sportive - (Taille) XS\"}',19.50,19.50,97.50,97.50,0.00,0.00,0,NULL,NULL,'gavin-holmes-alisonhaven-1-sporty-performance-polo',NULL),('9c427485-d023-4771-aa93-3959ec2ffe78','2024-06-11 07:52:46','2024-06-11 07:52:47','9c427485-29b0-46d4-a72f-bd6e1bca8067','9c4273fe-8d04-4eef-97a6-1cb9af635256','9c42747c-d301-43a3-afea-98e6e9dda5c3',5,'{\"en\":\"Casual V-Neck Modern Jumper - (Size) S\",\"hu\":\"Casual V-Neck Modern Jumper - (Size) S\",\"de\":\"L\\u00e4ssiger moderner Pullover mit V-Ausschnitt - (Gr\\u00f6\\u00dfe) S\",\"fr\":\"Pull moderne d\\u00e9contract\\u00e9 \\u00e0 col en V - (Taille) S\"}',21.50,21.50,107.50,107.50,0.00,0.00,0,NULL,NULL,'gavin-holmes-alisonhaven-1-casual-v-neck-modern-jumper',NULL),('9c427485-d2fb-456c-8ffe-e9fb2c21c027','2024-06-11 07:52:46','2024-06-11 07:52:47','9c427485-29b0-46d4-a72f-bd6e1bca8067','9c42743d-c8b6-4f07-9d39-0ecfb4358f0e','9c42747e-75ca-44d5-9d17-2f1717f914eb',6,'{\"en\":\"Chunky Heel Platform Sandals - (Size) 8\",\"hu\":\"Chunky Heel Platform Sandals - (Size) 8\",\"de\":\"Plateausandalen mit klobigem Absatz - (Gr\\u00f6\\u00dfe) 8\",\"fr\":\"Sandales \\u00e0 plateforme et talons \\u00e9pais - (Taille) 8\"}',29.50,29.50,177.00,177.00,0.00,0.00,0,NULL,NULL,'gavin-holmes-alisonhaven-1-chunky-heel-platform-sandals',NULL),('9c427485-d5b3-47cd-b943-90d977867163','2024-06-11 07:52:46','2024-06-11 07:52:47','9c427485-29b0-46d4-a72f-bd6e1bca8067','9c427436-8ecf-42ba-bf14-a29bcdd197a7','9c427477-ad1d-41a0-bb73-ca959aa2e9f0',9,'{\"en\":\"Classic Ankle Boots - (Size) 9.5, (Colour) Midnight Blue\",\"hu\":\"Classic Ankle Boots - (Size) 9.5, (Colour) Midnight Blue\",\"de\":\"Klassische Stiefeletten - (Gr\\u00f6\\u00dfe) 9,5, (Farbe) Mitternachtsblau\",\"fr\":\"Bottines classiques - (Taille) 9.5, (Couleur) Bleu nuit\"}',28.25,28.25,254.25,254.25,0.00,0.00,0,NULL,NULL,'gavin-holmes-alisonhaven-1-classic-ankle-boots',NULL),('9c427485-d7f6-48dc-8a7c-4f69ab648fd0','2024-06-11 07:52:46','2024-06-11 07:52:47','9c427485-29b0-46d4-a72f-bd6e1bca8067','9c42746c-87d8-4702-8f10-a8dfbaa6dcc0',NULL,7,'{\"en\":\"Modern Skinny Tie\",\"de\":\"Moderne schmale Krawatte\",\"fr\":\"Cravate fine moderne\"}',24.99,22.99,174.93,160.93,2.00,14.00,0,NULL,NULL,'gavin-holmes-alisonhaven-1-modern-skinny-tie',NULL),('9c427485-db19-4c04-b1aa-b8452687ad17','2024-06-11 07:52:46','2024-06-11 07:52:47','9c427485-29b0-46d4-a72f-bd6e1bca8067','9c427450-8225-4e1d-bfb7-ec4c08a908f2','9c42747a-f498-4686-84e7-fe01768a75f5',1,'{\"en\":\"Outdoor Hiking Boots - (Size) 8.5, (Colour) Midnight Blue\",\"hu\":\"Outdoor Hiking Boots - (Size) 8.5, (Colour) Midnight Blue\",\"de\":\"Outdoor-Wanderschuhe - (Gr\\u00f6\\u00dfe) 8,5, (Farbe) Mitternachtsblau\",\"fr\":\"Bottes de randonn\\u00e9e en plein air - (Taille) 8.5, (Couleur) Bleu nuit\"}',29.99,29.99,29.99,29.99,0.00,0.00,0,NULL,NULL,'gavin-holmes-alisonhaven-1-outdoor-hiking-boots',NULL),('9c427485-ddc5-45f3-a54a-46b593fd9b08','2024-06-11 07:52:46','2024-06-11 07:52:47','9c427485-2b7b-439a-9f73-f6cfa2d0be07','9c427427-5fa8-4839-8daf-9e78672196ad','9c42747d-dadf-4ed3-8ad9-3418a66e6c12',3,'{\"en\":\"Sporty Ankle Socks - (Size) 10\",\"hu\":\"Sporty Ankle Socks - (Size) 10\",\"de\":\"Sportliche S\\u00f6ckchen - (Gr\\u00f6\\u00dfe) 10\",\"fr\":\"Socquettes sportives - (Taille) dix\"}',14.50,14.50,43.50,43.50,0.00,0.00,0,NULL,NULL,'lucy-martin-south-tonyshire-sporty-ankle-socks-1',NULL),('9c427485-e06a-4998-a227-c4405eb4b121','2024-06-11 07:52:46','2024-06-11 07:52:47','9c427485-2b7b-439a-9f73-f6cfa2d0be07','9c4273fe-8d04-4eef-97a6-1cb9af635256','9c42747c-d301-43a3-afea-98e6e9dda5c3',2,'{\"en\":\"Casual V-Neck Modern Jumper - (Size) S\",\"hu\":\"Casual V-Neck Modern Jumper - (Size) S\",\"de\":\"L\\u00e4ssiger moderner Pullover mit V-Ausschnitt - (Gr\\u00f6\\u00dfe) S\",\"fr\":\"Pull moderne d\\u00e9contract\\u00e9 \\u00e0 col en V - (Taille) S\"}',21.50,21.50,43.00,43.00,0.00,0.00,0,NULL,NULL,'lucy-martin-south-tonyshire-casual-v-neck-modern-jumper',NULL),('9c427485-e361-4eb1-be56-8e9de1438989','2024-06-11 07:52:46','2024-06-11 07:52:47','9c427485-2b7b-439a-9f73-f6cfa2d0be07','9c427414-5cf5-480d-8324-74ea8f9e275c','9c42747a-3996-416c-bbc1-11dc25cd1415',3,'{\"en\":\"Elegant A-Line Skirt - (Size) XS, (Colour) Midnight Blue\",\"hu\":\"Elegant A-Line Skirt - (Size) XS, (Colour) Midnight Blue\",\"de\":\"Eleganter A-Linien Rock - (Gr\\u00f6\\u00dfe) Gr\\u00f6\\u00dfe, (Farbe) Mitternachtsblau\",\"fr\":\"Jupe trap\\u00e8ze \\u00e9l\\u00e9gante - (Taille) XS, (Couleur) Bleu nuit\"}',28.99,28.99,86.97,86.97,0.00,0.00,0,NULL,NULL,'lucy-martin-south-tonyshire-elegant-a-line-skirt',NULL),('9c427485-e60c-4293-b6e0-d02564ecfe4b','2024-06-11 07:52:46','2024-06-11 07:52:47','9c427485-2b7b-439a-9f73-f6cfa2d0be07','9c427448-a5ad-44d0-b513-df19ec8971e3','9c42747e-d04a-4228-ad6e-a88eae13c223',5,'{\"en\":\"Sporty Outdoor Sandals - (Size) 9\",\"hu\":\"Sporty Outdoor Sandals - (Size) 9\",\"de\":\"Sportliche Outdoor-Sandalen - (Gr\\u00f6\\u00dfe) 9\",\"fr\":\"Sandales d&#39;ext\\u00e9rieur sportives - (Taille) 9\"}',23.50,23.50,117.50,117.50,0.00,0.00,0,NULL,NULL,'lucy-martin-south-tonyshire-sporty-outdoor-sandals',NULL),('9c427485-e852-4ada-9200-673c83aba6b9','2024-06-11 07:52:46','2024-06-11 07:52:47','9c427485-2b7b-439a-9f73-f6cfa2d0be07','9c42746c-87d8-4702-8f10-a8dfbaa6dcc0',NULL,3,'{\"en\":\"Modern Skinny Tie\",\"de\":\"Moderne schmale Krawatte\",\"fr\":\"Cravate fine moderne\"}',24.99,22.99,74.97,68.97,2.00,6.00,0,NULL,NULL,'lucy-martin-south-tonyshire-modern-skinny-tie',NULL),('9c427485-ea7a-4655-84be-b9b423a811c8','2024-06-11 07:52:46','2024-06-11 07:52:47','9c427485-2b7b-439a-9f73-f6cfa2d0be07','9c427461-679d-40f0-bc4a-7c3c30abd7af',NULL,3,'{\"en\":\"Statement Tassel Earrings\",\"de\":\"Statement-Quastenohrringe\",\"fr\":\"Boucles d&#39;oreilles \\u00e0 pampilles tendance\"}',24.99,24.99,74.97,74.97,0.00,0.00,0,NULL,NULL,'lucy-martin-south-tonyshire-statement-tassel-earrings',NULL),('9c427485-ed27-450f-9b01-ed024462b5d0','2024-06-11 07:52:46','2024-06-11 07:52:47','9c427485-2b7b-439a-9f73-f6cfa2d0be07','9c42743d-c8b6-4f07-9d39-0ecfb4358f0e','9c42747e-7c8b-4323-b9ab-7a63334773bc',1,'{\"en\":\"Chunky Heel Platform Sandals - (Size) 9\",\"hu\":\"Chunky Heel Platform Sandals - (Size) 9\",\"de\":\"Plateausandalen mit klobigem Absatz - (Gr\\u00f6\\u00dfe) 9\",\"fr\":\"Sandales \\u00e0 plateforme et talons \\u00e9pais - (Taille) 9\"}',29.50,29.50,29.50,29.50,0.00,0.00,0,NULL,NULL,'lucy-martin-south-tonyshire-chunky-heel-platform-sandals',NULL),('9c427485-efc1-4cc0-abcc-a52c3e1bd2a5','2024-06-11 07:52:46','2024-06-11 07:52:47','9c427485-2b7b-439a-9f73-f6cfa2d0be07','9c4273f6-c260-4e77-9cae-af165373987a','9c42747c-99f2-47f5-b89a-f80496db082d',8,'{\"en\":\"Classic Dress Shirt - (Size) XS\",\"hu\":\"Classic Dress Shirt - (Size) XS\",\"de\":\"Klassisches Oberhemd - (Gr\\u00f6\\u00dfe) Gr\\u00f6\\u00dfe\",\"fr\":\"Chemise habill\\u00e9e classique - (Taille) XS\"}',28.99,28.99,231.92,231.92,0.00,0.00,0,NULL,NULL,'lucy-martin-south-tonyshire-classic-dress-shirt',NULL),('9c427485-f25b-4c68-9706-6a2e976913a7','2024-06-11 07:52:46','2024-06-11 07:52:47','9c427485-2b7b-439a-9f73-f6cfa2d0be07','9c427441-6d77-4a9b-b668-7906aca48814','9c42747b-2ed9-4694-91ab-3973ea52d385',6,'{\"en\":\"Classic Leather Loafers - (Size) 8.5, (Colour) Dark Green\",\"hu\":\"Classic Leather Loafers - (Size) 8.5, (Colour) Dark Green\",\"de\":\"Klassische Leder-Loafer - (Gr\\u00f6\\u00dfe) 8,5, (Farbe) Dunkelgr\\u00fcn\",\"fr\":\"Mocassins classiques en cuir - (Taille) 8.5, (Couleur) Vert fonc\\u00e9\"}',29.99,29.99,179.94,179.94,0.00,0.00,0,NULL,NULL,'lucy-martin-south-tonyshire-classic-leather-loafers',NULL),('9c427485-f504-43ba-8805-6a6dfd61bfff','2024-06-11 07:52:46','2024-06-11 07:52:47','9c427485-2b7b-439a-9f73-f6cfa2d0be07','9c427445-10fc-4a7c-bda2-902b5b9bebed','9c42747e-a90e-4618-8599-ad14243e7a43',3,'{\"en\":\"Fashion Slip-On Loafers - (Size) 8\",\"hu\":\"Fashion Slip-On Loafers - (Size) 8\",\"de\":\"Modische Slipper zum Hineinschl\\u00fcpfen - (Gr\\u00f6\\u00dfe) 8\",\"fr\":\"Mocassins \\u00e0 la mode \\u00e0 enfiler - (Taille) 8\"}',29.99,29.99,89.97,89.97,0.00,0.00,0,NULL,NULL,'lucy-martin-south-tonyshire-fashion-slip-on-loafers',NULL),('9c427485-f7c2-4fad-b016-3f96421cd45c','2024-06-11 07:52:46','2024-06-11 07:52:47','9c427485-2b7b-439a-9f73-f6cfa2d0be07','9c42741b-fbd5-4310-856c-6e9d03e2615e','9c42747d-a0b1-4a85-8050-f491b2013f08',10,'{\"en\":\"Casual V-Neck Jumper - (Size) L\",\"hu\":\"Casual V-Neck Jumper - (Size) L\",\"de\":\"L\\u00e4ssiger Pullover mit V-Ausschnitt - (Gr\\u00f6\\u00dfe) M\",\"fr\":\"Pull d\\u00e9contract\\u00e9 \\u00e0 col en V - (Taille) L\"}',21.50,21.50,215.00,215.00,0.00,0.00,0,NULL,NULL,'lucy-martin-south-tonyshire-casual-v-neck-jumper',NULL),('9c427485-fa6d-4921-8145-b4ad86485523','2024-06-11 07:52:46','2024-06-11 07:52:47','9c427485-2b7b-439a-9f73-f6cfa2d0be07','9c427410-66d7-441a-8e70-d6d91f6923bc','9c42747d-5529-4a27-b1a8-5ae352b9e421',9,'{\"en\":\"Sporty Performance Polo - (Size) S\",\"hu\":\"Sporty Performance Polo - (Size) S\",\"de\":\"Sportliches Performance-Polo - (Gr\\u00f6\\u00dfe) S\",\"fr\":\"Polo de performance sportive - (Taille) S\"}',19.50,19.50,175.50,175.50,0.00,0.00,0,NULL,NULL,'lucy-martin-south-tonyshire-sporty-performance-polo',NULL),('9c427485-fd64-4809-bc32-378da24a7554','2024-06-11 07:52:46','2024-06-11 07:52:47','9c427485-2b7b-439a-9f73-f6cfa2d0be07','9c427436-8ecf-42ba-bf14-a29bcdd197a7','9c427477-bc97-47a7-893e-e0c0218598b2',2,'{\"en\":\"Classic Ankle Boots - (Size) 8.5, (Colour) Dark Green\",\"hu\":\"Classic Ankle Boots - (Size) 8.5, (Colour) Dark Green\",\"de\":\"Klassische Stiefeletten - (Gr\\u00f6\\u00dfe) 8,5, (Farbe) Dunkelgr\\u00fcn\",\"fr\":\"Bottines classiques - (Taille) 8.5, (Couleur) Vert fonc\\u00e9\"}',27.95,27.95,55.90,55.90,0.00,0.00,0,NULL,NULL,'lucy-martin-south-tonyshire-classic-ankle-boots',NULL),('9c427486-0014-4d75-9a87-70f52ae5952c','2024-06-11 07:52:46','2024-06-11 07:52:47','9c427485-2b7b-439a-9f73-f6cfa2d0be07','9c42743a-34af-4ae7-9298-273fbd731492','9c42747e-5e71-4190-b399-ed3ea86c7dc5',5,'{\"en\":\"Fashion Knee-High Boots - (Size) 9.5\",\"hu\":\"Fashion Knee-High Boots - (Size) 9.5\",\"de\":\"Modische kniehohe Stiefel - (Gr\\u00f6\\u00dfe) 9,5\",\"fr\":\"Bottes hautes \\u00e0 la mode - (Taille) 9.5\"}',29.99,29.99,149.95,149.95,0.00,0.00,0,NULL,NULL,'lucy-martin-south-tonyshire-fashion-knee-high-boots',NULL),('9c427486-02ee-4615-9b98-6f9951de7917','2024-06-11 07:52:46','2024-06-11 07:52:47','9c427485-2d25-4e2f-8d82-ff54078b86f1','9c427454-4d17-4afa-ae28-7573e2e45ba0','9c42747f-2295-43aa-8148-c656f035e5ce',7,'{\"en\":\"Classic Canvas Sneakers - (Size) 9.5\",\"hu\":\"Classic Canvas Sneakers - (Size) 9.5\",\"de\":\"Klassische Canvas-Sneaker - (Gr\\u00f6\\u00dfe) 9,5\",\"fr\":\"Baskets classiques en toile - (Taille) 9.5\"}',22.50,22.50,157.50,157.50,0.00,0.00,0,NULL,NULL,'mr-roland-treiber-port-gordonmouth-classic-canvas-sneakers',NULL),('9c427486-059e-4a1a-afef-b46c8139685f','2024-06-11 07:52:46','2024-06-11 07:52:47','9c427485-2d25-4e2f-8d82-ff54078b86f1','9c427423-8dc7-4a04-8a33-d838f1989a0d','9c42747d-c715-4da5-8831-fe9c2d4b60d5',5,'{\"en\":\"Sporty Track Pants - (Size) XL\",\"hu\":\"Sporty Track Pants - (Size) XL\",\"de\":\"Sportliche Trainingshose - (Gr\\u00f6\\u00dfe) XL\",\"fr\":\"Pantalon de surv\\u00eatement sportif - (Taille) XL\"}',22.99,22.99,114.95,114.95,0.00,0.00,0,NULL,NULL,'mr-roland-treiber-port-gordonmouth-sporty-track-pants-1',NULL),('9c427486-07e0-4837-a687-28a802451e21','2024-06-11 07:52:46','2024-06-11 07:52:47','9c427485-2d25-4e2f-8d82-ff54078b86f1','9c427476-fc83-4e6d-9208-28e308d4e179',NULL,9,'{\"en\":\"Beaded Charm Bracelet\",\"de\":\"Perlenarmband\",\"fr\":\"Bracelet \\u00e0 breloques perl\\u00e9\"}',24.99,22.99,224.91,206.91,2.00,18.00,0,NULL,NULL,'mr-roland-treiber-port-gordonmouth-beaded-charm-bracelet',NULL),('9c427486-0ab8-4925-bcb0-47beff4ad429','2024-06-11 07:52:46','2024-06-11 07:52:47','9c427485-2d25-4e2f-8d82-ff54078b86f1','9c427407-0bb8-4bb4-97cd-ba830bdf6728','9c42747d-198d-41a5-889e-0af7a9a1b6f8',9,'{\"en\":\"Sporty Track Pants - (Size) M\",\"hu\":\"Sporty Track Pants - (Size) M\",\"de\":\"Sportliche Trainingshose - (Gr\\u00f6\\u00dfe) M\",\"fr\":\"Pantalon de surv\\u00eatement sportif - (Taille) M\"}',22.99,22.99,206.91,206.91,0.00,0.00,0,NULL,NULL,'mr-roland-treiber-port-gordonmouth-sporty-track-pants',NULL),('9c427486-0d7e-4009-b1a0-68dcdd243f70','2024-06-11 07:52:46','2024-06-11 07:52:47','9c427485-2d25-4e2f-8d82-ff54078b86f1','9c427436-8ecf-42ba-bf14-a29bcdd197a7','9c427477-b7c0-47c5-8478-cdb0e0e8b758',3,'{\"en\":\"Classic Ankle Boots - (Size) 8, (Colour) Dark Green\",\"hu\":\"Classic Ankle Boots - (Size) 8, (Colour) Dark Green\",\"de\":\"Klassische Stiefeletten - (Gr\\u00f6\\u00dfe) 8, (Farbe) Dunkelgr\\u00fcn\",\"fr\":\"Bottines classiques - (Taille) 8, (Couleur) Vert fonc\\u00e9\"}',27.95,27.95,83.85,83.85,0.00,0.00,0,NULL,NULL,'mr-roland-treiber-port-gordonmouth-classic-ankle-boots',NULL),('9c427486-0fae-4c61-8237-2a0746b324b3','2024-06-11 07:52:46','2024-06-11 07:52:47','9c427485-2d25-4e2f-8d82-ff54078b86f1','9c427461-679d-40f0-bc4a-7c3c30abd7af',NULL,8,'{\"en\":\"Statement Tassel Earrings\",\"de\":\"Statement-Quastenohrringe\",\"fr\":\"Boucles d&#39;oreilles \\u00e0 pampilles tendance\"}',24.99,24.99,199.92,199.92,0.00,0.00,0,NULL,NULL,'mr-roland-treiber-port-gordonmouth-statement-tassel-earrings',NULL),('9c427486-11da-4522-a8e1-dff8d29bd512','2024-06-11 07:52:46','2024-06-11 07:52:47','9c427485-2d25-4e2f-8d82-ff54078b86f1','9c427465-39d5-4c6e-a3a2-867819f62e05',NULL,9,'{\"en\":\"Classic Fedora Hat\",\"de\":\"Klassischer Fedora-Hut\",\"fr\":\"Chapeau Fedora classique\"}',18.50,18.50,166.50,166.50,0.00,0.00,0,NULL,NULL,'mr-roland-treiber-port-gordonmouth-classic-fedora-hat',NULL),('9c427486-1435-4b61-9153-9a7f7fdc7e6b','2024-06-11 07:52:46','2024-06-11 07:52:47','9c427485-2d25-4e2f-8d82-ff54078b86f1','9c42745d-f817-4e95-bea4-2ee94f90c1c6',NULL,4,'{\"en\":\"Crystal Drop Earrings\",\"de\":\"Kristall-Tropfen-Ohrringe\",\"fr\":\"Boucles d&#39;oreilles pendantes en cristal\"}',19.99,19.99,79.96,79.96,0.00,0.00,0,NULL,NULL,'mr-roland-treiber-port-gordonmouth-crystal-drop-earrings',NULL),('9c427486-16ac-48a1-9644-19f2be9bcd5e','2024-06-11 07:52:46','2024-06-11 07:52:47','9c427485-2d25-4e2f-8d82-ff54078b86f1','9c42746f-e905-4763-881f-0eefcb60f795',NULL,9,'{\"en\":\"Sporty Wraparound Sunglasses\",\"de\":\"Sportliche Wraparound-Sonnenbrille\",\"fr\":\"Lunettes de soleil enveloppantes sportives\"}',19.50,17.50,175.50,157.50,2.00,18.00,0,NULL,NULL,'mr-roland-treiber-port-gordonmouth-sporty-wraparound-sunglasses',NULL),('9c427486-190e-4911-ae85-b4556b4772f1','2024-06-11 07:52:46','2024-06-11 07:52:47','9c427485-2d25-4e2f-8d82-ff54078b86f1','9c427468-ff76-487b-9d41-2c68977b3cf7',NULL,7,'{\"en\":\"Classic Silk Tie\",\"de\":\"Klassische Seidenkrawatte\",\"fr\":\"Cravate classique en soie\"}',19.99,17.99,139.93,125.93,2.00,14.00,0,NULL,NULL,'mr-roland-treiber-port-gordonmouth-classic-silk-tie',NULL),('9c427486-1bd0-479d-ab19-43341504be32','2024-06-11 07:52:46','2024-06-11 07:52:47','9c427485-2d25-4e2f-8d82-ff54078b86f1','9c427410-66d7-441a-8e70-d6d91f6923bc','9c42747d-49d8-44fd-8686-10dfd5608b76',9,'{\"en\":\"Sporty Performance Polo - (Size) XS\",\"hu\":\"Sporty Performance Polo - (Size) XS\",\"de\":\"Sportliches Performance-Polo - (Gr\\u00f6\\u00dfe) Gr\\u00f6\\u00dfe\",\"fr\":\"Polo de performance sportive - (Taille) XS\"}',19.50,19.50,175.50,175.50,0.00,0.00,0,NULL,NULL,'mr-roland-treiber-port-gordonmouth-sporty-performance-polo',NULL),('9c427486-1ea5-4cc9-9074-c6848572fac3','2024-06-11 07:52:46','2024-06-11 07:52:47','9c427485-2d25-4e2f-8d82-ff54078b86f1','9c4273f6-c260-4e77-9cae-af165373987a','9c42747c-a108-4a9b-ad07-ec8839c7666e',6,'{\"en\":\"Classic Dress Shirt - (Size) M\",\"hu\":\"Classic Dress Shirt - (Size) M\",\"de\":\"Klassisches Oberhemd - (Gr\\u00f6\\u00dfe) M\",\"fr\":\"Chemise habill\\u00e9e classique - (Taille) M\"}',28.99,28.99,173.94,173.94,0.00,0.00,0,NULL,NULL,'mr-roland-treiber-port-gordonmouth-classic-dress-shirt',NULL),('9c427486-215c-4442-b05f-e9c439488c28','2024-06-11 07:52:46','2024-06-11 07:52:47','9c427485-2d25-4e2f-8d82-ff54078b86f1','9c427402-69ff-458e-9080-7043ee891a99','9c42747c-f524-4453-971c-64c715730330',9,'{\"en\":\"Classic Dress Trousers - (Size) S\",\"hu\":\"Classic Dress Trousers - (Size) S\",\"de\":\"Klassische Anzughose - (Gr\\u00f6\\u00dfe) S\",\"fr\":\"Pantalon habill\\u00e9 classique - (Taille) S\"}',27.99,27.99,251.91,251.91,0.00,0.00,0,NULL,NULL,'mr-roland-treiber-port-gordonmouth-classic-dress-trousers',NULL),('9c427486-2450-4996-a7ea-84b89d0b3bb8','2024-06-11 07:52:46','2024-06-11 07:52:47','9c427485-2d25-4e2f-8d82-ff54078b86f1','9c42744c-b4d2-4b9f-a7fc-b0e19bbd9207','9c42747e-eda5-4425-9015-eb6ed42b6a37',8,'{\"en\":\"Classic Leather Boots - (Size) 8\",\"hu\":\"Classic Leather Boots - (Size) 8\",\"de\":\"Klassische Lederstiefel - (Gr\\u00f6\\u00dfe) 8\",\"fr\":\"Bottes en cuir classiques - (Taille) 8\"}',27.99,27.99,223.92,223.92,0.00,0.00,0,NULL,NULL,'mr-roland-treiber-port-gordonmouth-classic-leather-boots',NULL),('9c427486-2829-42dd-b9b2-2da97e8ab4c5','2024-06-11 07:52:46','2024-06-11 07:52:47','9c427485-2d25-4e2f-8d82-ff54078b86f1','9c42741b-fbd5-4310-856c-6e9d03e2615e','9c42747d-97ea-4409-9928-8253082881b2',6,'{\"en\":\"Casual V-Neck Jumper - (Size) S\",\"hu\":\"Casual V-Neck Jumper - (Size) S\",\"de\":\"L\\u00e4ssiger Pullover mit V-Ausschnitt - (Gr\\u00f6\\u00dfe) S\",\"fr\":\"Pull d\\u00e9contract\\u00e9 \\u00e0 col en V - (Taille) S\"}',21.50,21.50,129.00,129.00,0.00,0.00,0,NULL,NULL,'mr-roland-treiber-port-gordonmouth-casual-v-neck-jumper',NULL),('9c427486-2ac5-4b1f-9cc0-8a4d6b34e85f','2024-06-11 07:52:46','2024-06-11 07:52:47','9c427485-2d25-4e2f-8d82-ff54078b86f1','9c427441-6d77-4a9b-b668-7906aca48814','9c42747b-2ed9-4694-91ab-3973ea52d385',1,'{\"en\":\"Classic Leather Loafers - (Size) 8.5, (Colour) Dark Green\",\"hu\":\"Classic Leather Loafers - (Size) 8.5, (Colour) Dark Green\",\"de\":\"Klassische Leder-Loafer - (Gr\\u00f6\\u00dfe) 8,5, (Farbe) Dunkelgr\\u00fcn\",\"fr\":\"Mocassins classiques en cuir - (Taille) 8.5, (Couleur) Vert fonc\\u00e9\"}',29.99,29.99,29.99,29.99,0.00,0.00,0,NULL,NULL,'mr-roland-treiber-port-gordonmouth-classic-leather-loafers',NULL),('9c427486-2d38-4a1e-9f6b-bbd22fcb3be0','2024-06-11 07:52:46','2024-06-11 07:52:47','9c427485-2d25-4e2f-8d82-ff54078b86f1','9c42741f-c8c5-4197-b78a-2aec13df1767','9c42747d-ab08-41df-9b1a-e0632e808e42',2,'{\"en\":\"Classic Dress Trousers - (Size) S\",\"hu\":\"Classic Dress Trousers - (Size) S\",\"de\":\"Klassische Anzughose - (Gr\\u00f6\\u00dfe) S\",\"fr\":\"Pantalon habill\\u00e9 classique - (Taille) S\"}',29.99,29.99,59.98,59.98,0.00,0.00,0,NULL,NULL,'mr-roland-treiber-port-gordonmouth-classic-dress-trousers-1',NULL),('9c427486-2f91-4d5a-95bb-60f7166cfb1a','2024-06-11 07:52:46','2024-06-11 07:52:47','9c427485-2f10-4fa8-8762-26382cfa6ff3','9c42746f-e905-4763-881f-0eefcb60f795',NULL,1,'{\"en\":\"Sporty Wraparound Sunglasses\",\"de\":\"Sportliche Wraparound-Sonnenbrille\",\"fr\":\"Lunettes de soleil enveloppantes sportives\"}',19.50,17.50,19.50,17.50,2.00,2.00,0,NULL,NULL,'jordan-adams-cooperview-sporty-wraparound-sunglasses',NULL),('9c427486-3286-4b2a-aa84-df370dc0a7e9','2024-06-11 07:52:46','2024-06-11 07:52:47','9c427485-2f10-4fa8-8762-26382cfa6ff3','9c42743a-34af-4ae7-9298-273fbd731492','9c42747e-52e2-435b-8bf8-3629f68206ff',8,'{\"en\":\"Fashion Knee-High Boots - (Size) 8\",\"hu\":\"Fashion Knee-High Boots - (Size) 8\",\"de\":\"Modische kniehohe Stiefel - (Gr\\u00f6\\u00dfe) 8\",\"fr\":\"Bottes hautes \\u00e0 la mode - (Taille) 8\"}',29.99,29.99,239.92,239.92,0.00,0.00,0,NULL,NULL,'jordan-adams-cooperview-fashion-knee-high-boots',NULL),('9c427486-3533-4b3e-94cb-836d186e9cc9','2024-06-11 07:52:46','2024-06-11 07:52:47','9c427485-2f10-4fa8-8762-26382cfa6ff3','9c42741b-fbd5-4310-856c-6e9d03e2615e','9c42747d-97ea-4409-9928-8253082881b2',7,'{\"en\":\"Casual V-Neck Jumper - (Size) S\",\"hu\":\"Casual V-Neck Jumper - (Size) S\",\"de\":\"L\\u00e4ssiger Pullover mit V-Ausschnitt - (Gr\\u00f6\\u00dfe) S\",\"fr\":\"Pull d\\u00e9contract\\u00e9 \\u00e0 col en V - (Taille) S\"}',21.50,21.50,150.50,150.50,0.00,0.00,0,NULL,NULL,'jordan-adams-cooperview-casual-v-neck-jumper',NULL),('9c427486-3789-42f7-bddf-ac7299ecf557','2024-06-11 07:52:46','2024-06-11 07:52:47','9c427485-2f10-4fa8-8762-26382cfa6ff3','9c42741f-c8c5-4197-b78a-2aec13df1767','9c42747d-b1ce-4f44-b6c7-4c16127430ff',7,'{\"en\":\"Classic Dress Trousers - (Size) L\",\"hu\":\"Classic Dress Trousers - (Size) L\",\"de\":\"Klassische Anzughose - (Gr\\u00f6\\u00dfe) M\",\"fr\":\"Pantalon habill\\u00e9 classique - (Taille) L\"}',29.99,29.99,209.93,209.93,0.00,0.00,0,NULL,NULL,'jordan-adams-cooperview-classic-dress-trousers-1',NULL),('9c427486-3ab6-4f58-9753-bd2691890b22','2024-06-11 07:52:46','2024-06-11 07:52:47','9c427485-2f10-4fa8-8762-26382cfa6ff3','9c427450-8225-4e1d-bfb7-ec4c08a908f2','9c42747a-f0e9-4961-b0a7-340c59d74c50',9,'{\"en\":\"Outdoor Hiking Boots - (Size) 8, (Colour) Midnight Blue\",\"hu\":\"Outdoor Hiking Boots - (Size) 8, (Colour) Midnight Blue\",\"de\":\"Outdoor-Wanderschuhe - (Gr\\u00f6\\u00dfe) 8, (Farbe) Mitternachtsblau\",\"fr\":\"Bottes de randonn\\u00e9e en plein air - (Taille) 8, (Couleur) Bleu nuit\"}',29.99,29.99,269.91,269.91,0.00,0.00,0,NULL,NULL,'jordan-adams-cooperview-outdoor-hiking-boots',NULL),('9c427486-3da4-4d1e-a94e-5ed5a2e8b61d','2024-06-11 07:52:46','2024-06-11 07:52:47','9c427485-2f10-4fa8-8762-26382cfa6ff3','9c42740a-d67a-48f4-9927-04e9464288f4','9c42747d-3ab4-40f6-9f92-e646a9c60fdb',7,'{\"en\":\"Sporty Ankle Socks - (Size) 10\",\"hu\":\"Sporty Ankle Socks - (Size) 10\",\"de\":\"Sportliche S\\u00f6ckchen - (Gr\\u00f6\\u00dfe) 10\",\"fr\":\"Socquettes sportives - (Taille) dix\"}',14.50,14.50,101.50,101.50,0.00,0.00,0,NULL,NULL,'jordan-adams-cooperview-sporty-ankle-socks',NULL),('9c427486-3ff2-4631-9791-00adc7c32c1e','2024-06-11 07:52:46','2024-06-11 07:52:47','9c427485-2f10-4fa8-8762-26382cfa6ff3','9c427473-53e1-4ecf-b548-b429632e6501',NULL,4,'{\"en\":\"Leather Cuff Bracelet\",\"de\":\"Lederarmband\",\"fr\":\"Bracelet manchette en cuir\"}',18.99,16.99,75.96,67.96,2.00,8.00,0,NULL,NULL,'jordan-adams-cooperview-leather-cuff-bracelet',NULL),('9c427486-4276-41d3-81e5-26b947cecfe9','2024-06-11 07:52:46','2024-06-11 07:52:47','9c427485-2f10-4fa8-8762-26382cfa6ff3','9c427441-6d77-4a9b-b668-7906aca48814','9c42747b-3a90-4522-b227-3399baf250c9',4,'{\"en\":\"Classic Leather Loafers - (Size) 9.5, (Colour) Dark Green\",\"hu\":\"Classic Leather Loafers - (Size) 9.5, (Colour) Dark Green\",\"de\":\"Klassische Leder-Loafer - (Gr\\u00f6\\u00dfe) 9,5, (Farbe) Dunkelgr\\u00fcn\",\"fr\":\"Mocassins classiques en cuir - (Taille) 9.5, (Couleur) Vert fonc\\u00e9\"}',29.99,29.99,119.96,119.96,0.00,0.00,0,NULL,NULL,'jordan-adams-cooperview-classic-leather-loafers',NULL),('9c427486-44b2-4764-83fa-304b4ac5fd82','2024-06-11 07:52:46','2024-06-11 07:52:47','9c427485-2f10-4fa8-8762-26382cfa6ff3','9c42745a-0892-4f60-a2e1-04860f4125cf',NULL,6,'{\"en\":\"Vintage Round Sunglasses\",\"de\":\"Runde Vintage-Sonnenbrille\",\"fr\":\"Lunettes de soleil rondes vintage\"}',22.50,22.50,135.00,135.00,0.00,0.00,0,NULL,NULL,'jordan-adams-cooperview-vintage-round-sunglasses',NULL),('9c427486-476a-4174-9faa-149ead7becf1','2024-06-11 07:52:46','2024-06-11 07:52:47','9c427485-2f10-4fa8-8762-26382cfa6ff3','9c42743d-c8b6-4f07-9d39-0ecfb4358f0e','9c42747e-794f-4a36-97da-f36d93a83129',5,'{\"en\":\"Chunky Heel Platform Sandals - (Size) 8.5\",\"hu\":\"Chunky Heel Platform Sandals - (Size) 8.5\",\"de\":\"Plateausandalen mit klobigem Absatz - (Gr\\u00f6\\u00dfe) 8,5\",\"fr\":\"Sandales \\u00e0 plateforme et talons \\u00e9pais - (Taille) 8.5\"}',29.50,29.50,147.50,147.50,0.00,0.00,0,NULL,NULL,'jordan-adams-cooperview-chunky-heel-platform-sandals',NULL),('9c427486-49e6-4b5b-9568-b507b6070d0b','2024-06-11 07:52:46','2024-06-11 07:52:47','9c427485-2f10-4fa8-8762-26382cfa6ff3','9c427468-ff76-487b-9d41-2c68977b3cf7',NULL,10,'{\"en\":\"Classic Silk Tie\",\"de\":\"Klassische Seidenkrawatte\",\"fr\":\"Cravate classique en soie\"}',19.99,17.99,199.90,179.90,2.00,20.00,0,NULL,NULL,'jordan-adams-cooperview-classic-silk-tie',NULL),('9c427486-4c98-4fff-a1de-7ac27f093cfa','2024-06-11 07:52:46','2024-06-11 07:52:47','9c427485-2f10-4fa8-8762-26382cfa6ff3','9c427445-10fc-4a7c-bda2-902b5b9bebed','9c42747e-a90e-4618-8599-ad14243e7a43',3,'{\"en\":\"Fashion Slip-On Loafers - (Size) 8\",\"hu\":\"Fashion Slip-On Loafers - (Size) 8\",\"de\":\"Modische Slipper zum Hineinschl\\u00fcpfen - (Gr\\u00f6\\u00dfe) 8\",\"fr\":\"Mocassins \\u00e0 la mode \\u00e0 enfiler - (Taille) 8\"}',29.99,29.99,89.97,89.97,0.00,0.00,0,NULL,NULL,'jordan-adams-cooperview-fashion-slip-on-loafers',NULL),('9c427486-4f2e-4282-95a3-73fb45f2d59c','2024-06-11 07:52:46','2024-06-11 07:52:47','9c427485-2f10-4fa8-8762-26382cfa6ff3','9c427407-0bb8-4bb4-97cd-ba830bdf6728','9c42747d-2386-4e6a-b686-b4de293bf7eb',6,'{\"en\":\"Sporty Track Pants - (Size) XL\",\"hu\":\"Sporty Track Pants - (Size) XL\",\"de\":\"Sportliche Trainingshose - (Gr\\u00f6\\u00dfe) XL\",\"fr\":\"Pantalon de surv\\u00eatement sportif - (Taille) XL\"}',22.99,22.99,137.94,137.94,0.00,0.00,0,NULL,NULL,'jordan-adams-cooperview-sporty-track-pants',NULL),('9c427486-5155-4026-adc6-14ddfb287701','2024-06-11 07:52:46','2024-06-11 07:52:47','9c427485-30d9-4cd7-b0ee-27a34cf03e3b','9c427461-679d-40f0-bc4a-7c3c30abd7af',NULL,7,'{\"en\":\"Statement Tassel Earrings\",\"de\":\"Statement-Quastenohrringe\",\"fr\":\"Boucles d&#39;oreilles \\u00e0 pampilles tendance\"}',24.99,24.99,174.93,174.93,0.00,0.00,0,NULL,NULL,'tiffany-roberts-russellland-statement-tassel-earrings',NULL),('9c427486-5410-472a-92a6-01c3531e602c','2024-06-11 07:52:46','2024-06-11 07:52:47','9c427485-30d9-4cd7-b0ee-27a34cf03e3b','9c42743a-34af-4ae7-9298-273fbd731492','9c42747e-52e2-435b-8bf8-3629f68206ff',3,'{\"en\":\"Fashion Knee-High Boots - (Size) 8\",\"hu\":\"Fashion Knee-High Boots - (Size) 8\",\"de\":\"Modische kniehohe Stiefel - (Gr\\u00f6\\u00dfe) 8\",\"fr\":\"Bottes hautes \\u00e0 la mode - (Taille) 8\"}',29.99,29.99,89.97,89.97,0.00,0.00,0,NULL,NULL,'tiffany-roberts-russellland-fashion-knee-high-boots',NULL),('9c427486-56c1-45bd-90b3-600782fac90d','2024-06-11 07:52:46','2024-06-11 07:52:47','9c427485-30d9-4cd7-b0ee-27a34cf03e3b','9c427436-8ecf-42ba-bf14-a29bcdd197a7','9c427477-a7ec-477b-ac8f-a78a0d1f4263',10,'{\"en\":\"Classic Ankle Boots - (Size) 9, (Colour) Midnight Blue\",\"hu\":\"Classic Ankle Boots - (Size) 9, (Colour) Midnight Blue\",\"de\":\"Klassische Stiefeletten - (Gr\\u00f6\\u00dfe) 9, (Farbe) Mitternachtsblau\",\"fr\":\"Bottines classiques - (Taille) 9, (Couleur) Bleu nuit\"}',27.95,27.95,279.50,279.50,0.00,0.00,0,NULL,NULL,'tiffany-roberts-russellland-classic-ankle-boots',NULL),('9c427486-5908-436d-af6c-96fea08066bc','2024-06-11 07:52:46','2024-06-11 07:52:47','9c427485-30d9-4cd7-b0ee-27a34cf03e3b','9c42741f-c8c5-4197-b78a-2aec13df1767','9c42747d-a74c-49fa-b695-0538091660d4',5,'{\"en\":\"Classic Dress Trousers - (Size) XS\",\"hu\":\"Classic Dress Trousers - (Size) XS\",\"de\":\"Klassische Anzughose - (Gr\\u00f6\\u00dfe) Gr\\u00f6\\u00dfe\",\"fr\":\"Pantalon habill\\u00e9 classique - (Taille) XS\"}',29.99,29.99,149.95,149.95,0.00,0.00,0,NULL,NULL,'tiffany-roberts-russellland-classic-dress-trousers-1',NULL),('9c427486-5b48-4dbe-b11c-ab7dff8a72bf','2024-06-11 07:52:46','2024-06-11 07:52:47','9c427485-30d9-4cd7-b0ee-27a34cf03e3b','9c427476-fc83-4e6d-9208-28e308d4e179',NULL,3,'{\"en\":\"Beaded Charm Bracelet\",\"de\":\"Perlenarmband\",\"fr\":\"Bracelet \\u00e0 breloques perl\\u00e9\"}',24.99,22.99,74.97,68.97,2.00,6.00,0,NULL,NULL,'tiffany-roberts-russellland-beaded-charm-bracelet',NULL),('9c427486-5df1-4726-9347-b3d923631364','2024-06-11 07:52:46','2024-06-11 07:52:47','9c427485-30d9-4cd7-b0ee-27a34cf03e3b','9c427410-66d7-441a-8e70-d6d91f6923bc','9c42747d-49d8-44fd-8686-10dfd5608b76',7,'{\"en\":\"Sporty Performance Polo - (Size) XS\",\"hu\":\"Sporty Performance Polo - (Size) XS\",\"de\":\"Sportliches Performance-Polo - (Gr\\u00f6\\u00dfe) Gr\\u00f6\\u00dfe\",\"fr\":\"Polo de performance sportive - (Taille) XS\"}',19.50,19.50,136.50,136.50,0.00,0.00,0,NULL,NULL,'tiffany-roberts-russellland-sporty-performance-polo',NULL),('9c427486-60da-4566-afc0-c0e767ceb8f0','2024-06-11 07:52:46','2024-06-11 07:52:47','9c427485-30d9-4cd7-b0ee-27a34cf03e3b','9c42742d-6062-45d9-bd66-800979f535b1','9c42747a-7286-4ff1-ba34-9689d00e6b59',7,'{\"en\":\"Sporty Running Sneakers - (Size) 10, (Colour) Bright Green\",\"hu\":\"Sporty Running Sneakers - (Size) 10, (Colour) Bright Green\",\"de\":\"Sportliche Laufsneaker - (Gr\\u00f6\\u00dfe) 10, (Farbe) Hellgr\\u00fcn\",\"fr\":\"Baskets de course sportives - (Taille) dix, (Couleur) Vert clair\"}',28.95,28.95,202.65,202.65,0.00,0.00,0,NULL,NULL,'tiffany-roberts-russellland-sporty-running-sneakers',NULL),('9c427486-63bf-4a39-a20f-8c2a56c1a620','2024-06-11 07:52:46','2024-06-11 07:52:47','9c427485-30d9-4cd7-b0ee-27a34cf03e3b','9c427423-8dc7-4a04-8a33-d838f1989a0d','9c42747d-c715-4da5-8831-fe9c2d4b60d5',2,'{\"en\":\"Sporty Track Pants - (Size) XL\",\"hu\":\"Sporty Track Pants - (Size) XL\",\"de\":\"Sportliche Trainingshose - (Gr\\u00f6\\u00dfe) XL\",\"fr\":\"Pantalon de surv\\u00eatement sportif - (Taille) XL\"}',22.99,22.99,45.98,45.98,0.00,0.00,0,NULL,NULL,'tiffany-roberts-russellland-sporty-track-pants-1',NULL),('9c427486-66f9-4f6a-bc76-f0063571d20f','2024-06-11 07:52:46','2024-06-11 07:52:47','9c427485-30d9-4cd7-b0ee-27a34cf03e3b','9c427414-5cf5-480d-8324-74ea8f9e275c','9c42747a-08cf-4517-8d40-6efa001dc9a3',6,'{\"en\":\"Elegant A-Line Skirt - (Size) S, (Colour) Bright Green\",\"hu\":\"Elegant A-Line Skirt - (Size) S, (Colour) Bright Green\",\"de\":\"Eleganter A-Linien Rock - (Gr\\u00f6\\u00dfe) S, (Farbe) Hellgr\\u00fcn\",\"fr\":\"Jupe trap\\u00e8ze \\u00e9l\\u00e9gante - (Taille) S, (Couleur) Vert clair\"}',28.99,28.99,173.94,173.94,0.00,0.00,0,NULL,NULL,'tiffany-roberts-russellland-elegant-a-line-skirt',NULL),('9c427486-69a0-4eeb-8c30-8482160d8a3d','2024-06-11 07:52:46','2024-06-11 07:52:47','9c427485-30d9-4cd7-b0ee-27a34cf03e3b','9c427454-4d17-4afa-ae28-7573e2e45ba0','9c42747f-197e-4f1e-9cd6-2582c5f6a779',8,'{\"en\":\"Classic Canvas Sneakers - (Size) 8\",\"hu\":\"Classic Canvas Sneakers - (Size) 8\",\"de\":\"Klassische Canvas-Sneaker - (Gr\\u00f6\\u00dfe) 8\",\"fr\":\"Baskets classiques en toile - (Taille) 8\"}',22.50,22.50,180.00,180.00,0.00,0.00,0,NULL,NULL,'tiffany-roberts-russellland-classic-canvas-sneakers',NULL),('9c427486-6cfd-4cb7-b15b-af7bf1160e3c','2024-06-11 07:52:46','2024-06-11 07:52:47','9c427485-30d9-4cd7-b0ee-27a34cf03e3b','9c427450-8225-4e1d-bfb7-ec4c08a908f2','9c42747b-026e-41be-90eb-68fbed958d67',7,'{\"en\":\"Outdoor Hiking Boots - (Size) 10, (Colour) Midnight Blue\",\"hu\":\"Outdoor Hiking Boots - (Size) 10, (Colour) Midnight Blue\",\"de\":\"Outdoor-Wanderschuhe - (Gr\\u00f6\\u00dfe) 10, (Farbe) Mitternachtsblau\",\"fr\":\"Bottes de randonn\\u00e9e en plein air - (Taille) dix, (Couleur) Bleu nuit\"}',29.99,29.99,209.93,209.93,0.00,0.00,0,NULL,NULL,'tiffany-roberts-russellland-outdoor-hiking-boots',NULL),('9c427486-6fdf-4c2f-8488-d3d591cc77d1','2024-06-11 07:52:46','2024-06-11 07:52:47','9c427485-30d9-4cd7-b0ee-27a34cf03e3b','9c427441-6d77-4a9b-b668-7906aca48814','9c42747b-1386-4396-b005-a5a83af8590c',8,'{\"en\":\"Classic Leather Loafers - (Size) 9, (Colour) Dark Gray\",\"hu\":\"Classic Leather Loafers - (Size) 9, (Colour) Dark Gray\",\"de\":\"Klassische Leder-Loafer - (Gr\\u00f6\\u00dfe) 9, (Farbe) Dunkelgrau\",\"fr\":\"Mocassins classiques en cuir - (Taille) 9, (Couleur) Gris fonc\\u00e9\"}',29.99,29.99,239.92,239.92,0.00,0.00,0,NULL,NULL,'tiffany-roberts-russellland-classic-leather-loafers',NULL),('9c427486-72a5-484b-9827-7e105408fe40','2024-06-11 07:52:46','2024-06-11 07:52:47','9c427485-30d9-4cd7-b0ee-27a34cf03e3b','9c42744c-b4d2-4b9f-a7fc-b0e19bbd9207','9c42747e-eda5-4425-9015-eb6ed42b6a37',7,'{\"en\":\"Classic Leather Boots - (Size) 8\",\"hu\":\"Classic Leather Boots - (Size) 8\",\"de\":\"Klassische Lederstiefel - (Gr\\u00f6\\u00dfe) 8\",\"fr\":\"Bottes en cuir classiques - (Taille) 8\"}',27.99,27.99,195.93,195.93,0.00,0.00,0,NULL,NULL,'tiffany-roberts-russellland-classic-leather-boots',NULL),('9c427486-7562-4051-8de4-3cec604dcfdc','2024-06-11 07:52:46','2024-06-11 07:52:47','9c427485-30d9-4cd7-b0ee-27a34cf03e3b','9c427418-4736-4bac-99cc-ada2a171a3ae','9c42747d-80ce-4a5b-b765-15e268bbed0f',9,'{\"en\":\"Floral Midi Skirt - (Size) XL\",\"hu\":\"Floral Midi Skirt - (Size) XL\",\"de\":\"Gebl\\u00fcmter Midirock - (Gr\\u00f6\\u00dfe) XL\",\"fr\":\"Jupe mi-longue fleurie - (Taille) XL\"}',22.99,22.99,206.91,206.91,0.00,0.00,0,NULL,NULL,'tiffany-roberts-russellland-floral-midi-skirt',NULL),('9c427486-77f8-4327-b2bc-30ea4e5ea785','2024-06-11 07:52:46','2024-06-11 07:52:47','9c427485-30d9-4cd7-b0ee-27a34cf03e3b','9c4273fa-a9f5-46b3-a8b7-77e8f834ce68','9c42747c-b7d8-4124-9d1f-edac9d3bb1fb',10,'{\"en\":\"Casual Checkered Shirt - (Size) L\",\"hu\":\"Casual Checkered Shirt - (Size) L\",\"de\":\"L\\u00e4ssiges kariertes Hemd - (Gr\\u00f6\\u00dfe) M\",\"fr\":\"Chemise \\u00e0 carreaux d\\u00e9contract\\u00e9e - (Taille) L\"}',24.99,24.99,249.90,249.90,0.00,0.00,0,NULL,NULL,'tiffany-roberts-russellland-casual-checkered-shirt',NULL),('9c427486-7bb8-4595-9e34-4b9745153b24','2024-06-11 07:52:46','2024-06-11 07:52:47','9c427485-3299-4767-9104-e66715eeb382','9c427461-679d-40f0-bc4a-7c3c30abd7af',NULL,8,'{\"en\":\"Statement Tassel Earrings\",\"de\":\"Statement-Quastenohrringe\",\"fr\":\"Boucles d&#39;oreilles \\u00e0 pampilles tendance\"}',24.99,24.99,199.92,199.92,0.00,0.00,0,NULL,NULL,'mr-roland-treiber-port-gordonmouth-1-statement-tassel-earrings',NULL),('9c427486-7f57-4056-8bfc-4f090eaa55b6','2024-06-11 07:52:46','2024-06-11 07:52:47','9c427485-3299-4767-9104-e66715eeb382','9c427468-ff76-487b-9d41-2c68977b3cf7',NULL,9,'{\"en\":\"Classic Silk Tie\",\"de\":\"Klassische Seidenkrawatte\",\"fr\":\"Cravate classique en soie\"}',19.99,17.99,179.91,161.91,2.00,18.00,0,NULL,NULL,'mr-roland-treiber-port-gordonmouth-1-classic-silk-tie',NULL),('9c427486-820d-49da-8aba-0486e50fd1e4','2024-06-11 07:52:46','2024-06-11 07:52:47','9c427485-3299-4767-9104-e66715eeb382','9c4273fa-a9f5-46b3-a8b7-77e8f834ce68','9c42747c-ba3f-4931-8a64-7e8cc2adc31d',1,'{\"en\":\"Casual Checkered Shirt - (Size) XL\",\"hu\":\"Casual Checkered Shirt - (Size) XL\",\"de\":\"L\\u00e4ssiges kariertes Hemd - (Gr\\u00f6\\u00dfe) XL\",\"fr\":\"Chemise \\u00e0 carreaux d\\u00e9contract\\u00e9e - (Taille) XL\"}',24.99,24.99,24.99,24.99,0.00,0.00,0,NULL,NULL,'mr-roland-treiber-port-gordonmouth-1-casual-checkered-shirt',NULL),('9c427486-84b4-40d1-8f78-25088034bd16','2024-06-11 07:52:46','2024-06-11 07:52:47','9c427485-3299-4767-9104-e66715eeb382','9c42743d-c8b6-4f07-9d39-0ecfb4358f0e','9c42747e-832a-4025-99e0-627fb7eb24ba',7,'{\"en\":\"Chunky Heel Platform Sandals - (Size) 10\",\"hu\":\"Chunky Heel Platform Sandals - (Size) 10\",\"de\":\"Plateausandalen mit klobigem Absatz - (Gr\\u00f6\\u00dfe) 10\",\"fr\":\"Sandales \\u00e0 plateforme et talons \\u00e9pais - (Taille) dix\"}',29.50,29.50,206.50,206.50,0.00,0.00,0,NULL,NULL,'mr-roland-treiber-port-gordonmouth-1-chunky-heel-platform-sandals',NULL),('9c427486-86fd-4a44-b9eb-62ee876b5e9e','2024-06-11 07:52:46','2024-06-11 07:52:47','9c427485-3299-4767-9104-e66715eeb382','9c427473-53e1-4ecf-b548-b429632e6501',NULL,6,'{\"en\":\"Leather Cuff Bracelet\",\"de\":\"Lederarmband\",\"fr\":\"Bracelet manchette en cuir\"}',18.99,16.99,113.94,101.94,2.00,12.00,0,NULL,NULL,'mr-roland-treiber-port-gordonmouth-1-leather-cuff-bracelet',NULL),('9c427486-8a24-4a31-b569-1d5dfeada514','2024-06-11 07:52:46','2024-06-11 07:52:47','9c427485-3299-4767-9104-e66715eeb382','9c42744c-b4d2-4b9f-a7fc-b0e19bbd9207','9c42747e-eda5-4425-9015-eb6ed42b6a37',5,'{\"en\":\"Classic Leather Boots - (Size) 8\",\"hu\":\"Classic Leather Boots - (Size) 8\",\"de\":\"Klassische Lederstiefel - (Gr\\u00f6\\u00dfe) 8\",\"fr\":\"Bottes en cuir classiques - (Taille) 8\"}',27.99,27.99,139.95,139.95,0.00,0.00,0,NULL,NULL,'mr-roland-treiber-port-gordonmouth-1-classic-leather-boots',NULL),('9c427486-8dbd-4a81-86b9-b67e0ef85a0a','2024-06-11 07:52:46','2024-06-11 07:52:47','9c427485-3299-4767-9104-e66715eeb382','9c42743a-34af-4ae7-9298-273fbd731492','9c42747e-5b1d-48b4-9dd8-320089a66b98',10,'{\"en\":\"Fashion Knee-High Boots - (Size) 9\",\"hu\":\"Fashion Knee-High Boots - (Size) 9\",\"de\":\"Modische kniehohe Stiefel - (Gr\\u00f6\\u00dfe) 9\",\"fr\":\"Bottes hautes \\u00e0 la mode - (Taille) 9\"}',29.99,29.99,299.90,299.90,0.00,0.00,0,NULL,NULL,'mr-roland-treiber-port-gordonmouth-1-fashion-knee-high-boots',NULL),('9c427486-90eb-4c67-9ced-53e4aee942c8','2024-06-11 07:52:46','2024-06-11 07:52:47','9c427485-3299-4767-9104-e66715eeb382','9c4273f6-c260-4e77-9cae-af165373987a','9c42747c-99f2-47f5-b89a-f80496db082d',5,'{\"en\":\"Classic Dress Shirt - (Size) XS\",\"hu\":\"Classic Dress Shirt - (Size) XS\",\"de\":\"Klassisches Oberhemd - (Gr\\u00f6\\u00dfe) Gr\\u00f6\\u00dfe\",\"fr\":\"Chemise habill\\u00e9e classique - (Taille) XS\"}',28.99,28.99,144.95,144.95,0.00,0.00,0,NULL,NULL,'mr-roland-treiber-port-gordonmouth-1-classic-dress-shirt',NULL),('9c427486-93ae-4266-a8b3-9cffbe23ea65','2024-06-11 07:52:46','2024-06-11 07:52:47','9c427485-356d-4216-a38a-bc70cdc8c9b4','9c42745a-0892-4f60-a2e1-04860f4125cf',NULL,4,'{\"en\":\"Vintage Round Sunglasses\",\"de\":\"Runde Vintage-Sonnenbrille\",\"fr\":\"Lunettes de soleil rondes vintage\"}',22.50,22.50,90.00,90.00,0.00,0.00,0,NULL,NULL,'alice-cooper-port-sofia-1-vintage-round-sunglasses',NULL),('9c427486-96ac-49db-b3e9-8196b86bd73d','2024-06-11 07:52:46','2024-06-11 07:52:47','9c427485-356d-4216-a38a-bc70cdc8c9b4','9c42741b-fbd5-4310-856c-6e9d03e2615e','9c42747d-94c9-4a97-84b8-02ba1cc08157',9,'{\"en\":\"Casual V-Neck Jumper - (Size) XS\",\"hu\":\"Casual V-Neck Jumper - (Size) XS\",\"de\":\"L\\u00e4ssiger Pullover mit V-Ausschnitt - (Gr\\u00f6\\u00dfe) Gr\\u00f6\\u00dfe\",\"fr\":\"Pull d\\u00e9contract\\u00e9 \\u00e0 col en V - (Taille) XS\"}',21.50,21.50,193.50,193.50,0.00,0.00,0,NULL,NULL,'alice-cooper-port-sofia-1-casual-v-neck-jumper',NULL),('9c427486-98d9-4511-a9e9-31779ab2bf32','2024-06-11 07:52:46','2024-06-11 07:52:47','9c427485-356d-4216-a38a-bc70cdc8c9b4','9c427461-679d-40f0-bc4a-7c3c30abd7af',NULL,7,'{\"en\":\"Statement Tassel Earrings\",\"de\":\"Statement-Quastenohrringe\",\"fr\":\"Boucles d&#39;oreilles \\u00e0 pampilles tendance\"}',24.99,24.99,174.93,174.93,0.00,0.00,0,NULL,NULL,'alice-cooper-port-sofia-1-statement-tassel-earrings',NULL),('9c427486-9b82-47a5-86b1-61b84ab00131','2024-06-11 07:52:46','2024-06-11 07:52:47','9c427485-356d-4216-a38a-bc70cdc8c9b4','9c42744c-b4d2-4b9f-a7fc-b0e19bbd9207','9c42747e-f6cd-4a18-9d2b-8a8abe9cac4d',5,'{\"en\":\"Classic Leather Boots - (Size) 9.5\",\"hu\":\"Classic Leather Boots - (Size) 9.5\",\"de\":\"Klassische Lederstiefel - (Gr\\u00f6\\u00dfe) 9,5\",\"fr\":\"Bottes en cuir classiques - (Taille) 9.5\"}',27.99,27.99,139.95,139.95,0.00,0.00,0,NULL,NULL,'alice-cooper-port-sofia-1-classic-leather-boots',NULL),('9c427486-9dab-4b83-8d46-b43da83a721d','2024-06-11 07:52:46','2024-06-11 07:52:47','9c427485-356d-4216-a38a-bc70cdc8c9b4','9c427476-fc83-4e6d-9208-28e308d4e179',NULL,2,'{\"en\":\"Beaded Charm Bracelet\",\"de\":\"Perlenarmband\",\"fr\":\"Bracelet \\u00e0 breloques perl\\u00e9\"}',24.99,22.99,49.98,45.98,2.00,4.00,0,NULL,NULL,'alice-cooper-port-sofia-1-beaded-charm-bracelet',NULL),('9c427486-a074-47b1-bf34-c1a785746dc6','2024-06-11 07:52:46','2024-06-11 07:52:47','9c427485-356d-4216-a38a-bc70cdc8c9b4','9c427441-6d77-4a9b-b668-7906aca48814','9c42747b-20ed-401d-91da-d94898a514db',8,'{\"en\":\"Classic Leather Loafers - (Size) 10, (Colour) Dark Gray\",\"hu\":\"Classic Leather Loafers - (Size) 10, (Colour) Dark Gray\",\"de\":\"Klassische Leder-Loafer - (Gr\\u00f6\\u00dfe) 10, (Farbe) Dunkelgrau\",\"fr\":\"Mocassins classiques en cuir - (Taille) dix, (Couleur) Gris fonc\\u00e9\"}',29.99,29.99,239.92,239.92,0.00,0.00,0,NULL,NULL,'alice-cooper-port-sofia-1-classic-leather-loafers',NULL),('9c427486-a348-4a9c-8a6d-c5ff5415fa73','2024-06-11 07:52:46','2024-06-11 07:52:47','9c427485-356d-4216-a38a-bc70cdc8c9b4','9c42743a-34af-4ae7-9298-273fbd731492','9c42747e-560f-4c68-a0e8-8c6504e21256',2,'{\"en\":\"Fashion Knee-High Boots - (Size) 8.5\",\"hu\":\"Fashion Knee-High Boots - (Size) 8.5\",\"de\":\"Modische kniehohe Stiefel - (Gr\\u00f6\\u00dfe) 8,5\",\"fr\":\"Bottes hautes \\u00e0 la mode - (Taille) 8.5\"}',29.99,29.99,59.98,59.98,0.00,0.00,0,NULL,NULL,'alice-cooper-port-sofia-1-fashion-knee-high-boots',NULL),('9c427486-a606-47d7-b500-69a0e4ae29b5','2024-06-11 07:52:46','2024-06-11 07:52:47','9c427485-356d-4216-a38a-bc70cdc8c9b4','9c427423-8dc7-4a04-8a33-d838f1989a0d','9c42747d-bc67-46a3-81f7-bd3c48270b26',1,'{\"en\":\"Sporty Track Pants - (Size) S\",\"hu\":\"Sporty Track Pants - (Size) S\",\"de\":\"Sportliche Trainingshose - (Gr\\u00f6\\u00dfe) S\",\"fr\":\"Pantalon de surv\\u00eatement sportif - (Taille) S\"}',22.99,22.99,22.99,22.99,0.00,0.00,0,NULL,NULL,'alice-cooper-port-sofia-1-sporty-track-pants-1',NULL),('9c427486-a92c-4fb0-871b-af3d29e25163','2024-06-11 07:52:46','2024-06-11 07:52:47','9c427485-356d-4216-a38a-bc70cdc8c9b4','9c42745d-f817-4e95-bea4-2ee94f90c1c6',NULL,6,'{\"en\":\"Crystal Drop Earrings\",\"de\":\"Kristall-Tropfen-Ohrringe\",\"fr\":\"Boucles d&#39;oreilles pendantes en cristal\"}',19.99,19.99,119.94,119.94,0.00,0.00,0,NULL,NULL,'alice-cooper-port-sofia-1-crystal-drop-earrings',NULL),('9c427486-ab50-4474-a97e-dd6ff9231d06','2024-06-11 07:52:46','2024-06-11 07:52:47','9c427485-356d-4216-a38a-bc70cdc8c9b4','9c42746c-87d8-4702-8f10-a8dfbaa6dcc0',NULL,1,'{\"en\":\"Modern Skinny Tie\",\"de\":\"Moderne schmale Krawatte\",\"fr\":\"Cravate fine moderne\"}',24.99,22.99,24.99,22.99,2.00,2.00,0,NULL,NULL,'alice-cooper-port-sofia-1-modern-skinny-tie',NULL),('9c427486-adfd-4e72-9466-208f65ef781f','2024-06-11 07:52:46','2024-06-11 07:52:47','9c427485-356d-4216-a38a-bc70cdc8c9b4','9c427410-66d7-441a-8e70-d6d91f6923bc','9c42747d-5f65-4ee8-8697-35c4031b7743',9,'{\"en\":\"Sporty Performance Polo - (Size) XL\",\"hu\":\"Sporty Performance Polo - (Size) XL\",\"de\":\"Sportliches Performance-Polo - (Gr\\u00f6\\u00dfe) XL\",\"fr\":\"Polo de performance sportive - (Taille) XL\"}',19.50,19.50,175.50,175.50,0.00,0.00,0,NULL,NULL,'alice-cooper-port-sofia-1-sporty-performance-polo',NULL),('9c427486-b0d1-46f7-93ae-471c0329b442','2024-06-11 07:52:46','2024-06-11 07:52:47','9c427485-356d-4216-a38a-bc70cdc8c9b4','9c427402-69ff-458e-9080-7043ee891a99','9c42747c-fbe1-4ee5-b9b2-1195740d94b0',10,'{\"en\":\"Classic Dress Trousers - (Size) L\",\"hu\":\"Classic Dress Trousers - (Size) L\",\"de\":\"Klassische Anzughose - (Gr\\u00f6\\u00dfe) M\",\"fr\":\"Pantalon habill\\u00e9 classique - (Taille) L\"}',27.99,27.99,279.90,279.90,0.00,0.00,0,NULL,NULL,'alice-cooper-port-sofia-1-classic-dress-trousers',NULL),('9c427486-b371-47ef-9ce9-6653a1aafccf','2024-06-11 07:52:46','2024-06-11 07:52:47','9c427485-356d-4216-a38a-bc70cdc8c9b4','9c4273f6-c260-4e77-9cae-af165373987a','9c42747c-a108-4a9b-ad07-ec8839c7666e',6,'{\"en\":\"Classic Dress Shirt - (Size) M\",\"hu\":\"Classic Dress Shirt - (Size) M\",\"de\":\"Klassisches Oberhemd - (Gr\\u00f6\\u00dfe) M\",\"fr\":\"Chemise habill\\u00e9e classique - (Taille) M\"}',28.99,28.99,173.94,173.94,0.00,0.00,0,NULL,NULL,'alice-cooper-port-sofia-1-classic-dress-shirt',NULL),('9c427486-b657-445f-b3b3-4f1acd9276b3','2024-06-11 07:52:46','2024-06-11 07:52:47','9c427485-356d-4216-a38a-bc70cdc8c9b4','9c427445-10fc-4a7c-bda2-902b5b9bebed','9c42747e-b04b-4720-b774-9325f09c4e1d',5,'{\"en\":\"Fashion Slip-On Loafers - (Size) 9\",\"hu\":\"Fashion Slip-On Loafers - (Size) 9\",\"de\":\"Modische Slipper zum Hineinschl\\u00fcpfen - (Gr\\u00f6\\u00dfe) 9\",\"fr\":\"Mocassins \\u00e0 la mode \\u00e0 enfiler - (Taille) 9\"}',29.99,29.99,149.95,149.95,0.00,0.00,0,NULL,NULL,'alice-cooper-port-sofia-1-fashion-slip-on-loafers',NULL),('9c427486-b8f3-4297-b1c8-ab78a3b2be03','2024-06-11 07:52:46','2024-06-11 07:52:47','9c427485-356d-4216-a38a-bc70cdc8c9b4','9c42742d-6062-45d9-bd66-800979f535b1','9c42747a-8d6d-49bd-b205-2220ce5c2516',4,'{\"en\":\"Sporty Running Sneakers - (Size) 9.5, (Colour) Bright Red\",\"hu\":\"Sporty Running Sneakers - (Size) 9.5, (Colour) Bright Red\",\"de\":\"Sportliche Laufsneaker - (Gr\\u00f6\\u00dfe) 9,5, (Farbe) Hellrot\",\"fr\":\"Baskets de course sportives - (Taille) 9.5, (Couleur) Rouge vif\"}',28.25,28.25,113.00,113.00,0.00,0.00,0,NULL,NULL,'alice-cooper-port-sofia-1-sporty-running-sneakers',NULL),('9c427486-bc17-4203-aee7-70103afc12fc','2024-06-11 07:52:46','2024-06-11 07:52:47','9c427485-356d-4216-a38a-bc70cdc8c9b4','9c427465-39d5-4c6e-a3a2-867819f62e05',NULL,3,'{\"en\":\"Classic Fedora Hat\",\"de\":\"Klassischer Fedora-Hut\",\"fr\":\"Chapeau Fedora classique\"}',18.50,18.50,55.50,55.50,0.00,0.00,0,NULL,NULL,'alice-cooper-port-sofia-1-classic-fedora-hat',NULL),('9c427486-bf11-49e3-a251-ccd160c86af3','2024-06-11 07:52:46','2024-06-11 07:52:47','9c427485-380c-42ef-b1d1-3ecd341a2a6c','9c427450-8225-4e1d-bfb7-ec4c08a908f2','9c42747a-ed1c-473e-bdf9-66b07bf159f0',8,'{\"en\":\"Outdoor Hiking Boots - (Size) 10, (Colour) Black\",\"hu\":\"Outdoor Hiking Boots - (Size) 10, (Colour) Black\",\"de\":\"Outdoor-Wanderschuhe - (Gr\\u00f6\\u00dfe) 10, (Farbe) Schwarz\",\"fr\":\"Bottes de randonn\\u00e9e en plein air - (Taille) dix, (Couleur) Noir\"}',29.99,29.99,239.92,239.92,0.00,0.00,0,NULL,NULL,'eleanor-holmes-lake-henry-outdoor-hiking-boots',NULL),('9c427486-c1e4-48b6-8553-9d37121fc650','2024-06-11 07:52:46','2024-06-11 07:52:47','9c427485-380c-42ef-b1d1-3ecd341a2a6c','9c427407-0bb8-4bb4-97cd-ba830bdf6728','9c42747d-1248-443e-9aa5-4a1a777b4cd5',7,'{\"en\":\"Sporty Track Pants - (Size) XS\",\"hu\":\"Sporty Track Pants - (Size) XS\",\"de\":\"Sportliche Trainingshose - (Gr\\u00f6\\u00dfe) Gr\\u00f6\\u00dfe\",\"fr\":\"Pantalon de surv\\u00eatement sportif - (Taille) XS\"}',22.99,22.99,160.93,160.93,0.00,0.00,0,NULL,NULL,'eleanor-holmes-lake-henry-sporty-track-pants',NULL),('9c427486-c3fc-47f6-9070-5b99439e5e91','2024-06-11 07:52:46','2024-06-11 07:52:47','9c427485-380c-42ef-b1d1-3ecd341a2a6c','9c42741f-c8c5-4197-b78a-2aec13df1767','9c42747d-ae25-40f4-b568-0810ed706f71',9,'{\"en\":\"Classic Dress Trousers - (Size) M\",\"hu\":\"Classic Dress Trousers - (Size) M\",\"de\":\"Klassische Anzughose - (Gr\\u00f6\\u00dfe) M\",\"fr\":\"Pantalon habill\\u00e9 classique - (Taille) M\"}',29.99,29.99,269.91,269.91,0.00,0.00,0,NULL,NULL,'eleanor-holmes-lake-henry-classic-dress-trousers-1',NULL),('9c427486-c633-481a-9459-8c511fd7a641','2024-06-11 07:52:46','2024-06-11 07:52:47','9c427485-380c-42ef-b1d1-3ecd341a2a6c','9c42746f-e905-4763-881f-0eefcb60f795',NULL,4,'{\"en\":\"Sporty Wraparound Sunglasses\",\"de\":\"Sportliche Wraparound-Sonnenbrille\",\"fr\":\"Lunettes de soleil enveloppantes sportives\"}',19.50,17.50,78.00,70.00,2.00,8.00,0,NULL,NULL,'eleanor-holmes-lake-henry-sporty-wraparound-sunglasses',NULL),('9c427486-c8de-4daa-8160-fab9187a419b','2024-06-11 07:52:46','2024-06-11 07:52:47','9c427485-380c-42ef-b1d1-3ecd341a2a6c','9c42742d-6062-45d9-bd66-800979f535b1','9c42747a-7798-47c8-839c-a1dea09b0797',6,'{\"en\":\"Sporty Running Sneakers - (Size) 8, (Colour) Bright Red\",\"hu\":\"Sporty Running Sneakers - (Size) 8, (Colour) Bright Red\",\"de\":\"Sportliche Laufsneaker - (Gr\\u00f6\\u00dfe) 8, (Farbe) Hellrot\",\"fr\":\"Baskets de course sportives - (Taille) 8, (Couleur) Rouge vif\"}',27.95,27.95,167.70,167.70,0.00,0.00,0,NULL,NULL,'eleanor-holmes-lake-henry-sporty-running-sneakers',NULL),('9c427486-cb06-4acf-8419-079675001d3d','2024-06-11 07:52:46','2024-06-11 07:52:47','9c427485-380c-42ef-b1d1-3ecd341a2a6c','9c427465-39d5-4c6e-a3a2-867819f62e05',NULL,3,'{\"en\":\"Classic Fedora Hat\",\"de\":\"Klassischer Fedora-Hut\",\"fr\":\"Chapeau Fedora classique\"}',18.50,18.50,55.50,55.50,0.00,0.00,0,NULL,NULL,'eleanor-holmes-lake-henry-classic-fedora-hat',NULL),('9c427486-ce02-4f93-bf18-84739c6d0360','2024-06-11 07:52:46','2024-06-11 07:52:47','9c427485-380c-42ef-b1d1-3ecd341a2a6c','9c4273fe-8d04-4eef-97a6-1cb9af635256','9c42747c-d97a-4eda-ba7f-b6a0f38ea625',6,'{\"en\":\"Casual V-Neck Modern Jumper - (Size) L\",\"hu\":\"Casual V-Neck Modern Jumper - (Size) L\",\"de\":\"L\\u00e4ssiger moderner Pullover mit V-Ausschnitt - (Gr\\u00f6\\u00dfe) M\",\"fr\":\"Pull moderne d\\u00e9contract\\u00e9 \\u00e0 col en V - (Taille) L\"}',21.50,21.50,129.00,129.00,0.00,0.00,0,NULL,NULL,'eleanor-holmes-lake-henry-casual-v-neck-modern-jumper',NULL),('9c427486-d0a7-4878-9578-054eb008343b','2024-06-11 07:52:46','2024-06-11 07:52:47','9c427485-380c-42ef-b1d1-3ecd341a2a6c','9c42744c-b4d2-4b9f-a7fc-b0e19bbd9207','9c42747e-eda5-4425-9015-eb6ed42b6a37',9,'{\"en\":\"Classic Leather Boots - (Size) 8\",\"hu\":\"Classic Leather Boots - (Size) 8\",\"de\":\"Klassische Lederstiefel - (Gr\\u00f6\\u00dfe) 8\",\"fr\":\"Bottes en cuir classiques - (Taille) 8\"}',27.99,27.99,251.91,251.91,0.00,0.00,0,NULL,NULL,'eleanor-holmes-lake-henry-classic-leather-boots',NULL),('9c427486-d37b-4f6c-b597-ddb5effc6104','2024-06-11 07:52:46','2024-06-11 07:52:47','9c427485-380c-42ef-b1d1-3ecd341a2a6c','9c427427-5fa8-4839-8daf-9e78672196ad','9c42747d-d800-45b4-a41e-9868a90d5671',10,'{\"en\":\"Sporty Ankle Socks - (Size) 9\",\"hu\":\"Sporty Ankle Socks - (Size) 9\",\"de\":\"Sportliche S\\u00f6ckchen - (Gr\\u00f6\\u00dfe) 9\",\"fr\":\"Socquettes sportives - (Taille) 9\"}',14.50,14.50,145.00,145.00,0.00,0.00,0,NULL,NULL,'eleanor-holmes-lake-henry-sporty-ankle-socks-1',NULL),('9c427486-d642-45d0-85e7-dbb8e272af06','2024-06-11 07:52:46','2024-06-11 07:52:47','9c427485-380c-42ef-b1d1-3ecd341a2a6c','9c427454-4d17-4afa-ae28-7573e2e45ba0','9c42747f-1f8f-41d0-89d9-0ff22c2e1591',9,'{\"en\":\"Classic Canvas Sneakers - (Size) 9\",\"hu\":\"Classic Canvas Sneakers - (Size) 9\",\"de\":\"Klassische Canvas-Sneaker - (Gr\\u00f6\\u00dfe) 9\",\"fr\":\"Baskets classiques en toile - (Taille) 9\"}',22.50,22.50,202.50,202.50,0.00,0.00,0,NULL,NULL,'eleanor-holmes-lake-henry-classic-canvas-sneakers',NULL),('9c427486-d8af-47e0-977d-98f3019937bf','2024-06-11 07:52:46','2024-06-11 07:52:47','9c427485-380c-42ef-b1d1-3ecd341a2a6c','9c427476-fc83-4e6d-9208-28e308d4e179',NULL,4,'{\"en\":\"Beaded Charm Bracelet\",\"de\":\"Perlenarmband\",\"fr\":\"Bracelet \\u00e0 breloques perl\\u00e9\"}',24.99,22.99,99.96,91.96,2.00,8.00,0,NULL,NULL,'eleanor-holmes-lake-henry-beaded-charm-bracelet',NULL),('9c427486-db5b-4f09-af7c-e2eab1b266e2','2024-06-11 07:52:46','2024-06-11 07:52:47','9c427485-380c-42ef-b1d1-3ecd341a2a6c','9c427441-6d77-4a9b-b668-7906aca48814','9c42747b-2ed9-4694-91ab-3973ea52d385',10,'{\"en\":\"Classic Leather Loafers - (Size) 8.5, (Colour) Dark Green\",\"hu\":\"Classic Leather Loafers - (Size) 8.5, (Colour) Dark Green\",\"de\":\"Klassische Leder-Loafer - (Gr\\u00f6\\u00dfe) 8,5, (Farbe) Dunkelgr\\u00fcn\",\"fr\":\"Mocassins classiques en cuir - (Taille) 8.5, (Couleur) Vert fonc\\u00e9\"}',29.99,29.99,299.90,299.90,0.00,0.00,0,NULL,NULL,'eleanor-holmes-lake-henry-classic-leather-loafers',NULL),('9c427486-de11-44d3-ae4a-7a79827e30cc','2024-06-11 07:52:46','2024-06-11 07:52:47','9c427485-380c-42ef-b1d1-3ecd341a2a6c','9c427445-10fc-4a7c-bda2-902b5b9bebed','9c42747e-b6c0-476a-99b0-003b758ce5bc',1,'{\"en\":\"Fashion Slip-On Loafers - (Size) 10\",\"hu\":\"Fashion Slip-On Loafers - (Size) 10\",\"de\":\"Modische Slipper zum Hineinschl\\u00fcpfen - (Gr\\u00f6\\u00dfe) 10\",\"fr\":\"Mocassins \\u00e0 la mode \\u00e0 enfiler - (Taille) dix\"}',29.99,29.99,29.99,29.99,0.00,0.00,0,NULL,NULL,'eleanor-holmes-lake-henry-fashion-slip-on-loafers',NULL),('9c427486-e061-4e9d-949f-edc16b611359','2024-06-11 07:52:46','2024-06-11 07:52:47','9c427485-380c-42ef-b1d1-3ecd341a2a6c','9c427473-53e1-4ecf-b548-b429632e6501',NULL,8,'{\"en\":\"Leather Cuff Bracelet\",\"de\":\"Lederarmband\",\"fr\":\"Bracelet manchette en cuir\"}',18.99,16.99,151.92,135.92,2.00,16.00,0,NULL,NULL,'eleanor-holmes-lake-henry-leather-cuff-bracelet',NULL),('9c427486-e315-467d-976e-70ffddae27a1','2024-06-11 07:52:46','2024-06-11 07:52:47','9c427485-380c-42ef-b1d1-3ecd341a2a6c','9c427418-4736-4bac-99cc-ada2a171a3ae','9c42747d-7cfe-48fe-9b48-874e74e444a3',8,'{\"en\":\"Floral Midi Skirt - (Size) L\",\"hu\":\"Floral Midi Skirt - (Size) L\",\"de\":\"Gebl\\u00fcmter Midirock - (Gr\\u00f6\\u00dfe) M\",\"fr\":\"Jupe mi-longue fleurie - (Taille) L\"}',22.99,22.99,183.92,183.92,0.00,0.00,0,NULL,NULL,'eleanor-holmes-lake-henry-floral-midi-skirt',NULL),('9c427486-e5b9-41c9-a6a0-25df960fc3cd','2024-06-11 07:52:46','2024-06-11 07:52:47','9c427485-3a35-4861-be79-d197eafd658a','9c427423-8dc7-4a04-8a33-d838f1989a0d','9c42747d-b8fa-448b-875d-840d2d0d35e4',7,'{\"en\":\"Sporty Track Pants - (Size) XS\",\"hu\":\"Sporty Track Pants - (Size) XS\",\"de\":\"Sportliche Trainingshose - (Gr\\u00f6\\u00dfe) Gr\\u00f6\\u00dfe\",\"fr\":\"Pantalon de surv\\u00eatement sportif - (Taille) XS\"}',22.99,22.99,160.93,160.93,0.00,0.00,0,NULL,NULL,'gavin-holmes-beckyborough-sporty-track-pants-1',NULL),('9c427486-e7eb-4f57-95ea-3c84b6a4bed1','2024-06-11 07:52:46','2024-06-11 07:52:47','9c427485-3a35-4861-be79-d197eafd658a','9c427473-53e1-4ecf-b548-b429632e6501',NULL,5,'{\"en\":\"Leather Cuff Bracelet\",\"de\":\"Lederarmband\",\"fr\":\"Bracelet manchette en cuir\"}',18.99,16.99,94.95,84.95,2.00,10.00,0,NULL,NULL,'gavin-holmes-beckyborough-leather-cuff-bracelet',NULL),('9c427486-ea55-4151-92f0-813a3c966497','2024-06-11 07:52:46','2024-06-11 07:52:47','9c427485-3a35-4861-be79-d197eafd658a','9c42741f-c8c5-4197-b78a-2aec13df1767','9c42747d-a74c-49fa-b695-0538091660d4',5,'{\"en\":\"Classic Dress Trousers - (Size) XS\",\"hu\":\"Classic Dress Trousers - (Size) XS\",\"de\":\"Klassische Anzughose - (Gr\\u00f6\\u00dfe) Gr\\u00f6\\u00dfe\",\"fr\":\"Pantalon habill\\u00e9 classique - (Taille) XS\"}',29.99,29.99,149.95,149.95,0.00,0.00,0,NULL,NULL,'gavin-holmes-beckyborough-classic-dress-trousers-1',NULL),('9c427486-ed20-4721-8e5b-64dd723f9456','2024-06-11 07:52:46','2024-06-11 07:52:47','9c427485-3a35-4861-be79-d197eafd658a','9c427436-8ecf-42ba-bf14-a29bcdd197a7','9c427477-a7ec-477b-ac8f-a78a0d1f4263',1,'{\"en\":\"Classic Ankle Boots - (Size) 9, (Colour) Midnight Blue\",\"hu\":\"Classic Ankle Boots - (Size) 9, (Colour) Midnight Blue\",\"de\":\"Klassische Stiefeletten - (Gr\\u00f6\\u00dfe) 9, (Farbe) Mitternachtsblau\",\"fr\":\"Bottines classiques - (Taille) 9, (Couleur) Bleu nuit\"}',27.95,27.95,27.95,27.95,0.00,0.00,0,NULL,NULL,'gavin-holmes-beckyborough-classic-ankle-boots',NULL),('9c427486-efce-4966-998b-c1f740f83581','2024-06-11 07:52:46','2024-06-11 07:52:47','9c427485-3a35-4861-be79-d197eafd658a','9c427410-66d7-441a-8e70-d6d91f6923bc','9c42747d-58fb-4d26-961b-5e5c7ea80164',2,'{\"en\":\"Sporty Performance Polo - (Size) M\",\"hu\":\"Sporty Performance Polo - (Size) M\",\"de\":\"Sportliches Performance-Polo - (Gr\\u00f6\\u00dfe) M\",\"fr\":\"Polo de performance sportive - (Taille) M\"}',19.50,19.50,39.00,39.00,0.00,0.00,0,NULL,NULL,'gavin-holmes-beckyborough-sporty-performance-polo',NULL),('9c427486-f280-46b0-8e94-299acae3ed11','2024-06-11 07:52:46','2024-06-11 07:52:47','9c427485-3a35-4861-be79-d197eafd658a','9c42744c-b4d2-4b9f-a7fc-b0e19bbd9207','9c42747e-f9ad-4777-9221-f5a4b7783494',4,'{\"en\":\"Classic Leather Boots - (Size) 10\",\"hu\":\"Classic Leather Boots - (Size) 10\",\"de\":\"Klassische Lederstiefel - (Gr\\u00f6\\u00dfe) 10\",\"fr\":\"Bottes en cuir classiques - (Taille) dix\"}',27.99,27.99,111.96,111.96,0.00,0.00,0,NULL,NULL,'gavin-holmes-beckyborough-classic-leather-boots',NULL),('9c427486-f4a3-445f-b097-8087d0c4a60b','2024-06-11 07:52:46','2024-06-11 07:52:47','9c427485-3a35-4861-be79-d197eafd658a','9c427461-679d-40f0-bc4a-7c3c30abd7af',NULL,8,'{\"en\":\"Statement Tassel Earrings\",\"de\":\"Statement-Quastenohrringe\",\"fr\":\"Boucles d&#39;oreilles \\u00e0 pampilles tendance\"}',24.99,24.99,199.92,199.92,0.00,0.00,0,NULL,NULL,'gavin-holmes-beckyborough-statement-tassel-earrings',NULL),('9c427486-f726-4edf-b7e6-fca78ce7862f','2024-06-11 07:52:46','2024-06-11 07:52:47','9c427485-3a35-4861-be79-d197eafd658a','9c42742d-6062-45d9-bd66-800979f535b1','9c42747a-58ad-46d8-b8a7-0bf12bac0a0b',1,'{\"en\":\"Sporty Running Sneakers - (Size) 8, (Colour) Bright Green\",\"hu\":\"Sporty Running Sneakers - (Size) 8, (Colour) Bright Green\",\"de\":\"Sportliche Laufsneaker - (Gr\\u00f6\\u00dfe) 8, (Farbe) Hellgr\\u00fcn\",\"fr\":\"Baskets de course sportives - (Taille) 8, (Couleur) Vert clair\"}',27.95,27.95,27.95,27.95,0.00,0.00,0,NULL,NULL,'gavin-holmes-beckyborough-sporty-running-sneakers',NULL),('9c427486-fa4b-4708-97a4-3a0f506f3787','2024-06-11 07:52:46','2024-06-11 07:52:47','9c427485-3ca6-4fb1-9bc0-9fa2529fb149','9c42744c-b4d2-4b9f-a7fc-b0e19bbd9207','9c42747e-f9ad-4777-9221-f5a4b7783494',5,'{\"en\":\"Classic Leather Boots - (Size) 10\",\"hu\":\"Classic Leather Boots - (Size) 10\",\"de\":\"Klassische Lederstiefel - (Gr\\u00f6\\u00dfe) 10\",\"fr\":\"Bottes en cuir classiques - (Taille) dix\"}',27.99,27.99,139.95,139.95,0.00,0.00,0,NULL,NULL,'ashley-shaw-karlborough-classic-leather-boots',NULL),('9c427486-fc9c-4103-9965-9f6e4d5d790d','2024-06-11 07:52:46','2024-06-11 07:52:47','9c427485-3ca6-4fb1-9bc0-9fa2529fb149','9c427476-fc83-4e6d-9208-28e308d4e179',NULL,10,'{\"en\":\"Beaded Charm Bracelet\",\"de\":\"Perlenarmband\",\"fr\":\"Bracelet \\u00e0 breloques perl\\u00e9\"}',24.99,22.99,249.90,229.90,2.00,20.00,0,NULL,NULL,'ashley-shaw-karlborough-beaded-charm-bracelet',NULL),('9c427486-ffd8-43bd-b80a-55ed027dd155','2024-06-11 07:52:46','2024-06-11 07:52:47','9c427485-3ca6-4fb1-9bc0-9fa2529fb149','9c427414-5cf5-480d-8324-74ea8f9e275c','9c42747a-4645-44d0-a14c-57103be519ba',3,'{\"en\":\"Elegant A-Line Skirt - (Size) M, (Colour) Midnight Blue\",\"hu\":\"Elegant A-Line Skirt - (Size) M, (Colour) Midnight Blue\",\"de\":\"Eleganter A-Linien Rock - (Gr\\u00f6\\u00dfe) M, (Farbe) Mitternachtsblau\",\"fr\":\"Jupe trap\\u00e8ze \\u00e9l\\u00e9gante - (Taille) M, (Couleur) Bleu nuit\"}',28.99,28.99,86.97,86.97,0.00,0.00,0,NULL,NULL,'ashley-shaw-karlborough-elegant-a-line-skirt',NULL),('9c427487-0271-45ca-8e79-a154542fc11d','2024-06-11 07:52:46','2024-06-11 07:52:47','9c427485-3ca6-4fb1-9bc0-9fa2529fb149','9c42742d-6062-45d9-bd66-800979f535b1','9c42747a-7798-47c8-839c-a1dea09b0797',1,'{\"en\":\"Sporty Running Sneakers - (Size) 8, (Colour) Bright Red\",\"hu\":\"Sporty Running Sneakers - (Size) 8, (Colour) Bright Red\",\"de\":\"Sportliche Laufsneaker - (Gr\\u00f6\\u00dfe) 8, (Farbe) Hellrot\",\"fr\":\"Baskets de course sportives - (Taille) 8, (Couleur) Rouge vif\"}',27.95,27.95,27.95,27.95,0.00,0.00,0,NULL,NULL,'ashley-shaw-karlborough-sporty-running-sneakers',NULL),('9c427487-052f-4401-9423-f152c7b5c752','2024-06-11 07:52:46','2024-06-11 07:52:47','9c427485-3ca6-4fb1-9bc0-9fa2529fb149','9c4273fa-a9f5-46b3-a8b7-77e8f834ce68','9c42747c-b0dd-4e07-ac3e-0df530b1136d',1,'{\"en\":\"Casual Checkered Shirt - (Size) S\",\"hu\":\"Casual Checkered Shirt - (Size) S\",\"de\":\"L\\u00e4ssiges kariertes Hemd - (Gr\\u00f6\\u00dfe) S\",\"fr\":\"Chemise \\u00e0 carreaux d\\u00e9contract\\u00e9e - (Taille) S\"}',24.99,24.99,24.99,24.99,0.00,0.00,0,NULL,NULL,'ashley-shaw-karlborough-casual-checkered-shirt',NULL),('9c427487-0812-4315-a04e-d1052005211f','2024-06-11 07:52:46','2024-06-11 07:52:47','9c427485-3ca6-4fb1-9bc0-9fa2529fb149','9c427445-10fc-4a7c-bda2-902b5b9bebed','9c42747e-a90e-4618-8599-ad14243e7a43',7,'{\"en\":\"Fashion Slip-On Loafers - (Size) 8\",\"hu\":\"Fashion Slip-On Loafers - (Size) 8\",\"de\":\"Modische Slipper zum Hineinschl\\u00fcpfen - (Gr\\u00f6\\u00dfe) 8\",\"fr\":\"Mocassins \\u00e0 la mode \\u00e0 enfiler - (Taille) 8\"}',29.99,29.99,209.93,209.93,0.00,0.00,0,NULL,NULL,'ashley-shaw-karlborough-fashion-slip-on-loafers',NULL);
/*!40000 ALTER TABLE `order_product` ENABLE KEYS */;
UNLOCK TABLES;

--
-- Table structure for table `orders`
--

DROP TABLE IF EXISTS `orders`;
/*!40101 SET @saved_cs_client     = @@character_set_client */;
/*!50503 SET character_set_client = utf8mb4 */;
CREATE TABLE `orders` (
  `id` char(36) COLLATE utf8mb4_unicode_ci NOT NULL,
  `address_id` char(36) COLLATE utf8mb4_unicode_ci NOT NULL,
  `user_id` char(36) COLLATE utf8mb4_unicode_ci DEFAULT NULL,
  `delivery_type_id` char(36) COLLATE utf8mb4_unicode_ci DEFAULT NULL,
  `voucher_code_id` char(36) COLLATE utf8mb4_unicode_ci DEFAULT NULL,
  `original_price` decimal(8,2) unsigned NOT NULL DEFAULT '0.00',
  `subtotal` decimal(8,2) unsigned NOT NULL DEFAULT '0.00',
  `total_price` decimal(8,2) unsigned NOT NULL DEFAULT '0.00',
  `total_discount` decimal(8,2) unsigned NOT NULL DEFAULT '0.00',
  `delivery_cost` decimal(8,2) unsigned NOT NULL DEFAULT '0.00',
  `currency_code` varchar(255) COLLATE utf8mb4_unicode_ci NOT NULL DEFAULT 'GBP',
  `status` int NOT NULL DEFAULT '1',
  `slug` varchar(255) COLLATE utf8mb4_unicode_ci NOT NULL,
  `deleted_at` timestamp NULL DEFAULT NULL,
  `created_at` timestamp NULL DEFAULT NULL,
  `updated_at` timestamp NULL DEFAULT NULL,
  PRIMARY KEY (`id`),
  KEY `orders_address_id_foreign` (`address_id`),
  KEY `orders_user_id_foreign` (`user_id`),
  KEY `orders_delivery_type_id_foreign` (`delivery_type_id`),
  KEY `orders_voucher_code_id_foreign` (`voucher_code_id`),
  CONSTRAINT `orders_address_id_foreign` FOREIGN KEY (`address_id`) REFERENCES `addresses` (`id`),
  CONSTRAINT `orders_delivery_type_id_foreign` FOREIGN KEY (`delivery_type_id`) REFERENCES `delivery_types` (`id`),
  CONSTRAINT `orders_user_id_foreign` FOREIGN KEY (`user_id`) REFERENCES `users` (`id`),
  CONSTRAINT `orders_voucher_code_id_foreign` FOREIGN KEY (`voucher_code_id`) REFERENCES `voucher_codes` (`id`)
) ENGINE=InnoDB DEFAULT CHARSET=utf8mb4 COLLATE=utf8mb4_unicode_ci;
/*!40101 SET character_set_client = @saved_cs_client */;

--
-- Dumping data for table `orders`
--

LOCK TABLES `orders` WRITE;
/*!40000 ALTER TABLE `orders` DISABLE KEYS */;
INSERT INTO `orders` VALUES ('9c427485-1ef0-4055-896c-9825e7cd1cf7','9c427485-1437-45ee-8945-267462f11012','9c4273cd-fd90-42a8-99d2-54147d0e9353','9c4273ed-5fdf-4397-8834-040150b1e063',NULL,1632.08,1632.08,1635.07,0.00,2.99,'GBP',6,'mr-roland-treiber-lillyfort',NULL,'2024-06-11 07:52:46','2024-06-11 07:52:46'),('9c427485-22b1-4ed4-9fc0-b73fd57c08e7','9c427485-0de4-4c38-92d6-92b6acdc9f57','9c4273cd-5665-41d5-a1bf-ebfd8979aee4','9c4273ee-162d-4c89-9e7b-7bd414e934e6','9c4273ec-0482-4cba-9fed-59f608d31bc5',497.91,497.91,455.31,42.60,7.99,'GBP',2,'gavin-holmes-alisonhaven',NULL,'2024-06-11 07:52:46','2024-06-11 07:52:46'),('9c427485-2471-4196-8b81-ba78673693a1','9c427485-09d8-494a-862d-ad2445e94279','9c4273cc-b0bf-45f5-8d37-6a087c046ac0','9c4273ee-162d-4c89-9e7b-7bd414e934e6',NULL,1897.63,1861.63,1869.62,28.01,7.99,'GBP',6,'jackson-khan-new-sashachester',NULL,'2024-06-11 07:52:46','2024-06-11 07:52:46'),('9c427485-2638-49a5-9a19-3092909853c5','9c427485-0bbe-4d52-b8f0-7227ac57dec1','9c4273cc-f778-4b5e-9bdc-f90847d1103a','9c4273ec-bcf9-4b26-ab32-2cb9674ab238','9c4273eb-fd8e-47f4-a83d-9386a32ee3e1',968.18,954.18,952.18,16.00,0.00,'GBP',1,'florence-cox-eileenport',NULL,'2024-06-11 07:52:46','2024-06-11 07:52:46'),('9c427485-27f2-4bd0-a860-bed640d53c21','9c427485-0909-4c84-ac9c-1905faa11bec','9c4273cc-9924-4a2c-a0a1-af3018b37ab3','9c4273ed-5fdf-4397-8834-040150b1e063','9c4273ec-0084-4850-9960-477f0c0530f4',1732.51,1708.51,1625.93,106.58,2.99,'GBP',6,'alice-cooper-port-sofia',NULL,'2024-06-11 07:52:46','2024-06-11 07:52:46'),('9c427485-29b0-46d4-a72f-bd6e1bca8067','9c427485-0de4-4c38-92d6-92b6acdc9f57','9c4273cd-5665-41d5-a1bf-ebfd8979aee4','9c4273ee-162d-4c89-9e7b-7bd414e934e6','9c4273ec-02c0-4077-bb1b-b9646711b4c9',841.17,827.17,772.52,68.65,7.99,'GBP',4,'gavin-holmes-alisonhaven-1',NULL,'2024-06-11 07:52:46','2024-06-11 07:52:47'),('9c427485-2b7b-439a-9f73-f6cfa2d0be07','9c427485-0f5e-4a4f-9cdf-7978b7871f30','9c4273cd-6df9-4eae-ad34-b56f8bf11835','9c4273ed-5fdf-4397-8834-040150b1e063',NULL,1568.59,1562.59,1565.58,3.01,2.99,'GBP',4,'lucy-martin-south-tonyshire',NULL,'2024-06-11 07:52:46','2024-06-11 07:52:47'),('9c427485-2d25-4e2f-8d82-ff54078b86f1','9c427485-13a3-4c0e-a0ef-4438a83bb4c4','9c4273cd-fd90-42a8-99d2-54147d0e9353','9c4273ef-4fcb-44a3-9a91-a433a1377538','9c4273eb-fd8e-47f4-a83d-9386a32ee3e1',2594.17,2544.17,2554.16,40.01,11.99,'GBP',3,'mr-roland-treiber-port-gordonmouth',NULL,'2024-06-11 07:52:46','2024-06-11 07:52:47'),('9c427485-2f10-4fa8-8762-26382cfa6ff3','9c427485-0d4a-4774-8042-2ed1e598c9af','9c4273cd-3f08-426c-af71-a317e6c7ce0d','9c4273ec-bcf9-4b26-ab32-2cb9674ab238',NULL,1897.49,1867.49,1867.49,30.00,0.00,'GBP',6,'jordan-adams-cooperview',NULL,'2024-06-11 07:52:46','2024-06-11 07:52:47'),('9c427485-30d9-4cd7-b0ee-27a34cf03e3b','9c427485-114b-42fd-bcf9-f09ed62650a5','9c4273cd-9dd5-4ccc-b903-ba99e778c019','9c4273ec-bcf9-4b26-ab32-2cb9674ab238',NULL,2610.98,2604.98,2604.98,6.00,0.00,'GBP',4,'tiffany-roberts-russellland',NULL,'2024-06-11 07:52:46','2024-06-11 07:52:47'),('9c427485-3299-4767-9104-e66715eeb382','9c427485-13a3-4c0e-a0ef-4438a83bb4c4','9c4273cd-fd90-42a8-99d2-54147d0e9353','9c4273ee-162d-4c89-9e7b-7bd414e934e6',NULL,1310.06,1280.06,1288.05,22.01,7.99,'GBP',6,'mr-roland-treiber-port-gordonmouth-1',NULL,'2024-06-11 07:52:46','2024-06-11 07:52:47'),('9c427485-356d-4216-a38a-bc70cdc8c9b4','9c427485-0909-4c84-ac9c-1905faa11bec','9c4273cc-9924-4a2c-a0a1-af3018b37ab3','9c4273ee-162d-4c89-9e7b-7bd414e934e6',NULL,2063.97,2057.97,2065.96,0.00,7.99,'GBP',2,'alice-cooper-port-sofia-1',NULL,'2024-06-11 07:52:46','2024-06-11 07:52:47'),('9c427485-380c-42ef-b1d1-3ecd341a2a6c','9c427485-0a7b-4088-853e-667d09f63f81','9c4273cc-c85e-444d-b2ec-3fb805b3a1fc','9c4273ec-bcf9-4b26-ab32-2cb9674ab238',NULL,2466.06,2434.06,2434.06,32.00,0.00,'GBP',4,'eleanor-holmes-lake-henry',NULL,'2024-06-11 07:52:46','2024-06-11 07:52:47'),('9c427485-3a35-4861-be79-d197eafd658a','9c427485-0e76-4da6-85fa-d77e2a4c008a','9c4273cd-5665-41d5-a1bf-ebfd8979aee4','9c4273ed-5fdf-4397-8834-040150b1e063',NULL,812.61,802.61,805.60,7.01,2.99,'GBP',6,'gavin-holmes-beckyborough',NULL,'2024-06-11 07:52:46','2024-06-11 07:52:47'),('9c427485-3ca6-4fb1-9bc0-9fa2529fb149','9c427485-10c2-42c9-b480-32cf0e12e1b0','9c4273cd-863c-4957-be1b-84e09c21166e','9c4273ed-5fdf-4397-8834-040150b1e063','9c4273ec-0084-4850-9960-477f0c0530f4',739.69,719.69,686.55,53.14,2.99,'GBP',5,'ashley-shaw-karlborough',NULL,'2024-06-11 07:52:46','2024-06-11 07:52:47');
/*!40000 ALTER TABLE `orders` ENABLE KEYS */;
UNLOCK TABLES;

--
-- Table structure for table `paid_file_contents`
--

DROP TABLE IF EXISTS `paid_file_contents`;
/*!40101 SET @saved_cs_client     = @@character_set_client */;
/*!50503 SET character_set_client = utf8mb4 */;
CREATE TABLE `paid_file_contents` (
  `id` char(36) COLLATE utf8mb4_unicode_ci NOT NULL,
  `url` varchar(255) COLLATE utf8mb4_unicode_ci NOT NULL,
  `original_file_name` varchar(255) COLLATE utf8mb4_unicode_ci NOT NULL,
  `file_name` varchar(255) COLLATE utf8mb4_unicode_ci NOT NULL,
  `fileable_type` varchar(255) COLLATE utf8mb4_unicode_ci NOT NULL,
  `fileable_id` char(36) COLLATE utf8mb4_unicode_ci NOT NULL,
  `title` text COLLATE utf8mb4_unicode_ci,
  `description` text COLLATE utf8mb4_unicode_ci,
  `size` varchar(50) COLLATE utf8mb4_unicode_ci DEFAULT NULL,
  `type` tinyint NOT NULL DEFAULT '1',
  `created_at` timestamp NULL DEFAULT NULL,
  `updated_at` timestamp NULL DEFAULT NULL,
  PRIMARY KEY (`id`),
  KEY `paid_file_contents_fileable_type_fileable_id_index` (`fileable_type`,`fileable_id`)
) ENGINE=InnoDB DEFAULT CHARSET=utf8mb4 COLLATE=utf8mb4_unicode_ci;
/*!40101 SET character_set_client = @saved_cs_client */;

--
-- Dumping data for table `paid_file_contents`
--

LOCK TABLES `paid_file_contents` WRITE;
/*!40000 ALTER TABLE `paid_file_contents` DISABLE KEYS */;
/*!40000 ALTER TABLE `paid_file_contents` ENABLE KEYS */;
UNLOCK TABLES;

--
-- Table structure for table `password_reset_tokens`
--

DROP TABLE IF EXISTS `password_reset_tokens`;
/*!40101 SET @saved_cs_client     = @@character_set_client */;
/*!50503 SET character_set_client = utf8mb4 */;
CREATE TABLE `password_reset_tokens` (
  `id` bigint unsigned NOT NULL AUTO_INCREMENT,
  `email` varchar(255) COLLATE utf8mb4_unicode_ci NOT NULL,
  `token` varchar(255) COLLATE utf8mb4_unicode_ci NOT NULL,
  `created_at` timestamp NULL DEFAULT NULL,
  `updated_at` timestamp NULL DEFAULT NULL,
  PRIMARY KEY (`id`),
  KEY `password_resets_email_index` (`email`)
) ENGINE=InnoDB DEFAULT CHARSET=utf8mb4 COLLATE=utf8mb4_unicode_ci;
/*!40101 SET character_set_client = @saved_cs_client */;

--
-- Dumping data for table `password_reset_tokens`
--

LOCK TABLES `password_reset_tokens` WRITE;
/*!40000 ALTER TABLE `password_reset_tokens` DISABLE KEYS */;
/*!40000 ALTER TABLE `password_reset_tokens` ENABLE KEYS */;
UNLOCK TABLES;

--
-- Table structure for table `payment_provider_configs`
--

DROP TABLE IF EXISTS `payment_provider_configs`;
/*!40101 SET @saved_cs_client     = @@character_set_client */;
/*!50503 SET character_set_client = utf8mb4 */;
CREATE TABLE `payment_provider_configs` (
  `id` bigint unsigned NOT NULL AUTO_INCREMENT,
  `payment_provider_id` bigint unsigned NOT NULL,
  `setting` varchar(255) COLLATE utf8mb4_unicode_ci NOT NULL,
  `value` varchar(255) COLLATE utf8mb4_unicode_ci DEFAULT NULL,
  `test_value` varchar(255) COLLATE utf8mb4_unicode_ci DEFAULT NULL,
  `public` tinyint(1) NOT NULL DEFAULT '0',
  `created_at` timestamp NULL DEFAULT NULL,
  `updated_at` timestamp NULL DEFAULT NULL,
  PRIMARY KEY (`id`),
  KEY `payment_provider_configs_payment_provider_id_foreign` (`payment_provider_id`),
  CONSTRAINT `payment_provider_configs_payment_provider_id_foreign` FOREIGN KEY (`payment_provider_id`) REFERENCES `payment_providers` (`id`) ON DELETE CASCADE
) ENGINE=InnoDB AUTO_INCREMENT=11 DEFAULT CHARSET=utf8mb4 COLLATE=utf8mb4_unicode_ci;
/*!40101 SET character_set_client = @saved_cs_client */;

--
-- Dumping data for table `payment_provider_configs`
--

LOCK TABLES `payment_provider_configs` WRITE;
/*!40000 ALTER TABLE `payment_provider_configs` DISABLE KEYS */;
INSERT INTO `payment_provider_configs` VALUES (1,1,'ACCOUNT','please fill me in','sb-pd7l36548568@business.example.com',0,'2024-06-11 07:50:44','2024-06-11 07:50:44'),(2,1,'CLIENT_ID','please fill me in','AZ5lQ63RAr3OTAaXjU1IXkn5Crc7yz5-dzsWFeXVLAYwS0zZNWVgawPC9clve7NBxk6BN4rRUbPufoN1',0,'2024-06-11 07:50:44','2024-06-11 07:50:44'),(3,1,'SECRET','please fill me in','EIiNt58yvqqPifJ642GAo_YIacM53xLr-k4pSKr-ibW0U2MfoL01J4VvAvN2A9WemBeKnKZCi3IA5fgG',0,'2024-06-11 07:50:44','2024-06-11 07:50:44'),(4,2,'publishable_key','','pk_test_F4SM8MqfiMvIuoKDH1gr41ip',0,'2024-06-11 07:50:44','2024-06-11 07:50:44'),(5,2,'secret_key','','sk_test_zFtEsC7sGxxJ9ZfFMc8DyYTJ',0,'2024-06-11 07:50:44','2024-06-11 07:50:44'),(6,3,'MERCHANT_ID','A2RMNQMF7YBV4O','A2RMNQMF7YBV4O',0,'2024-06-11 07:50:44','2024-06-11 07:50:44'),(7,3,'STORE_ID','amzn1.application-oa2-client.47cf04c2ad834c17a07dd1bf93f89529','amzn1.application-oa2-client.8d30e996f49a41f98c335f401e82271e',0,'2024-06-11 07:50:44','2024-06-11 07:50:44'),(8,3,'PUBLIC_KEY_ID','SANDBOX-AGV66EJQUQY4HJVL2JQX7CAD','SANDBOX-AEFRLZ5IH5IT5U2EJC5CF4TA',0,'2024-06-11 07:50:44','2024-06-11 07:50:44'),(9,3,'REGION','UK','UK',0,'2024-06-11 07:50:44','2024-06-11 07:50:44'),(10,3,'STORE_NAME','Winzum','Shoptopus',0,'2024-06-11 07:50:44','2024-06-11 07:50:44');
/*!40000 ALTER TABLE `payment_provider_configs` ENABLE KEYS */;
UNLOCK TABLES;

--
-- Table structure for table `payment_providers`
--

DROP TABLE IF EXISTS `payment_providers`;
/*!40101 SET @saved_cs_client     = @@character_set_client */;
/*!50503 SET character_set_client = utf8mb4 */;
CREATE TABLE `payment_providers` (
  `id` bigint unsigned NOT NULL AUTO_INCREMENT,
  `name` varchar(255) COLLATE utf8mb4_unicode_ci NOT NULL,
  `enabled` tinyint(1) NOT NULL DEFAULT '0',
  `test_mode` tinyint(1) NOT NULL DEFAULT '1',
  `created_at` timestamp NULL DEFAULT NULL,
  `updated_at` timestamp NULL DEFAULT NULL,
  PRIMARY KEY (`id`),
  UNIQUE KEY `payment_providers_name_unique` (`name`)
) ENGINE=InnoDB AUTO_INCREMENT=4 DEFAULT CHARSET=utf8mb4 COLLATE=utf8mb4_unicode_ci;
/*!40101 SET character_set_client = @saved_cs_client */;

--
-- Dumping data for table `payment_providers`
--

LOCK TABLES `payment_providers` WRITE;
/*!40000 ALTER TABLE `payment_providers` DISABLE KEYS */;
INSERT INTO `payment_providers` VALUES (1,'paypal',1,1,'2024-06-11 07:50:44','2024-06-11 07:50:44'),(2,'stripe',1,1,'2024-06-11 07:50:44','2024-06-11 07:50:44'),(3,'amazon',1,1,'2024-06-11 07:50:44','2024-06-11 07:50:44');
/*!40000 ALTER TABLE `payment_providers` ENABLE KEYS */;
UNLOCK TABLES;

--
-- Table structure for table `payment_sources`
--

DROP TABLE IF EXISTS `payment_sources`;
/*!40101 SET @saved_cs_client     = @@character_set_client */;
/*!50503 SET character_set_client = utf8mb4 */;
CREATE TABLE `payment_sources` (
  `id` char(36) COLLATE utf8mb4_unicode_ci NOT NULL,
  `user_id` char(36) COLLATE utf8mb4_unicode_ci DEFAULT NULL,
  `name` varchar(100) COLLATE utf8mb4_unicode_ci NOT NULL,
  `slug` varchar(255) COLLATE utf8mb4_unicode_ci NOT NULL,
  `source_id` varchar(255) COLLATE utf8mb4_unicode_ci DEFAULT NULL,
  `exp_month` varchar(255) COLLATE utf8mb4_unicode_ci DEFAULT NULL,
  `exp_year` varchar(255) COLLATE utf8mb4_unicode_ci DEFAULT NULL,
  `last_four` varchar(255) COLLATE utf8mb4_unicode_ci DEFAULT NULL,
  `brand` varchar(255) COLLATE utf8mb4_unicode_ci DEFAULT NULL,
  `stripe_user_id` varchar(255) COLLATE utf8mb4_unicode_ci DEFAULT NULL,
  `payment_method_id` tinyint NOT NULL,
  `deleted_at` timestamp NULL DEFAULT NULL,
  `created_at` timestamp NULL DEFAULT NULL,
  `updated_at` timestamp NULL DEFAULT NULL,
  PRIMARY KEY (`id`),
  KEY `payment_sources_user_id_foreign` (`user_id`),
  CONSTRAINT `payment_sources_user_id_foreign` FOREIGN KEY (`user_id`) REFERENCES `users` (`id`) ON DELETE SET NULL
) ENGINE=InnoDB DEFAULT CHARSET=utf8mb4 COLLATE=utf8mb4_unicode_ci;
/*!40101 SET character_set_client = @saved_cs_client */;

--
-- Dumping data for table `payment_sources`
--

LOCK TABLES `payment_sources` WRITE;
/*!40000 ALTER TABLE `payment_sources` DISABLE KEYS */;
INSERT INTO `payment_sources` VALUES ('9c427485-174d-44b5-ae13-ee6d5e3bb2a2','9c4273cd-fd90-42a8-99d2-54147d0e9353','sed eaque','treiber-sed-eaque','iut7Y6mFcjIHNtH9SwIpU5Ll6QxwR50yhurj35tdgd1HpVk6HSwB7OjKeMmjOySGNXpXvRaTIN1D8z3sW8714XxzmYg4cNXw5dwrtLjH45pwyN9kcLeRaeNyjpuVBNq4Giwh2Zf9knx68tsPBuC4zB','eyJpdiI6IjJRVGhvREdXeFlVWDBxcWVBbW9nNUE9PSIsInZhbHVlIjoiSWJCaE5nUkQ0eDd0WElscDZFTG1qdz09IiwibWFjIjoiMzg1Y2QzYWFiNjJjNmQ0ZGQyZjQ1MGE5YzljMGQ2OGI5OGQ0NjU4ZGZmZmUyODY2NDEzZGY5ZDlmNWI3MTk2YSIsInRhZyI6IiJ9','eyJpdiI6IlVpc01DeXFiRjIyS2lyN3AwZ3hYZUE9PSIsInZhbHVlIjoid0JnVmVmbkdWSXpHRkI3cFFaaFRRdz09IiwibWFjIjoiMTE2N2ZkMTcwZTZhZGU2NWQ1N2VkNDAyZjlkMGIzZWY5OTE3NmNhODkwM2M1NjZkNjNmOWVkNGIyZDA5YzViNyIsInRhZyI6IiJ9','eyJpdiI6IkczOXRHbTUvYm9VM05GSHlVVHB0YkE9PSIsInZhbHVlIjoiLzV4LzFndG9GVnNvRmRnY3I2V2pHQT09IiwibWFjIjoiNDlhZTNmNGE0MGFiM2JlODNmNGE5ZjRiZDEyNzBmMDljY2I4ZjZhYWQ4MjZjOTkwYWNiMmZmNmZiNzQyMDA2NiIsInRhZyI6IiJ9','eyJpdiI6IlNNK3hFbEZUYTZ3bWJmSVN4VmtsMnc9PSIsInZhbHVlIjoiUVlPM2EwVDBQNnI5ZnZJM1JLM1prdz09IiwibWFjIjoiNTM4ZjZjZmRkMzM1ZGUzMTA1Njk5YTI0OGJhODAwMGUyM2IyNzMzMTFmMThmZGRiNjMyMzVhYTI3MjkwODA1ZSIsInRhZyI6IiJ9','dMJTT7kAHCPCJaw4xsDhdXQVEgqrRt29s5yU1kgY9nPa1q087UjiFUfVZPWaQQqnAg6RGYWSRFzLcDkCGCVWhETAfuGseCi3AAmY2K00ix7YCXnpExuabR9N',1,NULL,'2024-06-11 07:52:46','2024-06-11 07:52:46'),('9c427485-17e4-457c-b3fe-6cb3c04f8b0e','9c4273cd-5665-41d5-a1bf-ebfd8979aee4','qui et','holmes-qui-et','3sgpFgsn5nuHG7DAsCnAvavFBNyzg29XIBfeDnlfuC6dxuvKaupaUmt7U7qTULXsGVNfTnVEocDmiHcRyn0rKaWSGmgR5hgriqEazr6i6zVrEySDGbmxT0KZO4yp2n3XH0pdn5Xr8FOAqXvGxyDWpf','eyJpdiI6InZRNkJHbWZ1eXRDSFJsWGM2dWFTNWc9PSIsInZhbHVlIjoiRmJaUDVySWYrV044QmpLdTBkZ1k2UT09IiwibWFjIjoiMGJjNGUyMjI4ZTNlMThkNjRmOTY2MGVjYzc2YzlmOWFmMTE2OWYxMWI0NGE0MDczODE5YmI2NDBjMzRlMDYzZiIsInRhZyI6IiJ9','eyJpdiI6Im0vUGdibmtwQTgvUjcxUmZaZElDcWc9PSIsInZhbHVlIjoiNVNDZmcxVXFhQWljYmtqRE92ZWczQT09IiwibWFjIjoiODBlMDgyN2Y5YjdiY2FiMGMwN2M2ZDhmN2Y5ZGEzMGE0ZWVlMjM2MmY0NDEyMDA0ZGRhOTJkNTM1YWMxYmY0MSIsInRhZyI6IiJ9','eyJpdiI6InlyWTl2elloMWs3TFdsL2tjWTcvdlE9PSIsInZhbHVlIjoiNzJVZVY3aHNWc0lKS0t3d1hEdjBuZz09IiwibWFjIjoiMzg5MWRiYjExNzMyYjdjN2EwZmMxZDA5ODU1Njk1NTI3YzFkOTZiYThkMjg1NzdhZjVmNzlmNmJjMTdiYzE4OSIsInRhZyI6IiJ9','eyJpdiI6IkFzR2JqRUFBM3BVYVIwZG1XTVJoMlE9PSIsInZhbHVlIjoiZEpNdElLTXFKTGFBZlJ3cmd6Z1dTdFg5S2RLT051Mm5JTDdpbk1kRzEzcz0iLCJtYWMiOiI4OTg1ZTJlZTIzNTZhYTBkYzVkOTA3N2E4YmQyNDQyZjljZGYyYmY2ZGVlMDBmNGZlNjY0Y2FkMTRjYWZmZTlhIiwidGFnIjoiIn0=','e0nRpC2lXYKoLdhqiLqDuu8D8z3K37WPRs50ENXWj0gmZelrTXykgAyV0K1NwXto6qGIhnDIONqq6vYqNx2pdRruXJlrVmJdh9JdaRShrJdT1EWMYUy77Gf3',1,NULL,'2024-06-11 07:52:46','2024-06-11 07:52:46'),('9c427485-18b5-4ded-bea6-7fd8ae74acf3','9c4273cc-b0bf-45f5-8d37-6a087c046ac0','enim tempora','khan-enim-tempora','NBgFo10HIRi89TwxbgIkjZgyUsWnQpZ9hLHOznS1EHTxXRKVDKNxeW41OFq6OTpotA7WLwDieu3HRKXlmxp00Dl9c9AY2yLCwECjShZfHaehZtdR7hhB4IOiXdgamIwo0xZZN5Vqe4aL3Q1M4bBM8G','eyJpdiI6IkxacFU1S3ErVnVuV2ZmOXZkSmxZUXc9PSIsInZhbHVlIjoiWUxsUGR3RkNKbUlia2drVXo4UHFmZz09IiwibWFjIjoiNzgyYTQxYTUyMTg2YmIwYTIxOGU2ZDIwNjkzMzkzNzE4OGZiZDEyMzAxOThiNjQyZTZhMGMyZTY5YWMwNjNkYSIsInRhZyI6IiJ9','eyJpdiI6IkMydlFmaGQwTXA3WVdtblNFZkd6bWc9PSIsInZhbHVlIjoiODhQbXo2akxjUGJQcjNaU2pvdnJhUT09IiwibWFjIjoiZWI3M2EyZmMwOTdkNTYyMDczMmJjYjk5ZmY4YjJjYjYxNGM4M2JkZDY3NWE4MDY5NDI5NzdkMjU0NmFiN2IxMyIsInRhZyI6IiJ9','eyJpdiI6InNaNWNBTENJV01xY0poNks3YjR4QVE9PSIsInZhbHVlIjoiRjhBekRNT0NKOTdsOVh0cHR1R3VzQT09IiwibWFjIjoiNTZlNGVlMWIyZGI5OTgxOTA5OWUzOTZiMmMzZGQwMDZkYTFiMzM5MGJlZGFjOGQ3N2MyNDcwZjAwMWYwYmMxOCIsInRhZyI6IiJ9','eyJpdiI6Ilo0Tk82SC8yTDZMWlBHK2JSNzJaVFE9PSIsInZhbHVlIjoiejFBSWxCZjd5bUtRMjhVR2RoQzc4QT09IiwibWFjIjoiOTllZDY2ODE1YThiMjBiNmU1ZDlhNWUyZjExYjQxMGNkZjk5YTg1OWJlYjg0YTU0ZjFlM2ZmMzEwNjBmMjkyZSIsInRhZyI6IiJ9','cKMjLpXOwG7SdrcaPKRYJV2p7XLHStlhYDzBsU6WOYrDM610CXFk61co6I4SNg4JmqnBS5hZe2w3XZOoBrVxdd6kqXy0E8qGT1KADBDOOZ8x40dyDi7mvHKl',1,NULL,'2024-06-11 07:52:46','2024-06-11 07:52:46'),('9c427485-199a-4dae-803d-84f55dc23685','9c4273cc-f778-4b5e-9bdc-f90847d1103a','rem quam','cox-rem-quam','hP9fWVuTUCA16F4JSISdLuV4Gp4CzfLGco4aVs0mPyU6s6UaxeilLu3iP6SssWpFhO7qxXe6WsKEbuNoDR6JceXBUyMkj4HpK3Pku4dKt5Y2yInCqMNuHFk0t0liZzdLVI4ybjwEdiN3fTYZYwo508','eyJpdiI6Ik83OTVFblN5c24rWUgySG1BSXFOOEE9PSIsInZhbHVlIjoiWU1KQ2F0U3FiRDNxVXNHUUxQaW1ydz09IiwibWFjIjoiMTFlYTM2MDQ4MGYyODZkNjJjYTFmNWNmNzYxYzg0ZTQ1YzA0ZjJlODZjNGJlZDc5MTVhM2YxNDRlMDE0YzNiNiIsInRhZyI6IiJ9','eyJpdiI6InI5ajJjNFZSeWpKOWphNWNtTE5TeXc9PSIsInZhbHVlIjoiQldWcEd1bzVnZm52RkJyS0VKbjhPdz09IiwibWFjIjoiZGNkMjg4ZDhhZjdlMTg2NTE3Mjk2MjkyNDg3YmYwMjNkMjVjZjQ0ZGFkMGFiOWNkYzY4YzA5YjkyYWFkNWRkYyIsInRhZyI6IiJ9','eyJpdiI6ImhtTXVnVXE1OHl5WmQzZ213WnFCRGc9PSIsInZhbHVlIjoiUGh6a2tqN29IMGtKOGREVDlxcXRmUT09IiwibWFjIjoiZGViOWI0NzMzNmI0YTQ4NDI1NjA1ZWE5MGQ3YzM2MTFjZWQxOTVkMzcxOTRkZjViNjVhNThmNDE3YjQ3MGM3NSIsInRhZyI6IiJ9','eyJpdiI6IjVpcHFIa2plU0hHblJvUUhEdjViQlE9PSIsInZhbHVlIjoidStkbHJxOUZaNnpxcU9oWE0yY2ViM1owSDNhOENGb0ljT3k0MjhOcWVtVT0iLCJtYWMiOiI4MzRmYzEyZmIzMjE0YWQ4ZGViOTMwODNkZTc1M2VkMjRkZTc1NzZlNDJiOGU3YTA0NTQxOWQ2ZDA4MGZhOTExIiwidGFnIjoiIn0=','fPJLADMKfzFVNMfCxZfH7f9dYUDLsHDTwNntMoKoV0LIxH2MC6mlp9ku1O1ivEWU9AoxJFe8nIGqNIvngni67fyws309FlGfykAwpc8z8Z4Y7LDM5jnwIeAo',1,NULL,'2024-06-11 07:52:46','2024-06-11 07:52:46'),('9c427485-1a2e-49fd-a392-fc3644f0d3b5','9c4273cc-9924-4a2c-a0a1-af3018b37ab3','nulla odit','cooper-nulla-odit','CkoLIBfxSHQlx6ZbeJ0YqaWGtq1OWXAOqpTo6G85eNi3SQ0UbvCIVOG75HTbeS57ffjznNOd9bHcSIn39kMKSzSCm52Ndw28MwUtK1xVxlH5ooiVHv3n5JcgmsESXJhJYYYSsCpTGREoaTVbEEU4Dt','eyJpdiI6IkxWU1VxVS9lS3ZzVWZHbjVDZWE2WUE9PSIsInZhbHVlIjoic2J6TmxJbjB2elNGNDRCbFJRdDlZQT09IiwibWFjIjoiNjE3NWExNTkzZTMzNDU4MDQ2ZTJhYTA1MWNkMGQ4YzQ2YjdjNmNkZjA2MjQzNGRmODViMWJmZTA5MzIzMThmYSIsInRhZyI6IiJ9','eyJpdiI6IkJlMFZUVmJIaTArcXFUTFhMaGZyTkE9PSIsInZhbHVlIjoiQlUxTjdFV2MrYy9vMFU3bnZTMHBJZz09IiwibWFjIjoiOGNkYTNkZGU4N2I3ZjQyNjNmODlhMDdhZTgyZjhhODVjYTdkMGViZDdlNjQzNTMxYjM4YWNkY2VkYWZiZDZmZCIsInRhZyI6IiJ9','eyJpdiI6IlM3MVNBMlp0MHdveVpkWFNXK1krNVE9PSIsInZhbHVlIjoiTDBWTzJJd3dvOFQ2bnJ4bFBWalZodz09IiwibWFjIjoiZGM0OGI1NTRiOGVmOTM3MDMyZGVmOGRkNTBhMjM1MjUyMjVkODk4MWExODcwYWNiYWY4NmVlN2RlNzE5YmI1MSIsInRhZyI6IiJ9','eyJpdiI6InJNb2k0cmI2b0tmdkFuVFZnbWNOcmc9PSIsInZhbHVlIjoiZ2E4NnBCRTZ4VHk2RlV3TFVIWWd5Zz09IiwibWFjIjoiNzYwODQzNzJiZGEzYzJiOGY0YmI0YzRkNmM4ODJmZmU4ZjUxOWU4ZTZlMWRmMjU3ODI1ZTQ5NzQyMWJlMmM2YyIsInRhZyI6IiJ9','6cTk4gl95vybPXrJlCRfumLn6gzYgW81mldDFIHQqnLy3EANa0wNizMHpqb6GncZb5HZi7wNM6iLqMNNcyk2h4wV0wDj4ydm9xgARpX2JeKtfK4gcQ8iNZCR',3,NULL,'2024-06-11 07:52:46','2024-06-11 07:52:46'),('9c427485-1ad0-4c0e-ab8e-b23b10d46d7f','9c4273cd-6df9-4eae-ad34-b56f8bf11835','aut incidunt','martin-aut-incidunt','4TaW6nlynwtEkcx54v4JqNI5WG986xvaQVlEYRyVSERFzfmUt8PL9r23OAFJVT07aX5Mfs7t3TlSvNrYgqy7VKRiDR6i1ChU3d9Z6jK1hkr45rhO79Htz5gG6c7bgdLctruTCQJPjXqkoca9qPttvh','eyJpdiI6IkNydmZGY0RHcEZaS2lsTmFMUjFCNGc9PSIsInZhbHVlIjoieHNQQWpTNlY2TXQvY1hxeE9uTDZHQT09IiwibWFjIjoiNGJiYzE3YmE2MmQwMGQ1OTMwNTAzMjM3MGE4MGM3MDhjN2FjZmY3NWZkODFlYmRkODU3ZTZmMGNiOTdiNzY1OCIsInRhZyI6IiJ9','eyJpdiI6IlhUVmhXaHFIa0JBU3o5OHF4Ym9KcUE9PSIsInZhbHVlIjoiRTdxL1BoWlhCTnBMeGExN3NNbjQrZz09IiwibWFjIjoiYTM5OWFmODMxOTc2MWYwOWU0YTY2OTYwNWQ0OTY2ODY0NGUzM2QxZjZkYzAxN2NmNjlmZDk4OWIwZTViY2YyZSIsInRhZyI6IiJ9','eyJpdiI6ImJpK3hjUE1rL1FFS3RkYTRRVkxQcWc9PSIsInZhbHVlIjoiTGh4eDhqVEZSMElTcDdkN1VQSzBqZz09IiwibWFjIjoiYzIzM2UwMWFiODY3Mjc1NGU1OTc5ZjQ2NTE3Njg5MjMwZDEwNmMxZGI4NmFhMDEwNjkyMmVjZDM2MzJlNTQ3ZCIsInRhZyI6IiJ9','eyJpdiI6ImZ0WjZ5RTUydldmVXFxZ25HTTVSNEE9PSIsInZhbHVlIjoic0l3Z3VpeStkSVVTWEx1U2tQUnBzMHJScldwRzBlRlVRZ1BDYzUzVGczZz0iLCJtYWMiOiJkMzFjMTc5ODY5YjJiM2Y3OTBhNDM2M2FlMmQ2N2YwZWY5NDhiODU3NjMyZmJjOTI3MTY5NzdiMWQ5YTkwYjEyIiwidGFnIjoiIn0=','x9pcX4ouOcEUdX97uwq4zV500th91PXO2il98uAAxgbCB7Fj66qXqviFzeN2RFI0oSX42GI8nKj6CXtFqqdZxk064jlRjtLWnePul5C4Bpx5cnQmpQLlyiYE',4,NULL,'2024-06-11 07:52:46','2024-06-11 07:52:46'),('9c427485-1b52-4d44-84bb-f14ca52cbd46','9c4273cd-3f08-426c-af71-a317e6c7ce0d','impedit tempora','adams-impedit-tempora','nrjPaXiwSHJbkLa9A2FEZ3Pg4P0bKIEdOOi06TdD90TlvX3Ray14vgN2Yq3rbt5oqoOMTg2dL4WxOovbP3hk3VIAaoDs5qxnHvigHSPpjQCgOizYSvbIl3WD4bhfCt2TKpLqFPJrbPcVvwRCoepjWD','eyJpdiI6ImhBOVRtOWRmMzliRElua3ZXZURDTkE9PSIsInZhbHVlIjoiV01UbnJ3cFAxVVgwK3lSdDAwMFlmUT09IiwibWFjIjoiZmFhYjc2ZWZiOGMyYjkzYTIyMDgzNWU5ZjFmODg1MTdkNTRhN2E5ZWViMTJhMmMxZTlhOGVmOTkzMTY4MWU3OSIsInRhZyI6IiJ9','eyJpdiI6InRJWTRDb01MRmFYeS82Y1QrNHhtYVE9PSIsInZhbHVlIjoiMzFoaDhLbndOUCtDZWRpZVh2ZkN6QT09IiwibWFjIjoiYzdmMDY3YWZjMDM5MTFhZjJkZTg1OWY4MmEwNDE5NTE3MTdjYjgzNTgxNTExYTBhOWI0OTI1ZmY3MmNiOGQ3NyIsInRhZyI6IiJ9','eyJpdiI6Imxhbm10d2c1TjZOM05oUlk2NWVrZUE9PSIsInZhbHVlIjoiSThwMzRpQzhCWmpSKzFVSjNVN0lJdz09IiwibWFjIjoiOTU5NGEwNmZjYTFlNDAzNTkwYWY5OThmMTUyMzYwMTlmODVmMzI2NGRkNGVlMTg5OWM3YTRkMTI3MzIwYWQxMCIsInRhZyI6IiJ9','eyJpdiI6IlVjU0dDMFd2OGtoNjRKeHpTNUNhbVE9PSIsInZhbHVlIjoiOXlFVkhMbEU5czNqd0ROUnZtdGQ0QmRITVh1QlBaQXowcDY5YXVvQ05xVT0iLCJtYWMiOiJiZGI0YzRkZTdhZjQ1YTEzMWU1Y2M2MzI2YzEwNjYyY2E1MTUyMDllZjQwNTg3ZGMzNGRjMDZkODQ5ZTZlMTVmIiwidGFnIjoiIn0=','t2xzfMnZBTaRdMqrwMYjJi3H8XbVSv1MDmL5z0m6q1uk5WW8nS7GkYG7faIIk7awaYJEPd2sIxTN6PJnw8AJ9odNyzw7z2zlUAsoqtKnrLPwOstrpVuiFhp1',3,NULL,'2024-06-11 07:52:46','2024-06-11 07:52:46'),('9c427485-1c0d-4900-94f0-5935af665fb9','9c4273cd-9dd5-4ccc-b903-ba99e778c019','est rerum','roberts-est-rerum','ghIBM45IZUKGFO8tipiuMbvKgvGKOUyAVRx3gHJIo9mjrGK5EVL3pIdLRdPPKVw5qUWnHUQRUPEeiSrliwiJDJABovEJwiqYfylOxzq5MeIS5ZiSRw2ISxl9v0yyfsGhG6nld7FYYlLBtxRAAbgEBJ','eyJpdiI6IldUUkNlaW9OeGxic2pHZW5Qc0Vxb0E9PSIsInZhbHVlIjoicjVrMlUvdjZ5TGxQT0NqVjJRMVRDZz09IiwibWFjIjoiOTNkZTRjMDlkMGE0Mjk0N2E5M2FjNTNkY2Q0Nzc5MGM1YWU2NzdjMjhhMjcxNTEzOTM2YTBjOTk5NzIzM2E4NiIsInRhZyI6IiJ9','eyJpdiI6IjA3ZWFVakkvSmYzOW5hVktHMGlNM3c9PSIsInZhbHVlIjoiMnc5enpSY3BjVVNuNS9vcXIycVJ0UT09IiwibWFjIjoiYThlNDBjMWUyMzE1ZTBjNjhhNGZlZDIyZTgxZmQ5NGU4YTgyNDU5Mzk2YzIyYTE4YTQ0ZTRiMWJmNDdkODM3MyIsInRhZyI6IiJ9','eyJpdiI6InpzVXZ2RWRXdWV4L0F0WWc1WityNmc9PSIsInZhbHVlIjoiUzdOR1pIZlhNUXNjTXJGR29WdHVkdz09IiwibWFjIjoiYWU5MDk5NmQ4ZWE4NmRmN2ZhMGU3OWM1MTA3ZmZiOTI5OTk3MTRjYjdlMjA3MWJlNjZmYTEyYzg1ZDNiYzFiOSIsInRhZyI6IiJ9','eyJpdiI6InBiazRETUhVUDZGN21GREZRK3RkZkE9PSIsInZhbHVlIjoiWHdLaHg0UGV3ditURThIb1ZMVWtUUT09IiwibWFjIjoiZTcwZTg4ZDI5Y2Q1MmZjZWY5NDJlYTdjZTU5YjQ3M2I5NzFlNzNhOTA1MTZmZmNhZWIzNTk4OWUyODQwYzNkMSIsInRhZyI6IiJ9','sVIg2ahwF4vtmLkk3V6iou2T0F3E4njkS02HgVP9uSggNGfcwA3Sneozdz8hQ6uIWaWQiXtOTGzng05DrJT0c1D0UJm1ePQAFqyB5lzun6MQknhSShevpW09',2,NULL,'2024-06-11 07:52:46','2024-06-11 07:52:46'),('9c427485-1cc6-4cd7-8933-e5f829d84721','9c4273cc-c85e-444d-b2ec-3fb805b3a1fc','quas rem','holmes-quas-rem','7UYzdwKmCmZDHNFwzFjv8bymhw6V7KysvisFsyiI74RMjFhpYBY1fld4pEalQmRgku3zm5mqxheFYmGIy4cJEnDzLPd9P8byRvs7HJis8mJMlNuFhNPpz9VjTPLttsNB96i7mV52YHEngRA5YwCemQ','eyJpdiI6InVpVnNxWXVjTnV1dDVTd0Z2UXVOa2c9PSIsInZhbHVlIjoiamluVWtrdyttK2tuSWxoeG9ZUkJyQT09IiwibWFjIjoiZWY1MDYxNTViZTJjZWUzZWE2NDg0YTI3NTg4NmRjN2NlYjdmODIzZDYxZTM1YjQ4OWI5NTBiZTIxZmUzNmQxOCIsInRhZyI6IiJ9','eyJpdiI6InFjWEcrT2QvcU1XcnRuN2JGN3F6THc9PSIsInZhbHVlIjoiM2ZyMExBR2hKeHZkL0c3dlUzS3pqdz09IiwibWFjIjoiZjAzNzAwMWQ1Yzc1MDRmNGQ4NTBmMGFhMjUzMWM2NWYxNDE3ZjljYmI0Zjg2NDRjY2FjMWUwZTAyYzRhZDJmZCIsInRhZyI6IiJ9','eyJpdiI6InU1QnVaSlBITFo3cm9Cb0wwQjE1ZHc9PSIsInZhbHVlIjoibDZoTDM2cVJEOTdkcFE3Y3dUVjl2QT09IiwibWFjIjoiYTljYjA5MTY1OTgzYjRhNWQ5ZDUwM2M5YzVkYWZlOTA1NTlkOWI2MTVmYmM4NmFiMTg0YTZmZDJiZjIwYTY1MyIsInRhZyI6IiJ9','eyJpdiI6ImpWSXQzMUg1azRuaEplbUFORURlL3c9PSIsInZhbHVlIjoidUo4RSsxQkU1Q1IwNVVQYzZaVUpxQT09IiwibWFjIjoiOTcxNjNkMjVjZmU1ODAxZWY5MWM4Nzg4ZDMxOTY5NzAwMzU5OGNiNWVjMWVkYjAzNjgwMTg2ZWUyYjkwNzk0NCIsInRhZyI6IiJ9','BMKbL6ta8IsbIgQAHCNn7olPPYPCnJtfKEMH0uFEkIopWisCFjIYvrmRDGxzk7nVZEqpm4MsWBAEb1JP7cTJ3QJz1NsbZ2b49VSbXsIy67gFe1IDJdOwOs8T',1,NULL,'2024-06-11 07:52:46','2024-06-11 07:52:46'),('9c427485-1d49-4183-b70e-e06f5c56c720','9c4273cd-863c-4957-be1b-84e09c21166e','autem esse','shaw-autem-esse','kVhgHR80UXD8dVyXtDJjW0kbv7rPDUvdvI7IDqOpC8KRQ0m17cd8mkYrO7eRkvOgp94bqdBxfvtO59MtOtNQpEhPF0NAgNBzc8tuEmWWN8a1ITNmO60Kv286fiymClepgajrAEqGMpArU4ZwGWqwqj','eyJpdiI6IlJpNU1tZDV1d0J1L0JyUkNkdkVkcVE9PSIsInZhbHVlIjoiWFE0bi9PbVlZUkdhMUljUnFJYVhXQT09IiwibWFjIjoiNGJiMWY3MjM2Mjc4ODFjZjFhYzllZTg3MDU4NDMyN2Q0MDJjYTUxNGVmZjg3NzFiMjM5YzkzYWEwMjhmMGFiNCIsInRhZyI6IiJ9','eyJpdiI6IlVVNEMwbEdkbmoxZWxPaXZINFV0bnc9PSIsInZhbHVlIjoidGdQK09CbmVmMW1FNEhrNXUwNUNLZz09IiwibWFjIjoiZWE5ZjMwYmM5YTc4MDhjZWM0MmRjM2ZiY2EwNGRjMGY3NzA2MzY5MjcxOTI0MGQ0NmQxNmU2OTI0ZTE4YmNmMyIsInRhZyI6IiJ9','eyJpdiI6Ilo2OUdkeHBEZ2xZZm5pd2xoWHRxT2c9PSIsInZhbHVlIjoiaG5LRStFZjNWMDBNM0ZnbkV2MTVhUT09IiwibWFjIjoiODFlZjQxMWEyNGMxNDNhYmNiZTM3OGM4NGNmM2EwYzIyMTQxNWJiNjFkYWY1NzAwY2VmYWE1YTkwOTllNmFlNCIsInRhZyI6IiJ9','eyJpdiI6InhjRkp3enplZEpPR3REbFR5UCtHZUE9PSIsInZhbHVlIjoiK0p6Y1lRczJMZmFQUDdBL1h4dWN2MFAxbm8wYkQ0WGlPUlptcUxDQ2xobz0iLCJtYWMiOiJlYTM4ZjNhOTdjN2E5NTgyNGVjZDAzODZkY2RkZmQzNzc2Y2E4MTA4NmEwNzI3OGZhNzMxMGFkZmY4NDE5NTdmIiwidGFnIjoiIn0=','YZcMddb6cVU3FJgZI3kexxdDxzL1oR6R1vVWDEusQbwDkoQc5N1dyrGEx0oJUKhYagcN5XSoWLlAypVNLT2EbJHsgGETAor38rrCC8G5OSNBwK94PgrCCk7x',4,NULL,'2024-06-11 07:52:46','2024-06-11 07:52:46');
/*!40000 ALTER TABLE `payment_sources` ENABLE KEYS */;
UNLOCK TABLES;

--
-- Table structure for table `payments`
--

DROP TABLE IF EXISTS `payments`;
/*!40101 SET @saved_cs_client     = @@character_set_client */;
/*!50503 SET character_set_client = utf8mb4 */;
CREATE TABLE `payments` (
  `id` char(36) COLLATE utf8mb4_unicode_ci NOT NULL,
  `payable_type` varchar(255) COLLATE utf8mb4_unicode_ci NOT NULL,
  `payable_id` char(36) COLLATE utf8mb4_unicode_ci NOT NULL,
  `amount` decimal(8,2) unsigned NOT NULL,
  `slug` varchar(255) COLLATE utf8mb4_unicode_ci NOT NULL,
  `user_id` char(36) COLLATE utf8mb4_unicode_ci DEFAULT NULL,
  `payment_source_id` char(36) COLLATE utf8mb4_unicode_ci DEFAULT NULL,
  `proof` json DEFAULT NULL,
  `status` tinyint NOT NULL DEFAULT '0',
  `payment_ref` varchar(150) COLLATE utf8mb4_unicode_ci DEFAULT NULL,
  `method_ref` varchar(150) COLLATE utf8mb4_unicode_ci DEFAULT NULL,
  `type` tinyint NOT NULL,
  `description` varchar(250) COLLATE utf8mb4_unicode_ci DEFAULT NULL,
  `deleted_at` timestamp NULL DEFAULT NULL,
  `created_at` timestamp NULL DEFAULT NULL,
  `updated_at` timestamp NULL DEFAULT NULL,
  PRIMARY KEY (`id`),
  KEY `payments_payable_type_payable_id_index` (`payable_type`,`payable_id`),
  KEY `payments_user_id_foreign` (`user_id`),
  KEY `payments_payment_source_id_foreign` (`payment_source_id`),
  CONSTRAINT `payments_payment_source_id_foreign` FOREIGN KEY (`payment_source_id`) REFERENCES `payment_sources` (`id`) ON DELETE SET NULL,
  CONSTRAINT `payments_user_id_foreign` FOREIGN KEY (`user_id`) REFERENCES `users` (`id`) ON DELETE SET NULL
) ENGINE=InnoDB DEFAULT CHARSET=utf8mb4 COLLATE=utf8mb4_unicode_ci;
/*!40101 SET character_set_client = @saved_cs_client */;

--
-- Dumping data for table `payments`
--

LOCK TABLES `payments` WRITE;
/*!40000 ALTER TABLE `payments` DISABLE KEYS */;
INSERT INTO `payments` VALUES ('9c427487-09e6-47e9-9225-8ac51cc396f5','App\\Models\\Order','9c427485-1ef0-4055-896c-9825e7cd1cf7',1635.07,'mr-roland-treiber-lillyfort','9c4273cd-fd90-42a8-99d2-54147d0e9353','9c427485-174d-44b5-ae13-ee6d5e3bb2a2',NULL,1,'NnVkoVGH2L','Gu7SZFe8bG',0,'Payment of £1635.07 for the Order with ID \"9c427485-1ef0-4055-896c-9825e7cd1cf7\" processed at 2024-06-11 07:52:47',NULL,'2024-06-11 07:52:47','2024-06-11 07:52:47'),('9c427487-85f9-490b-91b6-9d4a17ac5110','App\\Models\\Order','9c427485-22b1-4ed4-9fc0-b73fd57c08e7',455.31,'gavin-holmes-alisonhaven','9c4273cd-5665-41d5-a1bf-ebfd8979aee4','9c427485-17e4-457c-b3fe-6cb3c04f8b0e',NULL,1,'uHDC06WmMg','5zovYZ8uFa',0,'Payment of £455.31 for the Order with ID \"9c427485-22b1-4ed4-9fc0-b73fd57c08e7\" processed at 2024-06-11 07:52:48',NULL,'2024-06-11 07:52:48','2024-06-11 07:52:48'),('9c427487-a102-40f5-8398-b51d0fda8a97','App\\Models\\Order','9c427485-2471-4196-8b81-ba78673693a1',1869.62,'jackson-khan-new-sashachester','9c4273cc-b0bf-45f5-8d37-6a087c046ac0','9c427485-18b5-4ded-bea6-7fd8ae74acf3',NULL,1,'Pgr632V99b','mxqtz71R4C',0,'Payment of £1869.62 for the Order with ID \"9c427485-2471-4196-8b81-ba78673693a1\" processed at 2024-06-11 07:52:48',NULL,'2024-06-11 07:52:48','2024-06-11 07:52:48'),('9c427488-15aa-4e85-a97f-414ab1cbe466','App\\Models\\Order','9c427485-2638-49a5-9a19-3092909853c5',952.18,'florence-cox-eileenport','9c4273cc-f778-4b5e-9bdc-f90847d1103a','9c427485-199a-4dae-803d-84f55dc23685',NULL,1,'91RSyspomS','FvMpVQA7bG',0,'Payment of £952.18 for the Order with ID \"9c427485-2638-49a5-9a19-3092909853c5\" processed at 2024-06-11 07:52:48',NULL,'2024-06-11 07:52:48','2024-06-11 07:52:48'),('9c427488-4f86-4a20-8291-ff493f341ba2','App\\Models\\Order','9c427485-27f2-4bd0-a860-bed640d53c21',1625.93,'alice-cooper-port-sofia','9c4273cc-9924-4a2c-a0a1-af3018b37ab3','9c427485-1a2e-49fd-a392-fc3644f0d3b5',NULL,1,'z1fEFqIhqB','Z9xuc4huOa',0,'Payment of £1625.93 for the Order with ID \"9c427485-27f2-4bd0-a860-bed640d53c21\" processed at 2024-06-11 07:52:48',NULL,'2024-06-11 07:52:48','2024-06-11 07:52:48'),('9c427488-b899-48f7-aa59-441a327f9962','App\\Models\\Order','9c427485-29b0-46d4-a72f-bd6e1bca8067',772.52,'gavin-holmes-alisonhaven-1','9c4273cd-5665-41d5-a1bf-ebfd8979aee4','9c427485-17e4-457c-b3fe-6cb3c04f8b0e',NULL,1,'TwSaXQ3tKV','2IkpfF0lW2',0,'Payment of £772.52 for the Order with ID \"9c427485-29b0-46d4-a72f-bd6e1bca8067\" processed at 2024-06-11 07:52:48',NULL,'2024-06-11 07:52:48','2024-06-11 07:52:48'),('9c427488-e82e-4db5-9794-9bc9e0f9d5c2','App\\Models\\Order','9c427485-2b7b-439a-9f73-f6cfa2d0be07',1565.58,'lucy-martin-south-tonyshire','9c4273cd-6df9-4eae-ad34-b56f8bf11835','9c427485-1ad0-4c0e-ab8e-b23b10d46d7f',NULL,1,'ySCmbOBZWE','2je2SkqGE5',0,'Payment of £1565.58 for the Order with ID \"9c427485-2b7b-439a-9f73-f6cfa2d0be07\" processed at 2024-06-11 07:52:49',NULL,'2024-06-11 07:52:49','2024-06-11 07:52:49'),('9c427489-5ac0-40ae-953b-028cd7812a1a','App\\Models\\Order','9c427485-2d25-4e2f-8d82-ff54078b86f1',2554.16,'mr-roland-treiber-port-gordonmouth','9c4273cd-fd90-42a8-99d2-54147d0e9353','9c427485-174d-44b5-ae13-ee6d5e3bb2a2',NULL,1,'5ZxROD6Aoz','Ic88DpRO07',0,'Payment of £2554.16 for the Order with ID \"9c427485-2d25-4e2f-8d82-ff54078b86f1\" processed at 2024-06-11 07:52:49',NULL,'2024-06-11 07:52:49','2024-06-11 07:52:49'),('9c427489-dfc4-4991-9e8e-a7f4bc88d2d0','App\\Models\\Order','9c427485-2f10-4fa8-8762-26382cfa6ff3',1867.49,'jordan-adams-cooperview','9c4273cd-3f08-426c-af71-a317e6c7ce0d','9c427485-1b52-4d44-84bb-f14ca52cbd46',NULL,1,'HdN21mWz9Y','N5WgPE0nB5',0,'Payment of £1867.49 for the Order with ID \"9c427485-2f10-4fa8-8762-26382cfa6ff3\" processed at 2024-06-11 07:52:49',NULL,'2024-06-11 07:52:49','2024-06-11 07:52:49'),('9c42748a-4865-4441-9df7-7ae3f5b65322','App\\Models\\Order','9c427485-30d9-4cd7-b0ee-27a34cf03e3b',2604.98,'tiffany-roberts-russellland','9c4273cd-9dd5-4ccc-b903-ba99e778c019','9c427485-1c0d-4900-94f0-5935af665fb9',NULL,1,'EUmkXaeyJK','obJDLXQxhg',0,'Payment of £2604.98 for the Order with ID \"9c427485-30d9-4cd7-b0ee-27a34cf03e3b\" processed at 2024-06-11 07:52:49',NULL,'2024-06-11 07:52:49','2024-06-11 07:52:49'),('9c42748a-bfb4-4792-a00d-7c33333e6803','App\\Models\\Order','9c427485-3299-4767-9104-e66715eeb382',1288.05,'mr-roland-treiber-port-gordonmouth-1','9c4273cd-fd90-42a8-99d2-54147d0e9353','9c427485-174d-44b5-ae13-ee6d5e3bb2a2',NULL,1,'RKG67F2Ekw','P1cQTYqa4V',0,'Payment of £1288.05 for the Order with ID \"9c427485-3299-4767-9104-e66715eeb382\" processed at 2024-06-11 07:52:50',NULL,'2024-06-11 07:52:50','2024-06-11 07:52:50'),('9c42748b-0fce-42dd-bdb6-e489895161d4','App\\Models\\Order','9c427485-356d-4216-a38a-bc70cdc8c9b4',2065.96,'alice-cooper-port-sofia-1','9c4273cc-9924-4a2c-a0a1-af3018b37ab3','9c427485-1a2e-49fd-a392-fc3644f0d3b5',NULL,1,'W9AvScSI87','QSzk4zgxxg',0,'Payment of £2065.96 for the Order with ID \"9c427485-356d-4216-a38a-bc70cdc8c9b4\" processed at 2024-06-11 07:52:50',NULL,'2024-06-11 07:52:50','2024-06-11 07:52:50'),('9c42748b-856d-448d-82bc-37bca27511b3','App\\Models\\Order','9c427485-380c-42ef-b1d1-3ecd341a2a6c',2434.06,'eleanor-holmes-lake-henry','9c4273cc-c85e-444d-b2ec-3fb805b3a1fc','9c427485-1cc6-4cd7-8933-e5f829d84721',NULL,1,'LdRfqgiwfR','MHQU2PB6ma',0,'Payment of £2434.06 for the Order with ID \"9c427485-380c-42ef-b1d1-3ecd341a2a6c\" processed at 2024-06-11 07:52:50',NULL,'2024-06-11 07:52:50','2024-06-11 07:52:50'),('9c42748b-fab7-4578-8134-8c617f2108cb','App\\Models\\Order','9c427485-3a35-4861-be79-d197eafd658a',805.60,'gavin-holmes-beckyborough','9c4273cd-5665-41d5-a1bf-ebfd8979aee4','9c427485-17e4-457c-b3fe-6cb3c04f8b0e',NULL,1,'Gzz1AMNiee','sbZuFlQ09w',0,'Payment of £805.60 for the Order with ID \"9c427485-3a35-4861-be79-d197eafd658a\" processed at 2024-06-11 07:52:51',NULL,'2024-06-11 07:52:51','2024-06-11 07:52:51'),('9c42748c-3d4d-4acb-809c-c3d2c5050117','App\\Models\\Order','9c427485-3ca6-4fb1-9bc0-9fa2529fb149',686.55,'ashley-shaw-karlborough','9c4273cd-863c-4957-be1b-84e09c21166e','9c427485-1d49-4183-b70e-e06f5c56c720',NULL,1,'YGlmljLbbW','j4dH7AfLeX',0,'Payment of £686.55 for the Order with ID \"9c427485-3ca6-4fb1-9bc0-9fa2529fb149\" processed at 2024-06-11 07:52:51',NULL,'2024-06-11 07:52:51','2024-06-11 07:52:51');
/*!40000 ALTER TABLE `payments` ENABLE KEYS */;
UNLOCK TABLES;

--
-- Table structure for table `permissions`
--

DROP TABLE IF EXISTS `permissions`;
/*!40101 SET @saved_cs_client     = @@character_set_client */;
/*!50503 SET character_set_client = utf8mb4 */;
CREATE TABLE `permissions` (
  `id` bigint unsigned NOT NULL AUTO_INCREMENT,
  `name` varchar(255) COLLATE utf8mb4_unicode_ci NOT NULL,
  `guard_name` varchar(255) COLLATE utf8mb4_unicode_ci NOT NULL,
  `created_at` timestamp NULL DEFAULT NULL,
  `updated_at` timestamp NULL DEFAULT NULL,
  PRIMARY KEY (`id`),
  UNIQUE KEY `permissions_name_guard_name_unique` (`name`,`guard_name`)
) ENGINE=InnoDB AUTO_INCREMENT=105 DEFAULT CHARSET=utf8mb4 COLLATE=utf8mb4_unicode_ci;
/*!40101 SET character_set_client = @saved_cs_client */;

--
-- Dumping data for table `permissions`
--

LOCK TABLES `permissions` WRITE;
/*!40000 ALTER TABLE `permissions` DISABLE KEYS */;
INSERT INTO `permissions` VALUES (1,'users.can.invite','api','2024-06-11 07:50:44','2024-06-11 07:50:44'),(2,'users.can.update','api','2024-06-11 07:50:44','2024-06-11 07:50:44'),(3,'users.can.see','api','2024-06-11 07:50:44','2024-06-11 07:50:44'),(4,'users.can.list','api','2024-06-11 07:50:44','2024-06-11 07:50:44'),(5,'users.can.delete','api','2024-06-11 07:50:44','2024-06-11 07:50:44'),(6,'products.can.see','api','2024-06-11 07:50:44','2024-06-11 07:50:44'),(7,'products.can.list','api','2024-06-11 07:50:44','2024-06-11 07:50:44'),(8,'products.can.create','api','2024-06-11 07:50:44','2024-06-11 07:50:44'),(9,'products.can.delete','api','2024-06-11 07:50:44','2024-06-11 07:50:44'),(10,'products.can.update','api','2024-06-11 07:50:44','2024-06-11 07:50:44'),(11,'product.variants.can.see','api','2024-06-11 07:50:44','2024-06-11 07:50:44'),(12,'product.variants.can.list','api','2024-06-11 07:50:44','2024-06-11 07:50:44'),(13,'product.variants.can.create','api','2024-06-11 07:50:44','2024-06-11 07:50:44'),(14,'product.variants.can.delete','api','2024-06-11 07:50:44','2024-06-11 07:50:44'),(15,'product.variants.can.update','api','2024-06-11 07:50:44','2024-06-11 07:50:44'),(16,'product.categories.can.see','api','2024-06-11 07:50:44','2024-06-11 07:50:44'),(17,'product.categories.can.list','api','2024-06-11 07:50:44','2024-06-11 07:50:44'),(18,'product.categories.can.create','api','2024-06-11 07:50:44','2024-06-11 07:50:44'),(19,'product.categories.can.delete','api','2024-06-11 07:50:44','2024-06-11 07:50:44'),(20,'product.categories.can.update','api','2024-06-11 07:50:44','2024-06-11 07:50:44'),(21,'product.attributes.can.see','api','2024-06-11 07:50:44','2024-06-11 07:50:44'),(22,'product.attributes.can.list','api','2024-06-11 07:50:44','2024-06-11 07:50:44'),(23,'product.attributes.can.create','api','2024-06-11 07:50:44','2024-06-11 07:50:44'),(24,'product.attributes.can.delete','api','2024-06-11 07:50:44','2024-06-11 07:50:44'),(25,'product.attributes.can.update','api','2024-06-11 07:50:44','2024-06-11 07:50:44'),(26,'product.attribute.options.can.see','api','2024-06-11 07:50:44','2024-06-11 07:50:44'),(27,'product.attribute.options.can.list','api','2024-06-11 07:50:44','2024-06-11 07:50:44'),(28,'product.attribute.options.can.create','api','2024-06-11 07:50:44','2024-06-11 07:50:44'),(29,'product.attribute.options.can.delete','api','2024-06-11 07:50:44','2024-06-11 07:50:44'),(30,'product.attribute.options.can.update','api','2024-06-11 07:50:44','2024-06-11 07:50:44'),(31,'product.tags.can.see','api','2024-06-11 07:50:44','2024-06-11 07:50:44'),(32,'product.tags.can.list','api','2024-06-11 07:50:44','2024-06-11 07:50:44'),(33,'product.tags.can.create','api','2024-06-11 07:50:44','2024-06-11 07:50:44'),(34,'product.tags.can.delete','api','2024-06-11 07:50:44','2024-06-11 07:50:44'),(35,'product.tags.can.update','api','2024-06-11 07:50:44','2024-06-11 07:50:44'),(36,'orders.can.see','api','2024-06-11 07:50:44','2024-06-11 07:50:44'),(37,'orders.can.list','api','2024-06-11 07:50:44','2024-06-11 07:50:44'),(38,'orders.can.create','api','2024-06-11 07:50:44','2024-06-11 07:50:44'),(39,'orders.can.delete','api','2024-06-11 07:50:44','2024-06-11 07:50:44'),(40,'orders.can.update','api','2024-06-11 07:50:44','2024-06-11 07:50:44'),(41,'discount.rules.can.see','api','2024-06-11 07:50:44','2024-06-11 07:50:44'),(42,'discount.rules.can.list','api','2024-06-11 07:50:44','2024-06-11 07:50:44'),(43,'discount.rules.can.create','api','2024-06-11 07:50:44','2024-06-11 07:50:44'),(44,'discount.rules.can.delete','api','2024-06-11 07:50:44','2024-06-11 07:50:44'),(45,'discount.rules.can.update','api','2024-06-11 07:50:44','2024-06-11 07:50:44'),(46,'voucher.codes.can.see','api','2024-06-11 07:50:44','2024-06-11 07:50:44'),(47,'voucher.codes.can.list','api','2024-06-11 07:50:44','2024-06-11 07:50:44'),(48,'voucher.codes.can.create','api','2024-06-11 07:50:44','2024-06-11 07:50:44'),(49,'voucher.codes.can.delete','api','2024-06-11 07:50:44','2024-06-11 07:50:44'),(50,'voucher.codes.can.update','api','2024-06-11 07:50:44','2024-06-11 07:50:44'),(51,'delivery.types.can.see','api','2024-06-11 07:50:44','2024-06-11 07:50:44'),(52,'delivery.types.can.list','api','2024-06-11 07:50:44','2024-06-11 07:50:44'),(53,'delivery.types.can.create','api','2024-06-11 07:50:44','2024-06-11 07:50:44'),(54,'delivery.types.can.delete','api','2024-06-11 07:50:44','2024-06-11 07:50:44'),(55,'delivery.types.can.update','api','2024-06-11 07:50:44','2024-06-11 07:50:44'),(56,'delivery.rules.can.see','api','2024-06-11 07:50:44','2024-06-11 07:50:44'),(57,'delivery.rules.can.list','api','2024-06-11 07:50:44','2024-06-11 07:50:44'),(58,'delivery.rules.can.create','api','2024-06-11 07:50:44','2024-06-11 07:50:44'),(59,'delivery.rules.can.delete','api','2024-06-11 07:50:44','2024-06-11 07:50:44'),(60,'delivery.rules.can.update','api','2024-06-11 07:50:44','2024-06-11 07:50:44'),(61,'customers.can.see','api','2024-06-11 07:50:44','2024-06-11 07:50:44'),(62,'customers.can.list','api','2024-06-11 07:50:44','2024-06-11 07:50:44'),(63,'customers.can.create','api','2024-06-11 07:50:44','2024-06-11 07:50:44'),(64,'customers.can.delete','api','2024-06-11 07:50:44','2024-06-11 07:50:44'),(65,'customers.can.update','api','2024-06-11 07:50:44','2024-06-11 07:50:44'),(66,'payments.can.see','api','2024-06-11 07:50:44','2024-06-11 07:50:44'),(67,'payments.can.list','api','2024-06-11 07:50:44','2024-06-11 07:50:44'),(68,'payments.can.create','api','2024-06-11 07:50:44','2024-06-11 07:50:44'),(69,'payments.can.delete','api','2024-06-11 07:50:44','2024-06-11 07:50:44'),(70,'payments.can.update','api','2024-06-11 07:50:44','2024-06-11 07:50:44'),(71,'notes.can.see','api','2024-06-11 07:50:44','2024-06-11 07:50:44'),(72,'notes.can.list','api','2024-06-11 07:50:44','2024-06-11 07:50:44'),(73,'notes.can.create','api','2024-06-11 07:50:44','2024-06-11 07:50:44'),(74,'notes.can.delete','api','2024-06-11 07:50:44','2024-06-11 07:50:44'),(75,'notes.can.update','api','2024-06-11 07:50:44','2024-06-11 07:50:44'),(76,'ratings.can.see','api','2024-06-11 07:50:44','2024-06-11 07:50:44'),(77,'ratings.can.list','api','2024-06-11 07:50:44','2024-06-11 07:50:44'),(78,'ratings.can.create','api','2024-06-11 07:50:44','2024-06-11 07:50:44'),(79,'ratings.can.delete','api','2024-06-11 07:50:44','2024-06-11 07:50:44'),(80,'ratings.can.update','api','2024-06-11 07:50:44','2024-06-11 07:50:44'),(81,'banners.can.see','api','2024-06-11 07:50:44','2024-06-11 07:50:44'),(82,'banners.can.list','api','2024-06-11 07:50:44','2024-06-11 07:50:44'),(83,'banners.can.create','api','2024-06-11 07:50:44','2024-06-11 07:50:44'),(84,'banners.can.delete','api','2024-06-11 07:50:44','2024-06-11 07:50:44'),(85,'banners.can.update','api','2024-06-11 07:50:44','2024-06-11 07:50:44'),(86,'files.can.see','api','2024-06-11 07:50:44','2024-06-11 07:50:44'),(87,'files.can.list','api','2024-06-11 07:50:44','2024-06-11 07:50:44'),(88,'files.can.create','api','2024-06-11 07:50:44','2024-06-11 07:50:44'),(89,'files.can.delete','api','2024-06-11 07:50:44','2024-06-11 07:50:44'),(90,'files.can.update','api','2024-06-11 07:50:44','2024-06-11 07:50:44'),(91,'paid.files.can.see','api','2024-06-11 07:50:44','2024-06-11 07:50:44'),(92,'paid.files.can.list','api','2024-06-11 07:50:44','2024-06-11 07:50:44'),(93,'paid.files.can.create','api','2024-06-11 07:50:44','2024-06-11 07:50:44'),(94,'paid.files.can.delete','api','2024-06-11 07:50:44','2024-06-11 07:50:44'),(95,'paid.files.can.update','api','2024-06-11 07:50:44','2024-06-11 07:50:44'),(96,'reports.can.see','api','2024-06-11 07:50:44','2024-06-11 07:50:44'),(97,'reports.can.list','api','2024-06-11 07:50:44','2024-06-11 07:50:44'),(98,'reports.can.create','api','2024-06-11 07:50:44','2024-06-11 07:50:44'),(99,'reports.can.delete','api','2024-06-11 07:50:44','2024-06-11 07:50:44'),(100,'reports.can.update','api','2024-06-11 07:50:44','2024-06-11 07:50:44'),(101,'emails.can.see','api','2024-06-11 07:50:44','2024-06-11 07:50:44'),(102,'emails.can.list','api','2024-06-11 07:50:44','2024-06-11 07:50:44'),(103,'export.can.create','api','2024-06-11 07:50:44','2024-06-11 07:50:44'),(104,'can.import.mass.records','api','2024-06-11 07:50:44','2024-06-11 07:50:44');
/*!40000 ALTER TABLE `permissions` ENABLE KEYS */;
UNLOCK TABLES;

--
-- Table structure for table `product_attribute_options`
--

DROP TABLE IF EXISTS `product_attribute_options`;
/*!40101 SET @saved_cs_client     = @@character_set_client */;
/*!50503 SET character_set_client = utf8mb4 */;
CREATE TABLE `product_attribute_options` (
  `id` char(36) COLLATE utf8mb4_unicode_ci NOT NULL,
  `name` text COLLATE utf8mb4_unicode_ci NOT NULL,
  `slug` varchar(255) COLLATE utf8mb4_unicode_ci NOT NULL,
  `value` varchar(255) COLLATE utf8mb4_unicode_ci NOT NULL,
  `product_attribute_id` char(36) COLLATE utf8mb4_unicode_ci DEFAULT NULL,
  `image` json DEFAULT NULL,
  `enabled` tinyint(1) NOT NULL DEFAULT '1',
  `deleted_at` timestamp NULL DEFAULT NULL,
  `created_at` timestamp NULL DEFAULT NULL,
  `updated_at` timestamp NULL DEFAULT NULL,
  PRIMARY KEY (`id`),
  KEY `product_attribute_options_product_attribute_id_foreign` (`product_attribute_id`),
  CONSTRAINT `product_attribute_options_product_attribute_id_foreign` FOREIGN KEY (`product_attribute_id`) REFERENCES `product_attributes` (`id`)
) ENGINE=InnoDB DEFAULT CHARSET=utf8mb4 COLLATE=utf8mb4_unicode_ci;
/*!40101 SET character_set_client = @saved_cs_client */;

--
-- Dumping data for table `product_attribute_options`
--

LOCK TABLES `product_attribute_options` WRITE;
/*!40000 ALTER TABLE `product_attribute_options` DISABLE KEYS */;
INSERT INTO `product_attribute_options` VALUES ('9c4273e4-3a4a-4b23-9993-225be33cc186','{\"de\":\"XL\",\"fr\":\"XL\",\"en\":\"XL\"}','option-xl-1','XL','9c4273e3-8bc4-4943-9d64-70de63123808',NULL,1,NULL,'2024-06-11 07:51:00','2024-06-11 07:51:01'),('9c4273e4-74b6-44cf-91c0-824a31dcb756','{\"de\":\"M\",\"fr\":\"L\",\"en\":\"L\"}','option-l-1','L','9c4273e3-8bc4-4943-9d64-70de63123808',NULL,1,NULL,'2024-06-11 07:51:01','2024-06-11 07:51:01'),('9c4273e4-ab2c-49ad-bece-4d2dee0079e5','{\"de\":\"M\",\"fr\":\"M\",\"en\":\"M\"}','option-m-1','M','9c4273e3-8bc4-4943-9d64-70de63123808',NULL,1,NULL,'2024-06-11 07:51:01','2024-06-11 07:51:01'),('9c4273e4-e1a6-45d6-b0fa-aeea949ea259','{\"de\":\"S\",\"fr\":\"S\",\"en\":\"S\"}','option-s-1','S','9c4273e3-8bc4-4943-9d64-70de63123808',NULL,1,NULL,'2024-06-11 07:51:01','2024-06-11 07:51:01'),('9c4273e5-182c-4f24-8a7e-8fe7111b8553','{\"de\":\"Gr\\u00f6\\u00dfe\",\"fr\":\"XS\",\"en\":\"XS\"}','option-xs-1','XS','9c4273e3-8bc4-4943-9d64-70de63123808',NULL,1,NULL,'2024-06-11 07:51:01','2024-06-11 07:51:01'),('9c4273e5-5102-4756-b401-22fb6c3fa749','{\"de\":\"10\",\"fr\":\"dix\",\"en\":\"10\"}','option-10-1','10','9c4273e3-8bc4-4943-9d64-70de63123808',NULL,1,NULL,'2024-06-11 07:51:01','2024-06-11 07:51:01'),('9c4273e5-8cb6-4bf4-a012-fc3977b8851c','{\"de\":\"9,5\",\"fr\":\"9.5\",\"en\":\"9.5\"}','option-9.5-1','9.5','9c4273e3-8bc4-4943-9d64-70de63123808',NULL,1,NULL,'2024-06-11 07:51:01','2024-06-11 07:51:01'),('9c4273e5-c695-4b23-b09b-695b7e9fc260','{\"de\":\"9\",\"fr\":\"9\",\"en\":\"9\"}','option-9-1','9','9c4273e3-8bc4-4943-9d64-70de63123808',NULL,1,NULL,'2024-06-11 07:51:01','2024-06-11 07:51:02'),('9c4273e5-fec8-437f-9577-4476ee83fa61','{\"de\":\"8,5\",\"fr\":\"8.5\",\"en\":\"8.5\"}','option-8.5-1','8.5','9c4273e3-8bc4-4943-9d64-70de63123808',NULL,1,NULL,'2024-06-11 07:51:02','2024-06-11 07:51:02'),('9c4273e6-3425-4d96-89a1-2217de7ef932','{\"de\":\"8\",\"fr\":\"8\",\"en\":\"8\"}','option-8-1','8','9c4273e3-8bc4-4943-9d64-70de63123808',NULL,1,NULL,'2024-06-11 07:51:02','2024-06-11 07:51:02'),('9c4273e6-6c94-43bd-9a65-f4be6ae839be','{\"de\":\"Stoff\",\"fr\":\"Tissu\",\"en\":\"Fabric\"}','option-fabric-1','fabric','9c4273e3-c914-4f7b-b8f5-45bf06c886c8','{\"url\": \"https://shoptopus.test/sample-store-data/sample-store-1/attribute-option-fabric.jpg\", \"file_name\": \"attribute-option-fabric.jpg\"}',1,NULL,'2024-06-11 07:51:02','2024-06-11 07:51:02'),('9c4273e6-a291-4c9f-ac8a-050b58004ea0','{\"de\":\"Kunstleder\",\"fr\":\"faux cuir\",\"en\":\"Faux Leather\"}','option-faux-leather-1','faux leather','9c4273e3-c914-4f7b-b8f5-45bf06c886c8','{\"url\": \"https://shoptopus.test/sample-store-data/sample-store-1/attribute-option-faux-leather.jpg\", \"file_name\": \"attribute-option-faux-leather.jpg\"}',1,NULL,'2024-06-11 07:51:02','2024-06-11 07:51:02'),('9c4273e6-d8d7-4f43-82b2-f4db116e402e','{\"de\":\"Leder\",\"fr\":\"Cuir\",\"en\":\"Leather\"}','option-leather-1','leather','9c4273e3-c914-4f7b-b8f5-45bf06c886c8','{\"url\": \"https://shoptopus.test/sample-store-data/sample-store-1/attribute-option-leather.jpg\", \"file_name\": \"attribute-option-leather.jpg\"}',1,NULL,'2024-06-11 07:51:02','2024-06-11 07:51:02'),('9c4273e7-1541-42ff-8108-7348950c2c54','{\"de\":\"Gummi\",\"fr\":\"Caoutchouc\",\"en\":\"Rubber\"}','option-rubber-1','rubber','9c4273e3-c914-4f7b-b8f5-45bf06c886c8','{\"url\": \"https://shoptopus.test/sample-store-data/sample-store-1/attribute-option-rubber.jpg\", \"file_name\": \"attribute-option-rubber.jpg\"}',1,NULL,'2024-06-11 07:51:02','2024-06-11 07:51:02'),('9c4273e7-4f95-4841-8110-0a21eac39236','{\"de\":\"Wei\\u00df\",\"fr\":\"Blanc\",\"en\":\"White\"}','option-white-1','#ffffff','9c4273e4-0471-4153-88fa-c949ab516ced',NULL,1,NULL,'2024-06-11 07:51:02','2024-06-11 07:51:03'),('9c4273e7-8755-4035-a475-4bffa1e4624e','{\"de\":\"Hellgrau\",\"fr\":\"Gris clair\",\"en\":\"Light Gray\"}','option-lightgray-1','#cfcdca','9c4273e4-0471-4153-88fa-c949ab516ced',NULL,1,NULL,'2024-06-11 07:51:03','2024-06-11 07:51:03'),('9c4273e7-da1b-47d9-89df-361812de9972','{\"de\":\"Mittelgrau\",\"fr\":\"Gris moyen\",\"en\":\"Middle Gray\"}','option-middlegray-1','#969696','9c4273e4-0471-4153-88fa-c949ab516ced',NULL,1,NULL,'2024-06-11 07:51:03','2024-06-11 07:51:03'),('9c4273e8-1489-4db9-8617-b37f810c9499','{\"de\":\"Dunkelgrau\",\"fr\":\"Gris fonc\\u00e9\",\"en\":\"Dark Gray\"}','option-darkgray-1','#383838','9c4273e4-0471-4153-88fa-c949ab516ced',NULL,1,NULL,'2024-06-11 07:51:03','2024-06-11 07:51:03'),('9c4273e8-51e2-45ea-86fe-359b57e32b34','{\"de\":\"Schwarz\",\"fr\":\"Noir\",\"en\":\"Black\"}','option-black-1','#000000','9c4273e4-0471-4153-88fa-c949ab516ced',NULL,1,NULL,'2024-06-11 07:51:03','2024-06-11 07:51:03'),('9c4273e8-8d8a-40f1-95e6-ed16e1b20007','{\"de\":\"Hellblau\",\"fr\":\"Bleu clair\",\"en\":\"Light Blue\"}','option-lightblue-1','#778bf2','9c4273e4-0471-4153-88fa-c949ab516ced',NULL,1,NULL,'2024-06-11 07:51:03','2024-06-11 07:51:03'),('9c4273e8-c7db-44df-9c1a-9bf4abefcac3','{\"de\":\"Hellblau\",\"fr\":\"Bleu brillant\",\"en\":\"Bright Blue\"}','option-brightblue-1','#2145ff','9c4273e4-0471-4153-88fa-c949ab516ced',NULL,1,NULL,'2024-06-11 07:51:03','2024-06-11 07:51:04'),('9c4273e8-fe98-447b-ab1b-4bbef2b35d09','{\"de\":\"Mitternachtsblau\",\"fr\":\"Bleu nuit\",\"en\":\"Midnight Blue\"}','option-midnightblue-1','#001061','9c4273e4-0471-4153-88fa-c949ab516ced',NULL,1,NULL,'2024-06-11 07:51:04','2024-06-11 07:51:04'),('9c4273e9-325a-4f7a-aa48-84de18848ba1','{\"de\":\"Hellgr\\u00fcn\",\"fr\":\"Vert clair\",\"en\":\"Light Green\"}','option-lightgreen-1','#6aeb83','9c4273e4-0471-4153-88fa-c949ab516ced',NULL,1,NULL,'2024-06-11 07:51:04','2024-06-11 07:51:04'),('9c4273e9-6b75-4490-8fd1-4bf9409c705a','{\"de\":\"Hellgr\\u00fcn\",\"fr\":\"Vert clair\",\"en\":\"Bright Green\"}','option-brightgreen-1','#16db3c','9c4273e4-0471-4153-88fa-c949ab516ced',NULL,1,NULL,'2024-06-11 07:51:04','2024-06-11 07:51:04'),('9c4273e9-a380-42de-91ae-5ae505306e15','{\"de\":\"Dunkelgr\\u00fcn\",\"fr\":\"Vert fonc\\u00e9\",\"en\":\"Dark Green\"}','option-darkgreen-1','#00400c','9c4273e4-0471-4153-88fa-c949ab516ced',NULL,1,NULL,'2024-06-11 07:51:04','2024-06-11 07:51:04'),('9c4273e9-d681-48b4-966b-29ff0b4c13a9','{\"de\":\"Hellrot\",\"fr\":\"Rouge clair\",\"en\":\"Light Red\"}','option-lightred-1','#e87d7d','9c4273e4-0471-4153-88fa-c949ab516ced',NULL,1,NULL,'2024-06-11 07:51:04','2024-06-11 07:51:04'),('9c4273ea-111a-48a5-a1af-e89e35e7a7a4','{\"de\":\"Hellrot\",\"fr\":\"Rouge vif\",\"en\":\"Bright Red\"}','option-brightred-1','#e81515','9c4273e4-0471-4153-88fa-c949ab516ced',NULL,1,NULL,'2024-06-11 07:51:04','2024-06-11 07:51:04'),('9c4273ea-4e32-4038-9e35-af9807c2320b','{\"de\":\"Dunkelrot\",\"fr\":\"Rouge fonc\\u00e9\",\"en\":\"Dark Red\"}','option-darkred-1','#470101','9c4273e4-0471-4153-88fa-c949ab516ced',NULL,1,NULL,'2024-06-11 07:51:04','2024-06-11 07:51:05'),('9c4273ea-8833-4726-bda3-74a2477aec16','{\"de\":\"Rosa\",\"fr\":\"Rose\",\"en\":\"Pink\"}','option-pink-1','#dc4cfc','9c4273e4-0471-4153-88fa-c949ab516ced',NULL,1,NULL,'2024-06-11 07:51:05','2024-06-11 07:51:05'),('9c4273ea-c82a-4e7f-824b-4303edc9af30','{\"de\":\"Leuchtendes Orange\",\"fr\":\"Orange vif\",\"en\":\"Bright Orange\"}','option-brightorange-1','#ed8309','9c4273e4-0471-4153-88fa-c949ab516ced',NULL,1,NULL,'2024-06-11 07:51:05','2024-06-11 07:51:05');
/*!40000 ALTER TABLE `product_attribute_options` ENABLE KEYS */;
UNLOCK TABLES;

--
-- Table structure for table `product_attribute_product_variant`
--

DROP TABLE IF EXISTS `product_attribute_product_variant`;
/*!40101 SET @saved_cs_client     = @@character_set_client */;
/*!50503 SET character_set_client = utf8mb4 */;
CREATE TABLE `product_attribute_product_variant` (
  `id` char(36) COLLATE utf8mb4_unicode_ci NOT NULL,
  `product_attribute_id` char(36) COLLATE utf8mb4_unicode_ci NOT NULL,
  `product_variant_id` char(36) COLLATE utf8mb4_unicode_ci NOT NULL,
  `product_attribute_option_id` char(36) COLLATE utf8mb4_unicode_ci NOT NULL,
  PRIMARY KEY (`id`),
  KEY `product_attribute_product_variant_product_attribute_id_foreign` (`product_attribute_id`),
  KEY `product_attribute_product_variant_product_variant_id_foreign` (`product_variant_id`),
  KEY `variant_attribute_option_id` (`product_attribute_option_id`),
  CONSTRAINT `product_attribute_product_variant_product_attribute_id_foreign` FOREIGN KEY (`product_attribute_id`) REFERENCES `product_attributes` (`id`) ON DELETE CASCADE,
  CONSTRAINT `product_attribute_product_variant_product_variant_id_foreign` FOREIGN KEY (`product_variant_id`) REFERENCES `product_variants` (`id`) ON DELETE CASCADE,
  CONSTRAINT `variant_attribute_option_id` FOREIGN KEY (`product_attribute_option_id`) REFERENCES `product_attribute_options` (`id`) ON DELETE CASCADE
) ENGINE=InnoDB DEFAULT CHARSET=utf8mb4 COLLATE=utf8mb4_unicode_ci;
/*!40101 SET character_set_client = @saved_cs_client */;

--
-- Dumping data for table `product_attribute_product_variant`
--

LOCK TABLES `product_attribute_product_variant` WRITE;
/*!40000 ALTER TABLE `product_attribute_product_variant` DISABLE KEYS */;
INSERT INTO `product_attribute_product_variant` VALUES ('9c42747f-2989-4a4b-950e-bc7c85101937','9c4273e4-0471-4153-88fa-c949ab516ced','9c427477-9992-4f9a-90ae-41ec9cfac0df','9c4273e8-fe98-447b-ab1b-4bbef2b35d09'),('9c42747f-2a3f-47f2-9db8-88859ca3b022','9c4273e3-8bc4-4943-9d64-70de63123808','9c427477-9992-4f9a-90ae-41ec9cfac0df','9c4273e6-3425-4d96-89a1-2217de7ef932'),('9c42747f-2b0c-49fa-9af4-6b999aaff5ff','9c4273e4-0471-4153-88fa-c949ab516ced','9c427477-a2e6-42e4-9da8-06949bafed70','9c4273e8-fe98-447b-ab1b-4bbef2b35d09'),('9c42747f-2b83-4ac1-908f-a6c6165d3617','9c4273e3-8bc4-4943-9d64-70de63123808','9c427477-a2e6-42e4-9da8-06949bafed70','9c4273e5-fec8-437f-9577-4476ee83fa61'),('9c42747f-2c1d-4d11-be30-c47eaa28d504','9c4273e4-0471-4153-88fa-c949ab516ced','9c427477-a7ec-477b-ac8f-a78a0d1f4263','9c4273e8-fe98-447b-ab1b-4bbef2b35d09'),('9c42747f-2ca4-4fd2-824b-20aece611148','9c4273e3-8bc4-4943-9d64-70de63123808','9c427477-a7ec-477b-ac8f-a78a0d1f4263','9c4273e5-c695-4b23-b09b-695b7e9fc260'),('9c42747f-2d39-4dde-84e6-ecf856626176','9c4273e4-0471-4153-88fa-c949ab516ced','9c427477-ad1d-41a0-bb73-ca959aa2e9f0','9c4273e8-fe98-447b-ab1b-4bbef2b35d09'),('9c42747f-2ddd-4836-875b-655e0b171b40','9c4273e3-8bc4-4943-9d64-70de63123808','9c427477-ad1d-41a0-bb73-ca959aa2e9f0','9c4273e5-8cb6-4bf4-a012-fc3977b8851c'),('9c42747f-2ece-4d79-956b-082e18901aca','9c4273e4-0471-4153-88fa-c949ab516ced','9c427477-b225-4e9f-93a7-fa3e8921b64e','9c4273e8-fe98-447b-ab1b-4bbef2b35d09'),('9c42747f-2f5c-4d19-b789-281dc54acddf','9c4273e3-8bc4-4943-9d64-70de63123808','9c427477-b225-4e9f-93a7-fa3e8921b64e','9c4273e5-5102-4756-b401-22fb6c3fa749'),('9c42747f-300c-4668-b95c-26e7b0ff0845','9c4273e4-0471-4153-88fa-c949ab516ced','9c427477-b7c0-47c5-8478-cdb0e0e8b758','9c4273e9-a380-42de-91ae-5ae505306e15'),('9c42747f-308a-4c7e-ae93-b85a41ddcfd7','9c4273e3-8bc4-4943-9d64-70de63123808','9c427477-b7c0-47c5-8478-cdb0e0e8b758','9c4273e6-3425-4d96-89a1-2217de7ef932'),('9c42747f-3115-4a80-958c-51149b55b94e','9c4273e4-0471-4153-88fa-c949ab516ced','9c427477-bc97-47a7-893e-e0c0218598b2','9c4273e9-a380-42de-91ae-5ae505306e15'),('9c42747f-31a5-4e27-8649-b72912c4fb64','9c4273e3-8bc4-4943-9d64-70de63123808','9c427477-bc97-47a7-893e-e0c0218598b2','9c4273e5-fec8-437f-9577-4476ee83fa61'),('9c42747f-3246-4fc9-bb29-d2f787af7345','9c4273e4-0471-4153-88fa-c949ab516ced','9c427477-c151-48df-9bf1-a2acc79d4310','9c4273e9-a380-42de-91ae-5ae505306e15'),('9c42747f-32cd-4952-8ce9-5957977f9047','9c4273e3-8bc4-4943-9d64-70de63123808','9c427477-c151-48df-9bf1-a2acc79d4310','9c4273e5-c695-4b23-b09b-695b7e9fc260'),('9c42747f-3357-4496-a711-76502834ef75','9c4273e4-0471-4153-88fa-c949ab516ced','9c427477-d438-4183-bdb0-7783aefd9fcb','9c4273e9-a380-42de-91ae-5ae505306e15'),('9c42747f-33f4-4f71-a50e-0689ca4de382','9c4273e3-8bc4-4943-9d64-70de63123808','9c427477-d438-4183-bdb0-7783aefd9fcb','9c4273e5-8cb6-4bf4-a012-fc3977b8851c'),('9c42747f-34b3-4b3c-9b80-0721f33ee336','9c4273e4-0471-4153-88fa-c949ab516ced','9c427477-dcc2-4faa-8e9f-c0218005bbc6','9c4273e9-a380-42de-91ae-5ae505306e15'),('9c42747f-3533-4271-b11a-5ac75464bfd4','9c4273e3-8bc4-4943-9d64-70de63123808','9c427477-dcc2-4faa-8e9f-c0218005bbc6','9c4273e5-5102-4756-b401-22fb6c3fa749'),('9c42747f-35f2-4caa-8508-91affbfbc2f2','9c4273e4-0471-4153-88fa-c949ab516ced','9c427477-e123-4af9-befe-746ae127d206','9c4273e8-c7db-44df-9c1a-9bf4abefcac3'),('9c42747f-36bf-4a0d-9f06-339ee261b26a','9c4273e3-8bc4-4943-9d64-70de63123808','9c427477-e123-4af9-befe-746ae127d206','9c4273e5-182c-4f24-8a7e-8fe7111b8553'),('9c42747f-377a-4b55-8bb4-097f443e0078','9c4273e4-0471-4153-88fa-c949ab516ced','9c427477-e580-4538-80a3-9134cd0b6106','9c4273e8-c7db-44df-9c1a-9bf4abefcac3'),('9c42747f-37fe-4035-8804-498355a3faa8','9c4273e3-8bc4-4943-9d64-70de63123808','9c427477-e580-4538-80a3-9134cd0b6106','9c4273e4-e1a6-45d6-b0fa-aeea949ea259'),('9c42747f-389b-475f-9ada-19c04fd6294b','9c4273e4-0471-4153-88fa-c949ab516ced','9c427477-e993-4f0f-9abd-88dea797ed2e','9c4273e8-c7db-44df-9c1a-9bf4abefcac3'),('9c42747f-3928-4c78-9af4-7d74cb4eea25','9c4273e3-8bc4-4943-9d64-70de63123808','9c427477-e993-4f0f-9abd-88dea797ed2e','9c4273e4-ab2c-49ad-bece-4d2dee0079e5'),('9c42747f-39cc-4444-b18e-38fcc9b7ee2f','9c4273e4-0471-4153-88fa-c949ab516ced','9c427477-ee86-4d8b-9675-6b2428fabfff','9c4273e8-c7db-44df-9c1a-9bf4abefcac3'),('9c42747f-3a57-4dda-9492-c1672c1f4237','9c4273e3-8bc4-4943-9d64-70de63123808','9c427477-ee86-4d8b-9675-6b2428fabfff','9c4273e4-74b6-44cf-91c0-824a31dcb756'),('9c42747f-3b25-404a-8bad-2eda55d8ba97','9c4273e4-0471-4153-88fa-c949ab516ced','9c427477-f2d8-4bea-ba6f-fb6821a0debb','9c4273e8-c7db-44df-9c1a-9bf4abefcac3'),('9c42747f-3bd9-43fc-8c5b-2f5dd5f8b1fe','9c4273e3-8bc4-4943-9d64-70de63123808','9c427477-f2d8-4bea-ba6f-fb6821a0debb','9c4273e4-3a4a-4b23-9993-225be33cc186'),('9c42747f-3c72-4302-8c3e-16b4995d2748','9c4273e4-0471-4153-88fa-c949ab516ced','9c427477-f74c-423a-8707-b396391a7313','9c4273e9-6b75-4490-8fd1-4bf9409c705a'),('9c42747f-3cfb-4d01-b774-17ba4bfe8709','9c4273e3-8bc4-4943-9d64-70de63123808','9c427477-f74c-423a-8707-b396391a7313','9c4273e5-182c-4f24-8a7e-8fe7111b8553'),('9c42747f-3d84-471a-82ba-947d6b30ac1d','9c4273e4-0471-4153-88fa-c949ab516ced','9c427478-bcb5-4012-8d69-6d1180d0fddc','9c4273e9-6b75-4490-8fd1-4bf9409c705a'),('9c42747f-3e1d-4a80-90e1-cf357485b32e','9c4273e3-8bc4-4943-9d64-70de63123808','9c427478-bcb5-4012-8d69-6d1180d0fddc','9c4273e4-e1a6-45d6-b0fa-aeea949ea259'),('9c42747f-3ed4-4d9c-98bd-00d2986e2e08','9c4273e4-0471-4153-88fa-c949ab516ced','9c427478-c311-4b14-ba39-d948da100e12','9c4273e9-6b75-4490-8fd1-4bf9409c705a'),('9c42747f-3f66-4b8e-be8e-c17f7797d650','9c4273e3-8bc4-4943-9d64-70de63123808','9c427478-c311-4b14-ba39-d948da100e12','9c4273e4-ab2c-49ad-bece-4d2dee0079e5'),('9c42747f-407c-41ac-8163-2da373fa091a','9c4273e4-0471-4153-88fa-c949ab516ced','9c427478-c76d-4f3a-8fff-8ab54735d308','9c4273e9-6b75-4490-8fd1-4bf9409c705a'),('9c42747f-4110-433f-916c-bf7cf0ef1cc9','9c4273e3-8bc4-4943-9d64-70de63123808','9c427478-c76d-4f3a-8fff-8ab54735d308','9c4273e4-74b6-44cf-91c0-824a31dcb756'),('9c42747f-41b2-4775-ad91-a26a001c1dff','9c4273e4-0471-4153-88fa-c949ab516ced','9c427478-cbc0-46eb-8eda-abc2385d5291','9c4273e9-6b75-4490-8fd1-4bf9409c705a'),('9c42747f-42b0-496e-907b-8f801c927556','9c4273e3-8bc4-4943-9d64-70de63123808','9c427478-cbc0-46eb-8eda-abc2385d5291','9c4273e4-3a4a-4b23-9993-225be33cc186'),('9c42747f-4349-4120-893f-b91e25fc4bc7','9c4273e4-0471-4153-88fa-c949ab516ced','9c427478-d016-408d-a6e5-950379cfd669','9c4273e8-fe98-447b-ab1b-4bbef2b35d09'),('9c42747f-43e1-45ad-8849-972378b7543b','9c4273e3-8bc4-4943-9d64-70de63123808','9c427478-d016-408d-a6e5-950379cfd669','9c4273e5-182c-4f24-8a7e-8fe7111b8553'),('9c42747f-446c-4d33-ae3a-b90e7b74b3aa','9c4273e4-0471-4153-88fa-c949ab516ced','9c427478-d46d-41bf-8e78-1eb7df3067e1','9c4273e8-fe98-447b-ab1b-4bbef2b35d09'),('9c42747f-44f9-47ac-af26-60225aef016f','9c4273e3-8bc4-4943-9d64-70de63123808','9c427478-d46d-41bf-8e78-1eb7df3067e1','9c4273e4-e1a6-45d6-b0fa-aeea949ea259'),('9c42747f-45a3-4ef7-8537-c5730d92b092','9c4273e4-0471-4153-88fa-c949ab516ced','9c427478-d8e2-4c77-a1d2-21baf8fafddf','9c4273e8-fe98-447b-ab1b-4bbef2b35d09'),('9c42747f-466b-4233-a383-374b80f7130e','9c4273e3-8bc4-4943-9d64-70de63123808','9c427478-d8e2-4c77-a1d2-21baf8fafddf','9c4273e4-ab2c-49ad-bece-4d2dee0079e5'),('9c42747f-4707-45db-bc35-87b113598052','9c4273e4-0471-4153-88fa-c949ab516ced','9c427478-dd13-45d6-82ed-9a21ae9997b4','9c4273e8-fe98-447b-ab1b-4bbef2b35d09'),('9c42747f-4794-4b5d-b00e-c158625ff17e','9c4273e3-8bc4-4943-9d64-70de63123808','9c427478-dd13-45d6-82ed-9a21ae9997b4','9c4273e4-74b6-44cf-91c0-824a31dcb756'),('9c42747f-485b-4bde-9e6e-0be51ebf180b','9c4273e4-0471-4153-88fa-c949ab516ced','9c427478-e150-4a16-b790-97cee68bb664','9c4273e8-fe98-447b-ab1b-4bbef2b35d09'),('9c42747f-4905-46a1-a2a4-d14998c435e8','9c4273e3-8bc4-4943-9d64-70de63123808','9c427478-e150-4a16-b790-97cee68bb664','9c4273e4-3a4a-4b23-9993-225be33cc186'),('9c42747f-4987-4baa-92e2-603875f87aa6','9c4273e4-0471-4153-88fa-c949ab516ced','9c427478-e5cd-4b24-bc80-32bf4b9314cc','9c4273e9-6b75-4490-8fd1-4bf9409c705a'),('9c42747f-4a3c-4e2e-9a43-edd0148639d0','9c4273e3-8bc4-4943-9d64-70de63123808','9c427478-e5cd-4b24-bc80-32bf4b9314cc','9c4273e5-182c-4f24-8a7e-8fe7111b8553'),('9c42747f-4aec-41c5-9cb1-8bb87b7af7eb','9c4273e4-0471-4153-88fa-c949ab516ced','9c427478-ea05-4eec-9c55-46eeb951662e','9c4273e9-6b75-4490-8fd1-4bf9409c705a'),('9c42747f-4ba2-46ff-9ea5-13db25cffdcd','9c4273e3-8bc4-4943-9d64-70de63123808','9c427478-ea05-4eec-9c55-46eeb951662e','9c4273e4-e1a6-45d6-b0fa-aeea949ea259'),('9c42747f-4c50-47b8-ae80-4ac3456fc283','9c4273e4-0471-4153-88fa-c949ab516ced','9c427478-ee3a-44bc-a65a-5cd13b9e69b6','9c4273e9-6b75-4490-8fd1-4bf9409c705a'),('9c42747f-4cec-41e5-a4ea-0ee81d663b97','9c4273e3-8bc4-4943-9d64-70de63123808','9c427478-ee3a-44bc-a65a-5cd13b9e69b6','9c4273e4-ab2c-49ad-bece-4d2dee0079e5'),('9c42747f-4d88-4b14-94b0-6858fa8f745a','9c4273e4-0471-4153-88fa-c949ab516ced','9c427478-f276-4893-97d9-adce4fcfc303','9c4273e9-6b75-4490-8fd1-4bf9409c705a'),('9c42747f-4e1e-4d4b-980d-434aebf3cba0','9c4273e3-8bc4-4943-9d64-70de63123808','9c427478-f276-4893-97d9-adce4fcfc303','9c4273e4-74b6-44cf-91c0-824a31dcb756'),('9c42747f-4ed3-413c-a7c1-f8f5effc899c','9c4273e4-0471-4153-88fa-c949ab516ced','9c427478-f633-4e0b-9d4b-ee25c3ef6b19','9c4273e9-6b75-4490-8fd1-4bf9409c705a'),('9c42747f-4f6e-4342-bd8c-523dbf4b8d25','9c4273e3-8bc4-4943-9d64-70de63123808','9c427478-f633-4e0b-9d4b-ee25c3ef6b19','9c4273e4-3a4a-4b23-9993-225be33cc186'),('9c42747f-501d-4536-a5f9-0ba8f65b6306','9c4273e4-0471-4153-88fa-c949ab516ced','9c427478-f9f9-44c7-ab19-7d07664a2b97','9c4273e8-c7db-44df-9c1a-9bf4abefcac3'),('9c42747f-50a6-4f11-b82d-828898720ffc','9c4273e3-8bc4-4943-9d64-70de63123808','9c427478-f9f9-44c7-ab19-7d07664a2b97','9c4273e5-182c-4f24-8a7e-8fe7111b8553'),('9c42747f-5143-45ba-a642-ba3d52b36446','9c4273e4-0471-4153-88fa-c949ab516ced','9c427478-fd9a-4da8-a492-f0b2acc3b01b','9c4273e8-c7db-44df-9c1a-9bf4abefcac3'),('9c42747f-51cf-43d5-ae4c-9b71289f5344','9c4273e3-8bc4-4943-9d64-70de63123808','9c427478-fd9a-4da8-a492-f0b2acc3b01b','9c4273e4-e1a6-45d6-b0fa-aeea949ea259'),('9c42747f-5275-41be-8bc4-ed3ca3a90036','9c4273e4-0471-4153-88fa-c949ab516ced','9c427479-0104-46b9-a141-f8f7a7a17c4a','9c4273e8-c7db-44df-9c1a-9bf4abefcac3'),('9c42747f-5300-478f-b4bc-c31b2d99f23b','9c4273e3-8bc4-4943-9d64-70de63123808','9c427479-0104-46b9-a141-f8f7a7a17c4a','9c4273e4-ab2c-49ad-bece-4d2dee0079e5'),('9c42747f-5399-460d-88d5-210ad4c00405','9c4273e4-0471-4153-88fa-c949ab516ced','9c427479-0498-4032-8f19-cc33b26fe4a5','9c4273e8-c7db-44df-9c1a-9bf4abefcac3'),('9c42747f-5440-4a83-a8bb-2dea38ed70c5','9c4273e3-8bc4-4943-9d64-70de63123808','9c427479-0498-4032-8f19-cc33b26fe4a5','9c4273e4-74b6-44cf-91c0-824a31dcb756'),('9c42747f-54fe-46ae-8af4-bf7bff2fe0aa','9c4273e4-0471-4153-88fa-c949ab516ced','9c427479-0818-4732-85f4-e9050c873564','9c4273e8-c7db-44df-9c1a-9bf4abefcac3'),('9c42747f-5596-42d8-a2f1-baa0f87a9f14','9c4273e3-8bc4-4943-9d64-70de63123808','9c427479-0818-4732-85f4-e9050c873564','9c4273e4-3a4a-4b23-9993-225be33cc186'),('9c42747f-5620-4723-b2bc-960045850dff','9c4273e4-0471-4153-88fa-c949ab516ced','9c427479-0ba9-46bd-bb55-ed915a588d59','9c4273ea-111a-48a5-a1af-e89e35e7a7a4'),('9c42747f-56b6-4346-bafb-638b33c59d44','9c4273e3-8bc4-4943-9d64-70de63123808','9c427479-0ba9-46bd-bb55-ed915a588d59','9c4273e4-e1a6-45d6-b0fa-aeea949ea259'),('9c42747f-5738-4f1c-8a94-573efbefe918','9c4273e4-0471-4153-88fa-c949ab516ced','9c427479-0f77-42a1-8a30-0e71ad3d9266','9c4273ea-111a-48a5-a1af-e89e35e7a7a4'),('9c42747f-57c7-4a0b-8cf4-6e70df110e62','9c4273e3-8bc4-4943-9d64-70de63123808','9c427479-0f77-42a1-8a30-0e71ad3d9266','9c4273e4-e1a6-45d6-b0fa-aeea949ea259'),('9c42747f-585e-4bd7-9c3b-cc9f8b1e8e46','9c4273e4-0471-4153-88fa-c949ab516ced','9c427479-1329-437a-860a-5deefc151369','9c4273ea-111a-48a5-a1af-e89e35e7a7a4'),('9c42747f-591e-483b-ba11-65be2d8daef8','9c4273e3-8bc4-4943-9d64-70de63123808','9c427479-1329-437a-860a-5deefc151369','9c4273e4-ab2c-49ad-bece-4d2dee0079e5'),('9c42747f-59a5-44cf-be8f-2bfe51927e54','9c4273e4-0471-4153-88fa-c949ab516ced','9c427479-1682-4c42-89e0-e6d27bb6c719','9c4273ea-111a-48a5-a1af-e89e35e7a7a4'),('9c42747f-5a46-434d-9328-25db911df090','9c4273e3-8bc4-4943-9d64-70de63123808','9c427479-1682-4c42-89e0-e6d27bb6c719','9c4273e4-74b6-44cf-91c0-824a31dcb756'),('9c42747f-5b03-4bf7-9cdf-0f2646f15b7d','9c4273e4-0471-4153-88fa-c949ab516ced','9c427479-1aa9-487d-9269-69a1c9e40693','9c4273ea-111a-48a5-a1af-e89e35e7a7a4'),('9c42747f-5b7e-499b-ba6f-2e786605441b','9c4273e3-8bc4-4943-9d64-70de63123808','9c427479-1aa9-487d-9269-69a1c9e40693','9c4273e4-3a4a-4b23-9993-225be33cc186'),('9c42747f-5c3c-4d8c-aa11-8e1a42e5c121','9c4273e4-0471-4153-88fa-c949ab516ced','9c427479-1e95-4510-8eb0-157b0efbf6e3','9c4273ea-8833-4726-bda3-74a2477aec16'),('9c42747f-5ccf-454f-95b5-a4dd4d515ce9','9c4273e3-8bc4-4943-9d64-70de63123808','9c427479-1e95-4510-8eb0-157b0efbf6e3','9c4273e4-e1a6-45d6-b0fa-aeea949ea259'),('9c42747f-5d6e-48d8-bc9b-0ae016058636','9c4273e4-0471-4153-88fa-c949ab516ced','9c427479-22a9-4b3a-a8f0-7690750b4cfd','9c4273ea-8833-4726-bda3-74a2477aec16'),('9c42747f-5dfa-4ad0-b53e-c113e71f5346','9c4273e3-8bc4-4943-9d64-70de63123808','9c427479-22a9-4b3a-a8f0-7690750b4cfd','9c4273e4-e1a6-45d6-b0fa-aeea949ea259'),('9c42747f-5e92-4dd2-97f9-7fa5a2b9d564','9c4273e4-0471-4153-88fa-c949ab516ced','9c427479-2720-45f5-a893-ce20113fc080','9c4273ea-8833-4726-bda3-74a2477aec16'),('9c42747f-5f19-4b9c-8375-1e2ebcab9c04','9c4273e3-8bc4-4943-9d64-70de63123808','9c427479-2720-45f5-a893-ce20113fc080','9c4273e4-ab2c-49ad-bece-4d2dee0079e5'),('9c42747f-5fc3-4ee5-a3ef-035de48714ba','9c4273e4-0471-4153-88fa-c949ab516ced','9c427479-2cf1-416e-8b58-b9fc21466957','9c4273ea-8833-4726-bda3-74a2477aec16'),('9c42747f-604b-42dc-9077-2fcef7b1ac70','9c4273e3-8bc4-4943-9d64-70de63123808','9c427479-2cf1-416e-8b58-b9fc21466957','9c4273e4-74b6-44cf-91c0-824a31dcb756'),('9c42747f-6119-4a72-8127-d613b650a9c6','9c4273e4-0471-4153-88fa-c949ab516ced','9c427479-3196-430b-80af-4e50ec3b29ef','9c4273ea-8833-4726-bda3-74a2477aec16'),('9c42747f-61b7-453c-b889-fb9122d1fe73','9c4273e3-8bc4-4943-9d64-70de63123808','9c427479-3196-430b-80af-4e50ec3b29ef','9c4273e4-3a4a-4b23-9993-225be33cc186'),('9c42747f-6246-4a06-b373-1ab7bfc62dc6','9c4273e4-0471-4153-88fa-c949ab516ced','9c427479-3626-4040-b691-f2d96afbdf34','9c4273e9-6b75-4490-8fd1-4bf9409c705a'),('9c42747f-62ff-4eab-b1b2-3e811d979640','9c4273e3-8bc4-4943-9d64-70de63123808','9c427479-3626-4040-b691-f2d96afbdf34','9c4273e5-182c-4f24-8a7e-8fe7111b8553'),('9c42747f-6506-46b7-a7ce-5f3e68cdd1e9','9c4273e4-0471-4153-88fa-c949ab516ced','9c427479-3ae5-48ff-89ae-3d6288857b39','9c4273e9-6b75-4490-8fd1-4bf9409c705a'),('9c42747f-6592-466d-8fd1-2c0688db3312','9c4273e3-8bc4-4943-9d64-70de63123808','9c427479-3ae5-48ff-89ae-3d6288857b39','9c4273e4-e1a6-45d6-b0fa-aeea949ea259'),('9c42747f-6637-41fb-84c9-c4a515864321','9c4273e4-0471-4153-88fa-c949ab516ced','9c427479-3ef5-414b-9d13-6736da047bd2','9c4273e9-6b75-4490-8fd1-4bf9409c705a'),('9c42747f-66e6-41b9-bfc1-b56681027338','9c4273e3-8bc4-4943-9d64-70de63123808','9c427479-3ef5-414b-9d13-6736da047bd2','9c4273e4-ab2c-49ad-bece-4d2dee0079e5'),('9c42747f-67a5-40c3-824f-86d9c061ad1d','9c4273e4-0471-4153-88fa-c949ab516ced','9c427479-434f-4806-858d-7533a67a8eba','9c4273e9-6b75-4490-8fd1-4bf9409c705a'),('9c42747f-6834-447d-960b-ba3896e0d670','9c4273e3-8bc4-4943-9d64-70de63123808','9c427479-434f-4806-858d-7533a67a8eba','9c4273e4-74b6-44cf-91c0-824a31dcb756'),('9c42747f-68bd-44c2-82a0-b2c2ff0c8e03','9c4273e4-0471-4153-88fa-c949ab516ced','9c427479-47e5-44c7-a0e4-a1fdd088d6d7','9c4273e9-6b75-4490-8fd1-4bf9409c705a'),('9c42747f-6980-48e4-86c3-7e1d53eb09ed','9c4273e3-8bc4-4943-9d64-70de63123808','9c427479-47e5-44c7-a0e4-a1fdd088d6d7','9c4273e4-3a4a-4b23-9993-225be33cc186'),('9c42747f-69f4-435a-b102-48e7681ce218','9c4273e4-0471-4153-88fa-c949ab516ced','9c427479-4c25-4f79-8e71-fb3ee15d8abf','9c4273e8-c7db-44df-9c1a-9bf4abefcac3'),('9c42747f-6a94-45a4-a008-c5678f236546','9c4273e3-8bc4-4943-9d64-70de63123808','9c427479-4c25-4f79-8e71-fb3ee15d8abf','9c4273e5-182c-4f24-8a7e-8fe7111b8553'),('9c42747f-6b18-4874-9cb8-98587ea62d8d','9c4273e4-0471-4153-88fa-c949ab516ced','9c427479-55e4-4f0b-beae-3bad727e9f75','9c4273e8-c7db-44df-9c1a-9bf4abefcac3'),('9c42747f-6bc4-476a-8b34-d6a0c48950c1','9c4273e3-8bc4-4943-9d64-70de63123808','9c427479-55e4-4f0b-beae-3bad727e9f75','9c4273e4-e1a6-45d6-b0fa-aeea949ea259'),('9c42747f-6c48-4905-835d-4a4c91387eec','9c4273e4-0471-4153-88fa-c949ab516ced','9c427479-5c04-405c-8539-d4704cbec3c4','9c4273e8-c7db-44df-9c1a-9bf4abefcac3'),('9c42747f-6d08-464a-afd8-6b7c20f52f0a','9c4273e3-8bc4-4943-9d64-70de63123808','9c427479-5c04-405c-8539-d4704cbec3c4','9c4273e4-ab2c-49ad-bece-4d2dee0079e5'),('9c42747f-6dd8-46d8-baa1-fd00cf31f234','9c4273e4-0471-4153-88fa-c949ab516ced','9c427479-60f8-4453-9941-ff910cbcc82c','9c4273e8-c7db-44df-9c1a-9bf4abefcac3'),('9c42747f-6e51-480d-a8dc-615ed7d94b5f','9c4273e3-8bc4-4943-9d64-70de63123808','9c427479-60f8-4453-9941-ff910cbcc82c','9c4273e4-74b6-44cf-91c0-824a31dcb756'),('9c42747f-6f02-4170-9411-307717698892','9c4273e4-0471-4153-88fa-c949ab516ced','9c427479-66d0-4f5e-b46e-0908f430ab3c','9c4273e8-c7db-44df-9c1a-9bf4abefcac3'),('9c42747f-6f93-478e-8f2a-7512cdb2901d','9c4273e3-8bc4-4943-9d64-70de63123808','9c427479-66d0-4f5e-b46e-0908f430ab3c','9c4273e4-3a4a-4b23-9993-225be33cc186'),('9c42747f-7040-4fba-a724-80b3ac3aded2','9c4273e4-0471-4153-88fa-c949ab516ced','9c427479-6c87-4659-a429-810ebf55566e','9c4273ea-8833-4726-bda3-74a2477aec16'),('9c42747f-70cc-401e-8bbb-de01813e735c','9c4273e3-8bc4-4943-9d64-70de63123808','9c427479-6c87-4659-a429-810ebf55566e','9c4273e4-e1a6-45d6-b0fa-aeea949ea259'),('9c42747f-7185-4142-8f6a-8d82e5c506dc','9c4273e4-0471-4153-88fa-c949ab516ced','9c427479-70d0-4fb6-a86c-62fa26d08446','9c4273ea-8833-4726-bda3-74a2477aec16'),('9c42747f-7214-4276-a3a7-f004e571eb31','9c4273e3-8bc4-4943-9d64-70de63123808','9c427479-70d0-4fb6-a86c-62fa26d08446','9c4273e4-e1a6-45d6-b0fa-aeea949ea259'),('9c42747f-72ad-47ce-8c8e-6aea831e76f4','9c4273e4-0471-4153-88fa-c949ab516ced','9c427479-767a-440d-93fa-0d31b6c0035c','9c4273ea-8833-4726-bda3-74a2477aec16'),('9c42747f-7348-439c-804f-2248832579e5','9c4273e3-8bc4-4943-9d64-70de63123808','9c427479-767a-440d-93fa-0d31b6c0035c','9c4273e4-ab2c-49ad-bece-4d2dee0079e5'),('9c42747f-73de-45b6-ac2d-40ae4affb121','9c4273e4-0471-4153-88fa-c949ab516ced','9c427479-7bb3-4f8b-a30d-317857254910','9c4273ea-8833-4726-bda3-74a2477aec16'),('9c42747f-7479-42cd-a5f7-f99d87aabe12','9c4273e3-8bc4-4943-9d64-70de63123808','9c427479-7bb3-4f8b-a30d-317857254910','9c4273e4-74b6-44cf-91c0-824a31dcb756'),('9c42747f-7524-4d4e-acb2-b83c0072a908','9c4273e4-0471-4153-88fa-c949ab516ced','9c427479-8b7d-498c-8b55-3de08130c28e','9c4273ea-8833-4726-bda3-74a2477aec16'),('9c42747f-75d0-4b17-8c31-34cd7de05e77','9c4273e3-8bc4-4943-9d64-70de63123808','9c427479-8b7d-498c-8b55-3de08130c28e','9c4273e4-3a4a-4b23-9993-225be33cc186'),('9c42747f-765a-4048-b2d4-a6db3f7f5684','9c4273e4-0471-4153-88fa-c949ab516ced','9c427479-fb3c-4ada-bed2-5278ef01b30e','9c4273e9-6b75-4490-8fd1-4bf9409c705a'),('9c42747f-76f6-44e0-bb7e-f0dc33baa87e','9c4273e3-8bc4-4943-9d64-70de63123808','9c427479-fb3c-4ada-bed2-5278ef01b30e','9c4273e5-182c-4f24-8a7e-8fe7111b8553'),('9c42747f-7786-4055-9837-9e3a66d7b855','9c4273e4-0471-4153-88fa-c949ab516ced','9c42747a-08cf-4517-8d40-6efa001dc9a3','9c4273e9-6b75-4490-8fd1-4bf9409c705a'),('9c42747f-7820-45a7-b856-1873ef73c740','9c4273e3-8bc4-4943-9d64-70de63123808','9c42747a-08cf-4517-8d40-6efa001dc9a3','9c4273e4-e1a6-45d6-b0fa-aeea949ea259'),('9c42747f-78bd-476a-ae05-900a8b2f94c8','9c4273e4-0471-4153-88fa-c949ab516ced','9c42747a-23cb-44c6-b3b5-eecc682d6bf4','9c4273e9-6b75-4490-8fd1-4bf9409c705a'),('9c42747f-7978-4c53-a0c6-0b17b9bf787e','9c4273e3-8bc4-4943-9d64-70de63123808','9c42747a-23cb-44c6-b3b5-eecc682d6bf4','9c4273e4-ab2c-49ad-bece-4d2dee0079e5'),('9c42747f-7a1a-4a3e-9afe-2b9034c5c377','9c4273e4-0471-4153-88fa-c949ab516ced','9c42747a-2ace-43b8-b11e-0067528028ee','9c4273e9-6b75-4490-8fd1-4bf9409c705a'),('9c42747f-7aad-4ba0-a33b-bc3d356b095a','9c4273e3-8bc4-4943-9d64-70de63123808','9c42747a-2ace-43b8-b11e-0067528028ee','9c4273e4-74b6-44cf-91c0-824a31dcb756'),('9c42747f-7b6c-4afe-823c-fcb7ac95bf8c','9c4273e4-0471-4153-88fa-c949ab516ced','9c42747a-32fc-4704-b755-644dbd95b2aa','9c4273e9-6b75-4490-8fd1-4bf9409c705a'),('9c42747f-7be3-4643-81c1-3b0e775d2a55','9c4273e3-8bc4-4943-9d64-70de63123808','9c42747a-32fc-4704-b755-644dbd95b2aa','9c4273e4-3a4a-4b23-9993-225be33cc186'),('9c42747f-7c92-4800-9c37-3fca411e76bf','9c4273e4-0471-4153-88fa-c949ab516ced','9c42747a-3996-416c-bbc1-11dc25cd1415','9c4273e8-fe98-447b-ab1b-4bbef2b35d09'),('9c42747f-7d0b-4874-bae6-da4bd3bd8a6d','9c4273e3-8bc4-4943-9d64-70de63123808','9c42747a-3996-416c-bbc1-11dc25cd1415','9c4273e5-182c-4f24-8a7e-8fe7111b8553'),('9c42747f-7db4-41a2-b650-3f67e6ace9bd','9c4273e4-0471-4153-88fa-c949ab516ced','9c42747a-401c-4100-9724-f7bee4e61da2','9c4273e8-fe98-447b-ab1b-4bbef2b35d09'),('9c42747f-7e4a-4334-89a9-28e48ad86526','9c4273e3-8bc4-4943-9d64-70de63123808','9c42747a-401c-4100-9724-f7bee4e61da2','9c4273e4-e1a6-45d6-b0fa-aeea949ea259'),('9c42747f-7efc-4f7f-8d88-c3eb6a43136f','9c4273e4-0471-4153-88fa-c949ab516ced','9c42747a-4645-44d0-a14c-57103be519ba','9c4273e8-fe98-447b-ab1b-4bbef2b35d09'),('9c42747f-7f94-4101-9766-c841b2951884','9c4273e3-8bc4-4943-9d64-70de63123808','9c42747a-4645-44d0-a14c-57103be519ba','9c4273e4-ab2c-49ad-bece-4d2dee0079e5'),('9c42747f-805b-4999-bec2-438fc02a9425','9c4273e4-0471-4153-88fa-c949ab516ced','9c42747a-4d2d-492d-bdb3-367e8c43bcfe','9c4273e8-fe98-447b-ab1b-4bbef2b35d09'),('9c42747f-8141-4b2c-bfcf-5f1dd085371e','9c4273e3-8bc4-4943-9d64-70de63123808','9c42747a-4d2d-492d-bdb3-367e8c43bcfe','9c4273e4-74b6-44cf-91c0-824a31dcb756'),('9c42747f-81eb-4eac-9c04-b80e89270339','9c4273e4-0471-4153-88fa-c949ab516ced','9c42747a-52c9-4580-ae3b-6642b3106256','9c4273e8-fe98-447b-ab1b-4bbef2b35d09'),('9c42747f-827a-4d7c-9bf9-4321cf03fa28','9c4273e3-8bc4-4943-9d64-70de63123808','9c42747a-52c9-4580-ae3b-6642b3106256','9c4273e4-3a4a-4b23-9993-225be33cc186'),('9c42747f-8317-4dcc-95ff-cf6985506d88','9c4273e4-0471-4153-88fa-c949ab516ced','9c42747a-58ad-46d8-b8a7-0bf12bac0a0b','9c4273e9-6b75-4490-8fd1-4bf9409c705a'),('9c42747f-83b8-47f2-819e-1e75fe25a5cd','9c4273e3-8bc4-4943-9d64-70de63123808','9c42747a-58ad-46d8-b8a7-0bf12bac0a0b','9c4273e6-3425-4d96-89a1-2217de7ef932'),('9c42747f-8454-40cf-b9df-1f6bdc4b6dc0','9c4273e4-0471-4153-88fa-c949ab516ced','9c42747a-5ee9-4fe5-9a0f-f2b0ff8a763e','9c4273e9-6b75-4490-8fd1-4bf9409c705a'),('9c42747f-84dc-4711-8e53-a0576bd4184a','9c4273e3-8bc4-4943-9d64-70de63123808','9c42747a-5ee9-4fe5-9a0f-f2b0ff8a763e','9c4273e5-fec8-437f-9577-4476ee83fa61'),('9c42747f-857e-4be4-9d67-1e0f9515024b','9c4273e4-0471-4153-88fa-c949ab516ced','9c42747a-63ae-4f1e-a658-c9335a68121c','9c4273e9-6b75-4490-8fd1-4bf9409c705a'),('9c42747f-8605-4647-bcb5-5b1cdef922b8','9c4273e3-8bc4-4943-9d64-70de63123808','9c42747a-63ae-4f1e-a658-c9335a68121c','9c4273e5-c695-4b23-b09b-695b7e9fc260'),('9c42747f-86c0-4214-b375-c909318d2503','9c4273e4-0471-4153-88fa-c949ab516ced','9c42747a-6bab-4b6d-929a-eeda0152fdb3','9c4273e9-6b75-4490-8fd1-4bf9409c705a'),('9c42747f-874a-433a-8a95-abef05f5d8a0','9c4273e3-8bc4-4943-9d64-70de63123808','9c42747a-6bab-4b6d-929a-eeda0152fdb3','9c4273e5-8cb6-4bf4-a012-fc3977b8851c'),('9c42747f-87d7-4f42-8448-41c303519746','9c4273e4-0471-4153-88fa-c949ab516ced','9c42747a-7286-4ff1-ba34-9689d00e6b59','9c4273e9-6b75-4490-8fd1-4bf9409c705a'),('9c42747f-8874-4ca7-afb4-14c0d8e50414','9c4273e3-8bc4-4943-9d64-70de63123808','9c42747a-7286-4ff1-ba34-9689d00e6b59','9c4273e5-5102-4756-b401-22fb6c3fa749'),('9c42747f-892b-40b4-ac68-8a47923ba3bc','9c4273e4-0471-4153-88fa-c949ab516ced','9c42747a-7798-47c8-839c-a1dea09b0797','9c4273ea-111a-48a5-a1af-e89e35e7a7a4'),('9c42747f-89d5-4e83-a778-4425e773534e','9c4273e3-8bc4-4943-9d64-70de63123808','9c42747a-7798-47c8-839c-a1dea09b0797','9c4273e6-3425-4d96-89a1-2217de7ef932'),('9c42747f-8a59-4ab4-b15f-ff6fa1c8f55f','9c4273e4-0471-4153-88fa-c949ab516ced','9c42747a-7f3d-4213-874f-c45907aee398','9c4273ea-111a-48a5-a1af-e89e35e7a7a4'),('9c42747f-8b03-48d5-b522-a3b578954744','9c4273e3-8bc4-4943-9d64-70de63123808','9c42747a-7f3d-4213-874f-c45907aee398','9c4273e5-fec8-437f-9577-4476ee83fa61'),('9c42747f-8b83-408e-802a-cbd38dfae4b4','9c4273e4-0471-4153-88fa-c949ab516ced','9c42747a-86d7-4b0c-9d7f-dcfdc70de1b1','9c4273ea-111a-48a5-a1af-e89e35e7a7a4'),('9c42747f-8c37-4ed8-8cc6-40f5a8e8dfca','9c4273e3-8bc4-4943-9d64-70de63123808','9c42747a-86d7-4b0c-9d7f-dcfdc70de1b1','9c4273e5-c695-4b23-b09b-695b7e9fc260'),('9c42747f-8cf5-4dc0-9921-735cbef16ee2','9c4273e4-0471-4153-88fa-c949ab516ced','9c42747a-8d6d-49bd-b205-2220ce5c2516','9c4273ea-111a-48a5-a1af-e89e35e7a7a4'),('9c42747f-8d6d-41d0-a2b8-11172fa73948','9c4273e3-8bc4-4943-9d64-70de63123808','9c42747a-8d6d-49bd-b205-2220ce5c2516','9c4273e5-8cb6-4bf4-a012-fc3977b8851c'),('9c42747f-8e0f-4feb-9618-48dcd6deabb1','9c4273e4-0471-4153-88fa-c949ab516ced','9c42747a-9354-4980-a948-7d1054ac7bfe','9c4273ea-111a-48a5-a1af-e89e35e7a7a4'),('9c42747f-8ea0-4e2f-b55d-87a1ee9c1668','9c4273e3-8bc4-4943-9d64-70de63123808','9c42747a-9354-4980-a948-7d1054ac7bfe','9c4273e5-5102-4756-b401-22fb6c3fa749'),('9c42747f-8f55-4605-b8de-2fdf35164acc','9c4273e4-0471-4153-88fa-c949ab516ced','9c42747a-9979-4ba3-97ec-75ea5cbc36c6','9c4273e8-c7db-44df-9c1a-9bf4abefcac3'),('9c42747f-8fe1-4c38-b6dd-527fe8ce8645','9c4273e3-8bc4-4943-9d64-70de63123808','9c42747a-9979-4ba3-97ec-75ea5cbc36c6','9c4273e5-182c-4f24-8a7e-8fe7111b8553'),('9c42747f-907d-49ef-80c7-9a4a1b494889','9c4273e4-0471-4153-88fa-c949ab516ced','9c42747a-a056-4cfa-bc2e-16faa53802a7','9c4273e8-c7db-44df-9c1a-9bf4abefcac3'),('9c42747f-9108-43bf-afdf-56f2e17a530b','9c4273e3-8bc4-4943-9d64-70de63123808','9c42747a-a056-4cfa-bc2e-16faa53802a7','9c4273e4-e1a6-45d6-b0fa-aeea949ea259'),('9c42747f-91a6-4a58-926a-27a7ad66c11a','9c4273e4-0471-4153-88fa-c949ab516ced','9c42747a-a895-4d85-9dea-109de4622294','9c4273e8-c7db-44df-9c1a-9bf4abefcac3'),('9c42747f-9238-4bf0-9e15-2261d5f28802','9c4273e3-8bc4-4943-9d64-70de63123808','9c42747a-a895-4d85-9dea-109de4622294','9c4273e4-ab2c-49ad-bece-4d2dee0079e5'),('9c42747f-9306-4f99-97c2-967206bb81bd','9c4273e4-0471-4153-88fa-c949ab516ced','9c42747a-b2d6-4553-8bac-ab73d3b96bb0','9c4273e8-c7db-44df-9c1a-9bf4abefcac3'),('9c42747f-93a7-443c-a2a8-45550ccdb3b3','9c4273e3-8bc4-4943-9d64-70de63123808','9c42747a-b2d6-4553-8bac-ab73d3b96bb0','9c4273e4-74b6-44cf-91c0-824a31dcb756'),('9c42747f-942e-479d-be38-156904c09b9f','9c4273e4-0471-4153-88fa-c949ab516ced','9c42747a-ba48-4e17-8c73-e6431fe2220c','9c4273e8-c7db-44df-9c1a-9bf4abefcac3'),('9c42747f-94c7-4bcb-b25d-881bce3a2d90','9c4273e3-8bc4-4943-9d64-70de63123808','9c42747a-ba48-4e17-8c73-e6431fe2220c','9c4273e4-3a4a-4b23-9993-225be33cc186'),('9c42747f-9551-409b-8307-a7c2902ad159','9c4273e4-0471-4153-88fa-c949ab516ced','9c42747a-bf4b-4996-8411-db65ac52f38e','9c4273e9-6b75-4490-8fd1-4bf9409c705a'),('9c42747f-95f8-4f93-9a7a-213e9ce63eb4','9c4273e3-8bc4-4943-9d64-70de63123808','9c42747a-bf4b-4996-8411-db65ac52f38e','9c4273e5-182c-4f24-8a7e-8fe7111b8553'),('9c42747f-9675-4fe8-8293-2bdba3fd8962','9c4273e4-0471-4153-88fa-c949ab516ced','9c42747a-c3ff-4e51-ab8c-968a6f87041e','9c4273e9-6b75-4490-8fd1-4bf9409c705a'),('9c42747f-9712-41d0-bc3f-03994960cc2b','9c4273e3-8bc4-4943-9d64-70de63123808','9c42747a-c3ff-4e51-ab8c-968a6f87041e','9c4273e4-e1a6-45d6-b0fa-aeea949ea259'),('9c42747f-97af-4354-afbc-b1e16b61bac9','9c4273e4-0471-4153-88fa-c949ab516ced','9c42747a-c97a-49d4-bf8a-7127077c0b12','9c4273e9-6b75-4490-8fd1-4bf9409c705a'),('9c42747f-9862-49d7-b1f9-e944f347e8ed','9c4273e3-8bc4-4943-9d64-70de63123808','9c42747a-c97a-49d4-bf8a-7127077c0b12','9c4273e4-ab2c-49ad-bece-4d2dee0079e5'),('9c42747f-992b-492a-8628-69accca1b9f8','9c4273e4-0471-4153-88fa-c949ab516ced','9c42747a-cee4-4006-8ec7-4dff7528a218','9c4273e9-6b75-4490-8fd1-4bf9409c705a'),('9c42747f-99a9-4bdc-ae09-7ec66290a7ba','9c4273e3-8bc4-4943-9d64-70de63123808','9c42747a-cee4-4006-8ec7-4dff7528a218','9c4273e4-74b6-44cf-91c0-824a31dcb756'),('9c42747f-9a4b-45cc-9e03-3bedc08ef9c5','9c4273e4-0471-4153-88fa-c949ab516ced','9c42747a-d3b2-4097-8a92-00899a85976a','9c4273e9-6b75-4490-8fd1-4bf9409c705a'),('9c42747f-9ad9-4139-a11f-2823021c65fb','9c4273e3-8bc4-4943-9d64-70de63123808','9c42747a-d3b2-4097-8a92-00899a85976a','9c4273e4-3a4a-4b23-9993-225be33cc186'),('9c42747f-9b82-45b0-b33f-90b9fd010183','9c4273e4-0471-4153-88fa-c949ab516ced','9c42747a-d863-4052-ad51-0c15eae4e1c4','9c4273e8-51e2-45ea-86fe-359b57e32b34'),('9c42747f-9c09-4164-bdc4-b8291ffd04e9','9c4273e3-8bc4-4943-9d64-70de63123808','9c42747a-d863-4052-ad51-0c15eae4e1c4','9c4273e6-3425-4d96-89a1-2217de7ef932'),('9c42747f-9c9d-4a6a-b5d0-479d333c3b7a','9c4273e4-0471-4153-88fa-c949ab516ced','9c42747a-de7d-42fe-b201-1b1340741b72','9c4273e8-51e2-45ea-86fe-359b57e32b34'),('9c42747f-9d26-46f5-b5e7-8546cfd983d0','9c4273e3-8bc4-4943-9d64-70de63123808','9c42747a-de7d-42fe-b201-1b1340741b72','9c4273e5-fec8-437f-9577-4476ee83fa61'),('9c42747f-9dbf-4808-bb39-74504221a613','9c4273e4-0471-4153-88fa-c949ab516ced','9c42747a-e3d4-4bbc-85b1-9410a8d3b690','9c4273e8-51e2-45ea-86fe-359b57e32b34'),('9c42747f-9e6d-4652-b086-dd4626beaaf8','9c4273e3-8bc4-4943-9d64-70de63123808','9c42747a-e3d4-4bbc-85b1-9410a8d3b690','9c4273e5-c695-4b23-b09b-695b7e9fc260'),('9c42747f-9f09-4c21-84a7-305ac6b9693d','9c4273e4-0471-4153-88fa-c949ab516ced','9c42747a-e816-4464-8da2-9eb838d0173f','9c4273e8-51e2-45ea-86fe-359b57e32b34'),('9c42747f-9fa6-4ff1-9e1a-e83275c523d2','9c4273e3-8bc4-4943-9d64-70de63123808','9c42747a-e816-4464-8da2-9eb838d0173f','9c4273e5-8cb6-4bf4-a012-fc3977b8851c'),('9c42747f-a041-4245-b407-f97a577a40f7','9c4273e4-0471-4153-88fa-c949ab516ced','9c42747a-ed1c-473e-bdf9-66b07bf159f0','9c4273e8-51e2-45ea-86fe-359b57e32b34'),('9c42747f-a0df-4770-ae37-c34e8dfdeeb0','9c4273e3-8bc4-4943-9d64-70de63123808','9c42747a-ed1c-473e-bdf9-66b07bf159f0','9c4273e5-5102-4756-b401-22fb6c3fa749'),('9c42747f-a179-4b2c-914e-9df5d8e8678a','9c4273e4-0471-4153-88fa-c949ab516ced','9c42747a-f0e9-4961-b0a7-340c59d74c50','9c4273e8-fe98-447b-ab1b-4bbef2b35d09'),('9c42747f-a213-4340-89d3-37e8aaa9f2cc','9c4273e3-8bc4-4943-9d64-70de63123808','9c42747a-f0e9-4961-b0a7-340c59d74c50','9c4273e6-3425-4d96-89a1-2217de7ef932'),('9c42747f-a2c3-44e9-9b5b-e51d967786d6','9c4273e4-0471-4153-88fa-c949ab516ced','9c42747a-f498-4686-84e7-fe01768a75f5','9c4273e8-fe98-447b-ab1b-4bbef2b35d09'),('9c42747f-a35d-4e50-a7f2-d0ba185a25eb','9c4273e3-8bc4-4943-9d64-70de63123808','9c42747a-f498-4686-84e7-fe01768a75f5','9c4273e5-fec8-437f-9577-4476ee83fa61'),('9c42747f-a40c-43a9-9b48-33b245d2f8f5','9c4273e4-0471-4153-88fa-c949ab516ced','9c42747a-f8b8-4df2-892a-098cdd72e1d9','9c4273e8-fe98-447b-ab1b-4bbef2b35d09'),('9c42747f-a48a-4994-8c04-b4d4c18e8779','9c4273e3-8bc4-4943-9d64-70de63123808','9c42747a-f8b8-4df2-892a-098cdd72e1d9','9c4273e5-c695-4b23-b09b-695b7e9fc260'),('9c42747f-a544-4ed2-9e3f-41c319583815','9c4273e4-0471-4153-88fa-c949ab516ced','9c42747a-fd9a-4488-b95e-2bbe4a782854','9c4273e8-fe98-447b-ab1b-4bbef2b35d09'),('9c42747f-a5bb-4b3b-97bf-cf4b412ae19d','9c4273e3-8bc4-4943-9d64-70de63123808','9c42747a-fd9a-4488-b95e-2bbe4a782854','9c4273e5-8cb6-4bf4-a012-fc3977b8851c'),('9c42747f-a657-4fea-917a-3cb43fabb8fc','9c4273e4-0471-4153-88fa-c949ab516ced','9c42747b-026e-41be-90eb-68fbed958d67','9c4273e8-fe98-447b-ab1b-4bbef2b35d09'),('9c42747f-a6ea-4156-a59a-dff0044e6363','9c4273e3-8bc4-4943-9d64-70de63123808','9c42747b-026e-41be-90eb-68fbed958d67','9c4273e5-5102-4756-b401-22fb6c3fa749'),('9c42747f-a792-439a-be0d-339f14d91b6c','9c4273e4-0471-4153-88fa-c949ab516ced','9c42747b-0845-4e57-9086-109c9fb01676','9c4273e8-1489-4db9-8617-b37f810c9499'),('9c42747f-a823-4bdb-ba4e-68b9bc3b49f3','9c4273e3-8bc4-4943-9d64-70de63123808','9c42747b-0845-4e57-9086-109c9fb01676','9c4273e6-3425-4d96-89a1-2217de7ef932'),('9c42747f-a8c8-40bd-8eb5-04916e3a1151','9c4273e4-0471-4153-88fa-c949ab516ced','9c42747b-0d1d-4431-bfa4-ef5debf3cf30','9c4273e8-1489-4db9-8617-b37f810c9499'),('9c42747f-a96f-47fc-b9bf-38f9fb4b5d3f','9c4273e3-8bc4-4943-9d64-70de63123808','9c42747b-0d1d-4431-bfa4-ef5debf3cf30','9c4273e5-fec8-437f-9577-4476ee83fa61'),('9c42747f-aa0b-421c-a031-b172c423e43e','9c4273e4-0471-4153-88fa-c949ab516ced','9c42747b-1386-4396-b005-a5a83af8590c','9c4273e8-1489-4db9-8617-b37f810c9499'),('9c42747f-ac78-4358-ad4b-67830cd16360','9c4273e3-8bc4-4943-9d64-70de63123808','9c42747b-1386-4396-b005-a5a83af8590c','9c4273e5-c695-4b23-b09b-695b7e9fc260'),('9c42747f-ad0c-4178-8ada-46288c09c118','9c4273e4-0471-4153-88fa-c949ab516ced','9c42747b-1aaa-41fe-954d-2066ee4bcdf9','9c4273e8-1489-4db9-8617-b37f810c9499'),('9c42747f-ad9a-474c-b101-2011056dabe4','9c4273e3-8bc4-4943-9d64-70de63123808','9c42747b-1aaa-41fe-954d-2066ee4bcdf9','9c4273e5-8cb6-4bf4-a012-fc3977b8851c'),('9c42747f-ae4a-455d-ab40-d85eadc23e26','9c4273e4-0471-4153-88fa-c949ab516ced','9c42747b-20ed-401d-91da-d94898a514db','9c4273e8-1489-4db9-8617-b37f810c9499'),('9c42747f-aedb-4a24-91a0-808a7da1fea6','9c4273e3-8bc4-4943-9d64-70de63123808','9c42747b-20ed-401d-91da-d94898a514db','9c4273e5-5102-4756-b401-22fb6c3fa749'),('9c42747f-af8f-4aca-bf3f-e0a8a41c4f24','9c4273e4-0471-4153-88fa-c949ab516ced','9c42747b-295c-40a7-aa7c-6580c410a0c6','9c4273e9-a380-42de-91ae-5ae505306e15'),('9c42747f-b032-47e6-a280-5e0decad0a2e','9c4273e3-8bc4-4943-9d64-70de63123808','9c42747b-295c-40a7-aa7c-6580c410a0c6','9c4273e6-3425-4d96-89a1-2217de7ef932'),('9c42747f-b0c7-4788-b06c-10e3bcb1cb2e','9c4273e4-0471-4153-88fa-c949ab516ced','9c42747b-2ed9-4694-91ab-3973ea52d385','9c4273e9-a380-42de-91ae-5ae505306e15'),('9c42747f-b18d-4289-8125-eb26515112b1','9c4273e3-8bc4-4943-9d64-70de63123808','9c42747b-2ed9-4694-91ab-3973ea52d385','9c4273e5-fec8-437f-9577-4476ee83fa61'),('9c42747f-b22f-4671-bd21-f1067ca17630','9c4273e4-0471-4153-88fa-c949ab516ced','9c42747b-34ca-4c3a-98a1-b0c96505f50f','9c4273e9-a380-42de-91ae-5ae505306e15'),('9c42747f-b2db-4caf-b74f-0194961ee2bc','9c4273e3-8bc4-4943-9d64-70de63123808','9c42747b-34ca-4c3a-98a1-b0c96505f50f','9c4273e5-c695-4b23-b09b-695b7e9fc260'),('9c42747f-b360-42f7-a8e8-73035a477569','9c4273e4-0471-4153-88fa-c949ab516ced','9c42747b-3a90-4522-b227-3399baf250c9','9c4273e9-a380-42de-91ae-5ae505306e15'),('9c42747f-b408-4827-97b9-bc3d08e5b624','9c4273e3-8bc4-4943-9d64-70de63123808','9c42747b-3a90-4522-b227-3399baf250c9','9c4273e5-8cb6-4bf4-a012-fc3977b8851c'),('9c42747f-b49a-4e14-a3a0-21c56f691842','9c4273e4-0471-4153-88fa-c949ab516ced','9c42747b-3fac-4113-adfa-0c4d66867382','9c4273e9-a380-42de-91ae-5ae505306e15'),('9c42747f-b551-420c-8117-8baec4482f53','9c4273e3-8bc4-4943-9d64-70de63123808','9c42747b-3fac-4113-adfa-0c4d66867382','9c4273e5-5102-4756-b401-22fb6c3fa749'),('9c42747f-b61e-4ff0-b2b9-e5b66eceaba4','9c4273e4-0471-4153-88fa-c949ab516ced','9c42747b-4452-4d8a-9209-b27ca1037ddb','9c4273e8-fe98-447b-ab1b-4bbef2b35d09'),('9c42747f-b69c-4088-958b-94100d28703d','9c4273e3-8bc4-4943-9d64-70de63123808','9c42747b-4452-4d8a-9209-b27ca1037ddb','9c4273e5-182c-4f24-8a7e-8fe7111b8553'),('9c42747f-b733-429a-9724-6887b4c56140','9c4273e4-0471-4153-88fa-c949ab516ced','9c42747b-48d2-4eab-ba46-66b9b8778eb1','9c4273e8-fe98-447b-ab1b-4bbef2b35d09'),('9c42747f-b7bf-4926-9d1e-0adf0978e9f1','9c4273e3-8bc4-4943-9d64-70de63123808','9c42747b-48d2-4eab-ba46-66b9b8778eb1','9c4273e4-e1a6-45d6-b0fa-aeea949ea259'),('9c42747f-b85b-4783-a730-7073cd0033aa','9c4273e4-0471-4153-88fa-c949ab516ced','9c42747b-4e2b-4678-9220-7ba12dda0ac8','9c4273e8-fe98-447b-ab1b-4bbef2b35d09'),('9c42747f-b8f7-4f8b-9407-66c198b8a758','9c4273e3-8bc4-4943-9d64-70de63123808','9c42747b-4e2b-4678-9220-7ba12dda0ac8','9c4273e4-ab2c-49ad-bece-4d2dee0079e5'),('9c42747f-b98f-4516-8463-31d9d4b12ae7','9c4273e4-0471-4153-88fa-c949ab516ced','9c42747b-524a-4c30-a47f-0610e029e645','9c4273e8-fe98-447b-ab1b-4bbef2b35d09'),('9c42747f-ba17-4c1d-88c0-8c238b975f6b','9c4273e3-8bc4-4943-9d64-70de63123808','9c42747b-524a-4c30-a47f-0610e029e645','9c4273e4-74b6-44cf-91c0-824a31dcb756'),('9c42747f-bad8-4b37-8e14-1771fd6eac79','9c4273e4-0471-4153-88fa-c949ab516ced','9c42747b-56fa-4389-a5b6-cf21619125d3','9c4273e8-fe98-447b-ab1b-4bbef2b35d09'),('9c42747f-bb66-42da-a8ff-346c91d9b6b7','9c4273e3-8bc4-4943-9d64-70de63123808','9c42747b-56fa-4389-a5b6-cf21619125d3','9c4273e4-3a4a-4b23-9993-225be33cc186'),('9c42747f-bc22-4562-9ba0-b09e22bfdeff','9c4273e4-0471-4153-88fa-c949ab516ced','9c42747b-5c44-4d95-a6e5-32fb173d9229','9c4273e9-a380-42de-91ae-5ae505306e15'),('9c42747f-bcac-41c2-92de-3ceb9d4a5f10','9c4273e3-8bc4-4943-9d64-70de63123808','9c42747b-5c44-4d95-a6e5-32fb173d9229','9c4273e5-182c-4f24-8a7e-8fe7111b8553'),('9c42747f-bd49-42bb-82ae-0854b17218fb','9c4273e4-0471-4153-88fa-c949ab516ced','9c42747b-6168-4b93-a739-b19d11d908b8','9c4273e9-a380-42de-91ae-5ae505306e15'),('9c42747f-bde9-4f84-95b3-a259402ee242','9c4273e3-8bc4-4943-9d64-70de63123808','9c42747b-6168-4b93-a739-b19d11d908b8','9c4273e4-e1a6-45d6-b0fa-aeea949ea259'),('9c42747f-be8c-4dd6-a832-18325e11a716','9c4273e4-0471-4153-88fa-c949ab516ced','9c42747b-6691-47cc-a509-0b2a649e46d3','9c4273e9-a380-42de-91ae-5ae505306e15'),('9c42747f-bf1e-48f2-92aa-7aae3c6afe70','9c4273e3-8bc4-4943-9d64-70de63123808','9c42747b-6691-47cc-a509-0b2a649e46d3','9c4273e4-ab2c-49ad-bece-4d2dee0079e5'),('9c42747f-bfba-46bb-aa11-525b8407e036','9c4273e4-0471-4153-88fa-c949ab516ced','9c42747b-6d40-4532-8ecf-bf2db2a386e5','9c4273e9-a380-42de-91ae-5ae505306e15'),('9c42747f-c054-48d5-a62a-335efd5b0a83','9c4273e3-8bc4-4943-9d64-70de63123808','9c42747b-6d40-4532-8ecf-bf2db2a386e5','9c4273e4-74b6-44cf-91c0-824a31dcb756'),('9c42747f-c0e3-4fd1-ab3c-143c8474fc3e','9c4273e4-0471-4153-88fa-c949ab516ced','9c42747b-71b8-4b2d-9e48-18405a2dd918','9c4273e9-a380-42de-91ae-5ae505306e15'),('9c42747f-c192-458c-bb9b-9702f394faac','9c4273e3-8bc4-4943-9d64-70de63123808','9c42747b-71b8-4b2d-9e48-18405a2dd918','9c4273e4-3a4a-4b23-9993-225be33cc186'),('9c42747f-c262-4f97-9e7a-99db4551dc15','9c4273e4-0471-4153-88fa-c949ab516ced','9c42747b-769a-4b34-ae88-bfd004554892','9c4273ea-4e32-4038-9e35-af9807c2320b'),('9c42747f-c2f6-400a-abe1-6fa1cd01a948','9c4273e3-8bc4-4943-9d64-70de63123808','9c42747b-769a-4b34-ae88-bfd004554892','9c4273e5-182c-4f24-8a7e-8fe7111b8553'),('9c42747f-c383-4f67-b92e-541422c0c6ad','9c4273e4-0471-4153-88fa-c949ab516ced','9c42747b-7b9b-4bf5-9af8-0bb242a0e836','9c4273ea-4e32-4038-9e35-af9807c2320b'),('9c42747f-c442-481e-b501-d2f5e29ac598','9c4273e3-8bc4-4943-9d64-70de63123808','9c42747b-7b9b-4bf5-9af8-0bb242a0e836','9c4273e4-e1a6-45d6-b0fa-aeea949ea259'),('9c42747f-c4d6-4906-9272-c2d3bd0dbd28','9c4273e4-0471-4153-88fa-c949ab516ced','9c42747b-80a5-4e56-ab9a-44f7c21369db','9c4273ea-4e32-4038-9e35-af9807c2320b'),('9c42747f-c57b-433a-b13c-4ee8b28f537c','9c4273e3-8bc4-4943-9d64-70de63123808','9c42747b-80a5-4e56-ab9a-44f7c21369db','9c4273e4-ab2c-49ad-bece-4d2dee0079e5'),('9c42747f-c612-4813-bda8-944c7a31255c','9c4273e4-0471-4153-88fa-c949ab516ced','9c42747b-86b4-4353-9b6c-03067ad652ea','9c4273ea-4e32-4038-9e35-af9807c2320b'),('9c42747f-c6c9-4715-a399-637e918882db','9c4273e3-8bc4-4943-9d64-70de63123808','9c42747b-86b4-4353-9b6c-03067ad652ea','9c4273e4-74b6-44cf-91c0-824a31dcb756'),('9c42747f-c752-4ef3-aed9-3e750d72c0dd','9c4273e4-0471-4153-88fa-c949ab516ced','9c42747b-af93-40f8-9d5e-71b69f57621d','9c4273ea-4e32-4038-9e35-af9807c2320b'),('9c42747f-c7da-4ac2-a0f1-77fc28052893','9c4273e3-8bc4-4943-9d64-70de63123808','9c42747b-af93-40f8-9d5e-71b69f57621d','9c4273e4-3a4a-4b23-9993-225be33cc186'),('9c42747f-c896-4b36-8817-c0b74dd9ae2a','9c4273e4-0471-4153-88fa-c949ab516ced','9c42747b-b964-4ac3-b1e5-0e62353d5b07','9c4273ea-111a-48a5-a1af-e89e35e7a7a4'),('9c42747f-c929-42e7-85f3-c7dd73767b7a','9c4273e3-8bc4-4943-9d64-70de63123808','9c42747b-b964-4ac3-b1e5-0e62353d5b07','9c4273e6-3425-4d96-89a1-2217de7ef932'),('9c42747f-c9c3-487f-a5a0-bf4bf24daf6d','9c4273e4-0471-4153-88fa-c949ab516ced','9c42747b-c502-4137-8bab-f1db056c2930','9c4273ea-111a-48a5-a1af-e89e35e7a7a4'),('9c42747f-ca4e-41c6-8d97-399b07519422','9c4273e3-8bc4-4943-9d64-70de63123808','9c42747b-c502-4137-8bab-f1db056c2930','9c4273e5-fec8-437f-9577-4476ee83fa61'),('9c42747f-cafa-44d3-b60d-99616e29d7c9','9c4273e4-0471-4153-88fa-c949ab516ced','9c42747b-c9ca-4568-9b26-487b8633ce8c','9c4273ea-111a-48a5-a1af-e89e35e7a7a4'),('9c42747f-cb8a-4d1d-bb06-4847b71638e6','9c4273e3-8bc4-4943-9d64-70de63123808','9c42747b-c9ca-4568-9b26-487b8633ce8c','9c4273e5-c695-4b23-b09b-695b7e9fc260'),('9c42747f-cc11-49d4-9542-51eee78e059d','9c4273e4-0471-4153-88fa-c949ab516ced','9c42747b-cf1c-47fb-a5f4-17b145cc0ea4','9c4273ea-111a-48a5-a1af-e89e35e7a7a4'),('9c42747f-ccb3-4e38-8358-a3cacbeb7f69','9c4273e3-8bc4-4943-9d64-70de63123808','9c42747b-cf1c-47fb-a5f4-17b145cc0ea4','9c4273e5-8cb6-4bf4-a012-fc3977b8851c'),('9c42747f-cd3e-42a5-bc2a-64ea865d2bfa','9c4273e4-0471-4153-88fa-c949ab516ced','9c42747b-d36f-4d0c-9096-04838196af0d','9c4273ea-111a-48a5-a1af-e89e35e7a7a4'),('9c42747f-cdda-49c0-ab6f-87a64f9ed78c','9c4273e3-8bc4-4943-9d64-70de63123808','9c42747b-d36f-4d0c-9096-04838196af0d','9c4273e5-5102-4756-b401-22fb6c3fa749'),('9c42747f-ce98-4efd-b592-df28964f07cb','9c4273e4-0471-4153-88fa-c949ab516ced','9c42747b-d87b-4eb7-b1f4-d42a9d74c28f','9c4273e9-6b75-4490-8fd1-4bf9409c705a'),('9c42747f-cf15-4c5e-902d-93f70b343810','9c4273e3-8bc4-4943-9d64-70de63123808','9c42747b-d87b-4eb7-b1f4-d42a9d74c28f','9c4273e6-3425-4d96-89a1-2217de7ef932'),('9c42747f-cf9d-4381-bcf1-ddef557f604a','9c4273e4-0471-4153-88fa-c949ab516ced','9c42747b-df61-4b3a-ac31-5725549eb484','9c4273e9-6b75-4490-8fd1-4bf9409c705a'),('9c42747f-d03d-46df-bb23-eef2b95a1652','9c4273e3-8bc4-4943-9d64-70de63123808','9c42747b-df61-4b3a-ac31-5725549eb484','9c4273e5-fec8-437f-9577-4476ee83fa61'),('9c42747f-d0dc-4fcc-bfee-61f1ec502352','9c4273e4-0471-4153-88fa-c949ab516ced','9c42747b-e610-431f-b395-b707b05d2420','9c4273e9-6b75-4490-8fd1-4bf9409c705a'),('9c42747f-d17c-4b35-ae1b-c1154ab2d3dc','9c4273e3-8bc4-4943-9d64-70de63123808','9c42747b-e610-431f-b395-b707b05d2420','9c4273e5-c695-4b23-b09b-695b7e9fc260'),('9c42747f-d21c-4aba-9d49-0110947f967a','9c4273e4-0471-4153-88fa-c949ab516ced','9c42747b-e9d7-4155-891f-d049e8f4af2e','9c4273e9-6b75-4490-8fd1-4bf9409c705a'),('9c42747f-d2a4-4c34-b0a3-bfd768173a94','9c4273e3-8bc4-4943-9d64-70de63123808','9c42747b-e9d7-4155-891f-d049e8f4af2e','9c4273e5-8cb6-4bf4-a012-fc3977b8851c'),('9c42747f-d34e-4511-932b-fcac054d37e6','9c4273e4-0471-4153-88fa-c949ab516ced','9c42747b-edfb-47a7-a8e7-c6531452193e','9c4273e9-6b75-4490-8fd1-4bf9409c705a'),('9c42747f-d3c3-405e-a926-24229dada5be','9c4273e3-8bc4-4943-9d64-70de63123808','9c42747b-edfb-47a7-a8e7-c6531452193e','9c4273e5-5102-4756-b401-22fb6c3fa749'),('9c42747f-d49f-4bba-95e0-fc0c2dc1c14d','9c4273e4-0471-4153-88fa-c949ab516ced','9c42747b-f1f5-47fc-9866-65b75c9ef346','9c4273e7-4f95-4841-8110-0a21eac39236'),('9c42747f-d520-4817-949e-decb2fc45499','9c4273e3-8bc4-4943-9d64-70de63123808','9c42747b-f1f5-47fc-9866-65b75c9ef346','9c4273e5-182c-4f24-8a7e-8fe7111b8553'),('9c42747f-d5c3-4f50-b05c-da86795fb2ca','9c4273e4-0471-4153-88fa-c949ab516ced','9c42747b-f788-4c6a-914e-204f92e51469','9c4273e7-4f95-4841-8110-0a21eac39236'),('9c42747f-d672-4148-9196-909f678959fe','9c4273e3-8bc4-4943-9d64-70de63123808','9c42747b-f788-4c6a-914e-204f92e51469','9c4273e4-e1a6-45d6-b0fa-aeea949ea259'),('9c42747f-d6f5-4650-afc3-5e2b2cc27db3','9c4273e4-0471-4153-88fa-c949ab516ced','9c42747b-fc70-4230-b13c-f8a2cde05462','9c4273e7-4f95-4841-8110-0a21eac39236'),('9c42747f-d7ab-46ff-bc00-91729540ce98','9c4273e3-8bc4-4943-9d64-70de63123808','9c42747b-fc70-4230-b13c-f8a2cde05462','9c4273e4-ab2c-49ad-bece-4d2dee0079e5'),('9c42747f-d836-4f0e-8665-9eb64cc555fd','9c4273e4-0471-4153-88fa-c949ab516ced','9c42747c-0148-4e3f-9621-c0e11c01dcb0','9c4273e7-4f95-4841-8110-0a21eac39236'),('9c42747f-d8d3-41d8-a403-edc4ea6c3556','9c4273e3-8bc4-4943-9d64-70de63123808','9c42747c-0148-4e3f-9621-c0e11c01dcb0','9c4273e4-74b6-44cf-91c0-824a31dcb756'),('9c42747f-d961-4ebd-bc2b-2a32afb4043b','9c4273e4-0471-4153-88fa-c949ab516ced','9c42747c-0643-4631-a733-b0d2d0ba722d','9c4273e7-4f95-4841-8110-0a21eac39236'),('9c42747f-da14-46b6-b80a-213da73f0913','9c4273e3-8bc4-4943-9d64-70de63123808','9c42747c-0643-4631-a733-b0d2d0ba722d','9c4273e4-3a4a-4b23-9993-225be33cc186'),('9c42747f-daaa-4be8-a21a-945d0c7a2800','9c4273e4-0471-4153-88fa-c949ab516ced','9c42747c-0b0c-4405-8812-40ca227c60cd','9c4273e8-c7db-44df-9c1a-9bf4abefcac3'),('9c42747f-db4e-4499-a1b0-4b39e661a08c','9c4273e3-8bc4-4943-9d64-70de63123808','9c42747c-0b0c-4405-8812-40ca227c60cd','9c4273e5-182c-4f24-8a7e-8fe7111b8553'),('9c42747f-dbdc-4c22-a2ae-e07e7d36a04d','9c4273e4-0471-4153-88fa-c949ab516ced','9c42747c-1371-43b5-b1bd-c64f9d8bba10','9c4273e8-c7db-44df-9c1a-9bf4abefcac3'),('9c42747f-dc72-49e3-98ca-e2cfc0fe3e48','9c4273e3-8bc4-4943-9d64-70de63123808','9c42747c-1371-43b5-b1bd-c64f9d8bba10','9c4273e4-e1a6-45d6-b0fa-aeea949ea259'),('9c42747f-dd25-4c94-81a4-bb4528301b7f','9c4273e4-0471-4153-88fa-c949ab516ced','9c42747c-1d1e-45d7-bd64-f0f4af68d2cf','9c4273e8-c7db-44df-9c1a-9bf4abefcac3'),('9c42747f-ddbc-43f7-b639-b6c47e4189fc','9c4273e3-8bc4-4943-9d64-70de63123808','9c42747c-1d1e-45d7-bd64-f0f4af68d2cf','9c4273e4-ab2c-49ad-bece-4d2dee0079e5'),('9c42747f-de4a-4c9a-bc3a-7f36e50efcdd','9c4273e4-0471-4153-88fa-c949ab516ced','9c42747c-25cf-4985-8039-3fc517db5b9d','9c4273e8-c7db-44df-9c1a-9bf4abefcac3'),('9c42747f-dee2-44fb-b412-b63ad21861da','9c4273e3-8bc4-4943-9d64-70de63123808','9c42747c-25cf-4985-8039-3fc517db5b9d','9c4273e4-74b6-44cf-91c0-824a31dcb756'),('9c42747f-df74-453d-8c94-a063e57dab3e','9c4273e4-0471-4153-88fa-c949ab516ced','9c42747c-2e17-44f0-bece-6c00d602868f','9c4273e8-c7db-44df-9c1a-9bf4abefcac3'),('9c42747f-e036-445a-a796-8840dad99de0','9c4273e3-8bc4-4943-9d64-70de63123808','9c42747c-2e17-44f0-bece-6c00d602868f','9c4273e4-3a4a-4b23-9993-225be33cc186'),('9c42747f-e0e5-49b7-b4bf-30fa6f4a5c19','9c4273e4-0471-4153-88fa-c949ab516ced','9c42747c-357f-47c1-8d6c-648585175a47','9c4273e9-6b75-4490-8fd1-4bf9409c705a'),('9c42747f-e172-4901-b22f-3baa3f07b390','9c4273e3-8bc4-4943-9d64-70de63123808','9c42747c-357f-47c1-8d6c-648585175a47','9c4273e5-182c-4f24-8a7e-8fe7111b8553'),('9c42747f-e213-4e93-91ce-8307f5930793','9c4273e4-0471-4153-88fa-c949ab516ced','9c42747c-3cb6-435e-a1c0-4229e7b28865','9c4273e9-6b75-4490-8fd1-4bf9409c705a'),('9c42747f-e29e-4e84-bd61-c545208c16b9','9c4273e3-8bc4-4943-9d64-70de63123808','9c42747c-3cb6-435e-a1c0-4229e7b28865','9c4273e4-e1a6-45d6-b0fa-aeea949ea259'),('9c42747f-e36d-4c3f-8d7f-6d73ac723e71','9c4273e4-0471-4153-88fa-c949ab516ced','9c42747c-44c7-4c8e-9b2c-ad52a320b731','9c4273e9-6b75-4490-8fd1-4bf9409c705a'),('9c42747f-e3f0-450e-9b42-1289fb1b0e47','9c4273e3-8bc4-4943-9d64-70de63123808','9c42747c-44c7-4c8e-9b2c-ad52a320b731','9c4273e4-ab2c-49ad-bece-4d2dee0079e5'),('9c42747f-e48b-47fb-89b5-991ed1c2a791','9c4273e4-0471-4153-88fa-c949ab516ced','9c42747c-4a56-4f46-a812-8adb98328401','9c4273e9-6b75-4490-8fd1-4bf9409c705a'),('9c42747f-e51a-48f8-b49b-b2f6033eff6c','9c4273e3-8bc4-4943-9d64-70de63123808','9c42747c-4a56-4f46-a812-8adb98328401','9c4273e4-74b6-44cf-91c0-824a31dcb756'),('9c42747f-e5be-4cad-a9d5-bb55bc8aee9b','9c4273e4-0471-4153-88fa-c949ab516ced','9c42747c-5030-4732-8c4f-84c92b2127ef','9c4273e9-6b75-4490-8fd1-4bf9409c705a'),('9c42747f-e65b-469e-a2b5-be5235eb72ab','9c4273e3-8bc4-4943-9d64-70de63123808','9c42747c-5030-4732-8c4f-84c92b2127ef','9c4273e4-3a4a-4b23-9993-225be33cc186'),('9c42747f-e718-4c3e-bcb7-72ab63991041','9c4273e4-0471-4153-88fa-c949ab516ced','9c42747c-581d-4d86-ac72-5ac21d2738e6','9c4273ea-c82a-4e7f-824b-4303edc9af30'),('9c42747f-e80a-467c-81f7-d11a59737505','9c4273e3-8bc4-4943-9d64-70de63123808','9c42747c-581d-4d86-ac72-5ac21d2738e6','9c4273e5-182c-4f24-8a7e-8fe7111b8553'),('9c42747f-e9fa-4fd4-9437-a094def89476','9c4273e4-0471-4153-88fa-c949ab516ced','9c42747c-5f56-4d8b-ab2c-323fa75fa616','9c4273ea-c82a-4e7f-824b-4303edc9af30'),('9c42747f-ea92-496f-82d2-64c16c895803','9c4273e3-8bc4-4943-9d64-70de63123808','9c42747c-5f56-4d8b-ab2c-323fa75fa616','9c4273e4-e1a6-45d6-b0fa-aeea949ea259'),('9c42747f-eb40-46c8-8e62-416b6206298d','9c4273e4-0471-4153-88fa-c949ab516ced','9c42747c-63ef-4e85-82a2-ce8a3e0942f2','9c4273ea-c82a-4e7f-824b-4303edc9af30'),('9c42747f-ebd4-439f-a9c5-da08403e68cf','9c4273e3-8bc4-4943-9d64-70de63123808','9c42747c-63ef-4e85-82a2-ce8a3e0942f2','9c4273e4-ab2c-49ad-bece-4d2dee0079e5'),('9c42747f-ec65-498a-8038-9884e77f0884','9c4273e4-0471-4153-88fa-c949ab516ced','9c42747c-6b09-46dd-adad-adb2269bb9d4','9c4273ea-c82a-4e7f-824b-4303edc9af30'),('9c42747f-ed47-42d0-b30d-a8cefc050593','9c4273e3-8bc4-4943-9d64-70de63123808','9c42747c-6b09-46dd-adad-adb2269bb9d4','9c4273e4-74b6-44cf-91c0-824a31dcb756'),('9c42747f-ede0-41cd-895c-e02dfc8856cf','9c4273e4-0471-4153-88fa-c949ab516ced','9c42747c-6ffc-4aa7-9d13-c2cd23dc27dc','9c4273ea-c82a-4e7f-824b-4303edc9af30'),('9c42747f-ee76-42ce-b328-99f0097ea478','9c4273e3-8bc4-4943-9d64-70de63123808','9c42747c-6ffc-4aa7-9d13-c2cd23dc27dc','9c4273e4-3a4a-4b23-9993-225be33cc186'),('9c42747f-ef29-4fee-b67f-51a8cfb7e28d','9c4273e3-8bc4-4943-9d64-70de63123808','9c42747c-753a-4db9-9147-a9825dd0bc9e','9c4273e5-182c-4f24-8a7e-8fe7111b8553'),('9c42747f-efc1-4b2d-94d6-4552a75fbb34','9c4273e3-8bc4-4943-9d64-70de63123808','9c42747c-79bc-4da6-be25-053b3d3ac8bc','9c4273e4-e1a6-45d6-b0fa-aeea949ea259'),('9c42747f-f04a-4265-a481-56fdfb45013d','9c4273e3-8bc4-4943-9d64-70de63123808','9c42747c-7d24-400c-9e97-1ac314c3405c','9c4273e4-ab2c-49ad-bece-4d2dee0079e5'),('9c42747f-f0df-4e0f-ad0c-e66bd3556bb5','9c4273e3-8bc4-4943-9d64-70de63123808','9c42747c-80de-4ed2-8003-8caee9e56168','9c4273e4-74b6-44cf-91c0-824a31dcb756'),('9c42747f-f171-4cc9-9243-412b6f4555cd','9c4273e3-8bc4-4943-9d64-70de63123808','9c42747c-84bf-49bb-be32-110bc9e356b5','9c4273e4-3a4a-4b23-9993-225be33cc186'),('9c42747f-f207-4046-b53c-3a62ec3c1170','9c4273e3-8bc4-4943-9d64-70de63123808','9c42747c-8875-4d12-8908-37205659bb3f','9c4273e5-182c-4f24-8a7e-8fe7111b8553'),('9c42747f-f298-4db7-9538-e37f2c204015','9c4273e3-8bc4-4943-9d64-70de63123808','9c42747c-8bd4-4d9e-bf8c-e9856a0969e5','9c4273e4-e1a6-45d6-b0fa-aeea949ea259'),('9c42747f-f327-4b56-8516-de8fd5e57534','9c4273e3-8bc4-4943-9d64-70de63123808','9c42747c-8fdf-4b1b-b7d7-d5fb4901c98f','9c4273e4-ab2c-49ad-bece-4d2dee0079e5'),('9c42747f-f3c2-4f4e-9041-64370d6445fe','9c4273e3-8bc4-4943-9d64-70de63123808','9c42747c-9331-4994-80d9-2b0304944ba1','9c4273e4-74b6-44cf-91c0-824a31dcb756'),('9c42747f-f48f-4362-9bbc-7330c8d64f4a','9c4273e3-8bc4-4943-9d64-70de63123808','9c42747c-9632-4a66-a172-0bfdbe6aa29a','9c4273e4-3a4a-4b23-9993-225be33cc186'),('9c42747f-f559-4999-acfe-de6ffcb699a7','9c4273e3-8bc4-4943-9d64-70de63123808','9c42747c-99f2-47f5-b89a-f80496db082d','9c4273e5-182c-4f24-8a7e-8fe7111b8553'),('9c42747f-f5d6-436d-bb08-c39caa5c26c9','9c4273e3-8bc4-4943-9d64-70de63123808','9c42747c-9dce-46ae-9147-93b3f7a9fa49','9c4273e4-e1a6-45d6-b0fa-aeea949ea259'),('9c42747f-f67d-42ff-81ef-4f4edfffecfc','9c4273e3-8bc4-4943-9d64-70de63123808','9c42747c-a108-4a9b-ad07-ec8839c7666e','9c4273e4-ab2c-49ad-bece-4d2dee0079e5'),('9c42747f-f719-4c63-b145-a30f008147ed','9c4273e3-8bc4-4943-9d64-70de63123808','9c42747c-a4ec-4397-a8ba-1e6a0b41af2c','9c4273e4-74b6-44cf-91c0-824a31dcb756'),('9c42747f-f7b1-4695-b913-47532285dfa3','9c4273e3-8bc4-4943-9d64-70de63123808','9c42747c-a996-4306-ae21-718ad76d357d','9c4273e4-3a4a-4b23-9993-225be33cc186'),('9c42747f-f83c-4fb9-9c81-c995ddfa11fb','9c4273e3-8bc4-4943-9d64-70de63123808','9c42747c-ad4d-466f-9fa6-8b9041015fcc','9c4273e5-182c-4f24-8a7e-8fe7111b8553'),('9c42747f-f8dc-4117-8fe7-dd1d9cc76fb8','9c4273e3-8bc4-4943-9d64-70de63123808','9c42747c-b0dd-4e07-ac3e-0df530b1136d','9c4273e4-e1a6-45d6-b0fa-aeea949ea259'),('9c42747f-f970-4716-b94a-b40e956c31d5','9c4273e3-8bc4-4943-9d64-70de63123808','9c42747c-b481-4760-b6a4-a5f17fa1e798','9c4273e4-ab2c-49ad-bece-4d2dee0079e5'),('9c42747f-fa0c-4a43-bf18-2d836ab97d61','9c4273e3-8bc4-4943-9d64-70de63123808','9c42747c-b7d8-4124-9d1f-edac9d3bb1fb','9c4273e4-74b6-44cf-91c0-824a31dcb756'),('9c42747f-fab9-42c4-918c-e3e90b5afc7b','9c4273e3-8bc4-4943-9d64-70de63123808','9c42747c-ba3f-4931-8a64-7e8cc2adc31d','9c4273e4-3a4a-4b23-9993-225be33cc186'),('9c42747f-fb53-4c62-83bd-343c107135ac','9c4273e3-8bc4-4943-9d64-70de63123808','9c42747c-bd64-48d9-b248-4f62ba088b64','9c4273e5-182c-4f24-8a7e-8fe7111b8553'),('9c42747f-fbe2-4a39-a212-f568b0209d86','9c4273e3-8bc4-4943-9d64-70de63123808','9c42747c-c0ca-41df-b9ec-9c75d9c03e9f','9c4273e4-e1a6-45d6-b0fa-aeea949ea259'),('9c42747f-fc7c-432e-8efd-f547277fdb4e','9c4273e3-8bc4-4943-9d64-70de63123808','9c42747c-c3bd-4cb0-b38e-48c1b4fa5a01','9c4273e4-ab2c-49ad-bece-4d2dee0079e5'),('9c42747f-fd1b-4b1c-8f1f-5f76c30540f2','9c4273e3-8bc4-4943-9d64-70de63123808','9c42747c-c7ea-415c-b3c4-ae1f6a8c5cfe','9c4273e4-74b6-44cf-91c0-824a31dcb756'),('9c42747f-fdb7-4728-8175-7e06e98fa9b5','9c4273e3-8bc4-4943-9d64-70de63123808','9c42747c-cc88-479e-b9b1-a35331a25de7','9c4273e4-3a4a-4b23-9993-225be33cc186'),('9c42747f-fe44-4dde-9159-9c413cf1b5f2','9c4273e3-8bc4-4943-9d64-70de63123808','9c42747c-cfb9-4c24-ba9c-2db5c37482e0','9c4273e5-182c-4f24-8a7e-8fe7111b8553'),('9c42747f-feef-47fe-a184-de41209da590','9c4273e3-8bc4-4943-9d64-70de63123808','9c42747c-d301-43a3-afea-98e6e9dda5c3','9c4273e4-e1a6-45d6-b0fa-aeea949ea259'),('9c42747f-ff86-47e9-8653-b3b95cc22608','9c4273e3-8bc4-4943-9d64-70de63123808','9c42747c-d650-4b8f-8558-4e133156f694','9c4273e4-ab2c-49ad-bece-4d2dee0079e5'),('9c427480-0022-45f9-bbd2-c3ac96ba0996','9c4273e3-8bc4-4943-9d64-70de63123808','9c42747c-d97a-4eda-ba7f-b6a0f38ea625','9c4273e4-74b6-44cf-91c0-824a31dcb756'),('9c427480-00af-436f-ab1f-a0bdf0b8e1a7','9c4273e3-8bc4-4943-9d64-70de63123808','9c42747c-dca3-4e9d-ba50-9b2fdf97df18','9c4273e4-3a4a-4b23-9993-225be33cc186'),('9c427480-0178-47e5-9456-9df502f198bf','9c4273e3-8bc4-4943-9d64-70de63123808','9c42747c-dfa6-4f1a-9db8-25cb302cdf05','9c4273e5-182c-4f24-8a7e-8fe7111b8553'),('9c427480-01f7-4baa-91db-f545e6faa905','9c4273e3-8bc4-4943-9d64-70de63123808','9c42747c-e3db-4fe8-80b9-ba4910f944e3','9c4273e4-e1a6-45d6-b0fa-aeea949ea259'),('9c427480-029d-4ede-9da6-5e230539f85c','9c4273e3-8bc4-4943-9d64-70de63123808','9c42747c-e7ab-452f-9aff-761e63422071','9c4273e4-ab2c-49ad-bece-4d2dee0079e5'),('9c427480-033f-4a62-9ac5-60878027f737','9c4273e3-8bc4-4943-9d64-70de63123808','9c42747c-eb68-4b10-b318-24f1e9ba8a63','9c4273e4-74b6-44cf-91c0-824a31dcb756'),('9c427480-03d2-45fb-a944-3599bab99ae0','9c4273e3-8bc4-4943-9d64-70de63123808','9c42747c-ef1d-41ae-a353-2d1f5d3b2af6','9c4273e4-3a4a-4b23-9993-225be33cc186'),('9c427480-0470-4b1d-acb7-08be364fa66b','9c4273e3-8bc4-4943-9d64-70de63123808','9c42747c-f22d-4fee-ae13-a19e277f70fd','9c4273e5-182c-4f24-8a7e-8fe7111b8553'),('9c427480-0501-41e1-9c49-78382762f7ee','9c4273e3-8bc4-4943-9d64-70de63123808','9c42747c-f524-4453-971c-64c715730330','9c4273e4-e1a6-45d6-b0fa-aeea949ea259'),('9c427480-05a0-4e0b-8130-6337d64a8b22','9c4273e3-8bc4-4943-9d64-70de63123808','9c42747c-f86e-47f7-aec1-3747448053ca','9c4273e4-ab2c-49ad-bece-4d2dee0079e5'),('9c427480-066b-4a7a-8afe-c4f23321cb8c','9c4273e3-8bc4-4943-9d64-70de63123808','9c42747c-fbe1-4ee5-b9b2-1195740d94b0','9c4273e4-74b6-44cf-91c0-824a31dcb756'),('9c427480-07ad-4a6e-93ef-50ea7bf23306','9c4273e3-8bc4-4943-9d64-70de63123808','9c42747c-ff0d-4ad4-9fa5-dbd4cd83548c','9c4273e4-3a4a-4b23-9993-225be33cc186'),('9c427480-09e0-473e-846d-3fdfe5f70c4f','9c4273e3-8bc4-4943-9d64-70de63123808','9c42747d-023f-4b84-90d7-c1d7a8afc59f','9c4273e5-182c-4f24-8a7e-8fe7111b8553'),('9c427480-0a88-4706-966d-8af74324f717','9c4273e3-8bc4-4943-9d64-70de63123808','9c42747d-05a7-43ac-bac2-48b23c04528c','9c4273e4-e1a6-45d6-b0fa-aeea949ea259'),('9c427480-0b41-4885-aca5-ee4a4b5467c3','9c4273e3-8bc4-4943-9d64-70de63123808','9c42747d-0905-404e-a52c-226f1c2097f1','9c4273e4-ab2c-49ad-bece-4d2dee0079e5'),('9c427480-0bcc-4e0e-8223-bf35665ccbe8','9c4273e3-8bc4-4943-9d64-70de63123808','9c42747d-0c1e-45f2-be45-c2324e2f1ed2','9c4273e4-74b6-44cf-91c0-824a31dcb756'),('9c427480-0c90-4197-8f94-8437e615cd1f','9c4273e3-8bc4-4943-9d64-70de63123808','9c42747d-0f1c-4fa3-b964-f81ad4821158','9c4273e4-3a4a-4b23-9993-225be33cc186'),('9c427480-0d3e-4a62-8dfd-709965c34f0f','9c4273e3-8bc4-4943-9d64-70de63123808','9c42747d-1248-443e-9aa5-4a1a777b4cd5','9c4273e5-182c-4f24-8a7e-8fe7111b8553'),('9c427480-0de4-4e4b-813f-4fe0df9cc494','9c4273e3-8bc4-4943-9d64-70de63123808','9c42747d-1598-4330-acbe-bec4389c38f4','9c4273e4-e1a6-45d6-b0fa-aeea949ea259'),('9c427480-0e63-4432-87c3-e6248a61e3dc','9c4273e3-8bc4-4943-9d64-70de63123808','9c42747d-198d-41a5-889e-0af7a9a1b6f8','9c4273e4-ab2c-49ad-bece-4d2dee0079e5'),('9c427480-0ef6-46b0-8c67-7482282700af','9c4273e3-8bc4-4943-9d64-70de63123808','9c42747d-1de8-49a5-8dff-2497e2106e81','9c4273e4-74b6-44cf-91c0-824a31dcb756'),('9c427480-0fc5-4d35-9b9a-f3463a6bb431','9c4273e3-8bc4-4943-9d64-70de63123808','9c42747d-2386-4e6a-b686-b4de293bf7eb','9c4273e4-3a4a-4b23-9993-225be33cc186'),('9c427480-1066-4f06-9c63-e49466c9eb3b','9c4273e3-8bc4-4943-9d64-70de63123808','9c42747d-284a-4f5d-87af-c2a88c2805a7','9c4273e6-3425-4d96-89a1-2217de7ef932'),('9c427480-1126-4d63-88d8-00294415bf9a','9c4273e3-8bc4-4943-9d64-70de63123808','9c42747d-2b79-422e-9f4d-04114482af1f','9c4273e5-c695-4b23-b09b-695b7e9fc260'),('9c427480-1282-425f-b7c5-86223e68e515','9c4273e3-8bc4-4943-9d64-70de63123808','9c42747d-2f5f-4517-b9b3-8b106d89fc15','9c4273e5-5102-4756-b401-22fb6c3fa749'),('9c427480-1366-476c-9d96-1b2d27564cd7','9c4273e3-8bc4-4943-9d64-70de63123808','9c42747d-3371-4b0a-a6b9-215e9d782b95','9c4273e6-3425-4d96-89a1-2217de7ef932'),('9c427480-15ec-4612-a857-2349eac77c9c','9c4273e3-8bc4-4943-9d64-70de63123808','9c42747d-3760-4bb8-a341-a0c9acae49d2','9c4273e5-c695-4b23-b09b-695b7e9fc260'),('9c427480-1695-462b-b01c-91c40c0066e1','9c4273e3-8bc4-4943-9d64-70de63123808','9c42747d-3ab4-40f6-9f92-e646a9c60fdb','9c4273e5-5102-4756-b401-22fb6c3fa749'),('9c427480-1728-428f-a214-d76b588ed2c8','9c4273e3-8bc4-4943-9d64-70de63123808','9c42747d-3e02-424c-a8c1-af78fccde570','9c4273e6-3425-4d96-89a1-2217de7ef932'),('9c427480-17c6-4f36-8133-b0e3eea616e1','9c4273e3-8bc4-4943-9d64-70de63123808','9c42747d-41b0-435a-a386-eb8efbc6dfa3','9c4273e5-c695-4b23-b09b-695b7e9fc260'),('9c427480-18c2-4bbd-b17d-c6d2255ea752','9c4273e3-8bc4-4943-9d64-70de63123808','9c42747d-4589-4721-8eef-4c44acda16f2','9c4273e5-5102-4756-b401-22fb6c3fa749'),('9c427480-19a2-4dd2-8375-1706696ddc30','9c4273e3-8bc4-4943-9d64-70de63123808','9c42747d-49d8-44fd-8686-10dfd5608b76','9c4273e5-182c-4f24-8a7e-8fe7111b8553'),('9c427480-1a5c-4744-b4a0-9ecc5352d0b2','9c4273e3-8bc4-4943-9d64-70de63123808','9c42747d-5529-4a27-b1a8-5ae352b9e421','9c4273e4-e1a6-45d6-b0fa-aeea949ea259'),('9c427480-1b5c-42cb-9b6b-40ab5c4925de','9c4273e3-8bc4-4943-9d64-70de63123808','9c42747d-58fb-4d26-961b-5e5c7ea80164','9c4273e4-ab2c-49ad-bece-4d2dee0079e5'),('9c427480-1c1a-47be-ab33-9e4e96b9f4d0','9c4273e3-8bc4-4943-9d64-70de63123808','9c42747d-5c2b-4f0d-9a8c-f8af497967f0','9c4273e4-74b6-44cf-91c0-824a31dcb756'),('9c427480-1cca-4cf9-a003-de31036d5a86','9c4273e3-8bc4-4943-9d64-70de63123808','9c42747d-5f65-4ee8-8697-35c4031b7743','9c4273e4-3a4a-4b23-9993-225be33cc186'),('9c427480-1d54-4b71-b348-e5cf7878aa07','9c4273e3-8bc4-4943-9d64-70de63123808','9c42747d-626d-49e5-a04b-5480e15dc63d','9c4273e5-182c-4f24-8a7e-8fe7111b8553'),('9c427480-1df4-4435-a53e-ce79c2eee8e7','9c4273e3-8bc4-4943-9d64-70de63123808','9c42747d-65c9-4365-9dce-a2869f81a666','9c4273e4-e1a6-45d6-b0fa-aeea949ea259'),('9c427480-1e9c-4b68-b222-2173863c3174','9c4273e3-8bc4-4943-9d64-70de63123808','9c42747d-691e-41a1-b499-f87a5d5f0c55','9c4273e4-ab2c-49ad-bece-4d2dee0079e5'),('9c427480-1f50-4e6a-80cc-c8fa77d1633b','9c4273e3-8bc4-4943-9d64-70de63123808','9c42747d-6c3f-4744-a4e0-602c9420bffc','9c4273e4-74b6-44cf-91c0-824a31dcb756'),('9c427480-1fec-43c4-b769-905476a3b4fa','9c4273e3-8bc4-4943-9d64-70de63123808','9c42747d-6f58-4d42-85c3-7e4babf1701b','9c4273e4-3a4a-4b23-9993-225be33cc186'),('9c427480-20be-4488-a48f-3bcc58f4ef69','9c4273e3-8bc4-4943-9d64-70de63123808','9c42747d-729f-485c-9066-2f37bb38424b','9c4273e5-182c-4f24-8a7e-8fe7111b8553'),('9c427480-2149-4e09-93a7-bfa9f1223546','9c4273e3-8bc4-4943-9d64-70de63123808','9c42747d-762b-4bd6-838b-190891ec1c56','9c4273e4-e1a6-45d6-b0fa-aeea949ea259'),('9c427480-21e5-4a7f-82f9-56f69e2ddff5','9c4273e3-8bc4-4943-9d64-70de63123808','9c42747d-795a-4e5f-a78a-3c778166f4f4','9c4273e4-ab2c-49ad-bece-4d2dee0079e5'),('9c427480-2276-42ef-9283-211aa09c35d6','9c4273e3-8bc4-4943-9d64-70de63123808','9c42747d-7cfe-48fe-9b48-874e74e444a3','9c4273e4-74b6-44cf-91c0-824a31dcb756'),('9c427480-231a-415b-99b0-e57bf6277db2','9c4273e3-8bc4-4943-9d64-70de63123808','9c42747d-80ce-4a5b-b765-15e268bbed0f','9c4273e4-3a4a-4b23-9993-225be33cc186'),('9c427480-23c2-47cd-beaf-f8f10d747253','9c4273e3-8bc4-4943-9d64-70de63123808','9c42747d-83dd-42b4-bdc0-41c507b6840f','9c4273e5-182c-4f24-8a7e-8fe7111b8553'),('9c427480-2445-4569-ad9b-3e319fb52837','9c4273e3-8bc4-4943-9d64-70de63123808','9c42747d-8783-486c-8dd3-2ca836a341a2','9c4273e4-e1a6-45d6-b0fa-aeea949ea259'),('9c427480-24e7-4c16-a97b-1c8ccc8d43f8','9c4273e3-8bc4-4943-9d64-70de63123808','9c42747d-8a7c-42fd-92e0-950ce356c233','9c4273e4-ab2c-49ad-bece-4d2dee0079e5'),('9c427480-2562-4395-97f4-c2ef80345824','9c4273e3-8bc4-4943-9d64-70de63123808','9c42747d-8e0e-4d9a-85d4-a320e6231c1d','9c4273e4-74b6-44cf-91c0-824a31dcb756'),('9c427480-260a-46cc-ac59-4d826b81ae54','9c4273e3-8bc4-4943-9d64-70de63123808','9c42747d-9136-422e-9726-2dce8a3c0d05','9c4273e4-3a4a-4b23-9993-225be33cc186'),('9c427480-26b4-4fdd-9033-47dbddd70984','9c4273e3-8bc4-4943-9d64-70de63123808','9c42747d-94c9-4a97-84b8-02ba1cc08157','9c4273e5-182c-4f24-8a7e-8fe7111b8553'),('9c427480-2753-4a50-831b-c5a41a17f99e','9c4273e3-8bc4-4943-9d64-70de63123808','9c42747d-97ea-4409-9928-8253082881b2','9c4273e4-e1a6-45d6-b0fa-aeea949ea259'),('9c427480-27f5-4c43-b69d-fadb2cfe39aa','9c4273e3-8bc4-4943-9d64-70de63123808','9c42747d-9ba8-48e3-b65c-db9f3bbd8659','9c4273e4-ab2c-49ad-bece-4d2dee0079e5'),('9c427480-2894-4a45-8269-b6fbd6281194','9c4273e3-8bc4-4943-9d64-70de63123808','9c42747d-a0b1-4a85-8050-f491b2013f08','9c4273e4-74b6-44cf-91c0-824a31dcb756'),('9c427480-295a-4c94-af55-7790c0cb81a8','9c4273e3-8bc4-4943-9d64-70de63123808','9c42747d-a437-4aaa-a449-685a52a34d23','9c4273e4-3a4a-4b23-9993-225be33cc186'),('9c427480-2a22-40e6-a162-5aec520272d3','9c4273e3-8bc4-4943-9d64-70de63123808','9c42747d-a74c-49fa-b695-0538091660d4','9c4273e5-182c-4f24-8a7e-8fe7111b8553'),('9c427480-2ab4-4db2-a42f-7aa73c74cb00','9c4273e3-8bc4-4943-9d64-70de63123808','9c42747d-ab08-41df-9b1a-e0632e808e42','9c4273e4-e1a6-45d6-b0fa-aeea949ea259'),('9c427480-2b38-4039-bd1b-9a9e00dacf04','9c4273e3-8bc4-4943-9d64-70de63123808','9c42747d-ae25-40f4-b568-0810ed706f71','9c4273e4-ab2c-49ad-bece-4d2dee0079e5'),('9c427480-2bfc-4e62-877a-7cccb4768ad7','9c4273e3-8bc4-4943-9d64-70de63123808','9c42747d-b1ce-4f44-b6c7-4c16127430ff','9c4273e4-74b6-44cf-91c0-824a31dcb756'),('9c427480-2c73-4f19-9b8c-253102e52945','9c4273e3-8bc4-4943-9d64-70de63123808','9c42747d-b54a-4160-9bc2-201190bcdbfa','9c4273e4-3a4a-4b23-9993-225be33cc186'),('9c427480-2d3a-428f-992d-b28b5c355cdb','9c4273e3-8bc4-4943-9d64-70de63123808','9c42747d-b8fa-448b-875d-840d2d0d35e4','9c4273e5-182c-4f24-8a7e-8fe7111b8553'),('9c427480-2dc1-4902-ac59-1e95719abbed','9c4273e3-8bc4-4943-9d64-70de63123808','9c42747d-bc67-46a3-81f7-bd3c48270b26','9c4273e4-e1a6-45d6-b0fa-aeea949ea259'),('9c427480-2e64-4acb-b38f-3ff21e71e1d7','9c4273e3-8bc4-4943-9d64-70de63123808','9c42747d-bffa-4dbc-b7b1-3d3a18a5dcb9','9c4273e4-ab2c-49ad-bece-4d2dee0079e5'),('9c427480-2ef9-4861-bdef-09624df106a7','9c4273e3-8bc4-4943-9d64-70de63123808','9c42747d-c3a1-4853-91a4-915e2e1b69ef','9c4273e4-74b6-44cf-91c0-824a31dcb756'),('9c427480-2fe0-48c2-93da-dd8fdda3ac7e','9c4273e3-8bc4-4943-9d64-70de63123808','9c42747d-c715-4da5-8831-fe9c2d4b60d5','9c4273e4-3a4a-4b23-9993-225be33cc186'),('9c427480-3059-4921-9bf0-d405841c79e5','9c4273e3-8bc4-4943-9d64-70de63123808','9c42747d-c9d3-427e-a849-8c5f3b22ec69','9c4273e6-3425-4d96-89a1-2217de7ef932'),('9c427480-3119-4f97-a8cf-21ce6ceac9dc','9c4273e3-8bc4-4943-9d64-70de63123808','9c42747d-cd7c-44c4-b7b8-ed338c476932','9c4273e5-c695-4b23-b09b-695b7e9fc260'),('9c427480-3190-4e90-a959-7b3dc6151caf','9c4273e3-8bc4-4943-9d64-70de63123808','9c42747d-d0f1-4ab4-920c-fed7ba1918d0','9c4273e5-5102-4756-b401-22fb6c3fa749'),('9c427480-3249-453c-951f-c21669e53f62','9c4273e3-8bc4-4943-9d64-70de63123808','9c42747d-d483-42c4-bdc9-d2dbc91b0200','9c4273e6-3425-4d96-89a1-2217de7ef932'),('9c427480-32ce-4edf-a493-589a77d3226f','9c4273e3-8bc4-4943-9d64-70de63123808','9c42747d-d800-45b4-a41e-9868a90d5671','9c4273e5-c695-4b23-b09b-695b7e9fc260'),('9c427480-3373-486c-933f-da42d4d108ab','9c4273e3-8bc4-4943-9d64-70de63123808','9c42747d-dadf-4ed3-8ad9-3418a66e6c12','9c4273e5-5102-4756-b401-22fb6c3fa749'),('9c427480-3468-43b1-a4c0-058be6ef814c','9c4273e3-8bc4-4943-9d64-70de63123808','9c42747d-ddd8-43dd-a649-7d8515bf5400','9c4273e6-3425-4d96-89a1-2217de7ef932'),('9c427480-34ff-4427-aca5-9c79acf5cebc','9c4273e3-8bc4-4943-9d64-70de63123808','9c42747d-e0ea-49cd-8ba7-8cc52d40bc85','9c4273e5-c695-4b23-b09b-695b7e9fc260'),('9c427480-3596-4a3e-bc7f-8b5e5ea7e06f','9c4273e3-8bc4-4943-9d64-70de63123808','9c42747d-e431-4a31-addd-c26b7a0a6c32','9c4273e5-5102-4756-b401-22fb6c3fa749'),('9c427480-362e-4e40-84d3-01a79233dd61','9c4273e3-8bc4-4943-9d64-70de63123808','9c42747d-e73a-4be8-9fe7-e47f62e5c4eb','9c4273e6-3425-4d96-89a1-2217de7ef932'),('9c427480-36d2-4bc7-bf8e-2dc05621f57f','9c4273e3-8bc4-4943-9d64-70de63123808','9c42747d-eac3-4c78-8ea2-d18d3aaf6e25','9c4273e5-fec8-437f-9577-4476ee83fa61'),('9c427480-376b-4f6c-9487-ecb3036c8d47','9c4273e3-8bc4-4943-9d64-70de63123808','9c42747d-ee09-431f-aa00-6b95da00bb94','9c4273e5-c695-4b23-b09b-695b7e9fc260'),('9c427480-3877-470b-ae13-29cfee06f85b','9c4273e3-8bc4-4943-9d64-70de63123808','9c42747d-f0ef-4265-ac49-02e71b652c66','9c4273e5-8cb6-4bf4-a012-fc3977b8851c'),('9c427480-3915-4522-b516-95f7236f0a84','9c4273e3-8bc4-4943-9d64-70de63123808','9c42747d-f3e6-4c1e-b1d0-7ebdb01091ab','9c4273e5-5102-4756-b401-22fb6c3fa749'),('9c427480-39c1-402f-99fe-bb2657f5565e','9c4273e3-8bc4-4943-9d64-70de63123808','9c42747d-f6e7-4cbc-8b4e-08330893c964','9c4273e6-3425-4d96-89a1-2217de7ef932'),('9c427480-3a91-4237-bbb5-ce5f020ac83c','9c4273e3-8bc4-4943-9d64-70de63123808','9c42747d-fa00-40f3-b4bc-74346fb4d2db','9c4273e5-fec8-437f-9577-4476ee83fa61'),('9c427480-3b27-4a8f-8e9e-5658f833ee3a','9c4273e3-8bc4-4943-9d64-70de63123808','9c42747d-fced-4a7b-9b58-007ea82376a1','9c4273e5-c695-4b23-b09b-695b7e9fc260'),('9c427480-3c80-423a-8ca8-08ef0d610724','9c4273e3-8bc4-4943-9d64-70de63123808','9c42747e-0047-4dbe-bf07-f5c3909c380b','9c4273e5-8cb6-4bf4-a012-fc3977b8851c'),('9c427480-3d2c-4902-ac9e-89cb3d2aec35','9c4273e3-8bc4-4943-9d64-70de63123808','9c42747e-03b1-4256-9205-643fe889daa6','9c4273e5-5102-4756-b401-22fb6c3fa749'),('9c427480-3e22-4a8b-b661-a9dc8dfb95fe','9c4273e3-8bc4-4943-9d64-70de63123808','9c42747e-077b-4d0a-876d-91f37f10ce2e','9c4273e6-3425-4d96-89a1-2217de7ef932'),('9c427480-3ee0-4186-b7c8-7204aa251dd3','9c4273e3-8bc4-4943-9d64-70de63123808','9c42747e-0af3-4bc5-8385-bc1050edd960','9c4273e5-fec8-437f-9577-4476ee83fa61'),('9c427480-3f9f-4e36-a3c7-9820bf5da30e','9c4273e3-8bc4-4943-9d64-70de63123808','9c42747e-0eae-4cc0-a69c-a9eb333bc556','9c4273e5-c695-4b23-b09b-695b7e9fc260'),('9c427480-4053-4a88-97e5-f4abab9df30e','9c4273e3-8bc4-4943-9d64-70de63123808','9c42747e-119d-4ff9-8b88-5732f7d54276','9c4273e5-8cb6-4bf4-a012-fc3977b8851c'),('9c427480-40f2-49ce-947c-3182ade9f42f','9c4273e3-8bc4-4943-9d64-70de63123808','9c42747e-14fc-4305-b379-8cb13bf28e45','9c4273e5-5102-4756-b401-22fb6c3fa749'),('9c427480-41ff-4aa2-8968-33923555a2b3','9c4273e3-8bc4-4943-9d64-70de63123808','9c42747e-18b0-439e-9475-93824b731251','9c4273e6-3425-4d96-89a1-2217de7ef932'),('9c427480-4304-42a6-8c2e-5fef0f3f47fd','9c4273e3-8bc4-4943-9d64-70de63123808','9c42747e-1dfb-4eac-a9b0-1a5421dfa937','9c4273e5-fec8-437f-9577-4476ee83fa61'),('9c427480-43d6-4462-b1df-e209ee2e8c1a','9c4273e3-8bc4-4943-9d64-70de63123808','9c42747e-2140-47ff-95ad-e2b3e8fe97aa','9c4273e5-c695-4b23-b09b-695b7e9fc260'),('9c427480-4474-45cd-bdab-afa283563c4c','9c4273e3-8bc4-4943-9d64-70de63123808','9c42747e-24f5-4e2a-9e6f-8961557e5c17','9c4273e5-8cb6-4bf4-a012-fc3977b8851c'),('9c427480-452d-46d9-a21e-e3c1df0a43b2','9c4273e3-8bc4-4943-9d64-70de63123808','9c42747e-285c-4491-92b9-e3d85ccc7027','9c4273e5-5102-4756-b401-22fb6c3fa749'),('9c427480-4660-40b1-8019-a7ab70678cb0','9c4273e3-8bc4-4943-9d64-70de63123808','9c42747e-2bb2-42a5-8c97-20843e6a4242','9c4273e6-3425-4d96-89a1-2217de7ef932'),('9c427480-473b-4952-a4e5-e0cf057483b5','9c4273e3-8bc4-4943-9d64-70de63123808','9c42747e-2f4e-4308-bd17-772bb96f620f','9c4273e5-fec8-437f-9577-4476ee83fa61'),('9c427480-47f9-4db4-a3ac-fe93f7e4fd69','9c4273e3-8bc4-4943-9d64-70de63123808','9c42747e-327e-4c37-b9eb-2b68fcc40d0b','9c4273e5-c695-4b23-b09b-695b7e9fc260'),('9c427480-48a8-4218-9e92-cc42323e0dc8','9c4273e3-8bc4-4943-9d64-70de63123808','9c42747e-36d3-46e2-a667-86c233158832','9c4273e5-8cb6-4bf4-a012-fc3977b8851c'),('9c427480-4974-4e6a-b4a1-7efbfad2b5ff','9c4273e3-8bc4-4943-9d64-70de63123808','9c42747e-3a75-44cd-8639-4293bd5f4f71','9c4273e5-5102-4756-b401-22fb6c3fa749'),('9c427480-4a28-4efa-a64c-77cc90018485','9c4273e3-8bc4-4943-9d64-70de63123808','9c42747e-3de3-4859-964f-1b5462536c9e','9c4273e6-3425-4d96-89a1-2217de7ef932'),('9c427480-4ad2-44a5-8314-a81df5f4c619','9c4273e3-8bc4-4943-9d64-70de63123808','9c42747e-41fd-44e2-938a-7f2859d8a16d','9c4273e5-fec8-437f-9577-4476ee83fa61'),('9c427480-4b5f-4a2f-a5db-6ad0405ed83f','9c4273e3-8bc4-4943-9d64-70de63123808','9c42747e-45e3-4697-af02-b6102eb418fe','9c4273e5-c695-4b23-b09b-695b7e9fc260'),('9c427480-4bf3-48c0-add9-5f2edf36ca21','9c4273e3-8bc4-4943-9d64-70de63123808','9c42747e-4be9-472d-a761-aa96c3e6f63f','9c4273e5-8cb6-4bf4-a012-fc3977b8851c'),('9c427480-4cca-4953-b048-02405d752363','9c4273e3-8bc4-4943-9d64-70de63123808','9c42747e-4f21-4a76-88de-7fb6563dda71','9c4273e5-5102-4756-b401-22fb6c3fa749'),('9c427480-4d96-4bca-8f74-ac8151dee2e5','9c4273e3-8bc4-4943-9d64-70de63123808','9c42747e-52e2-435b-8bf8-3629f68206ff','9c4273e6-3425-4d96-89a1-2217de7ef932'),('9c427480-4e19-4812-9fa3-a553428e0ca8','9c4273e3-8bc4-4943-9d64-70de63123808','9c42747e-560f-4c68-a0e8-8c6504e21256','9c4273e5-fec8-437f-9577-4476ee83fa61'),('9c427480-4ebe-45da-a57e-7db8e190a709','9c4273e3-8bc4-4943-9d64-70de63123808','9c42747e-5b1d-48b4-9dd8-320089a66b98','9c4273e5-c695-4b23-b09b-695b7e9fc260'),('9c427480-4f50-4ae8-888f-b79fe2453a1e','9c4273e3-8bc4-4943-9d64-70de63123808','9c42747e-5e71-4190-b399-ed3ea86c7dc5','9c4273e5-8cb6-4bf4-a012-fc3977b8851c'),('9c427480-4ff6-42ff-bcfe-7bce70e1ac5b','9c4273e3-8bc4-4943-9d64-70de63123808','9c42747e-6141-4f8d-8c35-9734482ad77b','9c4273e5-5102-4756-b401-22fb6c3fa749'),('9c427480-5098-44b4-a354-4f98ce674481','9c4273e3-8bc4-4943-9d64-70de63123808','9c42747e-649e-4cde-9419-68f8927688ad','9c4273e6-3425-4d96-89a1-2217de7ef932'),('9c427480-5146-48ac-bd91-7205c7737942','9c4273e3-8bc4-4943-9d64-70de63123808','9c42747e-67e6-4923-aea0-79aebc135f53','9c4273e5-fec8-437f-9577-4476ee83fa61'),('9c427480-5244-4783-80e6-4a9f5ff9d792','9c4273e3-8bc4-4943-9d64-70de63123808','9c42747e-6b3c-408e-a7e4-b7d2b1e266d8','9c4273e5-c695-4b23-b09b-695b7e9fc260'),('9c427480-5301-4d9d-8c95-18ec06b3ffc6','9c4273e3-8bc4-4943-9d64-70de63123808','9c42747e-6ee0-48c5-91c8-7e6e134e1163','9c4273e5-8cb6-4bf4-a012-fc3977b8851c'),('9c427480-538b-4ebc-a7de-0c1a81182be8','9c4273e3-8bc4-4943-9d64-70de63123808','9c42747e-7235-4c47-8957-2fda3d5535c0','9c4273e5-5102-4756-b401-22fb6c3fa749'),('9c427480-5451-4483-b91c-60b1786c6b3b','9c4273e3-8bc4-4943-9d64-70de63123808','9c42747e-75ca-44d5-9d17-2f1717f914eb','9c4273e6-3425-4d96-89a1-2217de7ef932'),('9c427480-5517-49ca-9ec1-334a80be1ec4','9c4273e3-8bc4-4943-9d64-70de63123808','9c42747e-794f-4a36-97da-f36d93a83129','9c4273e5-fec8-437f-9577-4476ee83fa61'),('9c427480-55a7-4a1a-bc50-a5f3ccc9431b','9c4273e3-8bc4-4943-9d64-70de63123808','9c42747e-7c8b-4323-b9ab-7a63334773bc','9c4273e5-c695-4b23-b09b-695b7e9fc260'),('9c427480-563b-47fa-b142-d29b7849f026','9c4273e3-8bc4-4943-9d64-70de63123808','9c42747e-7ff6-4b7b-9b0d-1bb51026c4b9','9c4273e5-8cb6-4bf4-a012-fc3977b8851c'),('9c427480-56ee-4cde-89ca-2bb68c2545cd','9c4273e3-8bc4-4943-9d64-70de63123808','9c42747e-832a-4025-99e0-627fb7eb24ba','9c4273e5-5102-4756-b401-22fb6c3fa749'),('9c427480-577c-481e-bc60-aff77111718e','9c4273e3-8bc4-4943-9d64-70de63123808','9c42747e-8676-4ad0-8b1c-b7f3b796610d','9c4273e6-3425-4d96-89a1-2217de7ef932'),('9c427480-5829-4d7b-81ab-2692fd670789','9c4273e3-8bc4-4943-9d64-70de63123808','9c42747e-89b9-4dea-8089-0ebce939acda','9c4273e5-fec8-437f-9577-4476ee83fa61'),('9c427480-58d9-47c5-8cf1-7feb9c1223d0','9c4273e3-8bc4-4943-9d64-70de63123808','9c42747e-8ced-4ec3-9e4b-ef8cf2062524','9c4273e5-c695-4b23-b09b-695b7e9fc260'),('9c427480-5968-44f0-989c-13f99013bc7f','9c4273e3-8bc4-4943-9d64-70de63123808','9c42747e-8fa4-466b-af45-65285a1d0e3c','9c4273e5-8cb6-4bf4-a012-fc3977b8851c'),('9c427480-5a15-46a6-ab87-e5e3b6040458','9c4273e3-8bc4-4943-9d64-70de63123808','9c42747e-9288-4534-a24d-9395e70b3c7f','9c4273e5-5102-4756-b401-22fb6c3fa749'),('9c427480-5aca-4772-b4de-d8749d072ff1','9c4273e3-8bc4-4943-9d64-70de63123808','9c42747e-95a2-4957-a382-7f111cd9c11f','9c4273e6-3425-4d96-89a1-2217de7ef932'),('9c427480-5b6e-4934-a885-f01ffab57000','9c4273e3-8bc4-4943-9d64-70de63123808','9c42747e-99bf-48d5-9759-93a97e3206dd','9c4273e5-fec8-437f-9577-4476ee83fa61'),('9c427480-5c0f-481c-a1ab-9781a653610b','9c4273e3-8bc4-4943-9d64-70de63123808','9c42747e-9cc1-4eb9-964e-6b53f12a9b8b','9c4273e5-c695-4b23-b09b-695b7e9fc260'),('9c427480-5ca4-43da-bc52-9753792060c2','9c4273e3-8bc4-4943-9d64-70de63123808','9c42747e-a05d-4782-9b58-552760dcf617','9c4273e5-8cb6-4bf4-a012-fc3977b8851c'),('9c427480-5d48-4934-a300-fd9741dee5c2','9c4273e3-8bc4-4943-9d64-70de63123808','9c42747e-a506-499a-8cdf-3d223754f2a0','9c4273e5-5102-4756-b401-22fb6c3fa749'),('9c427480-5df0-48f9-a446-ceb8a816e21b','9c4273e3-8bc4-4943-9d64-70de63123808','9c42747e-a90e-4618-8599-ad14243e7a43','9c4273e6-3425-4d96-89a1-2217de7ef932'),('9c427480-5e7a-4595-88c7-79db5ebfb52d','9c4273e3-8bc4-4943-9d64-70de63123808','9c42747e-ac46-424c-8fc6-4cb5685487ab','9c4273e5-fec8-437f-9577-4476ee83fa61'),('9c427480-5f21-4bb2-96e0-88533549176f','9c4273e3-8bc4-4943-9d64-70de63123808','9c42747e-b04b-4720-b774-9325f09c4e1d','9c4273e5-c695-4b23-b09b-695b7e9fc260'),('9c427480-5fcf-4d72-b035-3816b74e4926','9c4273e3-8bc4-4943-9d64-70de63123808','9c42747e-b387-428a-99a5-b71d72123591','9c4273e5-8cb6-4bf4-a012-fc3977b8851c'),('9c427480-6071-4b74-a02d-7a9887b26867','9c4273e3-8bc4-4943-9d64-70de63123808','9c42747e-b6c0-476a-99b0-003b758ce5bc','9c4273e5-5102-4756-b401-22fb6c3fa749'),('9c427480-61cf-428f-b7ba-f186ecc41fc9','9c4273e3-8bc4-4943-9d64-70de63123808','9c42747e-b9a4-4038-b95c-d979a96bef7c','9c4273e6-3425-4d96-89a1-2217de7ef932'),('9c427480-6455-4124-85fe-cdc5c4ce0977','9c4273e3-8bc4-4943-9d64-70de63123808','9c42747e-bd23-4feb-8e94-b7d1ce4be049','9c4273e5-fec8-437f-9577-4476ee83fa61'),('9c427480-64dd-4e7f-a867-a43c8dee5fff','9c4273e3-8bc4-4943-9d64-70de63123808','9c42747e-c061-4f0b-89c0-8931411c56b4','9c4273e5-c695-4b23-b09b-695b7e9fc260'),('9c427480-656d-4745-a011-dd38a8f784d6','9c4273e3-8bc4-4943-9d64-70de63123808','9c42747e-c371-4a43-b916-1074821c444e','9c4273e5-8cb6-4bf4-a012-fc3977b8851c'),('9c427480-65fe-40e0-8121-18d112f3f1f0','9c4273e3-8bc4-4943-9d64-70de63123808','9c42747e-c689-42ba-897f-be33809df509','9c4273e5-5102-4756-b401-22fb6c3fa749'),('9c427480-66a3-45a2-a926-49d4905c2eb4','9c4273e3-8bc4-4943-9d64-70de63123808','9c42747e-c964-492d-9b80-35896057e467','9c4273e6-3425-4d96-89a1-2217de7ef932'),('9c427480-6734-436f-899f-0ef7b56d6ca6','9c4273e3-8bc4-4943-9d64-70de63123808','9c42747e-cccf-4f8d-a211-eb718ad5096b','9c4273e5-fec8-437f-9577-4476ee83fa61'),('9c427480-67d7-4bc0-a6af-0f55087992b3','9c4273e3-8bc4-4943-9d64-70de63123808','9c42747e-d04a-4228-ad6e-a88eae13c223','9c4273e5-c695-4b23-b09b-695b7e9fc260'),('9c427480-6876-47e2-bb81-a8fec0ffb5f8','9c4273e3-8bc4-4943-9d64-70de63123808','9c42747e-d48e-461b-89c8-cdf6e4db25fa','9c4273e5-8cb6-4bf4-a012-fc3977b8851c'),('9c427480-6919-4ff7-9a73-63d0286e62ac','9c4273e3-8bc4-4943-9d64-70de63123808','9c42747e-db81-49d3-a98c-2306cab71a45','9c4273e5-5102-4756-b401-22fb6c3fa749'),('9c427480-6a35-46f5-9fc8-26efa5e53fea','9c4273e3-8bc4-4943-9d64-70de63123808','9c42747e-de28-4237-a726-6bf5ab5c7837','9c4273e6-3425-4d96-89a1-2217de7ef932'),('9c427480-6afb-499a-a3da-ca3bcd7ddb53','9c4273e3-8bc4-4943-9d64-70de63123808','9c42747e-e18c-4b31-837f-eeac22b00509','9c4273e5-fec8-437f-9577-4476ee83fa61'),('9c427480-6b72-4cc1-b35a-aa0e5fbfb1dd','9c4273e3-8bc4-4943-9d64-70de63123808','9c42747e-e512-4adb-bd02-0586ac5f6f21','9c4273e5-c695-4b23-b09b-695b7e9fc260'),('9c427480-6c21-42ab-927b-0182ad946634','9c4273e3-8bc4-4943-9d64-70de63123808','9c42747e-e7fe-47be-9fe7-f57b144dbdff','9c4273e5-8cb6-4bf4-a012-fc3977b8851c'),('9c427480-6cb5-4290-8d5e-49fb2cd9d3a4','9c4273e3-8bc4-4943-9d64-70de63123808','9c42747e-eaae-4aa0-9c92-b41393c8b164','9c4273e5-5102-4756-b401-22fb6c3fa749'),('9c427480-6d68-4a72-968d-b62783e532d2','9c4273e3-8bc4-4943-9d64-70de63123808','9c42747e-eda5-4425-9015-eb6ed42b6a37','9c4273e6-3425-4d96-89a1-2217de7ef932'),('9c427480-6e0c-40c6-9453-48acaa944051','9c4273e3-8bc4-4943-9d64-70de63123808','9c42747e-f118-42bf-8893-affd4bfdf2dd','9c4273e5-fec8-437f-9577-4476ee83fa61'),('9c427480-6eb2-4774-b407-246344808aab','9c4273e3-8bc4-4943-9d64-70de63123808','9c42747e-f3fd-4594-a1d3-7e04a078829d','9c4273e5-c695-4b23-b09b-695b7e9fc260'),('9c427480-6f51-4a9e-bc63-7a41b955a0f1','9c4273e3-8bc4-4943-9d64-70de63123808','9c42747e-f6cd-4a18-9d2b-8a8abe9cac4d','9c4273e5-8cb6-4bf4-a012-fc3977b8851c'),('9c427480-6feb-4b82-9103-82fd96877bf4','9c4273e3-8bc4-4943-9d64-70de63123808','9c42747e-f9ad-4777-9221-f5a4b7783494','9c4273e5-5102-4756-b401-22fb6c3fa749'),('9c427480-7080-4179-a5d2-5dcb2956cab4','9c4273e3-8bc4-4943-9d64-70de63123808','9c42747e-fcbc-4467-9703-f9f79de9cf18','9c4273e6-3425-4d96-89a1-2217de7ef932'),('9c427480-7125-4a29-bbee-0d00828181b0','9c4273e3-8bc4-4943-9d64-70de63123808','9c42747f-0058-40b5-805c-656366357c78','9c4273e5-fec8-437f-9577-4476ee83fa61'),('9c427480-71b6-452f-bab0-51f4ca680beb','9c4273e3-8bc4-4943-9d64-70de63123808','9c42747f-0324-47f9-96d5-c6db1c2db494','9c4273e5-c695-4b23-b09b-695b7e9fc260'),('9c427480-725b-438f-983a-955d83536707','9c4273e3-8bc4-4943-9d64-70de63123808','9c42747f-05f3-498b-94e3-3a0ad3f7757c','9c4273e5-8cb6-4bf4-a012-fc3977b8851c'),('9c427480-72f5-4bd3-97c8-83622df8408e','9c4273e3-8bc4-4943-9d64-70de63123808','9c42747f-08a9-4763-a50d-fdee81a2788e','9c4273e5-5102-4756-b401-22fb6c3fa749'),('9c427480-7398-4feb-9a6b-9bf150753f91','9c4273e3-8bc4-4943-9d64-70de63123808','9c42747f-0aed-42ec-999d-da7926c7ec56','9c4273e6-3425-4d96-89a1-2217de7ef932'),('9c427480-7439-44d5-a3b6-a6c3e7056927','9c4273e3-8bc4-4943-9d64-70de63123808','9c42747f-0db8-4118-be0c-21009a6ee9ae','9c4273e5-fec8-437f-9577-4476ee83fa61'),('9c427480-74cd-4e81-80ef-200c76207712','9c4273e3-8bc4-4943-9d64-70de63123808','9c42747f-10ab-4c88-8054-3e7f1b5f7b79','9c4273e5-c695-4b23-b09b-695b7e9fc260'),('9c427480-7592-4034-97d7-c94408ed05c3','9c4273e3-8bc4-4943-9d64-70de63123808','9c42747f-137e-4479-9942-bb0ea395bb34','9c4273e5-8cb6-4bf4-a012-fc3977b8851c'),('9c427480-765d-41ba-a5c4-355c96d6415b','9c4273e3-8bc4-4943-9d64-70de63123808','9c42747f-1690-411f-ac72-eff6b966caa6','9c4273e5-5102-4756-b401-22fb6c3fa749'),('9c427480-76f3-4e1c-8bb6-0c3879a6ee47','9c4273e3-8bc4-4943-9d64-70de63123808','9c42747f-197e-4f1e-9cd6-2582c5f6a779','9c4273e6-3425-4d96-89a1-2217de7ef932'),('9c427480-77a3-4ef6-9913-88ce086d82b0','9c4273e3-8bc4-4943-9d64-70de63123808','9c42747f-1cbb-48b1-81da-a053c3dda3f1','9c4273e5-fec8-437f-9577-4476ee83fa61'),('9c427480-783f-4d44-9ffe-a1a43ba62942','9c4273e3-8bc4-4943-9d64-70de63123808','9c42747f-1f8f-41d0-89d9-0ff22c2e1591','9c4273e5-c695-4b23-b09b-695b7e9fc260'),('9c427480-7909-4cc0-9191-d7ef07a4a7d6','9c4273e3-8bc4-4943-9d64-70de63123808','9c42747f-2295-43aa-8148-c656f035e5ce','9c4273e5-8cb6-4bf4-a012-fc3977b8851c'),('9c427480-7998-4ac8-a258-3d498b3b2131','9c4273e3-8bc4-4943-9d64-70de63123808','9c42747f-2594-4251-ab4d-8c4dcae0a613','9c4273e5-5102-4756-b401-22fb6c3fa749');
/*!40000 ALTER TABLE `product_attribute_product_variant` ENABLE KEYS */;
UNLOCK TABLES;

--
-- Table structure for table `product_attributes`
--

DROP TABLE IF EXISTS `product_attributes`;
/*!40101 SET @saved_cs_client     = @@character_set_client */;
/*!50503 SET character_set_client = utf8mb4 */;
CREATE TABLE `product_attributes` (
  `id` char(36) COLLATE utf8mb4_unicode_ci NOT NULL,
  `name` text COLLATE utf8mb4_unicode_ci NOT NULL,
  `slug` varchar(255) COLLATE utf8mb4_unicode_ci NOT NULL,
  `type` tinyint NOT NULL DEFAULT '1',
  `image` json DEFAULT NULL,
  `enabled` tinyint(1) NOT NULL DEFAULT '1',
  `deleted_at` timestamp NULL DEFAULT NULL,
  `created_at` timestamp NULL DEFAULT NULL,
  `updated_at` timestamp NULL DEFAULT NULL,
  PRIMARY KEY (`id`)
) ENGINE=InnoDB DEFAULT CHARSET=utf8mb4 COLLATE=utf8mb4_unicode_ci;
/*!40101 SET character_set_client = @saved_cs_client */;

--
-- Dumping data for table `product_attributes`
--

LOCK TABLES `product_attributes` WRITE;
/*!40000 ALTER TABLE `product_attributes` DISABLE KEYS */;
INSERT INTO `product_attributes` VALUES ('9c4273e3-8bc4-4943-9d64-70de63123808','{\"de\":\"Gr\\u00f6\\u00dfe\",\"fr\":\"Taille\",\"en\":\"Size\"}','size-1',1,'{\"url\": \"https://shoptopus.test/sample-store-data/sample-store-1/attribute-size.jpg\", \"file_name\": \"attribute-size.jpg\"}',1,NULL,'2024-06-11 07:51:00','2024-06-11 07:51:00'),('9c4273e3-c914-4f7b-b8f5-45bf06c886c8','{\"de\":\"Material\",\"fr\":\"Mat\\u00e9riel\",\"en\":\"Material\"}','material-1',2,'{\"url\": \"https://shoptopus.test/sample-store-data/sample-store-1/attribute-material.jpg\", \"file_name\": \"attribute-material.jpg\"}',1,NULL,'2024-06-11 07:51:00','2024-06-11 07:51:00'),('9c4273e4-0471-4153-88fa-c949ab516ced','{\"de\":\"Farbe\",\"fr\":\"Couleur\",\"en\":\"Colour\"}','colour-1',3,'{\"url\": \"https://shoptopus.test/sample-store-data/sample-store-1/attribute-colour.jpg\", \"file_name\": \"attribute-colour.jpg\"}',1,NULL,'2024-06-11 07:51:00','2024-06-11 07:51:00');
/*!40000 ALTER TABLE `product_attributes` ENABLE KEYS */;
UNLOCK TABLES;

--
-- Table structure for table `product_categories`
--

DROP TABLE IF EXISTS `product_categories`;
/*!40101 SET @saved_cs_client     = @@character_set_client */;
/*!50503 SET character_set_client = utf8mb4 */;
CREATE TABLE `product_categories` (
  `id` char(36) COLLATE utf8mb4_unicode_ci NOT NULL,
  `parent_id` char(36) COLLATE utf8mb4_unicode_ci DEFAULT NULL,
  `name` text COLLATE utf8mb4_unicode_ci NOT NULL,
  `slug` varchar(255) COLLATE utf8mb4_unicode_ci NOT NULL,
  `description` text COLLATE utf8mb4_unicode_ci NOT NULL,
  `menu_image` json DEFAULT NULL,
  `header_image` json DEFAULT NULL,
  `enabled` tinyint(1) NOT NULL DEFAULT '1',
  `deleted_at` timestamp NULL DEFAULT NULL,
  `created_at` timestamp NULL DEFAULT NULL,
  `updated_at` timestamp NULL DEFAULT NULL,
  PRIMARY KEY (`id`),
  KEY `product_categories_parent_id_foreign` (`parent_id`),
  CONSTRAINT `product_categories_parent_id_foreign` FOREIGN KEY (`parent_id`) REFERENCES `product_categories` (`id`) ON DELETE SET NULL
) ENGINE=InnoDB DEFAULT CHARSET=utf8mb4 COLLATE=utf8mb4_unicode_ci;
/*!40101 SET character_set_client = @saved_cs_client */;

--
-- Dumping data for table `product_categories`
--

LOCK TABLES `product_categories` WRITE;
/*!40000 ALTER TABLE `product_categories` DISABLE KEYS */;
INSERT INTO `product_categories` VALUES ('9c4273ce-d0f2-4608-8c2e-3a71abfc2592',NULL,'{\"de\":\"Kleidung\",\"fr\":\"V\\u00eatements\",\"en\":\"Clothing\"}','clothing-1','{\"de\":\"Kleidung f\\u00fcr alle Gelegenheiten\",\"fr\":\"Des v\\u00eatements pour toutes les occasions\",\"en\":\"Clothing for all occasions\"}','{\"url\": \"https://shoptopus.test/sample-store-data/sample-store-1/category-clothing-menu-image.jpg\", \"file_name\": \"category-clothing-menu-image.jpg\"}','{\"url\": \"https://shoptopus.test/sample-store-data/sample-store-1/category-clothing-header-image.jpg\", \"file_name\": \"category-clothing-header-image.jpg\"}',1,NULL,'2024-06-11 07:50:46','2024-06-11 07:50:47'),('9c4273cf-837d-4271-b297-2f4b48ffd5c3','9c4273ce-d0f2-4608-8c2e-3a71abfc2592','{\"de\":\"Damenbekleidung\",\"fr\":\"V\\u00eatements pour dames\",\"en\":\"Ladies clothing\"}','womans-clothing-1','{\"de\":\"Alles von Blusen, R\\u00f6cken, Tops und allem\",\"fr\":\"Tout, des chemisiers, jupes, hauts et tout\",\"en\":\"Everything from blouses, skirts, tops and all\"}','{\"url\": \"https://shoptopus.test/sample-store-data/sample-store-1/category-ladies-clothing-menu-image.jpg\", \"file_name\": \"category-ladies-clothing-menu-image.jpg\"}','{\"url\": \"https://shoptopus.test/sample-store-data/sample-store-1/category-ladies-clothing-header-image.jpg\", \"file_name\": \"category-ladies-clothing-header-image.jpg\"}',1,NULL,'2024-06-11 07:50:47','2024-06-11 07:50:47'),('9c4273d0-3760-48fe-b39f-f4f4f6085fa1','9c4273cf-837d-4271-b297-2f4b48ffd5c3','{\"de\":\"Polo-Shirts\",\"fr\":\"Polos\",\"en\":\"Polo shirts\"}','womans-polo-shirts-1','{\"de\":\"Gro\\u00dfe Auswahl an Poloshirts\",\"fr\":\"Large choix de polos\",\"en\":\"Wide selection of polo shirts\"}','{\"url\": \"https://shoptopus.test/sample-store-data/sample-store-1/category-ladies-polo-shirts-menu-image.jpg\", \"file_name\": \"category-ladies-polo-shirts-menu-image.jpg\"}','{\"url\": \"https://shoptopus.test/sample-store-data/sample-store-1/category-ladies-polo-shirts-header-image.jpg\", \"file_name\": \"category-ladies-polo-shirts-header-image.jpg\"}',1,NULL,'2024-06-11 07:50:47','2024-06-11 07:50:48'),('9c4273d0-ce0b-4575-a433-66d9eaca4172','9c4273cf-837d-4271-b297-2f4b48ffd5c3','{\"de\":\"die R\\u00f6cke\",\"fr\":\"Jupes\",\"en\":\"Skirts\"}','womans-skirts-1','{\"de\":\"Gro\\u00dfe Auswahl an R\\u00f6cken\",\"fr\":\"Large choix de jupes\",\"en\":\"Wide selection of skirts\"}','{\"url\": \"https://shoptopus.test/sample-store-data/sample-store-1/category-ladies-skirts-menu-image.jpg\", \"file_name\": \"category-ladies-skirts-menu-image.jpg\"}','{\"url\": \"https://shoptopus.test/sample-store-data/sample-store-1/category-ladies-skirts-header-image.jpg\", \"file_name\": \"category-ladies-skirts-header-image.jpg\"}',1,NULL,'2024-06-11 07:50:48','2024-06-11 07:50:48'),('9c4273d1-7e99-42e4-855e-2bd5654636f6','9c4273cf-837d-4271-b297-2f4b48ffd5c3','{\"de\":\"Pullover\",\"fr\":\"Pulls\",\"en\":\"Jumpers\"}','womans-jumpers-1','{\"de\":\"Gro\\u00dfe Auswahl an Pullovern\",\"fr\":\"Large choix de pulls\",\"en\":\"Wide selection of jumpers\"}','{\"url\": \"https://shoptopus.test/sample-store-data/sample-store-1/category-ladies-jumpers-menu-image.jpg\", \"file_name\": \"category-ladies-jumpers-menu-image.jpg\"}','{\"url\": \"https://shoptopus.test/sample-store-data/sample-store-1/category-ladies-jumpers-header-image.jpg\", \"file_name\": \"category-ladies-jumpers-header-image.jpg\"}',1,NULL,'2024-06-11 07:50:48','2024-06-11 07:50:48'),('9c4273d2-0ea8-4088-84e5-0cf255cb651e','9c4273cf-837d-4271-b297-2f4b48ffd5c3','{\"de\":\"Hose\",\"fr\":\"Pantalon\",\"en\":\"Trousers\"}','womans-trousers-1','{\"de\":\"Gro\\u00dfe Auswahl an Hosen\",\"fr\":\"Large choix de pantalons\",\"en\":\"Wide selection of trousers\"}','{\"url\": \"https://shoptopus.test/sample-store-data/sample-store-1/category-ladies-trousers-menu-image.jpg\", \"file_name\": \"category-ladies-trousers-menu-image.jpg\"}','{\"url\": \"https://shoptopus.test/sample-store-data/sample-store-1/category-ladies-trousers-header-image.jpg\", \"file_name\": \"category-ladies-trousers-header-image.jpg\"}',1,NULL,'2024-06-11 07:50:48','2024-06-11 07:50:49'),('9c4273d2-9d81-477d-b2ab-46bd74a10b34','9c4273cf-837d-4271-b297-2f4b48ffd5c3','{\"de\":\"Socken\",\"fr\":\"Chaussettes\",\"en\":\"Socks\"}','womans-socks-1','{\"de\":\"Gro\\u00dfe Auswahl an Socken\",\"fr\":\"Large choix de chaussettes\",\"en\":\"Wide selection of socks\"}','{\"url\": \"https://shoptopus.test/sample-store-data/sample-store-1/category-ladies-socks-menu-image.jpg\", \"file_name\": \"category-ladies-socks-menu-image.jpg\"}','{\"url\": \"https://shoptopus.test/sample-store-data/sample-store-1/category-ladies-socks-header-image.jpg\", \"file_name\": \"category-ladies-socks-header-image.jpg\"}',1,NULL,'2024-06-11 07:50:49','2024-06-11 07:50:49'),('9c4273d3-50be-409e-be38-bd3e52714df8','9c4273ce-d0f2-4608-8c2e-3a71abfc2592','{\"de\":\"M\\u00e4nnerkleidung\",\"fr\":\"V\\u00eatements pour hommes\",\"en\":\"Men\'s clothing\"}','mens-clothing-1','{\"de\":\"Alles von Anz\\u00fcgen, Krawatten, Hosen und allem\",\"fr\":\"Tout, des costumes, cravates, pantalons et tout\",\"en\":\"Everything from suits, ties, trousers and all\"}','{\"url\": \"https://shoptopus.test/sample-store-data/sample-store-1/category-mens-clothing-menu-image.jpg\", \"file_name\": \"category-mens-clothing-menu-image.jpg\"}','{\"url\": \"https://shoptopus.test/sample-store-data/sample-store-1/category-mens-clothing-header-image.jpg\", \"file_name\": \"category-mens-clothing-header-image.jpg\"}',1,NULL,'2024-06-11 07:50:49','2024-06-11 07:50:50'),('9c4273d3-e37c-41b5-a040-97fc3c086f9c','9c4273d3-50be-409e-be38-bd3e52714df8','{\"de\":\"T-Shirts\",\"fr\":\"T-shirts\",\"en\":\"T-shirts\"}','mens-t-shirts-1','{\"de\":\"Gro\\u00dfe Auswahl an T-Shirts\",\"fr\":\"Large choix de tee-shirts\",\"en\":\"Wide selection of t-shirts\"}','{\"url\": \"https://shoptopus.test/sample-store-data/sample-store-1/category-mens-t-shirts-menu-image.jpg\", \"file_name\": \"category-mens-t-shirts-menu-image.jpg\"}','{\"url\": \"https://shoptopus.test/sample-store-data/sample-store-1/category-mens-t-shirts-header-image.jpg\", \"file_name\": \"category-mens-t-shirts-header-image.jpg\"}',1,NULL,'2024-06-11 07:50:50','2024-06-11 07:50:50'),('9c4273d4-8e80-4a0b-9059-b46ae62936e8','9c4273d3-50be-409e-be38-bd3e52714df8','{\"de\":\"Hemden\",\"fr\":\"Chemises\",\"en\":\"Shirts\"}','mens-shirts-1','{\"de\":\"Gro\\u00dfe Auswahl an Hemden\",\"fr\":\"Large choix de chemises\",\"en\":\"Wide selection of shirts\"}','{\"url\": \"https://shoptopus.test/sample-store-data/sample-store-1/category-mens-shirts-menu-image.jpg\", \"file_name\": \"category-mens-shirts-menu-image.jpg\"}','{\"url\": \"https://shoptopus.test/sample-store-data/sample-store-1/category-mens-shirts-header-image.jpg\", \"file_name\": \"category-mens-shirts-header-image.jpg\"}',1,NULL,'2024-06-11 07:50:50','2024-06-11 07:50:50'),('9c4273d5-276f-4f9a-8b27-9a351bfc0c14','9c4273d3-50be-409e-be38-bd3e52714df8','{\"de\":\"Pullover\",\"fr\":\"Pulls\",\"en\":\"Jumpers\"}','mens-jumpers-1','{\"de\":\"Gro\\u00dfe Auswahl an Pullovern\",\"fr\":\"Large choix de pulls\",\"en\":\"Wide selection of jumpers\"}','{\"url\": \"https://shoptopus.test/sample-store-data/sample-store-1/category-mens-jumpers-menu-image.jpg\", \"file_name\": \"category-mens-jumpers-menu-image.jpg\"}','{\"url\": \"https://shoptopus.test/sample-store-data/sample-store-1/category-mens-jumpers-header-image.jpg\", \"file_name\": \"category-mens-jumpers-header-image.jpg\"}',1,NULL,'2024-06-11 07:50:50','2024-06-11 07:50:51'),('9c4273d5-ba29-4939-ba06-723d0a52eb2d','9c4273d3-50be-409e-be38-bd3e52714df8','{\"de\":\"Hose\",\"fr\":\"Pantalon\",\"en\":\"Trousers\"}','mens-trousers-1','{\"de\":\"Gro\\u00dfe Auswahl an Hosen\",\"fr\":\"Large choix de pantalons\",\"en\":\"Wide selection of trousers\"}','{\"url\": \"https://shoptopus.test/sample-store-data/sample-store-1/category-mens-trousers-menu-image.jpg\", \"file_name\": \"category-mens-trousers-menu-image.jpg\"}','{\"url\": \"https://shoptopus.test/sample-store-data/sample-store-1/category-mens-trousers-header-image.jpg\", \"file_name\": \"category-mens-trousers-header-image.jpg\"}',1,NULL,'2024-06-11 07:50:51','2024-06-11 07:50:51'),('9c4273d6-6684-4862-bc9a-48b64902ebff','9c4273d3-50be-409e-be38-bd3e52714df8','{\"de\":\"Socken\",\"fr\":\"Chaussettes\",\"en\":\"Socks\"}','mens-socks-1','{\"de\":\"Gro\\u00dfe Auswahl an Socken\",\"fr\":\"Large choix de chaussettes\",\"en\":\"Wide selection of socks\"}','{\"url\": \"https://shoptopus.test/sample-store-data/sample-store-1/category-mens-socks-menu-image.jpg\", \"file_name\": \"category-mens-socks-menu-image.jpg\"}','{\"url\": \"https://shoptopus.test/sample-store-data/sample-store-1/category-ladies-socks-header-image.jpg\", \"file_name\": \"category-mens-socks-header-image.jpg\"}',1,NULL,'2024-06-11 07:50:51','2024-06-11 07:50:52'),('9c4273d6-f7d9-4174-9abe-ff42dbb4ee31',NULL,'{\"de\":\"Schuhwerk\",\"fr\":\"Chaussure\",\"en\":\"Footwear\"}','footwear-1','{\"de\":\"Schuhe f\\u00fcr alle Gelegenheiten und Zwecke\",\"fr\":\"Des chaussures pour toutes les occasions et tous les usages\",\"en\":\"Footwear for all occasions and purposes\"}','{\"url\": \"https://shoptopus.test/sample-store-data/sample-store-1/category-footwear-menu-image.jpg\", \"file_name\": \"category-footwear-menu-image.jpg\"}','{\"url\": \"https://shoptopus.test/sample-store-data/sample-store-1/category-footwear-header-image.jpg\", \"file_name\": \"category-footwear-header-image.jpg\"}',1,NULL,'2024-06-11 07:50:52','2024-06-11 07:50:52'),('9c4273d7-e59a-4ed8-aee9-ded76881f1d6','9c4273d6-f7d9-4174-9abe-ff42dbb4ee31','{\"de\":\"Damenschuhe\",\"fr\":\"Chaussures pour dames\",\"en\":\"Ladies footwear\"}','womans-footwear-1','{\"de\":\"Schicke Schuhe, Pantoffeln und alles dazwischen\",\"fr\":\"Chaussures fantaisie, pantoufles et tout le reste\",\"en\":\"Fancy shoes, slippers and everything in-between\"}','{\"url\": \"https://shoptopus.test/sample-store-data/sample-store-1/category-ladies-footwear-menu-image.jpg\", \"file_name\": \"category-ladies-footwear-menu-image.jpg\"}','{\"url\": \"https://shoptopus.test/sample-store-data/sample-store-1/category-ladies-footwear-header-image.jpg\", \"file_name\": \"category-ladies-footwear-header-image.jpg\"}',1,NULL,'2024-06-11 07:50:52','2024-06-11 07:50:53'),('9c4273d8-77ec-48e7-9b16-da1470adae21','9c4273d7-e59a-4ed8-aee9-ded76881f1d6','{\"de\":\"Turnschuhe\",\"fr\":\"Baskets\",\"en\":\"Sneakers\"}','womans-footwear-sneakers-1','{\"de\":\"Gro\\u00dfe Auswahl an Sneakern verf\\u00fcgbar\",\"fr\":\"Large choix si baskets disponibles\",\"en\":\"Wide selection if sneakers available\"}','{\"url\": \"https://shoptopus.test/sample-store-data/sample-store-1/category-ladies-sneakers-menu-image.jpg\", \"file_name\": \"category-ladies-sneakers-menu-image.jpg\"}','{\"url\": \"https://shoptopus.test/sample-store-data/sample-store-1/category-ladies-sneakers-header-image.jpg\", \"file_name\": \"category-ladies-sneakers-header-image.jpg\"}',1,NULL,'2024-06-11 07:50:53','2024-06-11 07:50:53'),('9c4273d9-14bb-4cfc-8b2d-30f41ce4427f','9c4273d7-e59a-4ed8-aee9-ded76881f1d6','{\"de\":\"Sandalen\",\"fr\":\"Des sandales\",\"en\":\"Sandals\"}','womans-footwear-sandals-1','{\"de\":\"Gro\\u00dfe Auswahl an Sandalen verf\\u00fcgbar\",\"fr\":\"Large choix si sandales disponibles\",\"en\":\"Wide selection if sandals available\"}','{\"url\": \"https://shoptopus.test/sample-store-data/sample-store-1/category-ladies-sandals-menu-image.jpg\", \"file_name\": \"category-ladies-sandals-menu-image.jpg\"}','{\"url\": \"https://shoptopus.test/sample-store-data/sample-store-1/category-ladies-sandals-header-image.jpg\", \"file_name\": \"category-ladies-sandals-header-image.jpg\"}',1,NULL,'2024-06-11 07:50:53','2024-06-11 07:50:53'),('9c4273d9-b560-44c5-92f5-b61196971818','9c4273d7-e59a-4ed8-aee9-ded76881f1d6','{\"de\":\"Stiefel\",\"fr\":\"Bottes\",\"en\":\"Boots\"}','womans-footwear-boots-1','{\"de\":\"Gro\\u00dfe Auswahl an Stiefeln verf\\u00fcgbar\",\"fr\":\"Large choix si bottes disponibles\",\"en\":\"Wide selection if boots available\"}','{\"url\": \"https://shoptopus.test/sample-store-data/sample-store-1/category-ladies-boots-menu-image.jpg\", \"file_name\": \"category-ladies-boots-menu-image.jpg\"}','{\"url\": \"https://shoptopus.test/sample-store-data/sample-store-1/category-ladies-boots-header-image.jpg\", \"file_name\": \"category-ladies-boots-header-image.jpg\"}',1,NULL,'2024-06-11 07:50:53','2024-06-11 07:50:54'),('9c4273da-4de7-4c38-9f71-5bbdd751891b','9c4273d7-e59a-4ed8-aee9-ded76881f1d6','{\"de\":\"Plateauschuhe\",\"fr\":\"Chaussures \\u00e0 semelles compens\\u00e9es\",\"en\":\"Platform Shoes\"}','womans-footwear-platform-shoes-1','{\"de\":\"Gro\\u00dfe Auswahl an Plateauschuhen erh\\u00e4ltlich\",\"fr\":\"Large choix si chaussures \\u00e0 plateforme disponibles\",\"en\":\"Wide selection if platform shoes available\"}','{\"url\": \"https://shoptopus.test/sample-store-data/sample-store-1/category-ladies-platform-shoes-menu-image.jpg\", \"file_name\": \"category-ladies-platform-shoes-menu-image.jpg\"}','{\"url\": \"https://shoptopus.test/sample-store-data/sample-store-1/category-ladies-platform-shoes-header-image.jpg\", \"file_name\": \"category-ladies-platform-shoes-header-image.jpg\"}',1,NULL,'2024-06-11 07:50:54','2024-06-11 07:50:54'),('9c4273da-f9f5-4412-8c45-ef0470c31878','9c4273d6-f7d9-4174-9abe-ff42dbb4ee31','{\"de\":\"Herrenschuhe\",\"fr\":\"Chaussures pour hommes\",\"en\":\"Men\'s footwear\"}','mens-footwear-1','{\"de\":\"Schicke Schuhe, Pantoffeln und alles dazwischen\",\"fr\":\"Chaussures fantaisie, pantoufles et tout le reste\",\"en\":\"Fancy shoes, slippers and everything in-between\"}','{\"url\": \"https://shoptopus.test/sample-store-data/sample-store-1/category-mens-footwear-menu-image.jpg\", \"file_name\": \"category-mens-footwear-menu-image.jpg\"}','{\"url\": \"https://shoptopus.test/sample-store-data/sample-store-1/category-mens-footwear-header-image.jpg\", \"file_name\": \"category-mens-footwear-header-image.jpg\"}',1,NULL,'2024-06-11 07:50:54','2024-06-11 07:50:55'),('9c4273db-95e9-441c-b0de-6f09d2f8ca7a','9c4273da-f9f5-4412-8c45-ef0470c31878','{\"de\":\"Halbschuhe\",\"fr\":\"Fl\\u00e2neurs\",\"en\":\"Loafers\"}','mens-footwear-loafers-1','{\"de\":\"Gro\\u00dfe Auswahl an Slippern\",\"fr\":\"Large choix si mocassins disponibles\",\"en\":\"Wide selection if loafers available\"}','{\"url\": \"https://shoptopus.test/sample-store-data/sample-store-1/category-mens-loafers-menu-image.jpg\", \"file_name\": \"category-mens-loafers-menu-image.jpg\"}','{\"url\": \"https://shoptopus.test/sample-store-data/sample-store-1/category-mens-loafers-header-image.jpg\", \"file_name\": \"category-mens-loafers-header-image.jpg\"}',1,NULL,'2024-06-11 07:50:55','2024-06-11 07:50:55'),('9c4273dc-2539-4d69-b239-946eef9384af','9c4273da-f9f5-4412-8c45-ef0470c31878','{\"de\":\"Turnschuhe\",\"fr\":\"Baskets\",\"en\":\"Sneakers\"}','mens-footwear-sneakers-1','{\"de\":\"Gro\\u00dfe Auswahl an Sneakern verf\\u00fcgbar\",\"fr\":\"Large choix si baskets disponibles\",\"en\":\"Wide selection if sneakers available\"}','{\"url\": \"https://shoptopus.test/sample-store-data/sample-store-1/category-mens-sneakers-menu-image.jpg\", \"file_name\": \"category-mens-sneakers-menu-image.jpg\"}','{\"url\": \"https://shoptopus.test/sample-store-data/sample-store-1/category-mens-sneakers-header-image.jpg\", \"file_name\": \"category-mens-sneakers-header-image.jpg\"}',1,NULL,'2024-06-11 07:50:55','2024-06-11 07:50:55'),('9c4273dc-cd98-4151-a556-f0593a79ae35','9c4273da-f9f5-4412-8c45-ef0470c31878','{\"de\":\"Sandale\",\"fr\":\"Sandale\",\"en\":\"Sandal\"}','mens-footwear-sandals-1','{\"de\":\"Gro\\u00dfe Auswahl an Sandalen verf\\u00fcgbar\",\"fr\":\"Large choix si sandales disponibles\",\"en\":\"Wide selection if sandals available\"}','{\"url\": \"https://shoptopus.test/sample-store-data/sample-store-1/category-mens-sandals-menu-image.jpg\", \"file_name\": \"category-mens-sandals-menu-image.jpg\"}','{\"url\": \"https://shoptopus.test/sample-store-data/sample-store-1/category-mens-sandals-header-image.jpg\", \"file_name\": \"category-mens-sandals-header-image.jpg\"}',1,NULL,'2024-06-11 07:50:55','2024-06-11 07:50:56'),('9c4273dd-7ad8-47b7-b295-cc6e55e621b1','9c4273da-f9f5-4412-8c45-ef0470c31878','{\"de\":\"Stiefel\",\"fr\":\"Bottes\",\"en\":\"Boots\"}','mens-footwear-boots-1','{\"de\":\"Gro\\u00dfe Auswahl an Stiefeln verf\\u00fcgbar\",\"fr\":\"Large choix si bottes disponibles\",\"en\":\"Wide selection if boots available\"}','{\"url\": \"https://shoptopus.test/sample-store-data/sample-store-1/category-mens-boots-menu-image.jpg\", \"file_name\": \"category-mens-boots-menu-image.jpg\"}','{\"url\": \"https://shoptopus.test/sample-store-data/sample-store-1/category-mens-boots-header-image.jpg\", \"file_name\": \"category-mens-boots-header-image.jpg\"}',1,NULL,'2024-06-11 07:50:56','2024-06-11 07:50:56'),('9c4273de-29fd-4722-af58-60341e64974f',NULL,'{\"de\":\"Zubeh\\u00f6r\",\"fr\":\"Accessoires\",\"en\":\"Accessories\"}','accessories-1','{\"de\":\"Von Sonnenbrillen bis Schmuck \\u2013 bei uns sind Sie an der richtigen Adresse\",\"fr\":\"Des lunettes de soleil aux bijoux, nous avons ce qu&#39;il vous faut\",\"en\":\"From sunglasses to jewellery we got you covered\"}','{\"url\": \"https://shoptopus.test/sample-store-data/sample-store-1/category-accessories-menu-image.jpg\", \"file_name\": \"category-accessories-menu-image.jpg\"}','{\"url\": \"https://shoptopus.test/sample-store-data/sample-store-1/category-accessories-header-image.jpg\", \"file_name\": \"category-accessories-header-image.jpg\"}',1,NULL,'2024-06-11 07:50:56','2024-06-11 07:50:57'),('9c4273de-e51a-41d4-9c8a-99550aa95db5','9c4273de-29fd-4722-af58-60341e64974f','{\"de\":\"Damen Accessoires\",\"fr\":\"Accessoires dames\",\"en\":\"Ladies accessories\"}','womans-accessories-1','{\"de\":\"Schmuck, Sonnenbrillen, H\\u00fcte, Schals und mehr ...\",\"fr\":\"Bijoux, lunettes de soleil, chapeaux, \\u00e9charpes et bien plus encore...\",\"en\":\"Jewellery, sunglasses, hats, scarves and more...\"}','{\"url\": \"https://shoptopus.test/sample-store-data/sample-store-1/category-ladies-accessories-menu-image.jpg\", \"file_name\": \"category-ladies-accessories-menu-image.jpg\"}','{\"url\": \"https://shoptopus.test/sample-store-data/sample-store-1/category-ladies-accessories-header-image.jpg\", \"file_name\": \"category-ladies-accessories-header-image.jpg\"}',1,NULL,'2024-06-11 07:50:57','2024-06-11 07:50:57'),('9c4273df-807b-417a-8e84-9dea4286f018','9c4273de-e51a-41d4-9c8a-99550aa95db5','{\"de\":\"Sonnenbrille\",\"fr\":\"Des lunettes de soleil\",\"en\":\"Sunglasses\"}','womans-accessories-sunglasses-1','{\"de\":\"Sch\\u00fctzen Sie Ihre Augen und seien Sie stilvoll\",\"fr\":\"Prot\\u00e9gez vos yeux et soyez \\u00e9l\\u00e9gant\",\"en\":\"Protect your eyes and be stylish\"}','{\"url\": \"https://shoptopus.test/sample-store-data/sample-store-1/category-ladies-sunglasses-menu-image.jpg\", \"file_name\": \"category-ladies-sunglasses-menu-image.jpg\"}','{\"url\": \"https://shoptopus.test/sample-store-data/sample-store-1/category-ladies-sunglasses-header-image.jpg\", \"file_name\": \"category-ladies-sunglasses-header-image.jpg\"}',1,NULL,'2024-06-11 07:50:57','2024-06-11 07:50:58'),('9c4273e0-0ba5-4e34-bb76-9df148f521f6','9c4273de-e51a-41d4-9c8a-99550aa95db5','{\"de\":\"Schmuck\",\"fr\":\"Bijoux\",\"en\":\"Jewellery\"}','womans-accessories-jewellery-1','{\"de\":\"Wundersch\\u00f6nes Schmucksortiment der gr\\u00f6\\u00dften Marken\",\"fr\":\"Belle gamme de bijoux des plus grandes marques\",\"en\":\"Beautiful range of jewellery from the largest brands\"}','{\"url\": \"https://shoptopus.test/sample-store-data/sample-store-1/category-ladies-jewellery-menu-image.jpg\", \"file_name\": \"category-ladies-jewellery-menu-image.jpg\"}','{\"url\": \"https://shoptopus.test/sample-store-data/sample-store-1/category-ladies-jewellery-header-image.jpg\", \"file_name\": \"category-ladies-jewellery-header-image.jpg\"}',1,NULL,'2024-06-11 07:50:58','2024-06-11 07:50:58'),('9c4273e0-96da-4d0a-acf7-c6b0ce64e2f9','9c4273de-e51a-41d4-9c8a-99550aa95db5','{\"de\":\"H\\u00fcte\",\"fr\":\"Chapeaux\",\"en\":\"Hats\"}','womans-accessories-hats-1','{\"de\":\"Finden Sie den Hut, mit dem Sie sich besonders f\\u00fchlen!\",\"fr\":\"Trouvez le chapeau qui vous fait sentir sp\\u00e9cial !\",\"en\":\"Find the hat that makes you feel special!\"}','{\"url\": \"https://shoptopus.test/sample-store-data/sample-store-1/category-ladies-hats-menu-image.jpg\", \"file_name\": \"category-ladies-hats-menu-image.jpg\"}','{\"url\": \"https://shoptopus.test/sample-store-data/sample-store-1/category-ladies-hats-header-image.jpg\", \"file_name\": \"category-ladies-hats-header-image.jpg\"}',1,NULL,'2024-06-11 07:50:58','2024-06-11 07:50:58'),('9c4273e1-3caf-4182-b0f6-6b0eea4e9570','9c4273de-29fd-4722-af58-60341e64974f','{\"de\":\"Herren Accessoires\",\"fr\":\"Accessoires pour hommes\",\"en\":\"Mens accessories\"}','mens-accessories-1','{\"de\":\"Schmuck, Sonnenbrillen, H\\u00fcte, Schals, Krawatten und mehr ...\",\"fr\":\"Bijoux, lunettes de soleil, chapeaux, foulards, cravates et plus encore...\",\"en\":\"Jewellery, sunglasses, hats, scarves, ties and more...\"}','{\"url\": \"https://shoptopus.test/sample-store-data/sample-store-1/category-mens-accessories-menu-image.jpg\", \"file_name\": \"category-mens-accessories-menu-image.jpg\"}','{\"url\": \"https://shoptopus.test/sample-store-data/sample-store-1/category-mens-accessories-header-image.jpg\", \"file_name\": \"category-mens-accessories-header-image.jpg\"}',1,NULL,'2024-06-11 07:50:58','2024-06-11 07:50:59'),('9c4273e1-ebfb-463d-8079-62442641f125','9c4273e1-3caf-4182-b0f6-6b0eea4e9570','{\"de\":\"Sonnenbrille\",\"fr\":\"Des lunettes de soleil\",\"en\":\"Sunglasses\"}','mens-accessories-sunglasses-1','{\"de\":\"Sch\\u00fctzen Sie Ihre Augen und bleiben Sie cool\",\"fr\":\"Prot\\u00e9gez vos yeux et soyez cool\",\"en\":\"Protect your eyes and be cool\"}','{\"url\": \"https://shoptopus.test/sample-store-data/sample-store-1/category-mens-sunglasses-menu-image.jpg\", \"file_name\": \"category-mens-sunglasses-menu-image.jpg\"}','{\"url\": \"https://shoptopus.test/sample-store-data/sample-store-1/category-mens-sunglasses-header-image.jpg\", \"file_name\": \"category-mens-sunglasses-header-image.jpg\"}',1,NULL,'2024-06-11 07:50:59','2024-06-11 07:50:59'),('9c4273e2-98c3-4d95-ab79-a20b9f15c9e5','9c4273e1-3caf-4182-b0f6-6b0eea4e9570','{\"de\":\"Schmuck\",\"fr\":\"Bijoux\",\"en\":\"Jewellery\"}','mens-accessories-jewellery-1','{\"de\":\"Wundersch\\u00f6nes Schmucksortiment der gr\\u00f6\\u00dften Marken\",\"fr\":\"Belle gamme de bijoux des plus grandes marques\",\"en\":\"Beautiful range of jewellery from the largest brands\"}','{\"url\": \"https://shoptopus.test/sample-store-data/sample-store-1/category-mens-jewellery-menu-image.jpg\", \"file_name\": \"category-mens-jewellery-menu-image.jpg\"}','{\"url\": \"https://shoptopus.test/sample-store-data/sample-store-1/category-mens-jewellery-header-image.jpg\", \"file_name\": \"category-mens-jewellery-header-image.jpg\"}',1,NULL,'2024-06-11 07:50:59','2024-06-11 07:51:00'),('9c4273e3-4b0e-444a-b8c7-2678868fb2a2','9c4273e1-3caf-4182-b0f6-6b0eea4e9570','{\"de\":\"Krawatten\",\"fr\":\"Cravates\",\"en\":\"Ties\"}','mens-accessories-ties-1','{\"de\":\"Finden Sie die Krawatte, mit der Sie sich besonders f\\u00fchlen!\",\"fr\":\"Trouvez la cravate qui vous fait sentir sp\\u00e9ciale !\",\"en\":\"Find the tie that makes you feel special!\"}','{\"url\": \"https://shoptopus.test/sample-store-data/sample-store-1/category-mens-ties-menu-image.jpg\", \"file_name\": \"category-mens-ties-menu-image.jpg\"}','{\"url\": \"https://shoptopus.test/sample-store-data/sample-store-1/category-mens-ties-header-image.jpg\", \"file_name\": \"category-mens-ties-header-image.jpg\"}',1,NULL,'2024-06-11 07:51:00','2024-06-11 07:51:00');
/*!40000 ALTER TABLE `product_categories` ENABLE KEYS */;
UNLOCK TABLES;

--
-- Table structure for table `product_product_attribute`
--

DROP TABLE IF EXISTS `product_product_attribute`;
/*!40101 SET @saved_cs_client     = @@character_set_client */;
/*!50503 SET character_set_client = utf8mb4 */;
CREATE TABLE `product_product_attribute` (
  `id` char(36) COLLATE utf8mb4_unicode_ci NOT NULL,
  `product_id` char(36) COLLATE utf8mb4_unicode_ci DEFAULT NULL,
  `product_attribute_id` char(36) COLLATE utf8mb4_unicode_ci NOT NULL,
  `product_attribute_option_id` char(36) COLLATE utf8mb4_unicode_ci DEFAULT NULL,
  PRIMARY KEY (`id`),
  UNIQUE KEY `p_a_o_id` (`product_id`,`product_attribute_id`,`product_attribute_option_id`),
  KEY `product_product_attribute_product_attribute_id_foreign` (`product_attribute_id`),
  KEY `product_product_attribute_product_attribute_option_id_foreign` (`product_attribute_option_id`),
  CONSTRAINT `product_product_attribute_product_attribute_id_foreign` FOREIGN KEY (`product_attribute_id`) REFERENCES `product_attributes` (`id`),
  CONSTRAINT `product_product_attribute_product_attribute_option_id_foreign` FOREIGN KEY (`product_attribute_option_id`) REFERENCES `product_attribute_options` (`id`),
  CONSTRAINT `product_product_attribute_product_id_foreign` FOREIGN KEY (`product_id`) REFERENCES `products` (`id`) ON DELETE CASCADE
) ENGINE=InnoDB DEFAULT CHARSET=utf8mb4 COLLATE=utf8mb4_unicode_ci;
/*!40101 SET character_set_client = @saved_cs_client */;

--
-- Dumping data for table `product_product_attribute`
--

LOCK TABLES `product_product_attribute` WRITE;
/*!40000 ALTER TABLE `product_product_attribute` DISABLE KEYS */;
/*!40000 ALTER TABLE `product_product_attribute` ENABLE KEYS */;
UNLOCK TABLES;

--
-- Table structure for table `product_product_category`
--

DROP TABLE IF EXISTS `product_product_category`;
/*!40101 SET @saved_cs_client     = @@character_set_client */;
/*!50503 SET character_set_client = utf8mb4 */;
CREATE TABLE `product_product_category` (
  `product_id` char(36) COLLATE utf8mb4_unicode_ci DEFAULT NULL,
  `product_category_id` char(36) COLLATE utf8mb4_unicode_ci NOT NULL,
  UNIQUE KEY `product_product_category_product_id_product_category_id_unique` (`product_id`,`product_category_id`),
  KEY `product_product_category_product_category_id_foreign` (`product_category_id`),
  CONSTRAINT `product_product_category_product_category_id_foreign` FOREIGN KEY (`product_category_id`) REFERENCES `product_categories` (`id`) ON DELETE CASCADE,
  CONSTRAINT `product_product_category_product_id_foreign` FOREIGN KEY (`product_id`) REFERENCES `products` (`id`) ON DELETE CASCADE
) ENGINE=InnoDB DEFAULT CHARSET=utf8mb4 COLLATE=utf8mb4_unicode_ci;
/*!40101 SET character_set_client = @saved_cs_client */;

--
-- Dumping data for table `product_product_category`
--

LOCK TABLES `product_product_category` WRITE;
/*!40000 ALTER TABLE `product_product_category` DISABLE KEYS */;
INSERT INTO `product_product_category` VALUES ('9c4273f1-08e6-4562-bf93-51a173ea9083','9c4273ce-d0f2-4608-8c2e-3a71abfc2592'),('9c4273f1-08e6-4562-bf93-51a173ea9083','9c4273d3-50be-409e-be38-bd3e52714df8'),('9c4273f1-08e6-4562-bf93-51a173ea9083','9c4273d3-e37c-41b5-a040-97fc3c086f9c'),('9c4273f3-114b-4608-94de-9ed2d0265919','9c4273ce-d0f2-4608-8c2e-3a71abfc2592'),('9c4273f3-114b-4608-94de-9ed2d0265919','9c4273d3-50be-409e-be38-bd3e52714df8'),('9c4273f3-114b-4608-94de-9ed2d0265919','9c4273d3-e37c-41b5-a040-97fc3c086f9c'),('9c4273f4-f413-4d70-b893-71a070efcbce','9c4273ce-d0f2-4608-8c2e-3a71abfc2592'),('9c4273f4-f413-4d70-b893-71a070efcbce','9c4273d3-50be-409e-be38-bd3e52714df8'),('9c4273f4-f413-4d70-b893-71a070efcbce','9c4273d3-e37c-41b5-a040-97fc3c086f9c'),('9c4273f6-c260-4e77-9cae-af165373987a','9c4273ce-d0f2-4608-8c2e-3a71abfc2592'),('9c4273f6-c260-4e77-9cae-af165373987a','9c4273d3-50be-409e-be38-bd3e52714df8'),('9c4273f6-c260-4e77-9cae-af165373987a','9c4273d4-8e80-4a0b-9059-b46ae62936e8'),('9c4273f8-a75f-43db-a321-c633be068840','9c4273ce-d0f2-4608-8c2e-3a71abfc2592'),('9c4273f8-a75f-43db-a321-c633be068840','9c4273d3-50be-409e-be38-bd3e52714df8'),('9c4273f8-a75f-43db-a321-c633be068840','9c4273d4-8e80-4a0b-9059-b46ae62936e8'),('9c4273fa-a9f5-46b3-a8b7-77e8f834ce68','9c4273ce-d0f2-4608-8c2e-3a71abfc2592'),('9c4273fa-a9f5-46b3-a8b7-77e8f834ce68','9c4273d3-50be-409e-be38-bd3e52714df8'),('9c4273fa-a9f5-46b3-a8b7-77e8f834ce68','9c4273d4-8e80-4a0b-9059-b46ae62936e8'),('9c4273fc-b26f-4f8e-b4f4-7fb01c61b469','9c4273ce-d0f2-4608-8c2e-3a71abfc2592'),('9c4273fc-b26f-4f8e-b4f4-7fb01c61b469','9c4273d3-50be-409e-be38-bd3e52714df8'),('9c4273fc-b26f-4f8e-b4f4-7fb01c61b469','9c4273d5-276f-4f9a-8b27-9a351bfc0c14'),('9c4273fe-8d04-4eef-97a6-1cb9af635256','9c4273ce-d0f2-4608-8c2e-3a71abfc2592'),('9c4273fe-8d04-4eef-97a6-1cb9af635256','9c4273d3-50be-409e-be38-bd3e52714df8'),('9c4273fe-8d04-4eef-97a6-1cb9af635256','9c4273d5-276f-4f9a-8b27-9a351bfc0c14'),('9c427400-a7c7-4057-b1be-6ed62f4c5c38','9c4273ce-d0f2-4608-8c2e-3a71abfc2592'),('9c427400-a7c7-4057-b1be-6ed62f4c5c38','9c4273d3-50be-409e-be38-bd3e52714df8'),('9c427400-a7c7-4057-b1be-6ed62f4c5c38','9c4273d5-276f-4f9a-8b27-9a351bfc0c14'),('9c427402-69ff-458e-9080-7043ee891a99','9c4273ce-d0f2-4608-8c2e-3a71abfc2592'),('9c427402-69ff-458e-9080-7043ee891a99','9c4273d3-50be-409e-be38-bd3e52714df8'),('9c427402-69ff-458e-9080-7043ee891a99','9c4273d5-ba29-4939-ba06-723d0a52eb2d'),('9c427404-73bd-45ee-b5a6-8506590cee10','9c4273ce-d0f2-4608-8c2e-3a71abfc2592'),('9c427404-73bd-45ee-b5a6-8506590cee10','9c4273d3-50be-409e-be38-bd3e52714df8'),('9c427404-73bd-45ee-b5a6-8506590cee10','9c4273d5-ba29-4939-ba06-723d0a52eb2d'),('9c427407-0bb8-4bb4-97cd-ba830bdf6728','9c4273ce-d0f2-4608-8c2e-3a71abfc2592'),('9c427407-0bb8-4bb4-97cd-ba830bdf6728','9c4273d3-50be-409e-be38-bd3e52714df8'),('9c427407-0bb8-4bb4-97cd-ba830bdf6728','9c4273d5-ba29-4939-ba06-723d0a52eb2d'),('9c427408-ebac-4870-8635-1e21ee25ac0b','9c4273ce-d0f2-4608-8c2e-3a71abfc2592'),('9c427408-ebac-4870-8635-1e21ee25ac0b','9c4273d3-50be-409e-be38-bd3e52714df8'),('9c427408-ebac-4870-8635-1e21ee25ac0b','9c4273d6-6684-4862-bc9a-48b64902ebff'),('9c42740a-d67a-48f4-9927-04e9464288f4','9c4273ce-d0f2-4608-8c2e-3a71abfc2592'),('9c42740a-d67a-48f4-9927-04e9464288f4','9c4273d3-50be-409e-be38-bd3e52714df8'),('9c42740a-d67a-48f4-9927-04e9464288f4','9c4273d6-6684-4862-bc9a-48b64902ebff'),('9c42740c-a29e-4467-bc11-b66993b6a9a3','9c4273ce-d0f2-4608-8c2e-3a71abfc2592'),('9c42740c-a29e-4467-bc11-b66993b6a9a3','9c4273d3-50be-409e-be38-bd3e52714df8'),('9c42740c-a29e-4467-bc11-b66993b6a9a3','9c4273d6-6684-4862-bc9a-48b64902ebff'),('9c42740e-6466-4f3a-9ad0-b62ebd2ac671','9c4273ce-d0f2-4608-8c2e-3a71abfc2592'),('9c42740e-6466-4f3a-9ad0-b62ebd2ac671','9c4273cf-837d-4271-b297-2f4b48ffd5c3'),('9c42740e-6466-4f3a-9ad0-b62ebd2ac671','9c4273d0-3760-48fe-b39f-f4f4f6085fa1'),('9c427410-66d7-441a-8e70-d6d91f6923bc','9c4273ce-d0f2-4608-8c2e-3a71abfc2592'),('9c427410-66d7-441a-8e70-d6d91f6923bc','9c4273cf-837d-4271-b297-2f4b48ffd5c3'),('9c427410-66d7-441a-8e70-d6d91f6923bc','9c4273d0-3760-48fe-b39f-f4f4f6085fa1'),('9c427412-529e-4ee8-8d55-0be0575239e9','9c4273ce-d0f2-4608-8c2e-3a71abfc2592'),('9c427412-529e-4ee8-8d55-0be0575239e9','9c4273cf-837d-4271-b297-2f4b48ffd5c3'),('9c427412-529e-4ee8-8d55-0be0575239e9','9c4273d0-3760-48fe-b39f-f4f4f6085fa1'),('9c427414-5cf5-480d-8324-74ea8f9e275c','9c4273ce-d0f2-4608-8c2e-3a71abfc2592'),('9c427414-5cf5-480d-8324-74ea8f9e275c','9c4273cf-837d-4271-b297-2f4b48ffd5c3'),('9c427414-5cf5-480d-8324-74ea8f9e275c','9c4273d0-ce0b-4575-a433-66d9eaca4172'),('9c427416-3a4e-455e-a179-19c5451fa787','9c4273ce-d0f2-4608-8c2e-3a71abfc2592'),('9c427416-3a4e-455e-a179-19c5451fa787','9c4273cf-837d-4271-b297-2f4b48ffd5c3'),('9c427416-3a4e-455e-a179-19c5451fa787','9c4273d0-ce0b-4575-a433-66d9eaca4172'),('9c427418-4736-4bac-99cc-ada2a171a3ae','9c4273ce-d0f2-4608-8c2e-3a71abfc2592'),('9c427418-4736-4bac-99cc-ada2a171a3ae','9c4273cf-837d-4271-b297-2f4b48ffd5c3'),('9c427418-4736-4bac-99cc-ada2a171a3ae','9c4273d0-ce0b-4575-a433-66d9eaca4172'),('9c42741a-1905-48d1-9c24-0021a2a51367','9c4273ce-d0f2-4608-8c2e-3a71abfc2592'),('9c42741a-1905-48d1-9c24-0021a2a51367','9c4273cf-837d-4271-b297-2f4b48ffd5c3'),('9c42741a-1905-48d1-9c24-0021a2a51367','9c4273d1-7e99-42e4-855e-2bd5654636f6'),('9c42741b-fbd5-4310-856c-6e9d03e2615e','9c4273ce-d0f2-4608-8c2e-3a71abfc2592'),('9c42741b-fbd5-4310-856c-6e9d03e2615e','9c4273cf-837d-4271-b297-2f4b48ffd5c3'),('9c42741b-fbd5-4310-856c-6e9d03e2615e','9c4273d1-7e99-42e4-855e-2bd5654636f6'),('9c42741d-c9a4-461c-83bb-da8fc7a45309','9c4273ce-d0f2-4608-8c2e-3a71abfc2592'),('9c42741d-c9a4-461c-83bb-da8fc7a45309','9c4273cf-837d-4271-b297-2f4b48ffd5c3'),('9c42741d-c9a4-461c-83bb-da8fc7a45309','9c4273d1-7e99-42e4-855e-2bd5654636f6'),('9c42741f-c8c5-4197-b78a-2aec13df1767','9c4273ce-d0f2-4608-8c2e-3a71abfc2592'),('9c42741f-c8c5-4197-b78a-2aec13df1767','9c4273cf-837d-4271-b297-2f4b48ffd5c3'),('9c42741f-c8c5-4197-b78a-2aec13df1767','9c4273d2-0ea8-4088-84e5-0cf255cb651e'),('9c427421-a196-4ca7-ae18-2ff4bb221591','9c4273ce-d0f2-4608-8c2e-3a71abfc2592'),('9c427421-a196-4ca7-ae18-2ff4bb221591','9c4273cf-837d-4271-b297-2f4b48ffd5c3'),('9c427421-a196-4ca7-ae18-2ff4bb221591','9c4273d2-0ea8-4088-84e5-0cf255cb651e'),('9c427423-8dc7-4a04-8a33-d838f1989a0d','9c4273ce-d0f2-4608-8c2e-3a71abfc2592'),('9c427423-8dc7-4a04-8a33-d838f1989a0d','9c4273cf-837d-4271-b297-2f4b48ffd5c3'),('9c427423-8dc7-4a04-8a33-d838f1989a0d','9c4273d2-0ea8-4088-84e5-0cf255cb651e'),('9c427425-6dfb-4e1b-911c-8a16fc149b20','9c4273ce-d0f2-4608-8c2e-3a71abfc2592'),('9c427425-6dfb-4e1b-911c-8a16fc149b20','9c4273cf-837d-4271-b297-2f4b48ffd5c3'),('9c427425-6dfb-4e1b-911c-8a16fc149b20','9c4273d2-9d81-477d-b2ab-46bd74a10b34'),('9c427427-5fa8-4839-8daf-9e78672196ad','9c4273ce-d0f2-4608-8c2e-3a71abfc2592'),('9c427427-5fa8-4839-8daf-9e78672196ad','9c4273cf-837d-4271-b297-2f4b48ffd5c3'),('9c427427-5fa8-4839-8daf-9e78672196ad','9c4273d2-9d81-477d-b2ab-46bd74a10b34'),('9c427429-4eb4-4416-a99d-1d7e587375ac','9c4273ce-d0f2-4608-8c2e-3a71abfc2592'),('9c427429-4eb4-4416-a99d-1d7e587375ac','9c4273cf-837d-4271-b297-2f4b48ffd5c3'),('9c427429-4eb4-4416-a99d-1d7e587375ac','9c4273d2-9d81-477d-b2ab-46bd74a10b34'),('9c42742b-4b68-4f6a-af3d-c719dbd717de','9c4273d6-f7d9-4174-9abe-ff42dbb4ee31'),('9c42742b-4b68-4f6a-af3d-c719dbd717de','9c4273d7-e59a-4ed8-aee9-ded76881f1d6'),('9c42742b-4b68-4f6a-af3d-c719dbd717de','9c4273d8-77ec-48e7-9b16-da1470adae21'),('9c42742d-6062-45d9-bd66-800979f535b1','9c4273d6-f7d9-4174-9abe-ff42dbb4ee31'),('9c42742d-6062-45d9-bd66-800979f535b1','9c4273d7-e59a-4ed8-aee9-ded76881f1d6'),('9c42742d-6062-45d9-bd66-800979f535b1','9c4273d8-77ec-48e7-9b16-da1470adae21'),('9c42742f-84a7-4044-93ad-c302befa0258','9c4273d6-f7d9-4174-9abe-ff42dbb4ee31'),('9c42742f-84a7-4044-93ad-c302befa0258','9c4273d7-e59a-4ed8-aee9-ded76881f1d6'),('9c42742f-84a7-4044-93ad-c302befa0258','9c4273d8-77ec-48e7-9b16-da1470adae21'),('9c427431-3343-4c53-842f-77ed317cb077','9c4273d6-f7d9-4174-9abe-ff42dbb4ee31'),('9c427431-3343-4c53-842f-77ed317cb077','9c4273d7-e59a-4ed8-aee9-ded76881f1d6'),('9c427431-3343-4c53-842f-77ed317cb077','9c4273d9-14bb-4cfc-8b2d-30f41ce4427f'),('9c427433-1e9b-4cc3-9c5d-8da2bcf59d0d','9c4273d6-f7d9-4174-9abe-ff42dbb4ee31'),('9c427433-1e9b-4cc3-9c5d-8da2bcf59d0d','9c4273d7-e59a-4ed8-aee9-ded76881f1d6'),('9c427433-1e9b-4cc3-9c5d-8da2bcf59d0d','9c4273d9-14bb-4cfc-8b2d-30f41ce4427f'),('9c427434-e614-4d37-9373-f118c3b87caa','9c4273d6-f7d9-4174-9abe-ff42dbb4ee31'),('9c427434-e614-4d37-9373-f118c3b87caa','9c4273d7-e59a-4ed8-aee9-ded76881f1d6'),('9c427434-e614-4d37-9373-f118c3b87caa','9c4273d9-14bb-4cfc-8b2d-30f41ce4427f'),('9c427436-8ecf-42ba-bf14-a29bcdd197a7','9c4273d6-f7d9-4174-9abe-ff42dbb4ee31'),('9c427436-8ecf-42ba-bf14-a29bcdd197a7','9c4273d7-e59a-4ed8-aee9-ded76881f1d6'),('9c427436-8ecf-42ba-bf14-a29bcdd197a7','9c4273d9-b560-44c5-92f5-b61196971818'),('9c427438-579b-4f07-afad-05fd1c27ccd1','9c4273d6-f7d9-4174-9abe-ff42dbb4ee31'),('9c427438-579b-4f07-afad-05fd1c27ccd1','9c4273d7-e59a-4ed8-aee9-ded76881f1d6'),('9c427438-579b-4f07-afad-05fd1c27ccd1','9c4273d9-b560-44c5-92f5-b61196971818'),('9c42743a-34af-4ae7-9298-273fbd731492','9c4273d6-f7d9-4174-9abe-ff42dbb4ee31'),('9c42743a-34af-4ae7-9298-273fbd731492','9c4273d7-e59a-4ed8-aee9-ded76881f1d6'),('9c42743a-34af-4ae7-9298-273fbd731492','9c4273d9-b560-44c5-92f5-b61196971818'),('9c42743b-e518-4ba1-917a-f5553b612d2f','9c4273d6-f7d9-4174-9abe-ff42dbb4ee31'),('9c42743b-e518-4ba1-917a-f5553b612d2f','9c4273d7-e59a-4ed8-aee9-ded76881f1d6'),('9c42743b-e518-4ba1-917a-f5553b612d2f','9c4273da-4de7-4c38-9f71-5bbdd751891b'),('9c42743d-c8b6-4f07-9d39-0ecfb4358f0e','9c4273d6-f7d9-4174-9abe-ff42dbb4ee31'),('9c42743d-c8b6-4f07-9d39-0ecfb4358f0e','9c4273d7-e59a-4ed8-aee9-ded76881f1d6'),('9c42743d-c8b6-4f07-9d39-0ecfb4358f0e','9c4273da-4de7-4c38-9f71-5bbdd751891b'),('9c42743f-a06d-48c9-ae66-fd22fcc7022b','9c4273d6-f7d9-4174-9abe-ff42dbb4ee31'),('9c42743f-a06d-48c9-ae66-fd22fcc7022b','9c4273d7-e59a-4ed8-aee9-ded76881f1d6'),('9c42743f-a06d-48c9-ae66-fd22fcc7022b','9c4273da-4de7-4c38-9f71-5bbdd751891b'),('9c427441-6d77-4a9b-b668-7906aca48814','9c4273d6-f7d9-4174-9abe-ff42dbb4ee31'),('9c427441-6d77-4a9b-b668-7906aca48814','9c4273da-f9f5-4412-8c45-ef0470c31878'),('9c427441-6d77-4a9b-b668-7906aca48814','9c4273db-95e9-441c-b0de-6f09d2f8ca7a'),('9c427443-48de-4fbb-a396-c0f3111607c8','9c4273d6-f7d9-4174-9abe-ff42dbb4ee31'),('9c427443-48de-4fbb-a396-c0f3111607c8','9c4273da-f9f5-4412-8c45-ef0470c31878'),('9c427443-48de-4fbb-a396-c0f3111607c8','9c4273db-95e9-441c-b0de-6f09d2f8ca7a'),('9c427445-10fc-4a7c-bda2-902b5b9bebed','9c4273d6-f7d9-4174-9abe-ff42dbb4ee31'),('9c427445-10fc-4a7c-bda2-902b5b9bebed','9c4273da-f9f5-4412-8c45-ef0470c31878'),('9c427445-10fc-4a7c-bda2-902b5b9bebed','9c4273db-95e9-441c-b0de-6f09d2f8ca7a'),('9c427446-c271-48cf-b751-8b51492dd566','9c4273d6-f7d9-4174-9abe-ff42dbb4ee31'),('9c427446-c271-48cf-b751-8b51492dd566','9c4273da-f9f5-4412-8c45-ef0470c31878'),('9c427446-c271-48cf-b751-8b51492dd566','9c4273dc-cd98-4151-a556-f0593a79ae35'),('9c427448-a5ad-44d0-b513-df19ec8971e3','9c4273d6-f7d9-4174-9abe-ff42dbb4ee31'),('9c427448-a5ad-44d0-b513-df19ec8971e3','9c4273da-f9f5-4412-8c45-ef0470c31878'),('9c427448-a5ad-44d0-b513-df19ec8971e3','9c4273dc-cd98-4151-a556-f0593a79ae35'),('9c42744a-dc9d-45aa-ae8c-c7450777c210','9c4273d6-f7d9-4174-9abe-ff42dbb4ee31'),('9c42744a-dc9d-45aa-ae8c-c7450777c210','9c4273da-f9f5-4412-8c45-ef0470c31878'),('9c42744a-dc9d-45aa-ae8c-c7450777c210','9c4273dc-cd98-4151-a556-f0593a79ae35'),('9c42744c-b4d2-4b9f-a7fc-b0e19bbd9207','9c4273d6-f7d9-4174-9abe-ff42dbb4ee31'),('9c42744c-b4d2-4b9f-a7fc-b0e19bbd9207','9c4273da-f9f5-4412-8c45-ef0470c31878'),('9c42744c-b4d2-4b9f-a7fc-b0e19bbd9207','9c4273dd-7ad8-47b7-b295-cc6e55e621b1'),('9c42744e-9ff3-4200-a5b9-6ae850427163','9c4273d6-f7d9-4174-9abe-ff42dbb4ee31'),('9c42744e-9ff3-4200-a5b9-6ae850427163','9c4273da-f9f5-4412-8c45-ef0470c31878'),('9c42744e-9ff3-4200-a5b9-6ae850427163','9c4273dd-7ad8-47b7-b295-cc6e55e621b1'),('9c427450-8225-4e1d-bfb7-ec4c08a908f2','9c4273d6-f7d9-4174-9abe-ff42dbb4ee31'),('9c427450-8225-4e1d-bfb7-ec4c08a908f2','9c4273da-f9f5-4412-8c45-ef0470c31878'),('9c427450-8225-4e1d-bfb7-ec4c08a908f2','9c4273dd-7ad8-47b7-b295-cc6e55e621b1'),('9c427452-8f5c-49b1-a14e-5390e66844e9','9c4273d6-f7d9-4174-9abe-ff42dbb4ee31'),('9c427452-8f5c-49b1-a14e-5390e66844e9','9c4273da-f9f5-4412-8c45-ef0470c31878'),('9c427452-8f5c-49b1-a14e-5390e66844e9','9c4273dc-2539-4d69-b239-946eef9384af'),('9c427454-4d17-4afa-ae28-7573e2e45ba0','9c4273d6-f7d9-4174-9abe-ff42dbb4ee31'),('9c427454-4d17-4afa-ae28-7573e2e45ba0','9c4273da-f9f5-4412-8c45-ef0470c31878'),('9c427454-4d17-4afa-ae28-7573e2e45ba0','9c4273dc-2539-4d69-b239-946eef9384af'),('9c427456-3187-43ce-b4ef-dca27cf76287','9c4273d6-f7d9-4174-9abe-ff42dbb4ee31'),('9c427456-3187-43ce-b4ef-dca27cf76287','9c4273da-f9f5-4412-8c45-ef0470c31878'),('9c427456-3187-43ce-b4ef-dca27cf76287','9c4273dc-2539-4d69-b239-946eef9384af'),('9c427458-13f7-447f-85bf-849553550b86','9c4273de-29fd-4722-af58-60341e64974f'),('9c427458-13f7-447f-85bf-849553550b86','9c4273de-e51a-41d4-9c8a-99550aa95db5'),('9c427458-13f7-447f-85bf-849553550b86','9c4273df-807b-417a-8e84-9dea4286f018'),('9c42745a-0892-4f60-a2e1-04860f4125cf','9c4273de-29fd-4722-af58-60341e64974f'),('9c42745a-0892-4f60-a2e1-04860f4125cf','9c4273de-e51a-41d4-9c8a-99550aa95db5'),('9c42745a-0892-4f60-a2e1-04860f4125cf','9c4273df-807b-417a-8e84-9dea4286f018'),('9c42745c-047a-4599-a177-cba6a63bfd61','9c4273de-29fd-4722-af58-60341e64974f'),('9c42745c-047a-4599-a177-cba6a63bfd61','9c4273de-e51a-41d4-9c8a-99550aa95db5'),('9c42745c-047a-4599-a177-cba6a63bfd61','9c4273df-807b-417a-8e84-9dea4286f018'),('9c42745d-f817-4e95-bea4-2ee94f90c1c6','9c4273de-29fd-4722-af58-60341e64974f'),('9c42745d-f817-4e95-bea4-2ee94f90c1c6','9c4273de-e51a-41d4-9c8a-99550aa95db5'),('9c42745d-f817-4e95-bea4-2ee94f90c1c6','9c4273e0-0ba5-4e34-bb76-9df148f521f6'),('9c42745f-a65c-4a04-a3c9-934a890b8a95','9c4273de-29fd-4722-af58-60341e64974f'),('9c42745f-a65c-4a04-a3c9-934a890b8a95','9c4273de-e51a-41d4-9c8a-99550aa95db5'),('9c42745f-a65c-4a04-a3c9-934a890b8a95','9c4273e0-0ba5-4e34-bb76-9df148f521f6'),('9c427461-679d-40f0-bc4a-7c3c30abd7af','9c4273de-29fd-4722-af58-60341e64974f'),('9c427461-679d-40f0-bc4a-7c3c30abd7af','9c4273de-e51a-41d4-9c8a-99550aa95db5'),('9c427461-679d-40f0-bc4a-7c3c30abd7af','9c4273e0-0ba5-4e34-bb76-9df148f521f6'),('9c427463-1cbc-483f-a843-e66019350775','9c4273de-29fd-4722-af58-60341e64974f'),('9c427463-1cbc-483f-a843-e66019350775','9c4273de-e51a-41d4-9c8a-99550aa95db5'),('9c427463-1cbc-483f-a843-e66019350775','9c4273e0-96da-4d0a-acf7-c6b0ce64e2f9'),('9c427465-39d5-4c6e-a3a2-867819f62e05','9c4273de-29fd-4722-af58-60341e64974f'),('9c427465-39d5-4c6e-a3a2-867819f62e05','9c4273de-e51a-41d4-9c8a-99550aa95db5'),('9c427465-39d5-4c6e-a3a2-867819f62e05','9c4273e0-96da-4d0a-acf7-c6b0ce64e2f9'),('9c427467-30ff-441f-96ea-84c45bd0208e','9c4273de-29fd-4722-af58-60341e64974f'),('9c427467-30ff-441f-96ea-84c45bd0208e','9c4273de-e51a-41d4-9c8a-99550aa95db5'),('9c427467-30ff-441f-96ea-84c45bd0208e','9c4273e0-96da-4d0a-acf7-c6b0ce64e2f9'),('9c427468-ff76-487b-9d41-2c68977b3cf7','9c4273de-29fd-4722-af58-60341e64974f'),('9c427468-ff76-487b-9d41-2c68977b3cf7','9c4273e1-3caf-4182-b0f6-6b0eea4e9570'),('9c427468-ff76-487b-9d41-2c68977b3cf7','9c4273e3-4b0e-444a-b8c7-2678868fb2a2'),('9c42746a-d1d9-473a-a22b-a82430031148','9c4273de-29fd-4722-af58-60341e64974f'),('9c42746a-d1d9-473a-a22b-a82430031148','9c4273e1-3caf-4182-b0f6-6b0eea4e9570'),('9c42746a-d1d9-473a-a22b-a82430031148','9c4273e3-4b0e-444a-b8c7-2678868fb2a2'),('9c42746c-87d8-4702-8f10-a8dfbaa6dcc0','9c4273de-29fd-4722-af58-60341e64974f'),('9c42746c-87d8-4702-8f10-a8dfbaa6dcc0','9c4273e1-3caf-4182-b0f6-6b0eea4e9570'),('9c42746c-87d8-4702-8f10-a8dfbaa6dcc0','9c4273e3-4b0e-444a-b8c7-2678868fb2a2'),('9c42746e-0f59-430f-bb16-93c845067266','9c4273de-29fd-4722-af58-60341e64974f'),('9c42746e-0f59-430f-bb16-93c845067266','9c4273e1-3caf-4182-b0f6-6b0eea4e9570'),('9c42746e-0f59-430f-bb16-93c845067266','9c4273e1-ebfb-463d-8079-62442641f125'),('9c42746f-e905-4763-881f-0eefcb60f795','9c4273de-29fd-4722-af58-60341e64974f'),('9c42746f-e905-4763-881f-0eefcb60f795','9c4273e1-3caf-4182-b0f6-6b0eea4e9570'),('9c42746f-e905-4763-881f-0eefcb60f795','9c4273e1-ebfb-463d-8079-62442641f125'),('9c427471-ab46-484d-95ab-17ede950c3a7','9c4273de-29fd-4722-af58-60341e64974f'),('9c427471-ab46-484d-95ab-17ede950c3a7','9c4273e1-3caf-4182-b0f6-6b0eea4e9570'),('9c427471-ab46-484d-95ab-17ede950c3a7','9c4273e1-ebfb-463d-8079-62442641f125'),('9c427473-53e1-4ecf-b548-b429632e6501','9c4273de-29fd-4722-af58-60341e64974f'),('9c427473-53e1-4ecf-b548-b429632e6501','9c4273e1-3caf-4182-b0f6-6b0eea4e9570'),('9c427473-53e1-4ecf-b548-b429632e6501','9c4273e2-98c3-4d95-ab79-a20b9f15c9e5'),('9c427475-52fe-461c-977f-e71ddc8c934d','9c4273de-29fd-4722-af58-60341e64974f'),('9c427475-52fe-461c-977f-e71ddc8c934d','9c4273e1-3caf-4182-b0f6-6b0eea4e9570'),('9c427475-52fe-461c-977f-e71ddc8c934d','9c4273e2-98c3-4d95-ab79-a20b9f15c9e5'),('9c427476-fc83-4e6d-9208-28e308d4e179','9c4273de-29fd-4722-af58-60341e64974f'),('9c427476-fc83-4e6d-9208-28e308d4e179','9c4273e1-3caf-4182-b0f6-6b0eea4e9570'),('9c427476-fc83-4e6d-9208-28e308d4e179','9c4273e2-98c3-4d95-ab79-a20b9f15c9e5');
/*!40000 ALTER TABLE `product_product_category` ENABLE KEYS */;
UNLOCK TABLES;

--
-- Table structure for table `product_product_tag`
--

DROP TABLE IF EXISTS `product_product_tag`;
/*!40101 SET @saved_cs_client     = @@character_set_client */;
/*!50503 SET character_set_client = utf8mb4 */;
CREATE TABLE `product_product_tag` (
  `product_id` char(36) COLLATE utf8mb4_unicode_ci DEFAULT NULL,
  `product_tag_id` char(36) COLLATE utf8mb4_unicode_ci DEFAULT NULL,
  UNIQUE KEY `product_product_tag_product_id_product_tag_id_unique` (`product_id`,`product_tag_id`),
  KEY `product_product_tag_product_tag_id_foreign` (`product_tag_id`),
  CONSTRAINT `product_product_tag_product_id_foreign` FOREIGN KEY (`product_id`) REFERENCES `products` (`id`) ON DELETE CASCADE,
  CONSTRAINT `product_product_tag_product_tag_id_foreign` FOREIGN KEY (`product_tag_id`) REFERENCES `product_tags` (`id`) ON DELETE CASCADE
) ENGINE=InnoDB DEFAULT CHARSET=utf8mb4 COLLATE=utf8mb4_unicode_ci;
/*!40101 SET character_set_client = @saved_cs_client */;

--
-- Dumping data for table `product_product_tag`
--

LOCK TABLES `product_product_tag` WRITE;
/*!40000 ALTER TABLE `product_product_tag` DISABLE KEYS */;
INSERT INTO `product_product_tag` VALUES ('9c4273f1-08e6-4562-bf93-51a173ea9083','9c4273eb-f7a3-433f-b84b-df77bd58de96'),('9c4273f4-f413-4d70-b893-71a070efcbce','9c4273eb-f7a3-433f-b84b-df77bd58de96'),('9c4273f6-c260-4e77-9cae-af165373987a','9c4273eb-f7a3-433f-b84b-df77bd58de96'),('9c4273f8-a75f-43db-a321-c633be068840','9c4273eb-f7a3-433f-b84b-df77bd58de96'),('9c4273fa-a9f5-46b3-a8b7-77e8f834ce68','9c4273eb-f7a3-433f-b84b-df77bd58de96'),('9c4273fc-b26f-4f8e-b4f4-7fb01c61b469','9c4273eb-706e-43e2-950b-deb1cd34242c'),('9c4273fc-b26f-4f8e-b4f4-7fb01c61b469','9c4273eb-f7a3-433f-b84b-df77bd58de96'),('9c4273fe-8d04-4eef-97a6-1cb9af635256','9c4273eb-f7a3-433f-b84b-df77bd58de96'),('9c427400-a7c7-4057-b1be-6ed62f4c5c38','9c4273eb-f7a3-433f-b84b-df77bd58de96'),('9c427402-69ff-458e-9080-7043ee891a99','9c4273eb-706e-43e2-950b-deb1cd34242c'),('9c427404-73bd-45ee-b5a6-8506590cee10','9c4273eb-706e-43e2-950b-deb1cd34242c'),('9c427407-0bb8-4bb4-97cd-ba830bdf6728','9c4273eb-706e-43e2-950b-deb1cd34242c'),('9c427427-5fa8-4839-8daf-9e78672196ad','9c4273eb-706e-43e2-950b-deb1cd34242c'),('9c427429-4eb4-4416-a99d-1d7e587375ac','9c4273eb-706e-43e2-950b-deb1cd34242c'),('9c42742b-4b68-4f6a-af3d-c719dbd717de','9c4273eb-706e-43e2-950b-deb1cd34242c'),('9c427443-48de-4fbb-a396-c0f3111607c8','9c4273eb-706e-43e2-950b-deb1cd34242c'),('9c427445-10fc-4a7c-bda2-902b5b9bebed','9c4273eb-706e-43e2-950b-deb1cd34242c'),('9c427446-c271-48cf-b751-8b51492dd566','9c4273eb-706e-43e2-950b-deb1cd34242c'),('9c427448-a5ad-44d0-b513-df19ec8971e3','9c4273eb-706e-43e2-950b-deb1cd34242c'),('9c427465-39d5-4c6e-a3a2-867819f62e05','9c4273eb-706e-43e2-950b-deb1cd34242c'),('9c427467-30ff-441f-96ea-84c45bd0208e','9c4273eb-706e-43e2-950b-deb1cd34242c'),('9c427468-ff76-487b-9d41-2c68977b3cf7','9c4273eb-706e-43e2-950b-deb1cd34242c'),('9c42746a-d1d9-473a-a22b-a82430031148','9c4273eb-706e-43e2-950b-deb1cd34242c'),('9c42746c-87d8-4702-8f10-a8dfbaa6dcc0','9c4273eb-706e-43e2-950b-deb1cd34242c'),('9c42746e-0f59-430f-bb16-93c845067266','9c4273eb-706e-43e2-950b-deb1cd34242c'),('9c42746f-e905-4763-881f-0eefcb60f795','9c4273eb-f7a3-433f-b84b-df77bd58de96'),('9c427471-ab46-484d-95ab-17ede950c3a7','9c4273eb-f7a3-433f-b84b-df77bd58de96'),('9c427476-fc83-4e6d-9208-28e308d4e179','9c4273eb-f7a3-433f-b84b-df77bd58de96');
/*!40000 ALTER TABLE `product_product_tag` ENABLE KEYS */;
UNLOCK TABLES;

--
-- Table structure for table `product_tags`
--

DROP TABLE IF EXISTS `product_tags`;
/*!40101 SET @saved_cs_client     = @@character_set_client */;
/*!50503 SET character_set_client = utf8mb4 */;
CREATE TABLE `product_tags` (
  `id` char(36) COLLATE utf8mb4_unicode_ci NOT NULL,
  `name` text COLLATE utf8mb4_unicode_ci NOT NULL,
  `slug` varchar(255) COLLATE utf8mb4_unicode_ci NOT NULL,
  `description` text COLLATE utf8mb4_unicode_ci,
  `badge` json DEFAULT NULL,
  `display_badge` tinyint(1) NOT NULL DEFAULT '0',
  `enabled` tinyint(1) NOT NULL DEFAULT '1',
  `deleted_at` timestamp NULL DEFAULT NULL,
  `created_at` timestamp NULL DEFAULT NULL,
  `updated_at` timestamp NULL DEFAULT NULL,
  PRIMARY KEY (`id`)
) ENGINE=InnoDB DEFAULT CHARSET=utf8mb4 COLLATE=utf8mb4_unicode_ci;
/*!40101 SET character_set_client = @saved_cs_client */;

--
-- Dumping data for table `product_tags`
--

LOCK TABLES `product_tags` WRITE;
/*!40000 ALTER TABLE `product_tags` DISABLE KEYS */;
INSERT INTO `product_tags` VALUES ('9c4273eb-706e-43e2-950b-deb1cd34242c','{\"de\":\"Organisch\",\"fr\":\"Organique\",\"en\":\"Organic\"}','tag-organic-1','{\"de\":\"Ausschlie\\u00dflich aus organischen Materialien hergestellt\",\"fr\":\"Fabriqu\\u00e9 exclusivement \\u00e0 partir de mat\\u00e9riaux biologiques\",\"en\":\"Made exclusively from organic materials\"}',NULL,1,1,NULL,'2024-06-11 07:51:05','2024-06-11 07:51:05'),('9c4273eb-f7a3-433f-b84b-df77bd58de96','{\"de\":\"Nachhaltig\",\"fr\":\"Durable\",\"en\":\"Sustainable\"}','tag-sustainable-1','{\"de\":\"Aus nachhaltigen Quellen\",\"fr\":\"Provenant de sources durables\",\"en\":\"From sustainable sources\"}',NULL,1,1,NULL,'2024-06-11 07:51:05','2024-06-11 07:51:06');
/*!40000 ALTER TABLE `product_tags` ENABLE KEYS */;
UNLOCK TABLES;

--
-- Table structure for table `product_variants`
--

DROP TABLE IF EXISTS `product_variants`;
/*!40101 SET @saved_cs_client     = @@character_set_client */;
/*!50503 SET character_set_client = utf8mb4 */;
CREATE TABLE `product_variants` (
  `id` char(36) COLLATE utf8mb4_unicode_ci NOT NULL,
  `slug` varchar(255) COLLATE utf8mb4_unicode_ci NOT NULL,
  `price` decimal(8,2) unsigned NOT NULL,
  `product_id` char(36) COLLATE utf8mb4_unicode_ci NOT NULL,
  `data` text COLLATE utf8mb4_unicode_ci,
  `stock` bigint unsigned NOT NULL DEFAULT '0',
  `sku` varchar(50) COLLATE utf8mb4_unicode_ci DEFAULT NULL,
  `description` text COLLATE utf8mb4_unicode_ci,
  `attribute_options` json DEFAULT NULL,
  `enabled` tinyint(1) NOT NULL DEFAULT '1',
  `deleted_at` timestamp NULL DEFAULT NULL,
  `created_at` timestamp NULL DEFAULT NULL,
  `updated_at` timestamp NULL DEFAULT NULL,
  PRIMARY KEY (`id`),
  UNIQUE KEY `product_variants_sku_unique` (`sku`),
  KEY `product_variants_product_id_foreign` (`product_id`),
  CONSTRAINT `product_variants_product_id_foreign` FOREIGN KEY (`product_id`) REFERENCES `products` (`id`) ON DELETE CASCADE
) ENGINE=InnoDB DEFAULT CHARSET=utf8mb4 COLLATE=utf8mb4_unicode_ci;
/*!40101 SET character_set_client = @saved_cs_client */;

--
-- Dumping data for table `product_variants`
--

LOCK TABLES `product_variants` WRITE;
/*!40000 ALTER TABLE `product_variants` DISABLE KEYS */;
INSERT INTO `product_variants` VALUES ('9c427477-9992-4f9a-90ae-41ec9cfac0df','ladies-boots-1-dark-blue-8',27.95,'9c427436-8ecf-42ba-bf14-a29bcdd197a7','',12,'W-BO001BLUE8','{\"en\":\"\"}','[\"9c4273e8-fe98-447b-ab1b-4bbef2b35d09\", \"9c4273e6-3425-4d96-89a1-2217de7ef932\"]',1,NULL,'2024-06-11 07:52:37','2024-06-11 07:52:37'),('9c427477-a2e6-42e4-9da8-06949bafed70','ladies-boots-1-dark-blue-85',27.95,'9c427436-8ecf-42ba-bf14-a29bcdd197a7','',12,'W-BO001BLUE85','{\"en\":\"\"}','[\"9c4273e8-fe98-447b-ab1b-4bbef2b35d09\", \"9c4273e5-fec8-437f-9577-4476ee83fa61\"]',1,NULL,'2024-06-11 07:52:37','2024-06-11 07:52:37'),('9c427477-a7ec-477b-ac8f-a78a0d1f4263','ladies-boots-1-dark-blue-9',27.95,'9c427436-8ecf-42ba-bf14-a29bcdd197a7','',12,'W-BO001BLUE9','{\"en\":\"\"}','[\"9c4273e8-fe98-447b-ab1b-4bbef2b35d09\", \"9c4273e5-c695-4b23-b09b-695b7e9fc260\"]',1,NULL,'2024-06-11 07:52:37','2024-06-11 07:52:37'),('9c427477-ad1d-41a0-bb73-ca959aa2e9f0','ladies-boots-1-dark-blue-95',28.25,'9c427436-8ecf-42ba-bf14-a29bcdd197a7','',12,'W-BO001BLUE95','{\"en\":\"\"}','[\"9c4273e8-fe98-447b-ab1b-4bbef2b35d09\", \"9c4273e5-8cb6-4bf4-a012-fc3977b8851c\"]',1,NULL,'2024-06-11 07:52:37','2024-06-11 07:52:37'),('9c427477-b225-4e9f-93a7-fa3e8921b64e','ladies-boots-1-dark-blue-10',28.95,'9c427436-8ecf-42ba-bf14-a29bcdd197a7','',12,'W-BO001BLUE10','{\"en\":\"\"}','[\"9c4273e8-fe98-447b-ab1b-4bbef2b35d09\", \"9c4273e5-5102-4756-b401-22fb6c3fa749\"]',1,NULL,'2024-06-11 07:52:37','2024-06-11 07:52:37'),('9c427477-b7c0-47c5-8478-cdb0e0e8b758','ladies-boots-1-dark-green-8',27.95,'9c427436-8ecf-42ba-bf14-a29bcdd197a7','',12,'W-BO001GREEN8','{\"en\":\"\"}','[\"9c4273e9-a380-42de-91ae-5ae505306e15\", \"9c4273e6-3425-4d96-89a1-2217de7ef932\"]',1,NULL,'2024-06-11 07:52:37','2024-06-11 07:52:37'),('9c427477-bc97-47a7-893e-e0c0218598b2','ladies-boots-1-dark-green-85',27.95,'9c427436-8ecf-42ba-bf14-a29bcdd197a7','',12,'W-BO001GREEN85','{\"en\":\"\"}','[\"9c4273e9-a380-42de-91ae-5ae505306e15\", \"9c4273e5-fec8-437f-9577-4476ee83fa61\"]',1,NULL,'2024-06-11 07:52:37','2024-06-11 07:52:37'),('9c427477-c151-48df-9bf1-a2acc79d4310','ladies-boots-1-dark-green-9',27.95,'9c427436-8ecf-42ba-bf14-a29bcdd197a7','',12,'W-BO001GREEN9','{\"en\":\"\"}','[\"9c4273e9-a380-42de-91ae-5ae505306e15\", \"9c4273e5-c695-4b23-b09b-695b7e9fc260\"]',1,NULL,'2024-06-11 07:52:37','2024-06-11 07:52:37'),('9c427477-d438-4183-bdb0-7783aefd9fcb','ladies-boots-1-dark-green-95',28.25,'9c427436-8ecf-42ba-bf14-a29bcdd197a7','',12,'W-BO001GREEN95','{\"en\":\"\"}','[\"9c4273e9-a380-42de-91ae-5ae505306e15\", \"9c4273e5-8cb6-4bf4-a012-fc3977b8851c\"]',1,NULL,'2024-06-11 07:52:37','2024-06-11 07:52:37'),('9c427477-dcc2-4faa-8e9f-c0218005bbc6','ladies-boots-1-dark-green-10',28.95,'9c427436-8ecf-42ba-bf14-a29bcdd197a7','',12,'W-BO001GREEN10','{\"en\":\"\"}','[\"9c4273e9-a380-42de-91ae-5ae505306e15\", \"9c4273e5-5102-4756-b401-22fb6c3fa749\"]',1,NULL,'2024-06-11 07:52:37','2024-06-11 07:52:37'),('9c427477-e123-4af9-befe-746ae127d206','ladies-jumpers-3-bright-blue-xs',25.99,'9c42741d-c9a4-461c-83bb-da8fc7a45309','',12,'W-J003-BLUE-XS','{\"en\":\"\"}','[\"9c4273e8-c7db-44df-9c1a-9bf4abefcac3\", \"9c4273e5-182c-4f24-8a7e-8fe7111b8553\"]',1,NULL,'2024-06-11 07:52:37','2024-06-11 07:52:37'),('9c427477-e580-4538-80a3-9134cd0b6106','ladies-jumpers-3-bright-blue-s',25.99,'9c42741d-c9a4-461c-83bb-da8fc7a45309','',12,'W-J003-BLUE-S','{\"en\":\"\"}','[\"9c4273e8-c7db-44df-9c1a-9bf4abefcac3\", \"9c4273e4-e1a6-45d6-b0fa-aeea949ea259\"]',1,NULL,'2024-06-11 07:52:37','2024-06-11 07:52:37'),('9c427477-e993-4f0f-9abd-88dea797ed2e','ladies-jumpers-3-bright-blue-m',25.99,'9c42741d-c9a4-461c-83bb-da8fc7a45309','',12,'W-J003-BLUE-M','{\"en\":\"\"}','[\"9c4273e8-c7db-44df-9c1a-9bf4abefcac3\", \"9c4273e4-ab2c-49ad-bece-4d2dee0079e5\"]',1,NULL,'2024-06-11 07:52:37','2024-06-11 07:52:37'),('9c427477-ee86-4d8b-9675-6b2428fabfff','ladies-jumpers-3-bright-blue-l',25.99,'9c42741d-c9a4-461c-83bb-da8fc7a45309','',12,'W-J003-BLUE-L','{\"en\":\"\"}','[\"9c4273e8-c7db-44df-9c1a-9bf4abefcac3\", \"9c4273e4-74b6-44cf-91c0-824a31dcb756\"]',1,NULL,'2024-06-11 07:52:37','2024-06-11 07:52:37'),('9c427477-f2d8-4bea-ba6f-fb6821a0debb','ladies-jumpers-3-bright-blue-xl',25.99,'9c42741d-c9a4-461c-83bb-da8fc7a45309','',12,'W-J003-BLUE-XL','{\"en\":\"\"}','[\"9c4273e8-c7db-44df-9c1a-9bf4abefcac3\", \"9c4273e4-3a4a-4b23-9993-225be33cc186\"]',1,NULL,'2024-06-11 07:52:37','2024-06-11 07:52:37'),('9c427477-f74c-423a-8707-b396391a7313','ladies-jumpers-3-bright-green-xs',25.99,'9c42741d-c9a4-461c-83bb-da8fc7a45309','',12,'W-J003-GREEN-XS','{\"en\":\"\"}','[\"9c4273e9-6b75-4490-8fd1-4bf9409c705a\", \"9c4273e5-182c-4f24-8a7e-8fe7111b8553\"]',1,NULL,'2024-06-11 07:52:37','2024-06-11 07:52:37'),('9c427478-bcb5-4012-8d69-6d1180d0fddc','ladies-jumpers-3-bright-green-s',25.99,'9c42741d-c9a4-461c-83bb-da8fc7a45309','',12,'W-J003-GREEN-S','{\"en\":\"\"}','[\"9c4273e9-6b75-4490-8fd1-4bf9409c705a\", \"9c4273e4-e1a6-45d6-b0fa-aeea949ea259\"]',1,NULL,'2024-06-11 07:52:38','2024-06-11 07:52:38'),('9c427478-c311-4b14-ba39-d948da100e12','ladies-jumpers-3-bright-green-m',25.99,'9c42741d-c9a4-461c-83bb-da8fc7a45309','',12,'W-J003-GREEN-M','{\"en\":\"\"}','[\"9c4273e9-6b75-4490-8fd1-4bf9409c705a\", \"9c4273e4-ab2c-49ad-bece-4d2dee0079e5\"]',1,NULL,'2024-06-11 07:52:38','2024-06-11 07:52:38'),('9c427478-c76d-4f3a-8fff-8ab54735d308','ladies-jumpers-3-bright-green-l',25.99,'9c42741d-c9a4-461c-83bb-da8fc7a45309','',12,'W-J003-GREEN-L','{\"en\":\"\"}','[\"9c4273e9-6b75-4490-8fd1-4bf9409c705a\", \"9c4273e4-74b6-44cf-91c0-824a31dcb756\"]',1,NULL,'2024-06-11 07:52:38','2024-06-11 07:52:38'),('9c427478-cbc0-46eb-8eda-abc2385d5291','ladies-jumpers-3-bright-green-xl',25.99,'9c42741d-c9a4-461c-83bb-da8fc7a45309','',12,'W-J003-GREEN-XL','{\"en\":\"\"}','[\"9c4273e9-6b75-4490-8fd1-4bf9409c705a\", \"9c4273e4-3a4a-4b23-9993-225be33cc186\"]',1,NULL,'2024-06-11 07:52:38','2024-06-11 07:52:38'),('9c427478-d016-408d-a6e5-950379cfd669','ladies-polo-shirts-1-dark-blue-xs',17.99,'9c42740e-6466-4f3a-9ad0-b62ebd2ac671','',12,'W-P001-BLUE-XS','{\"en\":\"\"}','[\"9c4273e8-fe98-447b-ab1b-4bbef2b35d09\", \"9c4273e5-182c-4f24-8a7e-8fe7111b8553\"]',1,NULL,'2024-06-11 07:52:38','2024-06-11 07:52:38'),('9c427478-d46d-41bf-8e78-1eb7df3067e1','ladies-polo-shirts-1-dark-blue-s',17.99,'9c42740e-6466-4f3a-9ad0-b62ebd2ac671','',12,'W-P001-BLUE-S','{\"en\":\"\"}','[\"9c4273e8-fe98-447b-ab1b-4bbef2b35d09\", \"9c4273e4-e1a6-45d6-b0fa-aeea949ea259\"]',1,NULL,'2024-06-11 07:52:38','2024-06-11 07:52:38'),('9c427478-d8e2-4c77-a1d2-21baf8fafddf','ladies-polo-shirts-1-dark-blue-m',17.99,'9c42740e-6466-4f3a-9ad0-b62ebd2ac671','',12,'W-P001-BLUE-M','{\"en\":\"\"}','[\"9c4273e8-fe98-447b-ab1b-4bbef2b35d09\", \"9c4273e4-ab2c-49ad-bece-4d2dee0079e5\"]',1,NULL,'2024-06-11 07:52:38','2024-06-11 07:52:38'),('9c427478-dd13-45d6-82ed-9a21ae9997b4','ladies-polo-shirts-1-dark-blue-l',17.99,'9c42740e-6466-4f3a-9ad0-b62ebd2ac671','',12,'W-P001-BLUE-L','{\"en\":\"\"}','[\"9c4273e8-fe98-447b-ab1b-4bbef2b35d09\", \"9c4273e4-74b6-44cf-91c0-824a31dcb756\"]',1,NULL,'2024-06-11 07:52:38','2024-06-11 07:52:38'),('9c427478-e150-4a16-b790-97cee68bb664','ladies-polo-shirts-1-dark-blue-xl',17.99,'9c42740e-6466-4f3a-9ad0-b62ebd2ac671','',12,'W-P001-BLUE-XL','{\"en\":\"\"}','[\"9c4273e8-fe98-447b-ab1b-4bbef2b35d09\", \"9c4273e4-3a4a-4b23-9993-225be33cc186\"]',1,NULL,'2024-06-11 07:52:38','2024-06-11 07:52:38'),('9c427478-e5cd-4b24-bc80-32bf4b9314cc','ladies-polo-shirts-1-bright-green-xs',17.99,'9c42740e-6466-4f3a-9ad0-b62ebd2ac671','',12,'W-P001-GREEN-XS','{\"en\":\"\"}','[\"9c4273e9-6b75-4490-8fd1-4bf9409c705a\", \"9c4273e5-182c-4f24-8a7e-8fe7111b8553\"]',1,NULL,'2024-06-11 07:52:38','2024-06-11 07:52:38'),('9c427478-ea05-4eec-9c55-46eeb951662e','ladies-polo-shirts-1-bright-green-s',17.99,'9c42740e-6466-4f3a-9ad0-b62ebd2ac671','',12,'W-P001-GREEN-S','{\"en\":\"\"}','[\"9c4273e9-6b75-4490-8fd1-4bf9409c705a\", \"9c4273e4-e1a6-45d6-b0fa-aeea949ea259\"]',1,NULL,'2024-06-11 07:52:38','2024-06-11 07:52:38'),('9c427478-ee3a-44bc-a65a-5cd13b9e69b6','ladies-polo-shirts-1-bright-green-m',17.99,'9c42740e-6466-4f3a-9ad0-b62ebd2ac671','',12,'W-P001-GREEN-M','{\"en\":\"\"}','[\"9c4273e9-6b75-4490-8fd1-4bf9409c705a\", \"9c4273e4-ab2c-49ad-bece-4d2dee0079e5\"]',1,NULL,'2024-06-11 07:52:38','2024-06-11 07:52:38'),('9c427478-f276-4893-97d9-adce4fcfc303','ladies-polo-shirts-1-bright-green-l',17.99,'9c42740e-6466-4f3a-9ad0-b62ebd2ac671','',12,'W-P001-GREEN-L','{\"en\":\"\"}','[\"9c4273e9-6b75-4490-8fd1-4bf9409c705a\", \"9c4273e4-74b6-44cf-91c0-824a31dcb756\"]',1,NULL,'2024-06-11 07:52:38','2024-06-11 07:52:38'),('9c427478-f633-4e0b-9d4b-ee25c3ef6b19','ladies-polo-shirts-1-bright-green-xl',17.99,'9c42740e-6466-4f3a-9ad0-b62ebd2ac671','',12,'W-P001-GREEN-XL','{\"en\":\"\"}','[\"9c4273e9-6b75-4490-8fd1-4bf9409c705a\", \"9c4273e4-3a4a-4b23-9993-225be33cc186\"]',1,NULL,'2024-06-11 07:52:38','2024-06-11 07:52:38'),('9c427478-f9f9-44c7-ab19-7d07664a2b97','ladies-polo-shirts-1-bright-blue-xs',17.99,'9c42740e-6466-4f3a-9ad0-b62ebd2ac671','',12,'W-P001-BRIGHT-BLUE-XS','{\"en\":\"\"}','[\"9c4273e8-c7db-44df-9c1a-9bf4abefcac3\", \"9c4273e5-182c-4f24-8a7e-8fe7111b8553\"]',1,NULL,'2024-06-11 07:52:38','2024-06-11 07:52:38'),('9c427478-fd9a-4da8-a492-f0b2acc3b01b','ladies-polo-shirts-1-bright-blue-s',17.99,'9c42740e-6466-4f3a-9ad0-b62ebd2ac671','',12,'W-P001-BRIGHT-BLUE-S','{\"en\":\"\"}','[\"9c4273e8-c7db-44df-9c1a-9bf4abefcac3\", \"9c4273e4-e1a6-45d6-b0fa-aeea949ea259\"]',1,NULL,'2024-06-11 07:52:38','2024-06-11 07:52:38'),('9c427479-0104-46b9-a141-f8f7a7a17c4a','ladies-polo-shirts-1-bright-blue-m',17.99,'9c42740e-6466-4f3a-9ad0-b62ebd2ac671','',12,'W-P001-BRIGHT-BLUE-M','{\"en\":\"\"}','[\"9c4273e8-c7db-44df-9c1a-9bf4abefcac3\", \"9c4273e4-ab2c-49ad-bece-4d2dee0079e5\"]',1,NULL,'2024-06-11 07:52:38','2024-06-11 07:52:38'),('9c427479-0498-4032-8f19-cc33b26fe4a5','ladies-polo-shirts-1-bright-blue-l',17.99,'9c42740e-6466-4f3a-9ad0-b62ebd2ac671','',12,'W-P001-BRIGHT-BLUE-L','{\"en\":\"\"}','[\"9c4273e8-c7db-44df-9c1a-9bf4abefcac3\", \"9c4273e4-74b6-44cf-91c0-824a31dcb756\"]',1,NULL,'2024-06-11 07:52:38','2024-06-11 07:52:38'),('9c427479-0818-4732-85f4-e9050c873564','ladies-polo-shirts-1-bright-blue-xl',17.99,'9c42740e-6466-4f3a-9ad0-b62ebd2ac671','',12,'W-P001-BRIGHT-BLUE-XL','{\"en\":\"\"}','[\"9c4273e8-c7db-44df-9c1a-9bf4abefcac3\", \"9c4273e4-3a4a-4b23-9993-225be33cc186\"]',1,NULL,'2024-06-11 07:52:38','2024-06-11 07:52:38'),('9c427479-0ba9-46bd-bb55-ed915a588d59','ladies-polo-shirts-1-bright-red-xs',17.99,'9c42740e-6466-4f3a-9ad0-b62ebd2ac671','',12,'W-P001-BRIGHT-RED-XS','{\"en\":\"\"}','[\"9c4273ea-111a-48a5-a1af-e89e35e7a7a4\", \"9c4273e4-e1a6-45d6-b0fa-aeea949ea259\"]',1,NULL,'2024-06-11 07:52:38','2024-06-11 07:52:38'),('9c427479-0f77-42a1-8a30-0e71ad3d9266','ladies-polo-shirts-1-bright-red-s',17.99,'9c42740e-6466-4f3a-9ad0-b62ebd2ac671','',12,'W-P001-BRIGHT-RED-S','{\"en\":\"\"}','[\"9c4273ea-111a-48a5-a1af-e89e35e7a7a4\", \"9c4273e4-e1a6-45d6-b0fa-aeea949ea259\"]',1,NULL,'2024-06-11 07:52:38','2024-06-11 07:52:38'),('9c427479-1329-437a-860a-5deefc151369','ladies-polo-shirts-1-bright-red-m',17.99,'9c42740e-6466-4f3a-9ad0-b62ebd2ac671','',12,'W-P001-BRIGHT-RED-M','{\"en\":\"\"}','[\"9c4273ea-111a-48a5-a1af-e89e35e7a7a4\", \"9c4273e4-ab2c-49ad-bece-4d2dee0079e5\"]',1,NULL,'2024-06-11 07:52:38','2024-06-11 07:52:38'),('9c427479-1682-4c42-89e0-e6d27bb6c719','ladies-polo-shirts-1-bright-red-l',17.99,'9c42740e-6466-4f3a-9ad0-b62ebd2ac671','',12,'W-P001-BRIGHT-RED-L','{\"en\":\"\"}','[\"9c4273ea-111a-48a5-a1af-e89e35e7a7a4\", \"9c4273e4-74b6-44cf-91c0-824a31dcb756\"]',1,NULL,'2024-06-11 07:52:38','2024-06-11 07:52:38'),('9c427479-1aa9-487d-9269-69a1c9e40693','ladies-polo-shirts-1-bright-red-xl',17.99,'9c42740e-6466-4f3a-9ad0-b62ebd2ac671','',12,'W-P001-BRIGHT-RED-XL','{\"en\":\"\"}','[\"9c4273ea-111a-48a5-a1af-e89e35e7a7a4\", \"9c4273e4-3a4a-4b23-9993-225be33cc186\"]',1,NULL,'2024-06-11 07:52:38','2024-06-11 07:52:38'),('9c427479-1e95-4510-8eb0-157b0efbf6e3','ladies-polo-shirts-1-pink-xs',17.99,'9c42740e-6466-4f3a-9ad0-b62ebd2ac671','',12,'W-P001-PINK-XS','{\"en\":\"\"}','[\"9c4273ea-8833-4726-bda3-74a2477aec16\", \"9c4273e4-e1a6-45d6-b0fa-aeea949ea259\"]',1,NULL,'2024-06-11 07:52:38','2024-06-11 07:52:38'),('9c427479-22a9-4b3a-a8f0-7690750b4cfd','ladies-polo-shirts-1-pink-s',17.99,'9c42740e-6466-4f3a-9ad0-b62ebd2ac671','',12,'W-P001-PINK-S','{\"en\":\"\"}','[\"9c4273ea-8833-4726-bda3-74a2477aec16\", \"9c4273e4-e1a6-45d6-b0fa-aeea949ea259\"]',1,NULL,'2024-06-11 07:52:38','2024-06-11 07:52:38'),('9c427479-2720-45f5-a893-ce20113fc080','ladies-polo-shirts-1-pink-m',17.99,'9c42740e-6466-4f3a-9ad0-b62ebd2ac671','',12,'W-P001-PINK-M','{\"en\":\"\"}','[\"9c4273ea-8833-4726-bda3-74a2477aec16\", \"9c4273e4-ab2c-49ad-bece-4d2dee0079e5\"]',1,NULL,'2024-06-11 07:52:38','2024-06-11 07:52:38'),('9c427479-2cf1-416e-8b58-b9fc21466957','ladies-polo-shirts-1-pink-l',17.99,'9c42740e-6466-4f3a-9ad0-b62ebd2ac671','',12,'W-P001-PINK-L','{\"en\":\"\"}','[\"9c4273ea-8833-4726-bda3-74a2477aec16\", \"9c4273e4-74b6-44cf-91c0-824a31dcb756\"]',1,NULL,'2024-06-11 07:52:38','2024-06-11 07:52:38'),('9c427479-3196-430b-80af-4e50ec3b29ef','ladies-polo-shirts-1-pink-xl',17.99,'9c42740e-6466-4f3a-9ad0-b62ebd2ac671','',12,'W-P001-PINK-XL','{\"en\":\"\"}','[\"9c4273ea-8833-4726-bda3-74a2477aec16\", \"9c4273e4-3a4a-4b23-9993-225be33cc186\"]',1,NULL,'2024-06-11 07:52:38','2024-06-11 07:52:38'),('9c427479-3626-4040-b691-f2d96afbdf34','ladies-polo-shirts-3-bright-green-xs',17.99,'9c427412-529e-4ee8-8d55-0be0575239e9','',12,'W-P003-GREEN-XS','{\"en\":\"\"}','[\"9c4273e9-6b75-4490-8fd1-4bf9409c705a\", \"9c4273e5-182c-4f24-8a7e-8fe7111b8553\"]',1,NULL,'2024-06-11 07:52:38','2024-06-11 07:52:38'),('9c427479-3ae5-48ff-89ae-3d6288857b39','ladies-polo-shirts-3-bright-green-s',17.99,'9c427412-529e-4ee8-8d55-0be0575239e9','',12,'W-P003-GREEN-S','{\"en\":\"\"}','[\"9c4273e9-6b75-4490-8fd1-4bf9409c705a\", \"9c4273e4-e1a6-45d6-b0fa-aeea949ea259\"]',1,NULL,'2024-06-11 07:52:38','2024-06-11 07:52:38'),('9c427479-3ef5-414b-9d13-6736da047bd2','ladies-polo-shirts-3-bright-green-m',17.99,'9c427412-529e-4ee8-8d55-0be0575239e9','',12,'W-P003-GREEN-M','{\"en\":\"\"}','[\"9c4273e9-6b75-4490-8fd1-4bf9409c705a\", \"9c4273e4-ab2c-49ad-bece-4d2dee0079e5\"]',1,NULL,'2024-06-11 07:52:38','2024-06-11 07:52:38'),('9c427479-434f-4806-858d-7533a67a8eba','ladies-polo-shirts-3-bright-green-l',17.99,'9c427412-529e-4ee8-8d55-0be0575239e9','',12,'W-P003-GREEN-L','{\"en\":\"\"}','[\"9c4273e9-6b75-4490-8fd1-4bf9409c705a\", \"9c4273e4-74b6-44cf-91c0-824a31dcb756\"]',1,NULL,'2024-06-11 07:52:38','2024-06-11 07:52:38'),('9c427479-47e5-44c7-a0e4-a1fdd088d6d7','ladies-polo-shirts-3-bright-green-xl',17.99,'9c427412-529e-4ee8-8d55-0be0575239e9','',12,'W-P003-GREEN-XL','{\"en\":\"\"}','[\"9c4273e9-6b75-4490-8fd1-4bf9409c705a\", \"9c4273e4-3a4a-4b23-9993-225be33cc186\"]',1,NULL,'2024-06-11 07:52:38','2024-06-11 07:52:38'),('9c427479-4c25-4f79-8e71-fb3ee15d8abf','ladies-polo-shirts-3-bright-blue-xs',17.99,'9c427412-529e-4ee8-8d55-0be0575239e9','',12,'W-P003-BRIGHT-BLUE-XS','{\"en\":\"\"}','[\"9c4273e8-c7db-44df-9c1a-9bf4abefcac3\", \"9c4273e5-182c-4f24-8a7e-8fe7111b8553\"]',1,NULL,'2024-06-11 07:52:38','2024-06-11 07:52:38'),('9c427479-55e4-4f0b-beae-3bad727e9f75','ladies-polo-shirts-3-bright-blue-s',17.99,'9c427412-529e-4ee8-8d55-0be0575239e9','',12,'W-P003-BRIGHT-BLUE-S','{\"en\":\"\"}','[\"9c4273e8-c7db-44df-9c1a-9bf4abefcac3\", \"9c4273e4-e1a6-45d6-b0fa-aeea949ea259\"]',1,NULL,'2024-06-11 07:52:38','2024-06-11 07:52:38'),('9c427479-5c04-405c-8539-d4704cbec3c4','ladies-polo-shirts-3-bright-blue-m',17.99,'9c427412-529e-4ee8-8d55-0be0575239e9','',12,'W-P003-BRIGHT-BLUE-M','{\"en\":\"\"}','[\"9c4273e8-c7db-44df-9c1a-9bf4abefcac3\", \"9c4273e4-ab2c-49ad-bece-4d2dee0079e5\"]',1,NULL,'2024-06-11 07:52:38','2024-06-11 07:52:38'),('9c427479-60f8-4453-9941-ff910cbcc82c','ladies-polo-shirts-3-bright-blue-l',17.99,'9c427412-529e-4ee8-8d55-0be0575239e9','',12,'W-P003-BRIGHT-BLUE-L','{\"en\":\"\"}','[\"9c4273e8-c7db-44df-9c1a-9bf4abefcac3\", \"9c4273e4-74b6-44cf-91c0-824a31dcb756\"]',1,NULL,'2024-06-11 07:52:38','2024-06-11 07:52:38'),('9c427479-66d0-4f5e-b46e-0908f430ab3c','ladies-polo-shirts-3-bright-blue-xl',17.99,'9c427412-529e-4ee8-8d55-0be0575239e9','',12,'W-P003-BRIGHT-BLUE-XL','{\"en\":\"\"}','[\"9c4273e8-c7db-44df-9c1a-9bf4abefcac3\", \"9c4273e4-3a4a-4b23-9993-225be33cc186\"]',1,NULL,'2024-06-11 07:52:38','2024-06-11 07:52:38'),('9c427479-6c87-4659-a429-810ebf55566e','ladies-polo-shirts-3-pink-xs',17.99,'9c427412-529e-4ee8-8d55-0be0575239e9','',12,'W-P003-PINK-XS','{\"en\":\"\"}','[\"9c4273ea-8833-4726-bda3-74a2477aec16\", \"9c4273e4-e1a6-45d6-b0fa-aeea949ea259\"]',1,NULL,'2024-06-11 07:52:38','2024-06-11 07:52:38'),('9c427479-70d0-4fb6-a86c-62fa26d08446','ladies-polo-shirts-3-pink-s',17.99,'9c427412-529e-4ee8-8d55-0be0575239e9','',12,'W-P003-PINK-S','{\"en\":\"\"}','[\"9c4273ea-8833-4726-bda3-74a2477aec16\", \"9c4273e4-e1a6-45d6-b0fa-aeea949ea259\"]',1,NULL,'2024-06-11 07:52:38','2024-06-11 07:52:38'),('9c427479-767a-440d-93fa-0d31b6c0035c','ladies-polo-shirts-3-pink-m',17.99,'9c427412-529e-4ee8-8d55-0be0575239e9','',12,'W-P003-PINK-M','{\"en\":\"\"}','[\"9c4273ea-8833-4726-bda3-74a2477aec16\", \"9c4273e4-ab2c-49ad-bece-4d2dee0079e5\"]',1,NULL,'2024-06-11 07:52:38','2024-06-11 07:52:38'),('9c427479-7bb3-4f8b-a30d-317857254910','ladies-polo-shirts-3-pink-l',17.99,'9c427412-529e-4ee8-8d55-0be0575239e9','',12,'W-P003-PINK-L','{\"en\":\"\"}','[\"9c4273ea-8833-4726-bda3-74a2477aec16\", \"9c4273e4-74b6-44cf-91c0-824a31dcb756\"]',1,NULL,'2024-06-11 07:52:38','2024-06-11 07:52:38'),('9c427479-8b7d-498c-8b55-3de08130c28e','ladies-polo-shirts-3-pink-xl',17.99,'9c427412-529e-4ee8-8d55-0be0575239e9','',12,'W-P003-PINK-XL','{\"en\":\"\"}','[\"9c4273ea-8833-4726-bda3-74a2477aec16\", \"9c4273e4-3a4a-4b23-9993-225be33cc186\"]',1,NULL,'2024-06-11 07:52:38','2024-06-11 07:52:38'),('9c427479-fb3c-4ada-bed2-5278ef01b30e','ladies-skirts-1-bright-green-xs',28.99,'9c427414-5cf5-480d-8324-74ea8f9e275c','',12,'W-S001-GREEN-XS','{\"en\":\"\"}','[\"9c4273e9-6b75-4490-8fd1-4bf9409c705a\", \"9c4273e5-182c-4f24-8a7e-8fe7111b8553\"]',1,NULL,'2024-06-11 07:52:39','2024-06-11 07:52:39'),('9c42747a-08cf-4517-8d40-6efa001dc9a3','ladies-skirts-1-bright-green-s',28.99,'9c427414-5cf5-480d-8324-74ea8f9e275c','',12,'W-S001-GREEN-S','{\"en\":\"\"}','[\"9c4273e9-6b75-4490-8fd1-4bf9409c705a\", \"9c4273e4-e1a6-45d6-b0fa-aeea949ea259\"]',1,NULL,'2024-06-11 07:52:39','2024-06-11 07:52:39'),('9c42747a-23cb-44c6-b3b5-eecc682d6bf4','ladies-skirts-1-bright-green-m',28.99,'9c427414-5cf5-480d-8324-74ea8f9e275c','',12,'W-S001-GREEN-M','{\"en\":\"\"}','[\"9c4273e9-6b75-4490-8fd1-4bf9409c705a\", \"9c4273e4-ab2c-49ad-bece-4d2dee0079e5\"]',1,NULL,'2024-06-11 07:52:39','2024-06-11 07:52:39'),('9c42747a-2ace-43b8-b11e-0067528028ee','ladies-skirts-1-bright-green-l',28.99,'9c427414-5cf5-480d-8324-74ea8f9e275c','',12,'W-S001-GREEN-L','{\"en\":\"\"}','[\"9c4273e9-6b75-4490-8fd1-4bf9409c705a\", \"9c4273e4-74b6-44cf-91c0-824a31dcb756\"]',1,NULL,'2024-06-11 07:52:39','2024-06-11 07:52:39'),('9c42747a-32fc-4704-b755-644dbd95b2aa','ladies-skirts-1-bright-green-xl',28.99,'9c427414-5cf5-480d-8324-74ea8f9e275c','',12,'W-S001-GREEN-XL','{\"en\":\"\"}','[\"9c4273e9-6b75-4490-8fd1-4bf9409c705a\", \"9c4273e4-3a4a-4b23-9993-225be33cc186\"]',1,NULL,'2024-06-11 07:52:39','2024-06-11 07:52:39'),('9c42747a-3996-416c-bbc1-11dc25cd1415','ladies-skirts-1-dark-blue-xs',28.99,'9c427414-5cf5-480d-8324-74ea8f9e275c','',12,'W-S001-BLUE-XS','{\"en\":\"\"}','[\"9c4273e8-fe98-447b-ab1b-4bbef2b35d09\", \"9c4273e5-182c-4f24-8a7e-8fe7111b8553\"]',1,NULL,'2024-06-11 07:52:39','2024-06-11 07:52:39'),('9c42747a-401c-4100-9724-f7bee4e61da2','ladies-skirts-1-dark-blue-s',28.99,'9c427414-5cf5-480d-8324-74ea8f9e275c','',12,'W-S001-BLUE-S','{\"en\":\"\"}','[\"9c4273e8-fe98-447b-ab1b-4bbef2b35d09\", \"9c4273e4-e1a6-45d6-b0fa-aeea949ea259\"]',1,NULL,'2024-06-11 07:52:39','2024-06-11 07:52:39'),('9c42747a-4645-44d0-a14c-57103be519ba','ladies-skirts-1-dark-blue-m',28.99,'9c427414-5cf5-480d-8324-74ea8f9e275c','',12,'W-S001-BLUE-M','{\"en\":\"\"}','[\"9c4273e8-fe98-447b-ab1b-4bbef2b35d09\", \"9c4273e4-ab2c-49ad-bece-4d2dee0079e5\"]',1,NULL,'2024-06-11 07:52:39','2024-06-11 07:52:39'),('9c42747a-4d2d-492d-bdb3-367e8c43bcfe','ladies-skirts-1-dark-blue-l',28.99,'9c427414-5cf5-480d-8324-74ea8f9e275c','',12,'W-S001-BLUE-L','{\"en\":\"\"}','[\"9c4273e8-fe98-447b-ab1b-4bbef2b35d09\", \"9c4273e4-74b6-44cf-91c0-824a31dcb756\"]',1,NULL,'2024-06-11 07:52:39','2024-06-11 07:52:39'),('9c42747a-52c9-4580-ae3b-6642b3106256','ladies-skirts-1-dark-blue-xl',28.99,'9c427414-5cf5-480d-8324-74ea8f9e275c','',12,'W-S001-BLUE-XL','{\"en\":\"\"}','[\"9c4273e8-fe98-447b-ab1b-4bbef2b35d09\", \"9c4273e4-3a4a-4b23-9993-225be33cc186\"]',1,NULL,'2024-06-11 07:52:39','2024-06-11 07:52:39'),('9c42747a-58ad-46d8-b8a7-0bf12bac0a0b','ladies-sneakers-2-bright-green-8',27.95,'9c42742d-6062-45d9-bd66-800979f535b1','',12,'W-SN002GREEN8','{\"en\":\"\"}','[\"9c4273e9-6b75-4490-8fd1-4bf9409c705a\", \"9c4273e6-3425-4d96-89a1-2217de7ef932\"]',1,NULL,'2024-06-11 07:52:39','2024-06-11 07:52:39'),('9c42747a-5ee9-4fe5-9a0f-f2b0ff8a763e','ladies-sneakers-2-bright-green-85',27.95,'9c42742d-6062-45d9-bd66-800979f535b1','',12,'W-SN002GREEN85','{\"en\":\"\"}','[\"9c4273e9-6b75-4490-8fd1-4bf9409c705a\", \"9c4273e5-fec8-437f-9577-4476ee83fa61\"]',1,NULL,'2024-06-11 07:52:39','2024-06-11 07:52:39'),('9c42747a-63ae-4f1e-a658-c9335a68121c','ladies-sneakers-2-bright-green-9',27.95,'9c42742d-6062-45d9-bd66-800979f535b1','',12,'W-SN002GREEN9','{\"en\":\"\"}','[\"9c4273e9-6b75-4490-8fd1-4bf9409c705a\", \"9c4273e5-c695-4b23-b09b-695b7e9fc260\"]',1,NULL,'2024-06-11 07:52:39','2024-06-11 07:52:39'),('9c42747a-6bab-4b6d-929a-eeda0152fdb3','ladies-sneakers-2-bright-green-95',28.25,'9c42742d-6062-45d9-bd66-800979f535b1','',12,'W-SN002GREEN95','{\"en\":\"\"}','[\"9c4273e9-6b75-4490-8fd1-4bf9409c705a\", \"9c4273e5-8cb6-4bf4-a012-fc3977b8851c\"]',1,NULL,'2024-06-11 07:52:39','2024-06-11 07:52:39'),('9c42747a-7286-4ff1-ba34-9689d00e6b59','ladies-sneakers-2-bright-green-10',28.95,'9c42742d-6062-45d9-bd66-800979f535b1','',12,'W-SN002GREEN10','{\"en\":\"\"}','[\"9c4273e9-6b75-4490-8fd1-4bf9409c705a\", \"9c4273e5-5102-4756-b401-22fb6c3fa749\"]',1,NULL,'2024-06-11 07:52:39','2024-06-11 07:52:39'),('9c42747a-7798-47c8-839c-a1dea09b0797','ladies-sneakers-2-bright-red-8',27.95,'9c42742d-6062-45d9-bd66-800979f535b1','',12,'W-SN002RED8','{\"en\":\"\"}','[\"9c4273ea-111a-48a5-a1af-e89e35e7a7a4\", \"9c4273e6-3425-4d96-89a1-2217de7ef932\"]',1,NULL,'2024-06-11 07:52:39','2024-06-11 07:52:39'),('9c42747a-7f3d-4213-874f-c45907aee398','ladies-sneakers-2-bright-red-85',27.95,'9c42742d-6062-45d9-bd66-800979f535b1','',12,'W-SN002RED85','{\"en\":\"\"}','[\"9c4273ea-111a-48a5-a1af-e89e35e7a7a4\", \"9c4273e5-fec8-437f-9577-4476ee83fa61\"]',1,NULL,'2024-06-11 07:52:39','2024-06-11 07:52:39'),('9c42747a-86d7-4b0c-9d7f-dcfdc70de1b1','ladies-sneakers-2-bright-red-9',27.95,'9c42742d-6062-45d9-bd66-800979f535b1','',12,'W-SN002RED9','{\"en\":\"\"}','[\"9c4273ea-111a-48a5-a1af-e89e35e7a7a4\", \"9c4273e5-c695-4b23-b09b-695b7e9fc260\"]',1,NULL,'2024-06-11 07:52:39','2024-06-11 07:52:39'),('9c42747a-8d6d-49bd-b205-2220ce5c2516','ladies-sneakers-2-bright-red-95',28.25,'9c42742d-6062-45d9-bd66-800979f535b1','',12,'W-SN002RED95','{\"en\":\"\"}','[\"9c4273ea-111a-48a5-a1af-e89e35e7a7a4\", \"9c4273e5-8cb6-4bf4-a012-fc3977b8851c\"]',1,NULL,'2024-06-11 07:52:39','2024-06-11 07:52:39'),('9c42747a-9354-4980-a948-7d1054ac7bfe','ladies-sneakers-2-bright-red-10',28.95,'9c42742d-6062-45d9-bd66-800979f535b1','',12,'W-SN002RED10','{\"en\":\"\"}','[\"9c4273ea-111a-48a5-a1af-e89e35e7a7a4\", \"9c4273e5-5102-4756-b401-22fb6c3fa749\"]',1,NULL,'2024-06-11 07:52:39','2024-06-11 07:52:39'),('9c42747a-9979-4ba3-97ec-75ea5cbc36c6','casual-chino-trousers-brightblue-xs',12.99,'9c427421-a196-4ca7-ae18-2ff4bb221591','',50,'W-TR002-BRIGHTBLUE-XS','{\"en\":\"\"}','[\"9c4273e8-c7db-44df-9c1a-9bf4abefcac3\", \"9c4273e5-182c-4f24-8a7e-8fe7111b8553\"]',1,NULL,'2024-06-11 07:52:39','2024-06-11 07:52:39'),('9c42747a-a056-4cfa-bc2e-16faa53802a7','casual-chino-trousers-brightblue-s',12.99,'9c427421-a196-4ca7-ae18-2ff4bb221591','',1,'W-TR002-BRIGHTBLUE-S','{\"en\":\"\"}','[\"9c4273e8-c7db-44df-9c1a-9bf4abefcac3\", \"9c4273e4-e1a6-45d6-b0fa-aeea949ea259\"]',1,NULL,'2024-06-11 07:52:39','2024-06-11 07:52:39'),('9c42747a-a895-4d85-9dea-109de4622294','casual-chino-trousers-brightblue-m',12.99,'9c427421-a196-4ca7-ae18-2ff4bb221591','',42,'W-TR002-BRIGHTBLUE-M','{\"en\":\"\"}','[\"9c4273e8-c7db-44df-9c1a-9bf4abefcac3\", \"9c4273e4-ab2c-49ad-bece-4d2dee0079e5\"]',1,NULL,'2024-06-11 07:52:39','2024-06-11 07:52:39'),('9c42747a-b2d6-4553-8bac-ab73d3b96bb0','casual-chino-trousers-brightblue-l',12.99,'9c427421-a196-4ca7-ae18-2ff4bb221591','',31,'W-TR002-BRIGHTBLUE-L','{\"en\":\"\"}','[\"9c4273e8-c7db-44df-9c1a-9bf4abefcac3\", \"9c4273e4-74b6-44cf-91c0-824a31dcb756\"]',1,NULL,'2024-06-11 07:52:39','2024-06-11 07:52:39'),('9c42747a-ba48-4e17-8c73-e6431fe2220c','casual-chino-trousers-brightblue-xl',12.99,'9c427421-a196-4ca7-ae18-2ff4bb221591','',18,'W-TR002-BRIGHTBLUE-XL','{\"en\":\"\"}','[\"9c4273e8-c7db-44df-9c1a-9bf4abefcac3\", \"9c4273e4-3a4a-4b23-9993-225be33cc186\"]',1,NULL,'2024-06-11 07:52:39','2024-06-11 07:52:39'),('9c42747a-bf4b-4996-8411-db65ac52f38e','casual-chino-trousers-brightgreen-xs',12.99,'9c427421-a196-4ca7-ae18-2ff4bb221591','',3,'W-TR002-BRIGHTGREEN-XS','{\"en\":\"\"}','[\"9c4273e9-6b75-4490-8fd1-4bf9409c705a\", \"9c4273e5-182c-4f24-8a7e-8fe7111b8553\"]',1,NULL,'2024-06-11 07:52:39','2024-06-11 07:52:39'),('9c42747a-c3ff-4e51-ab8c-968a6f87041e','casual-chino-trousers-brightgreen-s',12.99,'9c427421-a196-4ca7-ae18-2ff4bb221591','',16,'W-TR002-BRIGHTGREEN-S','{\"en\":\"\"}','[\"9c4273e9-6b75-4490-8fd1-4bf9409c705a\", \"9c4273e4-e1a6-45d6-b0fa-aeea949ea259\"]',1,NULL,'2024-06-11 07:52:39','2024-06-11 07:52:39'),('9c42747a-c97a-49d4-bf8a-7127077c0b12','casual-chino-trousers-brightgreen-m',12.99,'9c427421-a196-4ca7-ae18-2ff4bb221591','',45,'W-TR002-BRIGHTGREEN-M','{\"en\":\"\"}','[\"9c4273e9-6b75-4490-8fd1-4bf9409c705a\", \"9c4273e4-ab2c-49ad-bece-4d2dee0079e5\"]',1,NULL,'2024-06-11 07:52:39','2024-06-11 07:52:39'),('9c42747a-cee4-4006-8ec7-4dff7528a218','casual-chino-trousers-brightgreen-l',12.99,'9c427421-a196-4ca7-ae18-2ff4bb221591','',11,'W-TR002-BRIGHTGREEN-L','{\"en\":\"\"}','[\"9c4273e9-6b75-4490-8fd1-4bf9409c705a\", \"9c4273e4-74b6-44cf-91c0-824a31dcb756\"]',1,NULL,'2024-06-11 07:52:39','2024-06-11 07:52:39'),('9c42747a-d3b2-4097-8a92-00899a85976a','casual-chino-trousers-brightgreen-xl',12.99,'9c427421-a196-4ca7-ae18-2ff4bb221591','',29,'W-TR002-BRIGHTGREEN-XL','{\"en\":\"\"}','[\"9c4273e9-6b75-4490-8fd1-4bf9409c705a\", \"9c4273e4-3a4a-4b23-9993-225be33cc186\"]',1,NULL,'2024-06-11 07:52:39','2024-06-11 07:52:39'),('9c42747a-d863-4052-ad51-0c15eae4e1c4','outdoor-hiking-boots-black-8',29.99,'9c427450-8225-4e1d-bfb7-ec4c08a908f2','',9,'M-BO003-BLACK-8','{\"en\":\"\"}','[\"9c4273e8-51e2-45ea-86fe-359b57e32b34\", \"9c4273e6-3425-4d96-89a1-2217de7ef932\"]',1,NULL,'2024-06-11 07:52:39','2024-06-11 07:52:39'),('9c42747a-de7d-42fe-b201-1b1340741b72','outdoor-hiking-boots-black-85',29.99,'9c427450-8225-4e1d-bfb7-ec4c08a908f2','',23,'M-BO003-BLACK-85','{\"en\":\"\"}','[\"9c4273e8-51e2-45ea-86fe-359b57e32b34\", \"9c4273e5-fec8-437f-9577-4476ee83fa61\"]',1,NULL,'2024-06-11 07:52:39','2024-06-11 07:52:39'),('9c42747a-e3d4-4bbc-85b1-9410a8d3b690','outdoor-hiking-boots-black-9',29.99,'9c427450-8225-4e1d-bfb7-ec4c08a908f2','',36,'M-BO003-BLACK-9','{\"en\":\"\"}','[\"9c4273e8-51e2-45ea-86fe-359b57e32b34\", \"9c4273e5-c695-4b23-b09b-695b7e9fc260\"]',1,NULL,'2024-06-11 07:52:39','2024-06-11 07:52:39'),('9c42747a-e816-4464-8da2-9eb838d0173f','outdoor-hiking-boots-black-95',29.99,'9c427450-8225-4e1d-bfb7-ec4c08a908f2','',13,'M-BO003-BLACK-95','{\"en\":\"\"}','[\"9c4273e8-51e2-45ea-86fe-359b57e32b34\", \"9c4273e5-8cb6-4bf4-a012-fc3977b8851c\"]',1,NULL,'2024-06-11 07:52:39','2024-06-11 07:52:39'),('9c42747a-ed1c-473e-bdf9-66b07bf159f0','outdoor-hiking-boots-black-10',29.99,'9c427450-8225-4e1d-bfb7-ec4c08a908f2','',6,'M-BO003-BLACK-10','{\"en\":\"\"}','[\"9c4273e8-51e2-45ea-86fe-359b57e32b34\", \"9c4273e5-5102-4756-b401-22fb6c3fa749\"]',1,NULL,'2024-06-11 07:52:39','2024-06-11 07:52:39'),('9c42747a-f0e9-4961-b0a7-340c59d74c50','outdoor-hiking-boots-midnightblue-8',29.99,'9c427450-8225-4e1d-bfb7-ec4c08a908f2','',34,'M-BO003-MIDNIGHTBLUE-8','{\"en\":\"\"}','[\"9c4273e8-fe98-447b-ab1b-4bbef2b35d09\", \"9c4273e6-3425-4d96-89a1-2217de7ef932\"]',1,NULL,'2024-06-11 07:52:39','2024-06-11 07:52:39'),('9c42747a-f498-4686-84e7-fe01768a75f5','outdoor-hiking-boots-midnightblue-85',29.99,'9c427450-8225-4e1d-bfb7-ec4c08a908f2','',14,'M-BO003-MIDNIGHTBLUE-85','{\"en\":\"\"}','[\"9c4273e8-fe98-447b-ab1b-4bbef2b35d09\", \"9c4273e5-fec8-437f-9577-4476ee83fa61\"]',1,NULL,'2024-06-11 07:52:39','2024-06-11 07:52:39'),('9c42747a-f8b8-4df2-892a-098cdd72e1d9','outdoor-hiking-boots-midnightblue-9',29.99,'9c427450-8225-4e1d-bfb7-ec4c08a908f2','',38,'M-BO003-MIDNIGHTBLUE-9','{\"en\":\"\"}','[\"9c4273e8-fe98-447b-ab1b-4bbef2b35d09\", \"9c4273e5-c695-4b23-b09b-695b7e9fc260\"]',1,NULL,'2024-06-11 07:52:39','2024-06-11 07:52:39'),('9c42747a-fd9a-4488-b95e-2bbe4a782854','outdoor-hiking-boots-midnightblue-95',29.99,'9c427450-8225-4e1d-bfb7-ec4c08a908f2','',9,'M-BO003-MIDNIGHTBLUE-95','{\"en\":\"\"}','[\"9c4273e8-fe98-447b-ab1b-4bbef2b35d09\", \"9c4273e5-8cb6-4bf4-a012-fc3977b8851c\"]',1,NULL,'2024-06-11 07:52:39','2024-06-11 07:52:39'),('9c42747b-026e-41be-90eb-68fbed958d67','outdoor-hiking-boots-midnightblue-10',29.99,'9c427450-8225-4e1d-bfb7-ec4c08a908f2','',14,'M-BO003-MIDNIGHTBLUE-10','{\"en\":\"\"}','[\"9c4273e8-fe98-447b-ab1b-4bbef2b35d09\", \"9c4273e5-5102-4756-b401-22fb6c3fa749\"]',1,NULL,'2024-06-11 07:52:39','2024-06-11 07:52:39'),('9c42747b-0845-4e57-9086-109c9fb01676','classic-leather-loafers-darkgray-8',29.99,'9c427441-6d77-4a9b-b668-7906aca48814','',44,'M-LO001-DARKGRAY-8','{\"en\":\"\"}','[\"9c4273e8-1489-4db9-8617-b37f810c9499\", \"9c4273e6-3425-4d96-89a1-2217de7ef932\"]',1,NULL,'2024-06-11 07:52:39','2024-06-11 07:52:39'),('9c42747b-0d1d-4431-bfa4-ef5debf3cf30','classic-leather-loafers-darkgray-85',29.99,'9c427441-6d77-4a9b-b668-7906aca48814','',51,'M-LO001-DARKGRAY-85','{\"en\":\"\"}','[\"9c4273e8-1489-4db9-8617-b37f810c9499\", \"9c4273e5-fec8-437f-9577-4476ee83fa61\"]',1,NULL,'2024-06-11 07:52:39','2024-06-11 07:52:39'),('9c42747b-1386-4396-b005-a5a83af8590c','classic-leather-loafers-darkgray-9',29.99,'9c427441-6d77-4a9b-b668-7906aca48814','',36,'M-LO001-DARKGRAY-9','{\"en\":\"\"}','[\"9c4273e8-1489-4db9-8617-b37f810c9499\", \"9c4273e5-c695-4b23-b09b-695b7e9fc260\"]',1,NULL,'2024-06-11 07:52:39','2024-06-11 07:52:39'),('9c42747b-1aaa-41fe-954d-2066ee4bcdf9','classic-leather-loafers-darkgray-95',29.99,'9c427441-6d77-4a9b-b668-7906aca48814','',15,'M-LO001-DARKGRAY-95','{\"en\":\"\"}','[\"9c4273e8-1489-4db9-8617-b37f810c9499\", \"9c4273e5-8cb6-4bf4-a012-fc3977b8851c\"]',1,NULL,'2024-06-11 07:52:39','2024-06-11 07:52:39'),('9c42747b-20ed-401d-91da-d94898a514db','classic-leather-loafers-darkgray-10',29.99,'9c427441-6d77-4a9b-b668-7906aca48814','',48,'M-LO001-DARKGRAY-10','{\"en\":\"\"}','[\"9c4273e8-1489-4db9-8617-b37f810c9499\", \"9c4273e5-5102-4756-b401-22fb6c3fa749\"]',1,NULL,'2024-06-11 07:52:40','2024-06-11 07:52:40'),('9c42747b-295c-40a7-aa7c-6580c410a0c6','classic-leather-loafers-darkgreen-8',29.99,'9c427441-6d77-4a9b-b668-7906aca48814','',12,'M-LO001-DARKGREEN-8','{\"en\":\"\"}','[\"9c4273e9-a380-42de-91ae-5ae505306e15\", \"9c4273e6-3425-4d96-89a1-2217de7ef932\"]',1,NULL,'2024-06-11 07:52:40','2024-06-11 07:52:40'),('9c42747b-2ed9-4694-91ab-3973ea52d385','classic-leather-loafers-darkgreen-85',29.99,'9c427441-6d77-4a9b-b668-7906aca48814','',31,'M-LO001-DARKGREEN-85','{\"en\":\"\"}','[\"9c4273e9-a380-42de-91ae-5ae505306e15\", \"9c4273e5-fec8-437f-9577-4476ee83fa61\"]',1,NULL,'2024-06-11 07:52:40','2024-06-11 07:52:40'),('9c42747b-34ca-4c3a-98a1-b0c96505f50f','classic-leather-loafers-darkgreen-9',29.99,'9c427441-6d77-4a9b-b668-7906aca48814','',26,'M-LO001-DARKGREEN-9','{\"en\":\"\"}','[\"9c4273e9-a380-42de-91ae-5ae505306e15\", \"9c4273e5-c695-4b23-b09b-695b7e9fc260\"]',1,NULL,'2024-06-11 07:52:40','2024-06-11 07:52:40'),('9c42747b-3a90-4522-b227-3399baf250c9','classic-leather-loafers-darkgreen-95',29.99,'9c427441-6d77-4a9b-b668-7906aca48814','',7,'M-LO001-DARKGREEN-95','{\"en\":\"\"}','[\"9c4273e9-a380-42de-91ae-5ae505306e15\", \"9c4273e5-8cb6-4bf4-a012-fc3977b8851c\"]',1,NULL,'2024-06-11 07:52:40','2024-06-11 07:52:40'),('9c42747b-3fac-4113-adfa-0c4d66867382','classic-leather-loafers-darkgreen-10',29.99,'9c427441-6d77-4a9b-b668-7906aca48814','',3,'M-LO001-DARKGREEN-10','{\"en\":\"\"}','[\"9c4273e9-a380-42de-91ae-5ae505306e15\", \"9c4273e5-5102-4756-b401-22fb6c3fa749\"]',1,NULL,'2024-06-11 07:52:40','2024-06-11 07:52:40'),('9c42747b-4452-4d8a-9209-b27ca1037ddb','business-casual-shirt-midnightblue-xs',29.99,'9c4273f8-a75f-43db-a321-c633be068840','',17,'M-S002-MIDNIGHTBLUE-XS','{\"en\":\"\"}','[\"9c4273e8-fe98-447b-ab1b-4bbef2b35d09\", \"9c4273e5-182c-4f24-8a7e-8fe7111b8553\"]',1,NULL,'2024-06-11 07:52:40','2024-06-11 07:52:40'),('9c42747b-48d2-4eab-ba46-66b9b8778eb1','business-casual-shirt-midnightblue-s',29.99,'9c4273f8-a75f-43db-a321-c633be068840','',1,'M-S002-MIDNIGHTBLUE-S','{\"en\":\"\"}','[\"9c4273e8-fe98-447b-ab1b-4bbef2b35d09\", \"9c4273e4-e1a6-45d6-b0fa-aeea949ea259\"]',1,NULL,'2024-06-11 07:52:40','2024-06-11 07:52:40'),('9c42747b-4e2b-4678-9220-7ba12dda0ac8','business-casual-shirt-midnightblue-m',29.99,'9c4273f8-a75f-43db-a321-c633be068840','',51,'M-S002-MIDNIGHTBLUE-M','{\"en\":\"\"}','[\"9c4273e8-fe98-447b-ab1b-4bbef2b35d09\", \"9c4273e4-ab2c-49ad-bece-4d2dee0079e5\"]',1,NULL,'2024-06-11 07:52:40','2024-06-11 07:52:40'),('9c42747b-524a-4c30-a47f-0610e029e645','business-casual-shirt-midnightblue-l',29.99,'9c4273f8-a75f-43db-a321-c633be068840','',38,'M-S002-MIDNIGHTBLUE-L','{\"en\":\"\"}','[\"9c4273e8-fe98-447b-ab1b-4bbef2b35d09\", \"9c4273e4-74b6-44cf-91c0-824a31dcb756\"]',1,NULL,'2024-06-11 07:52:40','2024-06-11 07:52:40'),('9c42747b-56fa-4389-a5b6-cf21619125d3','business-casual-shirt-midnightblue-xl',29.99,'9c4273f8-a75f-43db-a321-c633be068840','',53,'M-S002-MIDNIGHTBLUE-XL','{\"en\":\"\"}','[\"9c4273e8-fe98-447b-ab1b-4bbef2b35d09\", \"9c4273e4-3a4a-4b23-9993-225be33cc186\"]',1,NULL,'2024-06-11 07:52:40','2024-06-11 07:52:40'),('9c42747b-5c44-4d95-a6e5-32fb173d9229','business-casual-shirt-darkgreen-xs',29.99,'9c4273f8-a75f-43db-a321-c633be068840','',25,'M-S002-DARKGREEN-XS','{\"en\":\"\"}','[\"9c4273e9-a380-42de-91ae-5ae505306e15\", \"9c4273e5-182c-4f24-8a7e-8fe7111b8553\"]',1,NULL,'2024-06-11 07:52:40','2024-06-11 07:52:40'),('9c42747b-6168-4b93-a739-b19d11d908b8','business-casual-shirt-darkgreen-s',29.99,'9c4273f8-a75f-43db-a321-c633be068840','',13,'M-S002-DARKGREEN-S','{\"en\":\"\"}','[\"9c4273e9-a380-42de-91ae-5ae505306e15\", \"9c4273e4-e1a6-45d6-b0fa-aeea949ea259\"]',1,NULL,'2024-06-11 07:52:40','2024-06-11 07:52:40'),('9c42747b-6691-47cc-a509-0b2a649e46d3','business-casual-shirt-darkgreen-m',29.99,'9c4273f8-a75f-43db-a321-c633be068840','',17,'M-S002-DARKGREEN-M','{\"en\":\"\"}','[\"9c4273e9-a380-42de-91ae-5ae505306e15\", \"9c4273e4-ab2c-49ad-bece-4d2dee0079e5\"]',1,NULL,'2024-06-11 07:52:40','2024-06-11 07:52:40'),('9c42747b-6d40-4532-8ecf-bf2db2a386e5','business-casual-shirt-darkgreen-l',29.99,'9c4273f8-a75f-43db-a321-c633be068840','',0,'M-S002-DARKGREEN-L','{\"en\":\"\"}','[\"9c4273e9-a380-42de-91ae-5ae505306e15\", \"9c4273e4-74b6-44cf-91c0-824a31dcb756\"]',1,NULL,'2024-06-11 07:52:40','2024-06-11 07:52:40'),('9c42747b-71b8-4b2d-9e48-18405a2dd918','business-casual-shirt-darkgreen-xl',29.99,'9c4273f8-a75f-43db-a321-c633be068840','',28,'M-S002-DARKGREEN-XL','{\"en\":\"\"}','[\"9c4273e9-a380-42de-91ae-5ae505306e15\", \"9c4273e4-3a4a-4b23-9993-225be33cc186\"]',1,NULL,'2024-06-11 07:52:40','2024-06-11 07:52:40'),('9c42747b-769a-4b34-ae88-bfd004554892','business-casual-shirt-darkred-xs',29.99,'9c4273f8-a75f-43db-a321-c633be068840','',38,'M-S002-DARKRED-XS','{\"en\":\"\"}','[\"9c4273ea-4e32-4038-9e35-af9807c2320b\", \"9c4273e5-182c-4f24-8a7e-8fe7111b8553\"]',1,NULL,'2024-06-11 07:52:40','2024-06-11 07:52:40'),('9c42747b-7b9b-4bf5-9af8-0bb242a0e836','business-casual-shirt-darkred-s',29.99,'9c4273f8-a75f-43db-a321-c633be068840','',31,'M-S002-DARKRED-S','{\"en\":\"\"}','[\"9c4273ea-4e32-4038-9e35-af9807c2320b\", \"9c4273e4-e1a6-45d6-b0fa-aeea949ea259\"]',1,NULL,'2024-06-11 07:52:40','2024-06-11 07:52:40'),('9c42747b-80a5-4e56-ab9a-44f7c21369db','business-casual-shirt-darkred-m',29.99,'9c4273f8-a75f-43db-a321-c633be068840','',13,'M-S002-DARKRED-M','{\"en\":\"\"}','[\"9c4273ea-4e32-4038-9e35-af9807c2320b\", \"9c4273e4-ab2c-49ad-bece-4d2dee0079e5\"]',1,NULL,'2024-06-11 07:52:40','2024-06-11 07:52:40'),('9c42747b-86b4-4353-9b6c-03067ad652ea','business-casual-shirt-darkred-l',29.99,'9c4273f8-a75f-43db-a321-c633be068840','',14,'M-S002-DARKRED-L','{\"en\":\"\"}','[\"9c4273ea-4e32-4038-9e35-af9807c2320b\", \"9c4273e4-74b6-44cf-91c0-824a31dcb756\"]',1,NULL,'2024-06-11 07:52:40','2024-06-11 07:52:40'),('9c42747b-af93-40f8-9d5e-71b69f57621d','business-casual-shirt-darkred-xl',29.99,'9c4273f8-a75f-43db-a321-c633be068840','',30,'M-S002-DARKRED-XL','{\"en\":\"\"}','[\"9c4273ea-4e32-4038-9e35-af9807c2320b\", \"9c4273e4-3a4a-4b23-9993-225be33cc186\"]',1,NULL,'2024-06-11 07:52:40','2024-06-11 07:52:40'),('9c42747b-b964-4ac3-b1e5-0e62353d5b07','modern-high-top-sneakers-brightred-8',29.99,'9c427456-3187-43ce-b4ef-dca27cf76287','',9,'M-S002-BRIGHTRED-8','{\"en\":\"\"}','[\"9c4273ea-111a-48a5-a1af-e89e35e7a7a4\", \"9c4273e6-3425-4d96-89a1-2217de7ef932\"]',1,NULL,'2024-06-11 07:52:40','2024-06-11 07:52:40'),('9c42747b-c502-4137-8bab-f1db056c2930','modern-high-top-sneakers-brightred-85',29.99,'9c427456-3187-43ce-b4ef-dca27cf76287','',46,'M-S002-BRIGHTRED-8.5','{\"en\":\"\"}','[\"9c4273ea-111a-48a5-a1af-e89e35e7a7a4\", \"9c4273e5-fec8-437f-9577-4476ee83fa61\"]',1,NULL,'2024-06-11 07:52:40','2024-06-11 07:52:40'),('9c42747b-c9ca-4568-9b26-487b8633ce8c','modern-high-top-sneakers-brightred-9',29.99,'9c427456-3187-43ce-b4ef-dca27cf76287','',22,'M-S002-BRIGHTRED-9','{\"en\":\"\"}','[\"9c4273ea-111a-48a5-a1af-e89e35e7a7a4\", \"9c4273e5-c695-4b23-b09b-695b7e9fc260\"]',1,NULL,'2024-06-11 07:52:40','2024-06-11 07:52:40'),('9c42747b-cf1c-47fb-a5f4-17b145cc0ea4','modern-high-top-sneakers-brightred-95',29.99,'9c427456-3187-43ce-b4ef-dca27cf76287','',47,'M-S002-BRIGHTRED-9.5','{\"en\":\"\"}','[\"9c4273ea-111a-48a5-a1af-e89e35e7a7a4\", \"9c4273e5-8cb6-4bf4-a012-fc3977b8851c\"]',1,NULL,'2024-06-11 07:52:40','2024-06-11 07:52:40'),('9c42747b-d36f-4d0c-9096-04838196af0d','modern-high-top-sneakers-brightred-10',29.99,'9c427456-3187-43ce-b4ef-dca27cf76287','',39,'M-S002-BRIGHTRED-10','{\"en\":\"\"}','[\"9c4273ea-111a-48a5-a1af-e89e35e7a7a4\", \"9c4273e5-5102-4756-b401-22fb6c3fa749\"]',1,NULL,'2024-06-11 07:52:40','2024-06-11 07:52:40'),('9c42747b-d87b-4eb7-b1f4-d42a9d74c28f','modern-high-top-sneakers-brightgreen-8',29.99,'9c427456-3187-43ce-b4ef-dca27cf76287','',17,'M-S002-BRIGHTGREEN-8','{\"en\":\"\"}','[\"9c4273e9-6b75-4490-8fd1-4bf9409c705a\", \"9c4273e6-3425-4d96-89a1-2217de7ef932\"]',1,NULL,'2024-06-11 07:52:40','2024-06-11 07:52:40'),('9c42747b-df61-4b3a-ac31-5725549eb484','modern-high-top-sneakers-brightgreen-85',29.99,'9c427456-3187-43ce-b4ef-dca27cf76287','',6,'M-S002-BRIGHTGREEN-8.5','{\"en\":\"\"}','[\"9c4273e9-6b75-4490-8fd1-4bf9409c705a\", \"9c4273e5-fec8-437f-9577-4476ee83fa61\"]',1,NULL,'2024-06-11 07:52:40','2024-06-11 07:52:40'),('9c42747b-e610-431f-b395-b707b05d2420','modern-high-top-sneakers-brightgreen-9',29.99,'9c427456-3187-43ce-b4ef-dca27cf76287','',0,'M-S002-BRIGHTGREEN-9','{\"en\":\"\"}','[\"9c4273e9-6b75-4490-8fd1-4bf9409c705a\", \"9c4273e5-c695-4b23-b09b-695b7e9fc260\"]',1,NULL,'2024-06-11 07:52:40','2024-06-11 07:52:40'),('9c42747b-e9d7-4155-891f-d049e8f4af2e','modern-high-top-sneakers-brightgreen-95',29.99,'9c427456-3187-43ce-b4ef-dca27cf76287','',43,'M-S002-BRIGHTGREEN-9.5','{\"en\":\"\"}','[\"9c4273e9-6b75-4490-8fd1-4bf9409c705a\", \"9c4273e5-8cb6-4bf4-a012-fc3977b8851c\"]',1,NULL,'2024-06-11 07:52:40','2024-06-11 07:52:40'),('9c42747b-edfb-47a7-a8e7-c6531452193e','modern-high-top-sneakers-brightgreen-10',29.99,'9c427456-3187-43ce-b4ef-dca27cf76287','',9,'M-S002-BRIGHTGREEN-10','{\"en\":\"\"}','[\"9c4273e9-6b75-4490-8fd1-4bf9409c705a\", \"9c4273e5-5102-4756-b401-22fb6c3fa749\"]',1,NULL,'2024-06-11 07:52:40','2024-06-11 07:52:40'),('9c42747b-f1f5-47fc-9866-65b75c9ef346','casual-crew-neck-t-shirt-white-xs',14.99,'9c4273f4-f413-4d70-b893-71a070efcbce','',48,'M-T003-WHITE-XS','{\"en\":\"\"}','[\"9c4273e7-4f95-4841-8110-0a21eac39236\", \"9c4273e5-182c-4f24-8a7e-8fe7111b8553\"]',1,NULL,'2024-06-11 07:52:40','2024-06-11 07:52:40'),('9c42747b-f788-4c6a-914e-204f92e51469','casual-crew-neck-t-shirt-white-s',14.99,'9c4273f4-f413-4d70-b893-71a070efcbce','',16,'M-T003-WHITE-S','{\"en\":\"\"}','[\"9c4273e7-4f95-4841-8110-0a21eac39236\", \"9c4273e4-e1a6-45d6-b0fa-aeea949ea259\"]',1,NULL,'2024-06-11 07:52:40','2024-06-11 07:52:40'),('9c42747b-fc70-4230-b13c-f8a2cde05462','casual-crew-neck-t-shirt-white-m',14.99,'9c4273f4-f413-4d70-b893-71a070efcbce','',1,'M-T003-WHITE-M','{\"en\":\"\"}','[\"9c4273e7-4f95-4841-8110-0a21eac39236\", \"9c4273e4-ab2c-49ad-bece-4d2dee0079e5\"]',1,NULL,'2024-06-11 07:52:40','2024-06-11 07:52:40'),('9c42747c-0148-4e3f-9621-c0e11c01dcb0','casual-crew-neck-t-shirt-white-l',14.99,'9c4273f4-f413-4d70-b893-71a070efcbce','',34,'M-T003-WHITE-L','{\"en\":\"\"}','[\"9c4273e7-4f95-4841-8110-0a21eac39236\", \"9c4273e4-74b6-44cf-91c0-824a31dcb756\"]',1,NULL,'2024-06-11 07:52:40','2024-06-11 07:52:40'),('9c42747c-0643-4631-a733-b0d2d0ba722d','casual-crew-neck-t-shirt-white-xl',14.99,'9c4273f4-f413-4d70-b893-71a070efcbce','',49,'M-T003-WHITE-XL','{\"en\":\"\"}','[\"9c4273e7-4f95-4841-8110-0a21eac39236\", \"9c4273e4-3a4a-4b23-9993-225be33cc186\"]',1,NULL,'2024-06-11 07:52:40','2024-06-11 07:52:40'),('9c42747c-0b0c-4405-8812-40ca227c60cd','casual-crew-neck-t-shirt-brightblue-xs',14.99,'9c4273f4-f413-4d70-b893-71a070efcbce','',24,'M-T003-BRIGHTBLUE-XS','{\"en\":\"\"}','[\"9c4273e8-c7db-44df-9c1a-9bf4abefcac3\", \"9c4273e5-182c-4f24-8a7e-8fe7111b8553\"]',1,NULL,'2024-06-11 07:52:40','2024-06-11 07:52:40'),('9c42747c-1371-43b5-b1bd-c64f9d8bba10','casual-crew-neck-t-shirt-brightblue-s',14.99,'9c4273f4-f413-4d70-b893-71a070efcbce','',9,'M-T003-BRIGHTBLUE-S','{\"en\":\"\"}','[\"9c4273e8-c7db-44df-9c1a-9bf4abefcac3\", \"9c4273e4-e1a6-45d6-b0fa-aeea949ea259\"]',1,NULL,'2024-06-11 07:52:40','2024-06-11 07:52:40'),('9c42747c-1d1e-45d7-bd64-f0f4af68d2cf','casual-crew-neck-t-shirt-brightblue-m',14.99,'9c4273f4-f413-4d70-b893-71a070efcbce','',7,'M-T003-BRIGHTBLUE-M','{\"en\":\"\"}','[\"9c4273e8-c7db-44df-9c1a-9bf4abefcac3\", \"9c4273e4-ab2c-49ad-bece-4d2dee0079e5\"]',1,NULL,'2024-06-11 07:52:40','2024-06-11 07:52:40'),('9c42747c-25cf-4985-8039-3fc517db5b9d','casual-crew-neck-t-shirt-brightblue-l',14.99,'9c4273f4-f413-4d70-b893-71a070efcbce','',51,'M-T003-BRIGHTBLUE-L','{\"en\":\"\"}','[\"9c4273e8-c7db-44df-9c1a-9bf4abefcac3\", \"9c4273e4-74b6-44cf-91c0-824a31dcb756\"]',1,NULL,'2024-06-11 07:52:40','2024-06-11 07:52:40'),('9c42747c-2e17-44f0-bece-6c00d602868f','casual-crew-neck-t-shirt-brightblue-xl',14.99,'9c4273f4-f413-4d70-b893-71a070efcbce','',33,'M-T003-BRIGHTBLUE-XL','{\"en\":\"\"}','[\"9c4273e8-c7db-44df-9c1a-9bf4abefcac3\", \"9c4273e4-3a4a-4b23-9993-225be33cc186\"]',1,NULL,'2024-06-11 07:52:40','2024-06-11 07:52:40'),('9c42747c-357f-47c1-8d6c-648585175a47','casual-crew-neck-t-shirt-brightgreen-xs',14.99,'9c4273f4-f413-4d70-b893-71a070efcbce','',7,'M-T003-BRIGHTGREEN-XS','{\"en\":\"\"}','[\"9c4273e9-6b75-4490-8fd1-4bf9409c705a\", \"9c4273e5-182c-4f24-8a7e-8fe7111b8553\"]',1,NULL,'2024-06-11 07:52:40','2024-06-11 07:52:40'),('9c42747c-3cb6-435e-a1c0-4229e7b28865','casual-crew-neck-t-shirt-brightgreen-s',14.99,'9c4273f4-f413-4d70-b893-71a070efcbce','',29,'M-T003-BRIGHTGREEN-S','{\"en\":\"\"}','[\"9c4273e9-6b75-4490-8fd1-4bf9409c705a\", \"9c4273e4-e1a6-45d6-b0fa-aeea949ea259\"]',1,NULL,'2024-06-11 07:52:40','2024-06-11 07:52:40'),('9c42747c-44c7-4c8e-9b2c-ad52a320b731','casual-crew-neck-t-shirt-brightgreen-m',14.99,'9c4273f4-f413-4d70-b893-71a070efcbce','',15,'M-T003-BRIGHTGREEN-M','{\"en\":\"\"}','[\"9c4273e9-6b75-4490-8fd1-4bf9409c705a\", \"9c4273e4-ab2c-49ad-bece-4d2dee0079e5\"]',1,NULL,'2024-06-11 07:52:40','2024-06-11 07:52:40'),('9c42747c-4a56-4f46-a812-8adb98328401','casual-crew-neck-t-shirt-brightgreen-l',14.99,'9c4273f4-f413-4d70-b893-71a070efcbce','',46,'M-T003-BRIGHTGREEN-L','{\"en\":\"\"}','[\"9c4273e9-6b75-4490-8fd1-4bf9409c705a\", \"9c4273e4-74b6-44cf-91c0-824a31dcb756\"]',1,NULL,'2024-06-11 07:52:40','2024-06-11 07:52:40'),('9c42747c-5030-4732-8c4f-84c92b2127ef','casual-crew-neck-t-shirt-brightgreen-xl',14.99,'9c4273f4-f413-4d70-b893-71a070efcbce','',22,'M-T003-BRIGHTGREEN-XL','{\"en\":\"\"}','[\"9c4273e9-6b75-4490-8fd1-4bf9409c705a\", \"9c4273e4-3a4a-4b23-9993-225be33cc186\"]',1,NULL,'2024-06-11 07:52:40','2024-06-11 07:52:40'),('9c42747c-581d-4d86-ac72-5ac21d2738e6','casual-crew-neck-t-shirt-brightorange-xs',14.99,'9c4273f4-f413-4d70-b893-71a070efcbce','',31,'M-T003-BRIGHTORANGE-XS','{\"en\":\"\"}','[\"9c4273ea-c82a-4e7f-824b-4303edc9af30\", \"9c4273e5-182c-4f24-8a7e-8fe7111b8553\"]',1,NULL,'2024-06-11 07:52:40','2024-06-11 07:52:40'),('9c42747c-5f56-4d8b-ab2c-323fa75fa616','casual-crew-neck-t-shirt-brightorange-s',14.99,'9c4273f4-f413-4d70-b893-71a070efcbce','',46,'M-T003-BRIGHTORANGE-S','{\"en\":\"\"}','[\"9c4273ea-c82a-4e7f-824b-4303edc9af30\", \"9c4273e4-e1a6-45d6-b0fa-aeea949ea259\"]',1,NULL,'2024-06-11 07:52:40','2024-06-11 07:52:40'),('9c42747c-63ef-4e85-82a2-ce8a3e0942f2','casual-crew-neck-t-shirt-brightorange-m',14.99,'9c4273f4-f413-4d70-b893-71a070efcbce','',31,'M-T003-BRIGHTORANGE-M','{\"en\":\"\"}','[\"9c4273ea-c82a-4e7f-824b-4303edc9af30\", \"9c4273e4-ab2c-49ad-bece-4d2dee0079e5\"]',1,NULL,'2024-06-11 07:52:40','2024-06-11 07:52:40'),('9c42747c-6b09-46dd-adad-adb2269bb9d4','casual-crew-neck-t-shirt-brightorange-l',14.99,'9c4273f4-f413-4d70-b893-71a070efcbce','',48,'M-T003-BRIGHTORANGE-L','{\"en\":\"\"}','[\"9c4273ea-c82a-4e7f-824b-4303edc9af30\", \"9c4273e4-74b6-44cf-91c0-824a31dcb756\"]',1,NULL,'2024-06-11 07:52:40','2024-06-11 07:52:40'),('9c42747c-6ffc-4aa7-9d13-c2cd23dc27dc','casual-crew-neck-t-shirt-brightorange-xl',14.99,'9c4273f4-f413-4d70-b893-71a070efcbce','',41,'M-T003-BRIGHTORANGE-XL','{\"en\":\"\"}','[\"9c4273ea-c82a-4e7f-824b-4303edc9af30\", \"9c4273e4-3a4a-4b23-9993-225be33cc186\"]',1,NULL,'2024-06-11 07:52:40','2024-06-11 07:52:40'),('9c42747c-753a-4db9-9147-a9825dd0bc9e','classic-cotton-t-shirt-xs',16.99,'9c4273f1-08e6-4562-bf93-51a173ea9083','',51,'M-T001-XS','{\"en\":\"\"}','[\"9c4273e5-182c-4f24-8a7e-8fe7111b8553\"]',1,NULL,'2024-06-11 07:52:40','2024-06-11 07:52:40'),('9c42747c-79bc-4da6-be25-053b3d3ac8bc','classic-cotton-t-shirt-s',16.99,'9c4273f1-08e6-4562-bf93-51a173ea9083','',41,'M-T001-S','{\"en\":\"\"}','[\"9c4273e4-e1a6-45d6-b0fa-aeea949ea259\"]',1,NULL,'2024-06-11 07:52:40','2024-06-11 07:52:40'),('9c42747c-7d24-400c-9e97-1ac314c3405c','classic-cotton-t-shirt-m',16.99,'9c4273f1-08e6-4562-bf93-51a173ea9083','',47,'M-T001-M','{\"en\":\"\"}','[\"9c4273e4-ab2c-49ad-bece-4d2dee0079e5\"]',1,NULL,'2024-06-11 07:52:40','2024-06-11 07:52:40'),('9c42747c-80de-4ed2-8003-8caee9e56168','classic-cotton-t-shirt-l',16.99,'9c4273f1-08e6-4562-bf93-51a173ea9083','',47,'M-T001-L','{\"en\":\"\"}','[\"9c4273e4-74b6-44cf-91c0-824a31dcb756\"]',1,NULL,'2024-06-11 07:52:40','2024-06-11 07:52:40'),('9c42747c-84bf-49bb-be32-110bc9e356b5','classic-cotton-t-shirt-xl',16.99,'9c4273f1-08e6-4562-bf93-51a173ea9083','',43,'M-T001-XL','{\"en\":\"\"}','[\"9c4273e4-3a4a-4b23-9993-225be33cc186\"]',1,NULL,'2024-06-11 07:52:40','2024-06-11 07:52:40'),('9c42747c-8875-4d12-8908-37205659bb3f','sporty-performance-t-shirt-xs',18.50,'9c4273f3-114b-4608-94de-9ed2d0265919','',50,'M-T002-XS','{\"en\":\"\"}','[\"9c4273e5-182c-4f24-8a7e-8fe7111b8553\"]',1,NULL,'2024-06-11 07:52:40','2024-06-11 07:52:40'),('9c42747c-8bd4-4d9e-bf8c-e9856a0969e5','sporty-performance-t-shirt-s',18.50,'9c4273f3-114b-4608-94de-9ed2d0265919','',11,'M-T002-S','{\"en\":\"\"}','[\"9c4273e4-e1a6-45d6-b0fa-aeea949ea259\"]',1,NULL,'2024-06-11 07:52:40','2024-06-11 07:52:40'),('9c42747c-8fdf-4b1b-b7d7-d5fb4901c98f','sporty-performance-t-shirt-m',18.50,'9c4273f3-114b-4608-94de-9ed2d0265919','',50,'M-T002-M','{\"en\":\"\"}','[\"9c4273e4-ab2c-49ad-bece-4d2dee0079e5\"]',1,NULL,'2024-06-11 07:52:40','2024-06-11 07:52:40'),('9c42747c-9331-4994-80d9-2b0304944ba1','sporty-performance-t-shirt-l',18.50,'9c4273f3-114b-4608-94de-9ed2d0265919','',22,'M-T002-L','{\"en\":\"\"}','[\"9c4273e4-74b6-44cf-91c0-824a31dcb756\"]',1,NULL,'2024-06-11 07:52:40','2024-06-11 07:52:40'),('9c42747c-9632-4a66-a172-0bfdbe6aa29a','sporty-performance-t-shirt-xl',18.50,'9c4273f3-114b-4608-94de-9ed2d0265919','',29,'M-T002-XL','{\"en\":\"\"}','[\"9c4273e4-3a4a-4b23-9993-225be33cc186\"]',1,NULL,'2024-06-11 07:52:40','2024-06-11 07:52:40'),('9c42747c-99f2-47f5-b89a-f80496db082d','classic-dress-shirt-xs',28.99,'9c4273f6-c260-4e77-9cae-af165373987a','',21,'M-S001-XS','{\"en\":\"\"}','[\"9c4273e5-182c-4f24-8a7e-8fe7111b8553\"]',1,NULL,'2024-06-11 07:52:40','2024-06-11 07:52:40'),('9c42747c-9dce-46ae-9147-93b3f7a9fa49','classic-dress-shirt-s',28.99,'9c4273f6-c260-4e77-9cae-af165373987a','',48,'M-S001-S','{\"en\":\"\"}','[\"9c4273e4-e1a6-45d6-b0fa-aeea949ea259\"]',1,NULL,'2024-06-11 07:52:40','2024-06-11 07:52:40'),('9c42747c-a108-4a9b-ad07-ec8839c7666e','classic-dress-shirt-m',28.99,'9c4273f6-c260-4e77-9cae-af165373987a','',42,'M-S001-M','{\"en\":\"\"}','[\"9c4273e4-ab2c-49ad-bece-4d2dee0079e5\"]',1,NULL,'2024-06-11 07:52:40','2024-06-11 07:52:40'),('9c42747c-a4ec-4397-a8ba-1e6a0b41af2c','classic-dress-shirt-l',28.99,'9c4273f6-c260-4e77-9cae-af165373987a','',3,'M-S001-L','{\"en\":\"\"}','[\"9c4273e4-74b6-44cf-91c0-824a31dcb756\"]',1,NULL,'2024-06-11 07:52:41','2024-06-11 07:52:41'),('9c42747c-a996-4306-ae21-718ad76d357d','classic-dress-shirt-xl',28.99,'9c4273f6-c260-4e77-9cae-af165373987a','',33,'M-S001-XL','{\"en\":\"\"}','[\"9c4273e4-3a4a-4b23-9993-225be33cc186\"]',1,NULL,'2024-06-11 07:52:41','2024-06-11 07:52:41'),('9c42747c-ad4d-466f-9fa6-8b9041015fcc','casual-checkered-shirt-xs',24.99,'9c4273fa-a9f5-46b3-a8b7-77e8f834ce68','',46,'M-S003-XS','{\"en\":\"\"}','[\"9c4273e5-182c-4f24-8a7e-8fe7111b8553\"]',1,NULL,'2024-06-11 07:52:41','2024-06-11 07:52:41'),('9c42747c-b0dd-4e07-ac3e-0df530b1136d','casual-checkered-shirt-s',24.99,'9c4273fa-a9f5-46b3-a8b7-77e8f834ce68','',36,'M-S003-S','{\"en\":\"\"}','[\"9c4273e4-e1a6-45d6-b0fa-aeea949ea259\"]',1,NULL,'2024-06-11 07:52:41','2024-06-11 07:52:41'),('9c42747c-b481-4760-b6a4-a5f17fa1e798','casual-checkered-shirt-m',24.99,'9c4273fa-a9f5-46b3-a8b7-77e8f834ce68','',43,'M-S003-M','{\"en\":\"\"}','[\"9c4273e4-ab2c-49ad-bece-4d2dee0079e5\"]',1,NULL,'2024-06-11 07:52:41','2024-06-11 07:52:41'),('9c42747c-b7d8-4124-9d1f-edac9d3bb1fb','casual-checkered-shirt-l',24.99,'9c4273fa-a9f5-46b3-a8b7-77e8f834ce68','',0,'M-S003-L','{\"en\":\"\"}','[\"9c4273e4-74b6-44cf-91c0-824a31dcb756\"]',1,NULL,'2024-06-11 07:52:41','2024-06-11 07:52:41'),('9c42747c-ba3f-4931-8a64-7e8cc2adc31d','casual-checkered-shirt-xl',24.99,'9c4273fa-a9f5-46b3-a8b7-77e8f834ce68','',22,'M-S003-XL','{\"en\":\"\"}','[\"9c4273e4-3a4a-4b23-9993-225be33cc186\"]',1,NULL,'2024-06-11 07:52:41','2024-06-11 07:52:41'),('9c42747c-bd64-48d9-b248-4f62ba088b64','classic-elegant-wool-jumper-xs',29.99,'9c4273fc-b26f-4f8e-b4f4-7fb01c61b469','',53,'M-J001-XS','{\"en\":\"\"}','[\"9c4273e5-182c-4f24-8a7e-8fe7111b8553\"]',1,NULL,'2024-06-11 07:52:41','2024-06-11 07:52:41'),('9c42747c-c0ca-41df-b9ec-9c75d9c03e9f','classic-elegant-wool-jumper-s',29.99,'9c4273fc-b26f-4f8e-b4f4-7fb01c61b469','',40,'M-J001-S','{\"en\":\"\"}','[\"9c4273e4-e1a6-45d6-b0fa-aeea949ea259\"]',1,NULL,'2024-06-11 07:52:41','2024-06-11 07:52:41'),('9c42747c-c3bd-4cb0-b38e-48c1b4fa5a01','classic-elegant-wool-jumper-m',29.99,'9c4273fc-b26f-4f8e-b4f4-7fb01c61b469','',2,'M-J001-M','{\"en\":\"\"}','[\"9c4273e4-ab2c-49ad-bece-4d2dee0079e5\"]',1,NULL,'2024-06-11 07:52:41','2024-06-11 07:52:41'),('9c42747c-c7ea-415c-b3c4-ae1f6a8c5cfe','classic-elegant-wool-jumper-l',29.99,'9c4273fc-b26f-4f8e-b4f4-7fb01c61b469','',49,'M-J001-L','{\"en\":\"\"}','[\"9c4273e4-74b6-44cf-91c0-824a31dcb756\"]',1,NULL,'2024-06-11 07:52:41','2024-06-11 07:52:41'),('9c42747c-cc88-479e-b9b1-a35331a25de7','classic-elegant-wool-jumper-xl',29.99,'9c4273fc-b26f-4f8e-b4f4-7fb01c61b469','',22,'M-J001-XL','{\"en\":\"\"}','[\"9c4273e4-3a4a-4b23-9993-225be33cc186\"]',1,NULL,'2024-06-11 07:52:41','2024-06-11 07:52:41'),('9c42747c-cfb9-4c24-ba9c-2db5c37482e0','casual-v-neck-modern-jumper-xs',21.50,'9c4273fe-8d04-4eef-97a6-1cb9af635256','',8,'M-J002-XS','{\"en\":\"\"}','[\"9c4273e5-182c-4f24-8a7e-8fe7111b8553\"]',1,NULL,'2024-06-11 07:52:41','2024-06-11 07:52:41'),('9c42747c-d301-43a3-afea-98e6e9dda5c3','casual-v-neck-modern-jumper-s',21.50,'9c4273fe-8d04-4eef-97a6-1cb9af635256','',22,'M-J002-S','{\"en\":\"\"}','[\"9c4273e4-e1a6-45d6-b0fa-aeea949ea259\"]',1,NULL,'2024-06-11 07:52:41','2024-06-11 07:52:41'),('9c42747c-d650-4b8f-8558-4e133156f694','casual-v-neck-modern-jumper-m',21.50,'9c4273fe-8d04-4eef-97a6-1cb9af635256','',5,'M-J002-M','{\"en\":\"\"}','[\"9c4273e4-ab2c-49ad-bece-4d2dee0079e5\"]',1,NULL,'2024-06-11 07:52:41','2024-06-11 07:52:41'),('9c42747c-d97a-4eda-ba7f-b6a0f38ea625','casual-v-neck-modern-jumper-l',21.50,'9c4273fe-8d04-4eef-97a6-1cb9af635256','',35,'M-J002-L','{\"en\":\"\"}','[\"9c4273e4-74b6-44cf-91c0-824a31dcb756\"]',1,NULL,'2024-06-11 07:52:41','2024-06-11 07:52:41'),('9c42747c-dca3-4e9d-ba50-9b2fdf97df18','casual-v-neck-modern-jumper-xl',21.50,'9c4273fe-8d04-4eef-97a6-1cb9af635256','',38,'M-J002-XL','{\"en\":\"\"}','[\"9c4273e4-3a4a-4b23-9993-225be33cc186\"]',1,NULL,'2024-06-11 07:52:41','2024-06-11 07:52:41'),('9c42747c-dfa6-4f1a-9db8-25cb302cdf05','sporty-zip-up-jumper-xs',25.99,'9c427400-a7c7-4057-b1be-6ed62f4c5c38','',9,'M-J003-XS','{\"en\":\"\"}','[\"9c4273e5-182c-4f24-8a7e-8fe7111b8553\"]',1,NULL,'2024-06-11 07:52:41','2024-06-11 07:52:41'),('9c42747c-e3db-4fe8-80b9-ba4910f944e3','sporty-zip-up-jumper-s',25.99,'9c427400-a7c7-4057-b1be-6ed62f4c5c38','',53,'M-J003-S','{\"en\":\"\"}','[\"9c4273e4-e1a6-45d6-b0fa-aeea949ea259\"]',1,NULL,'2024-06-11 07:52:41','2024-06-11 07:52:41'),('9c42747c-e7ab-452f-9aff-761e63422071','sporty-zip-up-jumper-m',25.99,'9c427400-a7c7-4057-b1be-6ed62f4c5c38','',29,'M-J003-M','{\"en\":\"\"}','[\"9c4273e4-ab2c-49ad-bece-4d2dee0079e5\"]',1,NULL,'2024-06-11 07:52:41','2024-06-11 07:52:41'),('9c42747c-eb68-4b10-b318-24f1e9ba8a63','sporty-zip-up-jumper-l',25.99,'9c427400-a7c7-4057-b1be-6ed62f4c5c38','',0,'M-J003-L','{\"en\":\"\"}','[\"9c4273e4-74b6-44cf-91c0-824a31dcb756\"]',1,NULL,'2024-06-11 07:52:41','2024-06-11 07:52:41'),('9c42747c-ef1d-41ae-a353-2d1f5d3b2af6','sporty-zip-up-jumper-xl',25.99,'9c427400-a7c7-4057-b1be-6ed62f4c5c38','',47,'M-J003-XL','{\"en\":\"\"}','[\"9c4273e4-3a4a-4b23-9993-225be33cc186\"]',1,NULL,'2024-06-11 07:52:41','2024-06-11 07:52:41'),('9c42747c-f22d-4fee-ae13-a19e277f70fd','classic-dress-trousers-xs',27.99,'9c427402-69ff-458e-9080-7043ee891a99','',41,'M-TR001-XS','{\"en\":\"\"}','[\"9c4273e5-182c-4f24-8a7e-8fe7111b8553\"]',1,NULL,'2024-06-11 07:52:41','2024-06-11 07:52:41'),('9c42747c-f524-4453-971c-64c715730330','classic-dress-trousers-s',27.99,'9c427402-69ff-458e-9080-7043ee891a99','',3,'M-TR001-S','{\"en\":\"\"}','[\"9c4273e4-e1a6-45d6-b0fa-aeea949ea259\"]',1,NULL,'2024-06-11 07:52:41','2024-06-11 07:52:41'),('9c42747c-f86e-47f7-aec1-3747448053ca','classic-dress-trousers-m',27.99,'9c427402-69ff-458e-9080-7043ee891a99','',50,'M-TR001-M','{\"en\":\"\"}','[\"9c4273e4-ab2c-49ad-bece-4d2dee0079e5\"]',1,NULL,'2024-06-11 07:52:41','2024-06-11 07:52:41'),('9c42747c-fbe1-4ee5-b9b2-1195740d94b0','classic-dress-trousers-l',27.99,'9c427402-69ff-458e-9080-7043ee891a99','',7,'M-TR001-L','{\"en\":\"\"}','[\"9c4273e4-74b6-44cf-91c0-824a31dcb756\"]',1,NULL,'2024-06-11 07:52:41','2024-06-11 07:52:41'),('9c42747c-ff0d-4ad4-9fa5-dbd4cd83548c','classic-dress-trousers-xl',27.99,'9c427402-69ff-458e-9080-7043ee891a99','',18,'M-TR001-XL','{\"en\":\"\"}','[\"9c4273e4-3a4a-4b23-9993-225be33cc186\"]',1,NULL,'2024-06-11 07:52:41','2024-06-11 07:52:41'),('9c42747d-023f-4b84-90d7-c1d7a8afc59f','casual-chino-trousers-xs',19.50,'9c427404-73bd-45ee-b5a6-8506590cee10','',48,'M-TR002-XS','{\"en\":\"\"}','[\"9c4273e5-182c-4f24-8a7e-8fe7111b8553\"]',1,NULL,'2024-06-11 07:52:41','2024-06-11 07:52:41'),('9c42747d-05a7-43ac-bac2-48b23c04528c','casual-chino-trousers-s',19.50,'9c427404-73bd-45ee-b5a6-8506590cee10','',43,'M-TR002-S','{\"en\":\"\"}','[\"9c4273e4-e1a6-45d6-b0fa-aeea949ea259\"]',1,NULL,'2024-06-11 07:52:41','2024-06-11 07:52:41'),('9c42747d-0905-404e-a52c-226f1c2097f1','casual-chino-trousers-m',19.50,'9c427404-73bd-45ee-b5a6-8506590cee10','',21,'M-TR002-M','{\"en\":\"\"}','[\"9c4273e4-ab2c-49ad-bece-4d2dee0079e5\"]',1,NULL,'2024-06-11 07:52:41','2024-06-11 07:52:41'),('9c42747d-0c1e-45f2-be45-c2324e2f1ed2','casual-chino-trousers-l',19.50,'9c427404-73bd-45ee-b5a6-8506590cee10','',31,'M-TR002-L','{\"en\":\"\"}','[\"9c4273e4-74b6-44cf-91c0-824a31dcb756\"]',1,NULL,'2024-06-11 07:52:41','2024-06-11 07:52:41'),('9c42747d-0f1c-4fa3-b964-f81ad4821158','casual-chino-trousers-xl',19.50,'9c427404-73bd-45ee-b5a6-8506590cee10','',39,'M-TR002-XL','{\"en\":\"\"}','[\"9c4273e4-3a4a-4b23-9993-225be33cc186\"]',1,NULL,'2024-06-11 07:52:41','2024-06-11 07:52:41'),('9c42747d-1248-443e-9aa5-4a1a777b4cd5','sporty-track-pants-xs',22.99,'9c427407-0bb8-4bb4-97cd-ba830bdf6728','',16,'M-TR003-XS','{\"en\":\"\"}','[\"9c4273e5-182c-4f24-8a7e-8fe7111b8553\"]',1,NULL,'2024-06-11 07:52:41','2024-06-11 07:52:41'),('9c42747d-1598-4330-acbe-bec4389c38f4','sporty-track-pants-s',22.99,'9c427407-0bb8-4bb4-97cd-ba830bdf6728','',10,'M-TR003-S','{\"en\":\"\"}','[\"9c4273e4-e1a6-45d6-b0fa-aeea949ea259\"]',1,NULL,'2024-06-11 07:52:41','2024-06-11 07:52:41'),('9c42747d-198d-41a5-889e-0af7a9a1b6f8','sporty-track-pants-m',22.99,'9c427407-0bb8-4bb4-97cd-ba830bdf6728','',45,'M-TR003-M','{\"en\":\"\"}','[\"9c4273e4-ab2c-49ad-bece-4d2dee0079e5\"]',1,NULL,'2024-06-11 07:52:41','2024-06-11 07:52:41'),('9c42747d-1de8-49a5-8dff-2497e2106e81','sporty-track-pants-l',22.99,'9c427407-0bb8-4bb4-97cd-ba830bdf6728','',29,'M-TR003-L','{\"en\":\"\"}','[\"9c4273e4-74b6-44cf-91c0-824a31dcb756\"]',1,NULL,'2024-06-11 07:52:41','2024-06-11 07:52:41'),('9c42747d-2386-4e6a-b686-b4de293bf7eb','sporty-track-pants-xl',22.99,'9c427407-0bb8-4bb4-97cd-ba830bdf6728','',0,'M-TR003-XL','{\"en\":\"\"}','[\"9c4273e4-3a4a-4b23-9993-225be33cc186\"]',1,NULL,'2024-06-11 07:52:41','2024-06-11 07:52:41'),('9c42747d-284a-4f5d-87af-c2a88c2805a7','classic-cotton-crew-socks-8',12.99,'9c427408-ebac-4870-8635-1e21ee25ac0b','',51,'M-SK001-8','{\"en\":\"\"}','[\"9c4273e6-3425-4d96-89a1-2217de7ef932\"]',1,NULL,'2024-06-11 07:52:41','2024-06-11 07:52:41'),('9c42747d-2b79-422e-9f4d-04114482af1f','classic-cotton-crew-socks-9',12.99,'9c427408-ebac-4870-8635-1e21ee25ac0b','',8,'M-SK001-9','{\"en\":\"\"}','[\"9c4273e5-c695-4b23-b09b-695b7e9fc260\"]',1,NULL,'2024-06-11 07:52:41','2024-06-11 07:52:41'),('9c42747d-2f5f-4517-b9b3-8b106d89fc15','classic-cotton-crew-socks-10',12.99,'9c427408-ebac-4870-8635-1e21ee25ac0b','',24,'M-SK001-10','{\"en\":\"\"}','[\"9c4273e5-5102-4756-b401-22fb6c3fa749\"]',1,NULL,'2024-06-11 07:52:41','2024-06-11 07:52:41'),('9c42747d-3371-4b0a-a6b9-215e9d782b95','sporty-ankle-socks-8',14.50,'9c42740a-d67a-48f4-9927-04e9464288f4','',10,'M-SK002-8','{\"en\":\"\"}','[\"9c4273e6-3425-4d96-89a1-2217de7ef932\"]',1,NULL,'2024-06-11 07:52:41','2024-06-11 07:52:41'),('9c42747d-3760-4bb8-a341-a0c9acae49d2','sporty-ankle-socks-9',14.50,'9c42740a-d67a-48f4-9927-04e9464288f4','',2,'M-SK002-9','{\"en\":\"\"}','[\"9c4273e5-c695-4b23-b09b-695b7e9fc260\"]',1,NULL,'2024-06-11 07:52:41','2024-06-11 07:52:41'),('9c42747d-3ab4-40f6-9f92-e646a9c60fdb','sporty-ankle-socks-10',14.50,'9c42740a-d67a-48f4-9927-04e9464288f4','',51,'M-SK002-10','{\"en\":\"\"}','[\"9c4273e5-5102-4756-b401-22fb6c3fa749\"]',1,NULL,'2024-06-11 07:52:41','2024-06-11 07:52:41'),('9c42747d-3e02-424c-a8c1-af78fccde570','casual-low-cut-socks-8',11.99,'9c42740c-a29e-4467-bc11-b66993b6a9a3','',49,'M-SK003-8','{\"en\":\"\"}','[\"9c4273e6-3425-4d96-89a1-2217de7ef932\"]',1,NULL,'2024-06-11 07:52:41','2024-06-11 07:52:41'),('9c42747d-41b0-435a-a386-eb8efbc6dfa3','casual-low-cut-socks-9',11.99,'9c42740c-a29e-4467-bc11-b66993b6a9a3','',45,'M-SK003-9','{\"en\":\"\"}','[\"9c4273e5-c695-4b23-b09b-695b7e9fc260\"]',1,NULL,'2024-06-11 07:52:41','2024-06-11 07:52:41'),('9c42747d-4589-4721-8eef-4c44acda16f2','casual-low-cut-socks-10',11.99,'9c42740c-a29e-4467-bc11-b66993b6a9a3','',19,'M-SK003-10','{\"en\":\"\"}','[\"9c4273e5-5102-4756-b401-22fb6c3fa749\"]',1,NULL,'2024-06-11 07:52:41','2024-06-11 07:52:41'),('9c42747d-49d8-44fd-8686-10dfd5608b76','sporty-performance-polo-xs',19.50,'9c427410-66d7-441a-8e70-d6d91f6923bc','',0,'W-P002-XS','{\"en\":\"\"}','[\"9c4273e5-182c-4f24-8a7e-8fe7111b8553\"]',1,NULL,'2024-06-11 07:52:41','2024-06-11 07:52:41'),('9c42747d-5529-4a27-b1a8-5ae352b9e421','sporty-performance-polo-s',19.50,'9c427410-66d7-441a-8e70-d6d91f6923bc','',3,'W-P002-S','{\"en\":\"\"}','[\"9c4273e4-e1a6-45d6-b0fa-aeea949ea259\"]',1,NULL,'2024-06-11 07:52:41','2024-06-11 07:52:41'),('9c42747d-58fb-4d26-961b-5e5c7ea80164','sporty-performance-polo-m',19.50,'9c427410-66d7-441a-8e70-d6d91f6923bc','',12,'W-P002-M','{\"en\":\"\"}','[\"9c4273e4-ab2c-49ad-bece-4d2dee0079e5\"]',1,NULL,'2024-06-11 07:52:41','2024-06-11 07:52:41'),('9c42747d-5c2b-4f0d-9a8c-f8af497967f0','sporty-performance-polo-l',19.50,'9c427410-66d7-441a-8e70-d6d91f6923bc','',3,'W-P002-L','{\"en\":\"\"}','[\"9c4273e4-74b6-44cf-91c0-824a31dcb756\"]',1,NULL,'2024-06-11 07:52:41','2024-06-11 07:52:41'),('9c42747d-5f65-4ee8-8697-35c4031b7743','sporty-performance-polo-xl',19.50,'9c427410-66d7-441a-8e70-d6d91f6923bc','',6,'W-P002-XL','{\"en\":\"\"}','[\"9c4273e4-3a4a-4b23-9993-225be33cc186\"]',1,NULL,'2024-06-11 07:52:41','2024-06-11 07:52:41'),('9c42747d-626d-49e5-a04b-5480e15dc63d','casual-denim-skirt-xs',24.50,'9c427416-3a4e-455e-a179-19c5451fa787','',30,'W-S002-XS','{\"en\":\"\"}','[\"9c4273e5-182c-4f24-8a7e-8fe7111b8553\"]',1,NULL,'2024-06-11 07:52:41','2024-06-11 07:52:41'),('9c42747d-65c9-4365-9dce-a2869f81a666','casual-denim-skirt-s',24.50,'9c427416-3a4e-455e-a179-19c5451fa787','',1,'W-S002-S','{\"en\":\"\"}','[\"9c4273e4-e1a6-45d6-b0fa-aeea949ea259\"]',1,NULL,'2024-06-11 07:52:41','2024-06-11 07:52:41'),('9c42747d-691e-41a1-b499-f87a5d5f0c55','casual-denim-skirt-m',24.50,'9c427416-3a4e-455e-a179-19c5451fa787','',29,'W-S002-M','{\"en\":\"\"}','[\"9c4273e4-ab2c-49ad-bece-4d2dee0079e5\"]',1,NULL,'2024-06-11 07:52:41','2024-06-11 07:52:41'),('9c42747d-6c3f-4744-a4e0-602c9420bffc','casual-denim-skirt-l',24.50,'9c427416-3a4e-455e-a179-19c5451fa787','',25,'W-S002-L','{\"en\":\"\"}','[\"9c4273e4-74b6-44cf-91c0-824a31dcb756\"]',1,NULL,'2024-06-11 07:52:41','2024-06-11 07:52:41'),('9c42747d-6f58-4d42-85c3-7e4babf1701b','casual-denim-skirt-xl',24.50,'9c427416-3a4e-455e-a179-19c5451fa787','',13,'W-S002-XL','{\"en\":\"\"}','[\"9c4273e4-3a4a-4b23-9993-225be33cc186\"]',1,NULL,'2024-06-11 07:52:41','2024-06-11 07:52:41'),('9c42747d-729f-485c-9066-2f37bb38424b','floral-midi-skirt-xs',22.99,'9c427418-4736-4bac-99cc-ada2a171a3ae','',27,'W-S003-XS','{\"en\":\"\"}','[\"9c4273e5-182c-4f24-8a7e-8fe7111b8553\"]',1,NULL,'2024-06-11 07:52:41','2024-06-11 07:52:41'),('9c42747d-762b-4bd6-838b-190891ec1c56','floral-midi-skirt-s',22.99,'9c427418-4736-4bac-99cc-ada2a171a3ae','',38,'W-S003-S','{\"en\":\"\"}','[\"9c4273e4-e1a6-45d6-b0fa-aeea949ea259\"]',1,NULL,'2024-06-11 07:52:41','2024-06-11 07:52:41'),('9c42747d-795a-4e5f-a78a-3c778166f4f4','floral-midi-skirt-m',22.99,'9c427418-4736-4bac-99cc-ada2a171a3ae','',22,'W-S003-M','{\"en\":\"\"}','[\"9c4273e4-ab2c-49ad-bece-4d2dee0079e5\"]',1,NULL,'2024-06-11 07:52:41','2024-06-11 07:52:41'),('9c42747d-7cfe-48fe-9b48-874e74e444a3','floral-midi-skirt-l',22.99,'9c427418-4736-4bac-99cc-ada2a171a3ae','',7,'W-S003-L','{\"en\":\"\"}','[\"9c4273e4-74b6-44cf-91c0-824a31dcb756\"]',1,NULL,'2024-06-11 07:52:41','2024-06-11 07:52:41'),('9c42747d-80ce-4a5b-b765-15e268bbed0f','floral-midi-skirt-xl',22.99,'9c427418-4736-4bac-99cc-ada2a171a3ae','',42,'W-S003-XL','{\"en\":\"\"}','[\"9c4273e4-3a4a-4b23-9993-225be33cc186\"]',1,NULL,'2024-06-11 07:52:41','2024-06-11 07:52:41'),('9c42747d-83dd-42b4-bdc0-41c507b6840f','classic-wool-jumper-xs',29.99,'9c42741a-1905-48d1-9c24-0021a2a51367','',3,'W-J001-XS','{\"en\":\"\"}','[\"9c4273e5-182c-4f24-8a7e-8fe7111b8553\"]',1,NULL,'2024-06-11 07:52:41','2024-06-11 07:52:41'),('9c42747d-8783-486c-8dd3-2ca836a341a2','classic-wool-jumper-s',29.99,'9c42741a-1905-48d1-9c24-0021a2a51367','',53,'W-J001-S','{\"en\":\"\"}','[\"9c4273e4-e1a6-45d6-b0fa-aeea949ea259\"]',1,NULL,'2024-06-11 07:52:41','2024-06-11 07:52:41'),('9c42747d-8a7c-42fd-92e0-950ce356c233','classic-wool-jumper-m',29.99,'9c42741a-1905-48d1-9c24-0021a2a51367','',28,'W-J001-M','{\"en\":\"\"}','[\"9c4273e4-ab2c-49ad-bece-4d2dee0079e5\"]',1,NULL,'2024-06-11 07:52:41','2024-06-11 07:52:41'),('9c42747d-8e0e-4d9a-85d4-a320e6231c1d','classic-wool-jumper-l',29.99,'9c42741a-1905-48d1-9c24-0021a2a51367','',17,'W-J001-L','{\"en\":\"\"}','[\"9c4273e4-74b6-44cf-91c0-824a31dcb756\"]',1,NULL,'2024-06-11 07:52:41','2024-06-11 07:52:41'),('9c42747d-9136-422e-9726-2dce8a3c0d05','classic-wool-jumper-xl',29.99,'9c42741a-1905-48d1-9c24-0021a2a51367','',36,'W-J001-XL','{\"en\":\"\"}','[\"9c4273e4-3a4a-4b23-9993-225be33cc186\"]',1,NULL,'2024-06-11 07:52:41','2024-06-11 07:52:41'),('9c42747d-94c9-4a97-84b8-02ba1cc08157','casual-v-neck-jumper-xs',21.50,'9c42741b-fbd5-4310-856c-6e9d03e2615e','',8,'W-J002-XS','{\"en\":\"\"}','[\"9c4273e5-182c-4f24-8a7e-8fe7111b8553\"]',1,NULL,'2024-06-11 07:52:41','2024-06-11 07:52:41'),('9c42747d-97ea-4409-9928-8253082881b2','casual-v-neck-jumper-s',21.50,'9c42741b-fbd5-4310-856c-6e9d03e2615e','',22,'W-J002-S','{\"en\":\"\"}','[\"9c4273e4-e1a6-45d6-b0fa-aeea949ea259\"]',1,NULL,'2024-06-11 07:52:41','2024-06-11 07:52:41'),('9c42747d-9ba8-48e3-b65c-db9f3bbd8659','casual-v-neck-jumper-m',21.50,'9c42741b-fbd5-4310-856c-6e9d03e2615e','',51,'W-J002-M','{\"en\":\"\"}','[\"9c4273e4-ab2c-49ad-bece-4d2dee0079e5\"]',1,NULL,'2024-06-11 07:52:41','2024-06-11 07:52:41'),('9c42747d-a0b1-4a85-8050-f491b2013f08','casual-v-neck-jumper-l',21.50,'9c42741b-fbd5-4310-856c-6e9d03e2615e','',23,'W-J002-L','{\"en\":\"\"}','[\"9c4273e4-74b6-44cf-91c0-824a31dcb756\"]',1,NULL,'2024-06-11 07:52:41','2024-06-11 07:52:41'),('9c42747d-a437-4aaa-a449-685a52a34d23','casual-v-neck-jumper-xl',21.50,'9c42741b-fbd5-4310-856c-6e9d03e2615e','',0,'W-J002-XL','{\"en\":\"\"}','[\"9c4273e4-3a4a-4b23-9993-225be33cc186\"]',1,NULL,'2024-06-11 07:52:41','2024-06-11 07:52:41'),('9c42747d-a74c-49fa-b695-0538091660d4','classic-dress-trousers-1-xs',29.99,'9c42741f-c8c5-4197-b78a-2aec13df1767','',28,'W-TR001-XS','{\"en\":\"\"}','[\"9c4273e5-182c-4f24-8a7e-8fe7111b8553\"]',1,NULL,'2024-06-11 07:52:41','2024-06-11 07:52:41'),('9c42747d-ab08-41df-9b1a-e0632e808e42','classic-dress-trousers-1-s',29.99,'9c42741f-c8c5-4197-b78a-2aec13df1767','',36,'W-TR001-S','{\"en\":\"\"}','[\"9c4273e4-e1a6-45d6-b0fa-aeea949ea259\"]',1,NULL,'2024-06-11 07:52:41','2024-06-11 07:52:41'),('9c42747d-ae25-40f4-b568-0810ed706f71','classic-dress-trousers-1-m',29.99,'9c42741f-c8c5-4197-b78a-2aec13df1767','',2,'W-TR001-M','{\"en\":\"\"}','[\"9c4273e4-ab2c-49ad-bece-4d2dee0079e5\"]',1,NULL,'2024-06-11 07:52:41','2024-06-11 07:52:41'),('9c42747d-b1ce-4f44-b6c7-4c16127430ff','classic-dress-trousers-1-l',29.99,'9c42741f-c8c5-4197-b78a-2aec13df1767','',43,'W-TR001-L','{\"en\":\"\"}','[\"9c4273e4-74b6-44cf-91c0-824a31dcb756\"]',1,NULL,'2024-06-11 07:52:41','2024-06-11 07:52:41'),('9c42747d-b54a-4160-9bc2-201190bcdbfa','classic-dress-trousers-1-xl',29.99,'9c42741f-c8c5-4197-b78a-2aec13df1767','',1,'W-TR001-XL','{\"en\":\"\"}','[\"9c4273e4-3a4a-4b23-9993-225be33cc186\"]',1,NULL,'2024-06-11 07:52:41','2024-06-11 07:52:41'),('9c42747d-b8fa-448b-875d-840d2d0d35e4','sporty-track-pants-1-xs',22.99,'9c427423-8dc7-4a04-8a33-d838f1989a0d','',6,'W-TR003-XS','{\"en\":\"\"}','[\"9c4273e5-182c-4f24-8a7e-8fe7111b8553\"]',1,NULL,'2024-06-11 07:52:41','2024-06-11 07:52:41'),('9c42747d-bc67-46a3-81f7-bd3c48270b26','sporty-track-pants-1-s',22.99,'9c427423-8dc7-4a04-8a33-d838f1989a0d','',17,'W-TR003-S','{\"en\":\"\"}','[\"9c4273e4-e1a6-45d6-b0fa-aeea949ea259\"]',1,NULL,'2024-06-11 07:52:41','2024-06-11 07:52:41'),('9c42747d-bffa-4dbc-b7b1-3d3a18a5dcb9','sporty-track-pants-1-m',22.99,'9c427423-8dc7-4a04-8a33-d838f1989a0d','',3,'W-TR003-M','{\"en\":\"\"}','[\"9c4273e4-ab2c-49ad-bece-4d2dee0079e5\"]',1,NULL,'2024-06-11 07:52:41','2024-06-11 07:52:41'),('9c42747d-c3a1-4853-91a4-915e2e1b69ef','sporty-track-pants-1-l',22.99,'9c427423-8dc7-4a04-8a33-d838f1989a0d','',12,'W-TR003-L','{\"en\":\"\"}','[\"9c4273e4-74b6-44cf-91c0-824a31dcb756\"]',1,NULL,'2024-06-11 07:52:41','2024-06-11 07:52:41'),('9c42747d-c715-4da5-8831-fe9c2d4b60d5','sporty-track-pants-1-xl',22.99,'9c427423-8dc7-4a04-8a33-d838f1989a0d','',0,'W-TR003-XL','{\"en\":\"\"}','[\"9c4273e4-3a4a-4b23-9993-225be33cc186\"]',1,NULL,'2024-06-11 07:52:41','2024-06-11 07:52:41'),('9c42747d-c9d3-427e-a849-8c5f3b22ec69','classic-cotton-crew-socks-1-8',12.99,'9c427425-6dfb-4e1b-911c-8a16fc149b20','',40,'W-SK001-8','{\"en\":\"\"}','[\"9c4273e6-3425-4d96-89a1-2217de7ef932\"]',1,NULL,'2024-06-11 07:52:41','2024-06-11 07:52:41'),('9c42747d-cd7c-44c4-b7b8-ed338c476932','classic-cotton-crew-socks-1-9',12.99,'9c427425-6dfb-4e1b-911c-8a16fc149b20','',26,'W-SK001-9','{\"en\":\"\"}','[\"9c4273e5-c695-4b23-b09b-695b7e9fc260\"]',1,NULL,'2024-06-11 07:52:41','2024-06-11 07:52:41'),('9c42747d-d0f1-4ab4-920c-fed7ba1918d0','classic-cotton-crew-socks-1-10',12.99,'9c427425-6dfb-4e1b-911c-8a16fc149b20','',40,'W-SK001-10','{\"en\":\"\"}','[\"9c4273e5-5102-4756-b401-22fb6c3fa749\"]',1,NULL,'2024-06-11 07:52:41','2024-06-11 07:52:41'),('9c42747d-d483-42c4-bdc9-d2dbc91b0200','sporty-ankle-socks-1-8',14.50,'9c427427-5fa8-4839-8daf-9e78672196ad','',34,'W-SK002-8','{\"en\":\"\"}','[\"9c4273e6-3425-4d96-89a1-2217de7ef932\"]',1,NULL,'2024-06-11 07:52:41','2024-06-11 07:52:41'),('9c42747d-d800-45b4-a41e-9868a90d5671','sporty-ankle-socks-1-9',14.50,'9c427427-5fa8-4839-8daf-9e78672196ad','',18,'W-SK002-9','{\"en\":\"\"}','[\"9c4273e5-c695-4b23-b09b-695b7e9fc260\"]',1,NULL,'2024-06-11 07:52:41','2024-06-11 07:52:41'),('9c42747d-dadf-4ed3-8ad9-3418a66e6c12','sporty-ankle-socks-1-10',14.50,'9c427427-5fa8-4839-8daf-9e78672196ad','',53,'W-SK002-10','{\"en\":\"\"}','[\"9c4273e5-5102-4756-b401-22fb6c3fa749\"]',1,NULL,'2024-06-11 07:52:41','2024-06-11 07:52:41'),('9c42747d-ddd8-43dd-a649-7d8515bf5400','casual-low-cut-socks-1-8',11.99,'9c427429-4eb4-4416-a99d-1d7e587375ac','',26,'W-SK003-8','{\"en\":\"\"}','[\"9c4273e6-3425-4d96-89a1-2217de7ef932\"]',1,NULL,'2024-06-11 07:52:41','2024-06-11 07:52:41'),('9c42747d-e0ea-49cd-8ba7-8cc52d40bc85','casual-low-cut-socks-1-9',11.99,'9c427429-4eb4-4416-a99d-1d7e587375ac','',27,'W-SK003-9','{\"en\":\"\"}','[\"9c4273e5-c695-4b23-b09b-695b7e9fc260\"]',1,NULL,'2024-06-11 07:52:41','2024-06-11 07:52:41'),('9c42747d-e431-4a31-addd-c26b7a0a6c32','casual-low-cut-socks-1-10',11.99,'9c427429-4eb4-4416-a99d-1d7e587375ac','',18,'W-SK003-10','{\"en\":\"\"}','[\"9c4273e5-5102-4756-b401-22fb6c3fa749\"]',1,NULL,'2024-06-11 07:52:41','2024-06-11 07:52:41'),('9c42747d-e73a-4be8-9fe7-e47f62e5c4eb','casual-slip-on-sneakers-8',28.99,'9c42742b-4b68-4f6a-af3d-c719dbd717de','',4,'W-SN001-8','{\"en\":\"\"}','[\"9c4273e6-3425-4d96-89a1-2217de7ef932\"]',1,NULL,'2024-06-11 07:52:41','2024-06-11 07:52:41'),('9c42747d-eac3-4c78-8ea2-d18d3aaf6e25','casual-slip-on-sneakers-8.5',28.99,'9c42742b-4b68-4f6a-af3d-c719dbd717de','',41,'W-SN001-8.5','{\"en\":\"\"}','[\"9c4273e5-fec8-437f-9577-4476ee83fa61\"]',1,NULL,'2024-06-11 07:52:41','2024-06-11 07:52:41'),('9c42747d-ee09-431f-aa00-6b95da00bb94','casual-slip-on-sneakers-9',28.99,'9c42742b-4b68-4f6a-af3d-c719dbd717de','',20,'W-SN001-9','{\"en\":\"\"}','[\"9c4273e5-c695-4b23-b09b-695b7e9fc260\"]',1,NULL,'2024-06-11 07:52:41','2024-06-11 07:52:41'),('9c42747d-f0ef-4265-ac49-02e71b652c66','casual-slip-on-sneakers-9.5',28.99,'9c42742b-4b68-4f6a-af3d-c719dbd717de','',33,'W-SN001-9.5','{\"en\":\"\"}','[\"9c4273e5-8cb6-4bf4-a012-fc3977b8851c\"]',1,NULL,'2024-06-11 07:52:41','2024-06-11 07:52:41'),('9c42747d-f3e6-4c1e-b1d0-7ebdb01091ab','casual-slip-on-sneakers-10',28.99,'9c42742b-4b68-4f6a-af3d-c719dbd717de','',45,'W-SN001-10','{\"en\":\"\"}','[\"9c4273e5-5102-4756-b401-22fb6c3fa749\"]',1,NULL,'2024-06-11 07:52:41','2024-06-11 07:52:41'),('9c42747d-f6e7-4cbc-8b4e-08330893c964','fashion-high-top-sneakers-8',29.99,'9c42742f-84a7-4044-93ad-c302befa0258','',18,'W-SN003-8','{\"en\":\"\"}','[\"9c4273e6-3425-4d96-89a1-2217de7ef932\"]',1,NULL,'2024-06-11 07:52:41','2024-06-11 07:52:41'),('9c42747d-fa00-40f3-b4bc-74346fb4d2db','fashion-high-top-sneakers-8.5',29.99,'9c42742f-84a7-4044-93ad-c302befa0258','',53,'W-SN003-8.5','{\"en\":\"\"}','[\"9c4273e5-fec8-437f-9577-4476ee83fa61\"]',1,NULL,'2024-06-11 07:52:41','2024-06-11 07:52:41'),('9c42747d-fced-4a7b-9b58-007ea82376a1','fashion-high-top-sneakers-9',29.99,'9c42742f-84a7-4044-93ad-c302befa0258','',30,'W-SN003-9','{\"en\":\"\"}','[\"9c4273e5-c695-4b23-b09b-695b7e9fc260\"]',1,NULL,'2024-06-11 07:52:41','2024-06-11 07:52:41'),('9c42747e-0047-4dbe-bf07-f5c3909c380b','fashion-high-top-sneakers-9.5',29.99,'9c42742f-84a7-4044-93ad-c302befa0258','',13,'W-SN003-9.5','{\"en\":\"\"}','[\"9c4273e5-8cb6-4bf4-a012-fc3977b8851c\"]',1,NULL,'2024-06-11 07:52:41','2024-06-11 07:52:41'),('9c42747e-03b1-4256-9205-643fe889daa6','fashion-high-top-sneakers-10',29.99,'9c42742f-84a7-4044-93ad-c302befa0258','',10,'W-SN003-10','{\"en\":\"\"}','[\"9c4273e5-5102-4756-b401-22fb6c3fa749\"]',1,NULL,'2024-06-11 07:52:41','2024-06-11 07:52:41'),('9c42747e-077b-4d0a-876d-91f37f10ce2e','casual-slide-sandals-8',19.99,'9c427431-3343-4c53-842f-77ed317cb077','',6,'W-SA001-8','{\"en\":\"\"}','[\"9c4273e6-3425-4d96-89a1-2217de7ef932\"]',1,NULL,'2024-06-11 07:52:41','2024-06-11 07:52:41'),('9c42747e-0af3-4bc5-8385-bc1050edd960','casual-slide-sandals-8.5',19.99,'9c427431-3343-4c53-842f-77ed317cb077','',50,'W-SA001-8.5','{\"en\":\"\"}','[\"9c4273e5-fec8-437f-9577-4476ee83fa61\"]',1,NULL,'2024-06-11 07:52:41','2024-06-11 07:52:41'),('9c42747e-0eae-4cc0-a69c-a9eb333bc556','casual-slide-sandals-9',19.99,'9c427431-3343-4c53-842f-77ed317cb077','',15,'W-SA001-9','{\"en\":\"\"}','[\"9c4273e5-c695-4b23-b09b-695b7e9fc260\"]',1,NULL,'2024-06-11 07:52:41','2024-06-11 07:52:41'),('9c42747e-119d-4ff9-8b88-5732f7d54276','casual-slide-sandals-9.5',19.99,'9c427431-3343-4c53-842f-77ed317cb077','',2,'W-SA001-9.5','{\"en\":\"\"}','[\"9c4273e5-8cb6-4bf4-a012-fc3977b8851c\"]',1,NULL,'2024-06-11 07:52:41','2024-06-11 07:52:41'),('9c42747e-14fc-4305-b379-8cb13bf28e45','casual-slide-sandals-10',19.99,'9c427431-3343-4c53-842f-77ed317cb077','',45,'W-SA001-10','{\"en\":\"\"}','[\"9c4273e5-5102-4756-b401-22fb6c3fa749\"]',1,NULL,'2024-06-11 07:52:41','2024-06-11 07:52:41'),('9c42747e-18b0-439e-9475-93824b731251','strappy-beach-sandals-8',23.50,'9c427433-1e9b-4cc3-9c5d-8da2bcf59d0d','',0,'W-SA002-8','{\"en\":\"\"}','[\"9c4273e6-3425-4d96-89a1-2217de7ef932\"]',1,NULL,'2024-06-11 07:52:41','2024-06-11 07:52:41'),('9c42747e-1dfb-4eac-a9b0-1a5421dfa937','strappy-beach-sandals-8.5',23.50,'9c427433-1e9b-4cc3-9c5d-8da2bcf59d0d','',44,'W-SA002-8.5','{\"en\":\"\"}','[\"9c4273e5-fec8-437f-9577-4476ee83fa61\"]',1,NULL,'2024-06-11 07:52:41','2024-06-11 07:52:41'),('9c42747e-2140-47ff-95ad-e2b3e8fe97aa','strappy-beach-sandals-9',23.50,'9c427433-1e9b-4cc3-9c5d-8da2bcf59d0d','',2,'W-SA002-9','{\"en\":\"\"}','[\"9c4273e5-c695-4b23-b09b-695b7e9fc260\"]',1,NULL,'2024-06-11 07:52:41','2024-06-11 07:52:41'),('9c42747e-24f5-4e2a-9e6f-8961557e5c17','strappy-beach-sandals-9.5',23.50,'9c427433-1e9b-4cc3-9c5d-8da2bcf59d0d','',2,'W-SA002-9.5','{\"en\":\"\"}','[\"9c4273e5-8cb6-4bf4-a012-fc3977b8851c\"]',1,NULL,'2024-06-11 07:52:41','2024-06-11 07:52:41'),('9c42747e-285c-4491-92b9-e3d85ccc7027','strappy-beach-sandals-10',23.50,'9c427433-1e9b-4cc3-9c5d-8da2bcf59d0d','',9,'W-SA002-10','{\"en\":\"\"}','[\"9c4273e5-5102-4756-b401-22fb6c3fa749\"]',1,NULL,'2024-06-11 07:52:41','2024-06-11 07:52:41'),('9c42747e-2bb2-42a5-8c97-20843e6a4242','fashion-wedge-sandals-8',28.99,'9c427434-e614-4d37-9373-f118c3b87caa','',17,'W-SA003-8','{\"en\":\"\"}','[\"9c4273e6-3425-4d96-89a1-2217de7ef932\"]',1,NULL,'2024-06-11 07:52:42','2024-06-11 07:52:42'),('9c42747e-2f4e-4308-bd17-772bb96f620f','fashion-wedge-sandals-8.5',28.99,'9c427434-e614-4d37-9373-f118c3b87caa','',46,'W-SA003-8.5','{\"en\":\"\"}','[\"9c4273e5-fec8-437f-9577-4476ee83fa61\"]',1,NULL,'2024-06-11 07:52:42','2024-06-11 07:52:42'),('9c42747e-327e-4c37-b9eb-2b68fcc40d0b','fashion-wedge-sandals-9',28.99,'9c427434-e614-4d37-9373-f118c3b87caa','',37,'W-SA003-9','{\"en\":\"\"}','[\"9c4273e5-c695-4b23-b09b-695b7e9fc260\"]',1,NULL,'2024-06-11 07:52:42','2024-06-11 07:52:42'),('9c42747e-36d3-46e2-a667-86c233158832','fashion-wedge-sandals-9.5',28.99,'9c427434-e614-4d37-9373-f118c3b87caa','',21,'W-SA003-9.5','{\"en\":\"\"}','[\"9c4273e5-8cb6-4bf4-a012-fc3977b8851c\"]',1,NULL,'2024-06-11 07:52:42','2024-06-11 07:52:42'),('9c42747e-3a75-44cd-8639-4293bd5f4f71','fashion-wedge-sandals-10',28.99,'9c427434-e614-4d37-9373-f118c3b87caa','',10,'W-SA003-10','{\"en\":\"\"}','[\"9c4273e5-5102-4756-b401-22fb6c3fa749\"]',1,NULL,'2024-06-11 07:52:42','2024-06-11 07:52:42'),('9c42747e-3de3-4859-964f-1b5462536c9e','lace-up-combat-boots-8',26.50,'9c427438-579b-4f07-afad-05fd1c27ccd1','',0,'W-BO002-8','{\"en\":\"\"}','[\"9c4273e6-3425-4d96-89a1-2217de7ef932\"]',1,NULL,'2024-06-11 07:52:42','2024-06-11 07:52:42'),('9c42747e-41fd-44e2-938a-7f2859d8a16d','lace-up-combat-boots-8.5',26.50,'9c427438-579b-4f07-afad-05fd1c27ccd1','',0,'W-BO002-8.5','{\"en\":\"\"}','[\"9c4273e5-fec8-437f-9577-4476ee83fa61\"]',1,NULL,'2024-06-11 07:52:42','2024-06-11 07:52:42'),('9c42747e-45e3-4697-af02-b6102eb418fe','lace-up-combat-boots-9',26.50,'9c427438-579b-4f07-afad-05fd1c27ccd1','',16,'W-BO002-9','{\"en\":\"\"}','[\"9c4273e5-c695-4b23-b09b-695b7e9fc260\"]',1,NULL,'2024-06-11 07:52:42','2024-06-11 07:52:42'),('9c42747e-4be9-472d-a761-aa96c3e6f63f','lace-up-combat-boots-9.5',26.50,'9c427438-579b-4f07-afad-05fd1c27ccd1','',37,'W-BO002-9.5','{\"en\":\"\"}','[\"9c4273e5-8cb6-4bf4-a012-fc3977b8851c\"]',1,NULL,'2024-06-11 07:52:42','2024-06-11 07:52:42'),('9c42747e-4f21-4a76-88de-7fb6563dda71','lace-up-combat-boots-10',26.50,'9c427438-579b-4f07-afad-05fd1c27ccd1','',34,'W-BO002-10','{\"en\":\"\"}','[\"9c4273e5-5102-4756-b401-22fb6c3fa749\"]',1,NULL,'2024-06-11 07:52:42','2024-06-11 07:52:42'),('9c42747e-52e2-435b-8bf8-3629f68206ff','fashion-knee-high-boots-8',29.99,'9c42743a-34af-4ae7-9298-273fbd731492','',32,'W-BO003-8','{\"en\":\"\"}','[\"9c4273e6-3425-4d96-89a1-2217de7ef932\"]',1,NULL,'2024-06-11 07:52:42','2024-06-11 07:52:42'),('9c42747e-560f-4c68-a0e8-8c6504e21256','fashion-knee-high-boots-8.5',29.99,'9c42743a-34af-4ae7-9298-273fbd731492','',14,'W-BO003-8.5','{\"en\":\"\"}','[\"9c4273e5-fec8-437f-9577-4476ee83fa61\"]',1,NULL,'2024-06-11 07:52:42','2024-06-11 07:52:42'),('9c42747e-5b1d-48b4-9dd8-320089a66b98','fashion-knee-high-boots-9',29.99,'9c42743a-34af-4ae7-9298-273fbd731492','',34,'W-BO003-9','{\"en\":\"\"}','[\"9c4273e5-c695-4b23-b09b-695b7e9fc260\"]',1,NULL,'2024-06-11 07:52:42','2024-06-11 07:52:42'),('9c42747e-5e71-4190-b399-ed3ea86c7dc5','fashion-knee-high-boots-9.5',29.99,'9c42743a-34af-4ae7-9298-273fbd731492','',10,'W-BO003-9.5','{\"en\":\"\"}','[\"9c4273e5-8cb6-4bf4-a012-fc3977b8851c\"]',1,NULL,'2024-06-11 07:52:42','2024-06-11 07:52:42'),('9c42747e-6141-4f8d-8c35-9734482ad77b','fashion-knee-high-boots-10',29.99,'9c42743a-34af-4ae7-9298-273fbd731492','',12,'W-BO003-10','{\"en\":\"\"}','[\"9c4273e5-5102-4756-b401-22fb6c3fa749\"]',1,NULL,'2024-06-11 07:52:42','2024-06-11 07:52:42'),('9c42747e-649e-4cde-9419-68f8927688ad','platform-slip-on-shoes-8',28.99,'9c42743b-e518-4ba1-917a-f5553b612d2f','',31,'W-PS001-8','{\"en\":\"\"}','[\"9c4273e6-3425-4d96-89a1-2217de7ef932\"]',1,NULL,'2024-06-11 07:52:42','2024-06-11 07:52:42'),('9c42747e-67e6-4923-aea0-79aebc135f53','platform-slip-on-shoes-8.5',28.99,'9c42743b-e518-4ba1-917a-f5553b612d2f','',30,'W-PS001-8.5','{\"en\":\"\"}','[\"9c4273e5-fec8-437f-9577-4476ee83fa61\"]',1,NULL,'2024-06-11 07:52:42','2024-06-11 07:52:42'),('9c42747e-6b3c-408e-a7e4-b7d2b1e266d8','platform-slip-on-shoes-9',28.99,'9c42743b-e518-4ba1-917a-f5553b612d2f','',4,'W-PS001-9','{\"en\":\"\"}','[\"9c4273e5-c695-4b23-b09b-695b7e9fc260\"]',1,NULL,'2024-06-11 07:52:42','2024-06-11 07:52:42'),('9c42747e-6ee0-48c5-91c8-7e6e134e1163','platform-slip-on-shoes-9.5',28.99,'9c42743b-e518-4ba1-917a-f5553b612d2f','',18,'W-PS001-9.5','{\"en\":\"\"}','[\"9c4273e5-8cb6-4bf4-a012-fc3977b8851c\"]',1,NULL,'2024-06-11 07:52:42','2024-06-11 07:52:42'),('9c42747e-7235-4c47-8957-2fda3d5535c0','platform-slip-on-shoes-10',28.99,'9c42743b-e518-4ba1-917a-f5553b612d2f','',45,'W-PS001-10','{\"en\":\"\"}','[\"9c4273e5-5102-4756-b401-22fb6c3fa749\"]',1,NULL,'2024-06-11 07:52:42','2024-06-11 07:52:42'),('9c42747e-75ca-44d5-9d17-2f1717f914eb','chunky-heel-platform-sandals-8',29.50,'9c42743d-c8b6-4f07-9d39-0ecfb4358f0e','',3,'W-PS002-8','{\"en\":\"\"}','[\"9c4273e6-3425-4d96-89a1-2217de7ef932\"]',1,NULL,'2024-06-11 07:52:42','2024-06-11 07:52:42'),('9c42747e-794f-4a36-97da-f36d93a83129','chunky-heel-platform-sandals-8.5',29.50,'9c42743d-c8b6-4f07-9d39-0ecfb4358f0e','',20,'W-PS002-8.5','{\"en\":\"\"}','[\"9c4273e5-fec8-437f-9577-4476ee83fa61\"]',1,NULL,'2024-06-11 07:52:42','2024-06-11 07:52:42'),('9c42747e-7c8b-4323-b9ab-7a63334773bc','chunky-heel-platform-sandals-9',29.50,'9c42743d-c8b6-4f07-9d39-0ecfb4358f0e','',10,'W-PS002-9','{\"en\":\"\"}','[\"9c4273e5-c695-4b23-b09b-695b7e9fc260\"]',1,NULL,'2024-06-11 07:52:42','2024-06-11 07:52:42'),('9c42747e-7ff6-4b7b-9b0d-1bb51026c4b9','chunky-heel-platform-sandals-9.5',29.50,'9c42743d-c8b6-4f07-9d39-0ecfb4358f0e','',14,'W-PS002-9.5','{\"en\":\"\"}','[\"9c4273e5-8cb6-4bf4-a012-fc3977b8851c\"]',1,NULL,'2024-06-11 07:52:42','2024-06-11 07:52:42'),('9c42747e-832a-4025-99e0-627fb7eb24ba','chunky-heel-platform-sandals-10',29.50,'9c42743d-c8b6-4f07-9d39-0ecfb4358f0e','',6,'W-PS002-10','{\"en\":\"\"}','[\"9c4273e5-5102-4756-b401-22fb6c3fa749\"]',1,NULL,'2024-06-11 07:52:42','2024-06-11 07:52:42'),('9c42747e-8676-4ad0-8b1c-b7f3b796610d','lace-up-platform-boots-8',31.99,'9c42743f-a06d-48c9-ae66-fd22fcc7022b','',5,'W-PS003-8','{\"en\":\"\"}','[\"9c4273e6-3425-4d96-89a1-2217de7ef932\"]',1,NULL,'2024-06-11 07:52:42','2024-06-11 07:52:42'),('9c42747e-89b9-4dea-8089-0ebce939acda','lace-up-platform-boots-8.5',31.99,'9c42743f-a06d-48c9-ae66-fd22fcc7022b','',11,'W-PS003-8.5','{\"en\":\"\"}','[\"9c4273e5-fec8-437f-9577-4476ee83fa61\"]',1,NULL,'2024-06-11 07:52:42','2024-06-11 07:52:42'),('9c42747e-8ced-4ec3-9e4b-ef8cf2062524','lace-up-platform-boots-9',31.99,'9c42743f-a06d-48c9-ae66-fd22fcc7022b','',0,'W-PS003-9','{\"en\":\"\"}','[\"9c4273e5-c695-4b23-b09b-695b7e9fc260\"]',1,NULL,'2024-06-11 07:52:42','2024-06-11 07:52:42'),('9c42747e-8fa4-466b-af45-65285a1d0e3c','lace-up-platform-boots-9.5',31.99,'9c42743f-a06d-48c9-ae66-fd22fcc7022b','',41,'W-PS003-9.5','{\"en\":\"\"}','[\"9c4273e5-8cb6-4bf4-a012-fc3977b8851c\"]',1,NULL,'2024-06-11 07:52:42','2024-06-11 07:52:42'),('9c42747e-9288-4534-a24d-9395e70b3c7f','lace-up-platform-boots-10',31.99,'9c42743f-a06d-48c9-ae66-fd22fcc7022b','',48,'W-PS003-10','{\"en\":\"\"}','[\"9c4273e5-5102-4756-b401-22fb6c3fa749\"]',1,NULL,'2024-06-11 07:52:42','2024-06-11 07:52:42'),('9c42747e-95a2-4957-a382-7f111cd9c11f','suede-tassel-loafers-8',26.50,'9c427443-48de-4fbb-a396-c0f3111607c8','',0,'M-LO002-8','{\"en\":\"\"}','[\"9c4273e6-3425-4d96-89a1-2217de7ef932\"]',1,NULL,'2024-06-11 07:52:42','2024-06-11 07:52:42'),('9c42747e-99bf-48d5-9759-93a97e3206dd','suede-tassel-loafers-8.5',26.50,'9c427443-48de-4fbb-a396-c0f3111607c8','',0,'M-LO002-8.5','{\"en\":\"\"}','[\"9c4273e5-fec8-437f-9577-4476ee83fa61\"]',1,NULL,'2024-06-11 07:52:42','2024-06-11 07:52:42'),('9c42747e-9cc1-4eb9-964e-6b53f12a9b8b','suede-tassel-loafers-9',26.50,'9c427443-48de-4fbb-a396-c0f3111607c8','',4,'M-LO002-9','{\"en\":\"\"}','[\"9c4273e5-c695-4b23-b09b-695b7e9fc260\"]',1,NULL,'2024-06-11 07:52:42','2024-06-11 07:52:42'),('9c42747e-a05d-4782-9b58-552760dcf617','suede-tassel-loafers-9.5',26.50,'9c427443-48de-4fbb-a396-c0f3111607c8','',11,'M-LO002-9.5','{\"en\":\"\"}','[\"9c4273e5-8cb6-4bf4-a012-fc3977b8851c\"]',1,NULL,'2024-06-11 07:52:42','2024-06-11 07:52:42'),('9c42747e-a506-499a-8cdf-3d223754f2a0','suede-tassel-loafers-10',26.50,'9c427443-48de-4fbb-a396-c0f3111607c8','',27,'M-LO002-10','{\"en\":\"\"}','[\"9c4273e5-5102-4756-b401-22fb6c3fa749\"]',1,NULL,'2024-06-11 07:52:42','2024-06-11 07:52:42'),('9c42747e-a90e-4618-8599-ad14243e7a43','fashion-slip-on-loafers-8',29.99,'9c427445-10fc-4a7c-bda2-902b5b9bebed','',32,'M-LO003-8','{\"en\":\"\"}','[\"9c4273e6-3425-4d96-89a1-2217de7ef932\"]',1,NULL,'2024-06-11 07:52:42','2024-06-11 07:52:42'),('9c42747e-ac46-424c-8fc6-4cb5685487ab','fashion-slip-on-loafers-8.5',29.99,'9c427445-10fc-4a7c-bda2-902b5b9bebed','',16,'M-LO003-8.5','{\"en\":\"\"}','[\"9c4273e5-fec8-437f-9577-4476ee83fa61\"]',1,NULL,'2024-06-11 07:52:42','2024-06-11 07:52:42'),('9c42747e-b04b-4720-b774-9325f09c4e1d','fashion-slip-on-loafers-9',29.99,'9c427445-10fc-4a7c-bda2-902b5b9bebed','',2,'M-LO003-9','{\"en\":\"\"}','[\"9c4273e5-c695-4b23-b09b-695b7e9fc260\"]',1,NULL,'2024-06-11 07:52:42','2024-06-11 07:52:42'),('9c42747e-b387-428a-99a5-b71d72123591','fashion-slip-on-loafers-9.5',29.99,'9c427445-10fc-4a7c-bda2-902b5b9bebed','',1,'M-LO003-9.5','{\"en\":\"\"}','[\"9c4273e5-8cb6-4bf4-a012-fc3977b8851c\"]',1,NULL,'2024-06-11 07:52:42','2024-06-11 07:52:42'),('9c42747e-b6c0-476a-99b0-003b758ce5bc','fashion-slip-on-loafers-10',29.99,'9c427445-10fc-4a7c-bda2-902b5b9bebed','',34,'M-LO003-10','{\"en\":\"\"}','[\"9c4273e5-5102-4756-b401-22fb6c3fa749\"]',1,NULL,'2024-06-11 07:52:42','2024-06-11 07:52:42'),('9c42747e-b9a4-4038-b95c-d979a96bef7c','casual-slide-sandals-1-8',19.99,'9c427446-c271-48cf-b751-8b51492dd566','',19,'M-SA001-8','{\"en\":\"\"}','[\"9c4273e6-3425-4d96-89a1-2217de7ef932\"]',1,NULL,'2024-06-11 07:52:42','2024-06-11 07:52:42'),('9c42747e-bd23-4feb-8e94-b7d1ce4be049','casual-slide-sandals-1-8.5',19.99,'9c427446-c271-48cf-b751-8b51492dd566','',17,'M-SA001-8.5','{\"en\":\"\"}','[\"9c4273e5-fec8-437f-9577-4476ee83fa61\"]',1,NULL,'2024-06-11 07:52:42','2024-06-11 07:52:42'),('9c42747e-c061-4f0b-89c0-8931411c56b4','casual-slide-sandals-1-9',19.99,'9c427446-c271-48cf-b751-8b51492dd566','',42,'M-SA001-9','{\"en\":\"\"}','[\"9c4273e5-c695-4b23-b09b-695b7e9fc260\"]',1,NULL,'2024-06-11 07:52:42','2024-06-11 07:52:42'),('9c42747e-c371-4a43-b916-1074821c444e','casual-slide-sandals-1-9.5',19.99,'9c427446-c271-48cf-b751-8b51492dd566','',14,'M-SA001-9.5','{\"en\":\"\"}','[\"9c4273e5-8cb6-4bf4-a012-fc3977b8851c\"]',1,NULL,'2024-06-11 07:52:42','2024-06-11 07:52:42'),('9c42747e-c689-42ba-897f-be33809df509','casual-slide-sandals-1-10',19.99,'9c427446-c271-48cf-b751-8b51492dd566','',39,'M-SA001-10','{\"en\":\"\"}','[\"9c4273e5-5102-4756-b401-22fb6c3fa749\"]',1,NULL,'2024-06-11 07:52:42','2024-06-11 07:52:42'),('9c42747e-c964-492d-9b80-35896057e467','sporty-outdoor-sandals-8',23.50,'9c427448-a5ad-44d0-b513-df19ec8971e3','',39,'M-SA002-8','{\"en\":\"\"}','[\"9c4273e6-3425-4d96-89a1-2217de7ef932\"]',1,NULL,'2024-06-11 07:52:42','2024-06-11 07:52:42'),('9c42747e-cccf-4f8d-a211-eb718ad5096b','sporty-outdoor-sandals-8.5',23.50,'9c427448-a5ad-44d0-b513-df19ec8971e3','',28,'M-SA002-8.5','{\"en\":\"\"}','[\"9c4273e5-fec8-437f-9577-4476ee83fa61\"]',1,NULL,'2024-06-11 07:52:42','2024-06-11 07:52:42'),('9c42747e-d04a-4228-ad6e-a88eae13c223','sporty-outdoor-sandals-9',23.50,'9c427448-a5ad-44d0-b513-df19ec8971e3','',41,'M-SA002-9','{\"en\":\"\"}','[\"9c4273e5-c695-4b23-b09b-695b7e9fc260\"]',1,NULL,'2024-06-11 07:52:42','2024-06-11 07:52:42'),('9c42747e-d48e-461b-89c8-cdf6e4db25fa','sporty-outdoor-sandals-9.5',23.50,'9c427448-a5ad-44d0-b513-df19ec8971e3','',2,'M-SA002-9.5','{\"en\":\"\"}','[\"9c4273e5-8cb6-4bf4-a012-fc3977b8851c\"]',1,NULL,'2024-06-11 07:52:42','2024-06-11 07:52:42'),('9c42747e-db81-49d3-a98c-2306cab71a45','sporty-outdoor-sandals-10',23.50,'9c427448-a5ad-44d0-b513-df19ec8971e3','',0,'M-SA002-10','{\"en\":\"\"}','[\"9c4273e5-5102-4756-b401-22fb6c3fa749\"]',1,NULL,'2024-06-11 07:52:42','2024-06-11 07:52:42'),('9c42747e-de28-4237-a726-6bf5ab5c7837','fashion-flip-flops-8',21.99,'9c42744a-dc9d-45aa-ae8c-c7450777c210','',5,'M-SA003-8','{\"en\":\"\"}','[\"9c4273e6-3425-4d96-89a1-2217de7ef932\"]',1,NULL,'2024-06-11 07:52:42','2024-06-11 07:52:42'),('9c42747e-e18c-4b31-837f-eeac22b00509','fashion-flip-flops-8.5',21.99,'9c42744a-dc9d-45aa-ae8c-c7450777c210','',26,'M-SA003-8.5','{\"en\":\"\"}','[\"9c4273e5-fec8-437f-9577-4476ee83fa61\"]',1,NULL,'2024-06-11 07:52:42','2024-06-11 07:52:42'),('9c42747e-e512-4adb-bd02-0586ac5f6f21','fashion-flip-flops-9',21.99,'9c42744a-dc9d-45aa-ae8c-c7450777c210','',4,'M-SA003-9','{\"en\":\"\"}','[\"9c4273e5-c695-4b23-b09b-695b7e9fc260\"]',1,NULL,'2024-06-11 07:52:42','2024-06-11 07:52:42'),('9c42747e-e7fe-47be-9fe7-f57b144dbdff','fashion-flip-flops-9.5',21.99,'9c42744a-dc9d-45aa-ae8c-c7450777c210','',3,'M-SA003-9.5','{\"en\":\"\"}','[\"9c4273e5-8cb6-4bf4-a012-fc3977b8851c\"]',1,NULL,'2024-06-11 07:52:42','2024-06-11 07:52:42'),('9c42747e-eaae-4aa0-9c92-b41393c8b164','fashion-flip-flops-10',21.99,'9c42744a-dc9d-45aa-ae8c-c7450777c210','',7,'M-SA003-10','{\"en\":\"\"}','[\"9c4273e5-5102-4756-b401-22fb6c3fa749\"]',1,NULL,'2024-06-11 07:52:42','2024-06-11 07:52:42'),('9c42747e-eda5-4425-9015-eb6ed42b6a37','classic-leather-boots-8',27.99,'9c42744c-b4d2-4b9f-a7fc-b0e19bbd9207','',4,'M-BO001-8','{\"en\":\"\"}','[\"9c4273e6-3425-4d96-89a1-2217de7ef932\"]',1,NULL,'2024-06-11 07:52:42','2024-06-11 07:52:42'),('9c42747e-f118-42bf-8893-affd4bfdf2dd','classic-leather-boots-8.5',27.99,'9c42744c-b4d2-4b9f-a7fc-b0e19bbd9207','',51,'M-BO001-8.5','{\"en\":\"\"}','[\"9c4273e5-fec8-437f-9577-4476ee83fa61\"]',1,NULL,'2024-06-11 07:52:42','2024-06-11 07:52:42'),('9c42747e-f3fd-4594-a1d3-7e04a078829d','classic-leather-boots-9',27.99,'9c42744c-b4d2-4b9f-a7fc-b0e19bbd9207','',45,'M-BO001-9','{\"en\":\"\"}','[\"9c4273e5-c695-4b23-b09b-695b7e9fc260\"]',1,NULL,'2024-06-11 07:52:42','2024-06-11 07:52:42'),('9c42747e-f6cd-4a18-9d2b-8a8abe9cac4d','classic-leather-boots-9.5',27.99,'9c42744c-b4d2-4b9f-a7fc-b0e19bbd9207','',48,'M-BO001-9.5','{\"en\":\"\"}','[\"9c4273e5-8cb6-4bf4-a012-fc3977b8851c\"]',1,NULL,'2024-06-11 07:52:42','2024-06-11 07:52:42'),('9c42747e-f9ad-4777-9221-f5a4b7783494','classic-leather-boots-10',27.99,'9c42744c-b4d2-4b9f-a7fc-b0e19bbd9207','',3,'M-BO001-10','{\"en\":\"\"}','[\"9c4273e5-5102-4756-b401-22fb6c3fa749\"]',1,NULL,'2024-06-11 07:52:42','2024-06-11 07:52:42'),('9c42747e-fcbc-4467-9703-f9f79de9cf18','stylish-chelsea-boots-8',26.50,'9c42744e-9ff3-4200-a5b9-6ae850427163','',1,'M-BO002-8','{\"en\":\"\"}','[\"9c4273e6-3425-4d96-89a1-2217de7ef932\"]',1,NULL,'2024-06-11 07:52:42','2024-06-11 07:52:42'),('9c42747f-0058-40b5-805c-656366357c78','stylish-chelsea-boots-8.5',26.50,'9c42744e-9ff3-4200-a5b9-6ae850427163','',41,'M-BO002-8.5','{\"en\":\"\"}','[\"9c4273e5-fec8-437f-9577-4476ee83fa61\"]',1,NULL,'2024-06-11 07:52:42','2024-06-11 07:52:42'),('9c42747f-0324-47f9-96d5-c6db1c2db494','stylish-chelsea-boots-9',26.50,'9c42744e-9ff3-4200-a5b9-6ae850427163','',30,'M-BO002-9','{\"en\":\"\"}','[\"9c4273e5-c695-4b23-b09b-695b7e9fc260\"]',1,NULL,'2024-06-11 07:52:42','2024-06-11 07:52:42'),('9c42747f-05f3-498b-94e3-3a0ad3f7757c','stylish-chelsea-boots-9.5',26.50,'9c42744e-9ff3-4200-a5b9-6ae850427163','',32,'M-BO002-9.5','{\"en\":\"\"}','[\"9c4273e5-8cb6-4bf4-a012-fc3977b8851c\"]',1,NULL,'2024-06-11 07:52:42','2024-06-11 07:52:42'),('9c42747f-08a9-4763-a50d-fdee81a2788e','stylish-chelsea-boots-10',26.50,'9c42744e-9ff3-4200-a5b9-6ae850427163','',0,'M-BO002-10','{\"en\":\"\"}','[\"9c4273e5-5102-4756-b401-22fb6c3fa749\"]',1,NULL,'2024-06-11 07:52:42','2024-06-11 07:52:42'),('9c42747f-0aed-42ec-999d-da7926c7ec56','sporty-mens-sneakers-8',25.99,'9c427452-8f5c-49b1-a14e-5390e66844e9','',20,'M-SN001-8','{\"en\":\"\"}','[\"9c4273e6-3425-4d96-89a1-2217de7ef932\"]',1,NULL,'2024-06-11 07:52:42','2024-06-11 07:52:42'),('9c42747f-0db8-4118-be0c-21009a6ee9ae','sporty-mens-sneakers-8.5',25.99,'9c427452-8f5c-49b1-a14e-5390e66844e9','',31,'M-SN001-8.5','{\"en\":\"\"}','[\"9c4273e5-fec8-437f-9577-4476ee83fa61\"]',1,NULL,'2024-06-11 07:52:42','2024-06-11 07:52:42'),('9c42747f-10ab-4c88-8054-3e7f1b5f7b79','sporty-mens-sneakers-9',25.99,'9c427452-8f5c-49b1-a14e-5390e66844e9','',44,'M-SN001-9','{\"en\":\"\"}','[\"9c4273e5-c695-4b23-b09b-695b7e9fc260\"]',1,NULL,'2024-06-11 07:52:42','2024-06-11 07:52:42'),('9c42747f-137e-4479-9942-bb0ea395bb34','sporty-mens-sneakers-9.5',25.99,'9c427452-8f5c-49b1-a14e-5390e66844e9','',3,'M-SN001-9.5','{\"en\":\"\"}','[\"9c4273e5-8cb6-4bf4-a012-fc3977b8851c\"]',1,NULL,'2024-06-11 07:52:42','2024-06-11 07:52:42'),('9c42747f-1690-411f-ac72-eff6b966caa6','sporty-mens-sneakers-10',25.99,'9c427452-8f5c-49b1-a14e-5390e66844e9','',9,'M-SN001-10','{\"en\":\"\"}','[\"9c4273e5-5102-4756-b401-22fb6c3fa749\"]',1,NULL,'2024-06-11 07:52:42','2024-06-11 07:52:42'),('9c42747f-197e-4f1e-9cd6-2582c5f6a779','classic-canvas-sneakers-8',22.50,'9c427454-4d17-4afa-ae28-7573e2e45ba0','',13,'M-SN002-8','{\"en\":\"\"}','[\"9c4273e6-3425-4d96-89a1-2217de7ef932\"]',1,NULL,'2024-06-11 07:52:42','2024-06-11 07:52:42'),('9c42747f-1cbb-48b1-81da-a053c3dda3f1','classic-canvas-sneakers-8.5',22.50,'9c427454-4d17-4afa-ae28-7573e2e45ba0','',17,'M-SN002-8.5','{\"en\":\"\"}','[\"9c4273e5-fec8-437f-9577-4476ee83fa61\"]',1,NULL,'2024-06-11 07:52:42','2024-06-11 07:52:42'),('9c42747f-1f8f-41d0-89d9-0ff22c2e1591','classic-canvas-sneakers-9',22.50,'9c427454-4d17-4afa-ae28-7573e2e45ba0','',28,'M-SN002-9','{\"en\":\"\"}','[\"9c4273e5-c695-4b23-b09b-695b7e9fc260\"]',1,NULL,'2024-06-11 07:52:42','2024-06-11 07:52:42'),('9c42747f-2295-43aa-8148-c656f035e5ce','classic-canvas-sneakers-9.5',22.50,'9c427454-4d17-4afa-ae28-7573e2e45ba0','',19,'M-SN002-9.5','{\"en\":\"\"}','[\"9c4273e5-8cb6-4bf4-a012-fc3977b8851c\"]',1,NULL,'2024-06-11 07:52:42','2024-06-11 07:52:42'),('9c42747f-2594-4251-ab4d-8c4dcae0a613','classic-canvas-sneakers-10',22.50,'9c427454-4d17-4afa-ae28-7573e2e45ba0','',4,'M-SN002-10','{\"en\":\"\"}','[\"9c4273e5-5102-4756-b401-22fb6c3fa749\"]',1,NULL,'2024-06-11 07:52:42','2024-06-11 07:52:42');
/*!40000 ALTER TABLE `product_variants` ENABLE KEYS */;
UNLOCK TABLES;

--
-- Table structure for table `products`
--

DROP TABLE IF EXISTS `products`;
/*!40101 SET @saved_cs_client     = @@character_set_client */;
/*!50503 SET character_set_client = utf8mb4 */;
CREATE TABLE `products` (
  `id` char(36) COLLATE utf8mb4_unicode_ci NOT NULL,
  `name` text COLLATE utf8mb4_unicode_ci NOT NULL,
  `slug` varchar(255) COLLATE utf8mb4_unicode_ci NOT NULL,
  `short_description` text COLLATE utf8mb4_unicode_ci NOT NULL,
  `description` longtext COLLATE utf8mb4_unicode_ci NOT NULL,
  `price` decimal(8,2) unsigned NOT NULL,
  `headline` text COLLATE utf8mb4_unicode_ci,
  `subtitle` text COLLATE utf8mb4_unicode_ci,
  `status` tinyint NOT NULL DEFAULT '1',
  `purchase_count` bigint unsigned NOT NULL DEFAULT '0',
  `stock` bigint unsigned NOT NULL DEFAULT '0',
  `backup_stock` bigint unsigned DEFAULT '0',
  `sku` varchar(50) COLLATE utf8mb4_unicode_ci DEFAULT NULL,
  `virtual` tinyint(1) DEFAULT '0',
  `weight` int DEFAULT '0',
  `cover_photo` json DEFAULT NULL,
  `available_attribute_options` json DEFAULT NULL,
  `rating` double(8,2) DEFAULT NULL,
  `deleted_at` timestamp NULL DEFAULT NULL,
  `created_at` timestamp NULL DEFAULT NULL,
  `updated_at` timestamp NULL DEFAULT NULL,
  PRIMARY KEY (`id`),
  UNIQUE KEY `products_sku_unique` (`sku`)
) ENGINE=InnoDB DEFAULT CHARSET=utf8mb4 COLLATE=utf8mb4_unicode_ci;
/*!40101 SET character_set_client = @saved_cs_client */;

--
-- Dumping data for table `products`
--

LOCK TABLES `products` WRITE;
/*!40000 ALTER TABLE `products` DISABLE KEYS */;
INSERT INTO `products` VALUES ('9c4273f1-08e6-4562-bf93-51a173ea9083','{\"de\":\"Klassisches Baumwoll-T-Shirt\",\"fr\":\"T-shirt classique en coton\",\"en\":\"Classic Cotton T-Shirt\"}','classic-cotton-t-shirt','{\"de\":\"Zeitloser Stil in diesem klassischen Baumwoll-T-Shirt.\",\"fr\":\"Style intemporel dans ce t-shirt classique en coton.\",\"en\":\"Timeless style in this classic cotton t-shirt.\"}','{\"de\":\"Werten Sie Ihren l\\u00e4ssigen Look mit diesem klassischen Baumwoll-T-Shirt auf. Das zeitlose Design und die hochwertige Baumwolle machen es perfekt f\\u00fcr jeden Anlass. Ob f\\u00fcr einen Tag mit Freunden oder einen entspannten Abend, dieses T-Shirt bietet sowohl Stil als auch Komfort. Erh\\u00e4ltlich in verschiedenen Farben, passend zu Ihrem Look.\",\"fr\":\"Am\\u00e9liorez votre look d\\u00e9contract\\u00e9 avec ce t-shirt classique en coton. Son design intemporel et son coton de haute qualit\\u00e9 le rendent parfait pour toutes les occasions. Que ce soit pour une journ\\u00e9e entre amis ou une soir\\u00e9e d\\u00e9contract\\u00e9e, ce t-shirt offre \\u00e0 la fois style et confort. Disponible en diff\\u00e9rentes couleurs pour correspondre \\u00e0 votre look.\",\"en\":\"Elevate your casual look with this Classic Cotton T-Shirt. The timeless design and high-quality cotton make it perfect for any occasion. Whether for a day out with friends or a relaxed evening, this t-shirt offers both style and comfort. Available in various colors to match your look.\"}',16.99,'{\"de\":\"Zeitlose Eleganz\",\"fr\":\"\\u00c9l\\u00e9gance intemporelle\",\"en\":\"Timeless Elegance\"}','{\"de\":\"Perfekt f\\u00fcr lockere Anl\\u00e4sse und entspannte Abende.\",\"fr\":\"Parfait pour les occasions d\\u00e9contract\\u00e9es et les soir\\u00e9es d\\u00e9tendues.\",\"en\":\"Perfect for casual occasions and relaxed evenings.\"}',1,0,229,150,'M-T001',0,220,'{\"url\": \"https://shoptopus.test/sample-store-data/sample-store-1/product-images/mens-t-shirts-1.jpg\", \"file_name\": \"mens-t-shirts-1.jpg\"}','[\"9c4273e5-182c-4f24-8a7e-8fe7111b8553\", \"9c4273e4-e1a6-45d6-b0fa-aeea949ea259\", \"9c4273e4-ab2c-49ad-bece-4d2dee0079e5\", \"9c4273e4-74b6-44cf-91c0-824a31dcb756\", \"9c4273e4-3a4a-4b23-9993-225be33cc186\"]',2.33,NULL,'2024-06-11 07:51:08','2024-06-11 07:52:52'),('9c4273f3-114b-4608-94de-9ed2d0265919','{\"de\":\"Sportliches Performance-T-Shirt\",\"fr\":\"T-shirt de performance sportive\",\"en\":\"Sporty Performance T-Shirt\"}','sporty-performance-t-shirt','{\"de\":\"Verbessern Sie Ihr Training mit diesem bequemen Performance-T-Shirt.\",\"fr\":\"Am\\u00e9liorez votre entra\\u00eenement avec ce t-shirt performant et confortable.\",\"en\":\"Elevate your workout with this comfortable performance t-shirt.\"}','{\"de\":\"Werten Sie Ihren sportlichen Stil mit diesem sportlichen Performance-T-Shirt auf. Der feuchtigkeitsableitende Stoff und die bequeme Passform bieten Unterst\\u00fctzung beim Training oder bei sportlichen Aktivit\\u00e4ten. Ob zum Joggen oder f\\u00fcr ein Basketballspiel, dieses T-Shirt ist eine vielseitige Erg\\u00e4nzung Ihrer Kollektion.\",\"fr\":\"Am\\u00e9liorez votre style athl\\u00e9tique avec ce t-shirt Sporty Performance. Le tissu \\u00e9vacuant l&#39;humidit\\u00e9 et la coupe confortable offrent un soutien pendant les entra\\u00eenements ou les activit\\u00e9s sportives. Que ce soit pour une course ou une partie de basket-ball, ce t-shirt est un ajout polyvalent \\u00e0 votre collection.\",\"en\":\"Upgrade your athletic style with this Sporty Performance T-Shirt. The moisture-wicking fabric and comfortable fit provide support during workouts or sports activities. Whether for a run or a game of basketball, this t-shirt is a versatile addition to your collection.\"}',18.50,'{\"de\":\"Verbessern Sie Ihr Training\",\"fr\":\"\\u00c9levez vos entra\\u00eenements\",\"en\":\"Elevate Your Workouts\"}','{\"de\":\"Feuchtigkeitsableitendes Gewebe f\\u00fcr Komfort w\\u00e4hrend des Trainings.\",\"fr\":\"Tissu \\u00e9vacuant l&#39;humidit\\u00e9 pour plus de confort pendant l&#39;exercice.\",\"en\":\"Moisture-wicking fabric for comfort during exercise.\"}',2,0,162,180,'M-T002',0,230,'{\"url\": \"https://shoptopus.test/sample-store-data/sample-store-1/product-images/mens-t-shirts-2.jpg\", \"file_name\": \"mens-t-shirts-2.jpg\"}','[\"9c4273e5-182c-4f24-8a7e-8fe7111b8553\", \"9c4273e4-e1a6-45d6-b0fa-aeea949ea259\", \"9c4273e4-ab2c-49ad-bece-4d2dee0079e5\", \"9c4273e4-74b6-44cf-91c0-824a31dcb756\", \"9c4273e4-3a4a-4b23-9993-225be33cc186\"]',2.50,NULL,'2024-06-11 07:51:09','2024-06-11 07:52:52'),('9c4273f4-f413-4d70-b893-71a070efcbce','{\"de\":\"L\\u00e4ssiges T-Shirt mit Rundhalsausschnitt\",\"fr\":\"T-shirt d\\u00e9contract\\u00e9 \\u00e0 col rond\",\"en\":\"Casual Crew Neck T-Shirt\"}','casual-crew-neck-t-shirt','{\"de\":\"Bleiben Sie l\\u00e4ssig und bequem in diesem vielseitigen T-Shirt mit Rundhalsausschnitt.\",\"fr\":\"Restez d\\u00e9contract\\u00e9 et confortable avec ce t-shirt polyvalent \\u00e0 col rond.\",\"en\":\"Stay casual and comfy in this versatile crew neck t-shirt.\"}','{\"de\":\"F\\u00fchlen Sie sich wohl in diesem l\\u00e4ssigen T-Shirt mit Rundhalsausschnitt. Das klassische Rundhalsdesign und der vielseitige Stil machen es perfekt f\\u00fcr entspannte Tage. Dieses T-Shirt ist aus weichen, atmungsaktiven Materialien gefertigt und bietet Ihnen Komfort. Ob f\\u00fcr ein Wochenende zu Hause oder einen l\\u00e4ssigen Tag unterwegs, es ist ein Muss in Ihrer Garderobe.\",\"fr\":\"Trouvez le confort dans ce t-shirt d\\u00e9contract\\u00e9 \\u00e0 col rond. Le design classique \\u00e0 col rond et le style polyvalent le rendent parfait pour les journ\\u00e9es d\\u00e9contract\\u00e9es. Fabriqu\\u00e9 \\u00e0 partir de mat\\u00e9riaux doux et respirants, ce t-shirt vous assure un confort optimal. Que ce soit pour un week-end \\u00e0 la maison ou une journ\\u00e9e d\\u00e9contract\\u00e9e, c&#39;est un incontournable de votre garde-robe.\",\"en\":\"Find comfort in this Casual Crew Neck T-Shirt. The classic crew neck design and versatile style make it perfect for laid-back days. Crafted from soft, breathable materials, this t-shirt keeps you comfortable. Whether for a weekend at home or a casual day out, it\'s a must-have in your wardrobe.\"}',14.99,'{\"de\":\"L\\u00e4ssiger Komfort\",\"fr\":\"Confort d\\u00e9contract\\u00e9\",\"en\":\"Casual Comfort\"}','{\"de\":\"Vielseitiger Rundhalsausschnitt f\\u00fcr unkomplizierte und entspannte Tage.\",\"fr\":\"Col rond polyvalent pour des journ\\u00e9es faciles et d\\u00e9contract\\u00e9es.\",\"en\":\"Versatile crew neck for easy and laid-back days.\"}',1,0,588,120,'M-T003',0,240,'{\"url\": \"https://shoptopus.test/sample-store-data/sample-store-1/product-images/mens-t-shirts-3.jpg\", \"file_name\": \"mens-t-shirts-3.jpg\"}','[\"9c4273e5-182c-4f24-8a7e-8fe7111b8553\", \"9c4273e7-4f95-4841-8110-0a21eac39236\", \"9c4273e4-e1a6-45d6-b0fa-aeea949ea259\", \"9c4273e4-ab2c-49ad-bece-4d2dee0079e5\", \"9c4273e4-74b6-44cf-91c0-824a31dcb756\", \"9c4273e4-3a4a-4b23-9993-225be33cc186\", \"9c4273e8-c7db-44df-9c1a-9bf4abefcac3\", \"9c4273e9-6b75-4490-8fd1-4bf9409c705a\", \"9c4273ea-c82a-4e7f-824b-4303edc9af30\"]',3.14,NULL,'2024-06-11 07:51:10','2024-06-11 07:52:52'),('9c4273f6-c260-4e77-9cae-af165373987a','{\"de\":\"Klassisches Oberhemd\",\"fr\":\"Chemise habill\\u00e9e classique\",\"en\":\"Classic Dress Shirt\"}','classic-dress-shirt','{\"de\":\"Zeitloser Stil in diesem klassischen Oberhemd.\",\"fr\":\"Style intemporel dans cette chemise habill\\u00e9e classique.\",\"en\":\"Timeless style in this classic dress shirt.\"}','{\"de\":\"Werten Sie Ihren formellen Look mit diesem klassischen Hemd auf. Das zeitlose Design und der hochwertige Stoff machen es perfekt f\\u00fcr jeden besonderen Anlass. Ob f\\u00fcr ein Gesch\\u00e4ftstreffen oder eine formelle Veranstaltung, dieses Hemd bietet sowohl Stil als auch Eleganz. Erh\\u00e4ltlich in verschiedenen Farben, passend zu Ihrem Ensemble.\",\"fr\":\"Rehaussez votre look formel avec cette chemise habill\\u00e9e classique. Son design intemporel et son tissu de haute qualit\\u00e9 le rendent parfait pour toute occasion sp\\u00e9ciale. Que ce soit pour une r\\u00e9union d&#39;affaires ou un \\u00e9v\\u00e9nement formel, cette chemise habill\\u00e9e offre \\u00e0 la fois style et sophistication. Disponible en diff\\u00e9rentes couleurs pour correspondre \\u00e0 votre ensemble.\",\"en\":\"Elevate your formal look with this Classic Dress Shirt. The timeless design and high-quality fabric make it perfect for any special occasion. Whether for a business meeting or a formal event, this dress shirt offers both style and sophistication. Available in various colors to match your ensemble.\"}',28.99,'{\"de\":\"Zeitlose Eleganz\",\"fr\":\"\\u00c9l\\u00e9gance intemporelle\",\"en\":\"Timeless Elegance\"}','{\"de\":\"Perfekt f\\u00fcr formelle Veranstaltungen und Gesch\\u00e4ftstreffen.\",\"fr\":\"Parfait pour les \\u00e9v\\u00e9nements formels et les r\\u00e9unions d&#39;affaires.\",\"en\":\"Perfect for formal events and business meetings.\"}',2,0,147,160,'M-S001',0,220,'{\"url\": \"https://shoptopus.test/sample-store-data/sample-store-1/product-images/mens-shirt-1.jpg\", \"file_name\": \"mens-shirt-1.jpg\"}','[\"9c4273e5-182c-4f24-8a7e-8fe7111b8553\", \"9c4273e4-e1a6-45d6-b0fa-aeea949ea259\", \"9c4273e4-ab2c-49ad-bece-4d2dee0079e5\", \"9c4273e4-74b6-44cf-91c0-824a31dcb756\", \"9c4273e4-3a4a-4b23-9993-225be33cc186\"]',4.00,NULL,'2024-06-11 07:51:12','2024-06-11 07:52:52'),('9c4273f8-a75f-43db-a321-c633be068840','{\"de\":\"Business Casual Hemd\",\"fr\":\"Chemise d\\u00e9contract\\u00e9e d&#39;affaires\",\"en\":\"Business Casual Shirt\"}','business-casual-shirt','{\"de\":\"Werten Sie Ihr B\\u00fcro-Outfit mit diesem Business-Casual-Hemd auf.\",\"fr\":\"Rehaussez votre tenue de bureau avec cette chemise business casual.\",\"en\":\"Elevate your office attire with this business casual shirt.\"}','{\"de\":\"Werten Sie Ihren professionellen Stil mit diesem Business-Casual-Hemd auf. Das moderne Design und die bequeme Passform machen es ideal f\\u00fcr das B\\u00fcro oder Gesch\\u00e4ftstreffen. Ob f\\u00fcr einen Arbeitstag oder eine Firmenveranstaltung, dieses Hemd verleiht Ihrer Garderobe einen Hauch von Eleganz.\",\"fr\":\"Am\\u00e9liorez votre style professionnel avec cette chemise professionnelle d\\u00e9contract\\u00e9e. Son design moderne et sa coupe confortable le rendent id\\u00e9al pour le bureau ou les r\\u00e9unions d&#39;affaires. Que ce soit pour une journ\\u00e9e de travail ou un \\u00e9v\\u00e9nement d&#39;entreprise, cette chemise ajoute une touche de sophistication \\u00e0 votre garde-robe.\",\"en\":\"Upgrade your professional style with this Business Casual Shirt. The modern design and comfortable fit make it ideal for the office or business meetings. Whether for a day at work or a corporate event, this shirt adds a touch of sophistication to your wardrobe.\"}',22.50,'{\"de\":\"Business-Eleganz\",\"fr\":\"\\u00c9l\\u00e9gance commerciale\",\"en\":\"Business Elegance\"}','{\"de\":\"Ideal als B\\u00fcrokleidung und f\\u00fcr Firmenveranstaltungen.\",\"fr\":\"Id\\u00e9al pour les tenues de bureau et les \\u00e9v\\u00e9nements d&#39;entreprise.\",\"en\":\"Ideal for office attire and corporate events.\"}',1,0,369,190,'M-S002',0,210,'{\"url\": \"https://shoptopus.test/sample-store-data/sample-store-1/product-images/mens-shirt-2.jpg\", \"file_name\": \"mens-shirt-2.jpg\"}','[\"9c4273e5-182c-4f24-8a7e-8fe7111b8553\", \"9c4273e8-fe98-447b-ab1b-4bbef2b35d09\", \"9c4273e4-e1a6-45d6-b0fa-aeea949ea259\", \"9c4273e4-ab2c-49ad-bece-4d2dee0079e5\", \"9c4273e4-74b6-44cf-91c0-824a31dcb756\", \"9c4273e4-3a4a-4b23-9993-225be33cc186\", \"9c4273e9-a380-42de-91ae-5ae505306e15\", \"9c4273ea-4e32-4038-9e35-af9807c2320b\"]',4.00,NULL,'2024-06-11 07:51:13','2024-06-11 07:52:52'),('9c4273fa-a9f5-46b3-a8b7-77e8f834ce68','{\"de\":\"L\\u00e4ssiges kariertes Hemd\",\"fr\":\"Chemise \\u00e0 carreaux d\\u00e9contract\\u00e9e\",\"en\":\"Casual Checkered Shirt\"}','casual-checkered-shirt','{\"de\":\"Bleiben Sie l\\u00e4ssig und stilvoll mit diesem vielseitigen karierten Hemd.\",\"fr\":\"Restez d\\u00e9contract\\u00e9 et \\u00e9l\\u00e9gant avec cette chemise \\u00e0 carreaux polyvalente.\",\"en\":\"Stay casual and stylish with this versatile checkered shirt.\"}','{\"de\":\"Finden Sie Stil und Komfort in diesem l\\u00e4ssigen karierten Hemd. Das karierte Muster und das vielseitige Design machen es perfekt f\\u00fcr legere und halbformelle Anl\\u00e4sse. Dieses Hemd aus weichen, atmungsaktiven Materialien sieht immer gut aus. Ob f\\u00fcr einen Wochenendausflug oder ein zwangloses Abendessen, es ist eine vielseitige Erg\\u00e4nzung f\\u00fcr Ihre Garderobe.\",\"fr\":\"Trouvez style et confort dans cette chemise \\u00e0 carreaux d\\u00e9contract\\u00e9e. Le motif \\u00e0 carreaux et le design polyvalent le rendent parfait pour les occasions d\\u00e9contract\\u00e9es et semi-formelles. Fabriqu\\u00e9e \\u00e0 partir de mat\\u00e9riaux doux et respirants, cette chemise vous permet de rester belle. Que ce soit pour une sortie du week-end ou un d\\u00eener d\\u00e9contract\\u00e9, c&#39;est un ajout polyvalent \\u00e0 votre garde-robe.\",\"en\":\"Find style and comfort in this Casual Checkered Shirt. The checkered pattern and versatile design make it perfect for both casual and semi-formal occasions. Crafted from soft, breathable materials, this shirt keeps you looking great. Whether for a weekend outing or a casual dinner, it\'s a versatile addition to your wardrobe.\"}',24.99,'{\"de\":\"L\\u00e4ssige Vielseitigkeit\",\"fr\":\"Polyvalence d\\u00e9contract\\u00e9e\",\"en\":\"Casual Versatility\"}','{\"de\":\"Ideal f\\u00fcr sowohl zwanglose als auch halbformelle Anl\\u00e4sse.\",\"fr\":\"Id\\u00e9al pour les occasions d\\u00e9contract\\u00e9es et semi-formelles.\",\"en\":\"Ideal for both casual and semi-formal occasions.\"}',2,0,147,200,'M-S003',0,225,'{\"url\": \"https://shoptopus.test/sample-store-data/sample-store-1/product-images/mens-shirt-3.jpg\", \"file_name\": \"mens-shirt-3.jpg\"}','[\"9c4273e5-182c-4f24-8a7e-8fe7111b8553\", \"9c4273e4-e1a6-45d6-b0fa-aeea949ea259\", \"9c4273e4-ab2c-49ad-bece-4d2dee0079e5\", \"9c4273e4-74b6-44cf-91c0-824a31dcb756\", \"9c4273e4-3a4a-4b23-9993-225be33cc186\"]',5.00,NULL,'2024-06-11 07:51:14','2024-06-11 07:52:52'),('9c4273fc-b26f-4f8e-b4f4-7fb01c61b469','{\"de\":\"Klassisch eleganter Wollpullover\",\"fr\":\"Pull en laine classique et \\u00e9l\\u00e9gant\",\"en\":\"Classic Elegant Wool Jumper\"}','classic-elegant-wool-jumper','{\"de\":\"Zeitlose W\\u00e4rme in diesem klassischen Wollpullover.\",\"fr\":\"Chaleur intemporelle dans ce pull en laine classique.\",\"en\":\"Timeless warmth in this classic wool jumper.\"}','{\"de\":\"Bleiben Sie mit diesem klassischen Wollpullover stilvoll warm. Das zeitlose Design und die hochwertige Wolle machen ihn perfekt f\\u00fcr k\\u00fchle Tage. Ob f\\u00fcr einen Winterausflug oder einen gem\\u00fctlichen Abend vor dem Kamin, dieser Pullover bietet sowohl W\\u00e4rme als auch Eleganz. Erh\\u00e4ltlich in verschiedenen Farben, ganz nach Ihrem Geschmack.\",\"fr\":\"Restez au chaud avec style avec ce pull en laine classique. Son design intemporel et sa laine de haute qualit\\u00e9 le rendent parfait pour les journ\\u00e9es froides. Que ce soit pour une sortie hivernale ou une soir\\u00e9e douillette au coin du feu, ce pull offre \\u00e0 la fois chaleur et \\u00e9l\\u00e9gance. Disponible en diff\\u00e9rentes couleurs selon vos go\\u00fbts.\",\"en\":\"Stay warm in style with this Classic Wool Jumper. The timeless design and high-quality wool make it perfect for chilly days. Whether for a winter outing or a cozy evening by the fireplace, this jumper offers both warmth and elegance. Available in various colors to suit your taste.\"}',29.99,'{\"de\":\"Zeitlose W\\u00e4rme\",\"fr\":\"Chaleur intemporelle\",\"en\":\"Timeless Warmth\"}','{\"de\":\"Perfekt f\\u00fcr Winterausfl\\u00fcge und gem\\u00fctliche Abende.\",\"fr\":\"Parfait pour les sorties hivernales et les soir\\u00e9es douillettes.\",\"en\":\"Perfect for winter outings and cozy evenings.\"}',1,0,166,180,'M-J001',0,240,'{\"url\": \"https://shoptopus.test/sample-store-data/sample-store-1/product-images/mens-jumpers-1.jpg\", \"file_name\": \"mens-jumpers-1.jpg\"}','[\"9c4273e5-182c-4f24-8a7e-8fe7111b8553\", \"9c4273e4-e1a6-45d6-b0fa-aeea949ea259\", \"9c4273e4-ab2c-49ad-bece-4d2dee0079e5\", \"9c4273e4-74b6-44cf-91c0-824a31dcb756\", \"9c4273e4-3a4a-4b23-9993-225be33cc186\"]',3.20,NULL,'2024-06-11 07:51:15','2024-06-11 07:52:52'),('9c4273fe-8d04-4eef-97a6-1cb9af635256','{\"de\":\"L\\u00e4ssiger moderner Pullover mit V-Ausschnitt\",\"fr\":\"Pull moderne d\\u00e9contract\\u00e9 \\u00e0 col en V\",\"en\":\"Casual V-Neck Modern Jumper\"}','casual-v-neck-modern-jumper','{\"de\":\"Bleiben Sie l\\u00e4ssig und bequem in diesem vielseitigen Pullover mit V-Ausschnitt.\",\"fr\":\"Restez d\\u00e9contract\\u00e9 et confortable avec ce pull polyvalent \\u00e0 col en V.\",\"en\":\"Stay casual and comfy in this versatile v-neck jumper.\"}','{\"de\":\"Dieser l\\u00e4ssige Pullover mit V-Ausschnitt ist bequem. Das klassische V-Ausschnitt-Design und der vielseitige Stil machen ihn perfekt f\\u00fcr entspannte Tage. Dieser Pullover aus weichen, atmungsaktiven Materialien bietet h\\u00f6chsten Tragekomfort. Ob f\\u00fcr ein Wochenende zu Hause oder einen l\\u00e4ssigen Tag in der Stadt, er ist ein Muss in Ihrer Garderobe.\",\"fr\":\"Trouvez le confort dans ce pull d\\u00e9contract\\u00e9 \\u00e0 col en V. Le design classique \\u00e0 col en V et le style polyvalent le rendent parfait pour les journ\\u00e9es d\\u00e9contract\\u00e9es. Fabriqu\\u00e9 \\u00e0 partir de mat\\u00e9riaux doux et respirants, ce pull vous assure un confort optimal. Que ce soit pour un week-end \\u00e0 la maison ou une journ\\u00e9e d\\u00e9contract\\u00e9e, c&#39;est un incontournable de votre garde-robe.\",\"en\":\"Find comfort in this Casual V-Neck Jumper. The classic v-neck design and versatile style make it perfect for laid-back days. Crafted from soft, breathable materials, this jumper keeps you comfortable. Whether for a weekend at home or a casual day out, it\'s a must-have in your wardrobe.\"}',21.50,'{\"de\":\"L\\u00e4ssiger Komfort\",\"fr\":\"Confort d\\u00e9contract\\u00e9\",\"en\":\"Casual Comfort\"}','{\"de\":\"Vielseitiger V-Ausschnitt f\\u00fcr unkomplizierte und entspannte Tage.\",\"fr\":\"Col en V polyvalent pour des journ\\u00e9es faciles et d\\u00e9contract\\u00e9es.\",\"en\":\"Versatile v-neck for easy and laid-back days.\"}',2,0,108,120,'M-J002',0,225,'{\"url\": \"https://shoptopus.test/sample-store-data/sample-store-1/product-images/mens-jumpers-2.jpg\", \"file_name\": \"mens-jumpers-2.jpg\"}','[\"9c4273e5-182c-4f24-8a7e-8fe7111b8553\", \"9c4273e4-e1a6-45d6-b0fa-aeea949ea259\", \"9c4273e4-ab2c-49ad-bece-4d2dee0079e5\", \"9c4273e4-74b6-44cf-91c0-824a31dcb756\", \"9c4273e4-3a4a-4b23-9993-225be33cc186\"]',3.00,NULL,'2024-06-11 07:51:17','2024-06-11 07:52:52'),('9c427400-a7c7-4057-b1be-6ed62f4c5c38','{\"de\":\"Sportiver Zip-Pullover\",\"fr\":\"Pull sportif zipp\\u00e9\",\"en\":\"Sporty Zip-Up Jumper\"}','sporty-zip-up-jumper','{\"de\":\"Werten Sie Ihren sportlichen Look mit diesem bequemen Pullover mit Rei\\u00dfverschluss auf.\",\"fr\":\"Rehaussez votre look sportif avec ce pull zipp\\u00e9 confortable.\",\"en\":\"Elevate your sporty look with this comfortable zip-up jumper.\"}','{\"de\":\"Werten Sie Ihren sportlichen Stil mit diesem sportlichen Pullover mit Rei\\u00dfverschluss auf. Das Rei\\u00dfverschlussdesign und die bequeme Passform bieten Halt beim Training oder bei sportlichen Aktivit\\u00e4ten. Ob zum Joggen oder f\\u00fcr ein Basketballspiel, dieser Pullover ist eine vielseitige Erg\\u00e4nzung Ihrer Kollektion.\",\"fr\":\"Am\\u00e9liorez votre style athl\\u00e9tique avec ce pull sportif zipp\\u00e9. La conception zipp\\u00e9e et la coupe confortable offrent un soutien pendant les entra\\u00eenements ou les activit\\u00e9s sportives. Que ce soit pour une course ou une partie de basket-ball, ce pull est un ajout polyvalent \\u00e0 votre collection.\",\"en\":\"Upgrade your athletic style with this Sporty Zip-Up Jumper. The zip-up design and comfortable fit provide support during workouts or sports activities. Whether for a run or a game of basketball, this jumper is a versatile addition to your collection.\"}',25.99,'{\"de\":\"Verbessern Sie Ihr Training\",\"fr\":\"\\u00c9levez vos entra\\u00eenements\",\"en\":\"Elevate Your Workouts\"}','{\"de\":\"Rei\\u00dfverschluss f\\u00fcr mehr Komfort beim Training.\",\"fr\":\"Style zipp\\u00e9 pour plus de confort pendant l&#39;exercice.\",\"en\":\"Zip-up style for comfort during exercise.\"}',1,0,138,160,'M-J003',0,210,'{\"url\": \"https://shoptopus.test/sample-store-data/sample-store-1/product-images/mens-jumpers-3.jpg\", \"file_name\": \"mens-jumpers-3.jpg\"}','[\"9c4273e5-182c-4f24-8a7e-8fe7111b8553\", \"9c4273e4-e1a6-45d6-b0fa-aeea949ea259\", \"9c4273e4-ab2c-49ad-bece-4d2dee0079e5\", \"9c4273e4-74b6-44cf-91c0-824a31dcb756\", \"9c4273e4-3a4a-4b23-9993-225be33cc186\"]',4.00,NULL,'2024-06-11 07:51:18','2024-06-11 07:52:52'),('9c427402-69ff-458e-9080-7043ee891a99','{\"de\":\"Klassische Anzughose\",\"fr\":\"Pantalon habill\\u00e9 classique\",\"en\":\"Classic Dress Trousers\"}','classic-dress-trousers','{\"de\":\"Zeitloser Stil in dieser klassischen Anzughose.\",\"fr\":\"Style intemporel avec ce pantalon habill\\u00e9 classique.\",\"en\":\"Timeless style in these classic dress trousers.\"}','{\"de\":\"Werten Sie Ihren formellen Look mit dieser klassischen Anzughose auf. Das zeitlose Design und der hochwertige Stoff machen sie perfekt f\\u00fcr jeden besonderen Anlass. Ob f\\u00fcr ein Gesch\\u00e4ftstreffen oder eine formelle Veranstaltung, diese Hose bietet sowohl Stil als auch Eleganz. Erh\\u00e4ltlich in verschiedenen Farben, passend zu Ihrem Ensemble.\",\"fr\":\"Rehaussez votre look formel avec ce pantalon habill\\u00e9 classique. Leur design intemporel et leur tissu de haute qualit\\u00e9 les rendent parfaits pour toute occasion sp\\u00e9ciale. Que ce soit pour une r\\u00e9union d&#39;affaires ou un \\u00e9v\\u00e9nement formel, ce pantalon offre \\u00e0 la fois style et sophistication. Disponible en diff\\u00e9rentes couleurs pour correspondre \\u00e0 votre ensemble.\",\"en\":\"Elevate your formal look with these Classic Dress Trousers. The timeless design and high-quality fabric make them perfect for any special occasion. Whether for a business meeting or a formal event, these trousers offer both style and sophistication. Available in various colors to match your ensemble.\"}',27.99,'{\"de\":\"Zeitlose Eleganz\",\"fr\":\"\\u00c9l\\u00e9gance intemporelle\",\"en\":\"Timeless Elegance\"}','{\"de\":\"Perfekt f\\u00fcr formelle Veranstaltungen und Gesch\\u00e4ftstreffen.\",\"fr\":\"Parfait pour les \\u00e9v\\u00e9nements formels et les r\\u00e9unions d&#39;affaires.\",\"en\":\"Perfect for formal events and business meetings.\"}',2,0,119,170,'M-TR001',0,220,'{\"url\": \"https://shoptopus.test/sample-store-data/sample-store-1/product-images/mens-trousers-1.jpg\", \"file_name\": \"mens-trousers-1.jpg\"}','[\"9c4273e5-182c-4f24-8a7e-8fe7111b8553\", \"9c4273e4-e1a6-45d6-b0fa-aeea949ea259\", \"9c4273e4-ab2c-49ad-bece-4d2dee0079e5\", \"9c4273e4-74b6-44cf-91c0-824a31dcb756\", \"9c4273e4-3a4a-4b23-9993-225be33cc186\"]',NULL,NULL,'2024-06-11 07:51:19','2024-06-11 07:52:52'),('9c427404-73bd-45ee-b5a6-8506590cee10','{\"de\":\"L\\u00e4ssige Chinohose\",\"fr\":\"Pantalon chino d\\u00e9contract\\u00e9\",\"en\":\"Casual Chino Trousers\"}','casual-chino-trousers','{\"de\":\"Bleiben Sie l\\u00e4ssig und bequem in dieser vielseitigen Chinohose.\",\"fr\":\"Restez d\\u00e9contract\\u00e9 et confortable avec ce pantalon chino polyvalent.\",\"en\":\"Stay casual and comfy in these versatile chino trousers.\"}','{\"de\":\"Diese l\\u00e4ssigen Chinohosen sind bequem. Das klassische Chino-Design und der vielseitige Stil machen sie perfekt f\\u00fcr entspannte Tage. Diese Hose aus weichen, atmungsaktiven Materialien bietet h\\u00f6chsten Tragekomfort. Ob f\\u00fcr ein Wochenende zu Hause oder einen l\\u00e4ssigen Tag in der Stadt, sie ist ein Muss in Ihrer Garderobe.\",\"fr\":\"Trouvez le confort dans ce pantalon chino d\\u00e9contract\\u00e9. Le design chino classique et le style polyvalent le rendent parfait pour les journ\\u00e9es d\\u00e9contract\\u00e9es. Fabriqu\\u00e9 \\u00e0 partir de mat\\u00e9riaux doux et respirants, ce pantalon vous assure un confort optimal. Que ce soit pour un week-end \\u00e0 la maison ou une journ\\u00e9e d\\u00e9contract\\u00e9e, ils sont un incontournable de votre garde-robe.\",\"en\":\"Find comfort in these Casual Chino Trousers. The classic chino design and versatile style make them perfect for laid-back days. Crafted from soft, breathable materials, these trousers keep you comfortable. Whether for a weekend at home or a casual day out, they\'re a must-have in your wardrobe.\"}',19.50,'{\"de\":\"L\\u00e4ssiger Komfort\",\"fr\":\"Confort d\\u00e9contract\\u00e9\",\"en\":\"Casual Comfort\"}','{\"de\":\"Vielseitiger Chino-Stil f\\u00fcr unkomplizierte und entspannte Tage.\",\"fr\":\"Style chino polyvalent pour des journ\\u00e9es faciles et d\\u00e9contract\\u00e9es.\",\"en\":\"Versatile chino style for easy and laid-back days.\"}',1,0,182,150,'M-TR002',0,230,'{\"url\": \"https://shoptopus.test/sample-store-data/sample-store-1/product-images/mens-trousers-2.jpg\", \"file_name\": \"mens-trousers-2.jpg\"}','[\"9c4273e5-182c-4f24-8a7e-8fe7111b8553\", \"9c4273e4-e1a6-45d6-b0fa-aeea949ea259\", \"9c4273e4-ab2c-49ad-bece-4d2dee0079e5\", \"9c4273e4-74b6-44cf-91c0-824a31dcb756\", \"9c4273e4-3a4a-4b23-9993-225be33cc186\"]',2.50,NULL,'2024-06-11 07:51:20','2024-06-11 07:52:52'),('9c427407-0bb8-4bb4-97cd-ba830bdf6728','{\"de\":\"Sportliche Trainingshose\",\"fr\":\"Pantalon de surv\\u00eatement sportif\",\"en\":\"Sporty Track Pants\"}','sporty-track-pants','{\"de\":\"Werten Sie Ihren sportlichen Look mit dieser bequemen Trainingshose auf.\",\"fr\":\"Rehaussez votre look sportif avec ce pantalon de surv\\u00eatement confortable.\",\"en\":\"Elevate your sporty look with these comfortable track pants.\"}','{\"de\":\"Werten Sie Ihren sportlichen Stil mit diesen sportlichen Trainingshosen auf. Die entspannte Passform und das bequeme Design bieten Halt beim Training oder bei sportlichen Aktivit\\u00e4ten. Ob zum Joggen oder f\\u00fcr ein Basketballspiel, diese Trainingshosen sind eine vielseitige Erg\\u00e4nzung Ihrer Kollektion.\",\"fr\":\"Am\\u00e9liorez votre style athl\\u00e9tique avec ce pantalon de surv\\u00eatement sportif. La coupe d\\u00e9contract\\u00e9e et le design confortable offrent un soutien pendant les entra\\u00eenements ou les activit\\u00e9s sportives. Que ce soit pour une course ou une partie de basket-ball, ce pantalon de surv\\u00eatement est un ajout polyvalent \\u00e0 votre collection.\",\"en\":\"Upgrade your athletic style with these Sporty Track Pants. The relaxed fit and comfortable design provide support during workouts or sports activities. Whether for a run or a game of basketball, these track pants are a versatile addition to your collection.\"}',22.99,'{\"de\":\"Verbessern Sie Ihr Training\",\"fr\":\"\\u00c9levez vos entra\\u00eenements\",\"en\":\"Elevate Your Workouts\"}','{\"de\":\"Lockere Passform f\\u00fcr Komfort beim Training.\",\"fr\":\"Coupe d\\u00e9contract\\u00e9e pour plus de confort pendant l&#39;exercice.\",\"en\":\"Relaxed fit for comfort during exercise.\"}',2,0,100,200,'M-TR003',0,225,'{\"url\": \"https://shoptopus.test/sample-store-data/sample-store-1/product-images/mens-trousers-3.jpg\", \"file_name\": \"mens-trousers-3.jpg\"}','[\"9c4273e5-182c-4f24-8a7e-8fe7111b8553\", \"9c4273e4-e1a6-45d6-b0fa-aeea949ea259\", \"9c4273e4-ab2c-49ad-bece-4d2dee0079e5\", \"9c4273e4-74b6-44cf-91c0-824a31dcb756\", \"9c4273e4-3a4a-4b23-9993-225be33cc186\"]',3.50,NULL,'2024-06-11 07:51:22','2024-06-11 07:52:52'),('9c427408-ebac-4870-8635-1e21ee25ac0b','{\"de\":\"Klassische Crew-Socken aus Baumwolle\",\"fr\":\"Chaussettes classiques en coton\",\"en\":\"Classic Cotton Crew Socks\"}','classic-cotton-crew-socks','{\"de\":\"Zeitloser Komfort in diesen klassischen Crew-Socken aus Baumwolle.\",\"fr\":\"Confort intemporel avec ces chaussettes classiques en coton.\",\"en\":\"Timeless comfort in these classic cotton crew socks.\"}','{\"de\":\"Werten Sie Ihren Stil mit diesen Classic Cotton Crew Socks auf. Das zeitlose Design und die weiche, atmungsaktive Baumwolle machen sie perfekt f\\u00fcr jeden Anlass. Ob f\\u00fcr eine formelle Veranstaltung oder einen besonderen Abend, diese Socken bieten sowohl Komfort als auch Eleganz. Erh\\u00e4ltlich in verschiedenen Farben, passend zu Ihrem Look.\",\"fr\":\"Am\\u00e9liorez votre style avec ces chaussettes classiques en coton. Leur design intemporel et leur coton doux et respirant les rendent parfaits pour toutes les occasions. Que ce soit pour un \\u00e9v\\u00e9nement formel ou une soir\\u00e9e sp\\u00e9ciale, ces chaussettes offrent \\u00e0 la fois confort et \\u00e9l\\u00e9gance. Disponible en diff\\u00e9rentes couleurs pour correspondre \\u00e0 votre look.\",\"en\":\"Elevate your style with these Classic Cotton Crew Socks. The timeless design and soft, breathable cotton make them perfect for any occasion. Whether for a formal event or a special evening out, these socks offer both comfort and elegance. Available in various colors to match your look.\"}',12.99,'{\"de\":\"Zeitlose Eleganz\",\"fr\":\"\\u00c9l\\u00e9gance intemporelle\",\"en\":\"Timeless Elegance\"}','{\"de\":\"Perfekt f\\u00fcr formelle Veranstaltungen und besondere Abende.\",\"fr\":\"Parfait pour les \\u00e9v\\u00e9nements formels et les soir\\u00e9es sp\\u00e9ciales.\",\"en\":\"Perfect for formal events and special evenings.\"}',1,0,83,150,'M-SK001',0,220,'{\"url\": \"https://shoptopus.test/sample-store-data/sample-store-1/product-images/mens-socks-1.jpg\", \"file_name\": \"mens-socks-1.jpg\"}','[\"9c4273e6-3425-4d96-89a1-2217de7ef932\", \"9c4273e5-c695-4b23-b09b-695b7e9fc260\", \"9c4273e5-5102-4756-b401-22fb6c3fa749\"]',2.33,NULL,'2024-06-11 07:51:23','2024-06-11 07:52:52'),('9c42740a-d67a-48f4-9927-04e9464288f4','{\"de\":\"Sportliche S\\u00f6ckchen\",\"fr\":\"Socquettes sportives\",\"en\":\"Sporty Ankle Socks\"}','sporty-ankle-socks','{\"de\":\"Verbessern Sie Ihr Training mit diesen bequemen S\\u00f6ckchen.\",\"fr\":\"Am\\u00e9liorez votre entra\\u00eenement avec ces chaussettes confortables.\",\"en\":\"Elevate your workout with these comfortable ankle socks.\"}','{\"de\":\"Werten Sie Ihren sportlichen Stil mit diesen sportlichen S\\u00f6ckchen auf. Das gepolsterte Design und die bequeme Passform sorgen f\\u00fcr Komfort und Halt beim Training oder bei Outdoor-Aktivit\\u00e4ten. Ob zum Laufen oder f\\u00fcr ein Sportereignis, diese Socken sind eine vielseitige Erg\\u00e4nzung f\\u00fcr Ihre Kollektion.\",\"fr\":\"Am\\u00e9liorez votre style athl\\u00e9tique avec ces chaussettes sportives. La conception rembourr\\u00e9e et la coupe ajust\\u00e9e offrent confort et soutien pendant les entra\\u00eenements ou les activit\\u00e9s de plein air. Que ce soit pour une course ou un \\u00e9v\\u00e9nement sportif, ces chaussettes sont un ajout polyvalent \\u00e0 votre collection.\",\"en\":\"Upgrade your athletic style with these Sporty Ankle Socks. The cushioned design and snug fit provide comfort and support during workouts or outdoor activities. Whether for a run or a sports event, these socks are a versatile addition to your collection.\"}',14.50,'{\"de\":\"Verbessern Sie Ihr Training\",\"fr\":\"\\u00c9levez vos entra\\u00eenements\",\"en\":\"Elevate Your Workouts\"}','{\"de\":\"Gepolstertes Design f\\u00fcr Komfort und Unterst\\u00fctzung w\\u00e4hrend des Trainings.\",\"fr\":\"Conception rembourr\\u00e9e pour plus de confort et de soutien pendant l&#39;exercice.\",\"en\":\"Cushioned design for comfort and support during exercise.\"}',2,0,63,180,'M-SK002',0,230,'{\"url\": \"https://shoptopus.test/sample-store-data/sample-store-1/product-images/mens-socks-2.jpg\", \"file_name\": \"mens-socks-2.jpg\"}','[\"9c4273e6-3425-4d96-89a1-2217de7ef932\", \"9c4273e5-c695-4b23-b09b-695b7e9fc260\", \"9c4273e5-5102-4756-b401-22fb6c3fa749\"]',NULL,NULL,'2024-06-11 07:51:25','2024-06-11 07:52:52'),('9c42740c-a29e-4467-bc11-b66993b6a9a3','{\"de\":\"L\\u00e4ssige Socken mit niedrigem Schnitt\",\"fr\":\"Chaussettes basses d\\u00e9contract\\u00e9es\",\"en\":\"Casual Low-Cut Socks\"}','casual-low-cut-socks','{\"de\":\"Mit diesen vielseitigen, niedrig geschnittenen Socken bleiben Sie l\\u00e4ssig und bequem.\",\"fr\":\"Restez d\\u00e9contract\\u00e9 et confortable avec ces chaussettes basses polyvalentes.\",\"en\":\"Stay casual and comfy with these versatile low-cut socks.\"}','{\"de\":\"Diese Casual Low-Cut-Socken sind bequem. Ihr Low-Cut-Design und ihr vielseitiger Stil machen sie perfekt f\\u00fcr entspannte Tage. Diese Socken aus weichem, atmungsaktivem Material machen Ihre F\\u00fc\\u00dfe gl\\u00fccklich. Ob f\\u00fcr ein Wochenende zu Hause oder einen entspannten Tag unterwegs, sie sind ein Muss in Ihrer Sockensammlung.\",\"fr\":\"Trouvez le confort dans ces chaussettes basses d\\u00e9contract\\u00e9es. Leur coupe basse et leur style polyvalent les rendent parfaits pour les journ\\u00e9es d\\u00e9contract\\u00e9es. Fabriqu\\u00e9es \\u00e0 partir de mat\\u00e9riaux doux et respirants, ces chaussettes gardent vos pieds heureux. Que ce soit pour un week-end \\u00e0 la maison ou une journ\\u00e9e d\\u00e9contract\\u00e9e, elles sont un incontournable de votre collection de chaussettes.\",\"en\":\"Find comfort in these Casual Low-Cut Socks. Their low-cut design and versatile style make them perfect for laid-back days. Crafted from soft, breathable materials, these socks keep your feet happy. Whether for a weekend at home or a casual day out, they\'re a must-have in your sock collection.\"}',11.99,'{\"de\":\"L\\u00e4ssiger Komfort\",\"fr\":\"Confort d\\u00e9contract\\u00e9\",\"en\":\"Casual Comfort\"}','{\"de\":\"Low-Cut-Style f\\u00fcr lockere und entspannte Tage.\",\"fr\":\"Style d\\u00e9collet\\u00e9 pour des journ\\u00e9es faciles et d\\u00e9contract\\u00e9es.\",\"en\":\"Low-cut style for easy and laid-back days.\"}',1,0,113,120,'M-SK003',0,240,'{\"url\": \"https://shoptopus.test/sample-store-data/sample-store-1/product-images/mens-socks-3.jpg\", \"file_name\": \"mens-socks-3.jpg\"}','[\"9c4273e6-3425-4d96-89a1-2217de7ef932\", \"9c4273e5-c695-4b23-b09b-695b7e9fc260\", \"9c4273e5-5102-4756-b401-22fb6c3fa749\"]',2.00,NULL,'2024-06-11 07:51:26','2024-06-11 07:52:52'),('9c42740e-6466-4f3a-9ad0-b62ebd2ac671','{\"de\":\"Klassisches Poloshirt\",\"fr\":\"Polo classique\",\"en\":\"Classic Polo Shirt\"}','classic-polo-shirt','{\"de\":\"Zeitloser Stil in diesem klassischen Poloshirt.\",\"fr\":\"Style intemporel dans ce polo classique.\",\"en\":\"Timeless style in this classic polo shirt.\"}','{\"de\":\"Werten Sie Ihren l\\u00e4ssigen Look mit diesem klassischen Poloshirt auf. Das zeitlose Design und der hochwertige Stoff machen es perfekt f\\u00fcr jeden Anlass. Ob f\\u00fcr einen Tag mit Freunden oder einen entspannten Abend, dieses Poloshirt bietet sowohl Stil als auch Komfort. Erh\\u00e4ltlich in verschiedenen Farben, passend zu Ihrem Look.\",\"fr\":\"Rehaussez votre look d\\u00e9contract\\u00e9 avec ce polo classique. Son design intemporel et son tissu de haute qualit\\u00e9 le rendent parfait pour toutes les occasions. Que ce soit pour une journ\\u00e9e entre amis ou une soir\\u00e9e d\\u00e9contract\\u00e9e, ce polo offre \\u00e0 la fois style et confort. Disponible en diff\\u00e9rentes couleurs pour correspondre \\u00e0 votre look.\",\"en\":\"Elevate your casual look with this Classic Polo Shirt. The timeless design and high-quality fabric make it perfect for any occasion. Whether for a day out with friends or a relaxed evening, this polo shirt offers both style and comfort. Available in various colors to match your look.\"}',17.99,'{\"de\":\"Zeitlose Eleganz\",\"fr\":\"\\u00c9l\\u00e9gance intemporelle\",\"en\":\"Timeless Elegance\"}','{\"de\":\"Perfekt f\\u00fcr lockere Anl\\u00e4sse und entspannte Abende.\",\"fr\":\"Parfait pour les occasions d\\u00e9contract\\u00e9es et les soir\\u00e9es d\\u00e9tendues.\",\"en\":\"Perfect for casual occasions and relaxed evenings.\"}',1,0,300,150,'W-P001',0,220,'{\"url\": \"https://shoptopus.test/sample-store-data/sample-store-1/product-images/ladies-polo-shirts-1.jpg\", \"file_name\": \"ladies-polo-shirts-1.jpg\"}','[\"9c4273e5-182c-4f24-8a7e-8fe7111b8553\", \"9c4273e8-fe98-447b-ab1b-4bbef2b35d09\", \"9c4273e4-e1a6-45d6-b0fa-aeea949ea259\", \"9c4273e4-ab2c-49ad-bece-4d2dee0079e5\", \"9c4273e4-74b6-44cf-91c0-824a31dcb756\", \"9c4273e4-3a4a-4b23-9993-225be33cc186\", \"9c4273e9-6b75-4490-8fd1-4bf9409c705a\", \"9c4273e8-c7db-44df-9c1a-9bf4abefcac3\", \"9c4273ea-111a-48a5-a1af-e89e35e7a7a4\", \"9c4273ea-8833-4726-bda3-74a2477aec16\"]',2.57,NULL,'2024-06-11 07:51:27','2024-06-11 07:52:52'),('9c427410-66d7-441a-8e70-d6d91f6923bc','{\"de\":\"Sportliches Performance-Polo\",\"fr\":\"Polo de performance sportive\",\"en\":\"Sporty Performance Polo\"}','sporty-performance-polo','{\"de\":\"Werten Sie Ihren sportlichen Look mit diesem bequemen Performance-Poloshirt auf.\",\"fr\":\"Am\\u00e9liorez votre look sportif avec ce polo performant et confortable.\",\"en\":\"Elevate your sporty look with this comfortable performance polo shirt.\"}','{\"de\":\"Werten Sie Ihren sportlichen Stil mit diesem sportlichen Performance-Poloshirt auf. Der feuchtigkeitsableitende Stoff und die bequeme Passform bieten Unterst\\u00fctzung beim Training oder bei sportlichen Aktivit\\u00e4ten. Ob zum Joggen oder f\\u00fcr eine Partie Tennis, dieses Poloshirt ist eine vielseitige Erg\\u00e4nzung Ihrer Kollektion.\",\"fr\":\"Am\\u00e9liorez votre style athl\\u00e9tique avec ce polo Sporty Performance. Le tissu \\u00e9vacuant l&#39;humidit\\u00e9 et la coupe confortable offrent un soutien pendant les entra\\u00eenements ou les activit\\u00e9s sportives. Que ce soit pour une course ou une partie de tennis, ce polo est un ajout polyvalent \\u00e0 votre collection.\",\"en\":\"Upgrade your athletic style with this Sporty Performance Polo Shirt. The moisture-wicking fabric and comfortable fit provide support during workouts or sports activities. Whether for a run or a game of tennis, this polo shirt is a versatile addition to your collection.\"}',19.50,'{\"de\":\"Verbessern Sie Ihr Training\",\"fr\":\"\\u00c9levez vos entra\\u00eenements\",\"en\":\"Elevate Your Workouts\"}','{\"de\":\"Feuchtigkeitsableitendes Gewebe f\\u00fcr Komfort w\\u00e4hrend des Trainings.\",\"fr\":\"Tissu \\u00e9vacuant l&#39;humidit\\u00e9 pour plus de confort pendant l&#39;exercice.\",\"en\":\"Moisture-wicking fabric for comfort during exercise.\"}',2,0,24,160,'W-P002',0,230,'{\"url\": \"https://shoptopus.test/sample-store-data/sample-store-1/product-images/ladies-polo-shirts-2.jpg\", \"file_name\": \"ladies-polo-shirts-2.jpg\"}','[\"9c4273e5-182c-4f24-8a7e-8fe7111b8553\", \"9c4273e4-e1a6-45d6-b0fa-aeea949ea259\", \"9c4273e4-ab2c-49ad-bece-4d2dee0079e5\", \"9c4273e4-74b6-44cf-91c0-824a31dcb756\", \"9c4273e4-3a4a-4b23-9993-225be33cc186\"]',NULL,NULL,'2024-06-11 07:51:28','2024-06-11 07:52:52'),('9c427412-529e-4ee8-8d55-0be0575239e9','{\"de\":\"L\\u00e4ssiges Kurzarm-Polo\",\"fr\":\"Polo d\\u00e9contract\\u00e9 \\u00e0 manches courtes\",\"en\":\"Casual Short Sleeve Polo\"}','casual-short-sleeve-polo','{\"de\":\"Bleiben Sie l\\u00e4ssig und bequem in diesem vielseitigen Kurzarm-Poloshirt.\",\"fr\":\"Restez d\\u00e9contract\\u00e9 et confortable avec ce polo polyvalent \\u00e0 manches courtes.\",\"en\":\"Stay casual and comfy in this versatile short sleeve polo shirt.\"}','{\"de\":\"Dieses l\\u00e4ssige Poloshirt mit kurzen \\u00c4rmeln ist bequem. Das klassische Kurzarmdesign und der vielseitige Stil machen es perfekt f\\u00fcr entspannte Tage. Dieses Poloshirt aus weichen, atmungsaktiven Materialien bietet h\\u00f6chsten Tragekomfort. Ob f\\u00fcr ein Wochenende zu Hause oder einen l\\u00e4ssigen Tag in der Stadt, es ist ein Muss in Ihrer Garderobe.\",\"fr\":\"Trouvez le confort dans ce polo d\\u00e9contract\\u00e9 \\u00e0 manches courtes. Le design classique \\u00e0 manches courtes et le style polyvalent le rendent parfait pour les journ\\u00e9es d\\u00e9contract\\u00e9es. Fabriqu\\u00e9 \\u00e0 partir de mat\\u00e9riaux doux et respirants, ce polo vous assure un confort optimal. Que ce soit pour un week-end \\u00e0 la maison ou une journ\\u00e9e d\\u00e9contract\\u00e9e, c&#39;est un incontournable de votre garde-robe.\",\"en\":\"Find comfort in this Casual Short Sleeve Polo Shirt. The classic short sleeve design and versatile style make it perfect for laid-back days. Crafted from soft, breathable materials, this polo shirt keeps you comfortable. Whether for a weekend at home or a casual day out, it\'s a must-have in your wardrobe.\"}',15.99,'{\"de\":\"L\\u00e4ssiger Komfort\",\"fr\":\"Confort d\\u00e9contract\\u00e9\",\"en\":\"Casual Comfort\"}','{\"de\":\"Vielseitige Kurzarmshirts f\\u00fcr unkomplizierte und entspannte Tage.\",\"fr\":\"Manches courtes polyvalentes pour des journ\\u00e9es faciles et d\\u00e9contract\\u00e9es.\",\"en\":\"Versatile short sleeves for easy and laid-back days.\"}',1,0,180,120,'W-P003',0,240,'{\"url\": \"https://shoptopus.test/sample-store-data/sample-store-1/product-images/ladies-polo-shirts-3.jpg\", \"file_name\": \"ladies-polo-shirts-3.jpg\"}','[\"9c4273e5-182c-4f24-8a7e-8fe7111b8553\", \"9c4273e9-6b75-4490-8fd1-4bf9409c705a\", \"9c4273e4-e1a6-45d6-b0fa-aeea949ea259\", \"9c4273e4-ab2c-49ad-bece-4d2dee0079e5\", \"9c4273e4-74b6-44cf-91c0-824a31dcb756\", \"9c4273e4-3a4a-4b23-9993-225be33cc186\", \"9c4273e8-c7db-44df-9c1a-9bf4abefcac3\", \"9c4273ea-8833-4726-bda3-74a2477aec16\"]',2.50,NULL,'2024-06-11 07:51:30','2024-06-11 07:52:52'),('9c427414-5cf5-480d-8324-74ea8f9e275c','{\"de\":\"Eleganter A-Linien Rock\",\"fr\":\"Jupe trap\\u00e8ze \\u00e9l\\u00e9gante\",\"en\":\"Elegant A-Line Skirt\"}','elegant-a-line-skirt','{\"de\":\"Verbessern Sie Ihren Stil mit diesem eleganten A-Linien-Rock.\",\"fr\":\"Rehaussez votre style avec cette \\u00e9l\\u00e9gante jupe trap\\u00e8ze.\",\"en\":\"Elevate your style with this elegant A-line skirt.\"}','{\"de\":\"Mit diesem eleganten A-Linien-Rock ziehen Sie alle Blicke auf sich. Das klassische A-Linien-Design und der hochwertige Stoff machen ihn perfekt f\\u00fcr besondere Anl\\u00e4sse. Ob f\\u00fcr ein romantisches Rendezvous am Abend oder ein elegantes Event, dieser Rock bietet Stil und Anmut. Erh\\u00e4ltlich in verschiedenen Farben, passend zu Ihrem Ensemble.\",\"fr\":\"Faites tourner les t\\u00eates avec cette \\u00e9l\\u00e9gante jupe trap\\u00e8ze. Le design classique de la ligne A et le tissu de haute qualit\\u00e9 le rendent parfait pour les occasions sp\\u00e9ciales. Que ce soit pour un rendez-vous romantique ou un \\u00e9v\\u00e9nement \\u00e9l\\u00e9gant, cette jupe offre \\u00e0 la fois style et gr\\u00e2ce. Disponible en diff\\u00e9rentes couleurs pour correspondre \\u00e0 votre ensemble.\",\"en\":\"Turn heads with this Elegant A-Line Skirt. The classic A-line design and high-quality fabric make it perfect for special occasions. Whether for a romantic date night or an elegant event, this skirt offers both style and grace. Available in various colors to match your ensemble.\"}',28.99,'{\"de\":\"Zeitlose Eleganz\",\"fr\":\"\\u00c9l\\u00e9gance intemporelle\",\"en\":\"Timeless Elegance\"}','{\"de\":\"Perfekt f\\u00fcr besondere Anl\\u00e4sse und elegante Veranstaltungen.\",\"fr\":\"Parfait pour les occasions sp\\u00e9ciales et les \\u00e9v\\u00e9nements \\u00e9l\\u00e9gants.\",\"en\":\"Perfect for special occasions and elegant events.\"}',2,0,120,160,'W-S001',0,220,'{\"url\": \"https://shoptopus.test/sample-store-data/sample-store-1/product-images/ladies-skirts-1.jpg\", \"file_name\": \"ladies-skirts-1.jpg\"}','[\"9c4273e5-182c-4f24-8a7e-8fe7111b8553\", \"9c4273e9-6b75-4490-8fd1-4bf9409c705a\", \"9c4273e4-e1a6-45d6-b0fa-aeea949ea259\", \"9c4273e4-ab2c-49ad-bece-4d2dee0079e5\", \"9c4273e4-74b6-44cf-91c0-824a31dcb756\", \"9c4273e4-3a4a-4b23-9993-225be33cc186\", \"9c4273e8-fe98-447b-ab1b-4bbef2b35d09\"]',NULL,NULL,'2024-06-11 07:51:31','2024-06-11 07:52:52'),('9c427416-3a4e-455e-a179-19c5451fa787','{\"de\":\"L\\u00e4ssiger Jeansrock\",\"fr\":\"Jupe en jean d\\u00e9contract\\u00e9e\",\"en\":\"Casual Denim Skirt\"}','casual-denim-skirt','{\"de\":\"Bleiben Sie l\\u00e4ssig und stilvoll in diesem vielseitigen Jeansrock.\",\"fr\":\"Restez d\\u00e9contract\\u00e9e et \\u00e9l\\u00e9gante avec cette jupe en jean polyvalente.\",\"en\":\"Stay casual and stylish in this versatile denim skirt.\"}','{\"de\":\"Finden Sie Stil und Komfort in diesem l\\u00e4ssigen Jeansrock. Der Jeansstoff und das vielseitige Design machen ihn perfekt f\\u00fcr legere und halbformelle Anl\\u00e4sse. Dieser Rock aus weichen, atmungsaktiven Materialien l\\u00e4sst Sie gro\\u00dfartig aussehen. Ob f\\u00fcr einen Wochenendausflug oder ein legeres Abendessen, er ist eine vielseitige Erg\\u00e4nzung f\\u00fcr Ihre Garderobe.\",\"fr\":\"Trouvez style et confort dans cette jupe en jean d\\u00e9contract\\u00e9e. Le tissu denim et le design polyvalent le rendent parfait pour les occasions d\\u00e9contract\\u00e9es et semi-formelles. Fabriqu\\u00e9e \\u00e0 partir de mat\\u00e9riaux doux et respirants, cette jupe vous garde belle. Que ce soit pour une sortie du week-end ou un d\\u00eener d\\u00e9contract\\u00e9, c&#39;est un ajout polyvalent \\u00e0 votre garde-robe.\",\"en\":\"Find style and comfort in this Casual Denim Skirt. The denim fabric and versatile design make it perfect for both casual and semi-formal occasions. Crafted from soft, breathable materials, this skirt keeps you looking great. Whether for a weekend outing or a casual dinner, it\'s a versatile addition to your wardrobe.\"}',24.50,'{\"de\":\"L\\u00e4ssige Vielseitigkeit\",\"fr\":\"Polyvalence d\\u00e9contract\\u00e9e\",\"en\":\"Casual Versatility\"}','{\"de\":\"Ideal f\\u00fcr sowohl zwanglose als auch halbformelle Anl\\u00e4sse.\",\"fr\":\"Id\\u00e9al pour les occasions d\\u00e9contract\\u00e9es et semi-formelles.\",\"en\":\"Ideal for both casual and semi-formal occasions.\"}',1,0,98,190,'W-S002',0,210,'{\"url\": \"https://shoptopus.test/sample-store-data/sample-store-1/product-images/ladies-skirts-2.jpg\", \"file_name\": \"ladies-skirts-2.jpg\"}','[\"9c4273e5-182c-4f24-8a7e-8fe7111b8553\", \"9c4273e4-e1a6-45d6-b0fa-aeea949ea259\", \"9c4273e4-ab2c-49ad-bece-4d2dee0079e5\", \"9c4273e4-74b6-44cf-91c0-824a31dcb756\", \"9c4273e4-3a4a-4b23-9993-225be33cc186\"]',3.80,NULL,'2024-06-11 07:51:32','2024-06-11 07:52:52'),('9c427418-4736-4bac-99cc-ada2a171a3ae','{\"de\":\"Gebl\\u00fcmter Midirock\",\"fr\":\"Jupe mi-longue fleurie\",\"en\":\"Floral Midi Skirt\"}','floral-midi-skirt','{\"de\":\"Verbessern Sie Ihren Stil mit diesem bequemen Midirock mit Blumenmuster.\",\"fr\":\"Rehaussez votre style avec cette jupe midi fleurie confortable.\",\"en\":\"Elevate your style with this comfortable floral midi skirt.\"}','{\"de\":\"Werten Sie Ihre Garderobe mit diesem floralen Midirock auf. Der Blumendruck und die bequeme Passform verleihen bei legeren oder halbformellen Anl\\u00e4ssen einen Hauch von Eleganz. Ob f\\u00fcr ein Brunch-Date oder eine Gartenparty, dieser Rock ist eine vielseitige Erg\\u00e4nzung Ihrer Kollektion.\",\"fr\":\"Am\\u00e9liorez votre garde-robe avec cette jupe midi fleurie. L&#39;imprim\\u00e9 floral et la coupe confortable apportent une touche d&#39;\\u00e9l\\u00e9gance lors d&#39;occasions d\\u00e9contract\\u00e9es ou semi-formelles. Que ce soit pour un brunch ou une garden-party, cette jupe est un ajout polyvalent \\u00e0 votre collection.\",\"en\":\"Upgrade your wardrobe with this Floral Midi Skirt. The floral print and comfortable fit provide a touch of elegance during casual or semi-formal occasions. Whether for a brunch date or a garden party, this skirt is a versatile addition to your collection.\"}',22.99,'{\"de\":\"Werten Sie Ihre Garderobe auf\",\"fr\":\"\\u00c9levez votre garde-robe\",\"en\":\"Elevate Your Wardrobe\"}','{\"de\":\"Florale Eleganz f\\u00fcr legere und halbformelle Anl\\u00e4sse.\",\"fr\":\"\\u00c9l\\u00e9gance florale pour les occasions d\\u00e9contract\\u00e9es et semi-formelles.\",\"en\":\"Floral elegance for casual and semi-formal occasions.\"}',2,0,136,200,'W-S003',0,225,'{\"url\": \"https://shoptopus.test/sample-store-data/sample-store-1/product-images/ladies-skirts-3.jpg\", \"file_name\": \"ladies-skirts-3.jpg\"}','[\"9c4273e5-182c-4f24-8a7e-8fe7111b8553\", \"9c4273e4-e1a6-45d6-b0fa-aeea949ea259\", \"9c4273e4-ab2c-49ad-bece-4d2dee0079e5\", \"9c4273e4-74b6-44cf-91c0-824a31dcb756\", \"9c4273e4-3a4a-4b23-9993-225be33cc186\"]',5.00,NULL,'2024-06-11 07:51:33','2024-06-11 07:52:52'),('9c42741a-1905-48d1-9c24-0021a2a51367','{\"de\":\"Klassischer Wollpullover\",\"fr\":\"Pull classique en laine\",\"en\":\"Classic Wool Jumper\"}','classic-wool-jumper','{\"de\":\"Zeitlose W\\u00e4rme in diesem klassischen Wollpullover.\",\"fr\":\"Chaleur intemporelle dans ce pull en laine classique.\",\"en\":\"Timeless warmth in this classic wool jumper.\"}','{\"de\":\"Mit diesem klassischen Wollpullover bleiben Sie stilvoll warm. Das zeitlose Design und die hochwertige Wolle machen ihn perfekt f\\u00fcr k\\u00fchle Tage. Ob f\\u00fcr einen Winterausflug oder einen gem\\u00fctlichen Abend vor dem Kamin, dieser Pullover bietet sowohl W\\u00e4rme als auch Eleganz. Erh\\u00e4ltlich in verschiedenen Farben, ganz nach Ihrem Geschmack.\",\"fr\":\"Restez au chaud avec style avec ce pull en laine classique. Son design intemporel et sa laine de haute qualit\\u00e9 le rendent parfait pour les journ\\u00e9es froides. Que ce soit pour une sortie hivernale ou une soir\\u00e9e douillette au coin du feu, ce pull offre \\u00e0 la fois chaleur et \\u00e9l\\u00e9gance. Disponible en diff\\u00e9rentes couleurs selon vos go\\u00fbts.\",\"en\":\"Stay warm in style with this Classic Wool Jumper. The timeless design and high-quality wool make it perfect for chilly days. Whether for a winter outing or a cozy evening by the fireplace, this jumper offers both warmth and elegance. Available in various colors to suit your taste.\"}',29.99,'{\"de\":\"Zeitlose W\\u00e4rme\",\"fr\":\"Chaleur intemporelle\",\"en\":\"Timeless Warmth\"}','{\"de\":\"Perfekt f\\u00fcr Winterausfl\\u00fcge und gem\\u00fctliche Abende.\",\"fr\":\"Parfait pour les sorties hivernales et les soir\\u00e9es douillettes.\",\"en\":\"Perfect for winter outings and cozy evenings.\"}',1,0,137,180,'W-J001',0,240,'{\"url\": \"https://shoptopus.test/sample-store-data/sample-store-1/product-images/ladies-jumpers-1.jpg\", \"file_name\": \"ladies-jumpers-1.jpg\"}','[\"9c4273e5-182c-4f24-8a7e-8fe7111b8553\", \"9c4273e4-e1a6-45d6-b0fa-aeea949ea259\", \"9c4273e4-ab2c-49ad-bece-4d2dee0079e5\", \"9c4273e4-74b6-44cf-91c0-824a31dcb756\", \"9c4273e4-3a4a-4b23-9993-225be33cc186\"]',4.40,NULL,'2024-06-11 07:51:35','2024-06-11 07:52:52'),('9c42741b-fbd5-4310-856c-6e9d03e2615e','{\"de\":\"L\\u00e4ssiger Pullover mit V-Ausschnitt\",\"fr\":\"Pull d\\u00e9contract\\u00e9 \\u00e0 col en V\",\"en\":\"Casual V-Neck Jumper\"}','casual-v-neck-jumper','{\"de\":\"Bleiben Sie l\\u00e4ssig und bequem in diesem vielseitigen Pullover mit V-Ausschnitt.\",\"fr\":\"Restez d\\u00e9contract\\u00e9 et confortable avec ce pull polyvalent \\u00e0 col en V.\",\"en\":\"Stay casual and comfy in this versatile v-neck jumper.\"}','{\"de\":\"Dieser l\\u00e4ssige Pullover mit V-Ausschnitt ist bequem. Das klassische V-Ausschnitt-Design und der vielseitige Stil machen ihn perfekt f\\u00fcr entspannte Tage. Dieser Pullover aus weichen, atmungsaktiven Materialien bietet h\\u00f6chsten Tragekomfort. Ob f\\u00fcr ein Wochenende zu Hause oder einen l\\u00e4ssigen Tag in der Stadt, er ist ein Muss in Ihrer Garderobe.\",\"fr\":\"Trouvez le confort dans ce pull d\\u00e9contract\\u00e9 \\u00e0 col en V. Le design classique \\u00e0 col en V et le style polyvalent le rendent parfait pour les journ\\u00e9es d\\u00e9contract\\u00e9es. Fabriqu\\u00e9 \\u00e0 partir de mat\\u00e9riaux doux et respirants, ce pull vous assure un confort optimal. Que ce soit pour un week-end \\u00e0 la maison ou une journ\\u00e9e d\\u00e9contract\\u00e9e, c&#39;est un incontournable de votre garde-robe.\",\"en\":\"Find comfort in this Casual V-Neck Jumper. The classic v-neck design and versatile style make it perfect for laid-back days. Crafted from soft, breathable materials, this jumper keeps you comfortable. Whether for a weekend at home or a casual day out, it\'s a must-have in your wardrobe.\"}',21.50,'{\"de\":\"L\\u00e4ssiger Komfort\",\"fr\":\"Confort d\\u00e9contract\\u00e9\",\"en\":\"Casual Comfort\"}','{\"de\":\"Vielseitiger V-Ausschnitt f\\u00fcr unkomplizierte und entspannte Tage.\",\"fr\":\"Col en V polyvalent pour des journ\\u00e9es faciles et d\\u00e9contract\\u00e9es.\",\"en\":\"Versatile v-neck for easy and laid-back days.\"}',2,0,104,120,'W-J002',0,225,'{\"url\": \"https://shoptopus.test/sample-store-data/sample-store-1/product-images/ladies-jumpers-2.jpg\", \"file_name\": \"ladies-jumpers-2.jpg\"}','[\"9c4273e5-182c-4f24-8a7e-8fe7111b8553\", \"9c4273e4-e1a6-45d6-b0fa-aeea949ea259\", \"9c4273e4-ab2c-49ad-bece-4d2dee0079e5\", \"9c4273e4-74b6-44cf-91c0-824a31dcb756\", \"9c4273e4-3a4a-4b23-9993-225be33cc186\"]',3.00,NULL,'2024-06-11 07:51:36','2024-06-11 07:52:52'),('9c42741d-c9a4-461c-83bb-da8fc7a45309','{\"de\":\"Sportiver Zip-Pullover\",\"fr\":\"Pull sportif zipp\\u00e9\",\"en\":\"Sporty Zip-Up Jumper\"}','sporty-zip-up-jumper-1','{\"de\":\"Werten Sie Ihren sportlichen Look mit diesem bequemen Pullover mit Rei\\u00dfverschluss auf.\",\"fr\":\"Rehaussez votre look sportif avec ce pull zipp\\u00e9 confortable.\",\"en\":\"Elevate your sporty look with this comfortable zip-up jumper.\"}','{\"de\":\"Werten Sie Ihren sportlichen Stil mit diesem sportlichen Pullover mit Rei\\u00dfverschluss auf. Das Rei\\u00dfverschlussdesign und die bequeme Passform bieten Halt beim Training oder bei sportlichen Aktivit\\u00e4ten. Ob zum Joggen oder f\\u00fcr ein Basketballspiel, dieser Pullover ist eine vielseitige Erg\\u00e4nzung Ihrer Kollektion.\",\"fr\":\"Am\\u00e9liorez votre style athl\\u00e9tique avec ce pull sportif zipp\\u00e9. La conception zipp\\u00e9e et la coupe confortable offrent un soutien pendant les entra\\u00eenements ou les activit\\u00e9s sportives. Que ce soit pour une course ou une partie de basket-ball, ce pull est un ajout polyvalent \\u00e0 votre collection.\",\"en\":\"Upgrade your athletic style with this Sporty Zip-Up Jumper. The zip-up design and comfortable fit provide support during workouts or sports activities. Whether for a run or a game of basketball, this jumper is a versatile addition to your collection.\"}',25.99,'{\"de\":\"Verbessern Sie Ihr Training\",\"fr\":\"\\u00c9levez vos entra\\u00eenements\",\"en\":\"Elevate Your Workouts\"}','{\"de\":\"Rei\\u00dfverschluss f\\u00fcr mehr Komfort beim Training.\",\"fr\":\"Style zipp\\u00e9 pour plus de confort pendant l&#39;exercice.\",\"en\":\"Zip-up style for comfort during exercise.\"}',1,0,120,160,'W-J003',0,210,'{\"url\": \"https://shoptopus.test/sample-store-data/sample-store-1/product-images/ladies-jumpers-3.jpg\", \"file_name\": \"ladies-jumpers-3.jpg\"}','[\"9c4273e5-182c-4f24-8a7e-8fe7111b8553\", \"9c4273e8-c7db-44df-9c1a-9bf4abefcac3\", \"9c4273e4-e1a6-45d6-b0fa-aeea949ea259\", \"9c4273e4-ab2c-49ad-bece-4d2dee0079e5\", \"9c4273e4-74b6-44cf-91c0-824a31dcb756\", \"9c4273e4-3a4a-4b23-9993-225be33cc186\", \"9c4273e9-6b75-4490-8fd1-4bf9409c705a\"]',NULL,NULL,'2024-06-11 07:51:37','2024-06-11 07:52:52'),('9c42741f-c8c5-4197-b78a-2aec13df1767','{\"de\":\"Klassische Anzughose\",\"fr\":\"Pantalon habill\\u00e9 classique\",\"en\":\"Classic Dress Trousers\"}','classic-dress-trousers-1','{\"de\":\"Zeitloser Stil in dieser klassischen Anzughose.\",\"fr\":\"Style intemporel avec ce pantalon habill\\u00e9 classique.\",\"en\":\"Timeless style in these classic dress trousers.\"}','{\"de\":\"Werten Sie Ihren formellen Look mit dieser klassischen Anzughose auf. Das zeitlose Design und der hochwertige Stoff machen sie perfekt f\\u00fcr jeden besonderen Anlass. Ob f\\u00fcr ein Gesch\\u00e4ftstreffen oder eine formelle Veranstaltung, diese Hose bietet sowohl Stil als auch Eleganz. Erh\\u00e4ltlich in verschiedenen Farben, passend zu Ihrem Ensemble.\",\"fr\":\"Rehaussez votre look formel avec ce pantalon habill\\u00e9 classique. Leur design intemporel et leur tissu de haute qualit\\u00e9 les rendent parfaits pour toute occasion sp\\u00e9ciale. Que ce soit pour une r\\u00e9union d&#39;affaires ou un \\u00e9v\\u00e9nement formel, ce pantalon offre \\u00e0 la fois style et sophistication. Disponible en diff\\u00e9rentes couleurs pour correspondre \\u00e0 votre ensemble.\",\"en\":\"Elevate your formal look with these Classic Dress Trousers. The timeless design and high-quality fabric make them perfect for any special occasion. Whether for a business meeting or a formal event, these trousers offer both style and sophistication. Available in various colors to match your ensemble.\"}',27.99,'{\"de\":\"Zeitlose Eleganz\",\"fr\":\"\\u00c9l\\u00e9gance intemporelle\",\"en\":\"Timeless Elegance\"}','{\"de\":\"Perfekt f\\u00fcr formelle Veranstaltungen und Gesch\\u00e4ftstreffen.\",\"fr\":\"Parfait pour les \\u00e9v\\u00e9nements formels et les r\\u00e9unions d&#39;affaires.\",\"en\":\"Perfect for formal events and business meetings.\"}',2,0,110,170,'W-TR001',0,220,'{\"url\": \"https://shoptopus.test/sample-store-data/sample-store-1/product-images/ladies-trousers-1.jpg\", \"file_name\": \"ladies-trousers-1.jpg\"}','[\"9c4273e5-182c-4f24-8a7e-8fe7111b8553\", \"9c4273e4-e1a6-45d6-b0fa-aeea949ea259\", \"9c4273e4-ab2c-49ad-bece-4d2dee0079e5\", \"9c4273e4-74b6-44cf-91c0-824a31dcb756\", \"9c4273e4-3a4a-4b23-9993-225be33cc186\"]',4.50,NULL,'2024-06-11 07:51:38','2024-06-11 07:52:52'),('9c427421-a196-4ca7-ae18-2ff4bb221591','{\"de\":\"L\\u00e4ssige Chinohose\",\"fr\":\"Pantalon chino d\\u00e9contract\\u00e9\",\"en\":\"Casual Chino Trousers\"}','casual-chino-trousers-1','{\"de\":\"Bleiben Sie l\\u00e4ssig und bequem in dieser vielseitigen Chinohose.\",\"fr\":\"Restez d\\u00e9contract\\u00e9 et confortable avec ce pantalon chino polyvalent.\",\"en\":\"Stay casual and comfy in these versatile chino trousers.\"}','{\"de\":\"Diese l\\u00e4ssigen Chinohosen sind bequem. Das klassische Chino-Design und der vielseitige Stil machen sie perfekt f\\u00fcr entspannte Tage. Diese Hose aus weichen, atmungsaktiven Materialien bietet h\\u00f6chsten Tragekomfort. Ob f\\u00fcr ein Wochenende zu Hause oder einen l\\u00e4ssigen Tag in der Stadt, sie ist ein Muss in Ihrer Garderobe.\",\"fr\":\"Trouvez le confort dans ce pantalon chino d\\u00e9contract\\u00e9. Le design chino classique et le style polyvalent le rendent parfait pour les journ\\u00e9es d\\u00e9contract\\u00e9es. Fabriqu\\u00e9 \\u00e0 partir de mat\\u00e9riaux doux et respirants, ce pantalon vous assure un confort optimal. Que ce soit pour un week-end \\u00e0 la maison ou une journ\\u00e9e d\\u00e9contract\\u00e9e, ils sont un incontournable de votre garde-robe.\",\"en\":\"Find comfort in these Casual Chino Trousers. The classic chino design and versatile style make them perfect for laid-back days. Crafted from soft, breathable materials, these trousers keep you comfortable. Whether for a weekend at home or a casual day out, they\'re a must-have in your wardrobe.\"}',19.50,'{\"de\":\"L\\u00e4ssiger Komfort\",\"fr\":\"Confort d\\u00e9contract\\u00e9\",\"en\":\"Casual Comfort\"}','{\"de\":\"Vielseitiger Chino-Stil f\\u00fcr unkomplizierte und entspannte Tage.\",\"fr\":\"Style chino polyvalent pour des journ\\u00e9es faciles et d\\u00e9contract\\u00e9es.\",\"en\":\"Versatile chino style for easy and laid-back days.\"}',1,0,246,150,'W-TR002',0,230,'{\"url\": \"https://shoptopus.test/sample-store-data/sample-store-1/product-images/ladies-trousers-2.jpg\", \"file_name\": \"ladies-trousers-2.jpg\"}','[\"9c4273e5-182c-4f24-8a7e-8fe7111b8553\", \"9c4273e8-c7db-44df-9c1a-9bf4abefcac3\", \"9c4273e4-e1a6-45d6-b0fa-aeea949ea259\", \"9c4273e4-ab2c-49ad-bece-4d2dee0079e5\", \"9c4273e4-74b6-44cf-91c0-824a31dcb756\", \"9c4273e4-3a4a-4b23-9993-225be33cc186\", \"9c4273e9-6b75-4490-8fd1-4bf9409c705a\"]',NULL,NULL,'2024-06-11 07:51:40','2024-06-11 07:52:52'),('9c427423-8dc7-4a04-8a33-d838f1989a0d','{\"de\":\"Sportliche Trainingshose\",\"fr\":\"Pantalon de surv\\u00eatement sportif\",\"en\":\"Sporty Track Pants\"}','sporty-track-pants-1','{\"de\":\"Werten Sie Ihren sportlichen Look mit dieser bequemen Trainingshose auf.\",\"fr\":\"Rehaussez votre look sportif avec ce pantalon de surv\\u00eatement confortable.\",\"en\":\"Elevate your sporty look with these comfortable track pants.\"}','{\"de\":\"Werten Sie Ihren sportlichen Stil mit diesen sportlichen Trainingshosen auf. Die entspannte Passform und das bequeme Design bieten Halt beim Training oder bei sportlichen Aktivit\\u00e4ten. Ob zum Joggen oder f\\u00fcr ein Basketballspiel, diese Trainingshosen sind eine vielseitige Erg\\u00e4nzung Ihrer Kollektion.\",\"fr\":\"Am\\u00e9liorez votre style athl\\u00e9tique avec ce pantalon de surv\\u00eatement sportif. La coupe d\\u00e9contract\\u00e9e et le design confortable offrent un soutien pendant les entra\\u00eenements ou les activit\\u00e9s sportives. Que ce soit pour une course ou une partie de basket-ball, ce pantalon de surv\\u00eatement est un ajout polyvalent \\u00e0 votre collection.\",\"en\":\"Upgrade your athletic style with these Sporty Track Pants. The relaxed fit and comfortable design provide support during workouts or sports activities. Whether for a run or a game of basketball, these track pants are a versatile addition to your collection.\"}',22.99,'{\"de\":\"Verbessern Sie Ihr Training\",\"fr\":\"\\u00c9levez vos entra\\u00eenements\",\"en\":\"Elevate Your Workouts\"}','{\"de\":\"Lockere Passform f\\u00fcr Komfort beim Training.\",\"fr\":\"Coupe d\\u00e9contract\\u00e9e pour plus de confort pendant l&#39;exercice.\",\"en\":\"Relaxed fit for comfort during exercise.\"}',2,0,38,200,'W-TR003',0,225,'{\"url\": \"https://shoptopus.test/sample-store-data/sample-store-1/product-images/ladies-trousers-3.jpg\", \"file_name\": \"ladies-trousers-3.jpg\"}','[\"9c4273e5-182c-4f24-8a7e-8fe7111b8553\", \"9c4273e4-e1a6-45d6-b0fa-aeea949ea259\", \"9c4273e4-ab2c-49ad-bece-4d2dee0079e5\", \"9c4273e4-74b6-44cf-91c0-824a31dcb756\", \"9c4273e4-3a4a-4b23-9993-225be33cc186\"]',4.00,NULL,'2024-06-11 07:51:41','2024-06-11 07:52:52'),('9c427425-6dfb-4e1b-911c-8a16fc149b20','{\"de\":\"Klassische Crew-Socken aus Baumwolle\",\"fr\":\"Chaussettes classiques en coton\",\"en\":\"Classic Cotton Crew Socks\"}','classic-cotton-crew-socks-1','{\"de\":\"Zeitloser Komfort in diesen klassischen Crew-Socken aus Baumwolle.\",\"fr\":\"Confort intemporel avec ces chaussettes classiques en coton.\",\"en\":\"Timeless comfort in these classic cotton crew socks.\"}','{\"de\":\"Werten Sie Ihren Stil mit diesen Classic Cotton Crew Socks auf. Das zeitlose Design und die weiche, atmungsaktive Baumwolle machen sie perfekt f\\u00fcr jeden Anlass. Ob f\\u00fcr eine formelle Veranstaltung oder einen besonderen Abend, diese Socken bieten sowohl Komfort als auch Eleganz. Erh\\u00e4ltlich in verschiedenen Farben, passend zu Ihrem Look.\",\"fr\":\"Am\\u00e9liorez votre style avec ces chaussettes classiques en coton. Leur design intemporel et leur coton doux et respirant les rendent parfaits pour toutes les occasions. Que ce soit pour un \\u00e9v\\u00e9nement formel ou une soir\\u00e9e sp\\u00e9ciale, ces chaussettes offrent \\u00e0 la fois confort et \\u00e9l\\u00e9gance. Disponible en diff\\u00e9rentes couleurs pour correspondre \\u00e0 votre look.\",\"en\":\"Elevate your style with these Classic Cotton Crew Socks. The timeless design and soft, breathable cotton make them perfect for any occasion. Whether for a formal event or a special evening out, these socks offer both comfort and elegance. Available in various colors to match your look.\"}',12.99,'{\"de\":\"Zeitlose Eleganz\",\"fr\":\"\\u00c9l\\u00e9gance intemporelle\",\"en\":\"Timeless Elegance\"}','{\"de\":\"Perfekt f\\u00fcr formelle Veranstaltungen und besondere Abende.\",\"fr\":\"Parfait pour les \\u00e9v\\u00e9nements formels et les soir\\u00e9es sp\\u00e9ciales.\",\"en\":\"Perfect for formal events and special evenings.\"}',1,0,106,150,'W-SK001',0,220,'{\"url\": \"https://shoptopus.test/sample-store-data/sample-store-1/product-images/ladies-socks-1.jpg\", \"file_name\": \"ladies-socks-1.jpg\"}','[\"9c4273e6-3425-4d96-89a1-2217de7ef932\", \"9c4273e5-c695-4b23-b09b-695b7e9fc260\", \"9c4273e5-5102-4756-b401-22fb6c3fa749\"]',3.00,NULL,'2024-06-11 07:51:42','2024-06-11 07:52:52'),('9c427427-5fa8-4839-8daf-9e78672196ad','{\"de\":\"Sportliche S\\u00f6ckchen\",\"fr\":\"Socquettes sportives\",\"en\":\"Sporty Ankle Socks\"}','sporty-ankle-socks-1','{\"de\":\"Verbessern Sie Ihr Training mit diesen bequemen S\\u00f6ckchen.\",\"fr\":\"Am\\u00e9liorez votre entra\\u00eenement avec ces chaussettes confortables.\",\"en\":\"Elevate your workout with these comfortable ankle socks.\"}','{\"de\":\"Werten Sie Ihren sportlichen Stil mit diesen sportlichen S\\u00f6ckchen auf. Das gepolsterte Design und die bequeme Passform sorgen f\\u00fcr Komfort und Halt beim Training oder bei Outdoor-Aktivit\\u00e4ten. Ob zum Laufen oder f\\u00fcr ein Sportereignis, diese Socken sind eine vielseitige Erg\\u00e4nzung f\\u00fcr Ihre Kollektion.\",\"fr\":\"Am\\u00e9liorez votre style athl\\u00e9tique avec ces chaussettes sportives. La conception rembourr\\u00e9e et la coupe ajust\\u00e9e offrent confort et soutien pendant les entra\\u00eenements ou les activit\\u00e9s de plein air. Que ce soit pour une course ou un \\u00e9v\\u00e9nement sportif, ces chaussettes sont un ajout polyvalent \\u00e0 votre collection.\",\"en\":\"Upgrade your athletic style with these Sporty Ankle Socks. The cushioned design and snug fit provide comfort and support during workouts or outdoor activities. Whether for a run or a sports event, these socks are a versatile addition to your collection.\"}',14.50,'{\"de\":\"Verbessern Sie Ihr Training\",\"fr\":\"\\u00c9levez vos entra\\u00eenements\",\"en\":\"Elevate Your Workouts\"}','{\"de\":\"Gepolstertes Design f\\u00fcr Komfort und Unterst\\u00fctzung w\\u00e4hrend des Trainings.\",\"fr\":\"Conception rembourr\\u00e9e pour plus de confort et de soutien pendant l&#39;exercice.\",\"en\":\"Cushioned design for comfort and support during exercise.\"}',2,0,105,180,'W-SK002',0,230,'{\"url\": \"https://shoptopus.test/sample-store-data/sample-store-1/product-images/ladies-socks-2.jpg\", \"file_name\": \"ladies-socks-2.jpg\"}','[\"9c4273e6-3425-4d96-89a1-2217de7ef932\", \"9c4273e5-c695-4b23-b09b-695b7e9fc260\", \"9c4273e5-5102-4756-b401-22fb6c3fa749\"]',NULL,NULL,'2024-06-11 07:51:43','2024-06-11 07:52:52'),('9c427429-4eb4-4416-a99d-1d7e587375ac','{\"de\":\"L\\u00e4ssige Socken mit niedrigem Schnitt\",\"fr\":\"Chaussettes basses d\\u00e9contract\\u00e9es\",\"en\":\"Casual Low-Cut Socks\"}','casual-low-cut-socks-1','{\"de\":\"Mit diesen vielseitigen, niedrig geschnittenen Socken bleiben Sie l\\u00e4ssig und bequem.\",\"fr\":\"Restez d\\u00e9contract\\u00e9 et confortable avec ces chaussettes basses polyvalentes.\",\"en\":\"Stay casual and comfy with these versatile low-cut socks.\"}','{\"de\":\"Diese Casual Low-Cut-Socken sind bequem. Ihr Low-Cut-Design und ihr vielseitiger Stil machen sie perfekt f\\u00fcr entspannte Tage. Diese Socken aus weichem, atmungsaktivem Material machen Ihre F\\u00fc\\u00dfe gl\\u00fccklich. Ob f\\u00fcr ein Wochenende zu Hause oder einen entspannten Tag unterwegs, sie sind ein Muss in Ihrer Sockensammlung.\",\"fr\":\"Trouvez le confort dans ces chaussettes basses d\\u00e9contract\\u00e9es. Leur coupe basse et leur style polyvalent les rendent parfaits pour les journ\\u00e9es d\\u00e9contract\\u00e9es. Fabriqu\\u00e9es \\u00e0 partir de mat\\u00e9riaux doux et respirants, ces chaussettes gardent vos pieds heureux. Que ce soit pour un week-end \\u00e0 la maison ou une journ\\u00e9e d\\u00e9contract\\u00e9e, elles sont un incontournable de votre collection de chaussettes.\",\"en\":\"Find comfort in these Casual Low-Cut Socks. Their low-cut design and versatile style make them perfect for laid-back days. Crafted from soft, breathable materials, these socks keep your feet happy. Whether for a weekend at home or a casual day out, they\'re a must-have in your sock collection.\"}',11.99,'{\"de\":\"L\\u00e4ssiger Komfort\",\"fr\":\"Confort d\\u00e9contract\\u00e9\",\"en\":\"Casual Comfort\"}','{\"de\":\"Low-Cut-Style f\\u00fcr lockere und entspannte Tage.\",\"fr\":\"Style d\\u00e9collet\\u00e9 pour des journ\\u00e9es faciles et d\\u00e9contract\\u00e9es.\",\"en\":\"Low-cut style for easy and laid-back days.\"}',1,0,71,120,'W-SK003',0,240,'{\"url\": \"https://shoptopus.test/sample-store-data/sample-store-1/product-images/ladies-socks-3.jpg\", \"file_name\": \"ladies-socks-3.jpg\"}','[\"9c4273e6-3425-4d96-89a1-2217de7ef932\", \"9c4273e5-c695-4b23-b09b-695b7e9fc260\", \"9c4273e5-5102-4756-b401-22fb6c3fa749\"]',NULL,NULL,'2024-06-11 07:51:45','2024-06-11 07:52:52'),('9c42742b-4b68-4f6a-af3d-c719dbd717de','{\"de\":\"L\\u00e4ssige Slip-On-Sneaker\",\"fr\":\"Baskets d\\u00e9contract\\u00e9es \\u00e0 enfiler\",\"en\":\"Casual Slip-On Sneakers\"}','casual-slip-on-sneakers','{\"de\":\"Mit diesen Slip-On-Sneakers haben Sie es bequem und stilvoll.\",\"fr\":\"Restez confortable et \\u00e9l\\u00e9gant avec ces baskets \\u00e0 enfiler.\",\"en\":\"Stay comfy and stylish in these slip-on sneakers.\"}','{\"de\":\"Mit diesen Casual Slip-On Sneakers verleihen Sie Ihrem Casual-Stil ein neues Niveau. Das Slip-On-Design und die bequeme Passform machen sie perfekt f\\u00fcr den Alltag. Ob f\\u00fcr einen Tag mit Freunden oder einen kurzen Einkaufsbummel, diese Sneakers sind eine vielseitige Erg\\u00e4nzung Ihrer Kollektion.\",\"fr\":\"\\u00c9levez votre style d\\u00e9contract\\u00e9 avec ces baskets d\\u00e9contract\\u00e9es \\u00e0 enfiler. Leur design \\u00e0 enfiler et leur coupe confortable les rendent parfaits pour un usage quotidien. Que ce soit pour une journ\\u00e9e entre amis ou un petit tour au magasin, ces baskets sont un ajout polyvalent \\u00e0 votre collection.\",\"en\":\"Elevate your casual style with these Casual Slip-On Sneakers. The slip-on design and comfortable fit make them perfect for everyday wear. Whether for a day out with friends or a quick trip to the store, these sneakers are a versatile addition to your collection.\"}',28.99,'{\"de\":\"M\\u00fcheloser Stil\",\"fr\":\"Style sans effort\",\"en\":\"Effortless Style\"}','{\"de\":\"Slip-On-Design f\\u00fcr einfaches und stilvolles Tragen.\",\"fr\":\"Conception \\u00e0 enfiler pour un port facile et \\u00e9l\\u00e9gant.\",\"en\":\"Slip-on design for easy and stylish wear.\"}',1,0,143,120,'W-SN001',0,215,'{\"url\": \"https://shoptopus.test/sample-store-data/sample-store-1/product-images/ladies-sneakers-1.jpg\", \"file_name\": \"ladies-sneakers-1.jpg\"}','[\"9c4273e6-3425-4d96-89a1-2217de7ef932\", \"9c4273e5-fec8-437f-9577-4476ee83fa61\", \"9c4273e5-c695-4b23-b09b-695b7e9fc260\", \"9c4273e5-8cb6-4bf4-a012-fc3977b8851c\", \"9c4273e5-5102-4756-b401-22fb6c3fa749\"]',2.00,NULL,'2024-06-11 07:51:46','2024-06-11 07:52:52'),('9c42742d-6062-45d9-bd66-800979f535b1','{\"de\":\"Sportliche Laufsneaker\",\"fr\":\"Baskets de course sportives\",\"en\":\"Sporty Running Sneakers\"}','sporty-running-sneakers','{\"de\":\"Verbessern Sie Ihr Training mit diesen bequemen Laufsneakern.\",\"fr\":\"Am\\u00e9liorez votre entra\\u00eenement avec ces baskets de course confortables.\",\"en\":\"Elevate your workout with these comfortable running sneakers.\"}','{\"de\":\"Werten Sie Ihren sportlichen Stil mit diesen sportlichen Laufschuhen auf. Das gepolsterte Design und die st\\u00fctzende Passform sorgen f\\u00fcr Komfort beim Training oder bei Outdoor-Aktivit\\u00e4ten. Ob f\\u00fcr den morgendlichen Lauf oder ein Sportereignis, diese Laufschuhe sind eine vielseitige Erg\\u00e4nzung Ihrer Kollektion.\",\"fr\":\"Am\\u00e9liorez votre style athl\\u00e9tique avec ces baskets de course sportives. La conception rembourr\\u00e9e et la coupe de soutien offrent un confort pendant les entra\\u00eenements ou les activit\\u00e9s de plein air. Que ce soit pour un jogging matinal ou un \\u00e9v\\u00e9nement sportif, ces baskets de course sont un ajout polyvalent \\u00e0 votre collection.\",\"en\":\"Upgrade your athletic style with these Sporty Running Sneakers. The cushioned design and supportive fit provide comfort during workouts or outdoor activities. Whether for a morning jog or a sports event, these running sneakers are a versatile addition to your collection.\"}',25.50,'{\"de\":\"Verbessern Sie Ihr Training\",\"fr\":\"\\u00c9levez vos entra\\u00eenements\",\"en\":\"Elevate Your Workouts\"}','{\"de\":\"Gepolstertes Design f\\u00fcr Komfort w\\u00e4hrend des Trainings.\",\"fr\":\"Conception rembourr\\u00e9e pour plus de confort pendant l&#39;exercice.\",\"en\":\"Cushioned design for comfort during exercise.\"}',2,0,120,180,'W-SN002',0,210,'{\"url\": \"https://shoptopus.test/sample-store-data/sample-store-1/product-images/ladies-sneakers-2.jpg\", \"file_name\": \"ladies-sneakers-2.jpg\"}','[\"9c4273e6-3425-4d96-89a1-2217de7ef932\", \"9c4273e9-6b75-4490-8fd1-4bf9409c705a\", \"9c4273e5-fec8-437f-9577-4476ee83fa61\", \"9c4273e5-c695-4b23-b09b-695b7e9fc260\", \"9c4273e5-8cb6-4bf4-a012-fc3977b8851c\", \"9c4273e5-5102-4756-b401-22fb6c3fa749\", \"9c4273ea-111a-48a5-a1af-e89e35e7a7a4\"]',NULL,NULL,'2024-06-11 07:51:47','2024-06-11 07:52:52'),('9c42742f-84a7-4044-93ad-c302befa0258','{\"de\":\"Modische High-Top-Sneakers\",\"fr\":\"Baskets montantes tendance\",\"en\":\"Fashion High-Top Sneakers\"}','fashion-high-top-sneakers','{\"de\":\"Werten Sie Ihren Stil mit diesen trendigen High-Top-Sneakers auf.\",\"fr\":\"Am\\u00e9liorez votre style avec ces baskets montantes tendance.\",\"en\":\"Upgrade your style with these trendy high-top sneakers.\"}','{\"de\":\"Mit diesen modischen High-Top-Sneakern k\\u00f6nnen Sie Ihr Modebewusstsein auf ein neues Niveau heben. Das trendige High-Top-Design und die schicken Details machen sie perfekt f\\u00fcr einen stylischen Look. Ob f\\u00fcr einen Abend in der Stadt oder ein legeres Abendessen, diese High-Top-Sneaker sind eine vielseitige Erg\\u00e4nzung f\\u00fcr Ihre Kollektion.\",\"fr\":\"\\u00c9levez votre jeu de mode avec ces baskets montantes tendance. Leur design montant tendance et leurs d\\u00e9tails chics les rendent parfaites pour un look \\u00e9l\\u00e9gant. Que ce soit pour une soir\\u00e9e ou un d\\u00eener d\\u00e9contract\\u00e9, ces baskets montantes sont un ajout polyvalent \\u00e0 votre collection.\",\"en\":\"Elevate your fashion game with these Fashion High-Top Sneakers. The trendy high-top design and chic details make them perfect for a stylish look. Whether for a night out or a casual dinner, these high-top sneakers are a versatile addition to your collection.\"}',29.99,'{\"de\":\"Trendige Eleganz\",\"fr\":\"\\u00c9l\\u00e9gance tendance\",\"en\":\"Trendy Elegance\"}','{\"de\":\"High-Top-Design f\\u00fcr einen modischen Look.\",\"fr\":\"Design haut de gamme pour un look tendance.\",\"en\":\"High-top design for a fashionable look.\"}',1,0,124,150,'W-SN003',0,220,'{\"url\": \"https://shoptopus.test/sample-store-data/sample-store-1/product-images/ladies-sneakers-3.jpg\", \"file_name\": \"ladies-sneakers-3.jpg\"}','[\"9c4273e6-3425-4d96-89a1-2217de7ef932\", \"9c4273e5-fec8-437f-9577-4476ee83fa61\", \"9c4273e5-c695-4b23-b09b-695b7e9fc260\", \"9c4273e5-8cb6-4bf4-a012-fc3977b8851c\", \"9c4273e5-5102-4756-b401-22fb6c3fa749\"]',NULL,NULL,'2024-06-11 07:51:49','2024-06-11 07:52:52'),('9c427431-3343-4c53-842f-77ed317cb077','{\"de\":\"L\\u00e4ssige Slide-Sandalen\",\"fr\":\"Sandales \\u00e0 glissi\\u00e8re d\\u00e9contract\\u00e9es\",\"en\":\"Casual Slide Sandals\"}','casual-slide-sandals','{\"de\":\"Mit diesen Slide-Sandalen haben Sie es bequem und stilvoll.\",\"fr\":\"Restez confortable et \\u00e9l\\u00e9gant dans ces sandales \\u00e0 glissi\\u00e8re.\",\"en\":\"Stay comfy and stylish in these slide sandals.\"}','{\"de\":\"Mit diesen Casual Slide Sandalen verleihen Sie Ihrem l\\u00e4ssigen Stil das gewisse Etwas. Das Slide-Design und die bequeme Passform machen sie perfekt f\\u00fcr den Alltag. Ob f\\u00fcr einen Tag mit Freunden oder einen kurzen Einkaufsbummel, diese Sandalen sind eine vielseitige Erg\\u00e4nzung f\\u00fcr Ihre Kollektion.\",\"fr\":\"\\u00c9levez votre style d\\u00e9contract\\u00e9 avec ces sandales \\u00e0 glissi\\u00e8re d\\u00e9contract\\u00e9es. Leur design coulissant et leur coupe confortable les rendent parfaits pour un usage quotidien. Que ce soit pour une journ\\u00e9e entre amis ou une visite rapide au magasin, ces sandales sont un ajout polyvalent \\u00e0 votre collection.\",\"en\":\"Elevate your casual style with these Casual Slide Sandals. The slide design and comfortable fit make them perfect for everyday wear. Whether for a day out with friends or a quick trip to the store, these sandals are a versatile addition to your collection.\"}',19.99,'{\"de\":\"M\\u00fcheloser Stil\",\"fr\":\"Style sans effort\",\"en\":\"Effortless Style\"}','{\"de\":\"Slide-Design f\\u00fcr einfaches und stilvolles Tragen.\",\"fr\":\"Conception coulissante pour un port facile et \\u00e9l\\u00e9gant.\",\"en\":\"Slide design for easy and stylish wear.\"}',1,0,118,130,'W-SA001',0,210,'{\"url\": \"https://shoptopus.test/sample-store-data/sample-store-1/product-images/ladies-sandals-1.jpg\", \"file_name\": \"ladies-sandals-1.jpg\"}','[\"9c4273e6-3425-4d96-89a1-2217de7ef932\", \"9c4273e5-fec8-437f-9577-4476ee83fa61\", \"9c4273e5-c695-4b23-b09b-695b7e9fc260\", \"9c4273e5-8cb6-4bf4-a012-fc3977b8851c\", \"9c4273e5-5102-4756-b401-22fb6c3fa749\"]',4.00,NULL,'2024-06-11 07:51:50','2024-06-11 07:52:52'),('9c427433-1e9b-4cc3-9c5d-8da2bcf59d0d','{\"de\":\"Riemchen-Strandsandalen\",\"fr\":\"Sandales de plage \\u00e0 lani\\u00e8res\",\"en\":\"Strappy Beach Sandals\"}','strappy-beach-sandals','{\"de\":\"Werten Sie Ihren Strandlook mit diesen bequemen Riemchensandalen auf.\",\"fr\":\"Rehaussez votre look de plage avec ces sandales \\u00e0 lani\\u00e8res confortables.\",\"en\":\"Elevate your beach look with these comfortable strappy sandals.\"}','{\"de\":\"Werten Sie Ihren Strandstil mit diesen Riemchensandalen auf. Das Riemchendesign und die leichte Passform sorgen f\\u00fcr Komfort im Strandurlaub oder an sonnigen Tagen. Ob f\\u00fcr einen Strandtag oder eine Poolparty, diese Sandalen sind eine vielseitige Erg\\u00e4nzung Ihrer Kollektion.\",\"fr\":\"Am\\u00e9liorez votre style de plage avec ces sandales de plage \\u00e0 lani\\u00e8res. Le design \\u00e0 bretelles et la coupe l\\u00e9g\\u00e8re offrent un confort pendant les vacances \\u00e0 la plage ou les journ\\u00e9es ensoleill\\u00e9es. Que ce soit pour une journ\\u00e9e \\u00e0 la plage ou une f\\u00eate au bord de la piscine, ces sandales sont un ajout polyvalent \\u00e0 votre collection.\",\"en\":\"Upgrade your beach style with these Strappy Beach Sandals. The strappy design and lightweight fit provide comfort during beach vacations or sunny days. Whether for a beach day or a poolside party, these sandals are a versatile addition to your collection.\"}',23.50,'{\"de\":\"Strand Eleganz\",\"fr\":\"\\u00c9l\\u00e9gance de plage\",\"en\":\"Beach Elegance\"}','{\"de\":\"Riemchendesign f\\u00fcr Komfort an Strandtagen.\",\"fr\":\"Conception \\u00e0 bretelles pour plus de confort pendant les journ\\u00e9es \\u00e0 la plage.\",\"en\":\"Strappy design for comfort during beach days.\"}',2,0,57,160,'W-SA002',0,215,'{\"url\": \"https://shoptopus.test/sample-store-data/sample-store-1/product-images/ladies-sandals-2.jpg\", \"file_name\": \"ladies-sandals-2.jpg\"}','[\"9c4273e6-3425-4d96-89a1-2217de7ef932\", \"9c4273e5-fec8-437f-9577-4476ee83fa61\", \"9c4273e5-c695-4b23-b09b-695b7e9fc260\", \"9c4273e5-8cb6-4bf4-a012-fc3977b8851c\", \"9c4273e5-5102-4756-b401-22fb6c3fa749\"]',NULL,NULL,'2024-06-11 07:51:51','2024-06-11 07:52:52'),('9c427434-e614-4d37-9373-f118c3b87caa','{\"de\":\"Modische Sandalen mit Keilabsatz\",\"fr\":\"Sandales compens\\u00e9es \\u00e0 la mode\",\"en\":\"Fashion Wedge Sandals\"}','fashion-wedge-sandals','{\"de\":\"Werten Sie Ihren Stil mit diesen trendigen Keilabsatzsandalen auf.\",\"fr\":\"Am\\u00e9liorez votre style avec ces sandales compens\\u00e9es tendance.\",\"en\":\"Upgrade your style with these trendy wedge sandals.\"}','{\"de\":\"Mit diesen modischen Keilsandalen bringen Sie Ihr Modebewusstsein auf ein neues Niveau. Das trendige Keildesign und die schicken Details machen sie perfekt f\\u00fcr einen stilvollen Look. Ob f\\u00fcr einen Abend in der Stadt oder ein legeres Abendessen, diese Keilsandalen sind eine vielseitige Erg\\u00e4nzung f\\u00fcr Ihre Kollektion.\",\"fr\":\"\\u00c9levez votre jeu de mode avec ces sandales compens\\u00e9es tendance. Le design compens\\u00e9 tendance et les d\\u00e9tails chics les rendent parfaits pour un look \\u00e9l\\u00e9gant. Que ce soit pour une soir\\u00e9e ou un d\\u00eener d\\u00e9contract\\u00e9, ces sandales compens\\u00e9es sont un ajout polyvalent \\u00e0 votre collection.\",\"en\":\"Elevate your fashion game with these Fashion Wedge Sandals. The trendy wedge design and chic details make them perfect for a stylish look. Whether for a night out or a casual dinner, these wedge sandals are a versatile addition to your collection.\"}',28.99,'{\"de\":\"Trendige Eleganz\",\"fr\":\"\\u00c9l\\u00e9gance tendance\",\"en\":\"Trendy Elegance\"}','{\"de\":\"Keildesign f\\u00fcr einen modischen Look.\",\"fr\":\"Design compens\\u00e9 pour un look tendance.\",\"en\":\"Wedge design for a fashionable look.\"}',1,0,131,140,'W-SA003',0,220,'{\"url\": \"https://shoptopus.test/sample-store-data/sample-store-1/product-images/ladies-sandals-3.jpg\", \"file_name\": \"ladies-sandals-3.jpg\"}','[\"9c4273e6-3425-4d96-89a1-2217de7ef932\", \"9c4273e5-fec8-437f-9577-4476ee83fa61\", \"9c4273e5-c695-4b23-b09b-695b7e9fc260\", \"9c4273e5-8cb6-4bf4-a012-fc3977b8851c\", \"9c4273e5-5102-4756-b401-22fb6c3fa749\"]',NULL,NULL,'2024-06-11 07:51:52','2024-06-11 07:52:52'),('9c427436-8ecf-42ba-bf14-a29bcdd197a7','{\"de\":\"Klassische Stiefeletten\",\"fr\":\"Bottines classiques\",\"en\":\"Classic Ankle Boots\"}','classic-ankle-boots','{\"de\":\"Zeitloser Stil in diesen klassischen Stiefeletten.\",\"fr\":\"Style intemporel avec ces bottines classiques.\",\"en\":\"Timeless style in these classic ankle boots.\"}','{\"de\":\"Mit diesen klassischen Stiefeletten verleihen Sie Ihrem Stil einen neuen Touch. Das zeitlose Design und die hochwertigen Materialien machen sie perfekt f\\u00fcr einen stilvollen Look. Ob f\\u00fcr einen Abend oder ein zwangloses Abendessen, diese Stiefeletten bieten Stil und Eleganz. Erh\\u00e4ltlich in verschiedenen Farben, passend zu Ihrem Ensemble.\",\"fr\":\"\\u00c9levez votre jeu de mode avec ces bottines classiques. Leur design intemporel et leurs mat\\u00e9riaux de haute qualit\\u00e9 les rendent parfaits pour un look \\u00e9l\\u00e9gant. Que ce soit pour une soir\\u00e9e ou un d\\u00eener d\\u00e9contract\\u00e9, ces bottines offrent \\u00e0 la fois style et sophistication. Disponible en diff\\u00e9rentes couleurs pour correspondre \\u00e0 votre ensemble.\",\"en\":\"Elevate your fashion game with these Classic Ankle Boots. The timeless design and high-quality materials make them perfect for a stylish look. Whether for a night out or a casual dinner, these ankle boots offer both style and sophistication. Available in various colors to match your ensemble.\"}',27.99,'{\"de\":\"Zeitlose Eleganz\",\"fr\":\"\\u00c9l\\u00e9gance intemporelle\",\"en\":\"Timeless Elegance\"}','{\"de\":\"Perfekt f\\u00fcr stilvolle Abende und zwanglose Ausfl\\u00fcge.\",\"fr\":\"Parfait pour les soir\\u00e9es styl\\u00e9es et les sorties d\\u00e9contract\\u00e9es.\",\"en\":\"Perfect for stylish evenings and casual outings.\"}',2,0,120,180,'W-BO001',0,230,'{\"url\": \"https://shoptopus.test/sample-store-data/sample-store-1/product-images/ladies-boots-1.jpg\", \"file_name\": \"ladies-boots-1.jpg\"}','[\"9c4273e6-3425-4d96-89a1-2217de7ef932\", \"9c4273e8-fe98-447b-ab1b-4bbef2b35d09\", \"9c4273e5-fec8-437f-9577-4476ee83fa61\", \"9c4273e5-c695-4b23-b09b-695b7e9fc260\", \"9c4273e5-8cb6-4bf4-a012-fc3977b8851c\", \"9c4273e5-5102-4756-b401-22fb6c3fa749\", \"9c4273e9-a380-42de-91ae-5ae505306e15\"]',2.80,NULL,'2024-06-11 07:51:54','2024-06-11 07:52:52'),('9c427438-579b-4f07-afad-05fd1c27ccd1','{\"de\":\"Combat Boots mit Schn\\u00fcrung\",\"fr\":\"Bottes de combat \\u00e0 lacets\",\"en\":\"Lace-Up Combat Boots\"}','lace-up-combat-boots','{\"de\":\"Verbessern Sie Ihren Stil mit diesen Kampfstiefeln zum Schn\\u00fcren.\",\"fr\":\"Am\\u00e9liorez votre style avec ces bottes de combat \\u00e0 lacets.\",\"en\":\"Elevate your style with these lace-up combat boots.\"}','{\"de\":\"Mit diesen Schn\\u00fcrstiefeln verleihen Sie Ihrem Stil ein Upgrade. Das Schn\\u00fcrdesign und die robuste Konstruktion machen sie perfekt f\\u00fcr einen stilvollen und robusten Look. Ob f\\u00fcr einen Abend in der Stadt oder ein legeres Abendessen, diese Stiefel bieten Stil und Vielseitigkeit.\",\"fr\":\"Am\\u00e9liorez votre jeu de mode avec ces bottes de combat \\u00e0 lacets. La conception \\u00e0 lacets et la construction durable les rendent parfaites pour un look \\u00e9l\\u00e9gant et robuste. Que ce soit pour une soir\\u00e9e ou un d\\u00eener d\\u00e9contract\\u00e9, ces bottes de combat offrent style et polyvalence.\",\"en\":\"Upgrade your fashion game with these Lace-Up Combat Boots. The lace-up design and durable construction make them perfect for a stylish and rugged look. Whether for a night out or a casual dinner, these combat boots offer style and versatility.\"}',26.50,'{\"de\":\"Robuste Eleganz\",\"fr\":\"\\u00c9l\\u00e9gance robuste\",\"en\":\"Rugged Elegance\"}','{\"de\":\"Schn\\u00fcrdesign f\\u00fcr einen stylischen und robusten Look.\",\"fr\":\"Conception \\u00e0 lacets pour un look \\u00e9l\\u00e9gant et robuste.\",\"en\":\"Lace-up design for a stylish and sturdy look.\"}',1,0,87,160,'W-BO002',0,235,'{\"url\": \"https://shoptopus.test/sample-store-data/sample-store-1/product-images/ladies-boots-2.jpg\", \"file_name\": \"ladies-boots-2.jpg\"}','[\"9c4273e6-3425-4d96-89a1-2217de7ef932\", \"9c4273e5-fec8-437f-9577-4476ee83fa61\", \"9c4273e5-c695-4b23-b09b-695b7e9fc260\", \"9c4273e5-8cb6-4bf4-a012-fc3977b8851c\", \"9c4273e5-5102-4756-b401-22fb6c3fa749\"]',NULL,NULL,'2024-06-11 07:51:55','2024-06-11 07:52:52'),('9c42743a-34af-4ae7-9298-273fbd731492','{\"de\":\"Modische kniehohe Stiefel\",\"fr\":\"Bottes hautes \\u00e0 la mode\",\"en\":\"Fashion Knee-High Boots\"}','fashion-knee-high-boots','{\"de\":\"Werten Sie Ihren Stil mit diesen trendigen kniehohen Stiefeln auf.\",\"fr\":\"Am\\u00e9liorez votre style avec ces bottes hautes tendance.\",\"en\":\"Upgrade your style with these trendy knee-high boots.\"}','{\"de\":\"Mit diesen modischen kniehohen Stiefeln verleihen Sie Ihrem Stil das gewisse Etwas. Das trendige kniehohe Design und die schicken Details machen sie perfekt f\\u00fcr einen stilvollen Look. Ob f\\u00fcr einen Abend oder ein zwangloses Abendessen, diese kniehohen Stiefel bieten Stil und Eleganz. Erh\\u00e4ltlich in verschiedenen Farben, passend zu Ihrem Ensemble.\",\"fr\":\"\\u00c9levez votre jeu de mode avec ces bottes hautes tendance. Le design tendance jusqu&#39;aux genoux et les d\\u00e9tails chics les rendent parfaits pour un look \\u00e9l\\u00e9gant. Que ce soit pour une soir\\u00e9e ou un d\\u00eener d\\u00e9contract\\u00e9, ces bottes hauteur genou offrent style et sophistication. Disponible en diff\\u00e9rentes couleurs pour correspondre \\u00e0 votre ensemble.\",\"en\":\"Elevate your fashion game with these Fashion Knee-High Boots. The trendy knee-high design and chic details make them perfect for a stylish look. Whether for a night out or a casual dinner, these knee-high boots offer style and sophistication. Available in various colors to match your ensemble.\"}',29.99,'{\"de\":\"Trendige Eleganz\",\"fr\":\"\\u00c9l\\u00e9gance tendance\",\"en\":\"Trendy Elegance\"}','{\"de\":\"Kniehohes Design f\\u00fcr einen modischen Look.\",\"fr\":\"Conception \\u00e0 hauteur de genou pour un look tendance.\",\"en\":\"Knee-high design for a fashionable look.\"}',2,0,102,150,'W-BO003',0,240,'{\"url\": \"https://shoptopus.test/sample-store-data/sample-store-1/product-images/ladies-boots-3.jpg\", \"file_name\": \"ladies-boots-3.jpg\"}','[\"9c4273e6-3425-4d96-89a1-2217de7ef932\", \"9c4273e5-fec8-437f-9577-4476ee83fa61\", \"9c4273e5-c695-4b23-b09b-695b7e9fc260\", \"9c4273e5-8cb6-4bf4-a012-fc3977b8851c\", \"9c4273e5-5102-4756-b401-22fb6c3fa749\"]',NULL,NULL,'2024-06-11 07:51:56','2024-06-11 07:52:52'),('9c42743b-e518-4ba1-917a-f5553b612d2f','{\"de\":\"Slipper mit Plateausohle\",\"fr\":\"Chaussures \\u00e0 plateforme \\u00e0 enfiler\",\"en\":\"Platform Slip-On Shoes\"}','platform-slip-on-shoes','{\"de\":\"Verbessern Sie Ihren Stil mit diesen trendigen Slippern mit Plateausohle.\",\"fr\":\"Am\\u00e9liorez votre style avec ces chaussures \\u00e0 enfiler \\u00e0 plateforme tendance.\",\"en\":\"Elevate your style with these trendy platform slip-on shoes.\"}','{\"de\":\"Mit diesen Slippern mit Plateausohle verleihen Sie Ihrem Stil einen neuen Touch. Das trendige Plateaudesign und die schicken Details machen sie perfekt f\\u00fcr einen stilvollen Look. Ob f\\u00fcr einen Abend in der Stadt oder ein zwangloses Abendessen, diese Slipper mit Plateausohle bieten Stil und Eleganz. Erh\\u00e4ltlich in verschiedenen Farben, passend zu Ihrem Ensemble.\",\"fr\":\"\\u00c9levez votre jeu de mode avec ces chaussures \\u00e0 plateforme \\u00e0 enfiler. Le design tendance de la plateforme et les d\\u00e9tails chics les rendent parfaits pour un look \\u00e9l\\u00e9gant. Que ce soit pour une soir\\u00e9e ou un d\\u00eener d\\u00e9contract\\u00e9, ces chaussures \\u00e0 enfiler \\u00e0 plateforme offrent style et sophistication. Disponible en diff\\u00e9rentes couleurs pour correspondre \\u00e0 votre ensemble.\",\"en\":\"Elevate your fashion game with these Platform Slip-On Shoes. The trendy platform design and chic details make them perfect for a stylish look. Whether for a night out or a casual dinner, these platform slip-on shoes offer style and sophistication. Available in various colors to match your ensemble.\"}',28.99,'{\"de\":\"Trendige Eleganz\",\"fr\":\"\\u00c9l\\u00e9gance tendance\",\"en\":\"Trendy Elegance\"}','{\"de\":\"Plateau-Design f\\u00fcr einen modischen Look.\",\"fr\":\"Conception de plateforme pour un look tendance.\",\"en\":\"Platform design for a fashionable look.\"}',1,0,128,140,'W-PS001',0,235,'{\"url\": \"https://shoptopus.test/sample-store-data/sample-store-1/product-images/ladies-platform-shoes-1.jpg\", \"file_name\": \"ladies-platform-shoes-1.jpg\"}','[\"9c4273e6-3425-4d96-89a1-2217de7ef932\", \"9c4273e5-fec8-437f-9577-4476ee83fa61\", \"9c4273e5-c695-4b23-b09b-695b7e9fc260\", \"9c4273e5-8cb6-4bf4-a012-fc3977b8851c\", \"9c4273e5-5102-4756-b401-22fb6c3fa749\"]',NULL,NULL,'2024-06-11 07:51:57','2024-06-11 07:52:52'),('9c42743d-c8b6-4f07-9d39-0ecfb4358f0e','{\"de\":\"Plateausandalen mit klobigem Absatz\",\"fr\":\"Sandales \\u00e0 plateforme et talons \\u00e9pais\",\"en\":\"Chunky Heel Platform Sandals\"}','chunky-heel-platform-sandals','{\"de\":\"Verbessern Sie Ihren Stil mit diesen trendigen Plateausandalen mit klobigem Absatz.\",\"fr\":\"Am\\u00e9liorez votre style avec ces sandales \\u00e0 plateforme tendance \\u00e0 talons \\u00e9pais.\",\"en\":\"Elevate your style with these trendy chunky heel platform sandals.\"}','{\"de\":\"Mit diesen Plateausandalen mit klobigem Absatz verleihen Sie Ihrem Stil ein Upgrade. Das Plateaudesign mit klobigem Absatz und die schicken Details machen sie perfekt f\\u00fcr einen stilvollen Look. Ob f\\u00fcr einen Abend in der Stadt oder ein legeres Abendessen, diese Plateausandalen bieten Stil und Eleganz. Erh\\u00e4ltlich in verschiedenen Farben, passend zu Ihrem Ensemble.\",\"fr\":\"Am\\u00e9liorez votre jeu de mode avec ces sandales \\u00e0 plateforme \\u00e0 talons \\u00e9pais. Le design de la plateforme \\u00e0 talon \\u00e9pais et les d\\u00e9tails chics les rendent parfaits pour un look \\u00e9l\\u00e9gant. Que ce soit pour une soir\\u00e9e ou un d\\u00eener d\\u00e9contract\\u00e9, ces sandales \\u00e0 plateforme offrent style et sophistication. Disponible en diff\\u00e9rentes couleurs pour correspondre \\u00e0 votre ensemble.\",\"en\":\"Upgrade your fashion game with these Chunky Heel Platform Sandals. The chunky heel platform design and chic details make them perfect for a stylish look. Whether for a night out or a casual dinner, these platform sandals offer style and sophistication. Available in various colors to match your ensemble.\"}',29.50,'{\"de\":\"Trendige Eleganz\",\"fr\":\"\\u00c9l\\u00e9gance tendance\",\"en\":\"Trendy Elegance\"}','{\"de\":\"Plateaudesign mit klobigem Absatz f\\u00fcr einen modischen Look.\",\"fr\":\"Conception de plate-forme \\u00e0 talon \\u00e9pais pour un look \\u00e0 la mode.\",\"en\":\"Chunky heel platform design for a fashionable look.\"}',2,0,53,160,'W-PS002',0,240,'{\"url\": \"https://shoptopus.test/sample-store-data/sample-store-1/product-images/ladies-platform-shoes-2.jpg\", \"file_name\": \"ladies-platform-shoes-2.jpg\"}','[\"9c4273e6-3425-4d96-89a1-2217de7ef932\", \"9c4273e5-fec8-437f-9577-4476ee83fa61\", \"9c4273e5-c695-4b23-b09b-695b7e9fc260\", \"9c4273e5-8cb6-4bf4-a012-fc3977b8851c\", \"9c4273e5-5102-4756-b401-22fb6c3fa749\"]',1.00,NULL,'2024-06-11 07:51:58','2024-06-11 07:52:52'),('9c42743f-a06d-48c9-ae66-fd22fcc7022b','{\"de\":\"Plateaustiefel mit Schn\\u00fcrung\",\"fr\":\"Bottes \\u00e0 plateforme \\u00e0 lacets\",\"en\":\"Lace-Up Platform Boots\"}','lace-up-platform-boots','{\"de\":\"Verbessern Sie Ihren Stil mit diesen trendigen Plateaustiefeln mit Schn\\u00fcrung.\",\"fr\":\"Am\\u00e9liorez votre style avec ces bottes \\u00e0 plateforme \\u00e0 lacets tendance.\",\"en\":\"Elevate your style with these trendy lace-up platform boots.\"}','{\"de\":\"Mit diesen Plateaustiefeln mit Schn\\u00fcrung verleihen Sie Ihrem Stil ein Upgrade. Das Plateaudesign mit Schn\\u00fcrung und die schicken Details machen sie perfekt f\\u00fcr einen stilvollen Look. Ob f\\u00fcr einen Abend oder ein legeres Abendessen, diese Plateaustiefel bieten Stil und Eleganz. Erh\\u00e4ltlich in verschiedenen Farben, passend zu Ihrem Ensemble.\",\"fr\":\"Am\\u00e9liorez votre jeu de mode avec ces bottes \\u00e0 plateforme \\u00e0 lacets. La conception de la plateforme \\u00e0 lacets et les d\\u00e9tails chics les rendent parfaits pour un look \\u00e9l\\u00e9gant. Que ce soit pour une soir\\u00e9e ou un d\\u00eener d\\u00e9contract\\u00e9, ces bottes \\u00e0 plateforme offrent style et sophistication. Disponible en diff\\u00e9rentes couleurs pour correspondre \\u00e0 votre ensemble.\",\"en\":\"Upgrade your fashion game with these Lace-Up Platform Boots. The lace-up platform design and chic details make them perfect for a stylish look. Whether for a night out or a casual dinner, these platform boots offer style and sophistication. Available in various colors to match your ensemble.\"}',31.99,'{\"de\":\"Trendige Eleganz\",\"fr\":\"\\u00c9l\\u00e9gance tendance\",\"en\":\"Trendy Elegance\"}','{\"de\":\"Plateaudesign mit Schn\\u00fcrung f\\u00fcr einen modischen Look.\",\"fr\":\"Conception de plate-forme \\u00e0 lacets pour un look tendance.\",\"en\":\"Lace-up platform design for a fashionable look.\"}',1,0,105,150,'W-PS003',0,245,'{\"url\": \"https://shoptopus.test/sample-store-data/sample-store-1/product-images/ladies-platform-shoes-3.jpg\", \"file_name\": \"ladies-platform-shoes-3.jpg\"}','[\"9c4273e6-3425-4d96-89a1-2217de7ef932\", \"9c4273e5-fec8-437f-9577-4476ee83fa61\", \"9c4273e5-c695-4b23-b09b-695b7e9fc260\", \"9c4273e5-8cb6-4bf4-a012-fc3977b8851c\", \"9c4273e5-5102-4756-b401-22fb6c3fa749\"]',NULL,NULL,'2024-06-11 07:51:59','2024-06-11 07:52:52'),('9c427441-6d77-4a9b-b668-7906aca48814','{\"de\":\"Klassische Leder-Loafer\",\"fr\":\"Mocassins classiques en cuir\",\"en\":\"Classic Leather Loafers\"}','classic-leather-loafers','{\"de\":\"Zeitloser Stil in diesen klassischen Leder-Loafern.\",\"fr\":\"Style intemporel avec ces mocassins en cuir classiques.\",\"en\":\"Timeless style in these classic leather loafers.\"}','{\"de\":\"Mit diesen klassischen Leder-Loafern verleihen Sie Ihrem Stil das gewisse Etwas. Das zeitlose Design und das hochwertige Leder machen sie perfekt f\\u00fcr einen stilvollen Look. Ob f\\u00fcr einen Abend in der Stadt oder ein zwangloses Abendessen, diese Loafer bieten sowohl Stil als auch Eleganz.\",\"fr\":\"\\u00c9levez votre jeu de mode avec ces mocassins classiques en cuir. Leur design intemporel et leur cuir de haute qualit\\u00e9 les rendent parfaits pour un look \\u00e9l\\u00e9gant. Que ce soit pour une soir\\u00e9e ou un d\\u00eener d\\u00e9contract\\u00e9, ces mocassins offrent \\u00e0 la fois style et sophistication.\",\"en\":\"Elevate your fashion game with these Classic Leather Loafers. The timeless design and high-quality leather make them perfect for a stylish look. Whether for a night out or a casual dinner, these loafers offer both style and sophistication.\"}',27.99,'{\"de\":\"Zeitlose Eleganz\",\"fr\":\"\\u00c9l\\u00e9gance intemporelle\",\"en\":\"Timeless Elegance\"}','{\"de\":\"Perfekt f\\u00fcr stilvolle Abende und zwanglose Ausfl\\u00fcge.\",\"fr\":\"Parfait pour les soir\\u00e9es styl\\u00e9es et les sorties d\\u00e9contract\\u00e9es.\",\"en\":\"Perfect for stylish evenings and casual outings.\"}',2,0,273,180,'M-LO001',0,225,'{\"url\": \"https://shoptopus.test/sample-store-data/sample-store-1/product-images/mens-loafers-1.jpg\", \"file_name\": \"mens-loafers-1.jpg\"}','[\"9c4273e6-3425-4d96-89a1-2217de7ef932\", \"9c4273e8-1489-4db9-8617-b37f810c9499\", \"9c4273e5-fec8-437f-9577-4476ee83fa61\", \"9c4273e5-c695-4b23-b09b-695b7e9fc260\", \"9c4273e5-8cb6-4bf4-a012-fc3977b8851c\", \"9c4273e5-5102-4756-b401-22fb6c3fa749\", \"9c4273e9-a380-42de-91ae-5ae505306e15\"]',1.00,NULL,'2024-06-11 07:52:01','2024-06-11 07:52:52'),('9c427443-48de-4fbb-a396-c0f3111607c8','{\"de\":\"Loafer aus Wildleder mit Quasten\",\"fr\":\"Mocassins \\u00e0 pampilles en daim\",\"en\":\"Suede Tassel Loafers\"}','suede-tassel-loafers','{\"de\":\"Verbessern Sie Ihren Stil mit diesen Loafern aus Wildleder mit Quasten.\",\"fr\":\"Rehaussez votre style avec ces mocassins \\u00e0 pampilles en daim.\",\"en\":\"Elevate your style with these suede tassel loafers.\"}','{\"de\":\"Mit diesen Loafern aus Wildleder mit Quasten verleihen Sie Ihrem Stil ein Upgrade. Das Quastendesign und die Wildlederkonstruktion machen sie perfekt f\\u00fcr einen stilvollen und raffinierten Look. Ob f\\u00fcr einen Abend oder eine formelle Veranstaltung, diese Loafer bieten Stil und Vielseitigkeit.\",\"fr\":\"Am\\u00e9liorez votre jeu de mode avec ces mocassins \\u00e0 pampilles en daim. Le design \\u00e0 pampilles et la construction en daim les rendent parfaits pour un look \\u00e9l\\u00e9gant et raffin\\u00e9. Que ce soit pour une soir\\u00e9e ou un \\u00e9v\\u00e9nement formel, ces mocassins offrent style et polyvalence.\",\"en\":\"Upgrade your fashion game with these Suede Tassel Loafers. The tassel design and suede construction make them perfect for a stylish and refined look. Whether for a night out or a formal event, these loafers offer style and versatility.\"}',26.50,'{\"de\":\"Raffinierte Eleganz\",\"fr\":\"\\u00c9l\\u00e9gance raffin\\u00e9e\",\"en\":\"Refined Elegance\"}','{\"de\":\"Quastendesign f\\u00fcr einen stilvollen und eleganten Look.\",\"fr\":\"Conception de gland pour un look \\u00e9l\\u00e9gant et poli.\",\"en\":\"Tassel design for a stylish and polished look.\"}',1,0,42,160,'M-LO002',0,230,'{\"url\": \"https://shoptopus.test/sample-store-data/sample-store-1/product-images/mens-loafers-2.jpg\", \"file_name\": \"mens-loafers-2.jpg\"}','[\"9c4273e6-3425-4d96-89a1-2217de7ef932\", \"9c4273e5-fec8-437f-9577-4476ee83fa61\", \"9c4273e5-c695-4b23-b09b-695b7e9fc260\", \"9c4273e5-8cb6-4bf4-a012-fc3977b8851c\", \"9c4273e5-5102-4756-b401-22fb6c3fa749\"]',NULL,NULL,'2024-06-11 07:52:02','2024-06-11 07:52:52'),('9c427445-10fc-4a7c-bda2-902b5b9bebed','{\"de\":\"Modische Slipper zum Hineinschl\\u00fcpfen\",\"fr\":\"Mocassins \\u00e0 la mode \\u00e0 enfiler\",\"en\":\"Fashion Slip-On Loafers\"}','fashion-slip-on-loafers','{\"de\":\"Verbessern Sie Ihren Stil mit diesen trendigen Slip-On-Loafern.\",\"fr\":\"Am\\u00e9liorez votre style avec ces mocassins \\u00e0 enfiler tendance.\",\"en\":\"Elevate your style with these trendy slip-on loafers.\"}','{\"de\":\"Mit diesen modischen Slip-On-Loafern verleihen Sie Ihrem Stil ein Upgrade. Das Slip-On-Design und die schicken Details machen sie perfekt f\\u00fcr einen stilvollen Look. Ob f\\u00fcr einen Abend oder ein zwangloses Abendessen, diese Slip-On-Loafer bieten Stil und Eleganz.\",\"fr\":\"Am\\u00e9liorez votre jeu de mode avec ces mocassins \\u00e0 enfiler tendance. Leur design \\u00e0 enfiler et leurs d\\u00e9tails chics les rendent parfaits pour un look \\u00e9l\\u00e9gant. Que ce soit pour une soir\\u00e9e ou un d\\u00eener d\\u00e9contract\\u00e9, ces mocassins \\u00e0 enfiler offrent style et sophistication.\",\"en\":\"Upgrade your fashion game with these Fashion Slip-On Loafers. The slip-on design and chic details make them perfect for a stylish look. Whether for a night out or a casual dinner, these slip-on loafers offer style and sophistication.\"}',29.99,'{\"de\":\"Trendige Eleganz\",\"fr\":\"\\u00c9l\\u00e9gance tendance\",\"en\":\"Trendy Elegance\"}','{\"de\":\"Slip-On-Design f\\u00fcr einen modischen Look.\",\"fr\":\"Mod\\u00e8le \\u00e0 enfiler pour un look tendance.\",\"en\":\"Slip-on design for a fashionable look.\"}',2,0,85,150,'M-LO003',0,235,'{\"url\": \"https://shoptopus.test/sample-store-data/sample-store-1/product-images/mens-loafers-3.jpg\", \"file_name\": \"mens-loafers-3.jpg\"}','[\"9c4273e6-3425-4d96-89a1-2217de7ef932\", \"9c4273e5-fec8-437f-9577-4476ee83fa61\", \"9c4273e5-c695-4b23-b09b-695b7e9fc260\", \"9c4273e5-8cb6-4bf4-a012-fc3977b8851c\", \"9c4273e5-5102-4756-b401-22fb6c3fa749\"]',NULL,NULL,'2024-06-11 07:52:03','2024-06-11 07:52:52'),('9c427446-c271-48cf-b751-8b51492dd566','{\"de\":\"L\\u00e4ssige Slide-Sandalen\",\"fr\":\"Sandales \\u00e0 glissi\\u00e8re d\\u00e9contract\\u00e9es\",\"en\":\"Casual Slide Sandals\"}','casual-slide-sandals-1','{\"de\":\"Mit diesen Slide-Sandalen haben Sie es bequem und stilvoll.\",\"fr\":\"Restez confortable et \\u00e9l\\u00e9gant dans ces sandales \\u00e0 glissi\\u00e8re.\",\"en\":\"Stay comfy and stylish in these slide sandals.\"}','{\"de\":\"Mit diesen Casual Slide Sandalen verleihen Sie Ihrem l\\u00e4ssigen Stil das gewisse Etwas. Das Slide-Design und die bequeme Passform machen sie perfekt f\\u00fcr den Alltag. Ob f\\u00fcr einen Tag mit Freunden oder einen kurzen Einkaufsbummel, diese Sandalen sind eine vielseitige Erg\\u00e4nzung f\\u00fcr Ihre Kollektion.\",\"fr\":\"\\u00c9levez votre style d\\u00e9contract\\u00e9 avec ces sandales \\u00e0 glissi\\u00e8re d\\u00e9contract\\u00e9es. Leur design coulissant et leur coupe confortable les rendent parfaits pour un usage quotidien. Que ce soit pour une journ\\u00e9e entre amis ou une visite rapide au magasin, ces sandales sont un ajout polyvalent \\u00e0 votre collection.\",\"en\":\"Elevate your casual style with these Casual Slide Sandals. The slide design and comfortable fit make them perfect for everyday wear. Whether for a day out with friends or a quick trip to the store, these sandals are a versatile addition to your collection.\"}',19.99,'{\"de\":\"M\\u00fcheloser Stil\",\"fr\":\"Style sans effort\",\"en\":\"Effortless Style\"}','{\"de\":\"Slide-Design f\\u00fcr einfaches und stilvolles Tragen.\",\"fr\":\"Conception coulissante pour un port facile et \\u00e9l\\u00e9gant.\",\"en\":\"Slide design for easy and stylish wear.\"}',1,0,131,140,'M-SA001',0,220,'{\"url\": \"https://shoptopus.test/sample-store-data/sample-store-1/product-images/mens-sandals-1.jpg\", \"file_name\": \"mens-sandals-1.jpg\"}','[\"9c4273e6-3425-4d96-89a1-2217de7ef932\", \"9c4273e5-fec8-437f-9577-4476ee83fa61\", \"9c4273e5-c695-4b23-b09b-695b7e9fc260\", \"9c4273e5-8cb6-4bf4-a012-fc3977b8851c\", \"9c4273e5-5102-4756-b401-22fb6c3fa749\"]',5.00,NULL,'2024-06-11 07:52:04','2024-06-11 07:52:52'),('9c427448-a5ad-44d0-b513-df19ec8971e3','{\"de\":\"Sportliche Outdoor-Sandalen\",\"fr\":\"Sandales d&#39;ext\\u00e9rieur sportives\",\"en\":\"Sporty Outdoor Sandals\"}','sporty-outdoor-sandals','{\"de\":\"Werten Sie Ihre Outdoor-Aktivit\\u00e4ten mit diesen bequemen, sportlichen Sandalen auf.\",\"fr\":\"Am\\u00e9liorez vos activit\\u00e9s de plein air avec ces sandales sportives confortables.\",\"en\":\"Elevate your outdoor activities with these comfortable sporty sandals.\"}','{\"de\":\"Werten Sie Ihren Outdoor-Stil mit diesen sportlichen Outdoor-Sandalen auf. Die bequeme Passform und das robuste Design bieten Halt bei Outdoor-Aktivit\\u00e4ten. Ob f\\u00fcr eine Wanderung oder ein Camping-Abenteuer, diese sportlichen Sandalen sind eine vielseitige Erg\\u00e4nzung Ihrer Kollektion.\",\"fr\":\"Am\\u00e9liorez votre style ext\\u00e9rieur avec ces sandales d&#39;ext\\u00e9rieur sportives. La coupe confortable et la conception durable offrent un soutien pendant les activit\\u00e9s de plein air. Que ce soit pour une randonn\\u00e9e ou une aventure en camping, ces sandales sportives sont un ajout polyvalent \\u00e0 votre collection.\",\"en\":\"Upgrade your outdoor style with these Sporty Outdoor Sandals. The comfortable fit and durable design provide support during outdoor activities. Whether for a hiking trip or a camping adventure, these sporty sandals are a versatile addition to your collection.\"}',23.50,'{\"de\":\"Erh\\u00f6hen Sie Ihre Abenteuer\",\"fr\":\"\\u00c9levez vos aventures\",\"en\":\"Elevate Your Adventures\"}','{\"de\":\"Komfortables Design f\\u00fcr Outdoor-Aktivit\\u00e4ten.\",\"fr\":\"Conception confortable pour les activit\\u00e9s de plein air.\",\"en\":\"Comfortable design for outdoor activities.\"}',2,0,110,160,'M-SA002',0,225,'{\"url\": \"https://shoptopus.test/sample-store-data/sample-store-1/product-images/mens-sandals-2.jpg\", \"file_name\": \"mens-sandals-2.jpg\"}','[\"9c4273e6-3425-4d96-89a1-2217de7ef932\", \"9c4273e5-fec8-437f-9577-4476ee83fa61\", \"9c4273e5-c695-4b23-b09b-695b7e9fc260\", \"9c4273e5-8cb6-4bf4-a012-fc3977b8851c\", \"9c4273e5-5102-4756-b401-22fb6c3fa749\"]',NULL,NULL,'2024-06-11 07:52:05','2024-06-11 07:52:52'),('9c42744a-dc9d-45aa-ae8c-c7450777c210','{\"de\":\"Modische Flip-Flops\",\"fr\":\"Tongs tendance\",\"en\":\"Fashion Flip-Flops\"}','fashion-flip-flops','{\"de\":\"Werten Sie Ihren Strandlook mit diesen trendigen Flip-Flops auf.\",\"fr\":\"Am\\u00e9liorez votre look de plage avec ces tongs tendance.\",\"en\":\"Upgrade your beach look with these trendy fashion flip-flops.\"}','{\"de\":\"Werten Sie Ihren Strandstil mit diesen modischen Flip-Flops auf. Das trendige Flip-Flop-Design und die schicken Details machen sie perfekt f\\u00fcr einen stilvollen Strandtag. Ob f\\u00fcr einen Strandausflug oder eine Poolparty, diese modischen Flip-Flops sind eine vielseitige Erg\\u00e4nzung Ihrer Kollektion.\",\"fr\":\"Am\\u00e9liorez votre style de plage avec ces tongs tendance. Le design tendance des tongs et les d\\u00e9tails chics les rendent parfaites pour une journ\\u00e9e \\u00e9l\\u00e9gante \\u00e0 la plage. Que ce soit pour une sortie \\u00e0 la plage ou une f\\u00eate au bord de la piscine, ces tongs tendance sont un ajout polyvalent \\u00e0 votre collection.\",\"en\":\"Elevate your beach style with these Fashion Flip-Flops. The trendy flip-flop design and chic details make them perfect for a stylish beach day. Whether for a beach outing or a poolside party, these fashion flip-flops are a versatile addition to your collection.\"}',21.99,'{\"de\":\"Strand Eleganz\",\"fr\":\"\\u00c9l\\u00e9gance de plage\",\"en\":\"Beach Elegance\"}','{\"de\":\"Trendiges Design f\\u00fcr einen stylischen Beach-Look.\",\"fr\":\"Un design tendance pour un look de plage styl\\u00e9.\",\"en\":\"Trendy design for a stylish beach look.\"}',1,0,45,150,'M-SA003',0,230,'{\"url\": \"https://shoptopus.test/sample-store-data/sample-store-1/product-images/mens-sandals-3.jpg\", \"file_name\": \"mens-sandals-3.jpg\"}','[\"9c4273e6-3425-4d96-89a1-2217de7ef932\", \"9c4273e5-fec8-437f-9577-4476ee83fa61\", \"9c4273e5-c695-4b23-b09b-695b7e9fc260\", \"9c4273e5-8cb6-4bf4-a012-fc3977b8851c\", \"9c4273e5-5102-4756-b401-22fb6c3fa749\"]',NULL,NULL,'2024-06-11 07:52:06','2024-06-11 07:52:52'),('9c42744c-b4d2-4b9f-a7fc-b0e19bbd9207','{\"de\":\"Klassische Lederstiefel\",\"fr\":\"Bottes en cuir classiques\",\"en\":\"Classic Leather Boots\"}','classic-leather-boots','{\"de\":\"Zeitloser Stil in diesen klassischen Lederstiefeln.\",\"fr\":\"Style intemporel avec ces bottes en cuir classiques.\",\"en\":\"Timeless style in these classic leather boots.\"}','{\"de\":\"Mit diesen klassischen Lederstiefeln verleihen Sie Ihrem Stil das gewisse Etwas. Das zeitlose Design und das hochwertige Leder machen sie perfekt f\\u00fcr einen stilvollen Look. Ob f\\u00fcr einen Abend oder ein legeres Abendessen, diese Stiefel bieten Stil und Eleganz zugleich.\",\"fr\":\"\\u00c9levez votre jeu de mode avec ces bottes en cuir classiques. Leur design intemporel et leur cuir de haute qualit\\u00e9 les rendent parfaits pour un look \\u00e9l\\u00e9gant. Que ce soit pour une soir\\u00e9e ou un d\\u00eener d\\u00e9contract\\u00e9, ces bottes offrent \\u00e0 la fois style et sophistication.\",\"en\":\"Elevate your fashion game with these Classic Leather Boots. The timeless design and high-quality leather make them perfect for a stylish look. Whether for a night out or a casual dinner, these boots offer both style and sophistication.\"}',27.99,'{\"de\":\"Zeitlose Eleganz\",\"fr\":\"\\u00c9l\\u00e9gance intemporelle\",\"en\":\"Timeless Elegance\"}','{\"de\":\"Perfekt f\\u00fcr stilvolle Abende und zwanglose Ausfl\\u00fcge.\",\"fr\":\"Parfait pour les soir\\u00e9es styl\\u00e9es et les sorties d\\u00e9contract\\u00e9es.\",\"en\":\"Perfect for stylish evenings and casual outings.\"}',2,0,151,190,'M-BO001',0,240,'{\"url\": \"https://shoptopus.test/sample-store-data/sample-store-1/product-images/mens-boots-1.jpg\", \"file_name\": \"mens-boots-1.jpg\"}','[\"9c4273e6-3425-4d96-89a1-2217de7ef932\", \"9c4273e5-fec8-437f-9577-4476ee83fa61\", \"9c4273e5-c695-4b23-b09b-695b7e9fc260\", \"9c4273e5-8cb6-4bf4-a012-fc3977b8851c\", \"9c4273e5-5102-4756-b401-22fb6c3fa749\"]',1.00,NULL,'2024-06-11 07:52:08','2024-06-11 07:52:52'),('9c42744e-9ff3-4200-a5b9-6ae850427163','{\"de\":\"Stilvolle Chelsea Boots\",\"fr\":\"Bottines Chelsea \\u00e9l\\u00e9gantes\",\"en\":\"Stylish Chelsea Boots\"}','stylish-chelsea-boots','{\"de\":\"Verbessern Sie Ihren Stil mit diesen trendigen Chelsea-Stiefeln.\",\"fr\":\"Rehaussez votre style avec ces bottes Chelsea tendance.\",\"en\":\"Elevate your style with these trendy Chelsea boots.\"}','{\"de\":\"Mit diesen stylischen Chelsea-Boots verleihen Sie Ihrem Stil einen neuen Schliff. Das Chelsea-Boot-Design und die stylischen Details machen sie perfekt f\\u00fcr einen modischen Look. Ob f\\u00fcr einen Abend in der Stadt oder ein legeres Abendessen, diese Chelsea-Boots bieten Stil und Eleganz.\",\"fr\":\"Am\\u00e9liorez votre jeu de mode avec ces bottes Chelsea \\u00e9l\\u00e9gantes. Le design des bottines Chelsea et leurs d\\u00e9tails \\u00e9l\\u00e9gants les rendent parfaites pour un look tendance. Que ce soit pour une soir\\u00e9e ou un d\\u00eener d\\u00e9contract\\u00e9, ces bottes Chelsea offrent style et sophistication.\",\"en\":\"Upgrade your fashion game with these Stylish Chelsea Boots. The Chelsea boot design and stylish details make them perfect for a fashionable look. Whether for a night out or a casual dinner, these Chelsea boots offer style and sophistication.\"}',26.50,'{\"de\":\"Trendige Eleganz\",\"fr\":\"\\u00c9l\\u00e9gance tendance\",\"en\":\"Trendy Elegance\"}','{\"de\":\"Chelsea-Boot-Design f\\u00fcr einen modischen Look.\",\"fr\":\"Conception de bottes Chelsea pour un look tendance.\",\"en\":\"Chelsea boot design for a fashionable look.\"}',1,0,104,170,'M-BO002',0,245,'{\"url\": \"https://shoptopus.test/sample-store-data/sample-store-1/product-images/mens-boots-2.jpg\", \"file_name\": \"mens-boots-2.jpg\"}','[\"9c4273e6-3425-4d96-89a1-2217de7ef932\", \"9c4273e5-fec8-437f-9577-4476ee83fa61\", \"9c4273e5-c695-4b23-b09b-695b7e9fc260\", \"9c4273e5-8cb6-4bf4-a012-fc3977b8851c\", \"9c4273e5-5102-4756-b401-22fb6c3fa749\"]',NULL,NULL,'2024-06-11 07:52:09','2024-06-11 07:52:52'),('9c427450-8225-4e1d-bfb7-ec4c08a908f2','{\"de\":\"Outdoor-Wanderschuhe\",\"fr\":\"Bottes de randonn\\u00e9e en plein air\",\"en\":\"Outdoor Hiking Boots\"}','outdoor-hiking-boots','{\"de\":\"Machen Sie Ihre Outdoor-Abenteuer mit diesen bequemen Wanderstiefeln zu einem echten Erlebnis.\",\"fr\":\"Am\\u00e9liorez vos aventures en plein air avec ces bottes de randonn\\u00e9e confortables.\",\"en\":\"Elevate your outdoor adventures with these comfortable hiking boots.\"}','{\"de\":\"Verbessern Sie Ihr Outdoor-Spiel mit diesen Outdoor-Wanderstiefeln. Die bequeme Passform und das robuste Design bieten Unterst\\u00fctzung beim Wandern und bei Outdoor-Aktivit\\u00e4ten. Ob f\\u00fcr einen Wanderausflug oder ein Camping-Abenteuer, diese Wanderstiefel sind eine vielseitige Erg\\u00e4nzung Ihrer Kollektion.\",\"fr\":\"Am\\u00e9liorez votre jeu en plein air avec ces bottes de randonn\\u00e9e en plein air. La coupe confortable et la conception durable offrent un soutien lors de la randonn\\u00e9e et des activit\\u00e9s de plein air. Que ce soit pour une randonn\\u00e9e ou une aventure en camping, ces bottes de randonn\\u00e9e sont un ajout polyvalent \\u00e0 votre collection.\",\"en\":\"Upgrade your outdoor game with these Outdoor Hiking Boots. The comfortable fit and durable design provide support during hiking and outdoor activities. Whether for a hiking trip or a camping adventure, these hiking boots are a versatile addition to your collection.\"}',29.99,'{\"de\":\"Erh\\u00f6hen Sie Ihre Abenteuer\",\"fr\":\"\\u00c9levez vos aventures\",\"en\":\"Elevate Your Adventures\"}','{\"de\":\"Komfortables Design f\\u00fcr Outdoor-Aktivit\\u00e4ten.\",\"fr\":\"Conception confortable pour les activit\\u00e9s de plein air.\",\"en\":\"Comfortable design for outdoor activities.\"}',2,0,196,160,'M-BO003',0,250,'{\"url\": \"https://shoptopus.test/sample-store-data/sample-store-1/product-images/mens-boots-3.jpg\", \"file_name\": \"mens-boots-3.jpg\"}','[\"9c4273e6-3425-4d96-89a1-2217de7ef932\", \"9c4273e8-51e2-45ea-86fe-359b57e32b34\", \"9c4273e5-fec8-437f-9577-4476ee83fa61\", \"9c4273e5-c695-4b23-b09b-695b7e9fc260\", \"9c4273e5-8cb6-4bf4-a012-fc3977b8851c\", \"9c4273e5-5102-4756-b401-22fb6c3fa749\", \"9c4273e8-fe98-447b-ab1b-4bbef2b35d09\"]',NULL,NULL,'2024-06-11 07:52:10','2024-06-11 07:52:52'),('9c427452-8f5c-49b1-a14e-5390e66844e9','{\"de\":\"Sportliche Herren Sneaker\",\"fr\":\"Baskets sportives pour hommes\",\"en\":\"Sporty Men\'s Sneakers\"}','sporty-mens-sneakers','{\"de\":\"Bleiben Sie aktiv und stilvoll mit diesen sportlichen Sneakers.\",\"fr\":\"Restez actif et \\u00e9l\\u00e9gant avec ces baskets sportives.\",\"en\":\"Stay active and stylish with these sporty sneakers.\"}','{\"de\":\"Mit diesen sportlichen Herren-Sneakern bringen Sie Ihr Sport- und Modebewusstsein auf ein neues Niveau. Das sportliche Design und die bequeme Passform machen sie perfekt f\\u00fcr einen trendigen Look und einen aktiven Lebensstil. Ob zum Laufen oder f\\u00fcr Freizeitausfl\\u00fcge, diese Sneaker bieten sowohl Stil als auch Komfort.\",\"fr\":\"\\u00c9levez votre jeu de sport et de mode avec ces baskets sportives pour hommes. Leur design sportif et leur coupe confortable les rendent parfaits pour un look tendance et un style de vie actif. Que ce soit pour le running ou les sorties d\\u00e9contract\\u00e9es, ces baskets offrent \\u00e0 la fois style et confort.\",\"en\":\"Elevate your sports and fashion game with these Sporty Men\'s Sneakers. The sporty design and comfortable fit make them perfect for a trendy look and active lifestyle. Whether for running or casual outings, these sneakers offer both style and comfort.\"}',25.99,'{\"de\":\"Stilvoll und aktiv\",\"fr\":\"\\u00c9l\\u00e9gant et actif\",\"en\":\"Stylish and Active\"}','{\"de\":\"Sportliches Design f\\u00fcr einen trendigen Look und einen aktiven Lebensstil.\",\"fr\":\"Un design sportif pour un look tendance et un style de vie actif.\",\"en\":\"Sporty design for a trendy look and active lifestyle.\"}',1,0,107,180,'M-SN001',0,220,'{\"url\": \"https://shoptopus.test/sample-store-data/sample-store-1/product-images/mens-sneakers-1.jpg\", \"file_name\": \"mens-sneakers-1.jpg\"}','[\"9c4273e6-3425-4d96-89a1-2217de7ef932\", \"9c4273e5-fec8-437f-9577-4476ee83fa61\", \"9c4273e5-c695-4b23-b09b-695b7e9fc260\", \"9c4273e5-8cb6-4bf4-a012-fc3977b8851c\", \"9c4273e5-5102-4756-b401-22fb6c3fa749\"]',NULL,NULL,'2024-06-11 07:52:12','2024-06-11 07:52:52'),('9c427454-4d17-4afa-ae28-7573e2e45ba0','{\"de\":\"Klassische Canvas-Sneaker\",\"fr\":\"Baskets classiques en toile\",\"en\":\"Classic Canvas Sneakers\"}','classic-canvas-sneakers','{\"de\":\"Werten Sie Ihren l\\u00e4ssigen Stil mit diesen klassischen Canvas-Sneakers auf.\",\"fr\":\"Am\\u00e9liorez votre style d\\u00e9contract\\u00e9 avec ces baskets classiques en toile.\",\"en\":\"Upgrade your casual style with these classic canvas sneakers.\"}','{\"de\":\"Mit diesen klassischen Canvas-Sneakers verleihen Sie Ihrem Freizeitlook das gewisse Etwas. Das Canvas-Material und das zeitlose Design machen sie perfekt f\\u00fcr einen klassischen und bequemen Look. Ob f\\u00fcr einen Tagesausflug oder einen Wochenendspaziergang, diese Sneaker bieten Stil und Bequemlichkeit zugleich.\",\"fr\":\"\\u00c9levez votre mode d\\u00e9contract\\u00e9e avec ces baskets classiques en toile. La mati\\u00e8re en toile et le design intemporel les rendent parfaits pour un look classique et confortable. Que ce soit pour une journ\\u00e9e ou une balade du week-end, ces baskets offrent \\u00e0 la fois style et aisance.\",\"en\":\"Elevate your casual fashion with these Classic Canvas Sneakers. The canvas material and timeless design make them perfect for a classic and comfortable look. Whether for a day out or a weekend stroll, these sneakers offer both style and ease.\"}',22.50,'{\"de\":\"Zeitloser Komfort\",\"fr\":\"Confort intemporel\",\"en\":\"Timeless Comfort\"}','{\"de\":\"Canvas-Material f\\u00fcr einen klassischen und bequemen Look.\",\"fr\":\"Mati\\u00e8re toile pour un look classique et confortable.\",\"en\":\"Canvas material for a classic and comfortable look.\"}',2,0,81,170,'M-SN002',0,225,'{\"url\": \"https://shoptopus.test/sample-store-data/sample-store-1/product-images/mens-sneakers-2.jpg\", \"file_name\": \"mens-sneakers-2.jpg\"}','[\"9c4273e6-3425-4d96-89a1-2217de7ef932\", \"9c4273e5-fec8-437f-9577-4476ee83fa61\", \"9c4273e5-c695-4b23-b09b-695b7e9fc260\", \"9c4273e5-8cb6-4bf4-a012-fc3977b8851c\", \"9c4273e5-5102-4756-b401-22fb6c3fa749\"]',NULL,NULL,'2024-06-11 07:52:13','2024-06-11 07:52:52'),('9c427456-3187-43ce-b4ef-dca27cf76287','{\"de\":\"Moderne High-Top-Sneaker\",\"fr\":\"Baskets montantes modernes\",\"en\":\"Modern High-Top Sneakers\"}','modern-high-top-sneakers','{\"de\":\"Bleiben Sie im Trend mit diesen modernen High-Top-Sneakers.\",\"fr\":\"Restez tendance avec ces baskets montantes modernes.\",\"en\":\"Stay trendy with these modern high-top sneakers.\"}','{\"de\":\"Mit diesen modernen High-Top-Sneakern bringen Sie Ihr Modebewusstsein auf ein neues Niveau. Das High-Top-Design und die stylischen Details machen sie perfekt f\\u00fcr einen trendigen Look. Ob f\\u00fcr einen Abend mit Freunden oder einen l\\u00e4ssigen Ausflug, diese Sneaker bieten Stil und Flair.\",\"fr\":\"\\u00c9levez votre jeu de mode avec ces baskets montantes modernes. Leur design montant et leurs d\\u00e9tails \\u00e9l\\u00e9gants les rendent parfaits pour un look tendance. Que ce soit pour une soir\\u00e9e entre amis ou une sortie d\\u00e9contract\\u00e9e, ces baskets offrent \\u00e0 la fois style et flair.\",\"en\":\"Elevate your fashion game with these Modern High-Top Sneakers. The high-top design and stylish details make them perfect for a trendy look. Whether for a night out with friends or a casual outing, these sneakers offer both style and flair.\"}',28.99,'{\"de\":\"Trendy und stilvoll\",\"fr\":\"Tendance et \\u00e9l\\u00e9gant\",\"en\":\"Trendy and Stylish\"}','{\"de\":\"High-Top-Design f\\u00fcr einen trendigen und modischen Look.\",\"fr\":\"Design haut de gamme pour un look tendance et mode.\",\"en\":\"High-top design for a trendy and fashionable look.\"}',1,0,238,160,'M-SN003',0,230,'{\"url\": \"https://shoptopus.test/sample-store-data/sample-store-1/product-images/mens-sneakers-3.jpg\", \"file_name\": \"mens-sneakers-3.jpg\"}','[\"9c4273e6-3425-4d96-89a1-2217de7ef932\", \"9c4273ea-111a-48a5-a1af-e89e35e7a7a4\", \"9c4273e5-fec8-437f-9577-4476ee83fa61\", \"9c4273e5-c695-4b23-b09b-695b7e9fc260\", \"9c4273e5-8cb6-4bf4-a012-fc3977b8851c\", \"9c4273e5-5102-4756-b401-22fb6c3fa749\", \"9c4273e9-6b75-4490-8fd1-4bf9409c705a\"]',NULL,NULL,'2024-06-11 07:52:14','2024-06-11 07:52:52'),('9c427458-13f7-447f-85bf-849553550b86','{\"de\":\"Schicke Cat-Eye-Sonnenbrille\",\"fr\":\"Lunettes de soleil \\u0153il-de-chat chics\",\"en\":\"Chic Cat-Eye Sunglasses\"}','chic-cat-eye-sunglasses','{\"de\":\"Verbessern Sie Ihren Stil mit diesen schicken Cat-Eye-Sonnenbrillen.\",\"fr\":\"Rehaussez votre style avec ces lunettes de soleil chics \\u0153il-de-chat.\",\"en\":\"Elevate your style with these chic cat-eye sunglasses.\"}','{\"de\":\"Mit diesen schicken Cat-Eye-Sonnenbrillen verleihen Sie Ihrem Modestil ein Upgrade. Das Cat-Eye-Design und die stilvollen Details machen sie perfekt f\\u00fcr einen modischen Look. Ob f\\u00fcr einen Tag mit Freunden oder einen Strandausflug, diese Sonnenbrille bietet sowohl Stil als auch Sonnenschutz.\",\"fr\":\"Am\\u00e9liorez votre jeu de mode avec ces lunettes de soleil chics \\u0153il-de-chat. Le design \\u0153il de chat et les d\\u00e9tails \\u00e9l\\u00e9gants les rendent parfaits pour un look tendance. Que ce soit pour une journ\\u00e9e entre amis ou une sortie \\u00e0 la plage, ces lunettes de soleil offrent \\u00e0 la fois style et protection solaire.\",\"en\":\"Upgrade your fashion game with these Chic Cat-Eye Sunglasses. The cat-eye design and stylish details make them perfect for a fashionable look. Whether for a day out with friends or a beach outing, these sunglasses offer both style and sun protection.\"}',24.99,'{\"de\":\"Trendige Eleganz\",\"fr\":\"\\u00c9l\\u00e9gance tendance\",\"en\":\"Trendy Elegance\"}','{\"de\":\"Cat-Eye-Design f\\u00fcr einen modischen Look.\",\"fr\":\"Design \\u0153il de chat pour un look tendance.\",\"en\":\"Cat-eye design for a fashionable look.\"}',1,0,42,180,'W-SG001',0,205,'{\"url\": \"https://shoptopus.test/sample-store-data/sample-store-1/product-images/ladies-sunglasses-1.jpg\", \"file_name\": \"ladies-sunglasses-1.jpg\"}','[]',NULL,NULL,'2024-06-11 07:52:15','2024-06-11 07:52:52'),('9c42745a-0892-4f60-a2e1-04860f4125cf','{\"de\":\"Runde Vintage-Sonnenbrille\",\"fr\":\"Lunettes de soleil rondes vintage\",\"en\":\"Vintage Round Sunglasses\"}','vintage-round-sunglasses','{\"de\":\"Verleihen Sie Ihrem Look mit dieser runden Sonnenbrille einen Vintage-Touch.\",\"fr\":\"Ajoutez une touche vintage \\u00e0 votre look avec ces lunettes de soleil rondes.\",\"en\":\"Add a vintage touch to your look with these round sunglasses.\"}','{\"de\":\"Verbessern Sie Ihren Stil mit dieser runden Vintage-Sonnenbrille. Das runde Rahmendesign und die Retro-Details machen sie perfekt f\\u00fcr einen einzigartigen Look. Ob f\\u00fcr ein Musikfestival oder einen Tag im Park, diese Sonnenbrille ist eine vielseitige Erg\\u00e4nzung Ihrer Kollektion.\",\"fr\":\"Am\\u00e9liorez votre style avec ces lunettes de soleil rondes vintage. La monture ronde et les d\\u00e9tails r\\u00e9tro les rendent parfaits pour un look unique. Que ce soit pour un festival de musique ou une journ\\u00e9e au parc, ces lunettes de soleil sont un ajout polyvalent \\u00e0 votre collection.\",\"en\":\"Elevate your style with these Vintage Round Sunglasses. The round frame design and retro details make them perfect for a unique look. Whether for a music festival or a day at the park, these sunglasses are a versatile addition to your collection.\"}',22.50,'{\"de\":\"Retro-Charme\",\"fr\":\"Charme r\\u00e9tro\",\"en\":\"Retro Charm\"}','{\"de\":\"Runder Rahmen f\\u00fcr einen Vintage-Touch.\",\"fr\":\"Cadre rond pour une touche vintage.\",\"en\":\"Round frame for a vintage touch.\"}',2,0,39,170,'W-SG002',0,210,'{\"url\": \"https://shoptopus.test/sample-store-data/sample-store-1/product-images/ladies-sunglasses-2.jpg\", \"file_name\": \"ladies-sunglasses-2.jpg\"}','[]',NULL,NULL,'2024-06-11 07:52:17','2024-06-11 07:52:52'),('9c42745c-047a-4599-a177-cba6a63bfd61','{\"de\":\"Sportliche polarisierte Sonnenbrille\",\"fr\":\"Lunettes de soleil polaris\\u00e9es sportives\",\"en\":\"Sporty Polarized Sunglasses\"}','sporty-polarized-sunglasses','{\"de\":\"Bleiben Sie mit diesen sportlichen polarisierten Sonnenbrillen aktiv.\",\"fr\":\"Restez actif avec ces lunettes de soleil polaris\\u00e9es sportives.\",\"en\":\"Stay active with these sporty polarized sunglasses.\"}','{\"de\":\"Werten Sie Ihre Outdoor-Abenteuer mit diesen sportlichen polarisierten Sonnenbrillen auf. Die polarisierten Gl\\u00e4ser und die bequeme Passform bieten Augenschutz bei Outdoor-Aktivit\\u00e4ten. Ob f\\u00fcr eine Wanderung oder einen Tag am Strand, diese sportlichen Sonnenbrillen sind eine vielseitige Erg\\u00e4nzung f\\u00fcr Ihre Kollektion.\",\"fr\":\"Am\\u00e9liorez vos aventures en plein air avec ces lunettes de soleil polaris\\u00e9es sportives. Les verres polaris\\u00e9s et la coupe confortable offrent une protection oculaire lors des activit\\u00e9s de plein air. Que ce soit pour une randonn\\u00e9e ou une journ\\u00e9e \\u00e0 la plage, ces lunettes de soleil sportives sont un ajout polyvalent \\u00e0 votre collection.\",\"en\":\"Upgrade your outdoor adventures with these Sporty Polarized Sunglasses. The polarized lenses and comfortable fit provide eye protection during outdoor activities. Whether for a hiking trip or a day at the beach, these sporty sunglasses are a versatile addition to your collection.\"}',26.99,'{\"de\":\"Erh\\u00f6hen Sie Ihre Abenteuer\",\"fr\":\"\\u00c9levez vos aventures\",\"en\":\"Elevate Your Adventures\"}','{\"de\":\"Polarisierte Gl\\u00e4ser f\\u00fcr Outdoor-Aktivit\\u00e4ten.\",\"fr\":\"Verres polaris\\u00e9s pour les activit\\u00e9s de plein air.\",\"en\":\"Polarized lenses for outdoor activities.\"}',1,0,45,160,'W-SG003',0,215,'{\"url\": \"https://shoptopus.test/sample-store-data/sample-store-1/product-images/ladies-sunglasses-3.jpg\", \"file_name\": \"ladies-sunglasses-3.jpg\"}','[]',NULL,NULL,'2024-06-11 07:52:18','2024-06-11 07:52:52'),('9c42745d-f817-4e95-bea4-2ee94f90c1c6','{\"de\":\"Kristall-Tropfen-Ohrringe\",\"fr\":\"Boucles d&#39;oreilles pendantes en cristal\",\"en\":\"Crystal Drop Earrings\"}','crystal-drop-earrings','{\"de\":\"Verleihen Sie Ihrem Look mit diesen Kristall-Ohrh\\u00e4ngern einen Hauch von Eleganz.\",\"fr\":\"Ajoutez une touche d&#39;\\u00e9l\\u00e9gance avec ces boucles d&#39;oreilles en cristal.\",\"en\":\"Add a touch of elegance with these crystal drop earrings.\"}','{\"de\":\"Werten Sie Ihren Stil mit diesen Kristall-Tropfenohrringen auf. Das Kristalldesign und die eleganten Details machen sie perfekt f\\u00fcr einen anspruchsvollen Look. Ob f\\u00fcr einen besonderen Anlass oder eine formelle Veranstaltung, diese Ohrringe bieten sowohl Stil als auch Anmut.\",\"fr\":\"Rehaussez votre style avec ces boucles d&#39;oreilles pendantes en cristal. Le design en cristal et les d\\u00e9tails \\u00e9l\\u00e9gants les rendent parfaits pour un look sophistiqu\\u00e9. Que ce soit pour une occasion sp\\u00e9ciale ou un \\u00e9v\\u00e9nement formel, ces boucles d&#39;oreilles offrent \\u00e0 la fois style et gr\\u00e2ce.\",\"en\":\"Elevate your style with these Crystal Drop Earrings. The crystal design and elegant details make them perfect for a sophisticated look. Whether for a special occasion or a formal event, these earrings offer both style and grace.\"}',19.99,'{\"de\":\"Elegantes Funkeln\",\"fr\":\"\\u00c9clat \\u00e9l\\u00e9gant\",\"en\":\"Elegant Sparkle\"}','{\"de\":\"Kristalltropfen f\\u00fcr eine elegante Note.\",\"fr\":\"Gouttes de cristal pour une touche \\u00e9l\\u00e9gante.\",\"en\":\"Crystal drops for an elegant touch.\"}',2,0,47,195,'W-ER001',0,220,'{\"url\": \"https://shoptopus.test/sample-store-data/sample-store-1/product-images/ladies-jewellery-1.jpg\", \"file_name\": \"ladies-jewellery-1.jpg\"}','[]',NULL,NULL,'2024-06-11 07:52:19','2024-06-11 07:52:52'),('9c42745f-a65c-4a04-a3c9-934a890b8a95','{\"de\":\"Perlenohrstecker\",\"fr\":\"Boucles d&#39;oreilles \\u00e0 tige en perles\",\"en\":\"Pearl Stud Earrings\"}','pearl-stud-earrings','{\"de\":\"Zeitlose Eleganz mit diesen Perlenohrsteckern.\",\"fr\":\"\\u00c9l\\u00e9gance intemporelle avec ces boucles d&#39;oreilles en perles.\",\"en\":\"Timeless elegance with these pearl stud earrings.\"}','{\"de\":\"Werten Sie Ihren Stil mit diesen Perlenohrsteckern auf. Das klassische Perlendesign und die zeitlosen Details machen sie perfekt f\\u00fcr einen raffinierten Look. Ob f\\u00fcr eine Hochzeit oder ein romantisches Abendessen, diese Ohrringe sind eine vielseitige Erg\\u00e4nzung Ihrer Sammlung.\",\"fr\":\"Am\\u00e9liorez votre style avec ces boucles d&#39;oreilles \\u00e0 tige en perles. Le design classique en perles et les d\\u00e9tails intemporels les rendent parfaits pour un look raffin\\u00e9. Que ce soit pour un mariage ou un d\\u00eener romantique, ces boucles d&#39;oreilles sont un ajout polyvalent \\u00e0 votre collection.\",\"en\":\"Upgrade your style with these Pearl Stud Earrings. The classic pearl design and timeless details make them perfect for a refined look. Whether for a wedding or a romantic dinner, these earrings are a versatile addition to your collection.\"}',16.50,'{\"de\":\"Zeitlose Sch\\u00f6nheit\",\"fr\":\"Beaut\\u00e9 intemporelle\",\"en\":\"Timeless Beauty\"}','{\"de\":\"Perlenohrstecker f\\u00fcr einen klassischen Touch.\",\"fr\":\"Clous en perles pour une touche classique.\",\"en\":\"Pearl studs for a classic touch.\"}',1,0,50,190,'W-ER002',0,225,'{\"url\": \"https://shoptopus.test/sample-store-data/sample-store-1/product-images/ladies-jewellery-2.jpg\", \"file_name\": \"ladies-jewellery-2.jpg\"}','[]',NULL,NULL,'2024-06-11 07:52:20','2024-06-11 07:52:52'),('9c427461-679d-40f0-bc4a-7c3c30abd7af','{\"de\":\"Statement-Quastenohrringe\",\"fr\":\"Boucles d&#39;oreilles \\u00e0 pampilles tendance\",\"en\":\"Statement Tassel Earrings\"}','statement-tassel-earrings','{\"de\":\"Setzen Sie ein Statement mit diesen trendigen Quastenohrringen.\",\"fr\":\"Faites une d\\u00e9claration avec ces boucles d&#39;oreilles \\u00e0 pampilles tendance.\",\"en\":\"Make a statement with these trendy tassel earrings.\"}','{\"de\":\"Mit diesen Statement-Quastenohrringen verleihen Sie Ihrem Modestil ein neues Niveau. Das Quastendesign und die trendigen Details machen sie perfekt f\\u00fcr einen stilvollen Look. Ob f\\u00fcr einen Abend mit Freunden oder eine Party, diese Ohrringe bieten Stil und Flair.\",\"fr\":\"\\u00c9levez votre jeu de mode avec ces boucles d&#39;oreilles \\u00e0 pampilles. Le design \\u00e0 pompons et les d\\u00e9tails tendance les rendent parfaits pour un look \\u00e9l\\u00e9gant. Que ce soit pour une soir\\u00e9e entre amis ou une f\\u00eate, ces boucles d&#39;oreilles offrent \\u00e0 la fois style et flair.\",\"en\":\"Elevate your fashion game with these Statement Tassel Earrings. The tassel design and trendy details make them perfect for a stylish look. Whether for a night out with friends or a party, these earrings offer both style and flair.\"}',24.99,'{\"de\":\"Trendige Eleganz\",\"fr\":\"\\u00c9l\\u00e9gance tendance\",\"en\":\"Trendy Elegance\"}','{\"de\":\"Quastendesign f\\u00fcr einen modischen Look.\",\"fr\":\"Design \\u00e0 pompons pour un look tendance.\",\"en\":\"Tassel design for a fashionable look.\"}',2,0,43,150,'W-ER003',0,230,'{\"url\": \"https://shoptopus.test/sample-store-data/sample-store-1/product-images/ladies-jewellery-3.jpg\", \"file_name\": \"ladies-jewellery-3.jpg\"}','[]',NULL,NULL,'2024-06-11 07:52:22','2024-06-11 07:52:52'),('9c427463-1cbc-483f-a843-e66019350775','{\"de\":\"Strohhut mit breiter Krempe\",\"fr\":\"Chapeau de paille \\u00e0 large bord\",\"en\":\"Wide-Brim Straw Hat\"}','wide-brim-straw-hat','{\"de\":\"Bleiben Sie mit diesem Strohhut mit breiter Krempe vor der Sonne gesch\\u00fctzt.\",\"fr\":\"Prot\\u00e9gez-vous du soleil avec ce chapeau de paille \\u00e0 large bord.\",\"en\":\"Stay sun-protected with this wide-brim straw hat.\"}','{\"de\":\"Verleihen Sie Ihrem Strandstil mit diesem Strohhut mit breiter Krempe ein neues Aussehen. Das Design mit breiter Krempe und die bequeme Passform machen ihn zum perfekten Sonnenschutz und f\\u00fcr einen stilvollen Strandtag. Ob f\\u00fcr einen Strandausflug oder eine Party am Pool, dieser Hut ist eine vielseitige Erg\\u00e4nzung Ihrer Kollektion.\",\"fr\":\"Am\\u00e9liorez votre style de plage avec ce chapeau de paille \\u00e0 large bord. Le design \\u00e0 large bord et la coupe confortable le rendent parfait pour la protection solaire et une journ\\u00e9e \\u00e9l\\u00e9gante \\u00e0 la plage. Que ce soit pour une sortie \\u00e0 la plage ou une f\\u00eate au bord de la piscine, ce chapeau est un ajout polyvalent \\u00e0 votre collection.\",\"en\":\"Elevate your beach style with this Wide-Brim Straw Hat. The wide brim design and comfortable fit make it perfect for sun protection and a stylish beach day. Whether for a beach outing or a poolside party, this hat is a versatile addition to your collection.\"}',22.99,'{\"de\":\"Strand Eleganz\",\"fr\":\"\\u00c9l\\u00e9gance de plage\",\"en\":\"Beach Elegance\"}','{\"de\":\"Breite Krempe f\\u00fcr Sonnenschutz und Stil.\",\"fr\":\"Large bord pour la protection solaire et le style.\",\"en\":\"Wide-brim for sun protection and style.\"}',1,0,46,180,'W-HA001',0,235,'{\"url\": \"https://shoptopus.test/sample-store-data/sample-store-1/product-images/ladies-hats-1.jpg\", \"file_name\": \"ladies-hats-1.jpg\"}','[]',NULL,NULL,'2024-06-11 07:52:23','2024-06-11 07:52:52'),('9c427465-39d5-4c6e-a3a2-867819f62e05','{\"de\":\"Klassischer Fedora-Hut\",\"fr\":\"Chapeau Fedora classique\",\"en\":\"Classic Fedora Hat\"}','classic-fedora-hat','{\"de\":\"Verleihen Sie Ihrem Outfit mit diesem klassischen Fedora-Hut einen Hauch von Klasse.\",\"fr\":\"Ajoutez une touche de classe avec ce chapeau fedora classique.\",\"en\":\"Add a touch of class with this classic fedora hat.\"}','{\"de\":\"Werten Sie Ihren Stil mit diesem klassischen Fedora-Hut auf. Das zeitlose Design und die eleganten Details machen ihn perfekt f\\u00fcr einen raffinierten Look. Ob f\\u00fcr eine Gartenparty oder einen Tag auf der Pferderennbahn, dieser Fedora-Hut ist eine vielseitige Erg\\u00e4nzung Ihrer Kollektion.\",\"fr\":\"Am\\u00e9liorez votre style avec ce chapeau Fedora classique. Son design intemporel et ses d\\u00e9tails \\u00e9l\\u00e9gants le rendent parfait pour un look raffin\\u00e9. Que ce soit pour une garden-party ou une journ\\u00e9e aux courses, ce chapeau fedora est un ajout polyvalent \\u00e0 votre collection.\",\"en\":\"Upgrade your style with this Classic Fedora Hat. The timeless design and elegant details make it perfect for a refined look. Whether for a garden party or a day at the races, this fedora hat is a versatile addition to your collection.\"}',18.50,'{\"de\":\"Zeitloser Charme\",\"fr\":\"Charme intemporel\",\"en\":\"Timeless Charm\"}','{\"de\":\"Klassischer Fedora f\\u00fcr einen Hauch von Klasse.\",\"fr\":\"Fedora classique pour une touche de classe.\",\"en\":\"Classic fedora for a touch of class.\"}',2,0,48,170,'W-HA002',0,240,'{\"url\": \"https://shoptopus.test/sample-store-data/sample-store-1/product-images/ladies-hats-2.jpg\", \"file_name\": \"ladies-hats-2.jpg\"}','[]',4.00,NULL,'2024-06-11 07:52:24','2024-06-11 07:52:52'),('9c427467-30ff-441f-96ea-84c45bd0208e','{\"de\":\"Trendiger Bucket Hat\",\"fr\":\"Chapeau bob tendance\",\"en\":\"Trendy Bucket Hat\"}','trendy-bucket-hat','{\"de\":\"Bleiben Sie im Trend mit diesem modischen Anglerhut.\",\"fr\":\"Restez tendance avec ce chapeau bob tendance.\",\"en\":\"Stay trendy with this fashionable bucket hat.\"}','{\"de\":\"Mit diesem trendigen Bucket Hat bringen Sie Ihr Modebewusstsein auf ein neues Niveau. Das Bucket-Hat-Design und die stilvollen Details machen ihn perfekt f\\u00fcr einen modischen Look. Ob f\\u00fcr einen Tag mit Freunden oder ein Musikfestival, dieser Hut bietet Stil und Flair.\",\"fr\":\"\\u00c9levez votre jeu de mode avec ce chapeau bob tendance. Le design du chapeau bob et les d\\u00e9tails \\u00e9l\\u00e9gants le rendent parfait pour un look tendance. Que ce soit pour une journ\\u00e9e entre amis ou un festival de musique, ce chapeau offre \\u00e0 la fois style et flair.\",\"en\":\"Elevate your fashion game with this Trendy Bucket Hat. The bucket hat design and stylish details make it perfect for a fashionable look. Whether for a day out with friends or a music festival, this hat offers both style and flair.\"}',26.99,'{\"de\":\"Trendige Eleganz\",\"fr\":\"\\u00c9l\\u00e9gance tendance\",\"en\":\"Trendy Elegance\"}','{\"de\":\"Bucket-Hat-Design f\\u00fcr einen modischen Look.\",\"fr\":\"Conception de chapeau de seau pour un look \\u00e0 la mode.\",\"en\":\"Bucket hat design for a fashionable look.\"}',1,0,44,160,'W-HA003',0,245,'{\"url\": \"https://shoptopus.test/sample-store-data/sample-store-1/product-images/ladies-hats-3.jpg\", \"file_name\": \"ladies-hats-3.jpg\"}','[]',NULL,NULL,'2024-06-11 07:52:25','2024-06-11 07:52:52'),('9c427468-ff76-487b-9d41-2c68977b3cf7','{\"de\":\"Klassische Seidenkrawatte\",\"fr\":\"Cravate classique en soie\",\"en\":\"Classic Silk Tie\"}','classic-silk-tie','{\"de\":\"Verleihen Sie Ihrem Look mit dieser klassischen Seidenkrawatte einen Hauch von Eleganz.\",\"fr\":\"Ajoutez une touche d&#39;\\u00e9l\\u00e9gance avec cette cravate classique en soie.\",\"en\":\"Add a touch of elegance with this classic silk tie.\"}','{\"de\":\"Werten Sie Ihren Stil mit dieser klassischen Seidenkrawatte auf. Das Seidenmaterial und das zeitlose Design machen sie perfekt f\\u00fcr einen eleganten Look. Ob f\\u00fcr eine formelle Veranstaltung oder ein Gesch\\u00e4ftstreffen, diese Krawatte ist eine vielseitige Erg\\u00e4nzung Ihrer Kollektion.\",\"fr\":\"Rehaussez votre style avec cette cravate classique en soie. La mati\\u00e8re en soie et le design intemporel le rendent parfait pour un look raffin\\u00e9. Que ce soit pour un \\u00e9v\\u00e9nement formel ou une r\\u00e9union d&#39;affaires, cette cravate est un ajout polyvalent \\u00e0 votre collection.\",\"en\":\"Elevate your style with this Classic Silk Tie. The silk material and timeless design make it perfect for a refined look. Whether for a formal event or a business meeting, this tie is a versatile addition to your collection.\"}',19.99,'{\"de\":\"Zeitloser Charme\",\"fr\":\"Charme intemporel\",\"en\":\"Timeless Charm\"}','{\"de\":\"Seidenmaterial f\\u00fcr einen Hauch von Eleganz.\",\"fr\":\"Mati\\u00e8re soie pour une touche d&#39;\\u00e9l\\u00e9gance.\",\"en\":\"Silk material for a touch of elegance.\"}',2,0,45,195,'M-TI001',0,250,'{\"url\": \"https://shoptopus.test/sample-store-data/sample-store-1/product-images/ties-1.jpg\", \"file_name\": \"ties-1.jpg\"}','[]',5.00,NULL,'2024-06-11 07:52:26','2024-06-11 07:52:52'),('9c42746a-d1d9-473a-a22b-a82430031148','{\"de\":\"Gestreifte Business-Krawatte\",\"fr\":\"Cravate d&#39;affaires ray\\u00e9e\",\"en\":\"Striped Business Tie\"}','striped-business-tie','{\"de\":\"Werten Sie Ihr Business-Outfit mit dieser gestreiften Krawatte auf.\",\"fr\":\"Am\\u00e9liorez votre tenue professionnelle avec cette cravate ray\\u00e9e.\",\"en\":\"Upgrade your business attire with this striped tie.\"}','{\"de\":\"Werten Sie Ihren Business-Stil mit dieser gestreiften Business-Krawatte auf. Das Streifenmuster und die eleganten Details machen sie perfekt f\\u00fcr einen professionellen Look. Ob f\\u00fcr eine Vorstandssitzung oder eine Firmenveranstaltung, diese Krawatte ist eine vielseitige Erg\\u00e4nzung Ihrer Kollektion.\",\"fr\":\"Am\\u00e9liorez votre style professionnel avec cette cravate d&#39;affaires ray\\u00e9e. Le motif ray\\u00e9 et les d\\u00e9tails \\u00e9l\\u00e9gants le rendent parfait pour un look professionnel. Que ce soit pour une r\\u00e9union du conseil d&#39;administration ou un \\u00e9v\\u00e9nement d&#39;entreprise, cette cravate est un ajout polyvalent \\u00e0 votre collection.\",\"en\":\"Upgrade your business style with this Striped Business Tie. The striped pattern and elegant details make it perfect for a professional look. Whether for a board meeting or a corporate event, this tie is a versatile addition to your collection.\"}',16.50,'{\"de\":\"Professionelle Eleganz\",\"fr\":\"\\u00c9l\\u00e9gance professionnelle\",\"en\":\"Professional Elegance\"}','{\"de\":\"Streifenmuster f\\u00fcr einen professionellen Look.\",\"fr\":\"Motif ray\\u00e9 pour un look professionnel.\",\"en\":\"Striped pattern for a professional look.\"}',1,0,49,185,'M-TI002',0,255,'{\"url\": \"https://shoptopus.test/sample-store-data/sample-store-1/product-images/ties-2.jpg\", \"file_name\": \"ties-2.jpg\"}','[]',NULL,NULL,'2024-06-11 07:52:28','2024-06-11 07:52:52'),('9c42746c-87d8-4702-8f10-a8dfbaa6dcc0','{\"de\":\"Moderne schmale Krawatte\",\"fr\":\"Cravate fine moderne\",\"en\":\"Modern Skinny Tie\"}','modern-skinny-tie','{\"de\":\"Bleiben Sie mit dieser modernen schmalen Krawatte im Trend.\",\"fr\":\"Restez tendance avec cette cravate skinny moderne.\",\"en\":\"Stay trendy with this modern skinny tie.\"}','{\"de\":\"Mit dieser modernen schmalen Krawatte verleihen Sie Ihrem Stil ein Upgrade. Das schmale Design und die stilvollen Details machen sie perfekt f\\u00fcr einen modischen Look. Ob f\\u00fcr einen Abend oder einen besonderen Anlass, diese Krawatte bietet Stil und Flair.\",\"fr\":\"Am\\u00e9liorez votre jeu de mode avec cette cravate fine moderne. Son design skinny et ses d\\u00e9tails \\u00e9l\\u00e9gants le rendent parfait pour un look tendance. Que ce soit pour une soir\\u00e9e ou une occasion sp\\u00e9ciale, cette cravate offre \\u00e0 la fois style et flair.\",\"en\":\"Upgrade your fashion game with this Modern Skinny Tie. The skinny design and stylish details make it perfect for a fashionable look. Whether for a night out or a special occasion, this tie offers both style and flair.\"}',24.99,'{\"de\":\"Trendige Eleganz\",\"fr\":\"\\u00c9l\\u00e9gance tendance\",\"en\":\"Trendy Elegance\"}','{\"de\":\"Schlankes Design f\\u00fcr einen modischen Look.\",\"fr\":\"Design skinny pour un look tendance.\",\"en\":\"Skinny design for a fashionable look.\"}',2,0,47,175,'M-TI003',0,260,'{\"url\": \"https://shoptopus.test/sample-store-data/sample-store-1/product-images/ties-3.jpg\", \"file_name\": \"ties-3.jpg\"}','[]',4.00,NULL,'2024-06-11 07:52:29','2024-06-11 07:52:52'),('9c42746e-0f59-430f-bb16-93c845067266','{\"de\":\"Pilotenbrille\",\"fr\":\"Lunettes de soleil aviateur\",\"en\":\"Aviator Sunglasses\"}','aviator-sunglasses','{\"de\":\"Werten Sie Ihren Stil mit diesen klassischen Pilotensonnenbrillen auf.\",\"fr\":\"Am\\u00e9liorez votre style avec ces lunettes de soleil aviateur classiques.\",\"en\":\"Upgrade your style with these classic aviator sunglasses.\"}','{\"de\":\"Mit dieser Piloten-Sonnenbrille verleihen Sie Ihrem Stil das gewisse Etwas. Das klassische Piloten-Design und die zeitlosen Details machen sie perfekt f\\u00fcr einen stylischen Look. Ob f\\u00fcr einen Tag mit Freunden oder einen Roadtrip, diese Sonnenbrille bietet sowohl Stil als auch Sonnenschutz.\",\"fr\":\"Am\\u00e9liorez votre jeu de mode avec ces lunettes de soleil aviateur. Le design aviateur classique et les d\\u00e9tails intemporels les rendent parfaits pour un look \\u00e9l\\u00e9gant. Que ce soit pour une journ\\u00e9e entre amis ou un road trip, ces lunettes de soleil offrent \\u00e0 la fois style et protection solaire.\",\"en\":\"Elevate your fashion game with these Aviator Sunglasses. The classic aviator design and timeless details make them perfect for a stylish look. Whether for a day out with friends or a road trip, these sunglasses offer both style and sun protection.\"}',21.99,'{\"de\":\"Zeitlose Eleganz\",\"fr\":\"\\u00c9l\\u00e9gance intemporelle\",\"en\":\"Timeless Elegance\"}','{\"de\":\"Klassisches Fliegerdesign f\\u00fcr einen stylischen Look.\",\"fr\":\"Design aviateur classique pour un look \\u00e9l\\u00e9gant.\",\"en\":\"Classic aviator design for a stylish look.\"}',1,0,43,190,'M-SG001',0,265,'{\"url\": \"https://shoptopus.test/sample-store-data/sample-store-1/product-images/mens-sunglasses-1.jpg\", \"file_name\": \"mens-sunglasses-1.jpg\"}','[]',NULL,NULL,'2024-06-11 07:52:30','2024-06-11 07:52:53'),('9c42746f-e905-4763-881f-0eefcb60f795','{\"de\":\"Sportliche Wraparound-Sonnenbrille\",\"fr\":\"Lunettes de soleil enveloppantes sportives\",\"en\":\"Sporty Wraparound Sunglasses\"}','sporty-wraparound-sunglasses','{\"de\":\"Bleiben Sie aktiv mit diesen sportlichen, umlaufenden Sonnenbrillen.\",\"fr\":\"Restez actif avec ces lunettes de soleil sportives enveloppantes.\",\"en\":\"Stay active with these sporty wraparound sunglasses.\"}','{\"de\":\"Werten Sie Ihre Outdoor-Abenteuer mit diesen sportlichen Wraparound-Sonnenbrillen auf. Das Wraparound-Design und die polarisierten Gl\\u00e4ser bieten Augenschutz bei Outdoor-Aktivit\\u00e4ten. Ob f\\u00fcr eine Wanderung oder einen Tag am Strand, diese sportlichen Sonnenbrillen sind eine vielseitige Erg\\u00e4nzung f\\u00fcr Ihre Kollektion.\",\"fr\":\"Am\\u00e9liorez vos aventures en plein air avec ces lunettes de soleil sportives enveloppantes. Le design enveloppant et les verres polaris\\u00e9s offrent une protection oculaire lors des activit\\u00e9s de plein air. Que ce soit pour une randonn\\u00e9e ou une journ\\u00e9e \\u00e0 la plage, ces lunettes de soleil sportives sont un ajout polyvalent \\u00e0 votre collection.\",\"en\":\"Upgrade your outdoor adventures with these Sporty Wraparound Sunglasses. The wraparound design and polarized lenses provide eye protection during outdoor activities. Whether for a hiking trip or a day at the beach, these sporty sunglasses are a versatile addition to your collection.\"}',19.50,'{\"de\":\"Erh\\u00f6hen Sie Ihre Abenteuer\",\"fr\":\"\\u00c9levez vos aventures\",\"en\":\"Elevate Your Adventures\"}','{\"de\":\"Umh\\u00fcllendes Design f\\u00fcr Outdoor-Aktivit\\u00e4ten.\",\"fr\":\"Conception enveloppante pour les activit\\u00e9s de plein air.\",\"en\":\"Wraparound design for outdoor activities.\"}',2,0,48,180,'M-SG002',0,270,'{\"url\": \"https://shoptopus.test/sample-store-data/sample-store-1/product-images/mens-sunglasses-2.jpg\", \"file_name\": \"mens-sunglasses-2.jpg\"}','[]',NULL,NULL,'2024-06-11 07:52:31','2024-06-11 07:52:53'),('9c427471-ab46-484d-95ab-17ede950c3a7','{\"de\":\"Moderne quadratische Sonnenbrille\",\"fr\":\"Lunettes de soleil carr\\u00e9es modernes\",\"en\":\"Modern Square Sunglasses\"}','modern-square-sunglasses','{\"de\":\"Bleiben Sie im Trend mit dieser modernen quadratischen Sonnenbrille.\",\"fr\":\"Restez tendance avec ces lunettes de soleil carr\\u00e9es modernes.\",\"en\":\"Stay trendy with these modern square sunglasses.\"}','{\"de\":\"Mit diesen modernen quadratischen Sonnenbrillen bringen Sie Ihr Modebewusstsein auf ein neues Niveau. Das quadratische Rahmendesign und die stilvollen Details machen sie perfekt f\\u00fcr einen modischen Look. Ob f\\u00fcr einen Abend mit Freunden oder ein Musikfestival, diese Sonnenbrille bietet Stil und Flair.\",\"fr\":\"Am\\u00e9liorez votre jeu de mode avec ces lunettes de soleil carr\\u00e9es modernes. La conception de la monture carr\\u00e9e et les d\\u00e9tails \\u00e9l\\u00e9gants les rendent parfaits pour un look tendance. Que ce soit pour une soir\\u00e9e entre amis ou un festival de musique, ces lunettes de soleil offrent \\u00e0 la fois style et flair.\",\"en\":\"Upgrade your fashion game with these Modern Square Sunglasses. The square frame design and stylish details make them perfect for a fashionable look. Whether for a night out with friends or a music festival, these sunglasses offer both style and flair.\"}',26.99,'{\"de\":\"Trendige Eleganz\",\"fr\":\"\\u00c9l\\u00e9gance tendance\",\"en\":\"Trendy Elegance\"}','{\"de\":\"Quadratischer Rahmen f\\u00fcr einen modischen Look.\",\"fr\":\"Monture carr\\u00e9e pour un look tendance.\",\"en\":\"Square frame for a fashionable look.\"}',1,0,50,170,'M-SG003',0,275,'{\"url\": \"https://shoptopus.test/sample-store-data/sample-store-1/product-images/mens-sunglasses-3.jpg\", \"file_name\": \"mens-sunglasses-3.jpg\"}','[]',NULL,NULL,'2024-06-11 07:52:32','2024-06-11 07:52:53'),('9c427473-53e1-4ecf-b548-b429632e6501','{\"de\":\"Lederarmband\",\"fr\":\"Bracelet manchette en cuir\",\"en\":\"Leather Cuff Bracelet\"}','leather-cuff-bracelet','{\"de\":\"Werten Sie Ihren Stil mit diesem Lederarmband auf.\",\"fr\":\"Am\\u00e9liorez votre style avec ce bracelet manchette en cuir.\",\"en\":\"Upgrade your style with this leather cuff bracelet.\"}','{\"de\":\"Mit diesem Lederarmband verleihen Sie Ihrem Stil einen neuen Touch. Das Ledermaterial und die stilvollen Details machen es perfekt f\\u00fcr einen modischen Look. Ob f\\u00fcr einen Abend mit Freunden oder einen besonderen Anlass, dieses Armband bietet Stil und Flair.\",\"fr\":\"Am\\u00e9liorez votre jeu de mode avec ce bracelet manchette en cuir. Le mat\\u00e9riau en cuir et les d\\u00e9tails \\u00e9l\\u00e9gants le rendent parfait pour un look tendance. Que ce soit pour une soir\\u00e9e entre amis ou une occasion sp\\u00e9ciale, ce bracelet offre \\u00e0 la fois style et flair.\",\"en\":\"Elevate your fashion game with this Leather Cuff Bracelet. The leather material and stylish details make it perfect for a fashionable look. Whether for a night out with friends or a special occasion, this bracelet offers both style and flair.\"}',18.99,'{\"de\":\"Trendige Eleganz\",\"fr\":\"\\u00c9l\\u00e9gance tendance\",\"en\":\"Trendy Elegance\"}','{\"de\":\"Ledermaterial f\\u00fcr einen modischen Look.\",\"fr\":\"Mati\\u00e8re cuir pour un look tendance.\",\"en\":\"Leather material for a fashionable look.\"}',2,0,46,185,'M-BR001',0,280,'{\"url\": \"https://shoptopus.test/sample-store-data/sample-store-1/product-images/mens-jewellery-1.jpg\", \"file_name\": \"mens-jewellery-1.jpg\"}','[]',NULL,NULL,'2024-06-11 07:52:33','2024-06-11 07:52:53'),('9c427475-52fe-461c-977f-e71ddc8c934d','{\"de\":\"Gliederarmband aus Edelstahl\",\"fr\":\"Bracelet \\u00e0 maillons en acier inoxydable\",\"en\":\"Stainless Steel Link Bracelet\"}','stainless-steel-link-bracelet','{\"de\":\"Verleihen Sie Ihrem Look mit diesem Gliederarmband aus Edelstahl einen Hauch von Eleganz.\",\"fr\":\"Ajoutez une touche d&#39;\\u00e9l\\u00e9gance avec ce bracelet \\u00e0 maillons en acier inoxydable.\",\"en\":\"Add a touch of elegance with this stainless steel link bracelet.\"}','{\"de\":\"Werten Sie Ihren Stil mit diesem Gliederarmband aus Edelstahl auf. Das Edelstahlmaterial und das klassische Design machen es perfekt f\\u00fcr einen raffinierten Look. Ob f\\u00fcr eine formelle Veranstaltung oder ein Gesch\\u00e4ftstreffen, dieses Armband ist eine vielseitige Erg\\u00e4nzung Ihrer Sammlung.\",\"fr\":\"Am\\u00e9liorez votre style avec ce bracelet \\u00e0 maillons en acier inoxydable. Le mat\\u00e9riau en acier inoxydable et le design classique le rendent parfait pour un look raffin\\u00e9. Que ce soit pour un \\u00e9v\\u00e9nement formel ou une r\\u00e9union d&#39;affaires, ce bracelet est un ajout polyvalent \\u00e0 votre collection.\",\"en\":\"Upgrade your style with this Stainless Steel Link Bracelet. The stainless steel material and classic design make it perfect for a refined look. Whether for a formal event or a business meeting, this bracelet is a versatile addition to your collection.\"}',22.50,'{\"de\":\"Zeitloser Charme\",\"fr\":\"Charme intemporel\",\"en\":\"Timeless Charm\"}','{\"de\":\"Edelstahl f\\u00fcr einen Hauch von Eleganz.\",\"fr\":\"L&#39;acier inoxydable pour une touche d&#39;\\u00e9l\\u00e9gance.\",\"en\":\"Stainless steel for a touch of elegance.\"}',1,0,45,195,'M-BR002',0,285,'{\"url\": \"https://shoptopus.test/sample-store-data/sample-store-1/product-images/mens-jewellery-2.jpg\", \"file_name\": \"mens-jewellery-2.jpg\"}','[]',NULL,NULL,'2024-06-11 07:52:34','2024-06-11 07:52:53'),('9c427476-fc83-4e6d-9208-28e308d4e179','{\"de\":\"Perlenarmband\",\"fr\":\"Bracelet \\u00e0 breloques perl\\u00e9\",\"en\":\"Beaded Charm Bracelet\"}','beaded-charm-bracelet','{\"de\":\"Bleiben Sie stilvoll mit diesem Perlenarmband.\",\"fr\":\"Restez \\u00e9l\\u00e9gant avec ce bracelet \\u00e0 breloques en perles.\",\"en\":\"Stay stylish with this beaded charm bracelet.\"}','{\"de\":\"Mit diesem Perlenarmband verleihen Sie Ihrem Modestil ein neues Niveau. Das Perlendesign und die trendigen Details machen es perfekt f\\u00fcr einen modischen Look. Ob f\\u00fcr einen l\\u00e4ssigen Tag oder eine Party, dieses Armband bietet Stil und Flair.\",\"fr\":\"Am\\u00e9liorez votre jeu de mode avec ce bracelet \\u00e0 breloques en perles. Le design perl\\u00e9 et les d\\u00e9tails tendance le rendent parfait pour un look tendance. Que ce soit pour une journ\\u00e9e d\\u00e9contract\\u00e9e ou une f\\u00eate, ce bracelet offre \\u00e0 la fois style et style.\",\"en\":\"Elevate your fashion game with this Beaded Charm Bracelet. The beaded design and trendy details make it perfect for a fashionable look. Whether for a casual day out or a party, this bracelet offers both style and flair.\"}',24.99,'{\"de\":\"Stilvolle Eleganz\",\"fr\":\"\\u00c9l\\u00e9gance \\u00e9l\\u00e9gante\",\"en\":\"Stylish Elegance\"}','{\"de\":\"Perlendesign f\\u00fcr einen modischen Look.\",\"fr\":\"Design perl\\u00e9 pour un look tendance.\",\"en\":\"Beaded design for a fashionable look.\"}',2,0,47,190,'M-BR003',0,290,'{\"url\": \"https://shoptopus.test/sample-store-data/sample-store-1/product-images/mens-jewellery-3.jpg\", \"file_name\": \"mens-jewellery-3.jpg\"}','[]',NULL,NULL,'2024-06-11 07:52:36','2024-06-11 07:52:53');
/*!40000 ALTER TABLE `products` ENABLE KEYS */;
UNLOCK TABLES;

--
-- Table structure for table `ratings`
--

DROP TABLE IF EXISTS `ratings`;
/*!40101 SET @saved_cs_client     = @@character_set_client */;
/*!50503 SET character_set_client = utf8mb4 */;
CREATE TABLE `ratings` (
  `id` char(36) COLLATE utf8mb4_unicode_ci NOT NULL,
  `user_id` char(36) COLLATE utf8mb4_unicode_ci DEFAULT NULL,
  `ratable_type` varchar(255) COLLATE utf8mb4_unicode_ci DEFAULT NULL,
  `ratable_id` char(36) COLLATE utf8mb4_unicode_ci DEFAULT NULL,
  `rating` int NOT NULL,
  `language_prefix` varchar(255) COLLATE utf8mb4_unicode_ci DEFAULT NULL,
  `description` varchar(255) COLLATE utf8mb4_unicode_ci DEFAULT NULL,
  `title` varchar(255) COLLATE utf8mb4_unicode_ci DEFAULT NULL,
  `enabled` tinyint(1) NOT NULL DEFAULT '1',
  `verified` tinyint(1) NOT NULL DEFAULT '1',
  `slug` varchar(255) COLLATE utf8mb4_unicode_ci NOT NULL,
  `deleted_at` timestamp NULL DEFAULT NULL,
  `created_at` timestamp NULL DEFAULT NULL,
  `updated_at` timestamp NULL DEFAULT NULL,
  PRIMARY KEY (`id`),
  KEY `ratings_user_id_foreign` (`user_id`),
  CONSTRAINT `ratings_user_id_foreign` FOREIGN KEY (`user_id`) REFERENCES `users` (`id`)
) ENGINE=InnoDB DEFAULT CHARSET=utf8mb4 COLLATE=utf8mb4_unicode_ci;
/*!40101 SET character_set_client = @saved_cs_client */;

--
-- Dumping data for table `ratings`
--

LOCK TABLES `ratings` WRITE;
/*!40000 ALTER TABLE `ratings` DISABLE KEYS */;
INSERT INTO `ratings` VALUES ('9c42748c-c1fe-453f-801a-6499d3bd7c72','9c4273cd-0f44-482c-ae6d-5233a56cbcad','App\\Models\\Product','9c4273f6-c260-4e77-9cae-af165373987a',5,'en','This product exceeded my expectations. It\'s fantastic!','Excellent Product',1,1,'samuel-murphy-5',NULL,'2024-06-11 07:52:51','2024-06-11 07:52:51'),('9c42748c-d1ed-4a14-a6c0-293775822dd9','9c4273cc-69c7-4d94-8ec1-095fd95b9712','App\\Models\\Product','9c427431-3343-4c53-842f-77ed317cb077',4,'de','Das Produkt ist von guter Qualität und erfüllt seinen Zweck.','Gute Qualität',0,1,'laura-harrison-4',NULL,'2024-06-11 07:52:51','2024-06-11 07:52:51'),('9c42748c-d71d-4284-92fc-498c45614f22','9c4273cd-6df9-4eae-ad34-b56f8bf11835','App\\Models\\Product','9c4273fc-b26f-4f8e-b4f4-7fb01c61b469',3,'fr','Ce produit est correct mais pas exceptionnel.','Produit Moyen',1,0,'lucy-martin-3',NULL,'2024-06-11 07:52:51','2024-06-11 07:52:51'),('9c42748c-dc14-40b3-b419-aeaeb7bcaa25','9c4273cc-031e-469f-8e0f-21cb0def84e2','App\\Models\\Product','9c4273f1-08e6-4562-bf93-51a173ea9083',2,'en','Disappointed with the quality of this product. Not worth the price.','Not Impressed',0,1,'mr-imogen-edwards-2',NULL,'2024-06-11 07:52:51','2024-06-11 07:52:51'),('9c42748c-dfdc-4d65-b180-c1a7237d775b','9c4273cc-2c8a-4b80-a920-e8b90155ed2f','App\\Models\\Product','9c42741f-c8c5-4197-b78a-2aec13df1767',5,'de','Ein großartiges Produkt. Ich bin sehr zufrieden damit!','Ausgezeichnetes Produkt',1,1,'mrs-rebecca-price-5',NULL,'2024-06-11 07:52:51','2024-06-11 07:52:51'),('9c42748c-e441-417e-9343-73d770947be4','9c4273cd-0f44-482c-ae6d-5233a56cbcad','App\\Models\\Product','9c427404-73bd-45ee-b5a6-8506590cee10',1,'fr','Je suis très déçu par ce produit. La qualité est médiocre.','Très Mauvais',1,0,'samuel-murphy-1',NULL,'2024-06-11 07:52:51','2024-06-11 07:52:51'),('9c42748c-e745-4487-bc65-ee8a9408bbf5','9c4273cc-2c8a-4b80-a920-e8b90155ed2f','App\\Models\\Product','9c427400-a7c7-4057-b1be-6ed62f4c5c38',4,'en','This product is of excellent quality and delivers as promised.','Highly Recommended',1,1,'mrs-rebecca-price-4',NULL,'2024-06-11 07:52:51','2024-06-11 07:52:51'),('9c42748c-ea64-43a6-b5a5-087898785b39','9c4273cd-9dd5-4ccc-b903-ba99e778c019','App\\Models\\Product','9c42741b-fbd5-4310-856c-6e9d03e2615e',3,'de','Ein solides Produkt, aber nichts Besonderes.','Durchschnittlich',0,0,'tiffany-roberts-3',NULL,'2024-06-11 07:52:51','2024-06-11 07:52:51'),('9c42748c-eda2-446f-a17a-52cedeab5b1f','9c4273cc-69c7-4d94-8ec1-095fd95b9712','App\\Models\\Product','9c42740e-6466-4f3a-9ad0-b62ebd2ac671',2,'fr','Ce produit ne vaut pas son prix. Je suis très déçu.','Mauvais Rapport Qualité-Prix',0,1,'laura-harrison-2',NULL,'2024-06-11 07:52:51','2024-06-11 07:52:51'),('9c42748c-f0e4-40f9-ac5a-47a21ce11c0a','9c4273cd-6df9-4eae-ad34-b56f8bf11835','App\\Models\\Product','9c4273fa-a9f5-46b3-a8b7-77e8f834ce68',5,'en','Amazing product! Couldn\'t be happier with my purchase.','Fantastic!',1,1,'lucy-martin-5',NULL,'2024-06-11 07:52:51','2024-06-11 07:52:51'),('9c42748c-f4b2-42be-8b4a-d1ba50beae4c','9c4273cd-273c-46ff-ad58-87a942505d79','App\\Models\\Product','9c4273fc-b26f-4f8e-b4f4-7fb01c61b469',2,'de','Das Produkt ist von guter Qualität und erfüllt seinen Zweck.','Gute Qualität',0,1,'jodie-johnson-2',NULL,'2024-06-11 07:52:51','2024-06-11 07:52:51'),('9c42748c-f7a8-45e6-88e2-036839486de6','9c4273cd-5665-41d5-a1bf-ebfd8979aee4','App\\Models\\Product','9c427408-ebac-4870-8635-1e21ee25ac0b',3,'fr','Ce produit est correct mais pas exceptionnel.','Produit Moyen',1,0,'gavin-holmes-3',NULL,'2024-06-11 07:52:51','2024-06-11 07:52:51'),('9c42748c-faff-4eca-8434-f64534c38f3a','9c4273cd-fd90-42a8-99d2-54147d0e9353','App\\Models\\Product','9c4273f6-c260-4e77-9cae-af165373987a',5,'en','Disappointed with the quality of this product. Not worth the price.','Not Impressed',0,1,'mr-roland-treiber-5',NULL,'2024-06-11 07:52:51','2024-06-11 07:52:51'),('9c42748c-fd5f-48e5-b09e-670941c11000','9c4273cc-f778-4b5e-9bdc-f90847d1103a','App\\Models\\Product','9c427418-4736-4bac-99cc-ada2a171a3ae',5,'de','Ein großartiges Produkt. Ich bin sehr zufrieden damit!','Ausgezeichnetes Produkt',1,1,'florence-cox-5',NULL,'2024-06-11 07:52:51','2024-06-11 07:52:51'),('9c42748d-0062-4d15-a7ad-057446a3f1af','9c4273cd-273c-46ff-ad58-87a942505d79','App\\Models\\Product','9c42743d-c8b6-4f07-9d39-0ecfb4358f0e',1,'fr','Je suis très déçu par ce produit. La qualité est médiocre.','Très Mauvais',1,0,'jodie-johnson-1',NULL,'2024-06-11 07:52:51','2024-06-11 07:52:51'),('9c42748d-03b6-450c-b680-bf470eff822a','9c4273cd-863c-4957-be1b-84e09c21166e','App\\Models\\Product','9c42741f-c8c5-4197-b78a-2aec13df1767',4,'en','This product is of excellent quality and delivers as promised.','Highly Recommended',1,1,'ashley-shaw-4',NULL,'2024-06-11 07:52:51','2024-06-11 07:52:51'),('9c42748d-06d7-4351-b8b1-d8d908a578c7','9c4273cc-2c8a-4b80-a920-e8b90155ed2f','App\\Models\\Product','9c4273f4-f413-4d70-b893-71a070efcbce',3,'de','Ein solides Produkt, aber nichts Besonderes.','Durchschnittlich',0,0,'mrs-rebecca-price-3',NULL,'2024-06-11 07:52:51','2024-06-11 07:52:51'),('9c42748d-09de-4382-8e8e-c17530c48620','9c4273cc-2c8a-4b80-a920-e8b90155ed2f','App\\Models\\Product','9c427407-0bb8-4bb4-97cd-ba830bdf6728',2,'fr','Ce produit ne vaut pas son prix. Je suis très déçu.','Mauvais Rapport Qualité-Prix',0,1,'mrs-rebecca-price-2',NULL,'2024-06-11 07:52:51','2024-06-11 07:52:51'),('9c42748d-0ceb-4d3a-b1d4-69965b4cd44b','9c4273cd-273c-46ff-ad58-87a942505d79','App\\Models\\Product','9c42740e-6466-4f3a-9ad0-b62ebd2ac671',5,'en','Amazing product! Couldn\'t be happier with my purchase.','Fantastic!',1,1,'jodie-johnson-5',NULL,'2024-06-11 07:52:51','2024-06-11 07:52:51'),('9c42748d-1009-47cc-a579-e02beb88d709','9c4273cd-6df9-4eae-ad34-b56f8bf11835','App\\Models\\Product','9c42741a-1905-48d1-9c24-0021a2a51367',4,'en','Great value for money. Highly recommended!','Excellent Value',1,1,'lucy-martin-4',NULL,'2024-06-11 07:52:51','2024-06-11 07:52:51'),('9c42748d-12fd-4c6a-b22c-a6035bc8f758','9c4273cd-fd90-42a8-99d2-54147d0e9353','App\\Models\\Product','9c427416-3a4e-455e-a179-19c5451fa787',3,'de','Dieses Produkt erfüllt seinen Zweck, aber die Qualität könnte besser sein.','Ordentliches Produkt',1,0,'mr-roland-treiber-3',NULL,'2024-06-11 07:52:51','2024-06-11 07:52:51'),('9c42748d-1652-4cd4-a146-37c9fef53cd6','9c4273cc-2c8a-4b80-a920-e8b90155ed2f','App\\Models\\Product','9c427436-8ecf-42ba-bf14-a29bcdd197a7',2,'fr','Je suis assez déçu par ce produit. Il ne correspond pas à mes attentes.','Décevant',0,1,'mrs-rebecca-price-2-1',NULL,'2024-06-11 07:52:51','2024-06-11 07:52:51'),('9c42748d-192e-4b65-9026-acbdbabb1ea8','9c4273cd-b5a1-407e-8d09-82bacc21a966','App\\Models\\Product','9c427468-ff76-487b-9d41-2c68977b3cf7',5,'en','The best product I\'ve ever purchased. Absolutely thrilled!','Unbelievable Quality',1,1,'rosie-cook-5',NULL,'2024-06-11 07:52:51','2024-06-11 07:52:51'),('9c42748d-1c73-4145-87ec-59b7bfd46013','9c4273cd-273c-46ff-ad58-87a942505d79','App\\Models\\Product','9c42746c-87d8-4702-8f10-a8dfbaa6dcc0',4,'de','Ein solides Produkt mit gutem Preis-Leistungs-Verhältnis.','Gutes Preis-Leistungs-Verhältnis',1,0,'jodie-johnson-4',NULL,'2024-06-11 07:52:51','2024-06-11 07:52:51'),('9c42748d-1f62-4d19-a4ee-bfa2a1c5d4d7','9c4273cc-031e-469f-8e0f-21cb0def84e2','App\\Models\\Product','9c427425-6dfb-4e1b-911c-8a16fc149b20',3,'fr','Ce produit est correct, mais rien de spécial.','Produit Correct',0,1,'mr-imogen-edwards-3',NULL,'2024-06-11 07:52:51','2024-06-11 07:52:51'),('9c42748d-22e0-406f-acd2-7e6936e5588b','9c4273cd-e561-45a5-ab4f-92986f88c791','App\\Models\\Product','9c4273fc-b26f-4f8e-b4f4-7fb01c61b469',2,'en','Not satisfied with this product. It didn\'t meet my expectations.','Disappointing',1,1,'rosie-thomas-2',NULL,'2024-06-11 07:52:51','2024-06-11 07:52:51'),('9c42748d-25ff-42a7-94e2-e2cd0ddaa018','9c4273cd-0f44-482c-ae6d-5233a56cbcad','App\\Models\\Product','9c427441-6d77-4a9b-b668-7906aca48814',1,'de','Schlechte Qualität, nicht zu empfehlen.','Enttäuschend',0,0,'samuel-murphy-1-1',NULL,'2024-06-11 07:52:51','2024-06-11 07:52:51'),('9c42748d-2910-4f99-86be-755c0b37d82f','9c4273cd-6df9-4eae-ad34-b56f8bf11835','App\\Models\\Product','9c4273f6-c260-4e77-9cae-af165373987a',5,'fr','Produit de grande qualité, je suis très satisfait!','Excellent Produit',1,1,'lucy-martin-5-1',NULL,'2024-06-11 07:52:51','2024-06-11 07:52:51'),('9c42748d-2b84-4331-b715-63bc07169129','9c4273cd-5665-41d5-a1bf-ebfd8979aee4','App\\Models\\Product','9c427416-3a4e-455e-a179-19c5451fa787',4,'en','This product exceeded my expectations. It\'s fantastic!','Excellent Product',1,1,'gavin-holmes-4',NULL,'2024-06-11 07:52:51','2024-06-11 07:52:51'),('9c42748d-2ec7-48e1-9e20-dc0b03310a31','9c4273cc-51cd-4120-b6fd-5e0c9ea51601','App\\Models\\Product','9c4273f4-f413-4d70-b893-71a070efcbce',3,'de','Das Produkt ist von guter Qualität und erfüllt seinen Zweck.','Gute Qualität',0,0,'miss-emma-morgan-3',NULL,'2024-06-11 07:52:51','2024-06-11 07:52:51'),('9c42748d-316b-43ce-9ad4-023336aed347','9c4273cc-2c8a-4b80-a920-e8b90155ed2f','App\\Models\\Product','9c427468-ff76-487b-9d41-2c68977b3cf7',5,'fr','Ce produit est génial! Je le recommande à tout le monde.','Produit Exceptionnel',1,1,'mrs-rebecca-price-5-1',NULL,'2024-06-11 07:52:51','2024-06-11 07:52:51'),('9c42748d-33f8-4798-9f7c-3bb33740a2e3','9c4273cc-69c7-4d94-8ec1-095fd95b9712','App\\Models\\Product','9c427436-8ecf-42ba-bf14-a29bcdd197a7',2,'en','Disappointed with the quality of this product. Not worth the price.','Not Impressed',1,1,'laura-harrison-2-1',NULL,'2024-06-11 07:52:51','2024-06-11 07:52:51'),('9c42748d-36a0-4778-9172-67e1a4878d7a','9c4273cc-8176-4f3b-84b3-117201f8b0a7','App\\Models\\Product','9c427404-73bd-45ee-b5a6-8506590cee10',4,'de','Ein großartiges Produkt. Ich bin sehr zufrieden damit!','Ausgezeichnetes Produkt',0,1,'mr-darren-hall-4',NULL,'2024-06-11 07:52:51','2024-06-11 07:52:51'),('9c42748d-3994-4c0d-ac25-d3b899942e07','9c4273cc-c85e-444d-b2ec-3fb805b3a1fc','App\\Models\\Product','9c42740e-6466-4f3a-9ad0-b62ebd2ac671',1,'fr','Je suis très déçu par ce produit. La qualité est médiocre.','Très Mauvais',1,0,'eleanor-holmes-1',NULL,'2024-06-11 07:52:51','2024-06-11 07:52:51'),('9c42748d-3cb5-4e26-9825-3bd137911f9c','9c4273cd-5665-41d5-a1bf-ebfd8979aee4','App\\Models\\Product','9c42740e-6466-4f3a-9ad0-b62ebd2ac671',5,'en','This product is of excellent quality and delivers as promised.','Highly Recommended',0,1,'gavin-holmes-5',NULL,'2024-06-11 07:52:51','2024-06-11 07:52:51'),('9c42748d-3fff-414f-ad8d-748bd0ccad58','9c4273cd-6df9-4eae-ad34-b56f8bf11835','App\\Models\\Product','9c4273fe-8d04-4eef-97a6-1cb9af635256',3,'de','Ein solides Produkt, aber nichts Besonderes.','Durchschnittlich',1,1,'lucy-martin-3-1',NULL,'2024-06-11 07:52:51','2024-06-11 07:52:51'),('9c42748d-44bb-4a8d-9387-e197e1cd2cbd','9c4273cd-6df9-4eae-ad34-b56f8bf11835','App\\Models\\Product','9c4273f3-114b-4608-94de-9ed2d0265919',2,'fr','Ce produit ne vaut pas son prix. Je suis très déçu.','Mauvais Rapport Qualité-Prix',0,0,'lucy-martin-2',NULL,'2024-06-11 07:52:51','2024-06-11 07:52:51'),('9c42748d-4859-4392-947d-dada40b81809','9c4273cc-2c8a-4b80-a920-e8b90155ed2f','App\\Models\\Product','9c4273f6-c260-4e77-9cae-af165373987a',5,'en','Amazing product! Couldn\'t be happier with my purchase.','Fantastic!',1,1,'mrs-rebecca-price-5-2',NULL,'2024-06-11 07:52:51','2024-06-11 07:52:51'),('9c42748d-4b16-4f04-ba4f-b5a9b9671d49','9c4273cc-f778-4b5e-9bdc-f90847d1103a','App\\Models\\Product','9c4273f1-08e6-4562-bf93-51a173ea9083',4,'de','Ein hervorragendes Produkt. Sehr empfehlenswert!','Tolles Produkt',1,0,'florence-cox-4',NULL,'2024-06-11 07:52:51','2024-06-11 07:52:51'),('9c42748d-4e5c-4ab9-9680-bdd58f86f2a4','9c4273cd-863c-4957-be1b-84e09c21166e','App\\Models\\Product','9c427416-3a4e-455e-a179-19c5451fa787',3,'fr','Ce produit est correct mais pas exceptionnel.','Produit Moyen',0,1,'ashley-shaw-3',NULL,'2024-06-11 07:52:51','2024-06-11 07:52:51'),('9c42748d-515f-4af1-97db-bf17dbcfe029','9c4273cd-fd90-42a8-99d2-54147d0e9353','App\\Models\\Product','9c42741a-1905-48d1-9c24-0021a2a51367',5,'en','This product is simply amazing. I love it!','Love it!',1,1,'mr-roland-treiber-5-1',NULL,'2024-06-11 07:52:51','2024-06-11 07:52:51'),('9c42748d-54e5-40bd-a523-92da79ac552f','9c4273cd-0f44-482c-ae6d-5233a56cbcad','App\\Models\\Product','9c42742b-4b68-4f6a-af3d-c719dbd717de',2,'de','Das Produkt erfüllt nicht die Erwartungen. Enttäuschend.','Enttäuschend',0,1,'samuel-murphy-2',NULL,'2024-06-11 07:52:51','2024-06-11 07:52:51'),('9c42748d-5855-467c-9b16-8435dc88f07b','9c4273cd-b5a1-407e-8d09-82bacc21a966','App\\Models\\Product','9c427465-39d5-4c6e-a3a2-867819f62e05',4,'fr','Ce produit est de bonne qualité. Je le recommande.','Bon Produit',1,0,'rosie-cook-4',NULL,'2024-06-11 07:52:51','2024-06-11 07:52:51'),('9c42748d-5b9b-4ec4-953b-f55b713b0376','9c4273cc-e01a-452f-96b4-410e2743b7f7','App\\Models\\Product','9c4273f6-c260-4e77-9cae-af165373987a',3,'en','Decent product, but nothing exceptional.','Average',1,1,'ian-cox-3',NULL,'2024-06-11 07:52:51','2024-06-11 07:52:51'),('9c42748d-5e95-4214-a6c4-6b23b7b9054d','9c4273cc-2c8a-4b80-a920-e8b90155ed2f','App\\Models\\Product','9c42740e-6466-4f3a-9ad0-b62ebd2ac671',1,'de','Schlechte Qualität und nicht empfehlenswert.','Schlecht',0,0,'mrs-rebecca-price-1',NULL,'2024-06-11 07:52:51','2024-06-11 07:52:51'),('9c42748d-61bf-42be-85e9-f0f9472afa67','9c4273cc-51cd-4120-b6fd-5e0c9ea51601','App\\Models\\Product','9c4273fe-8d04-4eef-97a6-1cb9af635256',5,'fr','Produit de haute qualité, je le recommande vivement!','Excellent Produit',1,1,'miss-emma-morgan-5',NULL,'2024-06-11 07:52:51','2024-06-11 07:52:51'),('9c42748d-64a5-4812-8911-70eab15a752e','9c4273cd-fd90-42a8-99d2-54147d0e9353','App\\Models\\Product','9c4273f4-f413-4d70-b893-71a070efcbce',2,'en','Not satisfied with the product quality. Would not recommend.','Not Recommended',0,1,'mr-roland-treiber-2',NULL,'2024-06-11 07:52:51','2024-06-11 07:52:51'),('9c42748d-67b7-4eea-b3fc-b8078181edd8','9c4273cc-f778-4b5e-9bdc-f90847d1103a','App\\Models\\Product','9c4273fc-b26f-4f8e-b4f4-7fb01c61b469',4,'de','Das Produkt erfüllt die Erwartungen. Gute Qualität.','Gute Wahl',1,0,'florence-cox-4-1',NULL,'2024-06-11 07:52:51','2024-06-11 07:52:51'),('9c42748d-6ac7-4c71-a88a-348fad4e7a4d','9c4273cd-6df9-4eae-ad34-b56f8bf11835','App\\Models\\Product','9c4273f3-114b-4608-94de-9ed2d0265919',3,'fr','Produit correct, mais il y a mieux sur le marché.','Rien de Spécial',0,1,'lucy-martin-3-2',NULL,'2024-06-11 07:52:51','2024-06-11 07:52:51'),('9c42748d-6de4-497c-8d6e-20bbd079d32f','9c4273cc-b0bf-45f5-8d37-6a087c046ac0','App\\Models\\Product','9c4273f4-f413-4d70-b893-71a070efcbce',5,'en','This product exceeded my expectations. It\'s fantastic!','Excellent Product',1,1,'jackson-khan-5',NULL,'2024-06-11 07:52:52','2024-06-11 07:52:52'),('9c42748d-713e-48cd-bead-cc92c54fd272','9c4273cc-69c7-4d94-8ec1-095fd95b9712','App\\Models\\Product','9c427407-0bb8-4bb4-97cd-ba830bdf6728',4,'de','Das Produkt ist von guter Qualität und erfüllt seinen Zweck.','Gute Qualität',0,1,'laura-harrison-4-1',NULL,'2024-06-11 07:52:52','2024-06-11 07:52:52'),('9c42748d-74e1-4051-a5fa-c945cc0bbccf','9c4273cd-3f08-426c-af71-a317e6c7ce0d','App\\Models\\Product','9c427412-529e-4ee8-8d55-0be0575239e9',3,'fr','Ce produit est correct mais pas exceptionnel.','Produit Moyen',1,0,'jordan-adams-3',NULL,'2024-06-11 07:52:52','2024-06-11 07:52:52'),('9c42748d-7937-479b-aae2-65ef1162ca7f','9c4273cc-e01a-452f-96b4-410e2743b7f7','App\\Models\\Product','9c4273f6-c260-4e77-9cae-af165373987a',2,'en','Disappointed with the quality of this product. Not worth the price.','Not Impressed',0,1,'ian-cox-2',NULL,'2024-06-11 07:52:52','2024-06-11 07:52:52'),('9c42748d-7d80-46de-9d92-a003f6ed07f4','9c4273cc-2c8a-4b80-a920-e8b90155ed2f','App\\Models\\Product','9c427416-3a4e-455e-a179-19c5451fa787',5,'de','Ein großartiges Produkt. Ich bin sehr zufrieden damit!','Ausgezeichnetes Produkt',1,1,'mrs-rebecca-price-5-3',NULL,'2024-06-11 07:52:52','2024-06-11 07:52:52'),('9c42748d-814c-4661-8d88-dde34e26171f','9c4273cd-6df9-4eae-ad34-b56f8bf11835','App\\Models\\Product','9c427408-ebac-4870-8635-1e21ee25ac0b',1,'fr','Je suis très déçu par ce produit. La qualité est médiocre.','Très Mauvais',1,0,'lucy-martin-1',NULL,'2024-06-11 07:52:52','2024-06-11 07:52:52'),('9c42748d-849e-47a7-a168-6020b3980c6a','9c4273cd-5665-41d5-a1bf-ebfd8979aee4','App\\Models\\Product','9c4273f8-a75f-43db-a321-c633be068840',4,'en','This product is of excellent quality and delivers as promised.','Highly Recommended',1,1,'gavin-holmes-4-1',NULL,'2024-06-11 07:52:52','2024-06-11 07:52:52'),('9c42748d-89f6-459f-8449-62e9d32064f6','9c4273cd-cdef-4842-958c-51898c7081c6','App\\Models\\Product','9c4273fe-8d04-4eef-97a6-1cb9af635256',3,'de','Ein solides Produkt, aber nichts Besonderes.','Durchschnittlich',0,0,'charles-shaw-3',NULL,'2024-06-11 07:52:52','2024-06-11 07:52:52'),('9c42748d-8ded-4091-86cf-62c6a4443669','9c4273cd-5665-41d5-a1bf-ebfd8979aee4','App\\Models\\Product','9c42740e-6466-4f3a-9ad0-b62ebd2ac671',2,'fr','Ce produit ne vaut pas son prix. Je suis très déçu.','Mauvais Rapport Qualité-Prix',0,1,'gavin-holmes-2',NULL,'2024-06-11 07:52:52','2024-06-11 07:52:52'),('9c42748d-9156-4ff7-b9b0-7dbb05b44ec4','9c4273cc-2c8a-4b80-a920-e8b90155ed2f','App\\Models\\Product','9c4273fc-b26f-4f8e-b4f4-7fb01c61b469',5,'en','Amazing product! Couldn\'t be happier with my purchase.','Fantastic!',1,1,'mrs-rebecca-price-5-4',NULL,'2024-06-11 07:52:52','2024-06-11 07:52:52'),('9c42748d-94b5-4b3b-85c0-6d88d7d863e3','9c4273cd-9dd5-4ccc-b903-ba99e778c019','App\\Models\\Product','9c427407-0bb8-4bb4-97cd-ba830bdf6728',4,'de','Sehr gutes Produkt. Ich kann es nur empfehlen.','Sehr Zufrieden',1,1,'tiffany-roberts-4',NULL,'2024-06-11 07:52:52','2024-06-11 07:52:52'),('9c42748d-9890-4373-90db-7cac6f7749de','9c4273cc-2c8a-4b80-a920-e8b90155ed2f','App\\Models\\Product','9c4273f4-f413-4d70-b893-71a070efcbce',3,'fr','Ce produit est correct mais pourrait être amélioré.','Produit Correct',0,1,'mrs-rebecca-price-3-1',NULL,'2024-06-11 07:52:52','2024-06-11 07:52:52'),('9c42748d-9bef-4401-a5d5-b614a10ce40f','9c4273cd-b5a1-407e-8d09-82bacc21a966','App\\Models\\Product','9c42740c-a29e-4467-bc11-b66993b6a9a3',2,'en','Not happy with the quality. It broke after a few uses.','Poor Quality',1,0,'rosie-cook-2',NULL,'2024-06-11 07:52:52','2024-06-11 07:52:52'),('9c42748d-9fc9-40d6-9598-5ef9dce2e5f2','9c4273cc-51cd-4120-b6fd-5e0c9ea51601','App\\Models\\Product','9c4273f6-c260-4e77-9cae-af165373987a',5,'de','Perfektes Produkt! Ich bin absolut zufrieden.','Perfekt!',1,1,'miss-emma-morgan-5-1',NULL,'2024-06-11 07:52:52','2024-06-11 07:52:52'),('9c42748d-a32d-4b3f-8a03-c79409ad6356','9c4273cd-6df9-4eae-ad34-b56f8bf11835','App\\Models\\Product','9c4273f1-08e6-4562-bf93-51a173ea9083',1,'fr','Très déçu par ce produit. Ne vaut pas son prix.','Très Mauvais',0,1,'lucy-martin-1-1',NULL,'2024-06-11 07:52:52','2024-06-11 07:52:52'),('9c42748d-a69e-4beb-b7be-fb4e38dd083f','9c4273cc-2c8a-4b80-a920-e8b90155ed2f','App\\Models\\Product','9c427465-39d5-4c6e-a3a2-867819f62e05',4,'en','Great product! Exactly what I was looking for.','Awesome Product',1,1,'mrs-rebecca-price-4-1',NULL,'2024-06-11 07:52:52','2024-06-11 07:52:52'),('9c42748d-a97e-44c9-9952-cfc337f5df33','9c4273cd-6df9-4eae-ad34-b56f8bf11835','App\\Models\\Product','9c4273fe-8d04-4eef-97a6-1cb9af635256',3,'de','Gutes Produkt, aber nicht ganz perfekt.','Solides Produkt',0,0,'lucy-martin-3-3',NULL,'2024-06-11 07:52:52','2024-06-11 07:52:52'),('9c42748d-ac76-49d6-a9a6-f38de1d19370','9c4273cd-fd90-42a8-99d2-54147d0e9353','App\\Models\\Product','9c42740e-6466-4f3a-9ad0-b62ebd2ac671',2,'fr','Ce produit est de qualité médiocre. Je ne le recommande pas.','Mauvaise Qualité',0,1,'mr-roland-treiber-2-1',NULL,'2024-06-11 07:52:52','2024-06-11 07:52:52'),('9c42748d-af70-4736-b7ec-7b119129f816','9c4273cc-51cd-4120-b6fd-5e0c9ea51601','App\\Models\\Product','9c427446-c271-48cf-b751-8b51492dd566',5,'en','Absolutely love this product! Will buy again.','Love It!',1,1,'miss-emma-morgan-5-2',NULL,'2024-06-11 07:52:52','2024-06-11 07:52:52'),('9c42748d-b3dd-422f-be9b-a5793f5425c5','9c4273cc-e01a-452f-96b4-410e2743b7f7','App\\Models\\Product','9c427407-0bb8-4bb4-97cd-ba830bdf6728',4,'en','This product exceeded my expectations. It\'s fantastic!','Excellent Product',1,1,'ian-cox-4',NULL,'2024-06-11 07:52:52','2024-06-11 07:52:52'),('9c42748d-b84f-414c-98cb-f4645cf58ab8','9c4273cd-fd90-42a8-99d2-54147d0e9353','App\\Models\\Product','9c427436-8ecf-42ba-bf14-a29bcdd197a7',3,'de','Das Produkt ist von guter Qualität und erfüllt seinen Zweck.','Gute Qualität',0,0,'mr-roland-treiber-3-1',NULL,'2024-06-11 07:52:52','2024-06-11 07:52:52'),('9c42748d-bcdd-4b6d-b251-74da230f0e5d','9c4273cc-2c8a-4b80-a920-e8b90155ed2f','App\\Models\\Product','9c42741a-1905-48d1-9c24-0021a2a51367',5,'fr','Ce produit est excellent. Je le recommande fortement!','Excellent Produit',1,1,'mrs-rebecca-price-5-5',NULL,'2024-06-11 07:52:52','2024-06-11 07:52:52'),('9c42748d-c0cf-48ac-9228-11110b86cbf3','9c4273cd-b5a1-407e-8d09-82bacc21a966','App\\Models\\Product','9c4273f6-c260-4e77-9cae-af165373987a',2,'en','Disappointed with the quality of this product. Not worth the price.','Not Impressed',1,0,'rosie-cook-2-1',NULL,'2024-06-11 07:52:52','2024-06-11 07:52:52'),('9c42748d-c48d-4486-b731-2727d72bf381','9c4273cc-2c8a-4b80-a920-e8b90155ed2f','App\\Models\\Product','9c427436-8ecf-42ba-bf14-a29bcdd197a7',5,'de','Ein großartiges Produkt. Ich bin sehr zufrieden damit!','Ausgezeichnetes Produkt',0,1,'mrs-rebecca-price-5-6',NULL,'2024-06-11 07:52:52','2024-06-11 07:52:52'),('9c42748d-c7a6-413c-bb2b-8844104e9f9c','9c4273cc-51cd-4120-b6fd-5e0c9ea51601','App\\Models\\Product','9c4273fe-8d04-4eef-97a6-1cb9af635256',1,'fr','Ce produit ne vaut pas son prix. Je suis très déçu.','Mauvaise Qualité',1,0,'miss-emma-morgan-1',NULL,'2024-06-11 07:52:52','2024-06-11 07:52:52'),('9c42748d-cb06-47be-85c3-0565dad75f6c','9c4273cd-b5a1-407e-8d09-82bacc21a966','App\\Models\\Product','9c4273f4-f413-4d70-b893-71a070efcbce',4,'en','This product is of excellent quality and delivers as promised.','Highly Recommended',0,1,'rosie-cook-4-1',NULL,'2024-06-11 07:52:52','2024-06-11 07:52:52'),('9c42748d-ce60-42d4-9920-c3e4f88ee8ff','9c4273cd-6df9-4eae-ad34-b56f8bf11835','App\\Models\\Product','9c4273f6-c260-4e77-9cae-af165373987a',3,'de','Ein solides Produkt, aber nichts Besonderes.','Durchschnittlich',1,0,'lucy-martin-3-4',NULL,'2024-06-11 07:52:52','2024-06-11 07:52:52'),('9c42748d-d167-4409-9606-62e9f8db9f9a','9c4273cd-0f44-482c-ae6d-5233a56cbcad','App\\Models\\Product','9c427436-8ecf-42ba-bf14-a29bcdd197a7',2,'fr','Ce produit est médiocre. Je ne le recommande pas.','Médiocre',1,1,'samuel-murphy-2-1',NULL,'2024-06-11 07:52:52','2024-06-11 07:52:52'),('9c42748d-d4d0-4cfe-b9db-514f5bed9438','9c4273cc-2c8a-4b80-a920-e8b90155ed2f','App\\Models\\Product','9c4273f6-c260-4e77-9cae-af165373987a',5,'en','Amazing product! Couldn\'t be happier with my purchase.','Fantastic!',0,1,'mrs-rebecca-price-5-7',NULL,'2024-06-11 07:52:52','2024-06-11 07:52:52'),('9c42748d-d825-43ba-bb2b-cd9fdb1cb479','9c4273cc-51cd-4120-b6fd-5e0c9ea51601','App\\Models\\Product','9c427416-3a4e-455e-a179-19c5451fa787',4,'de','Sehr gutes Produkt. Erfüllt alle meine Erwartungen.','Sehr Gut!',1,0,'miss-emma-morgan-4',NULL,'2024-06-11 07:52:52','2024-06-11 07:52:52'),('9c42748d-db0a-4a09-aedb-23fef5f3f82c','9c4273cc-51cd-4120-b6fd-5e0c9ea51601','App\\Models\\Product','9c427408-ebac-4870-8635-1e21ee25ac0b',3,'fr','Ce produit est acceptable, mais rien de spécial.','Moyen',0,1,'miss-emma-morgan-3-1',NULL,'2024-06-11 07:52:52','2024-06-11 07:52:52'),('9c42748d-dea2-4fe2-9be3-22cd867b02ee','9c4273cc-2c8a-4b80-a920-e8b90155ed2f','App\\Models\\Product','9c4273f6-c260-4e77-9cae-af165373987a',5,'en','The best product I\'ve ever used. Highly recommended!','Must Have!',1,1,'mrs-rebecca-price-5-8',NULL,'2024-06-11 07:52:52','2024-06-11 07:52:52'),('9c42748d-e1f2-4d28-aecc-776b4cbf84db','9c4273cc-69c7-4d94-8ec1-095fd95b9712','App\\Models\\Product','9c4273f4-f413-4d70-b893-71a070efcbce',2,'de','Nicht so gut wie erwartet. Ich bin etwas enttäuscht.','Enttäuschend',1,0,'laura-harrison-2-2',NULL,'2024-06-11 07:52:52','2024-06-11 07:52:52'),('9c42748d-e4d4-4175-b456-0fd468927491','9c4273cd-6df9-4eae-ad34-b56f8bf11835','App\\Models\\Product','9c427423-8dc7-4a04-8a33-d838f1989a0d',4,'fr','Ce produit est de bonne qualité. Je le recommande.','Bon Produit',0,1,'lucy-martin-4-1',NULL,'2024-06-11 07:52:52','2024-06-11 07:52:52'),('9c42748d-e855-49e5-bf02-65ad3acdd033','9c4273cd-0f44-482c-ae6d-5233a56cbcad','App\\Models\\Product','9c4273f6-c260-4e77-9cae-af165373987a',3,'en','Decent product, does the job but nothing extraordinary.','Average',1,0,'samuel-murphy-3',NULL,'2024-06-11 07:52:52','2024-06-11 07:52:52'),('9c42748d-eb7c-4793-a53b-fc1e40b92071','9c4273cd-fd90-42a8-99d2-54147d0e9353','App\\Models\\Product','9c42744c-b4d2-4b9f-a7fc-b0e19bbd9207',1,'de','Schlechte Qualität. Ich bereue den Kauf.','Nicht Empfehlenswert',0,1,'mr-roland-treiber-1',NULL,'2024-06-11 07:52:52','2024-06-11 07:52:52'),('9c42748d-eefb-4d82-a1b7-1953da9c5d06','9c4273cd-b5a1-407e-8d09-82bacc21a966','App\\Models\\Product','9c42741a-1905-48d1-9c24-0021a2a51367',5,'fr','Produit de haute qualité. Je le recommande vivement!','Excellent Produit',1,1,'rosie-cook-5-1',NULL,'2024-06-11 07:52:52','2024-06-11 07:52:52'),('9c42748d-f23b-4d66-8eef-76e5e7b7bfe3','9c4273cd-0f44-482c-ae6d-5233a56cbcad','App\\Models\\Product','9c427412-529e-4ee8-8d55-0be0575239e9',2,'en','Not happy with this product. It\'s poorly made.','Disappointing',0,0,'samuel-murphy-2-2',NULL,'2024-06-11 07:52:52','2024-06-11 07:52:52'),('9c42748d-f5c5-4e03-bcd9-31510d0d40d6','9c4273cd-5665-41d5-a1bf-ebfd8979aee4','App\\Models\\Product','9c42741a-1905-48d1-9c24-0021a2a51367',3,'fr','Ce produit est correct mais pourrait être amélioré.','Produit Correct',1,1,'gavin-holmes-3-1',NULL,'2024-06-11 07:52:52','2024-06-11 07:52:52');
/*!40000 ALTER TABLE `ratings` ENABLE KEYS */;
UNLOCK TABLES;

--
-- Table structure for table `role_has_permissions`
--

DROP TABLE IF EXISTS `role_has_permissions`;
/*!40101 SET @saved_cs_client     = @@character_set_client */;
/*!50503 SET character_set_client = utf8mb4 */;
CREATE TABLE `role_has_permissions` (
  `permission_id` bigint unsigned NOT NULL,
  `role_id` bigint unsigned NOT NULL,
  PRIMARY KEY (`permission_id`,`role_id`),
  KEY `role_has_permissions_role_id_foreign` (`role_id`),
  CONSTRAINT `role_has_permissions_permission_id_foreign` FOREIGN KEY (`permission_id`) REFERENCES `permissions` (`id`) ON DELETE CASCADE,
  CONSTRAINT `role_has_permissions_role_id_foreign` FOREIGN KEY (`role_id`) REFERENCES `roles` (`id`) ON DELETE CASCADE
) ENGINE=InnoDB DEFAULT CHARSET=utf8mb4 COLLATE=utf8mb4_unicode_ci;
/*!40101 SET character_set_client = @saved_cs_client */;

--
-- Dumping data for table `role_has_permissions`
--

LOCK TABLES `role_has_permissions` WRITE;
/*!40000 ALTER TABLE `role_has_permissions` DISABLE KEYS */;
INSERT INTO `role_has_permissions` VALUES (1,1),(2,1),(3,1),(4,1),(5,1),(6,1),(7,1),(8,1),(9,1),(10,1),(11,1),(12,1),(13,1),(14,1),(15,1),(16,1),(17,1),(18,1),(19,1),(20,1),(21,1),(22,1),(23,1),(24,1),(25,1),(26,1),(27,1),(28,1),(29,1),(30,1),(31,1),(32,1),(33,1),(34,1),(35,1),(36,1),(37,1),(38,1),(39,1),(40,1),(41,1),(42,1),(43,1),(44,1),(45,1),(46,1),(47,1),(48,1),(49,1),(50,1),(51,1),(52,1),(53,1),(54,1),(55,1),(56,1),(57,1),(58,1),(59,1),(60,1),(61,1),(62,1),(63,1),(64,1),(65,1),(66,1),(67,1),(68,1),(69,1),(70,1),(71,1),(72,1),(73,1),(74,1),(75,1),(76,1),(77,1),(78,1),(79,1),(80,1),(81,1),(82,1),(83,1),(84,1),(85,1),(86,1),(87,1),(88,1),(89,1),(90,1),(91,1),(92,1),(93,1),(94,1),(95,1),(96,1),(97,1),(98,1),(99,1),(100,1),(101,1),(102,1),(103,1),(104,1),(6,2),(7,2),(8,2),(9,2),(10,2),(11,2),(12,2),(13,2),(14,2),(15,2),(16,2),(17,2),(18,2),(19,2),(20,2),(21,2),(22,2),(23,2),(24,2),(25,2),(26,2),(27,2),(28,2),(29,2),(30,2),(31,2),(32,2),(33,2),(34,2),(35,2),(36,2),(37,2),(38,2),(39,2),(40,2),(41,2),(42,2),(43,2),(44,2),(45,2),(46,2),(47,2),(48,2),(49,2),(50,2),(51,2),(52,2),(53,2),(54,2),(55,2),(56,2),(57,2),(58,2),(59,2),(60,2),(61,2),(62,2),(63,2),(64,2),(65,2),(66,2),(67,2),(68,2),(69,2),(70,2),(71,2),(72,2),(73,2),(74,2),(75,2),(76,2),(77,2),(78,2),(79,2),(80,2),(81,2),(82,2),(83,2),(84,2),(85,2),(86,2),(87,2),(88,2),(89,2),(90,2),(91,2),(92,2),(93,2),(94,2),(95,2),(96,2),(97,2),(98,2),(99,2),(100,2),(101,2),(102,2),(103,2),(104,2),(6,3),(7,3),(8,3),(9,3),(10,3),(11,3),(12,3),(13,3),(14,3),(15,3),(36,3),(37,3),(38,3),(39,3),(40,3),(41,3),(42,3),(43,3),(44,3),(45,3),(46,3),(47,3),(48,3),(49,3),(50,3),(61,3),(62,3),(63,3),(64,3),(65,3),(66,3),(67,3),(68,3),(69,3),(70,3),(71,3),(72,3),(73,3),(74,3),(75,3),(76,3),(77,3),(78,3),(79,3),(80,3),(81,3),(82,3),(83,3),(84,3),(85,3),(86,3),(87,3),(88,3),(89,3),(90,3),(91,3),(92,3),(93,3),(94,3),(95,3),(96,3),(97,3),(98,3),(99,3),(100,3),(101,3),(102,3),(103,3),(104,3),(6,4),(7,4),(8,4),(9,4),(10,4),(11,4),(12,4),(13,4),(14,4),(15,4),(36,4),(37,4),(38,4),(39,4),(40,4),(46,4),(47,4),(48,4),(49,4),(50,4),(61,4),(62,4),(63,4),(64,4),(65,4),(71,4),(72,4),(73,4),(74,4),(75,4),(76,4),(77,4),(78,4),(79,4),(80,4),(81,4),(82,4),(83,4),(84,4),(85,4),(96,4),(97,4),(98,4),(99,4),(100,4),(101,4),(102,4);
/*!40000 ALTER TABLE `role_has_permissions` ENABLE KEYS */;
UNLOCK TABLES;

--
-- Table structure for table `roles`
--

DROP TABLE IF EXISTS `roles`;
/*!40101 SET @saved_cs_client     = @@character_set_client */;
/*!50503 SET character_set_client = utf8mb4 */;
CREATE TABLE `roles` (
  `id` bigint unsigned NOT NULL AUTO_INCREMENT,
  `name` varchar(255) COLLATE utf8mb4_unicode_ci NOT NULL,
  `guard_name` varchar(255) COLLATE utf8mb4_unicode_ci NOT NULL,
  `created_at` timestamp NULL DEFAULT NULL,
  `updated_at` timestamp NULL DEFAULT NULL,
  PRIMARY KEY (`id`),
  UNIQUE KEY `roles_name_guard_name_unique` (`name`,`guard_name`)
) ENGINE=InnoDB AUTO_INCREMENT=6 DEFAULT CHARSET=utf8mb4 COLLATE=utf8mb4_unicode_ci;
/*!40101 SET character_set_client = @saved_cs_client */;

--
-- Dumping data for table `roles`
--

LOCK TABLES `roles` WRITE;
/*!40000 ALTER TABLE `roles` DISABLE KEYS */;
INSERT INTO `roles` VALUES (1,'super_admin','api','2024-06-11 07:50:44','2024-06-11 07:50:44'),(2,'admin','api','2024-06-11 07:50:44','2024-06-11 07:50:44'),(3,'store_manager','api','2024-06-11 07:50:44','2024-06-11 07:50:44'),(4,'store_assistant','api','2024-06-11 07:50:44','2024-06-11 07:50:44'),(5,'customer','api','2024-06-11 07:50:44','2024-06-11 07:50:44');
/*!40000 ALTER TABLE `roles` ENABLE KEYS */;
UNLOCK TABLES;

--
-- Table structure for table `social_accounts`
--

DROP TABLE IF EXISTS `social_accounts`;
/*!40101 SET @saved_cs_client     = @@character_set_client */;
/*!50503 SET character_set_client = utf8mb4 */;
CREATE TABLE `social_accounts` (
  `id` bigint unsigned NOT NULL AUTO_INCREMENT,
  `user_id` char(36) COLLATE utf8mb4_unicode_ci NOT NULL,
  `provider_name` varchar(255) COLLATE utf8mb4_unicode_ci NOT NULL,
  `provider_id` varchar(255) COLLATE utf8mb4_unicode_ci NOT NULL,
  `created_at` timestamp NULL DEFAULT NULL,
  `updated_at` timestamp NULL DEFAULT NULL,
  PRIMARY KEY (`id`),
  KEY `social_accounts_user_id_foreign` (`user_id`),
  CONSTRAINT `social_accounts_user_id_foreign` FOREIGN KEY (`user_id`) REFERENCES `users` (`id`) ON DELETE CASCADE
) ENGINE=InnoDB DEFAULT CHARSET=utf8mb4 COLLATE=utf8mb4_unicode_ci;
/*!40101 SET character_set_client = @saved_cs_client */;

--
-- Dumping data for table `social_accounts`
--

LOCK TABLES `social_accounts` WRITE;
/*!40000 ALTER TABLE `social_accounts` DISABLE KEYS */;
/*!40000 ALTER TABLE `social_accounts` ENABLE KEYS */;
UNLOCK TABLES;

--
-- Table structure for table `system_settings`
--

DROP TABLE IF EXISTS `system_settings`;
/*!40101 SET @saved_cs_client     = @@character_set_client */;
/*!50503 SET character_set_client = utf8mb4 */;
CREATE TABLE `system_settings` (
  `id` char(36) COLLATE utf8mb4_unicode_ci NOT NULL,
  `key` varchar(60) COLLATE utf8mb4_unicode_ci NOT NULL,
  `value` longtext COLLATE utf8mb4_unicode_ci NOT NULL,
  `type` tinyint NOT NULL DEFAULT '0',
  `deleted_at` timestamp NULL DEFAULT NULL,
  `created_at` timestamp NULL DEFAULT NULL,
  `updated_at` timestamp NULL DEFAULT NULL,
  PRIMARY KEY (`id`)
) ENGINE=InnoDB DEFAULT CHARSET=utf8mb4 COLLATE=utf8mb4_unicode_ci;
/*!40101 SET character_set_client = @saved_cs_client */;

--
-- Dumping data for table `system_settings`
--

LOCK TABLES `system_settings` WRITE;
/*!40000 ALTER TABLE `system_settings` DISABLE KEYS */;
/*!40000 ALTER TABLE `system_settings` ENABLE KEYS */;
UNLOCK TABLES;

--
-- Table structure for table `transaction_amazon`
--

DROP TABLE IF EXISTS `transaction_amazon`;
/*!40101 SET @saved_cs_client     = @@character_set_client */;
/*!50503 SET character_set_client = utf8mb4 */;
CREATE TABLE `transaction_amazon` (
  `id` bigint unsigned NOT NULL AUTO_INCREMENT,
  `order_id` char(36) COLLATE utf8mb4_unicode_ci NOT NULL,
  `request_id` varchar(255) COLLATE utf8mb4_unicode_ci NOT NULL,
  `checkout_session_id` varchar(255) COLLATE utf8mb4_unicode_ci NOT NULL,
  `charge_id` varchar(255) COLLATE utf8mb4_unicode_ci NOT NULL,
  `product_type` varchar(255) COLLATE utf8mb4_unicode_ci DEFAULT NULL,
  `merchant_reference_id` varchar(255) COLLATE utf8mb4_unicode_ci DEFAULT NULL,
  `merchant_store_name` varchar(255) COLLATE utf8mb4_unicode_ci DEFAULT NULL,
  `buyer_name` varchar(255) COLLATE utf8mb4_unicode_ci DEFAULT NULL,
  `buyer_email` varchar(255) COLLATE utf8mb4_unicode_ci DEFAULT NULL,
  `buyer_id` varchar(255) COLLATE utf8mb4_unicode_ci DEFAULT NULL,
  `state` varchar(255) COLLATE utf8mb4_unicode_ci NOT NULL,
  `reason_code` varchar(255) COLLATE utf8mb4_unicode_ci DEFAULT NULL,
  `reason_description` varchar(255) COLLATE utf8mb4_unicode_ci DEFAULT NULL,
  `amazon_last_updated_timestamp` datetime NOT NULL,
  `deleted_at` timestamp NULL DEFAULT NULL,
  `created_at` timestamp NULL DEFAULT NULL,
  `updated_at` timestamp NULL DEFAULT NULL,
  PRIMARY KEY (`id`),
  KEY `transaction_amazon_order_id_foreign` (`order_id`),
  CONSTRAINT `transaction_amazon_order_id_foreign` FOREIGN KEY (`order_id`) REFERENCES `orders` (`id`)
) ENGINE=InnoDB DEFAULT CHARSET=utf8mb4 COLLATE=utf8mb4_unicode_ci;
/*!40101 SET character_set_client = @saved_cs_client */;

--
-- Dumping data for table `transaction_amazon`
--

LOCK TABLES `transaction_amazon` WRITE;
/*!40000 ALTER TABLE `transaction_amazon` DISABLE KEYS */;
/*!40000 ALTER TABLE `transaction_amazon` ENABLE KEYS */;
UNLOCK TABLES;

--
-- Table structure for table `transaction_paypal`
--

DROP TABLE IF EXISTS `transaction_paypal`;
/*!40101 SET @saved_cs_client     = @@character_set_client */;
/*!50503 SET character_set_client = utf8mb4 */;
CREATE TABLE `transaction_paypal` (
  `id` bigint unsigned NOT NULL AUTO_INCREMENT,
  `order_id` char(36) COLLATE utf8mb4_unicode_ci NOT NULL,
  `status_code` int NOT NULL,
  `transaction_id` varchar(255) COLLATE utf8mb4_unicode_ci NOT NULL,
  `intent` varchar(255) COLLATE utf8mb4_unicode_ci NOT NULL,
  `status` varchar(255) COLLATE utf8mb4_unicode_ci NOT NULL,
  `reference_id` varchar(255) COLLATE utf8mb4_unicode_ci NOT NULL,
  `charge_amount` decimal(10,2) NOT NULL,
  `currency_code` varchar(255) COLLATE utf8mb4_unicode_ci NOT NULL,
  `merchant_id` varchar(255) COLLATE utf8mb4_unicode_ci NOT NULL,
  `merchant_email` varchar(255) COLLATE utf8mb4_unicode_ci NOT NULL,
  `soft_descriptor` varchar(255) COLLATE utf8mb4_unicode_ci DEFAULT NULL,
  `payer_firstname` varchar(255) COLLATE utf8mb4_unicode_ci NOT NULL,
  `payer_surname` varchar(255) COLLATE utf8mb4_unicode_ci NOT NULL,
  `payer_email` varchar(255) COLLATE utf8mb4_unicode_ci NOT NULL,
  `payer_id` varchar(255) COLLATE utf8mb4_unicode_ci NOT NULL,
  `deleted_at` timestamp NULL DEFAULT NULL,
  `created_at` timestamp NULL DEFAULT NULL,
  `updated_at` timestamp NULL DEFAULT NULL,
  PRIMARY KEY (`id`),
  KEY `transaction_paypal_order_id_foreign` (`order_id`),
  CONSTRAINT `transaction_paypal_order_id_foreign` FOREIGN KEY (`order_id`) REFERENCES `orders` (`id`)
) ENGINE=InnoDB DEFAULT CHARSET=utf8mb4 COLLATE=utf8mb4_unicode_ci;
/*!40101 SET character_set_client = @saved_cs_client */;

--
-- Dumping data for table `transaction_paypal`
--

LOCK TABLES `transaction_paypal` WRITE;
/*!40000 ALTER TABLE `transaction_paypal` DISABLE KEYS */;
/*!40000 ALTER TABLE `transaction_paypal` ENABLE KEYS */;
UNLOCK TABLES;

--
-- Table structure for table `transaction_stripe`
--

DROP TABLE IF EXISTS `transaction_stripe`;
/*!40101 SET @saved_cs_client     = @@character_set_client */;
/*!50503 SET character_set_client = utf8mb4 */;
CREATE TABLE `transaction_stripe` (
  `id` bigint unsigned NOT NULL AUTO_INCREMENT,
  `order_id` char(36) COLLATE utf8mb4_unicode_ci NOT NULL,
  `payment_id` varchar(255) COLLATE utf8mb4_unicode_ci NOT NULL,
  `object` varchar(255) COLLATE utf8mb4_unicode_ci NOT NULL,
  `amount` bigint unsigned NOT NULL,
  `canceled_at` datetime DEFAULT NULL,
  `cancellation_reason` varchar(255) COLLATE utf8mb4_unicode_ci DEFAULT NULL,
  `capture_method` varchar(255) COLLATE utf8mb4_unicode_ci NOT NULL,
  `confirmation_method` varchar(255) COLLATE utf8mb4_unicode_ci NOT NULL,
  `created` datetime NOT NULL,
  `currency` varchar(255) COLLATE utf8mb4_unicode_ci NOT NULL,
  `description` varchar(255) COLLATE utf8mb4_unicode_ci DEFAULT NULL,
  `last_payment_error` varchar(255) COLLATE utf8mb4_unicode_ci DEFAULT NULL,
  `livemode` tinyint(1) NOT NULL,
  `next_action` varchar(255) COLLATE utf8mb4_unicode_ci DEFAULT NULL,
  `next_source_action` varchar(255) COLLATE utf8mb4_unicode_ci DEFAULT NULL,
  `payment_method` varchar(255) COLLATE utf8mb4_unicode_ci DEFAULT NULL,
  `payment_method_types` varchar(255) COLLATE utf8mb4_unicode_ci NOT NULL,
  `receipt_email` varchar(255) COLLATE utf8mb4_unicode_ci DEFAULT NULL,
  `setup_future_usage` varchar(255) COLLATE utf8mb4_unicode_ci DEFAULT NULL,
  `shipping` varchar(255) COLLATE utf8mb4_unicode_ci DEFAULT NULL,
  `source` varchar(255) COLLATE utf8mb4_unicode_ci DEFAULT NULL,
  `status` varchar(255) COLLATE utf8mb4_unicode_ci NOT NULL,
  `deleted_at` timestamp NULL DEFAULT NULL,
  `created_at` timestamp NULL DEFAULT NULL,
  `updated_at` timestamp NULL DEFAULT NULL,
  PRIMARY KEY (`id`),
  KEY `transaction_stripe_order_id_foreign` (`order_id`),
  CONSTRAINT `transaction_stripe_order_id_foreign` FOREIGN KEY (`order_id`) REFERENCES `orders` (`id`)
) ENGINE=InnoDB DEFAULT CHARSET=utf8mb4 COLLATE=utf8mb4_unicode_ci;
/*!40101 SET character_set_client = @saved_cs_client */;

--
-- Dumping data for table `transaction_stripe`
--

LOCK TABLES `transaction_stripe` WRITE;
/*!40000 ALTER TABLE `transaction_stripe` DISABLE KEYS */;
/*!40000 ALTER TABLE `transaction_stripe` ENABLE KEYS */;
UNLOCK TABLES;

--
-- Table structure for table `users`
--

DROP TABLE IF EXISTS `users`;
/*!40101 SET @saved_cs_client     = @@character_set_client */;
/*!50503 SET character_set_client = utf8mb4 */;
CREATE TABLE `users` (
  `id` char(36) COLLATE utf8mb4_unicode_ci NOT NULL,
  `first_name` varchar(100) COLLATE utf8mb4_unicode_ci NOT NULL,
  `last_name` varchar(100) COLLATE utf8mb4_unicode_ci NOT NULL,
  `email` varchar(150) COLLATE utf8mb4_unicode_ci NOT NULL,
  `password` varchar(255) COLLATE utf8mb4_unicode_ci DEFAULT NULL,
  `name` varchar(100) COLLATE utf8mb4_unicode_ci DEFAULT NULL,
  `initials` varchar(5) COLLATE utf8mb4_unicode_ci DEFAULT NULL,
  `prefix` varchar(5) COLLATE utf8mb4_unicode_ci DEFAULT NULL,
  `phone` varchar(50) COLLATE utf8mb4_unicode_ci DEFAULT NULL,
  `avatar` json DEFAULT NULL,
  `email_verified_at` timestamp NULL DEFAULT NULL,
  `client_ref` varchar(12) COLLATE utf8mb4_unicode_ci DEFAULT NULL,
  `temporary` tinyint(1) NOT NULL DEFAULT '0',
  `is_favorite` tinyint(1) NOT NULL DEFAULT '0',
  `slug` varchar(255) COLLATE utf8mb4_unicode_ci NOT NULL,
  `last_seen` timestamp NULL DEFAULT NULL,
  `remember_token` varchar(100) COLLATE utf8mb4_unicode_ci DEFAULT NULL,
  `deleted_at` timestamp NULL DEFAULT NULL,
  `created_at` timestamp NULL DEFAULT NULL,
  `updated_at` timestamp NULL DEFAULT NULL,
  PRIMARY KEY (`id`),
  UNIQUE KEY `users_email_unique` (`email`),
  KEY `users_client_ref_index` (`client_ref`)
) ENGINE=InnoDB DEFAULT CHARSET=utf8mb4 COLLATE=utf8mb4_unicode_ci;
/*!40101 SET character_set_client = @saved_cs_client */;

--
-- Dumping data for table `users`
--

LOCK TABLES `users` WRITE;
/*!40000 ALTER TABLE `users` DISABLE KEYS */;
INSERT INTO `users` VALUES ('9c4273cc-031e-469f-8e0f-21cb0def84e2','Imogen','Edwards','superadmin@m.com','$2y$10$xzj4NQ5Hi0kLeOsDrJw.f.YblnSxb1C4N.Irs6Pw9UHgXqH9BCtXu','MR Imogen Edwards','IE','MR',NULL,'{\"url\": \"https://shoptopus.test/sample-store-data/avatars/avatar5.jpg\", \"file_name\": \"avatar5.jpg\"}','2023-10-25 09:00:25','C4B1RWC2',0,0,'imogen-edwards','2023-10-25 09:09:20',NULL,NULL,'2024-06-11 07:50:45','2024-06-11 07:50:45'),('9c4273cc-2c8a-4b80-a920-e8b90155ed2f','Rebecca','Price','admin@m.com','$2y$10$5ldS2bp9P5hj52CWL2VLn.ErwYZuSJiHRTkNKyITJqzdHuF0BokZ.','MRS Rebecca Price','RP','MRS',NULL,'{\"url\": \"https://shoptopus.test/sample-store-data/avatars/avatar4.jpg\", \"file_name\": \"avatar4.jpg\"}','2023-10-25 09:00:25','SOBJOMNB',0,0,'rebecca-price','2023-10-25 09:00:25',NULL,NULL,'2024-06-11 07:50:45','2024-06-11 07:50:45'),('9c4273cc-51cd-4120-b6fd-5e0c9ea51601','Emma','Morgan','storemanager@m.com','$2y$10$l.4snLnVr5Td.c3j61SVeeUEVdNF3UxRvw9o6E/3PLi3q29g1Is1u','Miss Emma Morgan','EM','Miss',NULL,'{\"url\": \"https://shoptopus.test/sample-store-data/avatars/avatar11.jpg\", \"file_name\": \"avatar11.jpg\"}','2023-10-25 09:00:25','U4PMZDTO',0,0,'emma-morgan','2023-10-25 09:00:25',NULL,NULL,'2024-06-11 07:50:45','2024-06-11 07:50:45'),('9c4273cc-69c7-4d94-8ec1-095fd95b9712','Laura','Harrison','storeassistant@m.com','$2y$10$96EPH45izpukiWKOEzmwuu1/jgMHb1yMaNRsA7IFPFQ28P7S2JX/i','Laura Harrison','LH','',NULL,'{\"url\": \"https://shoptopus.test/sample-store-data/avatars/avatar13.jpg\", \"file_name\": \"avatar13.jpg\"}','2023-10-25 09:00:25','EX1XNMCA',0,0,'laura-harrison','2023-10-25 09:00:25',NULL,NULL,'2024-06-11 07:50:45','2024-06-11 07:50:45'),('9c4273cc-8176-4f3b-84b3-117201f8b0a7','Darren','Hall','customer1@m.com','$2y$10$gEGebbKLPBjFVRMdFnSh/erkN2o40IcGtNdmtc7A1Pl584TJRNCjy','MR Darren Hall','DH','MR',NULL,'{\"url\": \"https://shoptopus.test/sample-store-data/avatars/avatar14.jpg\", \"file_name\": \"avatar14.jpg\"}','2023-10-25 09:00:25','C2LPGZQK',0,0,'darren-hall','2023-10-25 09:00:25',NULL,NULL,'2024-06-11 07:50:45','2024-06-11 07:50:45'),('9c4273cc-9924-4a2c-a0a1-af3018b37ab3','Alice','Cooper','customer2@m.com','$2y$10$JWcwQatczlTKMryfoc/mx.3a7RkfUoU0ma/kDvLKAyJMsgejKnoee','Alice Cooper','AC',NULL,NULL,'{\"url\": \"https://shoptopus.test/sample-store-data/avatars/avatar9.jpg\", \"file_name\": \"avatar9.jpg\"}',NULL,'5COT4F76',0,0,'alice-cooper','2023-10-25 09:00:26',NULL,NULL,'2024-06-11 07:50:45','2024-06-11 07:50:45'),('9c4273cc-b0bf-45f5-8d37-6a087c046ac0','Jackson','Khan','customer3@m.com','$2y$10$nzcgTtRnOVHDvBJ/tadZ..H.VLLWMG4vTZQXvWCA9dMkPBjZ5dGni','Jackson Khan','JK',NULL,NULL,'{\"url\": \"https://shoptopus.test/sample-store-data/avatars/avatar7.jpg\", \"file_name\": \"avatar7.jpg\"}',NULL,'896OC3JP',0,0,'jackson-khan','2023-10-25 09:00:26',NULL,NULL,'2024-06-11 07:50:45','2024-06-11 07:50:45'),('9c4273cc-c85e-444d-b2ec-3fb805b3a1fc','Eleanor','Holmes','customer4@m.com','$2y$10$fb.4ulg6i9S7cJXqPY9CZ.HqZypk47ZUFt81It54TCZL7gDg.PVEG','Eleanor Holmes','EH',NULL,NULL,'{\"url\": \"https://shoptopus.test/sample-store-data/avatars/avatar15.jpg\", \"file_name\": \"avatar15.jpg\"}',NULL,'CGKDG0YT',0,0,'eleanor-holmes','2023-10-25 09:00:26',NULL,NULL,'2024-06-11 07:50:45','2024-06-11 07:50:45'),('9c4273cc-e01a-452f-96b4-410e2743b7f7','Ian','Cox','customer5@m.com','$2y$10$1JaSKwuyZ62CA2wjRFAzHeWb2xCzn7HJIjaSUjjjq5yW6NcQtSyBq','Ian Cox','IC',NULL,NULL,'{\"url\": \"https://shoptopus.test/sample-store-data/avatars/avatar10.jpg\", \"file_name\": \"avatar10.jpg\"}',NULL,'NWO5JMO8',0,0,'ian-cox','2023-10-25 09:00:26',NULL,NULL,'2024-06-11 07:50:45','2024-06-11 07:50:45'),('9c4273cc-f778-4b5e-9bdc-f90847d1103a','Florence','Cox','customer6@m.com','$2y$10$SjDQygpeyqQVGgM8sT50muXw8bCAhX/PPdM9RCX9CZdXWzLmfRT4K','Florence Cox','FC',NULL,NULL,'{\"url\": \"https://shoptopus.test/sample-store-data/avatars/avatar13.jpg\", \"file_name\": \"avatar13.jpg\"}',NULL,'TA0E7Q5W',0,0,'florence-cox','2023-10-25 09:00:26',NULL,NULL,'2024-06-11 07:50:45','2024-06-11 07:50:45'),('9c4273cd-0f44-482c-ae6d-5233a56cbcad','Samuel','Murphy','customer7@m.com','$2y$10$lxby2PExwZW5Rj/IIMjRVOHKaywuw5wSdm5Fy0Bu8uth8zceZVh8C','Samuel Murphy','SM',NULL,NULL,'{\"url\": \"https://shoptopus.test/sample-store-data/avatars/avatar16.jpg\", \"file_name\": \"avatar16.jpg\"}',NULL,'G1V2MBMO',0,0,'samuel-murphy','2023-10-25 09:00:26',NULL,NULL,'2024-06-11 07:50:45','2024-06-11 07:50:45'),('9c4273cd-273c-46ff-ad58-87a942505d79','Jodie','Johnson','customer8@m.com','$2y$10$3XDoe3o9nx04fzyyPFCQreL8ZMVt0jfzYMzuYlu1SL36OQvBZHrDS','Jodie Johnson','JJ',NULL,NULL,'{\"url\": \"https://shoptopus.test/sample-store-data/avatars/avatar4.jpg\", \"file_name\": \"avatar4.jpg\"}',NULL,'0E1DCYTA',0,0,'jodie-johnson','2023-10-25 09:00:26',NULL,NULL,'2024-06-11 07:50:45','2024-06-11 07:50:45'),('9c4273cd-3f08-426c-af71-a317e6c7ce0d','Jordan','Adams','customer9@m.com','$2y$10$bK4SoJhRDcxDs89r7XW7yudZTUGSShF9s.zrcyHVdo3xP6SxgQ5Qa','Jordan Adams','JA',NULL,NULL,'{\"url\": \"https://shoptopus.test/sample-store-data/avatars/avatar8.jpg\", \"file_name\": \"avatar8.jpg\"}',NULL,'MI3WCYGS',0,0,'jordan-adams','2023-10-25 09:00:26',NULL,NULL,'2024-06-11 07:50:45','2024-06-11 07:50:46'),('9c4273cd-5665-41d5-a1bf-ebfd8979aee4','Gavin','Holmes','customer10@m.com','$2y$10$1BEtjA3KTFAgGePn3fCNyOoXeXZEC7LNqD2pcZfWd.IAXc3qq8u4W','Gavin Holmes','GH',NULL,NULL,'{\"url\": \"https://shoptopus.test/sample-store-data/avatars/avatar12.jpg\", \"file_name\": \"avatar12.jpg\"}',NULL,'KFAFOL20',0,0,'gavin-holmes','2023-10-25 09:00:26',NULL,NULL,'2024-06-11 07:50:46','2024-06-11 07:50:46'),('9c4273cd-6df9-4eae-ad34-b56f8bf11835','Lucy','Martin','customer11@m.com','$2y$10$t.uj5Ma3zB/3qLZjS/iS7.FgTqBDiI21yg5BCbcgSr52NqT196ggS','Lucy Martin','LM',NULL,NULL,'{\"url\": \"https://shoptopus.test/sample-store-data/avatars/avatar3.jpg\", \"file_name\": \"avatar3.jpg\"}',NULL,'0OSCURD8',0,0,'lucy-martin','2023-10-25 09:00:26',NULL,NULL,'2024-06-11 07:50:46','2024-06-11 07:50:46'),('9c4273cd-863c-4957-be1b-84e09c21166e','Ashley','Shaw','customer12@m.com','$2y$10$JHWJG.5TvvAqJJJvK17Xve5aGP2xcSjPgZi.reHUQrQ7MNDlU5bzi','Ashley Shaw','AS',NULL,NULL,'{\"url\": \"https://shoptopus.test/sample-store-data/avatars/avatar2.jpg\", \"file_name\": \"avatar2.jpg\"}',NULL,'521BKNJG',0,0,'ashley-shaw','2023-10-25 09:00:26',NULL,NULL,'2024-06-11 07:50:46','2024-06-11 07:50:46'),('9c4273cd-9dd5-4ccc-b903-ba99e778c019','Tiffany','Roberts','customer13@m.com','$2y$10$MJEGDJgxyW.LrTSOoJ8sc.Y40TEF/rdhsEaAEUDEZ6Z6ysD/d2x4.','Tiffany Roberts','TR',NULL,NULL,'{\"url\": \"https://shoptopus.test/sample-store-data/avatars/avatar1.jpg\", \"file_name\": \"avatar1.jpg\"}',NULL,'XTVC9FSA',0,0,'tiffany-roberts','2023-10-25 09:00:26',NULL,NULL,'2024-06-11 07:50:46','2024-06-11 07:50:46'),('9c4273cd-b5a1-407e-8d09-82bacc21a966','Rosie','Cook','customer14@m.com','$2y$10$a632sFJdKg1jkyadjCypFO/nqsseTdJXPRElD7TZFtdNac.77wQQu','Rosie Cook','RC',NULL,NULL,'{\"url\": \"https://shoptopus.test/sample-store-data/avatars/avatar11.jpg\", \"file_name\": \"avatar11.jpg\"}',NULL,'2L7R74SZ',0,0,'rosie-cook','2023-10-25 09:00:26',NULL,NULL,'2024-06-11 07:50:46','2024-06-11 07:50:46'),('9c4273cd-cdef-4842-958c-51898c7081c6','Charles','Shaw','customer15@m.com','$2y$10$maDj6nws1A5iDFqAVI/CfOn4en00QGGlFOwAguYRbAEa1xBuJ5zTW','Charles Shaw','CS',NULL,NULL,'{\"url\": \"https://shoptopus.test/sample-store-data/avatars/avatar14.jpg\", \"file_name\": \"avatar14.jpg\"}',NULL,'LWLSHSLV',0,0,'charles-shaw','2023-10-25 09:00:26',NULL,NULL,'2024-06-11 07:50:46','2024-06-11 07:50:46'),('9c4273cd-e561-45a5-ab4f-92986f88c791','Rosie','Thomas','customer16@m.com','$2y$10$kU397StLK1H9BAJRF6py/OYXUH95yQ9s8cxQ6/BHqNWn29tObpnUi','Rosie Thomas','RT',NULL,NULL,'{\"url\": \"https://shoptopus.test/sample-store-data/avatars/avatar15.jpg\", \"file_name\": \"avatar15.jpg\"}',NULL,'KH28LMVM',0,0,'rosie-thomas','2023-10-25 09:00:26',NULL,NULL,'2024-06-11 07:50:46','2024-06-11 07:50:46'),('9c4273cd-fd90-42a8-99d2-54147d0e9353','Roland','Treiber','rolandtreiber@gmail.com','$2y$10$sVJhmZE5cAAHIOFIK4kc9.8zuMovxEuXfDd0JeKkXn3.CggT5KT4G','MR Roland Treiber','RT','MR',NULL,'{\"url\": \"https://shoptopus.test/sample-store-data/avatars/avatar16.jpg\", \"file_name\": \"avatar16.jpg\"}',NULL,'454T2181',0,0,'charlotte-lewis','2024-06-11 07:53:06',NULL,NULL,'2024-06-11 07:50:46','2024-06-11 07:50:46');
/*!40000 ALTER TABLE `users` ENABLE KEYS */;
UNLOCK TABLES;

--
-- Table structure for table `voucher_codes`
--

DROP TABLE IF EXISTS `voucher_codes`;
/*!40101 SET @saved_cs_client     = @@character_set_client */;
/*!50503 SET character_set_client = utf8mb4 */;
CREATE TABLE `voucher_codes` (
  `id` char(36) COLLATE utf8mb4_unicode_ci NOT NULL,
  `amount` decimal(8,2) NOT NULL,
  `code` varchar(100) COLLATE utf8mb4_unicode_ci NOT NULL,
  `valid_from` timestamp NULL DEFAULT NULL,
  `valid_until` timestamp NULL DEFAULT NULL,
  `type` int unsigned NOT NULL DEFAULT '1',
  `enabled` tinyint(1) NOT NULL DEFAULT '1',
  `slug` varchar(255) COLLATE utf8mb4_unicode_ci NOT NULL,
  `deleted_at` timestamp NULL DEFAULT NULL,
  `created_at` timestamp NULL DEFAULT NULL,
  `updated_at` timestamp NULL DEFAULT NULL,
  PRIMARY KEY (`id`)
) ENGINE=InnoDB DEFAULT CHARSET=utf8mb4 COLLATE=utf8mb4_unicode_ci;
/*!40101 SET character_set_client = @saved_cs_client */;

--
-- Dumping data for table `voucher_codes`
--

LOCK TABLES `voucher_codes` WRITE;
/*!40000 ALTER TABLE `voucher_codes` DISABLE KEYS */;
INSERT INTO `voucher_codes` VALUES ('9c4273eb-fd8e-47f4-a83d-9386a32ee3e1',2.00,'JS8WQPFZWW','2023-10-12 08:00:00','2024-10-12 08:00:00',2,1,'2-off-1',NULL,'2024-06-11 07:51:06','2024-06-11 07:51:06'),('9c4273ec-0084-4850-9960-477f0c0530f4',5.00,'MZG5XI3LX8','2023-10-12 08:00:00','2024-10-12 08:00:00',1,1,'5%-off-1',NULL,'2024-06-11 07:51:06','2024-06-11 07:51:06'),('9c4273ec-02c0-4077-bb1b-b9646711b4c9',7.50,'AAFVNA3QRE','2023-10-12 08:00:00','2024-10-12 08:00:00',1,1,'7.5%-off-1',NULL,'2024-06-11 07:51:06','2024-06-11 07:51:06'),('9c4273ec-0482-4cba-9fed-59f608d31bc5',10.00,'HT4IO0IUWY','2023-10-12 08:00:00','2024-10-12 08:00:00',1,1,'10%-off-1',NULL,'2024-06-11 07:51:06','2024-06-11 07:51:06');
/*!40000 ALTER TABLE `voucher_codes` ENABLE KEYS */;
UNLOCK TABLES;
/*!40103 SET TIME_ZONE=@OLD_TIME_ZONE */;

/*!40101 SET SQL_MODE=@OLD_SQL_MODE */;
/*!40014 SET FOREIGN_KEY_CHECKS=@OLD_FOREIGN_KEY_CHECKS */;
/*!40014 SET UNIQUE_CHECKS=@OLD_UNIQUE_CHECKS */;
/*!40101 SET CHARACTER_SET_CLIENT=@OLD_CHARACTER_SET_CLIENT */;
/*!40101 SET CHARACTER_SET_RESULTS=@OLD_CHARACTER_SET_RESULTS */;
/*!40101 SET COLLATION_CONNECTION=@OLD_COLLATION_CONNECTION */;
/*!40111 SET SQL_NOTES=@OLD_SQL_NOTES */;

-- Dump completed on 2024-06-11  7:53:32
